lambda,K,N,M,scenario,file,sum,total_iters,cost_initial,cost_final,cost_change_pct,ddtheta_initial,dtheta,dtheta_change_pct,final_lambda,fake_dSx,fake_dSy,fake_dOx,fake_dOy,fake_dOz,fake_dDx,fake_dDy,fake_dDz,fake_alpha,fake_offset_x,fake_offset_z,hat_dSx,hat_dSy,hat_dOx,hat_dOy,hat_dOz,hat_dDx,hat_dDy,hat_dDz,hat_alpha,hat_offset_x,hat_offset_z,diff_dSx,diff_dSy,diff_dOx,diff_dOy,diff_dOz,diff_dDx,diff_dDy,diff_dDz,diff_alpha,diff_offset_x,diff_offset_z
LM_normal,1,3,6,G0,run00_u0065007.log,269.31099686,52,11632.342097,0.112023,99.99903696951941,83.1925,1.310713e-06,99.99999842448176,1000000.0,0.0,0.0,-10.0,5.0,-19.0,0.0,0.0,0.0,10.0,0.0,0.0,0.0,0.0,-10.23288167,5.82342341,210.93872699,0.0,0.0,0.0,32.34697688,9.03181931,6.9371686,0.0,0.0,-0.23288167,0.82342341,229.93872699,0.0,0.0,0.0,22.34697688,9.03181931,6.9371686
LM_normal,1,3,6,G1,run01_u0065009.log,40.57406871,26,7954.291795,0.004407,99.99994459594751,26.32975,3.955169e-07,99.99999849783268,387600.0,0.0,0.0,-6.0,-6.0,-12.0,0.0,0.0,0.0,5.0,0.0,0.0,0.0,0.0,-5.7377914,-5.95494741,-37.78798703,0.0,0.0,0.0,15.11577988,3.02305733,-1.33998328,0.0,0.0,0.2622086,0.04505259,-25.78798703,0.0,0.0,0.0,10.11577988,3.02305733,-1.33998328
LM_normal,1,3,6,G2,run02_u0065014.log,252.01551687999998,50,42402.301458,0.87211,99.99794324843226,215.6833,3.569559e-06,99.99999834499982,1000000.0,0.0,0.0,-15.0,-12.0,-22.0,0.0,0.0,0.0,15.0,0.0,0.0,0.0,0.0,-18.15611115,-12.71652313,-219.56032838,0.0,0.0,0.0,-22.90969355,-11.94747158,-0.72538909,0.0,0.0,-3.15611115,-0.71652313,-197.56032838,0.0,0.0,0.0,-37.90969355,-11.94747158,-0.72538909
LM_normal,1,3,6,G3,run03_u0065022.log,152.60072693,53,57380.864707,158.886203,99.72310245965913,70.37522,6.093444e-05,99.99991341492077,1000000.0,0.0,0.0,-18.0,-8.0,-25.0,0.0,0.0,0.0,25.0,0.0,0.0,0.0,0.0,-17.6859293,-9.33213803,14.76739498,0.0,0.0,0.0,-52.76846385,-19.26661028,14.15204909,0.0,0.0,0.3140707,-1.33213803,39.76739498,0.0,0.0,0.0,-77.76846385,-19.26661028,14.15204909
LM_normal,1,3,6,G4,run04_u0065031.log,12.49297606,50,5043.194739,0.070612,99.99859985577288,8.916615,1.427336e-06,99.9999839924007,1000000.0,0.0,0.0,-7.0,-2.0,-8.0,0.0,0.0,0.0,3.0,0.0,0.0,0.0,0.0,-6.96667556,-2.04939279,-11.7298104,0.0,0.0,0.0,-3.1503069,-1.9016741,0.62846743,0.0,0.0,0.03332444,-0.04939279,-3.7298104,0.0,0.0,0.0,-6.1503069,-1.9016741,0.62846743
LM_normal,1,5,10,G0,run05_u0065034.log,37.986785239999996,40,19380.146692,0.150344,99.99922423703808,13.94854,1.423377e-06,99.99998979551265,1000000.0,0.0,0.0,-10.0,5.0,-19.0,0.0,0.0,0.0,10.0,0.0,0.0,0.0,0.0,-10.03594918,5.12462835,13.98409357,0.0,0.0,0.0,12.83827017,1.13078449,0.87305948,0.0,0.0,-0.03594918,0.12462835,32.98409357,0.0,0.0,0.0,2.83827017,1.13078449,0.87305948
LM_normal,1,5,10,G1,run06_u0065046.log,69.7739297,35,13249.230354,13.5967,99.89737743524178,33.33412,1.095843e-05,99.99996712548582,1000000.0,0.0,0.0,-6.0,-6.0,-12.0,0.0,0.0,0.0,5.0,0.0,0.0,0.0,0.0,-5.76113653,-5.99229705,-0.82014899,0.0,0.0,0.0,-35.3756922,-10.21207488,7.75974519,0.0,0.0,0.23886347,0.00770295,11.17985101,0.0,0.0,0.0,-40.3756922,-10.21207488,7.75974519
LM_normal,1,5,10,G2,run07_u0065064.log,90.09543057,35,70568.086051,0.716564,99.99898457781683,72.28195,2.360104e-06,99.99999673486396,1000000.0,0.0,0.0,-15.0,-12.0,-22.0,0.0,0.0,0.0,15.0,0.0,0.0,0.0,0.0,-13.56140558,-11.70979507,59.79455296,0.0,0.0,0.0,17.7580237,1.30132164,2.51273292,0.0,0.0,1.43859442,0.29020493,81.79455296,0.0,0.0,0.0,2.7580237,1.30132164,2.51273292
LM_normal,1,5,10,G3,run08_u0065065.log,65.11985779,38,95258.478279,28.140855,99.97045842479493,20.97196,9.7477e-06,99.99995352031952,1000000.0,0.0,0.0,-18.0,-8.0,-25.0,0.0,0.0,0.0,25.0,0.0,0.0,0.0,0.0,-18.07523299,-9.06413607,9.02782739,0.0,0.0,0.0,3.80971662,-6.76154792,2.00083004,0.0,0.0,-0.07523299,-1.06413607,34.02782739,0.0,0.0,0.0,-21.19028338,-6.76154792,2.00083004
LM_normal,1,5,10,G4,run09_u0065078.log,34.07906275,43,8399.682316,2.958181,99.96478222760443,11.63185,6.974151e-06,99.99994004263294,1000000.0,0.0,0.0,-7.0,-2.0,-8.0,0.0,0.0,0.0,3.0,0.0,0.0,0.0,0.0,-6.72197076,-1.86795907,3.93499358,0.0,0.0,0.0,-11.99879396,-4.11472911,2.62047593,0.0,0.0,0.27802924,0.13204093,11.93499358,0.0,0.0,0.0,-14.99879396,-4.11472911,2.62047593
LM_normal,1,6,12,G0,run10_u0065083.log,138.37756953,38,23231.051148,7.239955,99.96883500899776,80.61035,7.87802e-06,99.99999022703659,1000000.0,0.0,0.0,-10.0,5.0,-19.0,0.0,0.0,0.0,10.0,0.0,0.0,0.0,0.0,-9.70033648,5.30242956,77.12181439,0.0,0.0,0.0,-17.57184399,-7.16443383,6.91738424,0.0,0.0,0.29966352,0.30242956,96.12181439,0.0,0.0,0.0,-27.57184399,-7.16443383,6.91738424
LM_normal,1,6,12,G1,run11_u0065085.log,27.07335303,33,15894.222794,0.79182,99.99501818987777,31.37067,3.850971e-06,99.9999877242947,1000000.0,0.0,0.0,-6.0,-6.0,-12.0,0.0,0.0,0.0,5.0,0.0,0.0,0.0,0.0,-5.87758109,-5.97497631,-27.13953225,0.0,0.0,0.0,13.29843869,2.47734326,-1.01059623,0.0,0.0,0.12241891,0.02502369,-15.13953225,0.0,0.0,0.0,8.29843869,2.47734326,-1.01059623
LM_normal,1,6,12,G2,run12_u0065092.log,52.24571154,38,84717.097252,0.718464,99.99915192561679,25.17223,4.256359e-06,99.99998309105312,1000000.0,0.0,0.0,-15.0,-12.0,-22.0,0.0,0.0,0.0,15.0,0.0,0.0,0.0,0.0,-14.19804404,-11.8612137,18.66563021,0.0,0.0,0.0,8.09816268,-1.93160083,1.80590092,0.0,0.0,0.80195596,0.1387863,40.66563021,0.0,0.0,0.0,-6.90183732,-1.93160083,1.80590092
LM_normal,1,6,12,G3,run13_u0065007.log,71.34289246,47,114338.911041,165.138072,99.85557141440609,49.22965,8.699708e-05,99.9998232831637,1000000.0,0.0,0.0,-18.0,-8.0,-25.0,0.0,0.0,0.0,25.0,0.0,0.0,0.0,0.0,-17.57648999,-7.98774925,-21.81805004,0.0,0.0,0.0,-23.29764244,-14.08874215,5.33879715,0.0,0.0,0.42351001,0.01225075,3.18194996,0.0,0.0,0.0,-48.29764244,-14.08874215,5.33879715
LM_normal,1,6,12,G4,run14_u0065009.log,23.99113096,30,10091.403977,0.690105,99.99316145700269,9.183464,5.397814e-06,99.99994122246245,1000000.0,0.0,0.0,-7.0,-2.0,-8.0,0.0,0.0,0.0,3.0,0.0,0.0,0.0,0.0,-6.79849929,-1.82126524,6.24511629,0.0,0.0,0.0,-3.37707826,-1.73717767,1.25152327,0.0,0.0,0.20150071,0.17873476,14.24511629,0.0,0.0,0.0,-6.37707826,-1.73717767,1.25152327
LM_normal,1,9,18,G0,run15_u0065014.log,97.94733944,36,34875.795527,6.316877,99.98188750420013,48.3128,6.227849e-06,99.99998710931887,1000000.0,0.0,0.0,-10.0,5.0,-19.0,0.0,0.0,0.0,10.0,0.0,0.0,0.0,0.0,-9.79421852,5.22996632,46.86066136,0.0,0.0,0.0,-11.1635121,-5.78760627,4.69981191,0.0,0.0,0.20578148,0.22996632,65.86066136,0.0,0.0,0.0,-21.1635121,-5.78760627,4.69981191
LM_normal,1,9,18,G1,run16_u0065031.log,42.13359983,33,23832.861548,1.335651,99.99439575899305,19.51317,6.740403e-06,99.99996545716047,1000000.0,0.0,0.0,-6.0,-6.0,-12.0,0.0,0.0,0.0,5.0,0.0,0.0,0.0,0.0,-6.33783614,-6.05119432,17.48593942,0.0,0.0,0.0,-3.22440003,-2.21323683,1.82099309,0.0,0.0,-0.33783614,-0.05119432,29.48593942,0.0,0.0,0.0,-8.22440003,-2.21323683,1.82099309
LM_normal,1,9,18,G2,run17_u0065085.log,6.377126039999999,38,127068.638527,0.212955,99.99983240947377,33.70559,1.054452e-06,99.99999687158125,1000000.0,0.0,0.0,-15.0,-12.0,-22.0,0.0,0.0,0.0,15.0,0.0,0.0,0.0,0.0,-14.92311104,-11.99990579,-19.45834081,0.0,0.0,0.0,12.3157233,-0.83246493,0.24174205,0.0,0.0,0.07688896,9.421e-05,2.54165919,0.0,0.0,0.0,-2.6842767,-0.83246493,0.24174205
LM_normal,1,9,18,G3,run18_u0065009.log,233.79286347,48,171582.813347,342.762318,99.80023505191815,117.8958,3.520324e-05,99.9999701403782,1000000.0,0.0,0.0,-18.0,-8.0,-25.0,0.0,0.0,0.0,25.0,0.0,0.0,0.0,0.0,-18.70488546,-12.32227709,109.84073604,0.0,0.0,0.0,-38.24778602,-17.21368544,13.46349342,0.0,0.0,-0.70488546,-4.32227709,134.84073604,0.0,0.0,0.0,-63.24778602,-17.21368544,13.46349342
LM_normal,1,9,18,G4,run19_u0065022.log,17.1102953,26,15139.372693,0.14303,99.9990552448711,9.697961,3.217391e-06,99.99996682404682,1000000.0,0.0,0.0,-7.0,-2.0,-8.0,0.0,0.0,0.0,3.0,0.0,0.0,0.0,0.0,-6.88655822,-1.82320723,6.84908279,0.0,0.0,0.0,4.14681866,0.50395646,0.32020284,0.0,0.0,0.11344178,0.17679277,14.84908279,0.0,0.0,0.0,1.14681866,0.50395646,0.32020284
LM_normal,1,10,20,G0,run20_u0065034.log,33.81672992,30,38759.653123,0.509154,99.99868638143282,11.66199,1.875417e-06,99.99998391855078,1000000.0,0.0,0.0,-10.0,5.0,-19.0,0.0,0.0,0.0,10.0,0.0,0.0,0.0,0.0,-9.93834236,5.09016359,6.64375892,0.0,0.0,0.0,4.69040998,-1.46557234,1.24598741,0.0,0.0,0.06165764,0.09016359,25.64375892,0.0,0.0,0.0,-5.30959002,-1.46557234,1.24598741
LM_normal,1,10,20,G1,run21_u0065046.log,16.77655077,35,26490.738156,0.318628,99.99879720980924,8.121485,1.822852e-06,99.99997755518851,1000000.0,0.0,0.0,-6.0,-6.0,-12.0,0.0,0.0,0.0,5.0,0.0,0.0,0.0,0.0,-6.11440972,-6.02213746,-1.27760408,0.0,0.0,0.0,0.94998332,-1.13445373,0.73313726,0.0,0.0,-0.11440972,-0.02213746,10.72239592,0.0,0.0,0.0,-4.05001668,-1.13445373,0.73313726
LM_normal,1,10,20,G2,run22_u0065064.log,57.337574790000005,43,141178.74987,0.84274,99.99940306880409,22.633,3.369499e-06,99.99998511245084,1000000.0,0.0,0.0,-15.0,-12.0,-22.0,0.0,0.0,0.0,15.0,0.0,0.0,0.0,0.0,-14.17525617,-11.82421008,26.81679228,0.0,0.0,0.0,19.42602875,1.68195115,1.41226886,0.0,0.0,0.82474383,0.17578992,48.81679228,0.0,0.0,0.0,4.42602875,1.68195115,1.41226886
LM_normal,1,10,20,G3,run23_u0065065.log,64.6638567,57,190638.562542,85.162426,99.9553278073101,28.16227,3.248536e-05,99.99988464935534,1000000.0,0.0,0.0,-18.0,-8.0,-25.0,0.0,0.0,0.0,25.0,0.0,0.0,0.0,0.0,-17.98587891,-8.83985514,1.52396275,0.0,0.0,0.0,-1.59462763,-8.41560473,2.27568536,0.0,0.0,0.01412109,-0.83985514,26.52396275,0.0,0.0,0.0,-26.59462763,-8.41560473,2.27568536
LM_normal,1,10,20,G4,run24_u0065078.log,26.86870298,28,16821.914829,2.310436,99.98626532102031,9.934855,6.050727e-06,99.9999390959707,1000000.0,0.0,0.0,-7.0,-2.0,-8.0,0.0,0.0,0.0,3.0,0.0,0.0,0.0,0.0,-6.78709984,-1.83112522,5.6194227,0.0,0.0,0.0,-5.86688673,-2.39867521,1.6019434,0.0,0.0,0.21290016,0.16887478,13.6194227,0.0,0.0,0.0,-8.86688673,-2.39867521,1.6019434
LM_normal,1,12,24,G0,run25_u0065083.log,24.35254567,38,46485.968098,1.560966,99.99664207057772,12.86011,3.644466e-06,99.99997166069342,1000000.0,0.0,0.0,-10.0,5.0,-19.0,0.0,0.0,0.0,10.0,0.0,0.0,0.0,0.0,-9.89903587,5.03518697,-7.54054685,0.0,0.0,0.0,1.0824678,-2.65356416,1.18584506,0.0,0.0,0.10096413,0.03518697,11.45945315,0.0,0.0,0.0,-8.9175322,-2.65356416,1.18584506
LM_normal,1,12,24,G1,run26_u0065092.log,6.12143256,41,31776.65383,0.124789,99.99960729345302,16.24748,2.422427e-06,99.99998509044481,1000000.0,0.0,0.0,-6.0,-6.0,-12.0,0.0,0.0,0.0,5.0,0.0,0.0,0.0,0.0,-5.93192688,-5.99467159,-15.60311993,0.0,0.0,0.0,3.19058343,-0.5884475,0.04704703,0.0,0.0,0.06807312,0.00532841,-3.60311993,0.0,0.0,0.0,-1.80941657,-0.5884475,0.04704703
LM_normal,1,12,24,G2,run27_u0065007.log,51.09879475,35,169448.222925,3.22912,99.99809433233098,20.16947,1.17698e-05,99.99994164546713,1000000.0,0.0,0.0,-15.0,-12.0,-22.0,0.0,0.0,0.0,15.0,0.0,0.0,0.0,0.0,-14.28174545,-11.88558664,12.55016586,0.0,0.0,0.0,4.36473135,-3.10507671,1.97561562,0.0,0.0,0.71825455,0.11441336,34.55016586,0.0,0.0,0.0,-10.63526865,-3.10507671,1.97561562
LM_normal,1,12,24,G3,run28_u0065014.log,40.92284894,48,228829.569229,56.622816,99.97525546362266,21.00203,2.987562e-05,99.9998577488938,1000000.0,0.0,0.0,-18.0,-8.0,-25.0,0.0,0.0,0.0,25.0,0.0,0.0,0.0,0.0,-17.92019938,-8.45039385,-11.77043609,0.0,0.0,0.0,5.2435692,-6.29204076,1.114619,0.0,0.0,0.07980062,-0.45039385,13.22956391,0.0,0.0,0.0,-19.7564308,-6.29204076,1.114619
LM_normal,1,12,24,G4,run29_u0065022.log,19.00982417,28,20176.544543,0.560398,99.99722252738171,7.554182,3.917356e-06,99.99994814321393,1000000.0,0.0,0.0,-7.0,-2.0,-8.0,0.0,0.0,0.0,3.0,0.0,0.0,0.0,0.0,-6.85421497,-1.8606984,3.37394465,0.0,0.0,0.0,-2.03465253,-1.34930462,0.96683574,0.0,0.0,0.14578503,0.1393016,11.37394465,0.0,0.0,0.0,-5.03465253,-1.34930462,0.96683574
LM_normal,1,15,30,G0,run30_u0065031.log,55.17004685,41,58158.100072,1.270112,99.99781610472415,28.09221,2.632243e-06,99.9999906299896,1000000.0,0.0,0.0,-10.0,5.0,-19.0,0.0,0.0,0.0,10.0,0.0,0.0,0.0,0.0,-9.94992032,5.15908183,26.15848482,0.0,0.0,0.0,3.77340254,-1.61585843,1.95994463,0.0,0.0,0.05007968,0.15908183,45.15848482,0.0,0.0,0.0,-6.22659746,-1.61585843,1.95994463
LM_normal,1,15,30,G1,run31_u0065085.log,23.76637671,30,39741.307157,0.194326,99.99951102262634,13.73036,1.906314e-06,99.99998611606686,1000000.0,0.0,0.0,-6.0,-6.0,-12.0,0.0,0.0,0.0,5.0,0.0,0.0,0.0,0.0,-6.31045219,-6.03666791,10.15723786,0.0,0.0,0.0,4.52203757,0.04676392,0.7372924,0.0,0.0,-0.31045219,-0.03666791,22.15723786,0.0,0.0,0.0,-0.47796243,0.04676392,0.7372924
LM_normal,1,15,30,G2,run32_u0065009.log,40.19584472,26,211779.725272,1.536183,99.99927463169668,22.64229,2.352472e-06,99.99998961027353,1000000.0,0.0,0.0,-15.0,-12.0,-22.0,0.0,0.0,0.0,15.0,0.0,0.0,0.0,0.0,-14.39055771,-11.89710475,8.53033064,0.0,0.0,0.0,9.12134995,-1.68754221,1.38698428,0.0,0.0,0.60944229,0.10289525,30.53033064,0.0,0.0,0.0,-5.87865005,-1.68754221,1.38698428
LM_normal,1,15,30,G3,run33_u0065034.log,50.66525079,28,286049.941474,204.343474,99.92856370711107,38.7454,8.368339e-05,99.99978401722525,1000000.0,0.0,0.0,-18.0,-8.0,-25.0,0.0,0.0,0.0,25.0,0.0,0.0,0.0,0.0,-17.66646722,-7.75130962,-30.18722518,0.0,0.0,0.0,-7.70125446,-10.06547052,2.12907747,0.0,0.0,0.33353278,0.24869038,-5.18722518,0.0,0.0,0.0,-32.70125446,-10.06547052,2.12907747
LM_normal,1,15,30,G4,run34_u0065046.log,23.98343388,30,25193.451844,0.663015,99.99736830425579,11.6775,5.722687e-06,99.99995099390281,1000000.0,0.0,0.0,-7.0,-2.0,-8.0,0.0,0.0,0.0,3.0,0.0,0.0,0.0,0.0,-6.79460028,-1.7775341,10.42049072,0.0,0.0,0.0,-0.37164095,-0.79397214,0.96946445,0.0,0.0,0.20539972,0.2224659,18.42049072,0.0,0.0,0.0,-3.37164095,-0.79397214,0.96946445
LM_normal,1,18,36,G0,run35_u0065064.log,37.71383873,33,69715.904002,5.122777,99.9926519248752,12.18255,4.445461e-06,99.99996350960186,1000000.0,0.0,0.0,-10.0,5.0,-19.0,0.0,0.0,0.0,10.0,0.0,0.0,0.0,0.0,-9.86193863,5.07465987,-0.31224632,0.0,0.0,0.0,-3.04312122,-3.84074945,1.92949314,0.0,0.0,0.13806137,0.07465987,18.68775368,0.0,0.0,0.0,-13.04312122,-3.84074945,1.92949314
LM_normal,1,18,36,G1,run36_u0065078.log,15.14754785,42,47655.194277,1.020574,99.99785842022996,10.55186,3.869337e-06,99.9999633302849,1000000.0,0.0,0.0,-6.0,-6.0,-12.0,0.0,0.0,0.0,5.0,0.0,0.0,0.0,0.0,-6.057111,-6.01221581,-4.36800644,0.0,0.0,0.0,-0.17613369,-1.51306714,0.75702665,0.0,0.0,-0.057111,-0.01221581,7.63199356,0.0,0.0,0.0,-5.17613369,-1.51306714,0.75702665
LM_normal,1,18,36,G2,run37_u0065083.log,20.47449477,26,254165.103891,0.145914,99.99994259086013,23.70709,2.792891e-06,99.9999882191741,1000000.0,0.0,0.0,-15.0,-12.0,-22.0,0.0,0.0,0.0,15.0,0.0,0.0,0.0,0.0,-14.66615628,-11.93141978,-3.0549131,0.0,0.0,0.0,15.32671961,0.20418891,0.59607541,0.0,0.0,0.33384372,0.06858022,18.9450869,0.0,0.0,0.0,0.32671961,0.20418891,0.59607541
LM_normal,1,18,36,G3,run38_u0065092.log,141.68278518,38,343228.133215,275.115104,99.91984482698926,62.3923,9.482048e-05,99.99984802534928,1000000.0,0.0,0.0,-18.0,-8.0,-25.0,0.0,0.0,0.0,25.0,0.0,0.0,0.0,0.0,-18.38586141,-10.71418025,59.40264737,0.0,0.0,0.0,-12.03260136,-11.4323724,5.71512239,0.0,0.0,-0.38586141,-2.71418025,84.40264737,0.0,0.0,0.0,-37.03260136,-11.4323724,5.71512239
LM_normal,1,18,36,G4,run39_u0065007.log,16.455319839999998,30,30274.056995,1.343817,99.99556115983985,6.569419,8.891899e-06,99.99986464710197,1000000.0,0.0,0.0,-7.0,-2.0,-8.0,0.0,0.0,0.0,3.0,0.0,0.0,0.0,0.0,-6.87123935,-1.90134503,0.36333552,0.0,0.0,0.0,-2.42224349,-1.51174215,0.93058306,0.0,0.0,0.12876065,0.09865497,8.36333552,0.0,0.0,0.0,-5.42224349,-1.51174215,0.93058306
LM_normal,1,24,48,G0,run40_u0065022.log,29.61287277,30,92987.042638,0.363915,99.99960863902145,14.78645,1.069005e-06,99.99999277037422,1000000.0,0.0,0.0,-10.0,5.0,-19.0,0.0,0.0,0.0,10.0,0.0,0.0,0.0,0.0,-9.98375491,5.10072161,7.73843368,0.0,0.0,0.0,8.48278582,-0.2889806,0.95127761,0.0,0.0,0.01624509,0.10072161,26.73843368,0.0,0.0,0.0,-1.51721418,-0.2889806,0.95127761
LM_normal,1,24,48,G1,run41_u0065065.log,17.19178987,26,63545.235273,0.724364,99.9988600813312,7.871596,6.36791e-06,99.99991910268261,1000000.0,0.0,0.0,-6.0,-6.0,-12.0,0.0,0.0,0.0,5.0,0.0,0.0,0.0,0.0,-6.12543699,-6.01871831,-0.4080358,0.0,0.0,0.0,1.29989975,-1.03675466,0.71881546,0.0,0.0,-0.12543699,-0.01871831,11.5919642,0.0,0.0,0.0,-3.70010025,-1.03675466,0.71881546
LM_normal,1,24,48,G2,run42_u0065085.log,37.02722319,28,338867.387978,12.005037,99.99645730529822,19.98964,2.007877e-05,99.99989955411903,1000000.0,0.0,0.0,-15.0,-12.0,-22.0,0.0,0.0,0.0,15.0,0.0,0.0,0.0,0.0,-14.57982494,-11.95252349,-6.67935476,0.0,0.0,0.0,0.11715106,-4.47554013,1.88053731,0.0,0.0,0.42017506,0.04747651,15.32064524,0.0,0.0,0.0,-14.88284894,-4.47554013,1.88053731
LM_normal,1,24,48,G3,run43_u0065009.log,37.86092927,82,457673.390419,64.856794,99.98582902232077,18.59796,4.14207e-05,99.99977728363756,1000000.0,0.0,0.0,-18.0,-8.0,-25.0,0.0,0.0,0.0,25.0,0.0,0.0,0.0,0.0,-17.98500292,-8.54390007,-8.17096907,0.0,0.0,0.0,10.15082523,-4.77272093,0.85110549,0.0,0.0,0.01499708,-0.54390007,16.82903093,0.0,0.0,0.0,-14.84917477,-4.77272093,0.85110549
LM_normal,1,24,48,G4,run44_u0065014.log,14.41143583,41,40360.743256,1.1142,99.99723939672533,6.818848,3.472729e-06,99.99994907161738,1000000.0,0.0,0.0,-7.0,-2.0,-8.0,0.0,0.0,0.0,3.0,0.0,0.0,0.0,0.0,-6.89081735,-1.90616002,-0.21585705,0.0,0.0,0.0,-1.42183746,-1.22490152,0.77753127,0.0,0.0,0.10918265,0.09383998,7.78414295,0.0,0.0,0.0,-4.42183746,-1.22490152,0.77753127
LM_normal,1,36,72,G0,run45_u0065031.log,24.86588186,28,139452.783307,4.35516,99.99687696444866,13.09476,1.498018e-05,99.99988560172162,1000000.0,0.0,0.0,-10.0,5.0,-19.0,0.0,0.0,0.0,10.0,0.0,0.0,0.0,0.0,-9.91237451,5.04290469,-6.27204727,0.0,0.0,0.0,1.64633302,-2.48824948,1.16548249,0.0,0.0,0.08762549,0.04290469,12.72795273,0.0,0.0,0.0,-8.35366698,-2.48824948,1.16548249
LM_normal,1,36,72,G1,run46_u0065034.log,8.45104193,28,95332.290184,0.841273,99.99911753614818,11.49954,3.603535e-06,99.9999686636596,1000000.0,0.0,0.0,-6.0,-6.0,-12.0,0.0,0.0,0.0,5.0,0.0,0.0,0.0,0.0,-6.02514706,-6.00574717,-7.86876108,0.0,0.0,0.0,2.00502594,-0.87955117,0.41438355,0.0,0.0,-0.02514706,-0.00574717,4.13123892,0.0,0.0,0.0,-2.99497406,-0.87955117,0.41438355
LM_normal,1,36,72,G2,run47_u0065046.log,24.10492353,35,508327.247699,2.816187,99.99944598936752,20.17089,4.206342e-06,99.99997914647297,1000000.0,0.0,0.0,-15.0,-12.0,-22.0,0.0,0.0,0.0,15.0,0.0,0.0,0.0,0.0,-14.65612579,-11.94158392,-6.14729968,0.0,0.0,0.0,9.63299623,-1.61001199,0.87291716,0.0,0.0,0.34387421,0.05841608,15.85270032,0.0,0.0,0.0,-5.36700377,-1.61001199,0.87291716
LM_normal,1,36,72,G3,run48_u0065083.log,63.8861988,31,686469.73032,223.929042,99.96737961892427,20.62608,4.388211e-05,99.99978724939494,1000000.0,0.0,0.0,-18.0,-8.0,-25.0,0.0,0.0,0.0,25.0,0.0,0.0,0.0,0.0,-18.04917645,-8.960339,5.96975501,0.0,0.0,0.0,2.32072513,-7.23478367,1.9928698,0.0,0.0,-0.04917645,-0.960339,30.96975501,0.0,0.0,0.0,-22.67927487,-7.23478367,1.9928698
LM_normal,1,36,72,G4,run49_u0065007.log,12.79966007,31,60516.499449,0.849191,99.9985967612011,6.076314,3.119967e-06,99.99994865362454,1000000.0,0.0,0.0,-7.0,-2.0,-8.0,0.0,0.0,0.0,3.0,0.0,0.0,0.0,0.0,-6.89692031,-1.8920105,0.48867941,0.0,0.0,0.0,0.22249689,-0.7323015,0.59010686,0.0,0.0,0.10307969,0.1079895,8.48867941,0.0,0.0,0.0,-2.77750311,-0.7323015,0.59010686
LM_normal,1,60,120,G0,run50_u0065064.log,28.15131515,36,232536.006833,4.120163,99.99822816128301,10.471,3.248092e-06,99.99996898011652,1000000.0,0.0,0.0,-10.0,5.0,-19.0,0.0,0.0,0.0,10.0,0.0,0.0,0.0,0.0,-9.93642752,5.06706356,-0.21692532,0.0,0.0,0.0,3.71218645,-1.81683172,1.13295916,0.0,0.0,0.06357248,0.06706356,18.78307468,0.0,0.0,0.0,-6.28781355,-1.81683172,1.13295916
LM_normal,1,60,120,G1,run51_u0065078.log,15.693242,40,158915.753912,1.37851,99.99913255296214,8.045963,4.690484e-06,99.99994170388305,1000000.0,0.0,0.0,-6.0,-6.0,-12.0,0.0,0.0,0.0,5.0,0.0,0.0,0.0,0.0,-6.12349371,-6.01899147,-1.11479947,0.0,0.0,0.0,1.84683352,-0.87157545,0.64081436,0.0,0.0,-0.12349371,-0.01899147,10.88520053,0.0,0.0,0.0,-3.15316648,-0.87157545,0.64081436
LM_normal,1,60,120,G2,run52_u0065092.log,39.33549055,30,847149.351588,13.599852,99.99839463348764,18.55497,1.295865e-05,99.99993016076016,1000000.0,0.0,0.0,-15.0,-12.0,-22.0,0.0,0.0,0.0,15.0,0.0,0.0,0.0,0.0,-14.45443809,-11.91339711,2.7258904,0.0,0.0,0.0,5.42101372,-2.83954114,1.55890793,0.0,0.0,0.54556191,0.08660289,24.7258904,0.0,0.0,0.0,-9.57898628,-2.83954114,1.55890793
LM_normal,1,60,120,G3,run53_u0065022.log,44.543356010000004,69,1144167.98112,258.009512,99.9774500321406,17.85333,4.296014e-05,99.99975937183707,1000000.0,0.0,0.0,-18.0,-8.0,-25.0,0.0,0.0,0.0,25.0,0.0,0.0,0.0,0.0,-17.96575258,-8.5778426,-7.10403908,0.0,0.0,0.0,6.16696154,-6.00937189,1.19289472,0.0,0.0,0.03424742,-0.5778426,17.89596092,0.0,0.0,0.0,-18.83303846,-6.00937189,1.19289472
LM_normal,1,60,120,G4,run54_u0065065.log,17.75664247,33,100887.993682,5.335383,99.99471157785453,7.204954,5.806059e-06,99.99991941573812,1000000.0,0.0,0.0,-7.0,-2.0,-8.0,0.0,0.0,0.0,3.0,0.0,0.0,0.0,0.0,-6.86210985,-1.88700372,1.23396829,0.0,0.0,0.0,-2.69577993,-1.57572847,1.00027935,0.0,0.0,0.13789015,0.11299628,9.23396829,0.0,0.0,0.0,-5.69577993,-1.57572847,1.00027935
LM_normal,1,90,180,G0,run55_u0065085.log,42.294628780000004,28,348697.894083,11.457568,99.99671418491639,14.09253,1.597769e-05,99.99988662298396,1000000.0,0.0,0.0,-10.0,5.0,-19.0,0.0,0.0,0.0,10.0,0.0,0.0,0.0,0.0,-9.9123451,5.10855685,10.83284966,0.0,0.0,0.0,1.75175514,-2.32615986,1.69116265,0.0,0.0,0.0876549,0.10855685,29.83284966,0.0,0.0,0.0,-8.24824486,-2.32615986,1.69116265
LM_normal,1,90,180,G1,run56_u0065014.log,18.945245919999998,31,238396.458722,2.463828,99.99896649974869,7.963919,8.437958e-06,99.99989404766674,1000000.0,0.0,0.0,-6.0,-6.0,-12.0,0.0,0.0,0.0,5.0,0.0,0.0,0.0,0.0,-6.16516555,-6.02401438,1.87698678,0.0,0.0,0.0,1.74296218,-0.87482129,0.7472201,0.0,0.0,-0.16516555,-0.02401438,13.87698678,0.0,0.0,0.0,-3.25703782,-0.87482129,0.7472201
LM_normal,1,90,180,G2,run57_u0065031.log,31.14843288,30,1270625.954458,8.729084,99.99931300915352,19.46286,1.597919e-05,99.9999178990652,1000000.0,0.0,0.0,-15.0,-12.0,-22.0,0.0,0.0,0.0,15.0,0.0,0.0,0.0,0.0,-14.55198014,-11.92161164,-0.31615513,0.0,0.0,0.0,8.95635253,-1.77640668,1.11812564,0.0,0.0,0.44801986,0.07838836,21.68384487,0.0,0.0,0.0,-6.04364747,-1.77640668,1.11812564
LM_normal,1,90,180,G3,run58_u0065034.log,30.69849006,172,1716286.492188,30.576036,99.99821847715174,19.96637,4.319329e-06,99.99997836697906,1000000.0,0.0,0.0,-18.0,-8.0,-25.0,0.0,0.0,0.0,25.0,0.0,0.0,0.0,0.0,-18.15455883,-8.73640655,-2.26219073,0.0,0.0,0.0,20.22723411,-1.57963073,0.71731879,0.0,0.0,-0.15455883,-0.73640655,22.73780927,0.0,0.0,0.0,-4.77276589,-1.57963073,0.71731879
LM_normal,1,90,180,G4,run59_u0065083.log,14.19827518,31,151312.335382,2.72102,99.99820171964623,6.157288,4.209029e-06,99.99993164151165,1000000.0,0.0,0.0,-7.0,-2.0,-8.0,0.0,0.0,0.0,3.0,0.0,0.0,0.0,0.0,-6.88675901,-1.88075483,1.64183901,0.0,0.0,0.0,0.07718812,-0.76156269,0.63957544,0.0,0.0,0.11324099,0.11924517,9.64183901,0.0,0.0,0.0,-2.92281188,-0.76156269,0.63957544
LM_normal,1,180,360,G0,run60_u0065007.log,34.29205908,47,697396.220416,17.788268,99.99744933117226,10.90847,1.900166e-05,99.99982580820225,1000000.0,0.0,0.0,-10.0,5.0,-19.0,0.0,0.0,0.0,10.0,0.0,0.0,0.0,0.0,-9.92686276,5.08646435,4.29258271,0.0,0.0,0.0,2.64814857,-2.10596438,1.38205897,0.0,0.0,0.07313724,0.08646435,23.29258271,0.0,0.0,0.0,-7.35185143,-2.10596438,1.38205897
LM_normal,1,180,360,G1,run61_u0065046.log,17.76104362,38,476699.526554,7.892389,99.99834436818996,7.69346,3.805619e-06,99.99995053436294,1000000.0,0.0,0.0,-6.0,-6.0,-12.0,0.0,0.0,0.0,5.0,0.0,0.0,0.0,0.0,-6.11107704,-6.01904591,-0.93184657,0.0,0.0,0.0,0.50311395,-1.27392532,0.79195587,0.0,0.0,-0.11107704,-0.01904591,11.06815343,0.0,0.0,0.0,-4.49688605,-1.27392532,0.79195587
LM_normal,1,180,360,G2,run62_u0065009.log,31.44772877,37,2541330.56516,43.57527,99.99828533640616,18.47359,1.930802e-05,99.99989548311942,1000000.0,0.0,0.0,-15.0,-12.0,-22.0,0.0,0.0,0.0,15.0,0.0,0.0,0.0,0.0,-14.59895002,-11.93800105,-5.3805272,0.0,0.0,0.0,4.98391828,-3.01564089,1.33348443,0.0,0.0,0.40104998,0.06199895,16.6194728,0.0,0.0,0.0,-10.01608172,-3.01564089,1.33348443
LM_normal,1,180,360,G3,run63_u0065092.log,28.869602829999998,187,3432491.702998,21.165327,99.99938338301062,18.44872,3.221822e-06,99.99998253633856,1000000.0,0.0,0.0,-18.0,-8.0,-25.0,0.0,0.0,0.0,25.0,0.0,0.0,0.0,0.0,-18.20199777,-8.79971806,-0.39729703,0.0,0.0,0.0,23.16212673,-0.64305457,0.78425619,0.0,0.0,-0.20199777,-0.79971806,24.60270297,0.0,0.0,0.0,-1.83787327,-0.64305457,0.78425619
LM_normal,1,180,360,G4,run64_u0065064.log,12.83829354,56,302595.455451,6.021912,99.99800991327149,6.068516,5.788928e-06,99.99990460718897,1000000.0,0.0,0.0,-7.0,-2.0,-8.0,0.0,0.0,0.0,3.0,0.0,0.0,0.0,0.0,-6.89836933,-1.90115276,-0.0445341,0.0,0.0,0.0,-0.19627317,-0.86211913,0.62395743,0.0,0.0,0.10163067,0.09884724,7.9554659,0.0,0.0,0.0,-3.19627317,-0.86211913,0.62395743
LM_normal,1,360,720,G0,run65_u0065065.log,35.13840772,28,1394755.220748,50.869546,99.99635279759177,9.965168,2.825989e-05,99.99971641331085,1000000.0,0.0,0.0,-10.0,5.0,-19.0,0.0,0.0,0.0,10.0,0.0,0.0,0.0,0.0,-9.90725641,5.0818516,2.9736855,0.0,0.0,0.0,1.10527102,-2.57908766,1.51631039,0.0,0.0,0.09274359,0.0818516,21.9736855,0.0,0.0,0.0,-8.89472898,-2.57908766,1.51631039
LM_normal,1,360,720,G1,run66_u0065078.log,17.2726495,30,953406.897646,15.514415,99.99837273937935,7.513587,3.368129e-06,99.99995517282225,1000000.0,0.0,0.0,-6.0,-6.0,-12.0,0.0,0.0,0.0,5.0,0.0,0.0,0.0,0.0,-6.10590657,-6.01792183,-1.27739245,0.0,0.0,0.0,0.59440316,-1.24940076,0.77121595,0.0,0.0,-0.10590657,-0.01792183,10.72260755,0.0,0.0,0.0,-4.40559684,-1.24940076,0.77121595
LM_normal,1,360,720,G2,run67_u0065080.log,40.2505082,45,5082706.263041,170.677552,99.99664199457598,17.34258,3.133569e-05,99.99981931356234,1000000.0,0.0,0.0,-15.0,-12.0,-22.0,0.0,0.0,0.0,15.0,0.0,0.0,0.0,0.0,-14.50522458,-11.92582026,-2.65581232,0.0,0.0,0.0,0.82165111,-4.24680448,1.91221199,0.0,0.0,0.49477542,0.07417974,19.34418768,0.0,0.0,0.0,-14.17834889,-4.24680448,1.91221199
LM_normal,1,360,720,G3,run68_u0065085.log,29.168953639999998,199,6865101.837917,37.320251,99.99945637731412,18.12992,0.04840165,99.73302888264261,1e-06,0.0,0.0,-18.0,-8.0,-25.0,0.0,0.0,0.0,25.0,0.0,0.0,0.0,0.0,-18.21643211,-8.83112552,0.5735289,0.0,0.0,0.0,23.73449351,-0.46123854,0.82112208,0.0,0.0,-0.21643211,-0.83112552,25.5735289,0.0,0.0,0.0,-1.26550649,-0.46123854,0.82112208
LM_normal,1,360,720,G4,run69_u0065083.log,12.34297554,28,605223.20743,11.044578,99.99817512318359,6.192763,1.030893e-05,99.99983353262509,1000000.0,0.0,0.0,-7.0,-2.0,-8.0,0.0,0.0,0.0,3.0,0.0,0.0,0.0,0.0,-6.90118075,-1.90518832,-0.3536076,0.0,0.0,0.0,-0.07391463,-0.82833723,0.60070035,0.0,0.0,0.09881925,0.09481168,7.6463924,0.0,0.0,0.0,-3.07391463,-0.82833723,0.60070035
LM_normal,2,3,15,G0,run70_u0065014.log,2.23284211,63,22232.120402,0.655773,99.99705033533401,14.20456,2.331465e-06,99.9999835865032,1000000.0,0.0,0.0,-10.0,5.0,-19.0,0.0,0.0,0.0,10.0,0.0,0.0,0.0,0.0,-10.01429685,4.99274309,-19.11313055,0.0,0.0,0.0,11.50261468,0.49049604,-0.10504708,0.0,0.0,-0.01429685,-0.00725691,-0.11313055,0.0,0.0,0.0,1.50261468,0.49049604,-0.10504708
LM_normal,2,3,15,G1,run71_u0065031.log,2.93081057,42,17629.303051,1.617458,99.99082517331898,8.691837,9.489198e-06,99.9998908263236,1000000.0,0.0,0.0,-6.0,-6.0,-12.0,0.0,0.0,0.0,5.0,0.0,0.0,0.0,0.0,-5.98130944,-6.03135624,-11.70943747,0.0,0.0,0.0,3.15056858,-0.59489481,0.14587501,0.0,0.0,0.01869056,-0.03135624,0.29056253,0.0,0.0,0.0,-1.84943142,-0.59489481,0.14587501
LM_normal,2,3,15,G2,run72_u0065031.log,0.34782220999999997,61,91641.047937,0.026792,99.9999707641929,28.5192,7.422017e-07,99.99999739753675,1000000.0,0.0,0.0,-15.0,-12.0,-22.0,0.0,0.0,0.0,15.0,0.0,0.0,0.0,0.0,-14.9984203,-12.00565447,-21.93486529,0.0,0.0,0.0,14.8018336,-0.06495215,0.01233478,0.0,0.0,0.0015797,-0.00565447,0.06513471,0.0,0.0,0.0,-0.1981664,-0.06495215,0.01233478
LM_normal,2,3,15,G3,run73_u0065014.log,2.65624584,39,121893.338864,2.15098,99.9982353588637,36.36983,1.215828e-05,99.9999665704239,1000000.0,0.0,0.0,-18.0,-8.0,-25.0,0.0,0.0,0.0,25.0,0.0,0.0,0.0,0.0,-18.02409436,-8.04505354,-24.48638329,0.0,0.0,0.0,26.52418988,0.49908328,0.05020807,0.0,0.0,-0.02409436,-0.04505354,0.51361671,0.0,0.0,0.0,1.52418988,0.49908328,0.05020807
LM_normal,2,3,15,G4,run74_u0065022.log,10.41075014,28,10475.055858,29.757568,99.71591972011038,8.03189,1.901463e-05,99.99976326082653,1000000.0,0.0,0.0,-7.0,-2.0,-8.0,0.0,0.0,0.0,3.0,0.0,0.0,0.0,0.0,-6.94612493,-2.14320321,-3.67016983,0.0,0.0,0.0,-1.03930427,-1.27383421,0.57070321,0.0,0.0,0.05387507,-0.14320321,4.32983017,0.0,0.0,0.0,-4.03930427,-1.27383421,0.57070321
LM_normal,2,5,25,G0,run75_u0065014.log,1.5327721399999998,72,37021.984446,0.509891,99.99862273455183,13.01321,2.726437e-06,99.99997904869744,1000000.0,0.0,0.0,-10.0,5.0,-19.0,0.0,0.0,0.0,10.0,0.0,0.0,0.0,0.0,-9.99471872,4.99828093,-18.94611477,0.0,0.0,0.0,8.93065886,-0.33134778,0.07119764,0.0,0.0,0.00528128,-0.00171907,0.05388523,0.0,0.0,0.0,-1.06934114,-0.33134778,0.07119764
LM_normal,2,5,25,G1,run76_u0065022.log,21.52116711,30,29375.43192,476.243628,98.3787689341999,13.80232,0.0001879847,99.99863802099937,1000000.0,0.0,0.0,-6.0,-6.0,-12.0,0.0,0.0,0.0,5.0,0.0,0.0,0.0,0.0,-6.06824564,-6.20457739,0.70209303,0.0,0.0,0.0,-1.0311272,-1.51822007,0.99690378,0.0,0.0,-0.06824564,-0.20457739,12.70209303,0.0,0.0,0.0,-6.0311272,-1.51822007,0.99690378
LM_normal,2,5,25,G2,run77_u0065031.log,26.16285683,60,152566.120043,225.884793,99.85194301792801,63.53457,0.0001240201,99.99980479902516,1000000.0,0.0,0.0,-15.0,-12.0,-22.0,0.0,0.0,0.0,15.0,0.0,0.0,0.0,0.0,-14.73205407,-12.11969512,-19.07624962,0.0,0.0,0.0,-1.33972171,-4.85139565,1.66034804,0.0,0.0,0.26794593,-0.11969512,2.92375038,0.0,0.0,0.0,-16.33972171,-4.85139565,1.66034804
LM_normal,2,5,25,G3,run78_u0065022.log,0.12673359,60,202364.662985,0.05473,99.99997295476435,25.32288,3.520172e-06,99.99998609884815,1000000.0,0.0,0.0,-18.0,-8.0,-25.0,0.0,0.0,0.0,25.0,0.0,0.0,0.0,0.0,-18.00019032,-8.00668335,-24.90453047,0.0,0.0,0.0,24.98320587,-0.00409855,0.00349771,0.0,0.0,-0.00019032,-0.00668335,0.09546953,0.0,0.0,0.0,-0.01679413,-0.00409855,0.00349771
LM_normal,2,5,25,G4,run79_u0065031.log,1.63886897,43,17458.041933,0.709764,99.9959344581556,9.10638,4.911276e-06,99.99994606774592,1000000.0,0.0,0.0,-7.0,-2.0,-8.0,0.0,0.0,0.0,3.0,0.0,0.0,0.0,0.0,-7.00745382,-2.00267852,-8.00694048,0.0,0.0,0.0,4.15305666,0.34223943,-0.12650006,0.0,0.0,-0.00745382,-0.00267852,-0.00694048,0.0,0.0,0.0,1.15305666,0.34223943,-0.12650006
LM_normal,2,6,30,G0,run80_u0065014.log,1.4655769699999999,45,44403.636293,0.727367,99.9983619201923,14.00926,5.708683e-06,99.99995925064565,1000000.0,0.0,0.0,-10.0,5.0,-19.0,0.0,0.0,0.0,10.0,0.0,0.0,0.0,0.0,-10.00887245,4.99990047,-18.91921729,0.0,0.0,0.0,10.99875531,0.31180053,-0.06526644,0.0,0.0,-0.00887245,-9.953e-05,0.08078271,0.0,0.0,0.0,0.99875531,0.31180053,-0.06526644
LM_normal,2,6,30,G1,run81_u0065022.log,0.54326593,30,35246.228457,0.064346,99.99981743862303,10.43427,3.736809e-07,99.99999641871545,1000000.0,0.0,0.0,-6.0,-6.0,-12.0,0.0,0.0,0.0,5.0,0.0,0.0,0.0,0.0,-6.00538421,-6.00217181,-12.06148159,0.0,0.0,0.0,5.34251179,0.09800013,-0.0337164,0.0,0.0,-0.00538421,-0.00217181,-0.06148159,0.0,0.0,0.0,0.34251179,0.09800013,-0.0337164
LM_normal,2,6,30,G2,run82_u0065022.log,0.50730365,79,183124.098472,0.147018,99.99991971673788,21.3492,1.030418e-06,99.99999517350533,1000000.0,0.0,0.0,-15.0,-12.0,-22.0,0.0,0.0,0.0,15.0,0.0,0.0,0.0,0.0,-14.99778289,-12.004952,-21.95856989,0.0,0.0,0.0,14.66391574,-0.10095612,0.02166405,0.0,0.0,0.00221711,-0.004952,0.04143011,0.0,0.0,0.0,-0.33608426,-0.10095612,0.02166405
LM_normal,2,6,30,G3,run83_u0065031.log,0.54331831,64,242904.84274,0.269409,99.99988908866659,33.53546,3.879455e-06,99.99998843178236,1000000.0,0.0,0.0,-18.0,-8.0,-25.0,0.0,0.0,0.0,25.0,0.0,0.0,0.0,0.0,-17.99110717,-7.98986646,-25.11137338,0.0,0.0,0.0,24.69632945,-0.09146963,-0.01777838,0.0,0.0,0.00889283,0.01013354,-0.11137338,0.0,0.0,0.0,-0.30367055,-0.09146963,-0.01777838
LM_normal,2,6,30,G4,run84_u0065014.log,1.96900312,40,20972.09743,1.040589,99.99503822160148,5.479723,6.502459e-06,99.99988133599089,1000000.0,0.0,0.0,-7.0,-2.0,-8.0,0.0,0.0,0.0,3.0,0.0,0.0,0.0,0.0,-6.9914219,-1.98809999,-8.08948695,0.0,0.0,0.0,1.68029859,-0.38577302,0.15356363,0.0,0.0,0.0085781,0.01190001,-0.08948695,0.0,0.0,0.0,-1.31970141,-0.38577302,0.15356363
LM_normal,2,9,45,G0,run85_u0065014.log,3.0411441,46,66660.047349,3.862671,99.99420541815734,9.846546,1.998057e-05,99.99979708041784,1000000.0,0.0,0.0,-10.0,5.0,-19.0,0.0,0.0,0.0,10.0,0.0,0.0,0.0,0.0,-9.9749161,4.99975575,-18.78054471,0.0,0.0,0.0,7.98264099,-0.62240974,0.15659191,0.0,0.0,0.0250839,-0.00024425,0.21945529,0.0,0.0,0.0,-2.01735901,-0.62240974,0.15659191
LM_normal,2,9,45,G1,run86_u0065022.log,2.04089452,59,52846.154907,2.844599,99.99461720724052,8.885834,1.318946e-05,99.99985156756249,1000000.0,0.0,0.0,-6.0,-6.0,-12.0,0.0,0.0,0.0,5.0,0.0,0.0,0.0,0.0,-5.98421165,-5.99396769,-12.05247261,0.0,0.0,0.0,3.58657137,-0.42362112,0.1295515,0.0,0.0,0.01578835,0.00603231,-0.05247261,0.0,0.0,0.0,-1.41342863,-0.42362112,0.1295515
LM_normal,2,9,45,G2,run87_u0065031.log,2.15184381,65,274690.306894,3.388794,99.99876632195786,21.20828,7.633445e-06,99.9999640072415,1000000.0,0.0,0.0,-15.0,-12.0,-22.0,0.0,0.0,0.0,15.0,0.0,0.0,0.0,0.0,-14.97722316,-12.00529424,-22.06385818,0.0,0.0,0.0,13.48509388,-0.47561269,0.06939574,0.0,0.0,0.02277684,-0.00529424,-0.06385818,0.0,0.0,0.0,-1.51490612,-0.47561269,0.06939574
LM_normal,2,9,45,G3,run88_u0065014.log,0.18209985,65,364465.504125,0.262547,99.99992796382729,18.34105,1.742068e-06,99.99999050180878,1000000.0,0.0,0.0,-18.0,-8.0,-25.0,0.0,0.0,0.0,25.0,0.0,0.0,0.0,0.0,-18.00241893,-7.9894453,-25.03012351,0.0,0.0,0.0,24.89685988,-0.03200215,-0.00386044,0.0,0.0,-0.00241893,0.0105547,-0.03012351,0.0,0.0,0.0,-0.10314012,-0.03200215,-0.00386044
LM_normal,2,9,45,G4,run89_u0065022.log,2.22268523,41,31450.391645,2.094752,99.9933395042464,6.001987,8.033379e-06,99.99986615467512,1000000.0,0.0,0.0,-7.0,-2.0,-8.0,0.0,0.0,0.0,3.0,0.0,0.0,0.0,0.0,-6.98077515,-2.01041721,-7.75545323,0.0,0.0,0.0,1.62801792,-0.40464648,0.17186784,0.0,0.0,0.01922485,-0.01041721,0.24454677,0.0,0.0,0.0,-1.37198208,-0.40464648,0.17186784
LM_normal,2,10,50,G0,run90_u0065031.log,0.09142858,35,74061.399408,0.117111,99.99984187309323,11.82992,7.12114e-07,99.99999398039886,1000000.0,0.0,0.0,-10.0,5.0,-19.0,0.0,0.0,0.0,10.0,0.0,0.0,0.0,0.0,-10.00009012,4.99776534,-18.9565585,0.0,0.0,0.0,10.03454186,0.00826107,-0.00285937,0.0,0.0,-9.012e-05,-0.00223466,0.0434415,0.0,0.0,0.0,0.03454186,0.00826107,-0.00285937
LM_normal,2,10,50,G1,run91_u0065009.log,0.22693839000000002,71,58728.071735,0.141299,99.99975940126106,13.21349,3.679561e-06,99.99997215299666,1000000.0,0.0,0.0,-6.0,-6.0,-12.0,0.0,0.0,0.0,5.0,0.0,0.0,0.0,0.0,-5.99999906,-5.99868335,-12.01635055,0.0,0.0,0.0,4.85602198,-0.04741253,0.0178797,0.0,0.0,9.4e-07,0.00131665,-0.01635055,0.0,0.0,0.0,-0.14397802,-0.04741253,0.0178797
LM_normal,2,10,50,G2,run92_u0065014.log,0.85663631,83,305223.250116,0.67491,99.99977887988555,27.58084,7.294341e-06,99.9999735528686,1000000.0,0.0,0.0,-15.0,-12.0,-22.0,0.0,0.0,0.0,15.0,0.0,0.0,0.0,0.0,-14.99918783,-12.00799263,-21.99320548,0.0,0.0,0.0,14.39189193,-0.19060755,0.04232137,0.0,0.0,0.00081217,-0.00799263,0.00679452,0.0,0.0,0.0,-0.60810807,-0.19060755,0.04232137
LM_normal,2,10,50,G3,run93_u0065022.log,0.25645222,64,404955.992885,0.151758,99.99996252481685,19.37214,3.183443e-06,99.99998356690072,1000000.0,0.0,0.0,-18.0,-8.0,-25.0,0.0,0.0,0.0,25.0,0.0,0.0,0.0,0.0,-18.00020082,-8.00458136,-24.95197993,0.0,0.0,0.0,24.84911745,-0.04898868,-0.00377874,0.0,0.0,-0.00020082,-0.00458136,0.04802007,0.0,0.0,0.0,-0.15088255,-0.04898868,-0.00377874
LM_normal,2,10,50,G4,run94_u0065031.log,5.38259429,43,34959.48191,14.08345,99.95971493503177,7.904933,3.232241e-05,99.99959111089241,1000000.0,0.0,0.0,-7.0,-2.0,-8.0,0.0,0.0,0.0,3.0,0.0,0.0,0.0,0.0,-6.97424226,-2.00964907,-8.19787445,0.0,0.0,0.0,-0.64367892,-1.07032951,0.4353046,0.0,0.0,0.02575774,-0.00964907,-0.19787445,0.0,0.0,0.0,-3.64367892,-1.07032951,0.4353046
LM_normal,2,12,60,G0,run95_u0065046.log,3.92046171,58,88857.877903,10.159336,99.98856675824388,11.98609,1.262717e-05,99.99989465146683,1000000.0,0.0,0.0,-10.0,5.0,-19.0,0.0,0.0,0.0,10.0,0.0,0.0,0.0,0.0,-9.97429177,5.0148542,-18.90467163,0.0,0.0,0.0,7.28220065,-0.84647017,0.22030139,0.0,0.0,0.02570823,0.0148542,0.09532837,0.0,0.0,0.0,-2.71779935,-0.84647017,0.22030139
LM_normal,2,12,60,G1,run96_u0065031.log,0.06318927,43,70468.234674,0.177396,99.99974826104156,9.76702,1.298653e-06,99.99998670369263,1000000.0,0.0,0.0,-6.0,-6.0,-12.0,0.0,0.0,0.0,5.0,0.0,0.0,0.0,0.0,-5.99948221,-5.99882368,-12.02504826,0.0,0.0,0.0,4.97407173,-0.00957736,0.00094127,0.0,0.0,0.00051779,0.00117632,-0.02504826,0.0,0.0,0.0,-0.02592827,-0.00957736,0.00094127
LM_normal,2,12,60,G2,run97_u0065022.log,0.26258756,87,366285.575839,0.202942,99.99994459459685,21.45729,1.459418e-06,99.99999319849803,1000000.0,0.0,0.0,-15.0,-12.0,-22.0,0.0,0.0,0.0,15.0,0.0,0.0,0.0,0.0,-14.9998612,-12.00383919,-21.96085134,0.0,0.0,0.0,14.83767663,-0.04962796,0.00750958,0.0,0.0,0.0001388,-0.00383919,0.03914866,0.0,0.0,0.0,-0.16232337,-0.04962796,0.00750958
LM_normal,2,12,60,G3,run98_u0065046.log,0.53772692,70,486009.898155,0.647095,99.99986685559234,20.33528,2.803502e-06,99.99998621360513,1000000.0,0.0,0.0,-18.0,-8.0,-25.0,0.0,0.0,0.0,25.0,0.0,0.0,0.0,0.0,-17.99235432,-8.00970164,-24.94225666,0.0,0.0,0.0,24.64799704,-0.10068418,-0.00994912,0.0,0.0,0.00764568,-0.00970164,0.05774334,0.0,0.0,0.0,-0.35200296,-0.10068418,-0.00994912
LM_normal,2,12,60,G4,run99_u0065007.log,0.67599096,40,41934.11306,0.511821,99.99877946387166,5.941294,7.760187e-06,99.99986938557494,1000000.0,0.0,0.0,-7.0,-2.0,-8.0,0.0,0.0,0.0,3.0,0.0,0.0,0.0,0.0,-7.00829746,-2.00368172,-7.98656851,0.0,0.0,0.0,3.44948082,0.14085419,-0.06024528,0.0,0.0,-0.00829746,-0.00368172,0.01343149,0.0,0.0,0.0,0.44948082,0.14085419,-0.06024528
LM_normal,2,15,75,G0,run100_u0065009.log,8.88132571,40,111109.815834,57.206188,99.9485138306003,10.81271,0.0001148944,99.9989374134699,1000000.0,0.0,0.0,-10.0,5.0,-19.0,0.0,0.0,0.0,10.0,0.0,0.0,0.0,0.0,-9.93862741,4.94336569,-17.65692555,0.0,0.0,0.0,4.68173049,-1.60579886,0.49617599,0.0,0.0,0.06137259,-0.05663431,1.34307445,0.0,0.0,0.0,-5.31826951,-1.60579886,0.49617599
LM_normal,2,15,75,G1,run101_u0065014.log,3.18060726,42,88149.531516,9.75121,99.98893787654647,7.809305,1.406909e-05,99.99981984197058,1000000.0,0.0,0.0,-6.0,-6.0,-12.0,0.0,0.0,0.0,5.0,0.0,0.0,0.0,0.0,-5.97851497,-5.99909693,-12.170179,0.0,0.0,0.0,2.86107077,-0.64894549,0.20016544,0.0,0.0,0.02148503,0.00090307,-0.170179,0.0,0.0,0.0,-2.13892923,-0.64894549,0.20016544
LM_normal,2,15,75,G2,run102_u0065031.log,0.31756316,107,457778.645055,0.285921,99.99993754164745,22.16822,1.620938e-06,99.99999268801012,1000000.0,0.0,0.0,-15.0,-12.0,-22.0,0.0,0.0,0.0,15.0,0.0,0.0,0.0,0.0,-14.99710719,-12.00495866,-21.94727119,0.0,0.0,0.0,14.81689892,-0.06090517,0.01297663,0.0,0.0,0.00289281,-0.00495866,0.05272881,0.0,0.0,0.0,-0.18310108,-0.06090517,0.01297663
LM_normal,2,15,75,G3,run103_u0065007.log,0.30380894999999997,66,607554.304351,0.463688,99.99992367957948,20.28563,5.333304e-06,99.99997370895555,1000000.0,0.0,0.0,-18.0,-8.0,-25.0,0.0,0.0,0.0,25.0,0.0,0.0,0.0,0.0,-18.00380138,-8.00463888,-24.96548529,0.0,0.0,0.0,24.81359205,-0.06447062,-0.00997541,0.0,0.0,-0.00380138,-0.00463888,0.03451471,0.0,0.0,0.0,-0.18640795,-0.06447062,-0.00997541
LM_normal,2,15,75,G4,run104_u0065009.log,2.2066258100000002,43,52381.649768,3.820252,99.99270688873504,6.970017,2.027237e-05,99.999709148916,1000000.0,0.0,0.0,-7.0,-2.0,-8.0,0.0,0.0,0.0,3.0,0.0,0.0,0.0,0.0,-6.98345729,-1.99512122,-8.07263992,0.0,0.0,0.0,1.50287771,-0.43825732,0.17718479,0.0,0.0,0.01654271,0.00487878,-0.07263992,0.0,0.0,0.0,-1.49712229,-0.43825732,0.17718479
LM_normal,2,18,90,G0,run105_u0065014.log,8.28976911,41,133262.559979,66.170057,99.95034610095256,12.04969,6.796014e-05,99.99943600092615,1000000.0,0.0,0.0,-10.0,5.0,-19.0,0.0,0.0,0.0,10.0,0.0,0.0,0.0,0.0,-9.94602765,5.01355162,-19.42528239,0.0,0.0,0.0,4.38991635,-1.73637868,0.45050042,0.0,0.0,0.05397235,0.01355162,-0.42528239,0.0,0.0,0.0,-5.61008365,-1.73637868,0.45050042
LM_normal,2,18,90,G1,run106_u0065046.log,0.14593458,37,105696.133656,0.212434,99.99979901440796,9.675298,3.352551e-06,99.99996534937735,1000000.0,0.0,0.0,-6.0,-6.0,-12.0,0.0,0.0,0.0,5.0,0.0,0.0,0.0,0.0,-5.99865144,-5.99875735,-12.01377591,0.0,0.0,0.0,4.9068,-0.03090631,0.00546115,0.0,0.0,0.00134856,0.00124265,-0.01377591,0.0,0.0,0.0,-0.0932,-0.03090631,0.00546115
LM_normal,2,18,90,G2,run107_u0065022.log,0.2628156,91,549433.220066,0.226796,99.9999587218261,21.41727,1.189331e-06,99.99999444685993,1000000.0,0.0,0.0,-15.0,-12.0,-22.0,0.0,0.0,0.0,15.0,0.0,0.0,0.0,0.0,-14.99841715,-12.00483158,-21.95578798,0.0,0.0,0.0,14.84396889,-0.04942919,0.00672885,0.0,0.0,0.00158285,-0.00483158,0.04421202,0.0,0.0,0.0,-0.15603111,-0.04942919,0.00672885
LM_normal,2,18,90,G3,run108_u0065009.log,0.09731033,89,728964.137611,0.434741,99.99994036181239,19.37609,2.354706e-06,99.99998784736238,1000000.0,0.0,0.0,-18.0,-8.0,-25.0,0.0,0.0,0.0,25.0,0.0,0.0,0.0,0.0,-17.99732507,-7.99542967,-24.99453697,0.0,0.0,0.0,24.93958729,-0.02302942,-0.00115991,0.0,0.0,0.00267493,0.00457033,0.00546303,0.0,0.0,0.0,-0.06041271,-0.02302942,-0.00115991
LM_normal,2,18,90,G4,run109_u0065014.log,1.0310514,47,62893.215621,1.232587,99.99804019084121,5.920642,6.76412e-06,99.99988575360577,1000000.0,0.0,0.0,-7.0,-2.0,-8.0,0.0,0.0,0.0,3.0,0.0,0.0,0.0,0.0,-6.99190528,-2.00299587,-7.94964409,0.0,0.0,0.0,2.31302602,-0.20945634,0.07317458,0.0,0.0,0.00809472,-0.00299587,0.05035591,0.0,0.0,0.0,-0.68697398,-0.20945634,0.07317458
LM_normal,2,24,120,G0,run110_u0065046.log,9.957117890000001,37,177710.508365,121.032544,99.93189342312195,9.492858,9.631555e-05,99.99898538933165,1000000.0,0.0,0.0,-10.0,5.0,-19.0,0.0,0.0,0.0,10.0,0.0,0.0,0.0,0.0,-9.93471008,4.95491289,-18.25913265,0.0,0.0,0.0,3.46193099,-1.97474872,0.59305578,0.0,0.0,0.06528992,-0.04508711,0.74086735,0.0,0.0,0.0,-6.53806901,-1.97474872,0.59305578
LM_normal,2,24,120,G1,run111_u0065007.log,0.40513585,84,140884.482422,0.504821,99.9996416773577,8.517574,2.564139e-06,99.99996989589992,1000000.0,0.0,0.0,-6.0,-6.0,-12.0,0.0,0.0,0.0,5.0,0.0,0.0,0.0,0.0,-5.99627681,-5.99910372,-11.98128756,0.0,0.0,0.0,4.72836787,-0.0868131,0.02335871,0.0,0.0,0.00372319,0.00089628,0.01871244,0.0,0.0,0.0,-0.27163213,-0.0868131,0.02335871
LM_normal,2,24,120,G2,run112_u0065031.log,0.15601553,72,732487.798804,0.395261,99.99994603855508,19.7176,1.198495e-06,99.9999939216994,1000000.0,0.0,0.0,-15.0,-12.0,-22.0,0.0,0.0,0.0,15.0,0.0,0.0,0.0,0.0,-14.99726767,-12.00508332,-21.96068724,0.0,0.0,0.0,14.92528964,-0.02866114,0.00551562,0.0,0.0,0.00273233,-0.00508332,0.03931276,0.0,0.0,0.0,-0.07471036,-0.02866114,0.00551562
LM_normal,2,24,120,G3,run113_u0065014.log,0.45097592,63,972048.579632,1.057145,99.99989124566177,18.06923,3.009784e-06,99.9999833430423,1000000.0,0.0,0.0,-18.0,-8.0,-25.0,0.0,0.0,0.0,25.0,0.0,0.0,0.0,0.0,-17.99431384,-7.99833287,-25.04900801,0.0,0.0,0.0,24.70573606,-0.09217525,-0.00817543,0.0,0.0,0.00568616,0.00166713,-0.04900801,0.0,0.0,0.0,-0.29426394,-0.09217525,-0.00817543
LM_normal,2,24,120,G4,run114_u0065064.log,1.19575556,42,83847.441082,1.902056,99.99773152767042,5.617054,2.671861e-06,99.99995243305476,1000000.0,0.0,0.0,-7.0,-2.0,-8.0,0.0,0.0,0.0,3.0,0.0,0.0,0.0,0.0,-6.99096176,-2.00262002,-7.88299556,0.0,0.0,0.0,2.24256202,-0.2263647,0.08329018,0.0,0.0,0.00903824,-0.00262002,0.11700444,0.0,0.0,0.0,-0.75743798,-0.2263647,0.08329018
LM_normal,2,36,180,G0,run115_u0065022.log,0.10559279,99,266538.192455,0.365454,99.99986288869275,12.44472,3.405376e-06,99.99997263597733,1000000.0,0.0,0.0,-10.0,5.0,-19.0,0.0,0.0,0.0,10.0,0.0,0.0,0.0,0.0,-10.00000208,4.99954584,-19.00167792,0.0,0.0,0.0,9.92100615,-0.02367986,0.00078492,0.0,0.0,-2.08e-06,-0.00045416,-0.00167792,0.0,0.0,0.0,-0.07899385,-0.02367986,0.00078492
LM_normal,2,36,180,G1,run116_u0065046.log,0.32957966,67,211370.23553,0.698477,99.99966954808076,10.1212,4.595913e-06,99.99995459122437,1000000.0,0.0,0.0,-6.0,-6.0,-12.0,0.0,0.0,0.0,5.0,0.0,0.0,0.0,0.0,-5.99725596,-5.99874471,-12.00167956,0.0,0.0,0.0,4.76547605,-0.07000446,0.01937236,0.0,0.0,0.00274404,0.00125529,-0.00167956,0.0,0.0,0.0,-0.23452395,-0.07000446,0.01937236
LM_normal,2,36,180,G2,run117_u0065009.log,0.23534539,104,1098782.75996,0.647769,99.99994104667242,18.50458,1.605066e-06,99.99999132611494,1000000.0,0.0,0.0,-15.0,-12.0,-22.0,0.0,0.0,0.0,15.0,0.0,0.0,0.0,0.0,-14.99853363,-12.00459778,-21.9393031,0.0,0.0,0.0,14.87764055,-0.04080582,0.00541907,0.0,0.0,0.00146637,-0.00459778,0.0606969,0.0,0.0,0.0,-0.12235945,-0.04080582,0.00541907
LM_normal,2,36,180,G3,run118_u0065078.log,0.23777919,62,1457872.364423,1.045172,99.99992830840165,19.47878,4.81068e-06,99.99997530297071,1000000.0,0.0,0.0,-18.0,-8.0,-25.0,0.0,0.0,0.0,25.0,0.0,0.0,0.0,0.0,-17.99652095,-7.99661254,-25.01478866,0.0,0.0,0.0,24.84018489,-0.05105083,-0.00525808,0.0,0.0,0.00347905,0.00338746,-0.01478866,0.0,0.0,0.0,-0.15981511,-0.05105083,-0.00525808
LM_normal,2,36,180,G4,run119_u0065083.log,0.09908209999999999,58,125734.699842,0.543892,99.99956742887947,6.143079,3.111725e-06,99.99994934584106,1000000.0,0.0,0.0,-7.0,-2.0,-8.0,0.0,0.0,0.0,3.0,0.0,0.0,0.0,0.0,-7.00029395,-2.00201331,-7.96062346,0.0,0.0,0.0,2.95859442,-0.01439158,0.00160114,0.0,0.0,-0.00029395,-0.00201331,0.03937654,0.0,0.0,0.0,-0.04140558,-0.01439158,0.00160114
LM_normal,2,60,300,G0,run120_u0065007.log,0.42476058000000005,84,444379.603767,1.065433,99.99976024259642,12.69608,1.077391e-05,99.99991513986993,1000000.0,0.0,0.0,-10.0,5.0,-19.0,0.0,0.0,0.0,10.0,0.0,0.0,0.0,0.0,-9.99679661,4.99912942,-18.96955535,0.0,0.0,0.0,9.71713139,-0.08751134,0.01986201,0.0,0.0,0.00320339,-0.00087058,0.03044465,0.0,0.0,0.0,-0.28286861,-0.08751134,0.01986201
LM_normal,2,60,300,G1,run121_u0065064.log,0.22373298,89,352425.308277,1.151131,99.99967336880384,8.390184,3.207885e-06,99.99996176621394,1000000.0,0.0,0.0,-6.0,-6.0,-12.0,0.0,0.0,0.0,5.0,0.0,0.0,0.0,0.0,-5.9982016,-5.99979732,-12.02106628,0.0,0.0,0.0,4.85642815,-0.04511723,0.01197654,0.0,0.0,0.0017984,0.00020268,-0.02106628,0.0,0.0,0.0,-0.14357185,-0.04511723,0.01197654
LM_normal,2,60,300,G2,run122_u0065065.log,0.22550191,96,1831071.100291,1.122998,99.99993866988564,17.46273,2.534906e-06,99.99998548390774,1000000.0,0.0,0.0,-15.0,-12.0,-22.0,0.0,0.0,0.0,15.0,0.0,0.0,0.0,0.0,-14.99734665,-12.00365062,-21.94503274,0.0,0.0,0.0,14.88233845,-0.0381142,0.00845493,0.0,0.0,0.00265335,-0.00365062,0.05496726,0.0,0.0,0.0,-0.11766155,-0.0381142,0.00845493
LM_normal,2,60,300,G3,run123_u0065014.log,0.17321636999999998,71,2430267.32626,1.574936,99.99993519494818,20.49583,2.083192e-06,99.9999898360203,1000000.0,0.0,0.0,-18.0,-8.0,-25.0,0.0,0.0,0.0,25.0,0.0,0.0,0.0,0.0,-17.99981889,-8.00079167,-25.01738111,0.0,0.0,0.0,24.88640683,-0.03590983,-0.00535948,0.0,0.0,0.00018111,-0.00079167,-0.01738111,0.0,0.0,0.0,-0.11359317,-0.03590983,-0.00535948
LM_normal,2,60,300,G4,run124_u0065031.log,0.12026110999999999,95,209639.473382,0.887792,99.99957651486828,6.079257,4.034394e-06,99.99993363672567,1000000.0,0.0,0.0,-7.0,-2.0,-8.0,0.0,0.0,0.0,3.0,0.0,0.0,0.0,0.0,-7.00080199,-2.00040518,-8.00853632,0.0,0.0,0.0,2.92070398,-0.02354889,0.00767271,0.0,0.0,-0.00080199,-0.00040518,-0.00853632,0.0,0.0,0.0,-0.07929602,-0.02354889,0.00767271
LM_normal,2,90,450,G0,run125_u0065046.log,0.44118442,89,666509.961414,1.87928,99.9997180417235,10.99309,8.383217e-06,99.99992374103185,1000000.0,0.0,0.0,-10.0,5.0,-19.0,0.0,0.0,0.0,10.0,0.0,0.0,0.0,0.0,-9.99653858,4.99908609,-18.98962462,0.0,0.0,0.0,9.68975179,-0.09675618,0.01942932,0.0,0.0,0.00346142,-0.00091391,0.01037538,0.0,0.0,0.0,-0.31024821,-0.09675618,0.01942932
LM_normal,2,90,450,G1,run126_u0065078.log,0.22691443,86,528543.161257,1.584373,99.99970023772586,10.10946,1.701893e-06,99.99998316534217,1000000.0,0.0,0.0,-6.0,-6.0,-12.0,0.0,0.0,0.0,5.0,0.0,0.0,0.0,0.0,-5.99808986,-5.99925842,-12.01122346,0.0,0.0,0.0,4.84921697,-0.0490236,0.01323262,0.0,0.0,0.00191014,0.00074158,-0.01122346,0.0,0.0,0.0,-0.15078303,-0.0490236,0.01323262
LM_normal,2,90,450,G2,run127_u0065083.log,0.18619933,98,2746604.561074,1.444001,99.9999474259593,17.72213,5.369861e-06,99.9999696996862,1000000.0,0.0,0.0,-15.0,-12.0,-22.0,0.0,0.0,0.0,15.0,0.0,0.0,0.0,0.0,-14.99761168,-12.00432722,-21.92710044,0.0,0.0,0.0,14.92394719,-0.02457383,0.00595759,0.0,0.0,0.00238832,-0.00432722,0.07289956,0.0,0.0,0.0,-0.07605281,-0.02457383,0.00595759
LM_normal,2,90,450,G3,run128_u0065022.log,0.14085277999999998,93,3645160.2551,2.067637,99.99994327719894,18.97153,2.462372e-06,99.99998702069892,1000000.0,0.0,0.0,-18.0,-8.0,-25.0,0.0,0.0,0.0,25.0,0.0,0.0,0.0,0.0,-17.99841328,-8.0012755,-24.98046324,0.0,0.0,0.0,24.91228538,-0.02909677,-0.00164241,0.0,0.0,0.00158672,-0.0012755,0.01953676,0.0,0.0,0.0,-0.08771462,-0.02909677,-0.00164241
LM_normal,2,90,450,G4,run129_u0065034.log,0.11688535000000001,103,314410.089673,1.179139,99.99962496782426,6.496871,7.09758e-06,99.99989075387212,1000000.0,0.0,0.0,-7.0,-2.0,-8.0,0.0,0.0,0.0,3.0,0.0,0.0,0.0,0.0,-7.00120282,-2.00071106,-7.99663859,0.0,0.0,0.0,2.91997844,-0.02359355,0.00799495,0.0,0.0,-0.00120282,-0.00071106,0.00336141,0.0,0.0,0.0,-0.08002156,-0.02359355,0.00799495
LM_normal,2,180,900,G0,run130_u0065009.log,0.28526345,112,1332942.566783,2.773819,99.99979190258686,11.68304,3.910727e-06,99.99996652646058,1000000.0,0.0,0.0,-10.0,5.0,-19.0,0.0,0.0,0.0,10.0,0.0,0.0,0.0,0.0,-9.99779819,4.9990236,-18.9881129,0.0,0.0,0.0,9.80364657,-0.06191591,0.0119288,0.0,0.0,0.00220181,-0.0009764,0.0118871,0.0,0.0,0.0,-0.19635343,-0.06191591,0.0119288
LM_normal,2,180,900,G1,run131_u0065014.log,0.18901287,90,1056998.306195,2.929919,99.99972280759744,9.820983,1.979204e-06,99.99997984719045,1000000.0,0.0,0.0,-6.0,-6.0,-12.0,0.0,0.0,0.0,5.0,0.0,0.0,0.0,0.0,-5.99833382,-5.99964802,-12.01570195,0.0,0.0,0.0,4.87752608,-0.03905963,0.00975921,0.0,0.0,0.00166618,0.00035198,-0.01570195,0.0,0.0,0.0,-0.12247392,-0.03905963,0.00975921
LM_normal,2,180,900,G2,run132_u0065007.log,0.15347128999999998,108,5493130.562214,2.983611,99.99994568468807,18.49871,3.944548e-06,99.99997867663205,1000000.0,0.0,0.0,-15.0,-12.0,-22.0,0.0,0.0,0.0,15.0,0.0,0.0,0.0,0.0,-14.99796481,-12.00363018,-21.94219069,0.0,0.0,0.0,14.93723467,-0.02167131,0.00555997,0.0,0.0,0.00203519,-0.00363018,0.05780931,0.0,0.0,0.0,-0.06276533,-0.02167131,0.00555997
LM_normal,2,180,900,G3,run133_u0065080.log,0.02318493,88,7290453.371065,3.794383,99.99994795408726,18.83255,5.650286e-06,99.99996999723352,1000000.0,0.0,0.0,-18.0,-8.0,-25.0,0.0,0.0,0.0,25.0,0.0,0.0,0.0,0.0,-17.99957809,-7.99948143,-25.00709614,0.0,0.0,0.0,24.99199687,-0.00542185,-0.00172333,0.0,0.0,0.00042191,0.00051857,-0.00709614,0.0,0.0,0.0,-0.00800313,-0.00542185,-0.00172333
LM_normal,2,180,900,G4,run134_u0065064.log,0.06171758,100,628790.969371,2.423808,99.99961452881513,6.694225,4.654808e-06,99.99993046531898,1000000.0,0.0,0.0,-7.0,-2.0,-8.0,0.0,0.0,0.0,3.0,0.0,0.0,0.0,0.0,-7.00115284,-2.00083704,-7.99375558,0.0,0.0,0.0,2.96135972,-0.01152376,0.00331924,0.0,0.0,-0.00115284,-0.00083704,0.00624442,0.0,0.0,0.0,-0.03864028,-0.01152376,0.00331924
LM_normal,2,360,1800,G0,run135_u0065031.log,0.15690576,118,2665724.435764,4.795358,99.99982011051347,10.87314,6.354491e-06,99.99994155790326,1000000.0,0.0,0.0,-10.0,5.0,-19.0,0.0,0.0,0.0,10.0,0.0,0.0,0.0,0.0,-9.99901172,4.9986721,-18.99081269,0.0,0.0,0.0,9.89429657,-0.03386209,0.00583675,0.0,0.0,0.00098828,-0.0013279,0.00918731,0.0,0.0,0.0,-0.10570343,-0.03386209,0.00583675
LM_normal,2,360,1800,G1,run136_u0065065.log,0.10216568,112,2114069.491382,5.367884,99.9997460876276,9.543209,3.618198e-06,99.99996208614942,1000000.0,0.0,0.0,-6.0,-6.0,-12.0,0.0,0.0,0.0,5.0,0.0,0.0,0.0,0.0,-5.99922902,-5.99939698,-12.01389792,0.0,0.0,0.0,4.93850794,-0.02020503,0.00519667,0.0,0.0,0.00077098,0.00060302,-0.01389792,0.0,0.0,0.0,-0.06149206,-0.02020503,0.00519667
LM_normal,2,360,1800,G2,run137_u0065078.log,0.15430426,113,10986300.631593,5.771507,99.99994746632926,17.69547,3.855956e-06,99.99997820936093,1000000.0,0.0,0.0,-15.0,-12.0,-22.0,0.0,0.0,0.0,15.0,0.0,0.0,0.0,0.0,-14.99828163,-12.00398766,-21.93665748,0.0,0.0,0.0,14.94009262,-0.02056838,0.00477995,0.0,0.0,0.00171837,-0.00398766,0.06334252,0.0,0.0,0.0,-0.05990738,-0.02056838,0.00477995
LM_normal,2,360,1800,G3,run138_u0065046.log,0.02874493,101,14581374.879786,7.797108,99.99994652693546,19.42431,4.081368e-06,99.99997898835015,1000000.0,0.0,0.0,-18.0,-8.0,-25.0,0.0,0.0,0.0,25.0,0.0,0.0,0.0,0.0,-17.99953743,-8.00020932,-24.99620526,0.0,0.0,0.0,24.98459321,-0.00700165,-0.00186986,0.0,0.0,0.00046257,-0.00020932,0.00379474,0.0,0.0,0.0,-0.01540679,-0.00700165,-0.00186986
LM_normal,2,360,1800,G4,run139_u0065083.log,0.13067115,94,1257500.657699,5.176153,99.99958837771031,6.468798,8.678701e-06,99.99986583750182,1000000.0,0.0,0.0,-7.0,-2.0,-8.0,0.0,0.0,0.0,3.0,0.0,0.0,0.0,0.0,-6.99950514,-1.9996432,-8.01225384,0.0,0.0,0.0,2.91637677,-0.02598581,0.00795661,0.0,0.0,0.00049486,0.0003568,-0.01225384,0.0,0.0,0.0,-0.08362323,-0.02598581,0.00795661
LM_normal,3,3,27,G0,run140_u0065022.log,0.01521303,36,34626.358554,0.025215,99.99992717975249,21.99005,8.02445e-07,99.99999635087232,706400.0,0.0,0.0,-10.0,5.0,-19.0,0.0,0.0,0.0,10.0,0.0,0.0,0.0,0.0,-10.0027123,4.99932939,-19.00009285,0.0,0.0,0.0,10.00610445,-0.00281942,-0.0028134,0.0,0.0,-0.0027123,-0.00067061,-9.285e-05,0.0,0.0,0.0,0.00610445,-0.00281942,-0.0028134
LM_normal,3,3,27,G1,run141_u0065022.log,0.0675151,38,26878.067804,0.026222,99.9999024409039,10.75395,1.670088e-06,99.99998447000405,1000000.0,0.0,0.0,-6.0,-6.0,-12.0,0.0,0.0,0.0,5.0,0.0,0.0,0.0,0.0,-6.00212575,-6.00454439,-11.96240474,0.0,0.0,0.0,5.0203672,-0.00219089,0.00069161,0.0,0.0,-0.00212575,-0.00454439,0.03759526,0.0,0.0,0.0,0.0203672,-0.00219089,0.00069161
LM_normal,3,3,27,G2,run142_u0065022.log,0.11218489000000001,37,141052.380752,0.082405,99.99994157844088,25.14342,5.653961e-07,99.99999775131585,1000000.0,0.0,0.0,-15.0,-12.0,-22.0,0.0,0.0,0.0,15.0,0.0,0.0,0.0,0.0,-14.99788168,-12.00935255,-21.91420177,0.0,0.0,0.0,14.99321315,-0.00560696,0.00252198,0.0,0.0,0.00211832,-0.00935255,0.08579823,0.0,0.0,0.0,-0.00678685,-0.00560696,0.00252198
LM_normal,3,3,27,G3,run143_u0065022.log,0.1105804,43,191620.801334,0.049924,99.99997394646111,40.25972,1.529125e-06,99.99999620184889,1000000.0,0.0,0.0,-18.0,-8.0,-25.0,0.0,0.0,0.0,25.0,0.0,0.0,0.0,0.0,-17.99418228,-7.9909684,-25.07793875,0.0,0.0,0.0,24.98873487,-0.00505023,-0.00147697,0.0,0.0,0.00581772,0.0090316,-0.07793875,0.0,0.0,0.0,-0.01126513,-0.00505023,-0.00147697
LM_normal,3,3,27,G4,run144_u0065022.log,0.16178081,49,15891.899892,0.020945,99.99986820329764,5.495133,1.271117e-06,99.99997686831237,1000000.0,0.0,0.0,-7.0,-2.0,-8.0,0.0,0.0,0.0,3.0,0.0,0.0,0.0,0.0,-7.00428928,-2.00405802,-7.87218197,0.0,0.0,0.0,3.01889572,-0.00475364,-0.00196612,0.0,0.0,-0.00428928,-0.00405802,0.12781803,0.0,0.0,0.0,0.01889572,-0.00475364,-0.00196612
LM_normal,3,5,45,G0,run145_u0065022.log,0.13301109,46,57571.284605,0.122226,99.99978769624329,23.34974,1.76683e-06,99.99999243319198,1000000.0,0.0,0.0,-10.0,5.0,-19.0,0.0,0.0,0.0,10.0,0.0,0.0,0.0,0.0,-9.99964351,4.99398355,-18.886755,0.0,0.0,0.0,9.99216627,-0.00053059,-0.00502883,0.0,0.0,0.00035649,-0.00601645,0.113245,0.0,0.0,0.0,-0.00783373,-0.00053059,-0.00502883
LM_normal,3,5,45,G1,run146_u0065034.log,0.09986007,34,44729.405349,0.186257,99.99958359160254,8.40539,2.222842e-06,99.9999735545644,1000000.0,0.0,0.0,-6.0,-6.0,-12.0,0.0,0.0,0.0,5.0,0.0,0.0,0.0,0.0,-6.00434076,-6.00152511,-11.91512855,0.0,0.0,0.0,4.99320942,0.00180698,0.00052519,0.0,0.0,-0.00434076,-0.00152511,0.08487145,0.0,0.0,0.0,-0.00679058,0.00180698,0.00052519
LM_normal,3,5,45,G2,run147_u0065034.log,0.08620357,37,234716.467655,0.2174,99.99990737761088,54.75084,1.397503e-06,99.99999744752226,1000000.0,0.0,0.0,-15.0,-12.0,-22.0,0.0,0.0,0.0,15.0,0.0,0.0,0.0,0.0,-15.0022685,-12.00319067,-21.93260916,0.0,0.0,0.0,15.01112422,0.00194033,-0.00028901,0.0,0.0,-0.0022685,-0.00319067,0.06739084,0.0,0.0,0.0,0.01112422,0.00194033,-0.00028901
LM_normal,3,5,45,G3,run148_u0065022.log,0.14303452,45,320227.303754,0.127859,99.99996007242402,23.31787,3.374209e-06,99.99998552951449,1000000.0,0.0,0.0,-18.0,-8.0,-25.0,0.0,0.0,0.0,25.0,0.0,0.0,0.0,0.0,-18.00170583,-8.00909111,-24.88041565,0.0,0.0,0.0,25.00801229,-5.894e-05,0.004582,0.0,0.0,-0.00170583,-0.00909111,0.11958435,0.0,0.0,0.0,0.00801229,-5.894e-05,0.004582
LM_normal,3,5,45,G4,run149_u0065034.log,0.17293061,39,26448.779023,0.122084,99.99953841347498,7.743496,1.893398e-06,99.99997554853776,1000000.0,0.0,0.0,-7.0,-2.0,-8.0,0.0,0.0,0.0,3.0,0.0,0.0,0.0,0.0,-7.00161397,-2.00204963,-7.85494713,0.0,0.0,0.0,3.02261139,0.00154949,5.326e-05,0.0,0.0,-0.00161397,-0.00204963,0.14505287,0.0,0.0,0.0,0.02261139,0.00154949,5.326e-05
LM_normal,3,6,54,G0,run150_u0065034.log,0.06049486,43,69186.211537,0.076777,99.99988902846638,18.4838,3.40701e-06,99.99998156758892,1000000.0,0.0,0.0,-10.0,5.0,-19.0,0.0,0.0,0.0,10.0,0.0,0.0,0.0,0.0,-10.00146019,5.00008171,-18.95059723,0.0,0.0,0.0,10.00482465,-0.00268995,-0.00203559,0.0,0.0,-0.00146019,8.171e-05,0.04940277,0.0,0.0,0.0,0.00482465,-0.00268995,-0.00203559
LM_normal,3,6,54,G1,run151_u0065022.log,0.04718274,38,53748.609634,0.096466,99.99982052372954,11.58442,2.388015e-06,99.99997938597703,1000000.0,0.0,0.0,-6.0,-6.0,-12.0,0.0,0.0,0.0,5.0,0.0,0.0,0.0,0.0,-6.00334183,-6.00242356,-11.9693194,0.0,0.0,0.0,5.00700479,-0.00104668,0.00268528,0.0,0.0,-0.00334183,-0.00242356,0.0306806,0.0,0.0,0.0,0.00700479,-0.00104668,0.00268528
LM_normal,3,6,54,G2,run152_u0065022.log,0.013051720000000001,37,281888.198089,0.161121,99.99994284223281,29.34453,1.878193e-06,99.99999359951241,1000000.0,0.0,0.0,-15.0,-12.0,-22.0,0.0,0.0,0.0,15.0,0.0,0.0,0.0,0.0,-15.00208303,-12.00152439,-21.99435931,0.0,0.0,0.0,14.99841676,7.504e-05,0.00214533,0.0,0.0,-0.00208303,-0.00152439,0.00564069,0.0,0.0,0.0,-0.00158324,7.504e-05,0.00214533
LM_normal,3,6,54,G3,run153_u0065034.log,0.06758549,48,381928.088151,0.156467,99.99995903234016,32.5994,3.392398e-06,99.99998959367964,1000000.0,0.0,0.0,-18.0,-8.0,-25.0,0.0,0.0,0.0,25.0,0.0,0.0,0.0,0.0,-17.99574333,-7.99653348,-25.05072954,0.0,0.0,0.0,24.99471779,0.00158776,-0.00226279,0.0,0.0,0.00425667,0.00346652,-0.05072954,0.0,0.0,0.0,-0.00528221,0.00158776,-0.00226279
LM_normal,3,6,54,G4,run154_u0065022.log,0.10903319,46,31806.675379,0.206942,99.99934937557121,6.171911,1.724864e-06,99.99997205299947,1000000.0,0.0,0.0,-7.0,-2.0,-8.0,0.0,0.0,0.0,3.0,0.0,0.0,0.0,0.0,-7.00273163,-2.00463462,-7.91874643,0.0,0.0,0.0,3.01395154,-0.00484857,0.00161326,0.0,0.0,-0.00273163,-0.00463462,0.08125357,0.0,0.0,0.0,0.01395154,-0.00484857,0.00161326
LM_normal,3,9,81,G0,run155_u0065034.log,0.08336035,41,103579.458628,0.185597,99.99982081678891,16.93312,1.610062e-06,99.99999049164006,1000000.0,0.0,0.0,-10.0,5.0,-19.0,0.0,0.0,0.0,10.0,0.0,0.0,0.0,0.0,-10.00370903,4.99801823,-18.93771816,0.0,0.0,0.0,10.00516302,0.00278782,0.00743687,0.0,0.0,-0.00370903,-0.00198177,0.06228184,0.0,0.0,0.0,0.00516302,0.00278782,0.00743687
LM_normal,3,9,81,G1,run156_u0065022.log,0.04627742,42,80461.670422,0.162115,99.9997985189729,11.35028,1.651401e-06,99.99998545057038,1000000.0,0.0,0.0,-6.0,-6.0,-12.0,0.0,0.0,0.0,5.0,0.0,0.0,0.0,0.0,-5.99935584,-6.00270843,-11.96299687,0.0,0.0,0.0,5.00430814,-0.00030025,0.00131331,0.0,0.0,0.00064416,-0.00270843,0.03700313,0.0,0.0,0.0,0.00430814,-0.00030025,0.00131331
LM_normal,3,9,81,G2,run157_u0065034.log,0.0914735,41,422408.686348,0.263582,99.99993760024154,20.08159,3.490919e-06,99.99998261632172,1000000.0,0.0,0.0,-15.0,-12.0,-22.0,0.0,0.0,0.0,15.0,0.0,0.0,0.0,0.0,-14.99818935,-12.0062482,-21.92443717,0.0,0.0,0.0,15.0060862,-0.0008507,0.00091492,0.0,0.0,0.00181065,-0.0062482,0.07556283,0.0,0.0,0.0,0.0060862,-0.0008507,0.00091492
LM_normal,3,9,81,G3,run158_u0065022.log,0.04368458,58,575875.772706,0.356536,99.99993808803619,27.59526,4.883771e-06,99.99998230213812,1000000.0,0.0,0.0,-18.0,-8.0,-25.0,0.0,0.0,0.0,25.0,0.0,0.0,0.0,0.0,-18.00176458,-7.9962154,-24.96678178,0.0,0.0,0.0,25.00080111,0.00022742,0.00388865,0.0,0.0,-0.00176458,0.0037846,0.03321822,0.0,0.0,0.0,0.00080111,0.00022742,0.00388865
LM_normal,3,9,81,G4,run159_u0065034.log,0.07218377,42,47619.009608,0.17099,99.99964092071338,5.636683,2.089706e-06,99.9999629266716,1000000.0,0.0,0.0,-7.0,-2.0,-8.0,0.0,0.0,0.0,3.0,0.0,0.0,0.0,0.0,-7.00116894,-2.00286187,-7.935188,0.0,0.0,0.0,3.00158275,0.00092897,-0.00082924,0.0,0.0,-0.00116894,-0.00286187,0.064812,0.0,0.0,0.0,0.00158275,0.00092897,-0.00082924
LM_normal,3,10,90,G0,run160_u0065022.log,0.07086147,43,115162.126589,0.156532,99.99986407684138,15.53015,4.299552e-06,99.99997231480701,1000000.0,0.0,0.0,-10.0,5.0,-19.0,0.0,0.0,0.0,10.0,0.0,0.0,0.0,0.0,-10.00005508,4.99585037,-18.94545983,0.0,0.0,0.0,10.00870244,-0.00152787,-0.00188628,0.0,0.0,-5.508e-05,-0.00414963,0.05454017,0.0,0.0,0.0,0.00870244,-0.00152787,-0.00188628
LM_normal,3,10,90,G1,run161_u0065034.log,0.0430207,43,89454.187856,0.256169,99.99971363107068,9.631784,2.103413e-06,99.99997816175073,1000000.0,0.0,0.0,-6.0,-6.0,-12.0,0.0,0.0,0.0,5.0,0.0,0.0,0.0,0.0,-6.00083039,-5.99749087,-11.97688515,0.0,0.0,0.0,5.01218339,0.00086114,0.0035218,0.0,0.0,-0.00083039,0.00250913,0.02311485,0.0,0.0,0.0,0.01218339,0.00086114,0.0035218
LM_normal,3,10,90,G2,run162_u0065022.log,0.06456786,39,469493.419422,0.306616,99.99993469216237,18.67035,3.325294e-06,99.99998218943941,1000000.0,0.0,0.0,-15.0,-12.0,-22.0,0.0,0.0,0.0,15.0,0.0,0.0,0.0,0.0,-15.00364598,-12.00211255,-21.9500217,0.0,0.0,0.0,15.004578,0.00179827,0.00245476,0.0,0.0,-0.00364598,-0.00211255,0.0499783,0.0,0.0,0.0,0.004578,0.00179827,0.00245476
LM_normal,3,10,90,G3,run163_u0065034.log,0.09294951,46,639869.477028,0.231674,99.99996379355348,19.44112,1.55102e-06,99.9999920219617,1000000.0,0.0,0.0,-18.0,-8.0,-25.0,0.0,0.0,0.0,25.0,0.0,0.0,0.0,0.0,-18.00290656,-8.00440338,-24.91876133,0.0,0.0,0.0,25.00253713,-0.00126589,0.00059788,0.0,0.0,-0.00290656,-0.00440338,0.08123867,0.0,0.0,0.0,0.00253713,-0.00126589,0.00059788
LM_normal,3,10,90,G4,run164_u0065022.log,0.05692444,41,52931.738233,0.243836,99.9995393387632,6.75365,4.463285e-06,99.9999339129952,1000000.0,0.0,0.0,-7.0,-2.0,-8.0,0.0,0.0,0.0,3.0,0.0,0.0,0.0,0.0,-7.00261378,-1.99820864,-7.95761067,0.0,0.0,0.0,3.00411418,-0.00338518,0.00263061,0.0,0.0,-0.00261378,0.00179136,0.04238933,0.0,0.0,0.0,0.00411418,-0.00338518,0.00263061
LM_normal,3,12,108,G0,run165_u0065034.log,0.08190178999999999,42,138125.388434,0.215966,99.99984364496459,16.09891,2.665674e-06,99.99998344189761,1000000.0,0.0,0.0,-10.0,5.0,-19.0,0.0,0.0,0.0,10.0,0.0,0.0,0.0,0.0,-10.00056429,4.99822993,-18.93028296,0.0,0.0,0.0,10.00412256,-0.00218592,-0.00354191,0.0,0.0,-0.00056429,-0.00177007,0.06971704,0.0,0.0,0.0,0.00412256,-0.00218592,-0.00354191
LM_normal,3,12,108,G1,run166_u0065022.log,0.1915582,35,107298.331028,0.663629,99.99938151041714,10.06693,6.02654e-06,99.99994013527461,1000000.0,0.0,0.0,-6.0,-6.0,-12.0,0.0,0.0,0.0,5.0,0.0,0.0,0.0,0.0,-6.00364545,-6.00469382,-11.83920296,0.0,0.0,0.0,5.0180345,-0.00282887,0.00155852,0.0,0.0,-0.00364545,-0.00469382,0.16079704,0.0,0.0,0.0,0.0180345,-0.00282887,0.00155852
LM_normal,3,12,108,G2,run167_u0065034.log,0.048504320000000004,42,563208.108133,0.320649,99.99994306740344,21.32407,1.758218e-06,99.99999175477288,1000000.0,0.0,0.0,-15.0,-12.0,-22.0,0.0,0.0,0.0,15.0,0.0,0.0,0.0,0.0,-14.99969908,-12.00454965,-21.96118119,0.0,0.0,0.0,15.00458303,0.00014992,0.00010199,0.0,0.0,0.00030092,-0.00454965,0.03881881,0.0,0.0,0.0,0.00458303,0.00014992,0.00010199
LM_normal,3,12,108,G3,run168_u0065014.log,0.07804287,46,768082.203627,0.495488,99.99993549023819,20.55589,3.206511e-06,99.9999844010111,1000000.0,0.0,0.0,-18.0,-8.0,-25.0,0.0,0.0,0.0,25.0,0.0,0.0,0.0,0.0,-17.99821235,-8.00600438,-24.94486384,0.0,0.0,0.0,25.01122318,0.00251453,0.00137697,0.0,0.0,0.00178765,-0.00600438,0.05513616,0.0,0.0,0.0,0.01122318,0.00251453,0.00137697
LM_normal,3,12,108,G4,run169_u0065022.log,0.12356759,40,63505.716963,0.409223,99.99935561234551,6.905942,3.709483e-06,99.99994628563344,1000000.0,0.0,0.0,-7.0,-2.0,-8.0,0.0,0.0,0.0,3.0,0.0,0.0,0.0,0.0,-7.00233289,-2.0051961,-7.90183057,0.0,0.0,0.0,2.98941649,0.0005463,-0.00673936,0.0,0.0,-0.00233289,-0.0051961,0.09816943,0.0,0.0,0.0,-0.01058351,0.0005463,-0.00673936
LM_normal,3,15,135,G0,run170_u0065034.log,0.04346305,41,172650.239545,0.349723,99.99979743845076,13.33022,6.06612e-06,99.99995449347423,1000000.0,0.0,0.0,-10.0,5.0,-19.0,0.0,0.0,0.0,10.0,0.0,0.0,0.0,0.0,-9.99991983,4.99817592,-18.96117772,0.0,0.0,0.0,10.00014253,-0.00241897,-0.00017502,0.0,0.0,8.017e-05,-0.00182408,0.03882228,0.0,0.0,0.0,0.00014253,-0.00241897,-0.00017502
LM_normal,3,15,135,G1,run171_u0065080.log,0.02268061,46,134182.140214,0.395282,99.99970541385062,8.314592,2.046824e-06,99.9999753827488,1000000.0,0.0,0.0,-6.0,-6.0,-12.0,0.0,0.0,0.0,5.0,0.0,0.0,0.0,0.0,-6.00147837,-5.99854473,-11.98654831,0.0,0.0,0.0,5.0004565,-0.00385918,0.0019796,0.0,0.0,-0.00147837,0.00145527,0.01345169,0.0,0.0,0.0,0.0004565,-0.00385918,0.0019796
LM_normal,3,15,135,G2,run172_u0065014.log,0.10318168,36,703956.026159,0.454337,99.99993545946293,21.3825,3.247102e-06,99.99998481420788,1000000.0,0.0,0.0,-15.0,-12.0,-22.0,0.0,0.0,0.0,15.0,0.0,0.0,0.0,0.0,-14.9976802,-12.0030165,-21.90410954,0.0,0.0,0.0,14.99943314,-0.00036833,-0.00101973,0.0,0.0,0.0023198,-0.0030165,0.09589046,0.0,0.0,0.0,-0.00056686,-0.00036833,-0.00101973
LM_normal,3,15,135,G3,run173_u0065022.log,0.06419819,44,959738.421659,0.582146,99.99993934326407,22.46522,2.777538e-06,99.9999876362751,1000000.0,0.0,0.0,-18.0,-8.0,-25.0,0.0,0.0,0.0,25.0,0.0,0.0,0.0,0.0,-18.00040842,-8.00124391,-24.9453339,0.0,0.0,0.0,25.00583283,0.00026225,0.00178468,0.0,0.0,-0.00040842,-0.00124391,0.0546661,0.0,0.0,0.0,0.00583283,0.00026225,0.00178468
LM_normal,3,15,135,G4,run174_u0065092.log,0.05994886,43,79351.062732,0.326832,99.99958811893785,7.2273,3.116808e-06,99.99995687451745,1000000.0,0.0,0.0,-7.0,-2.0,-8.0,0.0,0.0,0.0,3.0,0.0,0.0,0.0,0.0,-7.00264009,-2.0001014,-7.95330564,0.0,0.0,0.0,3.00600399,0.0008992,0.00360982,0.0,0.0,-0.00264009,-0.0001014,0.04669436,0.0,0.0,0.0,0.00600399,0.0008992,0.00360982
LM_normal,3,18,162,G0,run175_u0065014.log,0.04964247,42,207139.351219,0.411284,99.99980144574289,15.9823,4.520768e-06,99.99997171390851,1000000.0,0.0,0.0,-10.0,5.0,-19.0,0.0,0.0,0.0,10.0,0.0,0.0,0.0,0.0,-10.00146451,4.99964085,-18.95859613,0.0,0.0,0.0,9.99762846,-1.632e-05,-0.00402708,0.0,0.0,-0.00146451,-0.00035915,0.04140387,0.0,0.0,0.0,-0.00237154,-1.632e-05,-0.00402708
LM_normal,3,18,162,G1,run176_u0065034.log,0.04129479,38,160948.790025,0.366653,99.99977219275775,11.00353,2.083554e-06,99.99998106467653,1000000.0,0.0,0.0,-6.0,-6.0,-12.0,0.0,0.0,0.0,5.0,0.0,0.0,0.0,0.0,-5.99983633,-6.00204754,-11.96489086,0.0,0.0,0.0,5.00244176,-0.00011489,-0.00141779,0.0,0.0,0.00016367,-0.00204754,0.03510914,0.0,0.0,0.0,0.00244176,-0.00011489,-0.00141779
LM_normal,3,18,162,G2,run177_u0065080.log,0.10862025,38,844949.472547,0.589239,99.99993026340402,21.61424,4.218465e-06,99.99998048293625,1000000.0,0.0,0.0,-15.0,-12.0,-22.0,0.0,0.0,0.0,15.0,0.0,0.0,0.0,0.0,-14.99827997,-12.0060873,-21.90282015,0.0,0.0,0.0,15.00257724,0.00085062,0.00020521,0.0,0.0,0.00172003,-0.0060873,0.09717985,0.0,0.0,0.0,0.00257724,0.00085062,0.00020521
LM_normal,3,18,162,G3,run178_u0065009.log,0.029424770000000003,50,1151712.3333,0.740467,99.99993570729612,23.94392,4.155626e-06,99.99998264433725,1000000.0,0.0,0.0,-18.0,-8.0,-25.0,0.0,0.0,0.0,25.0,0.0,0.0,0.0,0.0,-18.00062882,-7.99714819,-24.98781249,0.0,0.0,0.0,25.00939527,-0.00068636,0.003675,0.0,0.0,-0.00062882,0.00285181,0.01218751,0.0,0.0,0.0,0.00939527,-0.00068636,0.003675
LM_normal,3,18,162,G4,run179_u0065022.log,0.11752082,39,95255.403246,0.505087,99.99946975501358,6.225481,3.227974e-06,99.99994814900246,1000000.0,0.0,0.0,-7.0,-2.0,-8.0,0.0,0.0,0.0,3.0,0.0,0.0,0.0,0.0,-6.99939393,-2.00342333,-7.90560035,0.0,0.0,0.0,3.01752869,-0.00047241,0.00109067,0.0,0.0,0.00060607,-0.00342333,0.09439965,0.0,0.0,0.0,0.01752869,-0.00047241,0.00109067
LM_normal,3,24,216,G0,run180_u0065064.log,0.04693123,42,276203.561955,0.603453,99.99978151874808,13.0961,2.281721e-06,99.99998257709547,1000000.0,0.0,0.0,-10.0,5.0,-19.0,0.0,0.0,0.0,10.0,0.0,0.0,0.0,0.0,-10.00008876,4.99841446,-18.95806415,0.0,0.0,0.0,9.99904424,-0.00019146,-0.00217386,0.0,0.0,-8.876e-05,-0.00158554,0.04193585,0.0,0.0,0.0,-0.00095576,-0.00019146,-0.00217386
LM_normal,3,24,216,G1,run181_u0065092.log,0.04605801,40,214553.278352,0.735914,99.99965700174538,8.954052,1.923713e-06,99.99997851572672,1000000.0,0.0,0.0,-6.0,-6.0,-12.0,0.0,0.0,0.0,5.0,0.0,0.0,0.0,0.0,-5.99822874,-6.00201968,-11.96063394,0.0,0.0,0.0,5.00048285,-0.00221586,0.0002023,0.0,0.0,0.00177126,-0.00201968,0.03936606,0.0,0.0,0.0,0.00048285,-0.00221586,0.0002023
LM_normal,3,24,216,G2,run182_u0065014.log,0.05629977,41,1126402.808279,0.737151,99.99993455707012,20.12569,4.502679e-06,99.9999776272068,1000000.0,0.0,0.0,-15.0,-12.0,-22.0,0.0,0.0,0.0,15.0,0.0,0.0,0.0,0.0,-14.99932523,-12.00580539,-21.9673034,0.0,0.0,0.0,15.01567377,-0.00050405,0.00094519,0.0,0.0,0.00067477,-0.00580539,0.0326966,0.0,0.0,0.0,0.01567377,-0.00050405,0.00094519
LM_normal,3,24,216,G3,run183_u0065034.log,0.05874187,50,1535928.87949,0.954088,99.99993788201962,17.98711,2.899426e-06,99.99998388053444,1000000.0,0.0,0.0,-18.0,-8.0,-25.0,0.0,0.0,0.0,25.0,0.0,0.0,0.0,0.0,-17.99892331,-8.00158325,-24.95527629,0.0,0.0,0.0,25.00764394,0.00049058,0.0032237,0.0,0.0,0.00107669,-0.00158325,0.04472371,0.0,0.0,0.0,0.00764394,0.00049058,0.0032237
LM_normal,3,24,216,G4,run184_u0065080.log,0.03864137,46,126984.86742,0.639942,99.99949604861351,6.040294,1.202233e-06,99.99998009644895,1000000.0,0.0,0.0,-7.0,-2.0,-8.0,0.0,0.0,0.0,3.0,0.0,0.0,0.0,0.0,-6.99803437,-2.0020793,-7.97565293,0.0,0.0,0.0,3.00869061,-0.00057714,-0.00098162,0.0,0.0,0.00196563,-0.0020793,0.02434707,0.0,0.0,0.0,0.00869061,-0.00057714,-0.00098162
LM_normal,3,36,324,G0,run185_u0065009.log,0.0475287,42,414302.569598,0.773411,99.99981332218124,14.01593,2.647843e-06,99.99998110833172,1000000.0,0.0,0.0,-10.0,5.0,-19.0,0.0,0.0,0.0,10.0,0.0,0.0,0.0,0.0,-10.00172618,4.99870329,-18.95874422,0.0,0.0,0.0,9.99987057,0.00040137,-0.00271923,0.0,0.0,-0.00172618,-0.00129671,0.04125578,0.0,0.0,0.0,-0.00012943,0.00040137,-0.00271923
LM_normal,3,36,324,G1,run186_u0065022.log,0.029505550000000002,43,321849.765848,0.937817,99.99970861653493,10.30011,2.050446e-06,99.99998009296989,1000000.0,0.0,0.0,-6.0,-6.0,-12.0,0.0,0.0,0.0,5.0,0.0,0.0,0.0,0.0,-5.99986163,-6.00105765,-11.97601644,0.0,0.0,0.0,4.99787292,0.00029593,-0.00190296,0.0,0.0,0.00013837,-0.00105765,0.02398356,0.0,0.0,0.0,-0.00212708,0.00029593,-0.00190296
LM_normal,3,36,324,G2,run187_u0065007.log,0.07593242,44,1689746.488003,1.252072,99.99992590178417,18.63423,3.342991e-06,99.9999820599456,1000000.0,0.0,0.0,-15.0,-12.0,-22.0,0.0,0.0,0.0,15.0,0.0,0.0,0.0,0.0,-14.99973786,-12.00511037,-21.94683077,0.0,0.0,0.0,15.01562562,0.00155673,-0.00020833,0.0,0.0,0.00026214,-0.00511037,0.05316923,0.0,0.0,0.0,0.01562562,0.00155673,-0.00020833
LM_normal,3,36,324,G3,run188_u0065064.log,0.061622,50,2303410.945835,1.498197,99.99993495745939,20.80249,2.290093e-06,99.99998899125538,1000000.0,0.0,0.0,-18.0,-8.0,-25.0,0.0,0.0,0.0,25.0,0.0,0.0,0.0,0.0,-17.99996452,-8.00155563,-24.95005668,0.0,0.0,0.0,25.00797889,-0.00038295,0.00172573,0.0,0.0,3.548e-05,-0.00155563,0.04994332,0.0,0.0,0.0,0.00797889,-0.00038295,0.00172573
LM_normal,3,36,324,G4,run189_u0065092.log,0.04142017,44,190421.283599,0.911513,99.99952131768951,6.306984,4.553863e-06,99.99992779650307,1000000.0,0.0,0.0,-7.0,-2.0,-8.0,0.0,0.0,0.0,3.0,0.0,0.0,0.0,0.0,-7.00050441,-2.00172108,-7.97754891,0.0,0.0,0.0,3.01437342,-0.00011237,-0.0022578,0.0,0.0,-0.00050441,-0.00172108,0.02245109,0.0,0.0,0.0,0.01437342,-0.00011237,-0.0022578
LM_normal,3,60,540,G0,run190_u0065014.log,0.060298700000000004,42,690661.516275,1.367355,99.9998020224136,11.59861,7.417286e-06,99.99993605021638,1000000.0,0.0,0.0,-10.0,5.0,-19.0,0.0,0.0,0.0,10.0,0.0,0.0,0.0,0.0,-9.99988421,4.99816638,-18.94672587,0.0,0.0,0.0,10.00294473,-0.00178103,-0.0003494,0.0,0.0,0.00011579,-0.00183362,0.05327413,0.0,0.0,0.0,0.00294473,-0.00178103,-0.0003494
LM_normal,3,60,540,G1,run191_u0065034.log,0.01573461,46,536660.103161,1.624648,99.99969726685654,8.374052,2.788301e-06,99.99996670308471,1000000.0,0.0,0.0,-6.0,-6.0,-12.0,0.0,0.0,0.0,5.0,0.0,0.0,0.0,0.0,-5.99989266,-6.00018566,-11.98917421,0.0,0.0,0.0,5.0032384,-2.622e-05,0.0013512,0.0,0.0,0.00010734,-0.00018566,0.01082579,0.0,0.0,0.0,0.0032384,-2.622e-05,0.0013512
LM_normal,3,60,540,G2,run192_u0065080.log,0.10505961000000001,40,2815813.749663,1.998646,99.99992902066055,19.16226,1.375419e-05,99.99992822250611,1000000.0,0.0,0.0,-15.0,-12.0,-22.0,0.0,0.0,0.0,15.0,0.0,0.0,0.0,0.0,-14.99778617,-12.0031771,-21.91052422,0.0,0.0,0.0,15.00837444,0.00088724,0.00093122,0.0,0.0,0.00221383,-0.0031771,0.08947578,0.0,0.0,0.0,0.00837444,0.00088724,0.00093122
LM_normal,3,60,540,G3,run193_u0065009.log,0.09072408,46,3839482.185979,2.66639,99.99993055339571,19.85246,3.818408e-06,99.9999807660713,1000000.0,0.0,0.0,-18.0,-8.0,-25.0,0.0,0.0,0.0,25.0,0.0,0.0,0.0,0.0,-18.00123785,-8.00529584,-24.92831428,0.0,0.0,0.0,25.00989611,0.00196314,0.00064542,0.0,0.0,-0.00123785,-0.00529584,0.07168572,0.0,0.0,0.0,0.00989611,0.00196314,0.00064542
LM_normal,3,60,540,G4,run194_u0065022.log,0.03733633,40,317470.927179,1.781348,99.9994388941325,5.892969,9.353378e-06,99.9998412790225,1000000.0,0.0,0.0,-7.0,-2.0,-8.0,0.0,0.0,0.0,3.0,0.0,0.0,0.0,0.0,-7.00100805,-2.0016968,-7.97082352,0.0,0.0,0.0,3.00166924,0.00153097,0.00225479,0.0,0.0,-0.00100805,-0.0016968,0.02917648,0.0,0.0,0.0,0.00166924,0.00153097,0.00225479
LM_normal,3,90,810,G0,run195_u0065007.log,0.02851226,49,1035855.81748,2.24909,99.99978287615302,11.5874,3.676712e-06,99.99996826974127,1000000.0,0.0,0.0,-10.0,5.0,-19.0,0.0,0.0,0.0,10.0,0.0,0.0,0.0,0.0,-9.99921106,4.99833619,-18.97991725,0.0,0.0,0.0,10.00440105,0.00020794,-0.00136777,0.0,0.0,0.00078894,-0.00166381,0.02008275,0.0,0.0,0.0,0.00440105,0.00020794,-0.00136777
LM_normal,3,90,810,G1,run196_u0065064.log,0.03122201,45,804878.063748,2.329841,99.99971053491144,10.24451,2.587947e-06,99.99997473820613,1000000.0,0.0,0.0,-6.0,-6.0,-12.0,0.0,0.0,0.0,5.0,0.0,0.0,0.0,0.0,-6.00074296,-6.00083779,-11.97713508,0.0,0.0,0.0,5.00559825,0.00042251,0.00075558,0.0,0.0,-0.00074296,-0.00083779,0.02286492,0.0,0.0,0.0,0.00559825,0.00042251,0.00075558
LM_normal,3,90,810,G2,run197_u0065092.log,0.05619288,45,4223820.18629,2.927176,99.99993069837564,20.88715,6.144347e-06,99.99997058312407,1000000.0,0.0,0.0,-15.0,-12.0,-22.0,0.0,0.0,0.0,15.0,0.0,0.0,0.0,0.0,-14.99923998,-12.00325855,-21.95129648,0.0,0.0,0.0,15.00294444,0.00017471,0.00035164,0.0,0.0,0.00076002,-0.00325855,0.04870352,0.0,0.0,0.0,0.00294444,0.00017471,0.00035164
LM_normal,3,90,810,G3,run198_u0065014.log,0.06271168,53,5758595.165654,3.91744,99.99993197229729,22.81836,4.743538e-06,99.9999792117488,1000000.0,0.0,0.0,-18.0,-8.0,-25.0,0.0,0.0,0.0,25.0,0.0,0.0,0.0,0.0,-18.00028098,-8.0030014,-24.94804981,0.0,0.0,0.0,25.00628069,0.00110433,9.409e-05,0.0,0.0,-0.00028098,-0.0030014,0.05195019,0.0,0.0,0.0,0.00628069,0.00110433,9.409e-05
LM_normal,3,90,810,G4,run199_u0065080.log,0.03223311,41,476203.260511,2.244321,99.9995287052429,5.76552,5.467514e-06,99.99990516876188,1000000.0,0.0,0.0,-7.0,-2.0,-8.0,0.0,0.0,0.0,3.0,0.0,0.0,0.0,0.0,-7.00161367,-2.00101284,-7.9730301,0.0,0.0,0.0,3.00176778,0.00027497,0.00059395,0.0,0.0,-0.00161367,-0.00101284,0.0269699,0.0,0.0,0.0,0.00176778,0.00027497,0.00059395
LM_normal,3,180,1620,G0,run200_u0065022.log,0.03251907,44,2071698.437593,4.395138,99.99978784856327,11.46781,1.680516e-05,99.9998534579837,1000000.0,0.0,0.0,-10.0,5.0,-19.0,0.0,0.0,0.0,10.0,0.0,0.0,0.0,0.0,-10.00056373,4.9986558,-18.97496738,0.0,0.0,0.0,10.00402499,-0.00065413,-0.0008994,0.0,0.0,-0.00056373,-0.0013442,0.02503262,0.0,0.0,0.0,0.00402499,-0.00065413,-0.0008994
LM_normal,3,180,1620,G1,run201_u0065034.log,0.02573253,41,1609672.161651,4.971305,99.99969116040405,9.657457,5.499342e-06,99.99994305600325,1000000.0,0.0,0.0,-6.0,-6.0,-12.0,0.0,0.0,0.0,5.0,0.0,0.0,0.0,0.0,-5.99992857,-6.00083924,-11.9801563,0.0,0.0,0.0,5.00487478,7.38e-05,2.958e-05,0.0,0.0,7.143e-05,-0.00083924,0.0198437,0.0,0.0,0.0,0.00487478,7.38e-05,2.958e-05
LM_normal,3,180,1620,G2,run202_u0065009.log,0.06330622,46,8447461.1455,5.969901,99.99992932905052,19.64079,1.500834e-06,99.9999923585864,1000000.0,0.0,0.0,-15.0,-12.0,-22.0,0.0,0.0,0.0,15.0,0.0,0.0,0.0,0.0,-14.9993099,-12.00358167,-21.94819288,0.0,0.0,0.0,15.00646906,-3.353e-05,0.00072474,0.0,0.0,0.0006901,-0.00358167,0.05180712,0.0,0.0,0.0,0.00646906,-3.353e-05,0.00072474
LM_normal,3,180,1620,G3,run203_u0065007.log,0.04430494,57,11517278.11536,7.337488,99.99993629147507,21.57374,6.83935e-06,99.99996829780093,1000000.0,0.0,0.0,-18.0,-8.0,-25.0,0.0,0.0,0.0,25.0,0.0,0.0,0.0,0.0,-17.99978298,-8.00227636,-24.96623355,0.0,0.0,0.0,25.00665541,0.00107735,0.00031235,0.0,0.0,0.00021702,-0.00227636,0.03376645,0.0,0.0,0.0,0.00665541,0.00107735,0.00031235
LM_normal,3,180,1620,G4,run204_u0065064.log,0.03382136,41,952297.285684,4.727543,99.99950356437311,5.850901,3.71212e-06,99.99993655472892,1000000.0,0.0,0.0,-7.0,-2.0,-8.0,0.0,0.0,0.0,3.0,0.0,0.0,0.0,0.0,-7.00100501,-2.0013543,-7.97274931,0.0,0.0,0.0,3.00230535,0.00081308,0.00109293,0.0,0.0,-0.00100501,-0.0013543,0.02725069,0.0,0.0,0.0,0.00230535,0.00081308,0.00109293
LM_normal,3,360,3240,G0,run205_u0065092.log,0.02777399,28,4143042.042093,8.695285,99.99979012317733,11.02732,0.0008897545,99.99193136228931,0.01562,0.0,0.0,-10.0,5.0,-19.0,0.0,0.0,0.0,10.0,0.0,0.0,0.0,0.0,-10.00028389,4.99858678,-18.97911437,0.0,0.0,0.0,10.00430376,-0.00020017,-0.00068732,0.0,0.0,-0.00028389,-0.00141322,0.02088563,0.0,0.0,0.0,0.00430376,-0.00020017,-0.00068732
LM_normal,3,360,3240,G1,run206_u0065080.log,0.01854557,44,3219520.502745,9.849414,99.99969407202123,9.048419,2.021805e-05,99.99977655709799,1000000.0,0.0,0.0,-6.0,-6.0,-12.0,0.0,0.0,0.0,5.0,0.0,0.0,0.0,0.0,-6.00024751,-6.00034904,-11.98740754,0.0,0.0,0.0,5.00494118,0.00017585,0.00023953,0.0,0.0,-0.00024751,-0.00034904,0.01259246,0.0,0.0,0.0,0.00494118,0.00017585,0.00023953
LM_normal,3,360,3240,G2,run207_u0065014.log,0.06293907,43,16894784.363304,11.782508,99.99993025949459,18.37455,1.164991e-05,99.99993659757654,1000000.0,0.0,0.0,-15.0,-12.0,-22.0,0.0,0.0,0.0,15.0,0.0,0.0,0.0,0.0,-14.99960358,-12.00372486,-21.94824773,0.0,0.0,0.0,15.00645395,5.717e-05,0.0005544,0.0,0.0,0.00039642,-0.00372486,0.05175227,0.0,0.0,0.0,0.00645395,5.717e-05,0.0005544
LM_normal,3,360,3240,G3,run208_u0065022.log,0.05096117,48,23035440.79188,14.772241,99.9999358716808,21.66075,2.163794e-05,99.99990010530567,1000000.0,0.0,0.0,-18.0,-8.0,-25.0,0.0,0.0,0.0,25.0,0.0,0.0,0.0,0.0,-18.0002816,-8.00261618,-24.96001048,0.0,0.0,0.0,25.00711536,0.00055197,0.00040654,0.0,0.0,-0.0002816,-0.00261618,0.03998952,0.0,0.0,0.0,0.00711536,0.00055197,0.00040654
LM_normal,3,360,3240,G4,run209_u0065034.log,0.02020353,43,1904532.95258,9.532644,99.99949947602707,5.953718,5.118798e-06,99.99991402350598,1000000.0,0.0,0.0,-7.0,-2.0,-8.0,0.0,0.0,0.0,3.0,0.0,0.0,0.0,0.0,-7.00035143,-2.00076373,-7.98505058,0.0,0.0,0.0,3.00284059,0.00043421,0.00086415,0.0,0.0,-0.00035143,-0.00076373,0.01494942,0.0,0.0,0.0,0.00284059,0.00043421,0.00086415
LM_normal,4,3,42,G0,run210_u0065009.log,0.053600159999999994,35,44979.788219,0.052089,99.99988419465262,12.89439,5.963628e-07,99.99999537502124,1000000.0,0.0,0.0,-10.0,5.0,-19.0,0.0,0.0,0.0,10.0,0.0,0.0,0.0,0.0,-9.99820993,5.00073717,-18.96843205,0.0,0.0,0.0,9.98973321,-0.00797149,-0.00126669,0.0,0.0,0.00179007,0.00073717,0.03156795,0.0,0.0,0.0,-0.01026679,-0.00797149,-0.00126669
LM_normal,4,3,42,G1,run211_u0065009.log,0.08520247,38,35415.904362,0.06506,99.99981629722247,11.7643,1.943393e-06,99.99998348058956,1000000.0,0.0,0.0,-6.0,-6.0,-12.0,0.0,0.0,0.0,5.0,0.0,0.0,0.0,0.0,-6.00164977,-6.00121324,-11.95145059,0.0,0.0,0.0,4.97221298,0.00018475,-0.00581828,0.0,0.0,-0.00164977,-0.00121324,0.04854941,0.0,0.0,0.0,-0.02778702,0.00018475,-0.00581828
LM_normal,4,3,42,G2,run212_u0065009.log,0.1375928,40,184782.272087,0.054087,99.99997072933492,34.23142,1.305642e-06,99.99999618583745,1000000.0,0.0,0.0,-15.0,-12.0,-22.0,0.0,0.0,0.0,15.0,0.0,0.0,0.0,0.0,-14.99821873,-11.99392692,-22.11274946,0.0,0.0,0.0,14.98593501,0.0006835,-0.0022405,0.0,0.0,0.00178127,0.00607308,-0.11274946,0.0,0.0,0.0,-0.01406499,0.0006835,-0.0022405
LM_normal,4,3,42,G3,run213_u0065009.log,0.202234,60,249390.707178,0.135553,99.9999456463308,18.55058,4.66919e-06,99.9999748299514,1000000.0,0.0,0.0,-18.0,-8.0,-25.0,0.0,0.0,0.0,25.0,0.0,0.0,0.0,0.0,-17.99902949,-8.01011064,-24.83266378,0.0,0.0,0.0,24.98816621,0.00771284,0.00427,0.0,0.0,0.00097051,-0.01011064,0.16733622,0.0,0.0,0.0,-0.01183379,0.00771284,0.00427
LM_normal,4,3,42,G4,run214_u0065064.log,0.13791929,34,20999.567542,0.111917,99.99946705092961,5.946769,3.307235e-06,99.9999443860187,1000000.0,0.0,0.0,-7.0,-2.0,-8.0,0.0,0.0,0.0,3.0,0.0,0.0,0.0,0.0,-6.99614001,-2.00555215,-7.88261619,0.0,0.0,0.0,3.00131889,-0.00775316,0.00205129,0.0,0.0,0.00385999,-0.00555215,0.11738381,0.0,0.0,0.0,0.00131889,-0.00775316,0.00205129
LM_normal,4,5,70,G0,run215_u0065064.log,0.11592622999999999,45,75246.14576,0.152771,99.99979697166087,9.662945,1.296958e-06,99.99998657802564,1000000.0,0.0,0.0,-10.0,5.0,-19.0,0.0,0.0,0.0,10.0,0.0,0.0,0.0,0.0,-9.99886913,4.99836296,-18.89353103,0.0,0.0,0.0,10.0021384,0.00355213,0.00099882,0.0,0.0,0.00113087,-0.00163704,0.10646897,0.0,0.0,0.0,0.0021384,0.00355213,0.00099882
LM_normal,4,5,70,G1,run216_u0065009.log,0.21366823,46,59166.041733,0.198921,99.99966379194183,7.822362,2.795429e-06,99.99996426362011,1000000.0,0.0,0.0,-6.0,-6.0,-12.0,0.0,0.0,0.0,5.0,0.0,0.0,0.0,0.0,-5.99951001,-6.00957547,-11.82097042,0.0,0.0,0.0,4.98256861,-0.00194201,-0.00519979,0.0,0.0,0.00048999,-0.00957547,0.17902958,0.0,0.0,0.0,-0.01743139,-0.00194201,-0.00519979
LM_normal,4,5,70,G2,run217_u0065064.log,0.07108863,46,308643.434053,0.156186,99.99994939597518,28.08252,2.408731e-06,99.9999914226679,1000000.0,0.0,0.0,-15.0,-12.0,-22.0,0.0,0.0,0.0,15.0,0.0,0.0,0.0,0.0,-14.99674021,-12.00511978,-21.95152327,0.0,0.0,0.0,14.9941517,0.00554984,-0.00283419,0.0,0.0,0.00325979,-0.00511978,0.04847673,0.0,0.0,0.0,-0.0058483,0.00554984,-0.00283419
LM_normal,4,5,70,G3,run218_u0065009.log,0.23494963,50,414159.378665,0.241375,99.99994171929637,20.91637,2.730848e-06,99.99998694396781,1000000.0,0.0,0.0,-18.0,-8.0,-25.0,0.0,0.0,0.0,25.0,0.0,0.0,0.0,0.0,-18.00182195,-8.01559608,-24.79949549,0.0,0.0,0.0,25.00344774,0.00728984,0.00628951,0.0,0.0,-0.00182195,-0.01559608,0.20050451,0.0,0.0,0.0,0.00344774,0.00728984,0.00628951
LM_normal,4,5,70,G4,run219_u0065064.log,0.14652005999999998,35,35073.897457,0.306996,99.9991247166062,6.439509,3.282837e-06,99.99994902038338,1000000.0,0.0,0.0,-7.0,-2.0,-8.0,0.0,0.0,0.0,3.0,0.0,0.0,0.0,0.0,-7.00000115,-2.00812355,-7.86954348,0.0,0.0,0.0,3.00364993,0.00107755,0.00321136,0.0,0.0,-1.15e-06,-0.00812355,0.13045652,0.0,0.0,0.0,0.00364993,0.00107755,0.00321136
LM_normal,4,6,84,G0,run220_u0065009.log,0.06975231,43,89947.35143,0.147095,99.999836465446,10.58539,2.248463e-06,99.99997875880813,1000000.0,0.0,0.0,-10.0,5.0,-19.0,0.0,0.0,0.0,10.0,0.0,0.0,0.0,0.0,-9.99705541,4.99951027,-18.94499872,0.0,0.0,0.0,10.00390886,-0.00629583,-0.00111202,0.0,0.0,0.00294459,-0.00048973,0.05500128,0.0,0.0,0.0,0.00390886,-0.00629583,-0.00111202
LM_normal,4,6,84,G1,run221_u0065064.log,0.11536731,42,70857.700384,0.122094,99.99982769127513,9.002239,2.438168e-06,99.99997291598235,1000000.0,0.0,0.0,-6.0,-6.0,-12.0,0.0,0.0,0.0,5.0,0.0,0.0,0.0,0.0,-6.00047188,-6.00448647,-11.91620509,0.0,0.0,0.0,4.97809349,-0.00359663,-0.00111091,0.0,0.0,-0.00047188,-0.00448647,0.08379491,0.0,0.0,0.0,-0.02190651,-0.00359663,-0.00111091
LM_normal,4,6,84,G2,run222_u0065007.log,0.07015199,47,369277.003228,0.17198,99.99995342791496,20.05874,2.757777e-06,99.99998625149435,1000000.0,0.0,0.0,-15.0,-12.0,-22.0,0.0,0.0,0.0,15.0,0.0,0.0,0.0,0.0,-14.99668509,-12.00350321,-21.94602817,0.0,0.0,0.0,15.00637307,-0.00216126,-0.00082771,0.0,0.0,0.00331491,-0.00350321,0.05397183,0.0,0.0,0.0,0.00637307,-0.00216126,-0.00082771
LM_normal,4,6,84,G3,run223_u0065092.log,0.10456499999999999,60,496240.777416,0.211154,99.99995744928476,26.42184,1.128217e-06,99.99999572998321,1000000.0,0.0,0.0,-18.0,-8.0,-25.0,0.0,0.0,0.0,25.0,0.0,0.0,0.0,0.0,-18.00149194,-8.00606814,-24.91510225,0.0,0.0,0.0,24.99651032,0.00732102,-0.00129647,0.0,0.0,-0.00149194,-0.00606814,0.08489775,0.0,0.0,0.0,-0.00348968,0.00732102,-0.00129647
LM_normal,4,6,84,G4,run224_u0065009.log,0.10794302,45,42061.891129,0.426146,99.9989868596286,5.649571,2.399264e-06,99.99995753192587,1000000.0,0.0,0.0,-7.0,-2.0,-8.0,0.0,0.0,0.0,3.0,0.0,0.0,0.0,0.0,-6.99733308,-2.00194901,-7.91365638,0.0,0.0,0.0,2.99290638,-0.00201091,-0.00787894,0.0,0.0,0.00266692,-0.00194901,0.08634362,0.0,0.0,0.0,-0.00709362,-0.00201091,-0.00787894
LM_normal,4,9,126,G0,run225_u0065064.log,0.10690612000000001,51,135439.104778,0.323925,99.99976083347528,11.35434,8.276177e-07,99.99999271100124,1000000.0,0.0,0.0,-10.0,5.0,-19.0,0.0,0.0,0.0,10.0,0.0,0.0,0.0,0.0,-10.00063241,5.00063232,-18.90806882,0.0,0.0,0.0,9.99268371,-0.00250057,0.00389335,0.0,0.0,-0.00063241,0.00063232,0.09193118,0.0,0.0,0.0,-0.00731629,-0.00250057,0.00389335
LM_normal,4,9,126,G1,run226_u0065083.log,0.12813196,46,106484.913831,0.323158,99.99969652226933,10.03974,6.628412e-06,99.99993397825043,1000000.0,0.0,0.0,-6.0,-6.0,-12.0,0.0,0.0,0.0,5.0,0.0,0.0,0.0,0.0,-6.00002689,-6.00651459,-11.88508567,0.0,0.0,0.0,4.99714059,0.00093858,0.00287816,0.0,0.0,-2.689e-05,-0.00651459,0.11491433,0.0,0.0,0.0,-0.00285941,0.00093858,0.00287816
LM_normal,4,9,126,G2,run227_u0065007.log,0.045756189999999995,50,555224.335731,0.191579,99.9999654952084,20.89842,2.041219e-06,99.99999023266352,1000000.0,0.0,0.0,-15.0,-12.0,-22.0,0.0,0.0,0.0,15.0,0.0,0.0,0.0,0.0,-14.99756203,-11.99822339,-22.02845362,0.0,0.0,0.0,14.99197326,0.00210041,0.00296084,0.0,0.0,0.00243797,0.00177661,-0.02845362,0.0,0.0,0.0,-0.00802674,0.00210041,0.00296084
LM_normal,4,9,126,G3,run228_u0065092.log,0.13008278,50,744769.893302,0.402051,99.99994601674912,22.98409,2.419261e-06,99.99998947419279,1000000.0,0.0,0.0,-18.0,-8.0,-25.0,0.0,0.0,0.0,25.0,0.0,0.0,0.0,0.0,-18.00015585,-8.00944026,-24.88493684,0.0,0.0,0.0,25.00335454,0.00168175,-0.00038722,0.0,0.0,-0.00015585,-0.00944026,0.11506316,0.0,0.0,0.0,0.00335454,0.00168175,-0.00038722
LM_normal,4,9,126,G4,run229_u0065009.log,0.10222579,37,63146.987313,0.399259,99.99936773072321,5.217352,4.569078e-06,99.99991242534527,1000000.0,0.0,0.0,-7.0,-2.0,-8.0,0.0,0.0,0.0,3.0,0.0,0.0,0.0,0.0,-7.00155738,-2.00412686,-7.90901977,0.0,0.0,0.0,2.99758871,-0.00174244,-0.00140759,0.0,0.0,-0.00155738,-0.00412686,0.09098023,0.0,0.0,0.0,-0.00241129,-0.00174244,-0.00140759
LM_normal,4,10,140,G0,run230_u0065064.log,0.04603554,46,150435.328127,0.283004,99.99981187663595,9.736559,5.507645e-06,99.99994343335258,1000000.0,0.0,0.0,-10.0,5.0,-19.0,0.0,0.0,0.0,10.0,0.0,0.0,0.0,0.0,-9.9969745,4.99847751,-18.96978822,0.0,0.0,0.0,10.00473872,-0.00336223,0.00317482,0.0,0.0,0.0030255,-0.00152249,0.03021178,0.0,0.0,0.0,0.00473872,-0.00336223,0.00317482
LM_normal,4,10,140,G1,run231_u0065083.log,0.17486991000000002,45,118247.663171,0.376252,99.9996818102025,6.815133,1.00255e-05,99.99985289355321,1000000.0,0.0,0.0,-6.0,-6.0,-12.0,0.0,0.0,0.0,5.0,0.0,0.0,0.0,0.0,-6.0001673,-6.00893281,-11.85603568,0.0,0.0,0.0,4.98744819,-0.00483414,-0.00441953,0.0,0.0,-0.0001673,-0.00893281,0.14396432,0.0,0.0,0.0,-0.01255181,-0.00483414,-0.00441953
LM_normal,4,10,140,G2,run232_u0065007.log,0.05415767,48,616908.442631,0.340234,99.9999448485421,20.57608,5.171912e-06,99.99997486444452,1000000.0,0.0,0.0,-15.0,-12.0,-22.0,0.0,0.0,0.0,15.0,0.0,0.0,0.0,0.0,-14.99938367,-12.00306559,-21.95963466,0.0,0.0,0.0,15.00930217,0.00036061,0.00044763,0.0,0.0,0.00061633,-0.00306559,0.04036534,0.0,0.0,0.0,0.00930217,0.00036061,0.00044763
LM_normal,4,10,140,G3,run233_u0065092.log,0.18754577,63,828272.065987,0.440232,99.99994684934842,22.07869,1.781392e-06,99.99999193162274,1000000.0,0.0,0.0,-18.0,-8.0,-25.0,0.0,0.0,0.0,25.0,0.0,0.0,0.0,0.0,-18.00320553,-8.01104733,-24.84814422,0.0,0.0,0.0,25.01310343,0.00459664,0.00373706,0.0,0.0,-0.00320553,-0.01104733,0.15185578,0.0,0.0,0.0,0.01310343,0.00459664,0.00373706
LM_normal,4,10,140,G4,run234_u0065009.log,0.08187914,46,70153.906546,0.525399,99.99925107663154,5.651684,3.2142e-06,99.99994312845517,1000000.0,0.0,0.0,-7.0,-2.0,-8.0,0.0,0.0,0.0,3.0,0.0,0.0,0.0,0.0,-7.00126222,-2.00451317,-7.94509165,0.0,0.0,0.0,3.01895136,-0.00060527,-0.00163877,0.0,0.0,-0.00126222,-0.00451317,0.05490835,0.0,0.0,0.0,0.01895136,-0.00060527,-0.00163877
LM_normal,4,12,168,G0,run235_u0065064.log,0.09362509,43,180551.687982,0.341021,99.99981112278495,10.3162,3.883092e-06,99.99996235927958,1000000.0,0.0,0.0,-10.0,5.0,-19.0,0.0,0.0,0.0,10.0,0.0,0.0,0.0,0.0,-9.99760948,4.9989323,-18.91857693,0.0,0.0,0.0,9.99327766,-0.00177385,-0.00024761,0.0,0.0,0.00239052,-0.0010677,0.08142307,0.0,0.0,0.0,-0.00672234,-0.00177385,-0.00024761
LM_normal,4,12,168,G1,run236_u0065083.log,0.22683875,40,141948.507677,0.663921,99.99953228039459,6.569377,4.313179e-06,99.99993434416993,1000000.0,0.0,0.0,-6.0,-6.0,-12.0,0.0,0.0,0.0,5.0,0.0,0.0,0.0,0.0,-6.00224318,-6.01199701,-11.81031619,0.0,0.0,0.0,4.98330219,-0.00332676,0.00289018,0.0,0.0,-0.00224318,-0.01199701,0.18968381,0.0,0.0,0.0,-0.01669781,-0.00332676,0.00289018
LM_normal,4,12,168,G2,run237_u0065007.log,0.08667584,41,740215.583797,0.338059,99.99995432965646,19.46036,3.95908e-06,99.99997965566926,1000000.0,0.0,0.0,-15.0,-12.0,-22.0,0.0,0.0,0.0,15.0,0.0,0.0,0.0,0.0,-14.99925935,-12.0032034,-21.92787734,0.0,0.0,0.0,15.00768593,-0.00156384,-0.00135936,0.0,0.0,0.00074065,-0.0032034,0.07212266,0.0,0.0,0.0,0.00768593,-0.00156384,-0.00135936
LM_normal,4,12,168,G3,run238_u0065009.log,0.14484598999999998,53,993826.272097,0.530376,99.99994663292621,22.73548,4.074815e-06,99.99998207728626,1000000.0,0.0,0.0,-18.0,-8.0,-25.0,0.0,0.0,0.0,25.0,0.0,0.0,0.0,0.0,-18.00309445,-8.00808194,-24.87061615,0.0,0.0,0.0,25.00076131,0.00301169,0.00051275,0.0,0.0,-0.00309445,-0.00808194,0.12938385,0.0,0.0,0.0,0.00076131,0.00301169,0.00051275
LM_normal,4,12,168,G4,run239_u0065064.log,0.12587771,44,84186.763802,0.863422,99.9989743969705,4.764419,4.060875e-06,99.99991476662737,1000000.0,0.0,0.0,-7.0,-2.0,-8.0,0.0,0.0,0.0,3.0,0.0,0.0,0.0,0.0,-6.99791425,-2.00470911,-7.89750581,0.0,0.0,0.0,2.99312695,-0.00330724,-0.00640837,0.0,0.0,0.00208575,-0.00470911,0.10249419,0.0,0.0,0.0,-0.00687305,-0.00330724,-0.00640837
LM_normal,4,15,210,G0,run240_u0065083.log,0.060318960000000005,50,225746.661895,0.572097,99.99974657565468,9.442432,5.373048e-06,99.99994309677847,1000000.0,0.0,0.0,-10.0,5.0,-19.0,0.0,0.0,0.0,10.0,0.0,0.0,0.0,0.0,-9.99781843,5.00006836,-18.9465865,0.0,0.0,0.0,10.00245664,0.000246,0.00195289,0.0,0.0,0.00218157,6.836e-05,0.0534135,0.0,0.0,0.0,0.00245664,0.000246,0.00195289
LM_normal,4,15,210,G1,run241_u0065092.log,0.14425818,53,177431.589183,0.662151,99.9996268133521,6.627985,4.899293e-06,99.99992608171262,1000000.0,0.0,0.0,-6.0,-6.0,-12.0,0.0,0.0,0.0,5.0,0.0,0.0,0.0,0.0,-6.00021924,-6.00848188,-11.87853835,0.0,0.0,0.0,4.99306175,-0.00243671,-0.00472045,0.0,0.0,-0.00021924,-0.00848188,0.12146165,0.0,0.0,0.0,-0.00693825,-0.00243671,-0.00472045
LM_normal,4,15,210,G2,run242_u0065007.log,0.01582623,48,925579.797934,0.552299,99.99994032940204,16.41992,5.319331e-06,99.9999676044037,1000000.0,0.0,0.0,-15.0,-12.0,-22.0,0.0,0.0,0.0,15.0,0.0,0.0,0.0,0.0,-15.00104209,-12.00119962,-21.98933398,0.0,0.0,0.0,14.99942078,0.0012217,0.00111758,0.0,0.0,-0.00104209,-0.00119962,0.01066602,0.0,0.0,0.0,-0.00057922,0.0012217,0.00111758
LM_normal,4,15,210,G3,run243_u0065064.log,0.03223852,60,1241828.688391,0.546515,99.99995599111173,22.55249,4.090866e-06,99.99998186069033,1000000.0,0.0,0.0,-18.0,-8.0,-25.0,0.0,0.0,0.0,25.0,0.0,0.0,0.0,0.0,-17.99964326,-8.00314254,-24.97813919,0.0,0.0,0.0,25.00571223,0.00039669,-0.00076951,0.0,0.0,0.00035674,-0.00314254,0.02186081,0.0,0.0,0.0,0.00571223,0.00039669,-0.00076951
LM_normal,4,15,210,G4,run244_u0065009.log,0.01928938,39,105238.450851,0.675185,99.99935842366118,5.809006,6.919347e-06,99.99988088586929,1000000.0,0.0,0.0,-7.0,-2.0,-8.0,0.0,0.0,0.0,3.0,0.0,0.0,0.0,0.0,-7.00038043,-2.00168624,-7.99201795,0.0,0.0,0.0,3.0066599,0.00184188,-0.00073888,0.0,0.0,-0.00038043,-0.00168624,0.00798205,0.0,0.0,0.0,0.0066599,0.00184188,-0.00073888
LM_normal,4,18,252,G0,run245_u0065083.log,0.12246423000000001,45,270823.590208,0.996559,99.99963202651615,11.22879,8.700451e-06,99.9999225165757,1000000.0,0.0,0.0,-10.0,5.0,-19.0,0.0,0.0,0.0,10.0,0.0,0.0,0.0,0.0,-10.00089194,4.99887036,-18.88893459,0.0,0.0,0.0,9.99584435,-0.00378059,0.001441,0.0,0.0,-0.00089194,-0.00112964,0.11106541,0.0,0.0,0.0,-0.00415565,-0.00378059,0.001441
LM_normal,4,18,252,G1,run246_u0065092.log,0.0642567,49,212937.402189,0.559199,99.99973738808013,7.231448,3.825391e-06,99.99994710062217,1000000.0,0.0,0.0,-6.0,-6.0,-12.0,0.0,0.0,0.0,5.0,0.0,0.0,0.0,0.0,-5.99868531,-6.00314657,-11.94365803,0.0,0.0,0.0,4.99741067,-0.00070766,0.00015648,0.0,0.0,0.00131469,-0.00314657,0.05634197,0.0,0.0,0.0,-0.00258933,-0.00070766,0.00015648
LM_normal,4,18,252,G2,run247_u0065007.log,0.02735963,50,1110428.989237,0.496059,99.99995532726497,18.15343,3.071374e-06,99.99998308102656,1000000.0,0.0,0.0,-15.0,-12.0,-22.0,0.0,0.0,0.0,15.0,0.0,0.0,0.0,0.0,-14.9988536,-11.99998021,-21.98624228,0.0,0.0,0.0,15.01120899,-0.00047486,0.00075187,0.0,0.0,0.0011464,1.979e-05,0.01375772,0.0,0.0,0.0,0.01120899,-0.00047486,0.00075187
LM_normal,4,18,252,G3,run248_u0065009.log,0.11481193,58,1490106.934875,0.821172,99.99994489174028,22.14536,4.166491e-06,99.99998118571565,1000000.0,0.0,0.0,-18.0,-8.0,-25.0,0.0,0.0,0.0,25.0,0.0,0.0,0.0,0.0,-18.00120666,-8.00747359,-24.89733291,0.0,0.0,0.0,25.00119094,-0.00062587,0.00164778,0.0,0.0,-0.00120666,-0.00747359,0.10266709,0.0,0.0,0.0,0.00119094,-0.00062587,0.00164778
LM_normal,4,18,252,G4,run249_u0065064.log,0.06620448,47,126308.038983,0.886838,99.99929787683575,5.242762,4.040896e-06,99.99992292429067,1000000.0,0.0,0.0,-7.0,-2.0,-8.0,0.0,0.0,0.0,3.0,0.0,0.0,0.0,0.0,-6.99852877,-2.00327445,-7.94777927,0.0,0.0,0.0,3.00528181,-0.00395272,-3.54e-06,0.0,0.0,0.00147123,-0.00327445,0.05222073,0.0,0.0,0.0,0.00528181,-0.00395272,-3.54e-06
LM_normal,4,24,336,G0,run250_u0065046.log,0.10588600000000001,44,361155.533715,0.994794,99.9997245524692,9.286318,1.563709e-06,99.9999831611517,1000000.0,0.0,0.0,-10.0,5.0,-19.0,0.0,0.0,0.0,10.0,0.0,0.0,0.0,0.0,-9.9986761,4.99817824,-18.90586778,0.0,0.0,0.0,9.99390919,0.0005092,-0.00200811,0.0,0.0,0.0013239,-0.00182176,0.09413222,0.0,0.0,0.0,-0.00609081,0.0005092,-0.00200811
LM_normal,4,24,336,G1,run251_u0065083.log,0.13438624000000002,45,283966.453159,0.998275,99.99964845319265,7.136173,4.600196e-06,99.99993553693275,1000000.0,0.0,0.0,-6.0,-6.0,-12.0,0.0,0.0,0.0,5.0,0.0,0.0,0.0,0.0,-6.00245641,-6.00741436,-11.88285591,0.0,0.0,0.0,4.99414873,-0.00028118,0.00123893,0.0,0.0,-0.00245641,-0.00741436,0.11714409,0.0,0.0,0.0,-0.00585127,-0.00028118,0.00123893
LM_normal,4,24,336,G2,run252_u0065092.log,0.04968756,53,1480503.582829,0.777676,99.99994747219738,20.53285,2.988434e-06,99.99998544559571,1000000.0,0.0,0.0,-15.0,-12.0,-22.0,0.0,0.0,0.0,15.0,0.0,0.0,0.0,0.0,-15.00059377,-12.00036761,-21.95727805,0.0,0.0,0.0,14.99590769,-0.00134773,0.00056419,0.0,0.0,-0.00059377,-0.00036761,0.04272195,0.0,0.0,0.0,-0.00409231,-0.00134773,0.00056419
LM_normal,4,24,336,G3,run253_u0065007.log,0.07946668000000001,57,1987054.901927,0.95089,99.99995214576109,19.80908,5.870047e-06,99.9999703668873,1000000.0,0.0,0.0,-18.0,-8.0,-25.0,0.0,0.0,0.0,25.0,0.0,0.0,0.0,0.0,-18.00255946,-8.00382754,-24.93148028,0.0,0.0,0.0,25.00208968,0.00224298,-0.0002273,0.0,0.0,-0.00255946,-0.00382754,0.06851972,0.0,0.0,0.0,0.00208968,0.00224298,-0.0002273
LM_normal,4,24,336,G4,run254_u0065064.log,0.05024004,46,168425.448229,1.313191,99.9992203131927,5.105286,3.668494e-06,99.99992814322253,1000000.0,0.0,0.0,-7.0,-2.0,-8.0,0.0,0.0,0.0,3.0,0.0,0.0,0.0,0.0,-6.99848306,-2.00359211,-7.96115269,0.0,0.0,0.0,3.00130137,-0.00271459,0.00226772,0.0,0.0,0.00151694,-0.00359211,0.03884731,0.0,0.0,0.0,0.00130137,-0.00271459,0.00226772
LM_normal,4,36,504,G0,run255_u0065009.log,0.06873955,46,541740.516606,1.397055,99.99974211731316,10.5667,7.852086e-06,99.99992569027226,1000000.0,0.0,0.0,-10.0,5.0,-19.0,0.0,0.0,0.0,10.0,0.0,0.0,0.0,0.0,-10.00092863,4.99959816,-18.94297626,0.0,0.0,0.0,10.00530796,0.00171245,-0.00336493,0.0,0.0,-0.00092863,-0.00040184,0.05702374,0.0,0.0,0.0,0.00530796,0.00171245,-0.00336493
LM_normal,4,36,504,G1,run256_u0065078.log,0.08989749000000001,53,425811.822246,1.428305,99.99966456896558,6.835766,4.590494e-06,99.99993284594588,1000000.0,0.0,0.0,-6.0,-6.0,-12.0,0.0,0.0,0.0,5.0,0.0,0.0,0.0,0.0,-5.99864936,-6.00462535,-11.92438622,0.0,0.0,0.0,4.99513314,-0.00162878,0.00181208,0.0,0.0,0.00135064,-0.00462535,0.07561378,0.0,0.0,0.0,-0.00486686,-0.00162878,0.00181208
LM_normal,4,36,504,G2,run257_u0065046.log,0.03019651,51,2220815.037711,1.038673,99.99995323009875,18.27445,4.557763e-06,99.99997505936977,1000000.0,0.0,0.0,-15.0,-12.0,-22.0,0.0,0.0,0.0,15.0,0.0,0.0,0.0,0.0,-14.9993272,-12.00066447,-21.97775776,0.0,0.0,0.0,15.00546514,-0.00070692,-0.00044494,0.0,0.0,0.0006728,-0.00066447,0.02224224,0.0,0.0,0.0,0.00546514,-0.00070692,-0.00044494
LM_normal,4,36,504,G3,run258_u0065083.log,0.09128555,59,2980454.220292,1.556001,99.99994779315885,20.42079,4.371513e-06,99.99997859283113,1000000.0,0.0,0.0,-18.0,-8.0,-25.0,0.0,0.0,0.0,25.0,0.0,0.0,0.0,0.0,-18.00141198,-8.00529815,-24.91909071,0.0,0.0,0.0,25.002321,0.00022351,0.00112162,0.0,0.0,-0.00141198,-0.00529815,0.08090929,0.0,0.0,0.0,0.002321,0.00022351,0.00112162
LM_normal,4,36,504,G4,run259_u0065092.log,0.02646661,45,252611.897838,1.778291,99.99929603830412,5.371332,3.498856e-06,99.9999348605523,1000000.0,0.0,0.0,-7.0,-2.0,-8.0,0.0,0.0,0.0,3.0,0.0,0.0,0.0,0.0,-6.99949817,-2.00182887,-7.98730387,0.0,0.0,0.0,3.01019536,-0.00015953,-0.00108489,0.0,0.0,0.00050183,-0.00182887,0.01269613,0.0,0.0,0.0,0.01019536,-0.00015953,-0.00108489
LM_normal,4,60,840,G0,run260_u0065007.log,0.07828972000000001,45,903026.190161,2.504665,99.9997226365052,10.04928,9.958655e-06,99.99990090180592,1000000.0,0.0,0.0,-10.0,5.0,-19.0,0.0,0.0,0.0,10.0,0.0,0.0,0.0,0.0,-9.99900572,4.99850251,-18.92783367,0.0,0.0,0.0,10.00087299,-0.00162446,0.00113417,0.0,0.0,0.00099428,-0.00149749,0.07216633,0.0,0.0,0.0,0.00087299,-0.00162446,0.00113417
LM_normal,4,60,840,G1,run261_u0065064.log,0.12139215,51,709807.302893,2.348629,99.9996691173801,6.801199,3.698798e-06,99.99994561550103,1000000.0,0.0,0.0,-6.0,-6.0,-12.0,0.0,0.0,0.0,5.0,0.0,0.0,0.0,0.0,-6.00124353,-6.00756855,-11.89464454,0.0,0.0,0.0,4.99369381,-0.00079354,-0.00012488,0.0,0.0,-0.00124353,-0.00756855,0.10535546,0.0,0.0,0.0,-0.00630619,-0.00079354,-0.00012488
LM_normal,4,60,840,G2,run262_u0065065.log,0.05715327,49,3701890.837067,2.031958,99.9999451102669,18.21014,6.954778e-06,99.99996180821235,1000000.0,0.0,0.0,-15.0,-12.0,-22.0,0.0,0.0,0.0,15.0,0.0,0.0,0.0,0.0,-14.99952577,-12.00207148,-21.95044844,0.0,0.0,0.0,15.00283011,-0.00090466,-0.00132123,0.0,0.0,0.00047423,-0.00207148,0.04955156,0.0,0.0,0.0,0.00283011,-0.00090466,-0.00132123
LM_normal,4,60,840,G3,run263_u0065080.log,0.0313135,63,4967718.473859,2.392248,99.99995184413102,22.14164,4.017443e-06,99.99998185571168,1000000.0,0.0,0.0,-18.0,-8.0,-25.0,0.0,0.0,0.0,25.0,0.0,0.0,0.0,0.0,-18.00105163,-8.00188996,-24.97309921,0.0,0.0,0.0,24.9999369,-0.00101717,0.00039085,0.0,0.0,-0.00105163,-0.00188996,0.02690079,0.0,0.0,0.0,-6.31e-05,-0.00101717,0.00039085
LM_normal,4,60,840,G4,run264_u0065014.log,0.00676735,48,421054.523332,3.231132,99.99923260959781,5.861284,2.966719e-06,99.9999493844864,1000000.0,0.0,0.0,-7.0,-2.0,-8.0,0.0,0.0,0.0,3.0,0.0,0.0,0.0,0.0,-7.00054544,-2.00099711,-8.00280933,0.0,0.0,0.0,3.00095038,-0.00099569,-0.0004694,0.0,0.0,-0.00054544,-0.00099711,-0.00280933,0.0,0.0,0.0,0.00095038,-0.00099569,-0.0004694
LM_normal,4,90,1260,G0,run265_u0065009.log,0.05671934,47,1354335.986548,4.186988,99.99969084569548,9.766765,8.399832e-06,99.99991399576011,1000000.0,0.0,0.0,-10.0,5.0,-19.0,0.0,0.0,0.0,10.0,0.0,0.0,0.0,0.0,-9.99922854,4.99819225,-18.94917351,0.0,0.0,0.0,9.99925736,-0.00236114,0.00020986,0.0,0.0,0.00077146,-0.00180775,0.05082649,0.0,0.0,0.0,-0.00074264,-0.00236114,0.00020986
LM_normal,4,90,1260,G1,run266_u0065078.log,0.06809825,35,1064653.975967,3.032236,99.99971519046859,6.796095,0.0005235957,99.99229563889263,0.01562,0.0,0.0,-6.0,-6.0,-12.0,0.0,0.0,0.0,5.0,0.0,0.0,0.0,0.0,-5.99975161,-6.00377081,-11.9417046,0.0,0.0,0.0,5.0047998,-0.00051163,-0.00047222,0.0,0.0,0.00024839,-0.00377081,0.0582954,0.0,0.0,0.0,0.0047998,-0.00051163,-0.00047222
LM_normal,4,90,1260,G2,run267_u0065046.log,0.05636384,52,5552579.285707,3.12323,99.99994375172619,18.13018,6.483197e-06,99.99996424085694,1000000.0,0.0,0.0,-15.0,-12.0,-22.0,0.0,0.0,0.0,15.0,0.0,0.0,0.0,0.0,-14.99842685,-12.00169577,-21.95205829,0.0,0.0,0.0,15.00324596,-0.00170823,0.00019902,0.0,0.0,0.00157315,-0.00169577,0.04794171,0.0,0.0,0.0,0.00324596,-0.00170823,0.00019902
LM_normal,4,90,1260,G3,run268_u0065092.log,0.06285637,63,7450875.55217,3.652877,99.99995097385569,20.67374,1.348197e-05,99.99993478698097,1000000.0,0.0,0.0,-18.0,-8.0,-25.0,0.0,0.0,0.0,25.0,0.0,0.0,0.0,0.0,-18.00057564,-8.00353465,-24.94376422,0.0,0.0,0.0,25.00089361,-0.00156044,5.625e-05,0.0,0.0,-0.00057564,-0.00353465,0.05623578,0.0,0.0,0.0,0.00089361,-0.00156044,5.625e-05
LM_normal,4,90,1260,G4,run269_u0065083.log,0.02715418,42,631514.253858,4.013703,99.99936443192287,5.869576,6.822564e-06,99.99988376393797,1000000.0,0.0,0.0,-7.0,-2.0,-8.0,0.0,0.0,0.0,3.0,0.0,0.0,0.0,0.0,-7.00051128,-2.00135328,-7.98064495,0.0,0.0,0.0,3.00411149,0.00025982,-0.00156326,0.0,0.0,-0.00051128,-0.00135328,0.01935505,0.0,0.0,0.0,0.00411149,0.00025982,-0.00156326
LM_normal,4,180,2520,G0,run270_u0065031.log,0.03221452,53,2708803.454672,8.015443,99.99970409654541,10.10595,9.20028e-06,99.99990896175026,1000000.0,0.0,0.0,-10.0,5.0,-19.0,0.0,0.0,0.0,10.0,0.0,0.0,0.0,0.0,-10.00022052,4.99867493,-18.97177172,0.0,0.0,0.0,9.99915341,-0.001366,-0.00022806,0.0,0.0,-0.00022052,-0.00132507,0.02822828,0.0,0.0,0.0,-0.00084659,-0.001366,-0.00022806
LM_normal,4,180,2520,G1,run271_u0065007.log,0.08473171,55,2129203.435507,6.288518,99.99970465396143,7.008654,1.013462e-05,99.99985539848308,1000000.0,0.0,0.0,-6.0,-6.0,-12.0,0.0,0.0,0.0,5.0,0.0,0.0,0.0,0.0,-6.00045104,-6.00486522,-11.92342104,0.0,0.0,0.0,4.99854924,-0.00094852,0.00043721,0.0,0.0,-0.00045104,-0.00486522,0.07657896,0.0,0.0,0.0,-0.00145076,-0.00094852,0.00043721
LM_normal,4,180,2520,G2,run272_u0065064.log,0.03821696,37,11105274.448277,6.127638,99.99994482227318,18.35315,0.0007657438,99.99582772548582,0.01562,0.0,0.0,-15.0,-12.0,-22.0,0.0,0.0,0.0,15.0,0.0,0.0,0.0,0.0,-14.99929687,-12.00100207,-21.96836327,0.0,0.0,0.0,15.00259707,-0.00127615,-0.00100181,0.0,0.0,0.00070313,-0.00100207,0.03163673,0.0,0.0,0.0,0.00259707,-0.00127615,-0.00100181
LM_normal,4,180,2520,G3,run273_u0065014.log,0.054590190000000004,60,14901744.854881,7.508901,99.9999496105921,20.31746,1.456017e-05,99.99992833666215,1000000.0,0.0,0.0,-18.0,-8.0,-25.0,0.0,0.0,0.0,25.0,0.0,0.0,0.0,0.0,-18.00063652,-8.0027672,-24.95315361,0.0,0.0,0.0,25.00314122,-0.00076889,-0.00042997,0.0,0.0,-0.00063652,-0.0027672,0.04684639,0.0,0.0,0.0,0.00314122,-0.00076889,-0.00042997
LM_normal,4,180,2520,G4,run274_u0065065.log,0.01738852,31,1263035.682566,8.528036,99.99932479849005,5.829175,0.0002255222,99.99613114720351,0.01562,0.0,0.0,-7.0,-2.0,-8.0,0.0,0.0,0.0,3.0,0.0,0.0,0.0,0.0,-7.00067327,-2.00116762,-7.98845875,0.0,0.0,0.0,3.00183728,-0.00068561,-0.00148349,0.0,0.0,-0.00067327,-0.00116762,0.01154125,0.0,0.0,0.0,0.00183728,-0.00068561,-0.00148349
LM_normal,4,360,5040,G0,run275_u0065080.log,0.05269367,49,5417666.91789,16.237464,99.99970028677942,9.945766,1.219693e-05,99.99987736560463,1000000.0,0.0,0.0,-10.0,5.0,-19.0,0.0,0.0,0.0,10.0,0.0,0.0,0.0,0.0,-10.00017537,4.99852497,-18.95100048,0.0,0.0,0.0,10.00054176,-0.0009686,-0.00053339,0.0,0.0,-0.00017537,-0.00147503,0.04899952,0.0,0.0,0.0,0.00054176,-0.0009686,-0.00053339
LM_normal,4,360,5040,G1,run276_u0065034.log,0.08498882,52,4258680.962401,12.172634,99.99971416891503,7.218768,1.732066e-05,99.99976006071951,1000000.0,0.0,0.0,-6.0,-6.0,-12.0,0.0,0.0,0.0,5.0,0.0,0.0,0.0,0.0,-6.00083788,-6.0046879,-11.92200755,0.0,0.0,0.0,5.00058069,-0.00055584,0.00033406,0.0,0.0,-0.00083788,-0.0046879,0.07799245,0.0,0.0,0.0,0.00058069,-0.00055584,0.00033406
LM_normal,4,360,5040,G2,run277_u0065078.log,0.026770969999999998,36,22210432.017353,12.539235,99.99994354348898,18.17842,0.0007246377,99.99601374761944,0.01562,0.0,0.0,-15.0,-12.0,-22.0,0.0,0.0,0.0,15.0,0.0,0.0,0.0,0.0,-14.99971523,-12.00060859,-21.97624582,0.0,0.0,0.0,14.99996288,-0.00128726,-0.00079905,0.0,0.0,0.00028477,-0.00060859,0.02375418,0.0,0.0,0.0,-3.712e-05,-0.00128726,-0.00079905
LM_normal,4,360,5040,G3,run278_u0065009.log,0.04119935,62,29802864.737724,15.711568,99.99994728168537,20.41859,2.633361e-05,99.99987103120246,1000000.0,0.0,0.0,-18.0,-8.0,-25.0,0.0,0.0,0.0,25.0,0.0,0.0,0.0,0.0,-18.00057897,-8.00214226,-24.96280605,0.0,0.0,0.0,25.00002775,-0.00051286,-0.00074356,0.0,0.0,-0.00057897,-0.00214226,0.03719395,0.0,0.0,0.0,2.775e-05,-0.00051286,-0.00074356
LM_normal,4,360,5040,G4,run279_u0065022.log,0.00552264,52,2526032.555724,16.472672,99.99934788362238,5.820354,3.430573e-06,99.99994105903181,1000000.0,0.0,0.0,-7.0,-2.0,-8.0,0.0,0.0,0.0,3.0,0.0,0.0,0.0,0.0,-7.00018483,-2.00024647,-7.99995135,0.0,0.0,0.0,3.00249272,-0.0016091,-0.00094087,0.0,0.0,-0.00018483,-0.00024647,4.865e-05,0.0,0.0,0.0,0.00249272,-0.0016091,-0.00094087
LM_normal,5,3,60,G0,run280_u0065083.log,0.15594249999999998,50,57030.236882,0.141274,99.9997522822844,11.7605,2.129626e-06,99.99998189170527,1000000.0,0.0,0.0,-10.0,5.0,-19.0,0.0,0.0,0.0,10.0,0.0,0.0,0.0,0.0,-10.00411662,4.9989183,-18.87198658,0.0,0.0,0.0,10.01212465,0.00689426,-0.00371185,0.0,0.0,-0.00411662,-0.0010817,0.12801342,0.0,0.0,0.0,0.01212465,0.00689426,-0.00371185
LM_normal,5,3,60,G1,run281_u0065083.log,0.25159696,46,44544.07119,0.161245,99.999638010187,10.39066,6.081639e-06,99.9999414701376,1000000.0,0.0,0.0,-6.0,-6.0,-12.0,0.0,0.0,0.0,5.0,0.0,0.0,0.0,0.0,-6.0063628,-6.01447983,-11.7894209,0.0,0.0,0.0,5.01005282,0.00683492,0.00328749,0.0,0.0,-0.0063628,-0.01447983,0.2105791,0.0,0.0,0.0,0.01005282,0.00683492,0.00328749
LM_normal,5,3,60,G2,run282_u0065046.log,0.12095135,37,233007.83328,0.147064,99.99993688452534,18.5953,3.588377e-06,99.99998070277435,1000000.0,0.0,0.0,-15.0,-12.0,-22.0,0.0,0.0,0.0,15.0,0.0,0.0,0.0,0.0,-14.99840517,-12.00638306,-21.90632543,0.0,0.0,0.0,15.01175216,0.0021476,-0.00539913,0.0,0.0,0.00159483,-0.00638306,0.09367457,0.0,0.0,0.0,0.01175216,0.0021476,-0.00539913
LM_normal,5,3,60,G3,run283_u0065083.log,10.53230473,26,314890.905945,555.738372,99.82351399754394,27.74745,0.0002678335,99.99903474553518,1000000.0,0.0,0.0,-18.0,-8.0,-25.0,0.0,0.0,0.0,25.0,0.0,0.0,0.0,0.0,-18.15157154,-8.65440135,-15.7215975,0.0,0.0,0.0,25.17497045,-0.0773723,0.19558659,0.0,0.0,-0.15157154,-0.65440135,9.2784025,0.0,0.0,0.0,0.17497045,-0.0773723,0.19558659
LM_normal,5,3,60,G4,run284_u0065085.log,0.16574285,55,26370.416902,0.14369,99.99945510910756,6.45009,1.879749e-06,99.9999708570113,1000000.0,0.0,0.0,-7.0,-2.0,-8.0,0.0,0.0,0.0,3.0,0.0,0.0,0.0,0.0,-6.9998513,-2.00258082,-7.85832967,0.0,0.0,0.0,3.00948389,-0.00875406,0.00310505,0.0,0.0,0.0001487,-0.00258082,0.14167033,0.0,0.0,0.0,0.00948389,-0.00875406,0.00310505
LM_normal,5,5,100,G0,run285_u0065046.log,0.07148852,53,95249.929329,0.216236,99.999772980409,13.09212,2.106342e-06,99.9999839113757,1000000.0,0.0,0.0,-10.0,5.0,-19.0,0.0,0.0,0.0,10.0,0.0,0.0,0.0,0.0,-9.99856635,4.99692677,-18.94040558,0.0,0.0,0.0,9.99599369,0.00219848,-0.00118243,0.0,0.0,0.00143365,-0.00307323,0.05959442,0.0,0.0,0.0,-0.00400631,0.00219848,-0.00118243
LM_normal,5,5,100,G1,run286_u0065083.log,0.26719694,37,74376.766222,0.506218,99.99931938691918,10.4117,1.872317e-06,99.9999820171826,1000000.0,0.0,0.0,-6.0,-6.0,-12.0,0.0,0.0,0.0,5.0,0.0,0.0,0.0,0.0,-6.00988358,-6.01330621,-11.76157445,0.0,0.0,0.0,4.99696819,0.00196182,0.00058797,0.0,0.0,-0.00988358,-0.01330621,0.23842555,0.0,0.0,0.0,-0.00303181,0.00196182,0.00058797
LM_normal,5,5,100,G2,run287_u0065085.log,0.10457619,49,389091.99484,0.422805,99.99989133546678,15.22766,5.032079e-06,99.99996695435149,1000000.0,0.0,0.0,-15.0,-12.0,-22.0,0.0,0.0,0.0,15.0,0.0,0.0,0.0,0.0,-15.00223562,-12.00149954,-21.90753536,0.0,0.0,0.0,15.0014902,-0.00444648,0.00243971,0.0,0.0,-0.00223562,-0.00149954,0.09246464,0.0,0.0,0.0,0.0014902,-0.00444648,0.00243971
LM_normal,5,5,100,G3,run288_u0065046.log,0.04380505,56,526624.488237,0.210162,99.99996009262676,27.61668,3.346158e-06,99.99998788356169,1000000.0,0.0,0.0,-18.0,-8.0,-25.0,0.0,0.0,0.0,25.0,0.0,0.0,0.0,0.0,-17.99991584,-7.99995767,-24.96412951,0.0,0.0,0.0,24.99466986,-0.00090384,-0.00157409,0.0,0.0,8.416e-05,4.233e-05,0.03587049,0.0,0.0,0.0,-0.00533014,-0.00090384,-0.00157409
LM_normal,5,5,100,G4,run289_u0065083.log,0.09099375,46,44038.189343,0.233331,99.99947016213999,5.854278,4.413644e-06,99.99992460822668,1000000.0,0.0,0.0,-7.0,-2.0,-8.0,0.0,0.0,0.0,3.0,0.0,0.0,0.0,0.0,-7.00074822,-2.00437707,-7.9294663,0.0,0.0,0.0,2.99957579,-0.00649915,0.0084114,0.0,0.0,-0.00074822,-0.00437707,0.0705337,0.0,0.0,0.0,-0.00042421,-0.00649915,0.0084114
LM_normal,5,6,120,G0,run290_u0065092.log,0.25224713,43,114009.902513,0.539068,99.99952717440493,7.915523,3.035119e-06,99.99996165611546,1000000.0,0.0,0.0,-10.0,5.0,-19.0,0.0,0.0,0.0,10.0,0.0,0.0,0.0,0.0,-10.00598094,4.9926142,-18.77991301,0.0,0.0,0.0,10.0072966,0.00877715,-0.00271965,0.0,0.0,-0.00598094,-0.0073858,0.22008699,0.0,0.0,0.0,0.0072966,0.00877715,-0.00271965
LM_normal,5,6,120,G1,run291_u0065085.log,1.0078839099999999,45,89131.537267,7.351623,99.99175193963279,8.216602,3.088678e-05,99.99962409302533,1000000.0,0.0,0.0,-6.0,-6.0,-12.0,0.0,0.0,0.0,5.0,0.0,0.0,0.0,0.0,-6.01084809,-6.03827771,-11.07582401,0.0,0.0,0.0,5.02259193,-0.00233987,-0.00965032,0.0,0.0,-0.01084809,-0.03827771,0.92417599,0.0,0.0,0.0,0.02259193,-0.00233987,-0.00965032
LM_normal,5,6,120,G2,run292_u0065046.log,0.19534790000000002,44,465985.548721,0.404011,99.99991329967182,21.383,5.070799e-06,99.99997628583922,1000000.0,0.0,0.0,-15.0,-12.0,-22.0,0.0,0.0,0.0,15.0,0.0,0.0,0.0,0.0,-15.00154703,-12.00884111,-21.8270909,0.0,0.0,0.0,15.00658777,0.00279333,-0.00266956,0.0,0.0,-0.00154703,-0.00884111,0.1729091,0.0,0.0,0.0,0.00658777,0.00279333,-0.00266956
LM_normal,5,6,120,G3,run293_u0065083.log,0.11893342,61,628526.167299,0.610778,99.9999028237754,22.89633,9.187839e-06,99.99995987200131,1000000.0,0.0,0.0,-18.0,-8.0,-25.0,0.0,0.0,0.0,25.0,0.0,0.0,0.0,0.0,-17.9992168,-8.00834257,-24.90120225,0.0,0.0,0.0,25.00670862,-0.00010791,0.00419337,0.0,0.0,0.0007832,-0.00834257,0.09879775,0.0,0.0,0.0,0.00670862,-0.00010791,0.00419337
LM_normal,5,6,120,G4,run294_u0065092.log,0.15678603,40,52775.088623,0.3622,99.99931369134671,5.982364,5.063638e-06,99.99991535724006,1000000.0,0.0,0.0,-7.0,-2.0,-8.0,0.0,0.0,0.0,3.0,0.0,0.0,0.0,0.0,-6.99954254,-2.00336723,-7.85391079,0.0,0.0,0.0,3.00253015,-0.00154641,0.00279557,0.0,0.0,0.00045746,-0.00336723,0.14608921,0.0,0.0,0.0,0.00253015,-0.00154641,0.00279557
LM_normal,5,9,180,G0,run295_u0065085.log,0.14133198,49,171437.253458,0.616257,99.99964053495518,7.121977,3.249184e-06,99.99995437806103,1000000.0,0.0,0.0,-10.0,5.0,-19.0,0.0,0.0,0.0,10.0,0.0,0.0,0.0,0.0,-10.00198366,4.99113015,-18.8843966,0.0,0.0,0.0,10.00963211,0.00012525,-0.00511771,0.0,0.0,-0.00198366,-0.00886985,0.1156034,0.0,0.0,0.0,0.00963211,0.00012525,-0.00511771
LM_normal,5,9,180,G1,run296_u0065046.log,0.17406201000000002,53,133836.253256,0.639187,99.99952241116705,9.020569,4.591698e-06,99.99994909746825,1000000.0,0.0,0.0,-6.0,-6.0,-12.0,0.0,0.0,0.0,5.0,0.0,0.0,0.0,0.0,-6.0060927,-6.00644996,-11.85098969,0.0,0.0,0.0,4.9909156,0.00272281,0.00070183,0.0,0.0,-0.0060927,-0.00644996,0.14901031,0.0,0.0,0.0,-0.0090844,0.00272281,0.00070183
LM_normal,5,9,180,G2,run297_u0065092.log,0.07226406,48,700123.654831,0.598555,99.99991450724512,16.39057,8.756802e-06,99.999946574146,1000000.0,0.0,0.0,-15.0,-12.0,-22.0,0.0,0.0,0.0,15.0,0.0,0.0,0.0,0.0,-14.99782928,-12.00450656,-21.95736458,0.0,0.0,0.0,15.02007082,-0.00044899,-0.00243155,0.0,0.0,0.00217072,-0.00450656,0.04263542,0.0,0.0,0.0,0.02007082,-0.00044899,-0.00243155
LM_normal,5,9,180,G3,run298_u0065083.log,0.0952025,55,946819.140228,0.736292,99.99992223520114,18.23143,1.347851e-05,99.9999260699243,1000000.0,0.0,0.0,-18.0,-8.0,-25.0,0.0,0.0,0.0,25.0,0.0,0.0,0.0,0.0,-17.99810707,-8.00526698,-24.9290781,0.0,0.0,0.0,24.99301858,0.00264983,0.00748944,0.0,0.0,0.00189293,-0.00526698,0.0709219,0.0,0.0,0.0,-0.00698142,0.00264983,0.00748944
LM_normal,5,9,180,G4,run299_u0065085.log,0.14475394,50,79188.499588,0.491476,99.99937935937346,5.884603,2.13074e-06,99.9999637912702,1000000.0,0.0,0.0,-7.0,-2.0,-8.0,0.0,0.0,0.0,3.0,0.0,0.0,0.0,0.0,-6.99966846,-2.0020702,-7.86723171,0.0,0.0,0.0,3.006124,0.0003222,0.00313771,0.0,0.0,0.00033154,-0.0020702,0.13276829,0.0,0.0,0.0,0.006124,0.0003222,0.00313771
LM_normal,5,10,200,G0,run300_u0065046.log,0.19773322,43,190505.157462,0.712248,99.99962612665742,12.33253,1.038592e-05,99.99991578435245,1000000.0,0.0,0.0,-10.0,5.0,-19.0,0.0,0.0,0.0,10.0,0.0,0.0,0.0,0.0,-10.00338012,4.99165793,-18.82974701,0.0,0.0,0.0,10.00772562,0.00312541,-0.00490701,0.0,0.0,-0.00338012,-0.00834207,0.17025299,0.0,0.0,0.0,0.00772562,0.00312541,-0.00490701
LM_normal,5,10,200,G1,run301_u0065092.log,0.20740132,43,148789.681667,0.839306,99.99943591115284,8.983595,6.333103e-06,99.99992950368977,1000000.0,0.0,0.0,-6.0,-6.0,-12.0,0.0,0.0,0.0,5.0,0.0,0.0,0.0,0.0,-6.00582919,-6.01049937,-11.82254427,0.0,0.0,0.0,5.005312,0.00121121,-0.00709382,0.0,0.0,-0.00582919,-0.01049937,0.17745573,0.0,0.0,0.0,0.005312,0.00121121,-0.00709382
LM_normal,5,10,200,G2,run302_u0065083.log,0.07186911,48,778038.792893,0.786105,99.99989896326416,15.38604,8.525811e-06,99.99994458735972,1000000.0,0.0,0.0,-15.0,-12.0,-22.0,0.0,0.0,0.0,15.0,0.0,0.0,0.0,0.0,-15.00157178,-12.00393877,-21.9408405,0.0,0.0,0.0,15.00313744,-0.00356772,-0.0004939,0.0,0.0,-0.00157178,-0.00393877,0.0591595,0.0,0.0,0.0,0.00313744,-0.00356772,-0.0004939
LM_normal,5,10,200,G3,run303_u0065065.log,0.04918025,61,1052637.340857,0.770248,99.99992682684054,23.04002,6.047099e-06,99.99997375393338,1000000.0,0.0,0.0,-18.0,-8.0,-25.0,0.0,0.0,0.0,25.0,0.0,0.0,0.0,0.0,-17.99977402,-8.00150696,-24.95683408,0.0,0.0,0.0,25.00019217,0.00224577,0.00184345,0.0,0.0,0.00022598,-0.00150696,0.04316592,0.0,0.0,0.0,0.00019217,0.00224577,0.00184345
LM_normal,5,10,200,G4,run304_u0065085.log,0.07321962,46,88068.728118,0.631995,99.99928238432244,6.151357,1.146626e-05,99.99981359787768,1000000.0,0.0,0.0,-7.0,-2.0,-8.0,0.0,0.0,0.0,3.0,0.0,0.0,0.0,0.0,-6.99976239,-2.00200822,-7.94406675,0.0,0.0,0.0,2.99467984,-0.00607845,0.00364193,0.0,0.0,0.00023761,-0.00200822,0.05593325,0.0,0.0,0.0,-0.00532016,-0.00607845,0.00364193
LM_normal,5,12,240,G0,run305_u0065092.log,0.13607951,56,228456.220082,0.925548,99.9995948685487,8.131565,5.31617e-06,99.99993462303996,1000000.0,0.0,0.0,-10.0,5.0,-19.0,0.0,0.0,0.0,10.0,0.0,0.0,0.0,0.0,-10.00288181,4.99744808,-18.88969201,0.0,0.0,0.0,9.99233317,0.00635025,-0.00632071,0.0,0.0,-0.00288181,-0.00255192,0.11030799,0.0,0.0,0.0,-0.00766683,0.00635025,-0.00632071
LM_normal,5,12,240,G1,run306_u0065046.log,0.19991891,55,178414.143701,0.817816,99.99954161930046,7.580477,6.135114e-06,99.9999190669136,1000000.0,0.0,0.0,-6.0,-6.0,-12.0,0.0,0.0,0.0,5.0,0.0,0.0,0.0,0.0,-6.00331481,-6.01052844,-11.82220677,0.0,0.0,0.0,4.99559203,-0.00339794,-0.00047652,0.0,0.0,-0.00331481,-0.01052844,0.17779323,0.0,0.0,0.0,-0.00440797,-0.00339794,-0.00047652
LM_normal,5,12,240,G2,run307_u0065064.log,0.11984679,48,933565.147847,0.678424,99.9999273297636,21.64471,7.037812e-06,99.9999674848404,1000000.0,0.0,0.0,-15.0,-12.0,-22.0,0.0,0.0,0.0,15.0,0.0,0.0,0.0,0.0,-15.00034478,-12.00534971,-21.90538527,0.0,0.0,0.0,15.01687429,0.00013318,-0.0025301,0.0,0.0,-0.00034478,-0.00534971,0.09461473,0.0,0.0,0.0,0.01687429,0.00013318,-0.0025301
LM_normal,5,12,240,G3,run308_u0065083.log,0.08257858,59,1263138.769468,1.085495,99.99991406367802,20.17866,6.351949e-06,99.99996852145286,1000000.0,0.0,0.0,-18.0,-8.0,-25.0,0.0,0.0,0.0,25.0,0.0,0.0,0.0,0.0,-18.00230357,-8.00490694,-24.93766215,0.0,0.0,0.0,25.01206075,-0.00027626,0.00069321,0.0,0.0,-0.00230357,-0.00490694,0.06233785,0.0,0.0,0.0,0.01206075,-0.00027626,0.00069321
LM_normal,5,12,240,G4,run309_u0065065.log,0.1233696,46,105571.146803,0.774987,99.99926591021935,5.417073,7.993929e-06,99.99985243084228,1000000.0,0.0,0.0,-7.0,-2.0,-8.0,0.0,0.0,0.0,3.0,0.0,0.0,0.0,0.0,-6.99692593,-2.00234352,-7.8933288,0.0,0.0,0.0,3.00936909,-0.00044316,0.00146856,0.0,0.0,0.00307407,-0.00234352,0.1066712,0.0,0.0,0.0,0.00936909,-0.00044316,0.00146856
LM_normal,5,15,300,G0,run310_u0065085.log,0.0814231,53,285649.859843,0.788826,99.99972384863047,8.63061,5.744175e-06,99.9999334441598,1000000.0,0.0,0.0,-10.0,5.0,-19.0,0.0,0.0,0.0,10.0,0.0,0.0,0.0,0.0,-9.99954685,4.99586259,-18.92800404,0.0,0.0,0.0,10.00250072,-0.00013888,-0.00219698,0.0,0.0,0.00045315,-0.00413741,0.07199596,0.0,0.0,0.0,0.00250072,-0.00013888,-0.00219698
LM_normal,5,15,300,G1,run311_u0065064.log,0.18031716,44,223142.020919,1.122226,99.9994970799335,7.928786,6.715059e-06,99.99991530785418,1000000.0,0.0,0.0,-6.0,-6.0,-12.0,0.0,0.0,0.0,5.0,0.0,0.0,0.0,0.0,-6.00297494,-6.00944875,-11.84159987,0.0,0.0,0.0,5.00480556,0.00432046,-0.00036732,0.0,0.0,-0.00297494,-0.00944875,0.15840013,0.0,0.0,0.0,0.00480556,0.00432046,-0.00036732
LM_normal,5,15,300,G2,run312_u0065092.log,0.12994251,54,1166911.683605,1.294799,99.99988904053167,14.17484,5.9663e-06,99.99995790922507,1000000.0,0.0,0.0,-15.0,-12.0,-22.0,0.0,0.0,0.0,15.0,0.0,0.0,0.0,0.0,-14.99936673,-12.00566606,-21.8900401,0.0,0.0,0.0,15.00886001,0.00174042,-0.00308285,0.0,0.0,0.00063327,-0.00566606,0.1099599,0.0,0.0,0.0,0.00886001,0.00174042,-0.00308285
LM_normal,5,15,300,G3,run313_u0065046.log,0.20064715,57,1578476.028495,1.711558,99.99989156895836,19.57111,1.403523e-05,99.99992828597867,1000000.0,0.0,0.0,-18.0,-8.0,-25.0,0.0,0.0,0.0,25.0,0.0,0.0,0.0,0.0,-18.00596658,-8.01173035,-24.82170681,0.0,0.0,0.0,24.9980847,0.00239291,-0.00034882,0.0,0.0,-0.00596658,-0.01173035,0.17829319,0.0,0.0,0.0,-0.0019153,0.00239291,-0.00034882
LM_normal,5,15,300,G4,run314_u0065065.log,0.11819281,49,132036.642632,0.781115,99.99940841043484,5.928644,9.220938e-06,99.99984446800988,1000000.0,0.0,0.0,-7.0,-2.0,-8.0,0.0,0.0,0.0,3.0,0.0,0.0,0.0,0.0,-6.99890565,-2.00490804,-7.90668451,0.0,0.0,0.0,3.00795895,-0.00540556,0.00551042,0.0,0.0,0.00109435,-0.00490804,0.09331549,0.0,0.0,0.0,0.00795895,-0.00540556,0.00551042
LM_normal,5,18,360,G0,run315_u0065083.log,0.16305793,51,342858.878877,1.31004,99.99961790693467,8.020718,6.240289e-06,99.99992219787555,1000000.0,0.0,0.0,-10.0,5.0,-19.0,0.0,0.0,0.0,10.0,0.0,0.0,0.0,0.0,-10.00263767,4.99040071,-18.86560074,0.0,0.0,0.0,10.01398045,0.00011151,-0.00232975,0.0,0.0,-0.00263767,-0.00959929,0.13439926,0.0,0.0,0.0,0.01398045,0.00011151,-0.00232975
LM_normal,5,18,360,G1,run316_u0065064.log,0.10103227000000001,49,267660.660982,1.126097,99.99957928184297,8.239515,5.051493e-06,99.99993869186476,1000000.0,0.0,0.0,-6.0,-6.0,-12.0,0.0,0.0,0.0,5.0,0.0,0.0,0.0,0.0,-6.00252288,-6.00338721,-11.91980735,0.0,0.0,0.0,5.0099707,0.00236583,0.002593,0.0,0.0,-0.00252288,-0.00338721,0.08019265,0.0,0.0,0.0,0.0099707,0.00236583,0.002593
LM_normal,5,18,360,G2,run317_u0065085.log,0.06308502,50,1400241.4069,1.044398,99.99992541300415,18.91271,8.965316e-06,99.99995259634395,1000000.0,0.0,0.0,-15.0,-12.0,-22.0,0.0,0.0,0.0,15.0,0.0,0.0,0.0,0.0,-14.99940091,-12.00239208,-21.94860203,0.0,0.0,0.0,15.00648676,0.00030693,-0.00190219,0.0,0.0,0.00059909,-0.00239208,0.05139797,0.0,0.0,0.0,0.00648676,0.00030693,-0.00190219
LM_normal,5,18,360,G3,run318_u0065092.log,0.273296,57,1893662.01009,3.178808,99.99983213435222,17.72051,3.926132e-05,99.9997784413654,1000000.0,0.0,0.0,-18.0,-8.0,-25.0,0.0,0.0,0.0,25.0,0.0,0.0,0.0,0.0,-17.99987447,-8.01983431,-24.76505036,0.0,0.0,0.0,25.00611364,-0.00183259,0.01044029,0.0,0.0,0.00012553,-0.01983431,0.23494964,0.0,0.0,0.0,0.00611364,-0.00183259,0.01044029
LM_normal,5,18,360,G4,run319_u0065031.log,0.09281267,56,158421.250928,0.955605,99.99939679494108,5.9883,4.172719e-06,99.99993031880501,1000000.0,0.0,0.0,-7.0,-2.0,-8.0,0.0,0.0,0.0,3.0,0.0,0.0,0.0,0.0,-6.99840911,-2.00115574,-7.91921881,0.0,0.0,0.0,2.99385916,0.00174318,-0.00140083,0.0,0.0,0.00159089,-0.00115574,0.08078119,0.0,0.0,0.0,-0.00614084,0.00174318,-0.00140083
LM_normal,5,24,480,G0,run320_u0065046.log,0.09631774000000001,60,457119.897395,1.794689,99.99960739206273,8.647812,5.87939e-06,99.99993201297622,1000000.0,0.0,0.0,-10.0,5.0,-19.0,0.0,0.0,0.0,10.0,0.0,0.0,0.0,0.0,-10.00096692,4.99279671,-18.91731265,0.0,0.0,0.0,10.00458097,-0.00020029,-0.00067892,0.0,0.0,-0.00096692,-0.00720329,0.08268735,0.0,0.0,0.0,0.00458097,-0.00020029,-0.00067892
LM_normal,5,24,480,G1,run321_u0065065.log,0.12018972,52,356974.830952,1.196861,99.99966472118027,7.911168,6.099538e-06,99.99992289965274,1000000.0,0.0,0.0,-6.0,-6.0,-12.0,0.0,0.0,0.0,5.0,0.0,0.0,0.0,0.0,-6.00249534,-6.0064876,-11.8925177,0.0,0.0,0.0,4.99748204,-0.00087587,0.00033065,0.0,0.0,-0.00249534,-0.0064876,0.1074823,0.0,0.0,0.0,-0.00251796,-0.00087587,0.00033065
LM_normal,5,24,480,G2,run322_u0065083.log,0.09438016,48,1866887.48037,1.901774,99.99989813130037,20.81449,9.823771e-06,99.99995280321065,1000000.0,0.0,0.0,-15.0,-12.0,-22.0,0.0,0.0,0.0,15.0,0.0,0.0,0.0,0.0,-15.00327286,-12.00291419,-21.92545828,0.0,0.0,0.0,15.01303096,0.00051235,-0.00010808,0.0,0.0,-0.00327286,-0.00291419,0.07454172,0.0,0.0,0.0,0.01303096,0.00051235,-0.00010808
LM_normal,5,24,480,G3,run323_u0065007.log,0.0673477,60,2525374.215726,1.858163,99.99992642029096,20.14395,7.895734e-06,99.9999608034472,1000000.0,0.0,0.0,-18.0,-8.0,-25.0,0.0,0.0,0.0,25.0,0.0,0.0,0.0,0.0,-17.99964309,-8.00509242,-24.94460247,0.0,0.0,0.0,25.00473723,-0.00026811,0.0014955,0.0,0.0,0.00035691,-0.00509242,0.05539753,0.0,0.0,0.0,0.00473723,-0.00026811,0.0014955
LM_normal,5,24,480,G4,run324_u0065064.log,0.10256282,50,211215.207108,1.418179,99.99932856207684,5.495444,5.076733e-06,99.99990761923877,1000000.0,0.0,0.0,-7.0,-2.0,-8.0,0.0,0.0,0.0,3.0,0.0,0.0,0.0,0.0,-6.99788079,-2.00357026,-7.9112314,0.0,0.0,0.0,3.0046122,-0.00213356,0.00135899,0.0,0.0,0.00211921,-0.00357026,0.0887686,0.0,0.0,0.0,0.0046122,-0.00213356,0.00135899
LM_normal,5,36,720,G0,run325_u0065085.log,0.14071136,53,685663.707425,2.658973,99.99961220450037,8.376681,8.572611e-06,99.99989766100678,1000000.0,0.0,0.0,-10.0,5.0,-19.0,0.0,0.0,0.0,10.0,0.0,0.0,0.0,0.0,-10.00183343,4.99140405,-18.87837201,0.0,0.0,0.0,10.00713948,0.00039453,-0.00111998,0.0,0.0,-0.00183343,-0.00859595,0.12162799,0.0,0.0,0.0,0.00713948,0.00039453,-0.00111998
LM_normal,5,36,720,G1,run326_u0065092.log,0.12843502,53,535375.106968,2.504811,99.9995321390615,7.443538,1.199508e-05,99.99983885243817,1000000.0,0.0,0.0,-6.0,-6.0,-12.0,0.0,0.0,0.0,5.0,0.0,0.0,0.0,0.0,-6.00157837,-6.00587256,-11.88436966,0.0,0.0,0.0,5.00380305,-0.00088961,0.00066109,0.0,0.0,-0.00157837,-0.00587256,0.11563034,0.0,0.0,0.0,0.00380305,-0.00088961,0.00066109
LM_normal,5,36,720,G2,run327_u0065031.log,0.04249116,59,2800500.912502,2.137554,99.9999236724405,17.36175,8.371182e-06,99.99995178376604,1000000.0,0.0,0.0,-15.0,-12.0,-22.0,0.0,0.0,0.0,15.0,0.0,0.0,0.0,0.0,-14.99972841,-12.00144305,-21.97123387,0.0,0.0,0.0,15.00982704,-0.00164666,-0.00053669,0.0,0.0,0.00027159,-0.00144305,0.02876613,0.0,0.0,0.0,0.00982704,-0.00164666,-0.00053669
LM_normal,5,36,720,G3,run328_u0065083.log,0.06759121,62,3787702.268907,2.951242,99.99992208358022,17.16655,5.704548e-06,99.99996676939746,1000000.0,0.0,0.0,-18.0,-8.0,-25.0,0.0,0.0,0.0,25.0,0.0,0.0,0.0,0.0,-18.00089659,-8.00260677,-24.95131949,0.0,0.0,0.0,24.98867621,-0.0013989,0.00268465,0.0,0.0,-0.00089659,-0.00260677,0.04868051,0.0,0.0,0.0,-0.01132379,-0.0013989,0.00268465
LM_normal,5,36,720,G4,run329_u0065046.log,0.04860547,59,316818.643159,2.181025,99.99931158565094,5.711114,5.217929e-06,99.99990863553064,1000000.0,0.0,0.0,-7.0,-2.0,-8.0,0.0,0.0,0.0,3.0,0.0,0.0,0.0,0.0,-6.99751925,-2.00186941,-7.96424144,0.0,0.0,0.0,3.00728837,0.00016186,0.00104652,0.0,0.0,0.00248075,-0.00186941,0.03575856,0.0,0.0,0.0,0.00728837,0.00016186,0.00104652
LM_normal,5,60,1200,G0,run330_u0065065.log,0.07827465,58,1142942.652876,4.181973,99.99963410473924,9.244494,8.786582e-06,99.99990495334843,1000000.0,0.0,0.0,-10.0,5.0,-19.0,0.0,0.0,0.0,10.0,0.0,0.0,0.0,0.0,-9.99989343,4.99508038,-18.92971346,0.0,0.0,0.0,10.00139802,-0.00150907,-5.483e-05,0.0,0.0,0.00010657,-0.00491962,0.07028654,0.0,0.0,0.0,0.00139802,-0.00150907,-5.483e-05
LM_normal,5,60,1200,G1,run331_u0065007.log,0.12421588,53,892474.72947,4.03391,99.99954800849069,7.111039,1.248662e-05,99.99982440512561,1000000.0,0.0,0.0,-6.0,-6.0,-12.0,0.0,0.0,0.0,5.0,0.0,0.0,0.0,0.0,-6.00176873,-6.00592061,-11.88996553,0.0,0.0,0.0,4.99695192,0.00125532,-0.00218867,0.0,0.0,-0.00176873,-0.00592061,0.11003447,0.0,0.0,0.0,-0.00304808,0.00125532,-0.00218867
LM_normal,5,60,1200,G2,run332_u0065014.log,0.06882318999999999,61,4667028.654823,4.185744,99.99991031244268,16.38533,8.683515e-06,99.99994700433254,1000000.0,0.0,0.0,-15.0,-12.0,-22.0,0.0,0.0,0.0,15.0,0.0,0.0,0.0,0.0,-15.00081527,-12.00201775,-21.94281841,0.0,0.0,0.0,15.00608621,-0.00091728,-0.00180509,0.0,0.0,-0.00081527,-0.00201775,0.05718159,0.0,0.0,0.0,0.00608621,-0.00091728,-0.00180509
LM_normal,5,60,1200,G3,run333_u0065064.log,0.09469984999999999,64,6313011.212566,5.120733,99.99991888604617,19.02139,1.493774e-05,99.99992146872546,1000000.0,0.0,0.0,-18.0,-8.0,-25.0,0.0,0.0,0.0,25.0,0.0,0.0,0.0,0.0,-18.00264125,-8.00653535,-24.91637155,0.0,0.0,0.0,24.99960258,-0.00029804,-0.00119934,0.0,0.0,-0.00264125,-0.00653535,0.08362845,0.0,0.0,0.0,-0.00039742,-0.00029804,-0.00119934
LM_normal,5,60,1200,G4,run334_u0065085.log,0.06400518,53,528086.776257,3.979097,99.99924650697974,5.628308,6.315929e-06,99.99988778281146,1000000.0,0.0,0.0,-7.0,-2.0,-8.0,0.0,0.0,0.0,3.0,0.0,0.0,0.0,0.0,-6.99806559,-2.00132461,-7.95091499,0.0,0.0,0.0,3.00922897,-0.00234,9.218e-05,0.0,0.0,0.00193441,-0.00132461,0.04908501,0.0,0.0,0.0,0.00922897,-0.00234,9.218e-05
LM_normal,5,90,1800,G0,run335_u0065092.log,0.14124672000000002,53,1714468.772109,6.27295,99.99963411698702,9.580209,1.346917e-05,99.99985940630314,1000000.0,0.0,0.0,-10.0,5.0,-19.0,0.0,0.0,0.0,10.0,0.0,0.0,0.0,0.0,-10.00204247,4.9919595,-18.87375972,0.0,0.0,0.0,9.99597849,-0.00087665,-2.531e-05,0.0,0.0,-0.00204247,-0.0080405,0.12624028,0.0,0.0,0.0,-0.00402151,-0.00087665,-2.531e-05
LM_normal,5,90,1800,G1,run336_u0065031.log,0.09420089,53,1338565.157317,5.670569,99.99957636959478,7.307045,1.362234e-05,99.99981357251802,1000000.0,0.0,0.0,-6.0,-6.0,-12.0,0.0,0.0,0.0,5.0,0.0,0.0,0.0,0.0,-6.00116494,-6.00351016,-11.91723034,0.0,0.0,0.0,5.00549456,0.00085474,-0.00040683,0.0,0.0,-0.00116494,-0.00351016,0.08276966,0.0,0.0,0.0,0.00549456,0.00085474,-0.00040683
LM_normal,5,90,1800,G2,run337_u0065083.log,0.04466281,63,6999777.250167,6.284922,99.99991021254284,16.14021,1.52778e-05,99.99990534323904,1000000.0,0.0,0.0,-15.0,-12.0,-22.0,0.0,0.0,0.0,15.0,0.0,0.0,0.0,0.0,-14.99979353,-12.00162536,-21.96278716,0.0,0.0,0.0,15.00375452,0.00074873,-0.00111489,0.0,0.0,0.00020647,-0.00162536,0.03721284,0.0,0.0,0.0,0.00375452,0.00074873,-0.00111489
LM_normal,5,90,1800,G3,run338_u0065046.log,0.06256111,45,9470084.986247,7.680979,99.99991889218511,18.50835,0.0009595674,99.99481548922513,0.01562,0.0,0.0,-18.0,-8.0,-25.0,0.0,0.0,0.0,25.0,0.0,0.0,0.0,0.0,-18.00097006,-8.00350575,-24.94475459,0.0,0.0,0.0,25.00148742,-0.00110486,-0.00024761,0.0,0.0,-0.00097006,-0.00350575,0.05524541,0.0,0.0,0.0,0.00148742,-0.00110486,-0.00024761
LM_normal,5,90,1800,G4,run339_u0065078.log,0.06996022,57,792176.845953,5.728301,99.99927689113495,5.889092,8.465706e-06,99.99985624768641,1000000.0,0.0,0.0,-7.0,-2.0,-8.0,0.0,0.0,0.0,3.0,0.0,0.0,0.0,0.0,-6.99898554,-2.0021569,-7.93586395,0.0,0.0,0.0,3.00222824,0.00021901,-0.00020556,0.0,0.0,0.00101446,-0.0021569,0.06413605,0.0,0.0,0.0,0.00222824,0.00021901,-0.00020556
LM_normal,5,180,3600,G0,run340_u0065007.log,0.10778313,56,3428997.40639,13.071961,99.99961878183473,9.297264,1.767447e-05,99.99980989600813,1000000.0,0.0,0.0,-10.0,5.0,-19.0,0.0,0.0,0.0,10.0,0.0,0.0,0.0,0.0,-10.00064538,4.99384348,-18.90058334,0.0,0.0,0.0,10.00044307,0.00058741,-0.00053409,0.0,0.0,-0.00064538,-0.00615652,0.09941666,0.0,0.0,0.0,0.00044307,0.00058741,-0.00053409
LM_normal,5,180,3600,G1,run341_u0065065.log,0.06012762000000001,60,2677260.240551,10.756213,99.9995982380481,6.878779,1.968448e-05,99.99971383758658,1000000.0,0.0,0.0,-6.0,-6.0,-12.0,0.0,0.0,0.0,5.0,0.0,0.0,0.0,0.0,-6.00170663,-6.00250881,-11.94661665,0.0,0.0,0.0,5.0021117,0.00041563,-1.5e-06,0.0,0.0,-0.00170663,-0.00250881,0.05338335,0.0,0.0,0.0,0.0021117,0.00041563,-1.5e-06
LM_normal,5,180,3600,G2,run342_u0065014.log,0.04159601,58,14000074.227991,12.866723,99.999908095323,16.69785,1.388342e-05,99.99991685504422,1000000.0,0.0,0.0,-15.0,-12.0,-22.0,0.0,0.0,0.0,15.0,0.0,0.0,0.0,0.0,-15.00011977,-12.00093681,-21.96639414,0.0,0.0,0.0,15.00550755,0.00057178,-0.00085424,0.0,0.0,-0.00011977,-0.00093681,0.03360586,0.0,0.0,0.0,0.00550755,0.00057178,-0.00085424
LM_normal,5,180,3600,G3,run343_u0065064.log,0.08747697,62,18939152.687751,14.534749,99.9999232555477,18.38391,1.72804e-05,99.99990600258594,1000000.0,0.0,0.0,-18.0,-8.0,-25.0,0.0,0.0,0.0,25.0,0.0,0.0,0.0,0.0,-18.00095574,-8.00533167,-24.92161921,0.0,0.0,0.0,24.99799736,-0.00035383,0.0004523,0.0,0.0,-0.00095574,-0.00533167,0.07838079,0.0,0.0,0.0,-0.00200264,-0.00035383,0.0004523
LM_normal,5,180,3600,G4,run344_u0065085.log,0.051615150000000005,54,1584231.229515,11.652537,99.99926446740963,5.511568,1.511907e-05,99.99972568477791,1000000.0,0.0,0.0,-7.0,-2.0,-8.0,0.0,0.0,0.0,3.0,0.0,0.0,0.0,0.0,-6.99839522,-2.00212692,-7.95516917,0.0,0.0,0.0,3.00288203,-0.00012283,-4.776e-05,0.0,0.0,0.00160478,-0.00212692,0.04483083,0.0,0.0,0.0,0.00288203,-0.00012283,-4.776e-05
LM_normal,5,360,7200,G0,run345_u0065092.log,0.09670779,61,6858735.885679,26.456773,99.99961426167386,9.431777,1.771743e-05,99.99981215172922,1000000.0,0.0,0.0,-10.0,5.0,-19.0,0.0,0.0,0.0,10.0,0.0,0.0,0.0,0.0,-10.00066288,4.99484767,-18.91180575,0.0,0.0,0.0,10.00235331,9.48e-06,0.00033554,0.0,0.0,-0.00066288,-0.00515233,0.08819425,0.0,0.0,0.0,0.00235331,9.48e-06,0.00033554
LM_normal,5,360,7200,G1,run346_u0065046.log,0.05605801,39,5354022.043761,20.351643,99.99961988122512,6.960974,0.003193675,99.95412028546579,0.01562,0.0,0.0,-6.0,-6.0,-12.0,0.0,0.0,0.0,5.0,0.0,0.0,0.0,0.0,-6.00116054,-6.00257445,-11.94831518,0.0,0.0,0.0,5.00054276,9.335e-05,2.09e-06,0.0,0.0,-0.00116054,-0.00257445,0.05168482,0.0,0.0,0.0,0.00054276,9.335e-05,2.09e-06
LM_normal,5,360,7200,G2,run347_u0065031.log,0.05456069,38,27999483.797961,25.622429,99.99990848963795,16.15079,0.003395328,99.97897732556736,0.01562,0.0,0.0,-15.0,-12.0,-22.0,0.0,0.0,0.0,15.0,0.0,0.0,0.0,0.0,-14.99953618,-12.00144278,-21.95228206,0.0,0.0,0.0,15.00394789,0.00046093,-0.00052733,0.0,0.0,0.00046382,-0.00144278,0.04771794,0.0,0.0,0.0,0.00394789,0.00046093,-0.00052733
LM_normal,5,360,7200,G3,run348_u0065083.log,0.04238893,51,37878819.41937,26.926725,99.99992891350519,18.06625,0.001316706,99.9927117913236,0.01562,0.0,0.0,-18.0,-8.0,-25.0,0.0,0.0,0.0,25.0,0.0,0.0,0.0,0.0,-18.00001618,-8.00237598,-24.96084408,0.0,0.0,0.0,24.99976716,-0.0002419,0.00036611,0.0,0.0,-1.618e-05,-0.00237598,0.03915592,0.0,0.0,0.0,-0.00023284,-0.0002419,0.00036611
LM_normal,5,360,7200,G4,run349_u0065080.log,0.07725565,51,3168764.113804,23.453776,99.99925984468526,5.472202,2.79257e-05,99.99948968075374,1000000.0,0.0,0.0,-7.0,-2.0,-8.0,0.0,0.0,0.0,3.0,0.0,0.0,0.0,0.0,-6.99902035,-2.00281297,-7.93178843,0.0,0.0,0.0,3.00410676,-0.00079937,-0.00034533,0.0,0.0,0.00097965,-0.00281297,0.06821157,0.0,0.0,0.0,0.00410676,-0.00079937,-0.00034533
LM_normal,6,3,81,G0,run350_u0065078.log,0.37604638999999995,45,68354.282724,0.531078,99.99922305087723,7.460036,1.004329e-05,99.9998653720974,1000000.0,0.0,0.0,-10.0,5.0,-19.0,0.0,0.0,0.0,10.0,0.0,0.0,0.0,0.0,-9.99966697,4.98798201,-18.66124343,0.0,0.0,0.0,10.01217111,-0.00644073,-0.00632696,0.0,0.0,0.00033303,-0.01201799,0.33875657,0.0,0.0,0.0,0.01217111,-0.00644073,-0.00632696
LM_normal,6,3,81,G1,run351_u0065078.log,0.048469189999999995,64,53355.886633,0.23914,99.99955180203143,7.90067,6.186823e-06,99.99992169242608,1000000.0,0.0,0.0,-6.0,-6.0,-12.0,0.0,0.0,0.0,5.0,0.0,0.0,0.0,0.0,-6.0022254,-6.00426196,-11.97577658,0.0,0.0,0.0,5.00658034,-0.00289018,0.00828789,0.0,0.0,-0.0022254,-0.00426196,0.02422342,0.0,0.0,0.0,0.00658034,-0.00289018,0.00828789
LM_normal,6,3,81,G2,run352_u0065022.log,0.23517686000000002,53,278726.159416,0.302951,99.9998913087309,17.55076,5.897786e-06,99.99996639583699,1000000.0,0.0,0.0,-15.0,-12.0,-22.0,0.0,0.0,0.0,15.0,0.0,0.0,0.0,0.0,-14.99775067,-12.01024088,-21.79433983,0.0,0.0,0.0,14.98815901,0.00218239,-0.0030031,0.0,0.0,0.00224933,-0.01024088,0.20566017,0.0,0.0,0.0,-0.01184099,0.00218239,-0.0030031
LM_normal,6,3,81,G3,run353_u0065078.log,0.04429359,71,377095.611721,0.189908,99.99994963929727,19.13093,3.958617e-06,99.99997930776497,1000000.0,0.0,0.0,-18.0,-8.0,-25.0,0.0,0.0,0.0,25.0,0.0,0.0,0.0,0.0,-18.00232121,-8.00224551,-24.97649461,0.0,0.0,0.0,25.00852896,-0.0066658,0.00102672,0.0,0.0,-0.00232121,-0.00224551,0.02350539,0.0,0.0,0.0,0.00852896,-0.0066658,0.00102672
LM_normal,6,3,81,G4,run354_u0065034.log,0.30553819,35,31652.458566,0.674388,99.99786939773226,5.87426,5.084944e-06,99.99991343685842,1000000.0,0.0,0.0,-7.0,-2.0,-8.0,0.0,0.0,0.0,3.0,0.0,0.0,0.0,0.0,-6.99670337,-2.00739267,-7.73369521,0.0,0.0,0.0,3.01956385,0.00023111,-0.00874914,0.0,0.0,0.00329663,-0.00739267,0.26630479,0.0,0.0,0.0,0.01956385,0.00023111,-0.00874914
LM_normal,6,5,135,G0,run355_u0065022.log,0.07987121999999999,75,114367.820048,0.398035,99.99965196940902,8.687474,9.396182e-06,99.99989184218566,1000000.0,0.0,0.0,-10.0,5.0,-19.0,0.0,0.0,0.0,10.0,0.0,0.0,0.0,0.0,-10.00183415,4.99549818,-18.93820756,0.0,0.0,0.0,9.99885179,-0.00710454,0.00349006,0.0,0.0,-0.00183415,-0.00450182,0.06179244,0.0,0.0,0.0,-0.00114821,-0.00710454,0.00349006
LM_normal,6,5,135,G1,run356_u0065034.log,0.10035326,51,89278.429825,0.415741,99.99953433208803,6.885901,5.816055e-06,99.99991553676126,1000000.0,0.0,0.0,-6.0,-6.0,-12.0,0.0,0.0,0.0,5.0,0.0,0.0,0.0,0.0,-6.00544615,-6.00573959,-11.91828111,0.0,0.0,0.0,4.99463167,0.00025493,0.00182537,0.0,0.0,-0.00544615,-0.00573959,0.08171889,0.0,0.0,0.0,-0.00536833,0.00025493,0.00182537
LM_normal,6,5,135,G2,run357_u0065078.log,0.16430515999999998,52,466300.666558,0.501768,99.99989239389176,15.66767,6.39314e-06,99.99995919533663,1000000.0,0.0,0.0,-15.0,-12.0,-22.0,0.0,0.0,0.0,15.0,0.0,0.0,0.0,0.0,-14.99551076,-12.00951055,-21.85437529,0.0,0.0,0.0,14.99778086,0.00109278,-0.00136874,0.0,0.0,0.00448924,-0.00951055,0.14562471,0.0,0.0,0.0,-0.00221914,0.00109278,-0.00136874
LM_normal,6,5,135,G3,run358_u0065034.log,0.31449805,54,630287.776994,1.431765,99.9997728394787,17.41649,1.455064e-05,99.99991645480806,1000000.0,0.0,0.0,-18.0,-8.0,-25.0,0.0,0.0,0.0,25.0,0.0,0.0,0.0,0.0,-18.00416776,-8.01870204,-24.73027016,0.0,0.0,0.0,24.98808834,-0.00420792,0.00577883,0.0,0.0,-0.00416776,-0.01870204,0.26972984,0.0,0.0,0.0,-0.01191166,-0.00420792,0.00577883
LM_normal,6,5,135,G4,run359_u0065078.log,0.10943523,43,52809.216033,0.28632,99.99945782190778,7.66221,3.023844e-06,99.9999605356157,1000000.0,0.0,0.0,-7.0,-2.0,-8.0,0.0,0.0,0.0,3.0,0.0,0.0,0.0,0.0,-7.00077788,-2.00204538,-7.91738179,0.0,0.0,0.0,3.01660563,0.00019067,-0.00719746,0.0,0.0,-0.00077788,-0.00204538,0.08261821,0.0,0.0,0.0,0.01660563,0.00019067,-0.00719746
LM_normal,6,6,162,G0,run360_u0065022.log,0.18245083,62,136634.608957,0.613405,99.99955106176634,7.795312,8.397747e-06,99.99989227182952,1000000.0,0.0,0.0,-10.0,5.0,-19.0,0.0,0.0,0.0,10.0,0.0,0.0,0.0,0.0,-9.99883735,4.9933969,-18.83300741,0.0,0.0,0.0,10.0036225,-0.00377534,-0.00029465,0.0,0.0,0.00116265,-0.0066031,0.16699259,0.0,0.0,0.0,0.0036225,-0.00377534,-0.00029465
LM_normal,6,6,162,G1,run361_u0065034.log,0.20793803,52,106916.289472,0.789337,99.99926172428552,8.90983,5.78707e-06,99.99993504848015,1000000.0,0.0,0.0,-6.0,-6.0,-12.0,0.0,0.0,0.0,5.0,0.0,0.0,0.0,0.0,-6.00424577,-6.00773397,-11.82349004,0.0,0.0,0.0,4.98900323,0.00449622,0.00395534,0.0,0.0,-0.00424577,-0.00773397,0.17650996,0.0,0.0,0.0,-0.01099677,0.00449622,0.00395534
LM_normal,6,6,162,G2,run362_u0065078.log,0.15426624,52,558112.663857,0.632573,99.99988665854745,17.5148,6.210571e-06,99.99996454101102,1000000.0,0.0,0.0,-15.0,-12.0,-22.0,0.0,0.0,0.0,15.0,0.0,0.0,0.0,0.0,-14.9961616,-12.00889394,-21.87166293,0.0,0.0,0.0,14.99282932,0.00105434,-0.00497181,0.0,0.0,0.0038384,-0.00889394,0.12833707,0.0,0.0,0.0,-0.00717068,0.00105434,-0.00497181
LM_normal,6,6,162,G3,run363_u0065022.log,0.19647691,67,752420.992204,0.767341,99.9998980170665,18.50505,1.026951e-05,99.99994450428396,1000000.0,0.0,0.0,-18.0,-8.0,-25.0,0.0,0.0,0.0,25.0,0.0,0.0,0.0,0.0,-18.00593937,-8.01525908,-24.84429273,0.0,0.0,0.0,25.01316698,-0.00274531,0.0036589,0.0,0.0,-0.00593937,-0.01525908,0.15570727,0.0,0.0,0.0,0.01316698,-0.00274531,0.0036589
LM_normal,6,6,162,G4,run364_u0065034.log,0.11621050000000001,43,63334.553218,0.733777,99.9988414270525,5.512736,7.61269e-06,99.99986190722719,1000000.0,0.0,0.0,-7.0,-2.0,-8.0,0.0,0.0,0.0,3.0,0.0,0.0,0.0,0.0,-7.00342109,-2.00322487,-7.91161228,0.0,0.0,0.0,3.01336224,0.00092754,0.00688704,0.0,0.0,-0.00342109,-0.00322487,0.08838772,0.0,0.0,0.0,0.01336224,0.00092754,0.00688704
LM_normal,6,9,243,G0,run365_u0065078.log,0.0483932,63,205669.107206,0.508545,99.99975273632151,8.162628,2.877856e-06,99.99996474351153,1000000.0,0.0,0.0,-10.0,5.0,-19.0,0.0,0.0,0.0,10.0,0.0,0.0,0.0,0.0,-9.99768436,5.00286697,-18.97197095,0.0,0.0,0.0,10.0091239,-0.00465561,0.00140203,0.0,0.0,0.00231564,0.00286697,0.02802905,0.0,0.0,0.0,0.0091239,-0.00465561,0.00140203
LM_normal,6,9,243,G1,run366_u0065034.log,0.07316567,56,160644.256109,0.769646,99.99952090039281,8.041227,9.458475e-06,99.99988237522706,1000000.0,0.0,0.0,-6.0,-6.0,-12.0,0.0,0.0,0.0,5.0,0.0,0.0,0.0,0.0,-6.00061575,-6.00410247,-11.95158629,0.0,0.0,0.0,4.99229204,-0.00417044,0.00815534,0.0,0.0,-0.00061575,-0.00410247,0.04841371,0.0,0.0,0.0,-0.00770796,-0.00417044,0.00815534
LM_normal,6,9,243,G2,run367_u0065009.log,0.07751419,60,839171.161779,1.195932,99.99985748652308,14.39057,5.219595e-06,99.99996372906007,1000000.0,0.0,0.0,-15.0,-12.0,-22.0,0.0,0.0,0.0,15.0,0.0,0.0,0.0,0.0,-15.00122272,-12.00242113,-21.94083566,0.0,0.0,0.0,14.98936133,0.00371013,0.0003572,0.0,0.0,-0.00122272,-0.00242113,0.05916434,0.0,0.0,0.0,-0.01063867,0.00371013,0.0003572
LM_normal,6,9,243,G3,run368_u0065022.log,0.21303452,60,1133176.31913,1.454007,99.99987168748804,19.32241,1.189277e-05,99.99993845089718,1000000.0,0.0,0.0,-18.0,-8.0,-25.0,0.0,0.0,0.0,25.0,0.0,0.0,0.0,0.0,-18.00567388,-8.015634,-24.82214304,0.0,0.0,0.0,24.99584594,-0.00318384,0.00653178,0.0,0.0,-0.00567388,-0.015634,0.17785696,0.0,0.0,0.0,-0.00415406,-0.00318384,0.00653178
LM_normal,6,9,243,G4,run369_u0065078.log,0.07408179,50,95054.482704,0.881186,99.99907296744463,6.172237,5.319623e-06,99.9999138136951,1000000.0,0.0,0.0,-7.0,-2.0,-8.0,0.0,0.0,0.0,3.0,0.0,0.0,0.0,0.0,-6.99779757,-2.00277036,-7.9347931,0.0,0.0,0.0,2.99933983,-0.00038476,0.00285717,0.0,0.0,0.00220243,-0.00277036,0.0652069,0.0,0.0,0.0,-0.00066017,-0.00038476,0.00285717
LM_normal,6,10,270,G0,run370_u0065034.log,0.13214356,57,228440.899944,0.803825,99.99964812562014,8.233512,4.388449e-06,99.99994670015663,1000000.0,0.0,0.0,-10.0,5.0,-19.0,0.0,0.0,0.0,10.0,0.0,0.0,0.0,0.0,-10.00030569,4.99423499,-18.88481935,0.0,0.0,0.0,10.00382007,-0.00497349,0.00209865,0.0,0.0,-0.00030569,-0.00576501,0.11518065,0.0,0.0,0.0,0.00382007,-0.00497349,0.00209865
LM_normal,6,10,270,G1,run371_u0065009.log,0.07709469,53,178544.456505,0.804387,99.99954947523113,7.618158,1.007283e-05,99.99986777866776,1000000.0,0.0,0.0,-6.0,-6.0,-12.0,0.0,0.0,0.0,5.0,0.0,0.0,0.0,0.0,-6.00279695,-6.00387682,-11.94687707,0.0,0.0,0.0,5.0143724,0.00187908,0.00104651,0.0,0.0,-0.00279695,-0.00387682,0.05312293,0.0,0.0,0.0,0.0143724,0.00187908,0.00104651
LM_normal,6,10,270,G2,run372_u0065022.log,0.11158864,54,932244.2408,0.959395,99.99989708759165,16.28918,9.322475e-06,99.99994276891162,1000000.0,0.0,0.0,-15.0,-12.0,-22.0,0.0,0.0,0.0,15.0,0.0,0.0,0.0,0.0,-14.99789823,-12.00716351,-21.90116343,0.0,0.0,0.0,15.00105866,0.00202205,-0.00040608,0.0,0.0,0.00210177,-0.00716351,0.09883657,0.0,0.0,0.0,0.00105866,0.00202205,-0.00040608
LM_normal,6,10,270,G3,run373_u0065078.log,0.13259061,65,1258710.956748,1.314236,99.9998955887376,14.59432,1.024892e-05,99.99992977459723,1000000.0,0.0,0.0,-18.0,-8.0,-25.0,0.0,0.0,0.0,25.0,0.0,0.0,0.0,0.0,-18.00190527,-8.01152588,-24.89324578,0.0,0.0,0.0,25.00723357,-0.00286545,0.00230622,0.0,0.0,-0.00190527,-0.01152588,0.10675422,0.0,0.0,0.0,0.00723357,-0.00286545,0.00230622
LM_normal,6,10,270,G4,run374_u0065007.log,0.17167405,41,105658.637817,1.036167,99.99901932580107,6.907251,1.326911e-05,99.99980789593428,1000000.0,0.0,0.0,-7.0,-2.0,-8.0,0.0,0.0,0.0,3.0,0.0,0.0,0.0,0.0,-6.99898697,-2.00626442,-7.85008837,0.0,0.0,0.0,3.00510644,-0.00643544,0.00294309,0.0,0.0,0.00101303,-0.00626442,0.14991163,0.0,0.0,0.0,0.00510644,-0.00643544,0.00294309
LM_normal,6,12,324,G0,run375_u0065009.log,0.17327069,54,274070.336905,1.06538,99.99961127496978,7.657732,1.10672e-05,99.9998554767913,1000000.0,0.0,0.0,-10.0,5.0,-19.0,0.0,0.0,0.0,10.0,0.0,0.0,0.0,0.0,-9.99763484,4.99501314,-18.84449412,0.0,0.0,0.0,10.00745234,-0.00246648,0.00049397,0.0,0.0,0.00236516,-0.00498686,0.15550588,0.0,0.0,0.0,0.00745234,-0.00246648,0.00049397
LM_normal,6,12,324,G1,run376_u0065022.log,0.07341893000000001,51,214045.337254,1.095006,99.99948842333403,7.397295,8.310812e-06,99.99988765066149,1000000.0,0.0,0.0,-6.0,-6.0,-12.0,0.0,0.0,0.0,5.0,0.0,0.0,0.0,0.0,-5.99899474,-6.00331126,-11.94835302,0.0,0.0,0.0,4.99130704,-0.00313747,0.005625,0.0,0.0,0.00100526,-0.00331126,0.05164698,0.0,0.0,0.0,-0.00869296,-0.00313747,0.005625
LM_normal,6,12,324,G2,run377_u0065034.log,0.22446905,52,1118566.647891,1.584382,99.99985835604852,16.59412,3.143889e-05,99.99981054198715,1000000.0,0.0,0.0,-15.0,-12.0,-22.0,0.0,0.0,0.0,15.0,0.0,0.0,0.0,0.0,-14.99354745,-12.00826804,-21.80861752,0.0,0.0,0.0,14.98623748,0.00331628,-0.00128718,0.0,0.0,0.00645255,-0.00826804,0.19138248,0.0,0.0,0.0,-0.01376252,0.00331628,-0.00128718
LM_normal,6,12,324,G3,run378_u0065078.log,0.07083367,67,1510621.39655,1.3941,99.99990771347453,17.66931,1.071741e-05,99.99993934449054,1000000.0,0.0,0.0,-18.0,-8.0,-25.0,0.0,0.0,0.0,25.0,0.0,0.0,0.0,0.0,-18.00327769,-8.0057216,-24.94346703,0.0,0.0,0.0,25.00369228,7.467e-05,0.00153446,0.0,0.0,-0.00327769,-0.0057216,0.05653297,0.0,0.0,0.0,0.00369228,7.467e-05,0.00153446
LM_normal,6,12,324,G4,run379_u0065007.log,0.1537701,48,126776.993924,1.541304,99.99878423998528,4.947264,4.879759e-06,99.99990136449155,1000000.0,0.0,0.0,-7.0,-2.0,-8.0,0.0,0.0,0.0,3.0,0.0,0.0,0.0,0.0,-7.00119454,-2.00765786,-7.86706975,0.0,0.0,0.0,2.99445383,0.00557179,0.00086949,0.0,0.0,-0.00119454,-0.00765786,0.13293025,0.0,0.0,0.0,-0.00554617,0.00557179,0.00086949
LM_normal,6,15,405,G0,run380_u0065022.log,0.05932391,56,342652.579164,1.316901,99.9996156745695,8.128114,5.048812e-06,99.99993788458184,1000000.0,0.0,0.0,-10.0,5.0,-19.0,0.0,0.0,0.0,10.0,0.0,0.0,0.0,0.0,-9.9989083,4.99758499,-18.95421515,0.0,0.0,0.0,9.99642503,-0.00419357,0.00226381,0.0,0.0,0.0010917,-0.00241501,0.04578485,0.0,0.0,0.0,-0.00357497,-0.00419357,0.00226381
LM_normal,6,15,405,G1,run381_u0065085.log,0.03675427,60,267752.644373,1.22719,99.99954167025955,6.576771,1.900847e-05,99.99971097564443,1000000.0,0.0,0.0,-6.0,-6.0,-12.0,0.0,0.0,0.0,5.0,0.0,0.0,0.0,0.0,-6.00051069,-5.99899723,-11.98796562,0.0,0.0,0.0,4.9833055,-0.00341496,0.00309697,0.0,0.0,-0.00051069,0.00100277,0.01203438,0.0,0.0,0.0,-0.0166945,-0.00341496,0.00309697
LM_normal,6,15,405,G2,run382_u0065009.log,0.12526539,53,1398580.317803,1.429214,99.9998978096587,14.6145,7.734847e-06,99.99994707415924,1000000.0,0.0,0.0,-15.0,-12.0,-22.0,0.0,0.0,0.0,15.0,0.0,0.0,0.0,0.0,-14.99682263,-12.0066601,-21.90147093,0.0,0.0,0.0,14.98463563,0.00103105,0.00050343,0.0,0.0,0.00317737,-0.0066601,0.09852907,0.0,0.0,0.0,-0.01536437,0.00103105,0.00050343
LM_normal,6,15,405,G3,run383_u0065034.log,0.19917744,69,1887935.087315,2.415604,99.99987205047375,15.75936,1.605013e-05,99.99989815493777,1000000.0,0.0,0.0,-18.0,-8.0,-25.0,0.0,0.0,0.0,25.0,0.0,0.0,0.0,0.0,-18.0046359,-8.01431571,-24.83020083,0.0,0.0,0.0,25.00382838,-0.00352129,0.00307699,0.0,0.0,-0.0046359,-0.01431571,0.16979917,0.0,0.0,0.0,0.00382838,-0.00352129,0.00307699
LM_normal,6,15,405,G4,run384_u0065007.log,0.10664883,49,158376.641244,1.25942,99.99920479434967,5.099768,6.216018e-06,99.9998781117494,1000000.0,0.0,0.0,-7.0,-2.0,-8.0,0.0,0.0,0.0,3.0,0.0,0.0,0.0,0.0,-7.00137628,-2.00164683,-7.90211652,0.0,0.0,0.0,2.99709924,0.00195547,-0.00088601,0.0,0.0,-0.00137628,-0.00164683,0.09788348,0.0,0.0,0.0,-0.00290076,0.00195547,-0.00088601
LM_normal,6,18,486,G0,run385_u0065078.log,0.047999,59,411291.491142,1.35263,99.99967112618931,8.185547,5.940613e-06,99.99992742558315,1000000.0,0.0,0.0,-10.0,5.0,-19.0,0.0,0.0,0.0,10.0,0.0,0.0,0.0,0.0,-10.00056178,4.99796515,-18.96541154,0.0,0.0,0.0,10.00820539,-0.0019945,-0.00061402,0.0,0.0,-0.00056178,-0.00203485,0.03458846,0.0,0.0,0.0,0.00820539,-0.0019945,-0.00061402
LM_normal,6,18,486,G1,run386_u0065065.log,0.06367728,57,321314.658727,1.589803,99.99950521927438,6.422407,5.227308e-06,99.99991860827257,1000000.0,0.0,0.0,-6.0,-6.0,-12.0,0.0,0.0,0.0,5.0,0.0,0.0,0.0,0.0,-6.00122446,-6.00404205,-11.96065442,0.0,0.0,0.0,4.98829821,-0.00233056,0.00503284,0.0,0.0,-0.00122446,-0.00404205,0.03934558,0.0,0.0,0.0,-0.01170179,-0.00233056,0.00503284
LM_normal,6,18,486,G2,run000_u0065007.log,0.06718463000000001,55,1678448.574551,2.317751,99.99986191111034,14.51885,1.188354e-05,99.9999181509555,1000000.0,0.0,0.0,-15.0,-12.0,-22.0,0.0,0.0,0.0,15.0,0.0,0.0,0.0,0.0,-14.99945414,-12.00331849,-21.94413199,0.0,0.0,0.0,15.00242984,0.00253293,-0.0024895,0.0,0.0,0.00054586,-0.00331849,0.05586801,0.0,0.0,0.0,0.00242984,0.00253293,-0.0024895
LM_normal,6,18,486,G3,run388_u0065022.log,0.11944087,64,2265541.337406,2.409087,99.99989366395748,18.70306,2.177986e-05,99.99988354921602,1000000.0,0.0,0.0,-18.0,-8.0,-25.0,0.0,0.0,0.0,25.0,0.0,0.0,0.0,0.0,-18.00317993,-8.00808327,-24.90442483,0.0,0.0,0.0,24.9931185,0.00097403,0.00474697,0.0,0.0,-0.00317993,-0.00808327,0.09557517,0.0,0.0,0.0,-0.0068815,0.00097403,0.00474697
LM_normal,6,18,486,G4,run389_u0065064.log,0.07797946,55,190078.823934,1.883551,99.99900906846905,5.646912,3.692834e-06,99.99993460436428,1000000.0,0.0,0.0,-7.0,-2.0,-8.0,0.0,0.0,0.0,3.0,0.0,0.0,0.0,0.0,-6.9990275,-2.00240142,-7.93409322,0.0,0.0,0.0,2.99429851,-0.00045068,0.00254659,0.0,0.0,0.0009725,-0.00240142,0.06590678,0.0,0.0,0.0,-0.00570149,-0.00045068,0.00254659
LM_normal,6,24,648,G0,run390_u0065009.log,0.10673401,62,548327.746369,2.350799,99.9995712784889,8.686398,7.394555e-06,99.99991487202175,1000000.0,0.0,0.0,-10.0,5.0,-19.0,0.0,0.0,0.0,10.0,0.0,0.0,0.0,0.0,-9.99913497,4.99946051,-18.90063444,0.0,0.0,0.0,9.99666281,-0.00220512,0.00042162,0.0,0.0,0.00086503,-0.00053949,0.09936556,0.0,0.0,0.0,-0.00333719,-0.00220512,0.00042162
LM_normal,6,24,648,G1,run391_u0065085.log,0.09071258,58,428275.474817,2.503498,99.99941544679834,6.425243,1.405264e-05,99.99978129013954,1000000.0,0.0,0.0,-6.0,-6.0,-12.0,0.0,0.0,0.0,5.0,0.0,0.0,0.0,0.0,-6.00145805,-6.00346033,-11.92077022,0.0,0.0,0.0,4.99955834,-0.00151995,0.00460281,0.0,0.0,-0.00145805,-0.00346033,0.07922978,0.0,0.0,0.0,-0.00044166,-0.00151995,0.00460281
LM_normal,6,24,648,G2,run392_u0065007.log,0.11256352,56,2237459.56088,2.5249,99.99988715326774,15.57127,2.281136e-05,99.99985350353568,1000000.0,0.0,0.0,-15.0,-12.0,-22.0,0.0,0.0,0.0,15.0,0.0,0.0,0.0,0.0,-14.99759345,-12.00580132,-21.90251195,0.0,0.0,0.0,14.99418271,-0.000198,0.00085231,0.0,0.0,0.00240655,-0.00580132,0.09748805,0.0,0.0,0.0,-0.00581729,-0.000198,0.00085231
LM_normal,6,24,648,G3,run393_u0065034.log,0.14057137,63,3020922.937738,3.209825,99.99989374687584,18.45311,1.197304e-05,99.99993511641128,1000000.0,0.0,0.0,-18.0,-8.0,-25.0,0.0,0.0,0.0,25.0,0.0,0.0,0.0,0.0,-18.00144404,-8.01075001,-24.88253258,0.0,0.0,0.0,24.99074147,-0.00158284,6.853e-05,0.0,0.0,-0.00144404,-0.01075001,0.11746742,0.0,0.0,0.0,-0.00925853,-0.00158284,6.853e-05
LM_normal,6,24,648,G4,run394_u0065078.log,0.10285988,55,253596.185564,2.760235,99.99891156288733,5.009781,7.61711e-06,99.99984795522998,1000000.0,0.0,0.0,-7.0,-2.0,-8.0,0.0,0.0,0.0,3.0,0.0,0.0,0.0,0.0,-7.00163604,-2.00487845,-7.91118832,0.0,0.0,0.0,3.00456837,0.00203096,0.00093438,0.0,0.0,-0.00163604,-0.00487845,0.08881168,0.0,0.0,0.0,0.00456837,0.00203096,0.00093438
LM_normal,6,36,972,G0,run395_u0065065.log,0.04105348,61,822550.160376,2.790982,99.99966069157428,7.969247,9.518244e-06,99.99988056281855,1000000.0,0.0,0.0,-10.0,5.0,-19.0,0.0,0.0,0.0,10.0,0.0,0.0,0.0,0.0,-9.99984519,4.99961419,-18.96639534,0.0,0.0,0.0,10.0048085,-0.00184776,-0.00025194,0.0,0.0,0.00015481,-0.00038581,0.03360466,0.0,0.0,0.0,0.0048085,-0.00184776,-0.00025194
LM_normal,6,36,972,G1,run396_u0065064.log,0.15503478999999998,61,642480.045604,4.589603,99.99928564271663,6.082256,2.600396e-05,99.9995724619286,1000000.0,0.0,0.0,-6.0,-6.0,-12.0,0.0,0.0,0.0,5.0,0.0,0.0,0.0,0.0,-6.00257963,-6.00713535,-11.86119823,0.0,0.0,0.0,5.00077929,0.00043553,0.00530322,0.0,0.0,-0.00257963,-0.00713535,0.13880177,0.0,0.0,0.0,0.00077929,0.00043553,0.00530322
LM_normal,6,36,972,G2,run397_u0065022.log,0.06328468,59,3356651.102638,4.391698,99.99986916429901,13.74325,2.30729e-05,99.99983211467448,1000000.0,0.0,0.0,-15.0,-12.0,-22.0,0.0,0.0,0.0,15.0,0.0,0.0,0.0,0.0,-14.9991784,-12.00304682,-21.94369828,0.0,0.0,0.0,14.99811777,0.00118404,4.827e-05,0.0,0.0,0.0008216,-0.00304682,0.05630172,0.0,0.0,0.0,-0.00188223,0.00118404,4.827e-05
LM_normal,6,36,972,G3,run398_u0065007.log,0.07584062999999999,69,4531060.52634,4.382881,99.99990327030561,16.83123,1.930229e-05,99.9998853186012,1000000.0,0.0,0.0,-18.0,-8.0,-25.0,0.0,0.0,0.0,25.0,0.0,0.0,0.0,0.0,-18.00340835,-8.00411326,-24.94170945,0.0,0.0,0.0,24.99243104,9.961e-05,0.0023599,0.0,0.0,-0.00340835,-0.00411326,0.05829055,0.0,0.0,0.0,-0.00756896,9.961e-05,0.0023599
LM_normal,6,36,972,G4,run399_u0065009.log,0.12688168,51,380225.457356,4.277192,99.99887509057659,5.052747,1.776105e-05,99.99964848724863,1000000.0,0.0,0.0,-7.0,-2.0,-8.0,0.0,0.0,0.0,3.0,0.0,0.0,0.0,0.0,-7.00017912,-2.00590564,-7.89054645,0.0,0.0,0.0,2.99311292,0.00351924,-0.00093705,0.0,0.0,-0.00017912,-0.00590564,0.10945355,0.0,0.0,0.0,-0.00688708,0.00351924,-0.00093705
LM_normal,6,60,1620,G0,run400_u0065085.log,0.06727163,66,1370804.872745,6.479583,99.99952731543861,7.972735,1.291382e-05,99.9998380252197,1000000.0,0.0,0.0,-10.0,5.0,-19.0,0.0,0.0,0.0,10.0,0.0,0.0,0.0,0.0,-9.99855168,4.99813521,-18.94474547,0.0,0.0,0.0,10.00535341,-0.00143093,0.00191965,0.0,0.0,0.00144832,-0.00186479,0.05525453,0.0,0.0,0.0,0.00535341,-0.00143093,0.00191965
LM_normal,6,60,1620,G1,run401_u0065034.log,0.039209539999999994,66,1070978.989719,5.730975,99.9994648844604,6.260874,1.091715e-05,99.99982562897767,1000000.0,0.0,0.0,-6.0,-6.0,-12.0,0.0,0.0,0.0,5.0,0.0,0.0,0.0,0.0,-5.99999345,-6.00116314,-11.96775015,0.0,0.0,0.0,5.00118317,0.00141825,0.00318858,0.0,0.0,6.55e-06,-0.00116314,0.03224985,0.0,0.0,0.0,0.00118317,0.00141825,0.00318858
LM_normal,6,60,1620,G2,run402_u0065078.log,0.08857716,58,5593481.732995,6.071933,99.99989144627104,14.78448,1.797246e-05,99.99987843698257,1000000.0,0.0,0.0,-15.0,-12.0,-22.0,0.0,0.0,0.0,15.0,0.0,0.0,0.0,0.0,-14.99826523,-12.00462271,-21.9264867,0.0,0.0,0.0,14.99449209,0.00276444,0.00043403,0.0,0.0,0.00173477,-0.00462271,0.0735133,0.0,0.0,0.0,-0.00550791,0.00276444,0.00043403
LM_normal,6,60,1620,G3,run403_u0065065.log,0.058886879999999996,69,7552445.66281,7.752447,99.99989735183348,14.76901,2.874415e-05,99.9998053752418,1000000.0,0.0,0.0,-18.0,-8.0,-25.0,0.0,0.0,0.0,25.0,0.0,0.0,0.0,0.0,-18.00115811,-8.00384917,-24.95215459,0.0,0.0,0.0,25.00298423,-0.00197478,0.00107518,0.0,0.0,-0.00115811,-0.00384917,0.04784541,0.0,0.0,0.0,0.00298423,-0.00197478,0.00107518
LM_normal,6,60,1620,G4,run404_u0065022.log,0.07351979,58,633811.257752,5.635016,99.9991109315382,5.052895,7.891629e-06,99.9998438196519,1000000.0,0.0,0.0,-7.0,-2.0,-8.0,0.0,0.0,0.0,3.0,0.0,0.0,0.0,0.0,-7.00065623,-2.00268297,-7.93325411,0.0,0.0,0.0,3.00236168,-0.00023306,-0.00083996,0.0,0.0,-0.00065623,-0.00268297,0.06674589,0.0,0.0,0.0,0.00236168,-0.00023306,-0.00083996
LM_normal,6,90,2430,G0,run405_u0065064.log,0.0330918,68,2056390.646116,8.832568,99.9995704819988,8.132459,1.336925e-05,99.9998356063031,1000000.0,0.0,0.0,-10.0,5.0,-19.0,0.0,0.0,0.0,10.0,0.0,0.0,0.0,0.0,-9.99984145,4.99767868,-18.97157686,0.0,0.0,0.0,9.99987116,-0.00132996,0.00072999,0.0,0.0,0.00015855,-0.00232132,0.02842314,0.0,0.0,0.0,-0.00012884,-0.00132996,0.00072999
LM_normal,6,90,2430,G1,run406_u0065009.log,0.04636444,62,1606627.76139,8.252066,99.9994863734962,6.402118,2.270532e-05,99.99964534674305,1000000.0,0.0,0.0,-6.0,-6.0,-12.0,0.0,0.0,0.0,5.0,0.0,0.0,0.0,0.0,-6.00138452,-6.00077513,-11.96174617,0.0,0.0,0.0,4.9963097,-0.00032306,0.0019376,0.0,0.0,-0.00138452,-0.00077513,0.03825383,0.0,0.0,0.0,-0.0036903,-0.00032306,0.0019376
LM_normal,6,90,2430,G2,run407_u0065007.log,0.04143817,66,8391207.009698,8.910604,99.99989381022313,14.10312,1.466062e-05,99.99989604697402,1000000.0,0.0,0.0,-15.0,-12.0,-22.0,0.0,0.0,0.0,15.0,0.0,0.0,0.0,0.0,-14.99900359,-12.00218988,-21.96664136,0.0,0.0,0.0,15.00410489,0.000197,0.00059135,0.0,0.0,0.00099641,-0.00218988,0.03335864,0.0,0.0,0.0,0.00410489,0.000197,0.00059135
LM_normal,6,90,2430,G3,run408_u0065046.log,0.11689265,50,11327900.822798,12.696124,99.99988792165293,15.60514,0.000960648,99.99384402831375,0.01562,0.0,0.0,-18.0,-8.0,-25.0,0.0,0.0,0.0,25.0,0.0,0.0,0.0,0.0,-18.00081999,-8.00837416,-24.90374403,0.0,0.0,0.0,25.00631543,-0.00110485,0.00402225,0.0,0.0,-0.00081999,-0.00837416,0.09625597,0.0,0.0,0.0,0.00631543,-0.00110485,0.00402225
LM_normal,6,90,2430,G4,run409_u0065078.log,0.09572034,50,950501.820204,8.98896,99.9990542932366,5.49642,2.248812e-05,99.99959085877717,1000000.0,0.0,0.0,-7.0,-2.0,-8.0,0.0,0.0,0.0,3.0,0.0,0.0,0.0,0.0,-6.99838656,-2.00258106,-7.91245334,0.0,0.0,0.0,2.99722511,-0.00066178,0.00054251,0.0,0.0,0.00161344,-0.00258106,0.08754666,0.0,0.0,0.0,-0.00277489,-0.00066178,0.00054251
LM_normal,6,180,4860,G0,run410_u0065031.log,0.03588303,63,4112603.538138,17.828392,99.99956649378346,7.997199,2.368411e-05,99.9997038449337,1000000.0,0.0,0.0,-10.0,5.0,-19.0,0.0,0.0,0.0,10.0,0.0,0.0,0.0,0.0,-9.99989239,4.99810763,-18.96876573,0.0,0.0,0.0,9.99909803,-0.0010809,0.00066591,0.0,0.0,0.00010761,-0.00189237,0.03123427,0.0,0.0,0.0,-0.00090197,-0.0010809,0.00066591
LM_normal,6,180,4860,G1,run411_u0065085.log,0.03731223,47,3213027.034969,17.255695,99.99946294585101,6.059547,0.001390759,99.97704846583416,0.01562,0.0,0.0,-6.0,-6.0,-12.0,0.0,0.0,0.0,5.0,0.0,0.0,0.0,0.0,-6.00100671,-6.00096762,-11.96686572,0.0,0.0,0.0,5.00052897,-0.0004232,0.00125145,0.0,0.0,-0.00100671,-0.00096762,0.03313428,0.0,0.0,0.0,0.00052897,-0.0004232,0.00125145
LM_normal,6,180,4860,G2,run412_u0065034.log,0.07774755,58,16782270.379685,18.682561,99.99988867679654,14.0412,3.298423e-05,99.99976508966469,1000000.0,0.0,0.0,-15.0,-12.0,-22.0,0.0,0.0,0.0,15.0,0.0,0.0,0.0,0.0,-14.99918497,-12.00332954,-21.93286982,0.0,0.0,0.0,15.00453003,0.00080792,0.00113485,0.0,0.0,0.00081503,-0.00332954,0.06713018,0.0,0.0,0.0,0.00453003,0.00080792,0.00113485
LM_normal,6,180,4860,G3,run413_u0065022.log,0.04571372,64,22656591.072398,21.970429,99.99990302853183,15.6664,0.001623057,99.98963988535975,0.01562,0.0,0.0,-18.0,-8.0,-25.0,0.0,0.0,0.0,25.0,0.0,0.0,0.0,0.0,-18.00081261,-8.00291772,-24.96157757,0.0,0.0,0.0,24.9981198,-0.00030308,0.00137768,0.0,0.0,-0.00081261,-0.00291772,0.03842243,0.0,0.0,0.0,-0.0018802,-0.00030308,0.00137768
LM_normal,6,180,4860,G4,run414_u0065065.log,0.07142036,35,1901133.215199,18.561368,99.99902366820739,5.160849,0.001055263,99.97955253098861,0.01562,0.0,0.0,-7.0,-2.0,-8.0,0.0,0.0,0.0,3.0,0.0,0.0,0.0,0.0,-6.99844515,-2.00229465,-7.93636927,0.0,0.0,0.0,2.99729622,-0.00102652,0.00020983,0.0,0.0,0.00155485,-0.00229465,0.06363073,0.0,0.0,0.0,-0.00270378,-0.00102652,0.00020983
LM_normal,6,360,9720,G0,run415_u0065083.log,0.05143534,46,8225154.764029,36.264965,99.9995590968676,8.123443,0.002887101,99.96445963860397,0.01562,0.0,0.0,-10.0,5.0,-19.0,0.0,0.0,0.0,10.0,0.0,0.0,0.0,0.0,-9.99977227,4.99808783,-18.95422662,0.0,0.0,0.0,10.00329086,-0.00022805,3.15e-06,0.0,0.0,0.00022773,-0.00191217,0.04577338,0.0,0.0,0.0,0.00329086,-0.00022805,3.15e-06
LM_normal,6,360,9720,G1,run416_u0065009.log,0.03629835,49,6426033.946554,36.085472,99.99943844878038,6.072226,0.001393475,99.97705166112065,0.01562,0.0,0.0,-6.0,-6.0,-12.0,0.0,0.0,0.0,5.0,0.0,0.0,0.0,0.0,-6.00065081,-6.00123871,-11.96905351,0.0,0.0,0.0,5.0026518,1.849e-05,0.00079205,0.0,0.0,-0.00065081,-0.00123871,0.03094649,0.0,0.0,0.0,0.0026518,1.849e-05,0.00079205
LM_normal,6,360,9720,G2,run417_u0065046.log,0.06455024,61,33565024.669269,37.721193,99.99988761756211,13.45453,7.532296e-05,99.99944016654612,1000000.0,0.0,0.0,-15.0,-12.0,-22.0,0.0,0.0,0.0,15.0,0.0,0.0,0.0,0.0,-14.99928688,-12.00282506,-21.94592444,0.0,0.0,0.0,15.0051128,0.00061378,0.00120992,0.0,0.0,0.00071312,-0.00282506,0.05407556,0.0,0.0,0.0,0.0051128,0.00061378,0.00120992
LM_normal,6,360,9720,G3,run418_u0065064.log,0.04244459,62,45313746.39676,43.944234,99.99990302228906,15.70425,0.00333671,99.9787528216884,0.01562,0.0,0.0,-18.0,-8.0,-25.0,0.0,0.0,0.0,25.0,0.0,0.0,0.0,0.0,-18.00046849,-8.00273876,-24.96232893,0.0,0.0,0.0,24.99953618,-0.00024116,0.00086129,0.0,0.0,-0.00046849,-0.00273876,0.03767107,0.0,0.0,0.0,-0.00046382,-0.00024116,0.00086129
LM_normal,6,360,9720,G4,run419_u0065007.log,0.06167297,57,3802555.320441,37.459419,99.9990148882569,5.191113,4.101906e-05,99.99920982147759,1000000.0,0.0,0.0,-7.0,-2.0,-8.0,0.0,0.0,0.0,3.0,0.0,0.0,0.0,0.0,-6.99911056,-2.00213595,-7.94413808,0.0,0.0,0.0,2.99751401,-0.00021731,-8.236e-05,0.0,0.0,0.00088944,-0.00213595,0.05586192,0.0,0.0,0.0,-0.00248599,-0.00021731,-8.236e-05
LM_normal,7,3,105,G0,run420_u0065078.log,0.29830709,56,81680.440555,0.80013,99.99902041419638,7.407532,1.321485e-05,99.99982160252564,1000000.0,0.0,0.0,-10.0,5.0,-19.0,0.0,0.0,0.0,10.0,0.0,0.0,0.0,0.0,-10.00901373,4.9919467,-18.75856255,0.0,0.0,0.0,9.97369027,-0.00541511,0.00807777,0.0,0.0,-0.00901373,-0.0080533,0.24143745,0.0,0.0,0.0,-0.02630973,-0.00541511,0.00807777
LM_normal,7,3,105,G1,run421_u0065078.log,1.01680028,37,62894.467212,7.028647,99.98882469744707,6.427598,3.074447e-05,99.99952168026064,1000000.0,0.0,0.0,-6.0,-6.0,-12.0,0.0,0.0,0.0,5.0,0.0,0.0,0.0,0.0,-6.00427547,-6.04510318,-11.06148567,0.0,0.0,0.0,4.9997995,0.00350459,0.02520221,0.0,0.0,-0.00427547,-0.04510318,0.93851433,0.0,0.0,0.0,-0.0002005,0.00350459,0.02520221
LM_normal,7,3,105,G2,run422_u0065078.log,0.25860917,56,330245.697559,0.492209,99.99985095672596,11.72023,1.222517e-05,99.99989569172277,1000000.0,0.0,0.0,-15.0,-12.0,-22.0,0.0,0.0,0.0,15.0,0.0,0.0,0.0,0.0,-14.99376558,-12.01442542,-21.7957214,0.0,0.0,0.0,15.01675468,0.00735823,0.00955782,0.0,0.0,0.00623442,-0.01442542,0.2042786,0.0,0.0,0.0,0.01675468,0.00735823,0.00955782
LM_normal,7,3,105,G3,run423_u0065080.log,0.15333865,51,452779.717071,0.544838,99.99987966819637,18.01842,7.529906e-06,99.99995820995403,1000000.0,0.0,0.0,-18.0,-8.0,-25.0,0.0,0.0,0.0,25.0,0.0,0.0,0.0,0.0,-17.99918583,-8.01057815,-24.90110041,0.0,0.0,0.0,24.96786574,0.00459091,0.00632157,0.0,0.0,0.00081417,-0.01057815,0.09889959,0.0,0.0,0.0,-0.03213426,0.00459091,0.00632157
LM_normal,7,3,105,G4,run424_u0065078.log,0.19471744000000002,50,37140.960509,0.326292,99.99912147667824,6.826833,9.358726e-06,99.99986291262728,1000000.0,0.0,0.0,-7.0,-2.0,-8.0,0.0,0.0,0.0,3.0,0.0,0.0,0.0,0.0,-6.99968727,-2.00501238,-7.8393243,0.0,0.0,0.0,3.02189057,-0.00569724,0.00112882,0.0,0.0,0.00031273,-0.00501238,0.1606757,0.0,0.0,0.0,0.02189057,-0.00569724,0.00112882
LM_normal,7,5,175,G0,run425_u0065080.log,0.03870371,54,136337.664029,0.451303,99.9996689814196,8.963767,3.964416e-06,99.99995577287984,1000000.0,0.0,0.0,-10.0,5.0,-19.0,0.0,0.0,0.0,10.0,0.0,0.0,0.0,0.0,-9.99980659,4.99948401,-19.0251671,0.0,0.0,0.0,9.98881793,0.00131243,0.00033271,0.0,0.0,0.00019341,-0.00051599,-0.0251671,0.0,0.0,0.0,-0.01118207,0.00131243,0.00033271
LM_normal,7,5,175,G1,run426_u0065092.log,0.17217521,55,105150.49672,0.81565,99.99922430228534,7.134064,4.642073e-06,99.99993493087531,1000000.0,0.0,0.0,-6.0,-6.0,-12.0,0.0,0.0,0.0,5.0,0.0,0.0,0.0,0.0,-5.99913428,-6.00474758,-11.85185045,0.0,0.0,0.0,4.98408413,-0.00076117,0.00173532,0.0,0.0,0.00086572,-0.00474758,0.14814955,0.0,0.0,0.0,-0.01591587,-0.00076117,0.00173532
LM_normal,7,5,175,G2,run427_u0065078.log,0.21491835,65,552159.326705,0.932003,99.99983120759624,15.53043,1.245596e-05,99.99991979642547,1000000.0,0.0,0.0,-15.0,-12.0,-22.0,0.0,0.0,0.0,15.0,0.0,0.0,0.0,0.0,-14.99424011,-12.01126796,-21.82155854,0.0,0.0,0.0,14.99170225,0.00567608,-0.00547521,0.0,0.0,0.00575989,-0.01126796,0.17844146,0.0,0.0,0.0,-0.00829775,0.00567608,-0.00547521
LM_normal,7,5,175,G3,run428_u0065092.log,0.16845994,58,757489.637757,0.961527,99.99987306400615,17.80958,5.584246e-06,99.99996864470695,1000000.0,0.0,0.0,-18.0,-8.0,-25.0,0.0,0.0,0.0,25.0,0.0,0.0,0.0,0.0,-17.99864327,-8.00595849,-24.87029615,0.0,0.0,0.0,24.98127329,0.00872969,-0.00398447,0.0,0.0,0.00135673,-0.00595849,0.12970385,0.0,0.0,0.0,-0.01872671,0.00872969,-0.00398447
LM_normal,7,5,175,G4,run429_u0065080.log,0.1976774,50,62022.337831,0.515006,99.99916964432813,5.451328,4.817812e-06,99.99991162131504,1000000.0,0.0,0.0,-7.0,-2.0,-8.0,0.0,0.0,0.0,3.0,0.0,0.0,0.0,0.0,-7.00125506,-2.00583292,-7.82428921,0.0,0.0,0.0,2.9926611,-0.00631246,-0.00122727,0.0,0.0,-0.00125506,-0.00583292,0.17571079,0.0,0.0,0.0,-0.0073389,-0.00631246,-0.00122727
LM_normal,7,6,210,G0,run430_u0065092.log,0.09417138,58,163068.535775,0.864396,99.99946991858614,6.793092,9.973209e-06,99.99985318601603,1000000.0,0.0,0.0,-10.0,5.0,-19.0,0.0,0.0,0.0,10.0,0.0,0.0,0.0,0.0,-9.99748956,5.00009985,-18.94870894,0.0,0.0,0.0,9.97162443,0.00333073,0.00856373,0.0,0.0,0.00251044,9.985e-05,0.05129106,0.0,0.0,0.0,-0.02837557,0.00333073,0.00856373
LM_normal,7,6,210,G1,run431_u0065078.log,0.25393287999999997,46,125981.836763,1.428466,99.9988661333755,6.679324,1.899515e-05,99.99971561268775,1000000.0,0.0,0.0,-6.0,-6.0,-12.0,0.0,0.0,0.0,5.0,0.0,0.0,0.0,0.0,-6.00164762,-6.00854822,-11.76566922,0.0,0.0,0.0,4.99182479,0.00024214,0.00098891,0.0,0.0,-0.00164762,-0.00854822,0.23433078,0.0,0.0,0.0,-0.00817521,0.00024214,0.00098891
LM_normal,7,6,210,G2,run432_u0065080.log,0.13270025,67,661335.227239,1.077465,99.99983707733149,11.35196,2.601092e-05,99.99977086846677,1000000.0,0.0,0.0,-15.0,-12.0,-22.0,0.0,0.0,0.0,15.0,0.0,0.0,0.0,0.0,-14.99891159,-12.01280711,-21.91078308,0.0,0.0,0.0,15.02547397,-0.00387769,-0.00023615,0.0,0.0,0.00108841,-0.01280711,0.08921692,0.0,0.0,0.0,0.02547397,-0.00387769,-0.00023615
LM_normal,7,6,210,G3,run433_u0065078.log,0.08210203,69,904853.627708,1.076782,99.99988099931669,13.81005,1.212136e-05,99.9999122279789,1000000.0,0.0,0.0,-18.0,-8.0,-25.0,0.0,0.0,0.0,25.0,0.0,0.0,0.0,0.0,-17.99826233,-8.00512095,-24.94730431,0.0,0.0,0.0,24.98474493,-0.00334353,0.00394912,0.0,0.0,0.00173767,-0.00512095,0.05269569,0.0,0.0,0.0,-0.01525507,-0.00334353,0.00394912
LM_normal,7,6,210,G4,run434_u0065092.log,0.1850306,47,74341.61161,0.897588,99.99879261697377,5.087076,6.167054e-06,99.99987877016189,1000000.0,0.0,0.0,-7.0,-2.0,-8.0,0.0,0.0,0.0,3.0,0.0,0.0,0.0,0.0,-6.99752937,-2.00414764,-7.8258357,0.0,0.0,0.0,3.00253128,-4.683e-05,0.00166992,0.0,0.0,0.00247063,-0.00414764,0.1741643,0.0,0.0,0.0,0.00253128,-4.683e-05,0.00166992
LM_normal,7,9,315,G0,run435_u0065080.log,0.09059183000000001,73,245380.144155,1.407595,99.99942636149113,7.58482,9.86361e-06,99.99986995591195,1000000.0,0.0,0.0,-10.0,5.0,-19.0,0.0,0.0,0.0,10.0,0.0,0.0,0.0,0.0,-9.99920929,4.99638019,-18.92212944,0.0,0.0,0.0,10.00163171,0.00319801,0.00348103,0.0,0.0,0.00079071,-0.00361981,0.07787056,0.0,0.0,0.0,0.00163171,0.00319801,0.00348103
LM_normal,7,9,315,G1,run436_u0065092.log,0.12004466,55,189315.938656,1.332286,99.99929626316228,7.623014,1.290175e-05,99.99983075263931,1000000.0,0.0,0.0,-6.0,-6.0,-12.0,0.0,0.0,0.0,5.0,0.0,0.0,0.0,0.0,-5.9997872,-6.00350534,-11.8948241,0.0,0.0,0.0,4.99117511,-0.00144746,0.00087827,0.0,0.0,0.0002128,-0.00350534,0.1051759,0.0,0.0,0.0,-0.00882489,-0.00144746,0.00087827
LM_normal,7,9,315,G2,run437_u0065078.log,0.23357833,53,994177.954422,2.008774,99.99979794623376,13.47065,6.646602e-06,99.99995065863935,1000000.0,0.0,0.0,-15.0,-12.0,-22.0,0.0,0.0,0.0,15.0,0.0,0.0,0.0,0.0,-14.99696095,-12.012654,-21.81925866,0.0,0.0,0.0,15.03004099,0.00376045,0.0033425,0.0,0.0,0.00303905,-0.012654,0.18074134,0.0,0.0,0.0,0.03004099,0.00376045,0.0033425
LM_normal,7,9,315,G3,run438_u0065085.log,0.23078876,65,1361286.157526,2.642105,99.99980591112416,16.19137,2.72738e-05,99.9998315534757,1000000.0,0.0,0.0,-18.0,-8.0,-25.0,0.0,0.0,0.0,25.0,0.0,0.0,0.0,0.0,-18.00418415,-8.0169513,-24.80369606,0.0,0.0,0.0,25.00456512,0.00210356,-0.00668069,0.0,0.0,-0.00418415,-0.0169513,0.19630394,0.0,0.0,0.0,0.00456512,0.00210356,-0.00668069
LM_normal,7,9,315,G4,run439_u0065065.log,0.21185785999999998,47,111664.010988,2.108146,99.99811206316042,5.355947,7.954676e-06,99.99985147956095,1000000.0,0.0,0.0,-7.0,-2.0,-8.0,0.0,0.0,0.0,3.0,0.0,0.0,0.0,0.0,-7.00323806,-2.00715716,-7.81382898,0.0,0.0,0.0,3.0110261,-0.00156717,-0.00269835,0.0,0.0,-0.00323806,-0.00715716,0.18617102,0.0,0.0,0.0,0.0110261,-0.00156717,-0.00269835
LM_normal,7,10,350,G0,run440_u0065092.log,0.01712895,58,272529.082066,1.124917,99.99958723047409,8.60033,5.741548e-06,99.99993324037567,1000000.0,0.0,0.0,-10.0,5.0,-19.0,0.0,0.0,0.0,10.0,0.0,0.0,0.0,0.0,-9.9982775,4.99920276,-19.00744543,0.0,0.0,0.0,10.00258101,0.00343985,-0.00114292,0.0,0.0,0.0017225,-0.00079724,-0.00744543,0.0,0.0,0.0,0.00258101,0.00343985,-0.00114292
LM_normal,7,10,350,G1,run441_u0065078.log,0.15244174,63,210256.602472,1.661023,99.99921000197831,7.267799,1.881893e-05,99.99974106424791,1000000.0,0.0,0.0,-6.0,-6.0,-12.0,0.0,0.0,0.0,5.0,0.0,0.0,0.0,0.0,-5.99918504,-6.00632427,-11.85944514,0.0,0.0,0.0,5.00415738,0.00040792,0.00018235,0.0,0.0,0.00081496,-0.00632427,0.14055486,0.0,0.0,0.0,0.00415738,0.00040792,0.00018235
LM_normal,7,10,350,G2,run442_u0065085.log,0.06021698,66,1104032.722211,1.663315,99.99984934187488,15.60405,1.791951e-05,99.99988516116008,1000000.0,0.0,0.0,-15.0,-12.0,-22.0,0.0,0.0,0.0,15.0,0.0,0.0,0.0,0.0,-14.99671165,-12.00398881,-21.95365153,0.0,0.0,0.0,15.00283306,0.0026778,0.00108049,0.0,0.0,0.00328835,-0.00398881,0.04634847,0.0,0.0,0.0,0.00283306,0.0026778,0.00108049
LM_normal,7,10,350,G3,run443_u0065065.log,0.13393336,71,1513793.684313,1.976575,99.99986942903642,14.18909,3.920377e-06,99.99997237048323,1000000.0,0.0,0.0,-18.0,-8.0,-25.0,0.0,0.0,0.0,25.0,0.0,0.0,0.0,0.0,-17.99995975,-8.01049283,-24.89906972,0.0,0.0,0.0,24.98651723,-0.00625108,-0.00273615,0.0,0.0,4.025e-05,-0.01049283,0.10093028,0.0,0.0,0.0,-0.01348277,-0.00625108,-0.00273615
LM_normal,7,10,350,G4,run444_u0065080.log,0.1088467,53,123958.909537,1.025467,99.99917273634962,4.471488,6.144319e-06,99.9998625889413,1000000.0,0.0,0.0,-7.0,-2.0,-8.0,0.0,0.0,0.0,3.0,0.0,0.0,0.0,0.0,-7.00197212,-2.00568921,-7.90891651,0.0,0.0,0.0,2.99717808,-0.00485133,0.00242863,0.0,0.0,-0.00197212,-0.00568921,0.09108349,0.0,0.0,0.0,-0.00282192,-0.00485133,0.00242863
LM_normal,7,12,420,G0,run445_u0065092.log,0.10498602,64,326997.263165,1.845466,99.99943563258537,7.290594,1.642211e-05,99.99977474935513,1000000.0,0.0,0.0,-10.0,5.0,-19.0,0.0,0.0,0.0,10.0,0.0,0.0,0.0,0.0,-10.00488786,4.99691892,-18.91566795,0.0,0.0,0.0,9.99346371,0.00316941,0.00297933,0.0,0.0,-0.00488786,-0.00308108,0.08433205,0.0,0.0,0.0,-0.00653629,0.00316941,0.00297933
LM_normal,7,12,420,G1,run446_u0065078.log,0.08229075000000001,55,252346.575287,1.980128,99.99921531409818,5.75322,8.880296e-06,99.99984564650752,1000000.0,0.0,0.0,-6.0,-6.0,-12.0,0.0,0.0,0.0,5.0,0.0,0.0,0.0,0.0,-6.000181,-6.00259285,-11.9317982,0.0,0.0,0.0,4.9914261,0.00169634,0.00104486,0.0,0.0,-0.000181,-0.00259285,0.0682018,0.0,0.0,0.0,-0.0085739,0.00169634,0.00104486
LM_normal,7,12,420,G2,run447_u0065080.log,0.16609827,62,1325036.236889,2.337344,99.99982360150348,11.49901,2.543999e-05,99.99977876365007,1000000.0,0.0,0.0,-15.0,-12.0,-22.0,0.0,0.0,0.0,15.0,0.0,0.0,0.0,0.0,-14.99612756,-12.00942972,-21.86791567,0.0,0.0,0.0,15.01641556,0.00376609,-0.00053013,0.0,0.0,0.00387244,-0.00942972,0.13208433,0.0,0.0,0.0,0.01641556,0.00376609,-0.00053013
LM_normal,7,12,420,G3,run448_u0065085.log,0.0748307,71,1816346.029886,2.080929,99.99988543322881,13.84052,1.375007e-05,99.99990065351591,1000000.0,0.0,0.0,-18.0,-8.0,-25.0,0.0,0.0,0.0,25.0,0.0,0.0,0.0,0.0,-17.99696005,-8.00479283,-24.94407124,0.0,0.0,0.0,25.00423207,0.00410337,0.00273372,0.0,0.0,0.00303995,-0.00479283,0.05592876,0.0,0.0,0.0,0.00423207,0.00410337,0.00273372
LM_normal,7,12,420,G4,run449_u0065065.log,0.06413678,56,148775.96042,1.390821,99.99906515743801,4.701201,2.789573e-06,99.99994066254558,1000000.0,0.0,0.0,-7.0,-2.0,-8.0,0.0,0.0,0.0,3.0,0.0,0.0,0.0,0.0,-6.99921202,-2.00152448,-7.96326582,0.0,0.0,0.0,3.02421168,0.00049171,-0.00038675,0.0,0.0,0.00078798,-0.00152448,0.03673418,0.0,0.0,0.0,0.02421168,0.00049171,-0.00038675
LM_normal,7,15,525,G0,run450_u0065078.log,0.03733979,64,408878.351713,1.966826,99.99951897037548,8.080035,8.669894e-06,99.99989269979648,1000000.0,0.0,0.0,-10.0,5.0,-19.0,0.0,0.0,0.0,10.0,0.0,0.0,0.0,0.0,-10.00187236,4.99793948,-18.97228095,0.0,0.0,0.0,10.0031879,-0.00058475,0.00191521,0.0,0.0,-0.00187236,-0.00206052,0.02771905,0.0,0.0,0.0,0.0031879,-0.00058475,0.00191521
LM_normal,7,15,525,G1,run451_u0065092.log,0.11316482,55,315513.295431,2.40624,99.99923735701955,5.621071,5.554235e-06,99.99990118902609,1000000.0,0.0,0.0,-6.0,-6.0,-12.0,0.0,0.0,0.0,5.0,0.0,0.0,0.0,0.0,-5.99964787,-6.00605062,-11.90899262,0.0,0.0,0.0,5.01114964,-0.00083711,0.00376794,0.0,0.0,0.00035213,-0.00605062,0.09100738,0.0,0.0,0.0,0.01114964,-0.00083711,0.00376794
LM_normal,7,15,525,G2,run452_u0065034.log,0.15287347,58,1656740.502485,3.182782,99.99980788892437,13.14465,2.76135e-05,99.99978992593945,1000000.0,0.0,0.0,-15.0,-12.0,-22.0,0.0,0.0,0.0,15.0,0.0,0.0,0.0,0.0,-14.99318458,-12.00515244,-21.87919295,0.0,0.0,0.0,15.01611104,0.00116362,-0.0028239,0.0,0.0,0.00681542,-0.00515244,0.12080705,0.0,0.0,0.0,0.01611104,0.00116362,-0.0028239
LM_normal,7,15,525,G3,run001_u0065022.log,0.16903739,46,2269306.563534,3.720043,99.99983607137706,16.74168,0.003814042,99.97721828394762,0.01562,0.0,0.0,-18.0,-8.0,-25.0,0.0,0.0,0.0,25.0,0.0,0.0,0.0,0.0,-18.0004441,-8.01113232,-24.85116466,0.0,0.0,0.0,25.00221971,-0.00405627,0.00234965,0.0,0.0,-0.0004441,-0.01113232,0.14883534,0.0,0.0,0.0,0.00221971,-0.00405627,0.00234965
LM_normal,7,15,525,G4,run454_u0065085.log,0.09447014,51,186098.853642,1.84005,99.9990112512979,4.2051,7.467482e-06,99.99982241844427,1000000.0,0.0,0.0,-7.0,-2.0,-8.0,0.0,0.0,0.0,3.0,0.0,0.0,0.0,0.0,-7.00117063,-2.00141033,-7.92070696,0.0,0.0,0.0,3.00644864,-0.00187821,-0.00426929,0.0,0.0,-0.00117063,-0.00141033,0.07929304,0.0,0.0,0.0,0.00644864,-0.00187821,-0.00426929
LM_normal,7,18,630,G0,run455_u0065031.log,0.04287551,64,490682.057959,2.709197,99.99944787119152,7.057394,1.169804e-05,99.99983424419835,1000000.0,0.0,0.0,-10.0,5.0,-19.0,0.0,0.0,0.0,10.0,0.0,0.0,0.0,0.0,-9.99716631,5.00155525,-18.96791945,0.0,0.0,0.0,9.99864745,0.00477091,0.00028256,0.0,0.0,0.00283369,0.00155525,0.03208055,0.0,0.0,0.0,-0.00135255,0.00477091,0.00028256
LM_normal,7,18,630,G1,run456_u0065065.log,0.08512345,81,378591.784522,2.313348,99.99938895979929,5.813538,8.570129e-06,99.99985258324621,1000000.0,0.0,0.0,-6.0,-6.0,-12.0,0.0,0.0,0.0,5.0,0.0,0.0,0.0,0.0,-6.00043984,-6.00261143,-11.94188028,0.0,0.0,0.0,4.97809871,-0.00030337,0.0017478,0.0,0.0,-0.00043984,-0.00261143,0.05811972,0.0,0.0,0.0,-0.02190129,-0.00030337,0.0017478
LM_normal,7,18,630,G2,run002_u0065031.log,0.21392512,55,1988200.814106,4.707365,99.99976323493247,12.65552,2.527085e-05,99.99980031756894,1000000.0,0.0,0.0,-15.0,-12.0,-22.0,0.0,0.0,0.0,15.0,0.0,0.0,0.0,0.0,-14.99793631,-12.01016937,-21.81142827,0.0,0.0,0.0,14.99318631,-0.00231255,0.00399409,0.0,0.0,0.00206369,-0.01016937,0.18857173,0.0,0.0,0.0,-0.00681369,-0.00231255,0.00399409
LM_normal,7,18,630,G3,run458_u0065092.log,0.12985054000000001,71,2723154.55118,4.360336,99.99983987923132,15.92223,1.925942e-05,99.99987904068715,1000000.0,0.0,0.0,-18.0,-8.0,-25.0,0.0,0.0,0.0,25.0,0.0,0.0,0.0,0.0,-17.99866733,-8.00754975,-24.91924463,0.0,0.0,0.0,25.03708534,0.00214959,-0.00097782,0.0,0.0,0.00133267,-0.00754975,0.08075537,0.0,0.0,0.0,0.03708534,0.00214959,-0.00097782
LM_normal,7,18,630,G4,run459_u0065078.log,0.24335808,44,223317.169196,4.949498,99.99778364645323,4.471219,2.589892e-05,99.99942076377829,1000000.0,0.0,0.0,-7.0,-2.0,-8.0,0.0,0.0,0.0,3.0,0.0,0.0,0.0,0.0,-7.00378314,-2.00873044,-7.77817339,0.0,0.0,0.0,2.99596515,0.00066454,-0.0043185,0.0,0.0,-0.00378314,-0.00873044,0.22182661,0.0,0.0,0.0,-0.00403485,0.00066454,-0.0043185
LM_normal,7,24,840,G0,run460_u0065022.log,0.14937612,57,654101.536478,3.589201,99.99945127769928,7.703322,1.803171e-05,99.9997659229356,1000000.0,0.0,0.0,-10.0,5.0,-19.0,0.0,0.0,0.0,10.0,0.0,0.0,0.0,0.0,-10.00255337,4.99774846,-18.86043735,0.0,0.0,0.0,9.99657459,-0.00033164,0.00125151,0.0,0.0,-0.00255337,-0.00225154,0.13956265,0.0,0.0,0.0,-0.00342541,-0.00033164,0.00125151
LM_normal,7,24,840,G1,run461_u0065080.log,0.09185538,59,504765.551286,3.94664,99.99921812413903,6.084488,1.697222e-05,99.99972105754831,1000000.0,0.0,0.0,-6.0,-6.0,-12.0,0.0,0.0,0.0,5.0,0.0,0.0,0.0,0.0,-6.00004791,-6.00270616,-11.92162603,0.0,0.0,0.0,4.99059426,0.00015305,0.00116855,0.0,0.0,-4.791e-05,-0.00270616,0.07837397,0.0,0.0,0.0,-0.00940574,0.00015305,0.00116855
LM_normal,7,24,840,G2,run462_u0065034.log,0.06574846,66,2650143.703912,5.304341,99.99979984704255,12.18088,3.927842e-05,99.99967754037475,1000000.0,0.0,0.0,-15.0,-12.0,-22.0,0.0,0.0,0.0,15.0,0.0,0.0,0.0,0.0,-14.99776077,-12.0041241,-21.94783321,0.0,0.0,0.0,15.00265932,0.0038621,0.00069692,0.0,0.0,0.00223923,-0.0041241,0.05216679,0.0,0.0,0.0,0.00265932,0.0038621,0.00069692
LM_normal,7,24,840,G3,run463_u0065085.log,0.09669517,54,3631494.151773,4.266316,99.9998825189902,13.97509,0.002126901,99.98478077064262,0.01562,0.0,0.0,-18.0,-8.0,-25.0,0.0,0.0,0.0,25.0,0.0,0.0,0.0,0.0,-17.99720145,-8.00601192,-24.92536052,0.0,0.0,0.0,25.00669623,0.00440647,0.00214252,0.0,0.0,0.00279855,-0.00601192,0.07463948,0.0,0.0,0.0,0.00669623,0.00440647,0.00214252
LM_normal,7,24,840,G4,run464_u0065078.log,0.06004723,55,297653.915724,3.131325,99.9989479980492,4.74684,8.376317e-06,99.99982353909127,1000000.0,0.0,0.0,-7.0,-2.0,-8.0,0.0,0.0,0.0,3.0,0.0,0.0,0.0,0.0,-6.99922455,-2.00278103,-7.95298088,0.0,0.0,0.0,3.00818156,0.00106824,-0.00022183,0.0,0.0,0.00077545,-0.00278103,0.04701912,0.0,0.0,0.0,0.00818156,0.00106824,-0.00022183
LM_normal,7,36,1260,G0,run465_u0065031.log,0.07495499,65,981300.420321,5.727785,99.99941630668026,7.139285,2.208677e-05,99.99969063050433,1000000.0,0.0,0.0,-10.0,5.0,-19.0,0.0,0.0,0.0,10.0,0.0,0.0,0.0,0.0,-10.00156401,4.9970375,-18.94747109,0.0,0.0,0.0,9.99025858,0.00404066,0.00411749,0.0,0.0,-0.00156401,-0.0029625,0.05252891,0.0,0.0,0.0,-0.00974142,0.00404066,0.00411749
LM_normal,7,36,1260,G1,run466_u0065092.log,0.11923338,57,757265.565429,6.113105,99.99919273960431,5.547744,3.317287e-05,99.99940204757104,1000000.0,0.0,0.0,-6.0,-6.0,-12.0,0.0,0.0,0.0,5.0,0.0,0.0,0.0,0.0,-6.00149845,-6.00638689,-11.89889057,0.0,0.0,0.0,4.99099278,0.00023011,0.00100128,0.0,0.0,-0.00149845,-0.00638689,0.10110943,0.0,0.0,0.0,-0.00900722,0.00023011,0.00100128
LM_normal,7,36,1260,G2,run467_u0065065.log,0.09069374,70,3975583.724379,6.624316,99.99983337500957,12.63122,2.270422e-05,99.99982025315055,1000000.0,0.0,0.0,-15.0,-12.0,-22.0,0.0,0.0,0.0,15.0,0.0,0.0,0.0,0.0,-14.9955959,-12.0030292,-21.91984902,0.0,0.0,0.0,14.99741105,0.00020174,-0.00031877,0.0,0.0,0.0044041,-0.0030292,0.08015098,0.0,0.0,0.0,-0.00258895,0.00020174,-0.00031877
LM_normal,7,36,1260,G3,run468_u0065022.log,0.0497902,82,5446880.53309,7.030797,99.99987092066813,15.30498,1.812231e-05,99.99988159207003,1000000.0,0.0,0.0,-18.0,-8.0,-25.0,0.0,0.0,0.0,25.0,0.0,0.0,0.0,0.0,-17.9987656,-8.00471677,-24.95888687,0.0,0.0,0.0,25.00012644,0.00239454,-0.00020492,0.0,0.0,0.0012344,-0.00471677,0.04111313,0.0,0.0,0.0,0.00012644,0.00239454,-0.00020492
LM_normal,7,36,1260,G4,run469_u0065080.log,0.040366729999999997,54,446593.253143,5.416004,99.99878726246716,4.419604,2.389773e-05,99.99945927893087,1000000.0,0.0,0.0,-7.0,-2.0,-8.0,0.0,0.0,0.0,3.0,0.0,0.0,0.0,0.0,-7.00151645,-2.00248248,-7.97655207,0.0,0.0,0.0,2.98974953,-0.00012021,-0.00254919,0.0,0.0,-0.00151645,-0.00248248,0.02344793,0.0,0.0,0.0,-0.01025047,-0.00012021,-0.00254919
LM_normal,7,60,2100,G0,run470_u0065085.log,0.06315124,68,1635117.324329,9.011411,99.99944888291097,8.209962,1.13232e-05,99.9998620797514,1000000.0,0.0,0.0,-10.0,5.0,-19.0,0.0,0.0,0.0,10.0,0.0,0.0,0.0,0.0,-10.00023313,4.9974597,-18.94579225,0.0,0.0,0.0,9.99504936,0.00097994,0.00023948,0.0,0.0,-0.00023313,-0.0025403,0.05420775,0.0,0.0,0.0,-0.00495064,0.00097994,0.00023948
LM_normal,7,60,2100,G1,run471_u0065034.log,0.09287811,42,1261956.300063,9.825366,99.99922141788907,5.325075,0.00105605,99.98016835443632,0.01562,0.0,0.0,-6.0,-6.0,-12.0,0.0,0.0,0.0,5.0,0.0,0.0,0.0,0.0,-6.00115263,-6.00403313,-11.91760723,0.0,0.0,0.0,4.99649073,0.00105414,0.00073617,0.0,0.0,-0.00115263,-0.00403313,0.08239277,0.0,0.0,0.0,-0.00350927,0.00105414,0.00073617
LM_normal,7,60,2100,G2,run472_u0065078.log,0.09290247,79,6625825.397624,12.165013,99.99981640003666,12.29741,2.302698e-05,99.99981274935129,1000000.0,0.0,0.0,-15.0,-12.0,-22.0,0.0,0.0,0.0,15.0,0.0,0.0,0.0,0.0,-14.99592756,-12.004849,-21.91874795,0.0,0.0,0.0,15.00120588,-0.00132407,0.00019903,0.0,0.0,0.00407244,-0.004849,0.08125205,0.0,0.0,0.0,0.00120588,-0.00132407,0.00019903
LM_normal,7,60,2100,G3,run473_u0065092.log,0.08497127,74,9078313.66757,11.923148,99.99986866340559,14.05243,4.788657e-05,99.99965922925786,1000000.0,0.0,0.0,-18.0,-8.0,-25.0,0.0,0.0,0.0,25.0,0.0,0.0,0.0,0.0,-18.00015376,-8.00647779,-24.9291077,0.0,0.0,0.0,25.00496433,-0.00105089,-0.0014322,0.0,0.0,-0.00015376,-0.00647779,0.0708923,0.0,0.0,0.0,0.00496433,-0.00105089,-0.0014322
LM_normal,7,60,2100,G4,run474_u0065031.log,0.08353313999999999,35,744168.029094,7.805847,99.99895106391368,4.309519,0.0009140273,99.97879050307006,0.01562,0.0,0.0,-7.0,-2.0,-8.0,0.0,0.0,0.0,3.0,0.0,0.0,0.0,0.0,-7.00047354,-2.00176904,-7.92404213,0.0,0.0,0.0,3.00445906,-0.00016806,-0.00070557,0.0,0.0,-0.00047354,-0.00176904,0.07595787,0.0,0.0,0.0,0.00445906,-0.00016806,-0.00070557
LM_normal,7,90,3150,G0,run475_u0065080.log,0.02124574,79,2453153.994083,13.634113,99.9994442210708,7.362753,1.967223e-05,99.99973281420685,1000000.0,0.0,0.0,-10.0,5.0,-19.0,0.0,0.0,0.0,10.0,0.0,0.0,0.0,0.0,-9.99947574,4.99913444,-18.98098319,0.0,0.0,0.0,9.99982496,-0.00040699,0.00025708,0.0,0.0,0.00052426,-0.00086556,0.01901681,0.0,0.0,0.0,-0.00017504,-0.00040699,0.00025708
LM_normal,7,90,3150,G1,run476_u0065065.log,0.07412521999999999,62,1892875.975379,13.606304,99.99928118354414,5.423478,1.832227e-05,99.99966216752422,1000000.0,0.0,0.0,-6.0,-6.0,-12.0,0.0,0.0,0.0,5.0,0.0,0.0,0.0,0.0,-6.00104211,-6.00200903,-11.93405976,0.0,0.0,0.0,4.99676101,-0.00098347,0.00091138,0.0,0.0,-0.00104211,-0.00200903,0.06594024,0.0,0.0,0.0,-0.00323899,-0.00098347,0.00091138
LM_normal,7,90,3150,G2,run477_u0065022.log,0.11645805000000001,44,9938406.109767,19.127186,99.99980754272075,12.00551,0.001481685,99.98765829190098,0.01562,0.0,0.0,-15.0,-12.0,-22.0,0.0,0.0,0.0,15.0,0.0,0.0,0.0,0.0,-14.99759792,-12.00600217,-21.89545649,0.0,0.0,0.0,15.00179587,-0.0005149,0.00119952,0.0,0.0,0.00240208,-0.00600217,0.10454351,0.0,0.0,0.0,0.00179587,-0.0005149,0.00119952
LM_normal,7,90,3150,G3,run478_u0065034.log,0.0467653,59,13616042.803408,18.087863,99.9998671577105,13.62352,0.001624085,99.98807881516672,0.01562,0.0,0.0,-18.0,-8.0,-25.0,0.0,0.0,0.0,25.0,0.0,0.0,0.0,0.0,-17.99967734,-8.00346,-24.96399286,0.0,0.0,0.0,25.00376539,0.00234726,-0.00086285,0.0,0.0,0.00032266,-0.00346,0.03600714,0.0,0.0,0.0,0.00376539,0.00234726,-0.00086285
LM_normal,7,90,3150,G4,run479_u0065083.log,0.0913333,55,1116371.355138,13.477157,99.99879277115649,4.486845,2.388224e-05,99.99946772754575,1000000.0,0.0,0.0,-7.0,-2.0,-8.0,0.0,0.0,0.0,3.0,0.0,0.0,0.0,0.0,-7.00065338,-2.00312214,-7.91541778,0.0,0.0,0.0,3.00007763,-0.00049869,-0.00239924,0.0,0.0,-0.00065338,-0.00312214,0.08458222,0.0,0.0,0.0,7.763e-05,-0.00049869,-0.00239924
LM_normal,7,180,6300,G0,run480_u0065031.log,0.05827819,52,4905808.234087,28.342566,99.99942226510602,7.864134,0.001195516,99.98479786839847,0.01562,0.0,0.0,-10.0,5.0,-19.0,0.0,0.0,0.0,10.0,0.0,0.0,0.0,0.0,-10.00040301,4.99803809,-18.95074351,0.0,0.0,0.0,9.99442878,-0.00038058,-0.00070498,0.0,0.0,-0.00040301,-0.00196191,0.04925649,0.0,0.0,0.0,-0.00557122,-0.00038058,-0.00070498
LM_normal,7,180,6300,G1,run481_u0065085.log,0.06523098000000001,46,3785898.10548,29.162644,99.99922970341021,5.409995,0.003755854,99.93057564748212,0.01562,0.0,0.0,-6.0,-6.0,-12.0,0.0,0.0,0.0,5.0,0.0,0.0,0.0,0.0,-6.0011978,-6.00246854,-11.94171729,0.0,0.0,0.0,4.99767033,-0.00047811,0.00047415,0.0,0.0,-0.0011978,-0.00246854,0.05828271,0.0,0.0,0.0,-0.00232967,-0.00047811,0.00047415
LM_normal,7,180,6300,G2,run482_u0065078.log,0.08295032999999999,54,19875387.729451,36.450106,99.99981660681797,12.00361,0.002888554,99.97593595593325,0.01562,0.0,0.0,-15.0,-12.0,-22.0,0.0,0.0,0.0,15.0,0.0,0.0,0.0,0.0,-14.9983326,-12.00445814,-21.92638992,0.0,0.0,0.0,15.00205768,0.00085071,0.00030632,0.0,0.0,0.0016674,-0.00445814,0.07361008,0.0,0.0,0.0,0.00205768,0.00085071,0.00030632
LM_normal,7,180,6300,G3,run483_u0065009.log,0.034887009999999996,63,27233646.230351,33.984266,99.9998752122073,14.16114,0.004592479,99.96756984960251,0.01562,0.0,0.0,-18.0,-8.0,-25.0,0.0,0.0,0.0,25.0,0.0,0.0,0.0,0.0,-17.99972976,-8.00286505,-24.97187934,0.0,0.0,0.0,25.00222067,0.0002617,-0.00114869,0.0,0.0,0.00027024,-0.00286505,0.02812066,0.0,0.0,0.0,0.00222067,0.0002617,-0.00114869
LM_normal,7,180,6300,G4,run484_u0065092.log,0.09871009,35,2232544.148062,27.848747,99.9987526003898,4.405407,0.003424675,99.9222620066659,0.01562,0.0,0.0,-7.0,-2.0,-8.0,0.0,0.0,0.0,3.0,0.0,0.0,0.0,0.0,-7.00029105,-2.00273945,-7.90903856,0.0,0.0,0.0,2.99708638,0.00020198,-0.00160255,0.0,0.0,-0.00029105,-0.00273945,0.09096144,0.0,0.0,0.0,-0.00291362,0.00020198,-0.00160255
LM_normal,7,360,12600,G0,run485_u0065022.log,0.03943597,54,9811508.789035,52.815133,99.99946170223015,7.790805,0.001758597,99.97742727484516,0.01562,0.0,0.0,-10.0,5.0,-19.0,0.0,0.0,0.0,10.0,0.0,0.0,0.0,0.0,-10.00000527,4.99899312,-18.96346754,0.0,0.0,0.0,9.99913552,0.00082921,-0.00019767,0.0,0.0,-5.27e-06,-0.00100688,0.03653246,0.0,0.0,0.0,-0.00086448,0.00082921,-0.00019767
LM_normal,7,360,12600,G1,run486_u0065083.log,0.05822865,49,7571513.765795,55.745567,99.99926374607874,5.568296,0.003108879,99.9441682159138,0.01562,0.0,0.0,-6.0,-6.0,-12.0,0.0,0.0,0.0,5.0,0.0,0.0,0.0,0.0,-6.00123979,-6.00221536,-11.95077863,0.0,0.0,0.0,4.99610066,-0.00162357,2.922e-05,0.0,0.0,-0.00123979,-0.00221536,0.04922137,0.0,0.0,0.0,-0.00389934,-0.00162357,2.922e-05
LM_normal,7,360,12600,G2,run487_u0065065.log,0.05808246,53,39751425.104075,72.050104,99.9998187483749,11.80141,0.004400043,99.9627159551274,0.01562,0.0,0.0,-15.0,-12.0,-22.0,0.0,0.0,0.0,15.0,0.0,0.0,0.0,0.0,-14.99941239,-12.003276,-21.95090048,0.0,0.0,0.0,15.00459962,6.562e-05,-0.00045409,0.0,0.0,0.00058761,-0.003276,0.04909952,0.0,0.0,0.0,0.00459962,6.562e-05,-0.00045409
LM_normal,7,360,12600,G3,run488_u0065034.log,0.054327,62,54467367.715261,69.626226,99.99987216891705,13.89699,0.002950433,99.9787692658626,0.01562,0.0,0.0,-18.0,-8.0,-25.0,0.0,0.0,0.0,25.0,0.0,0.0,0.0,0.0,-17.99985306,-8.00401636,-24.95354253,0.0,0.0,0.0,25.00200208,0.0013477,-0.00035645,0.0,0.0,0.00014694,-0.00401636,0.04645747,0.0,0.0,0.0,0.00200208,0.0013477,-0.00035645
LM_normal,7,360,12600,G4,run489_u0065007.log,0.05080939,42,4465248.570285,53.014187,99.99881273827951,4.310542,0.003486424,99.91911866303587,0.01562,0.0,0.0,-7.0,-2.0,-8.0,0.0,0.0,0.0,3.0,0.0,0.0,0.0,0.0,-7.00033109,-2.00120825,-7.95358009,0.0,0.0,0.0,3.00069452,0.00077766,-0.00137796,0.0,0.0,-0.00033109,-0.00120825,0.04641991,0.0,0.0,0.0,0.00069452,0.00077766,-0.00137796
