Phantom already exists, skipping: cuboid_phantom_3_normal.npy

################################################################################
Running cuboid=normal scenario=G3 N_ANGLES=90, K=3
view   0 | SOD= 556.844 mm | SDD= 802.742 mm | M= 1.442 | incident=4.7367°
[[ 239.08467    -500.88773     -45.        ]
 [-110.79194     218.66446      20.        ]
 [   0.13558364    0.06322369    0.        ]
 [   0.            0.            0.1496    ]]
               x1         y1  area1          x2        y2  area2          x3         y3  area3
range  354.354806  11.449029  129.0  354.378949  28.80278  175.0  354.349819  45.829794  116.0
FAILURE!!!! Some beads might have been misidentified
           image          x1          y1  area1          x2          y2  area2          x3          y3  area3
0   proj_000.png  506.180891  124.340445   1078  525.570378  364.626050    952  506.133710  662.314501   1062
1   proj_001.png  493.526022  124.338290   1076  537.497338  364.787007    939  493.503305  662.155807   1059
2   proj_002.png  480.938662  124.295539   1076  549.355111  364.927292    949  480.837361  661.898699   1076
3   proj_003.png  468.470037  124.107678   1068  561.009474  365.127368    950  468.474929  661.569536   1057
4   proj_004.png  456.328960  124.077788   1067  572.460064  365.399361    939  456.287453  661.067416   1068
5   proj_005.png  444.456091  123.910293   1059  583.708378  365.742312    943  444.417457  660.532258   1054
6   proj_006.png  432.991589  123.711215   1070  594.723270  366.062893    954  433.002804  659.726168   1070
7   proj_007.png  421.992502  123.515464   1067  605.281053  366.602105    950  421.883008  659.043640   1077
8   proj_008.png  411.458768  123.345024   1055  615.477941  367.052521    952  411.428706  658.179415   1059
9   proj_009.png  401.406748  123.040300   1067  625.188088  367.702194    957  401.402622  657.086142   1068
10  proj_010.png  392.086062  122.793265   1069  634.423992  368.221303    967  392.083178  656.057009   1070
11  proj_011.png  383.293726  122.458175   1052  643.161491  369.021739    966  383.356473  654.844278   1066
12  proj_012.png  375.269194  122.130806   1055  651.235355  369.812950    973  375.281637  653.552807   1051
13  proj_013.png  368.043810  121.883810   1050  658.875000  370.356557    976  368.028409  652.303977   1056
14  proj_014.png  361.500000  121.500000   1034  665.721074  371.186983    968  361.475598  650.833493   1045
15  proj_015.png  355.705426  121.175388   1032  671.908436  372.079218    972  355.701636  649.445621   1039
16  proj_016.png  350.800000  120.735266   1035  677.314286  372.977551    980  350.814313  647.893617   1034
17  proj_017.png  346.606238  120.393762   1026  682.042596  373.884381    986  346.639535  646.431202   1032
18  proj_018.png  343.515504  119.994186   1032  685.964789  374.870221    994  343.545455  644.791103   1034
19  proj_019.png  341.280156  119.577821   1028  688.982072  375.724104   1004  341.247093  643.397287   1032
20  proj_020.png  339.610136  119.264133   1026  691.318227  376.772414   1015  339.650579  641.615830   1036
21  proj_021.png  339.045587  118.760427   1031  692.674510  377.682353   1020  338.981553  640.152427   1030
22  proj_022.png  339.301868  118.406096   1017  693.383789  378.669922   1024  339.233010  638.513592   1030
23  proj_023.png  340.310345  118.004926   1015  693.064797  379.776596   1034  340.330401  636.915934   1023
24  proj_024.png  342.269041  117.575668   1011  691.962464  380.709336   1039  342.230088  635.330383   1017
25  proj_025.png  344.998004  117.230539   1002  689.888566  381.671512   1032  344.978153  633.796425   1007
26  proj_026.png  348.552419  116.872984    992  687.108863  382.669557   1038  348.586653  632.182271   1004
27  proj_027.png  352.912955  116.439271    988  683.410183  383.623439   1041  352.948898  630.802605    998
28  proj_028.png  358.089613  116.102851    982  678.744966  384.624161   1043  358.043347  629.317540    992
29  proj_029.png  363.962090  115.751025    976  673.439423  385.554808   1040  363.970408  627.929592    980
30  proj_030.png  370.541538  115.375385    975  667.286398  386.473180   1044  370.563395  626.649284    978
31  proj_031.png  377.824017  115.080745    966  660.299712  387.400576   1041  377.833846  625.277949    975
32  proj_032.png  385.743215  114.786013    958  652.508150  388.250240   1043  385.717684  624.033092    967
33  proj_033.png  394.067992  114.462343    956  644.084826  388.937795   1061  394.116183  623.041494    964
34  proj_034.png  403.118449  114.196017    954  634.972512  389.582938   1055  403.177386  622.002075    964
35  proj_035.png  412.867570  113.969760    959  625.203582  390.313855   1061  412.806418  620.982402    966
36  proj_036.png  422.800834  113.838373    959  614.940187  390.947664   1070  422.818182  620.077479    968
37  proj_037.png  433.313152  113.627349    958  604.058605  391.475349   1075  433.276465  619.205550    973
38  proj_038.png  443.936722  113.376556    964  592.885216  391.982553   1089  443.949485  618.652577    970
39  proj_039.png  455.017562  113.223140    968  581.236746  392.353748   1094  455.005155  618.017526    970
40  proj_040.png  466.367220  113.092324    964  569.236264  392.800366   1092  466.415193  617.508845    961
41  proj_041.png  477.996845  113.034700    951  556.988128  393.041096   1095  477.990693  617.093071    967
42  proj_042.png  489.843523  112.965803    965  544.465095  393.219402   1103  489.838974  616.897436    975
43  proj_043.png  501.752066  112.979339    968  531.717647  393.396380   1105  501.728395  616.705761    972
44  proj_044.png  513.694215  112.940083    968  519.010879  393.428830   1103  513.652174  616.486542    966
45  proj_045.png  525.565667  112.891417    967  506.250000  393.414545   1100  525.533749  616.517134    963
46  proj_046.png  537.453237  112.943474    973  493.528404  393.341749   1109  537.457348  616.693731    973
47  proj_047.png  549.287785  112.969979    966  480.944646  393.114338   1102  549.301538  616.958974    975
48  proj_048.png  561.026943  113.019689    965  468.423529  392.979186   1105  560.983573  617.195072    974
49  proj_049.png  572.475155  113.138716    966  456.274545  392.668182   1100  572.514344  617.661885    976
50  proj_050.png  583.810114  113.228070    969  444.443836  392.224658   1095  583.766871  618.079755    978
51  proj_051.png  594.675565  113.391170    974  432.956244  391.892434   1097  594.701020  618.877551    980
52  proj_052.png  605.198152  113.708419    974  421.967949  391.286630   1092  605.207779  619.540430    977
53  proj_053.png  615.411464  113.873081    977  411.412844  390.807339   1090  615.405516  620.253320    979
54  proj_054.png  625.176230  114.058402    976  401.444648  390.112534   1093  625.158698  621.200407    983
55  proj_055.png  634.490355  114.186802    985  392.066667  389.387963   1080  634.492447  622.135952    993
56  proj_056.png  643.149087  114.551724    986  383.273229  388.746090   1087  643.164980  623.300607    988
57  proj_057.png  651.382114  114.922764    984  375.248839  387.922006   1077  651.299197  624.534137    996
58  proj_058.png  658.771984  115.157464    978  368.044173  387.141917   1064  658.880688  625.747219    989
59  proj_059.png  665.741414  115.500000    990  361.498113  386.225472   1060  665.656971  627.023069    997
60  proj_060.png  671.959350  115.854675    984  355.729008  385.351145   1048  671.925703  628.322289    996
61  proj_061.png  677.341439  116.162107    987  350.776077  384.458373   1045  677.338693  629.791960    995
62  proj_062.png  682.047427  116.509586    991  346.675337  383.452794   1038  682.033033  631.173173    999
63  proj_063.png  685.940464  116.974773    991  343.541142  382.480155   1033  685.949304  632.724652   1006
64  proj_064.png  688.942517  117.358771   1009  341.226615  381.516876   1037  688.956650  634.285714   1015
65  proj_065.png  691.351779  117.734190   1012  339.648885  380.450048   1031  691.293830  635.787463   1021
66  proj_066.png  692.652860  118.168639   1014  339.004840  379.483059   1033  692.654033  637.423712   1029
67  proj_067.png  693.400393  118.504416   1019  339.281800  378.446184   1022  693.331373  639.057843   1020
68  proj_068.png  693.040737  118.889428   1031  340.376585  377.473171   1025  693.098754  640.631831   1043
69  proj_069.png  691.953443  119.338506   1031  342.229476  376.464886   1011  691.891368  642.230844   1031
70  proj_070.png  689.883721  119.694767   1032  344.997018  375.466203   1006  689.915222  643.762042   1038
71  proj_071.png  687.091610  120.104147   1037  348.604167  374.529762   1008  687.117591  645.463671   1046
72  proj_072.png  683.409662  120.483092   1035  352.961732  373.600201    993  683.392176  646.939885   1048
73  proj_073.png  678.761768  120.846302   1041  358.044534  372.757085    988  678.727359  648.499523   1049
74  proj_074.png  673.441883  121.253602   1041  363.975485  371.889683    979  673.453941  649.952517   1053
75  proj_075.png  667.275598  121.572249   1045  370.527495  370.986762    982  667.272381  651.439048   1050
76  proj_076.png  660.277085  121.948226   1043  377.841451  370.123316    965  660.306375  652.650809   1051
77  proj_077.png  652.490874  122.279539   1041  385.702618  369.431414    955  652.514748  654.044719   1051
78  proj_078.png  644.078972  122.521408   1051  394.125911  368.799168    961  644.121813  655.260623   1059
79  proj_079.png  634.955577  122.879017   1058  403.159375  368.101042    960  635.000000  656.468750   1056
80  proj_080.png  625.171698  123.087736   1060  412.787592  367.458465    951  625.222852  657.503305   1059
81  proj_081.png  614.953686  123.371456   1058  422.846555  366.936326    958  614.976415  658.450943   1060
82  proj_082.png  604.077505  123.548204   1058  433.334388  366.411392    948  604.192053  659.307474   1057
83  proj_083.png  592.884181  123.817326   1062  443.982180  366.004193    954  593.001905  659.937143   1050
84  proj_084.png  581.321127  123.969014   1065  455.000000  365.615632    934  581.333333  660.528902   1038
85  proj_085.png  569.296331  124.084666   1063  466.437567  365.302028    937  569.305263  661.252632   1045
86  proj_086.png  557.000000  124.233863   1069  478.029567  365.048574    947  556.933333  661.547619   1050
87  proj_087.png  544.414815  124.187963   1080  489.892178  364.924947    946  544.444234  661.978261   1058
88  proj_088.png  531.887859  124.280816   1079  501.719745  364.746285    942  531.757374  662.170314   1051
89  proj_089.png  518.992593  124.297222   1080  513.674814  364.680128    941  518.944287  662.316336   1059

============================================================
Iteration 0
============================================================
Theta offsets (Unity frame):
  Source   : dSx=   0.000, dSy=   0.000, dSz=   0.000  (mm)
  Object   : dOx=   0.000, dOy=   0.000, dOz=   0.000  (mm)
  Object offset: offset_x=   0.000, offset_z=   0.000  (mm)
  Detector : dDx=   0.000, dDy=   0.000, dDz=   0.000  (mm)
  Obj Stage rotY :    0.000 deg
============================================================

Unity geometry (world coordinates):
  Source   : x=   5.000, y=  60.000, z=   0.000
  Object   : x=  18.000, y=  23.000, z= 580.000
  Detector : x=  -8.000, y=  -5.000, z= 800.000
  Obj rotY :   0.0000 deg
view   0 | SOD= 581.324 mm | SDD= 802.742 mm | M= 1.381 | incident=4.7367°
[[ -13.     -580.      -37.    ]
 [ -26.      220.       28.    ]
 [   0.1496    0.        0.    ]
 [   0.        0.        0.1496]]
              x1        y1  area1          x2         y2  area2          x3         y3  area3
range  339.14826  5.754298  167.0  339.141202  21.493931  172.0  339.151946  37.226083  158.0
FAILURE!!!! Some beads might have been misidentified
              x1        y1  area1         x2         y2  area2          x3         y3  area3
range  339.09272  5.782431  168.0  339.10911  21.536826  171.0  339.081058  37.181931  160.0
FAILURE!!!! Some beads might have been misidentified
               x1       y1  area1          x2         y2  area2          x3         y3  area3
range  339.121804  5.73926  166.0  339.157453  21.523665  170.0  339.106157  37.198227  155.0
FAILURE!!!! Some beads might have been misidentified
               x1        y1  area1          x2         y2  area2          x3         y3  area3
range  339.121635  5.797724  167.0  339.130662  21.531486  169.0  339.085109  37.177946  159.0
FAILURE!!!! Some beads might have been misidentified
               x1        y1  area1          x2         y2  area2          x3         y3  area3
range  339.096121  5.718106  166.0  339.153565  21.586261  172.0  339.108419  37.200055  153.0
FAILURE!!!! Some beads might have been misidentified
              x1        y1  area1          x2         y2  area2          x3         y3  area3
range  339.14826  5.754298  168.0  339.140495  21.493931  173.0  339.133597  37.239398  159.0
FAILURE!!!! Some beads might have been misidentified
              x1        y1  area1          x2         y2  area2          x3        y3  area3
range  339.14826  5.754298  167.0  339.141202  21.502541  172.0  339.159979  37.22597  160.0
FAILURE!!!! Some beads might have been misidentified
              x1        y1  area1          x2         y2  area2         x3         y3  area3
range  339.14826  5.756185  171.0  339.141202  21.525876  172.0  339.14268  37.198268  159.0
FAILURE!!!! Some beads might have been misidentified
              x1        y1  area1          x2       y2  area2          x3         y3  area3
range  339.14826  5.780796  166.0  339.145823  21.4997  173.0  339.158524  37.188137  161.0
FAILURE!!!! Some beads might have been misidentified
               x1        y1  area1          x2         y2  area2         x3         y3  area3
range  339.201102  5.759772  166.0  339.111342  21.555347  172.0  339.19329  37.152563  159.0
FAILURE!!!! Some beads might have been misidentified
               x1        y1  area1          x2         y2  area2          x3         y3  area3
range  339.043921  5.777859  168.0  339.186294  21.502828  170.0  339.028331  37.230122  156.0
FAILURE!!!! Some beads might have been misidentified
               x1        y1  area1          x2        y2  area2          x3         y3  area3
range  339.274411  5.729159  168.0  338.993205  21.50386  172.0  339.265156  37.179734  159.0
FAILURE!!!! Some beads might have been misidentified
               x1        y1  area1         x2        y2  area2          x3        y3  area3
range  338.956668  5.769882  169.0  339.25404  21.50374  172.0  338.901741  37.20054  160.0
FAILURE!!!! Some beads might have been misidentified
Residual vector length: 810, Jacobian shape: (810, 6)
view   0 | SOD= 584.470 mm | SDD= 802.742 mm | M= 1.373 | incident=4.7367°
[[ 159.94644    -560.396       -44.479095  ]
 [ -68.85124     206.29863      20.520905  ]
 [   0.14402911    0.04044469    0.        ]
 [   0.            0.            0.1496    ]]
               x1       y1  area1          x2         y2  area2          x3         y3  area3
range  339.474035  10.2135  162.0  336.419748  26.116538  177.0  339.477261  41.156213  140.0
FAILURE!!!! Some beads might have been misidentified

iter 00 cost=5758595.165654 -> 407749.006427 |dtheta|=2.281836e+01  lambda=1.000e-02

============================================================
Iteration 1
============================================================
Theta offsets (Unity frame):
  Source   : dSx=   0.000, dSy=   0.000, dSz=   0.000  (mm)
  Object   : dOx= -14.529, dOy=  -7.479, dOz=   2.583  (mm)
  Object offset: offset_x=  -0.957, offset_z=   0.187  (mm)
  Detector : dDx=   0.000, dDy=   0.000, dDz=   0.000  (mm)
  Obj Stage rotY :   15.685 deg
============================================================

Unity geometry (world coordinates):
  Source   : x=   5.000, y=  60.000, z=   0.000
  Object   : x=   3.471, y=  15.521, z= 582.583
  Detector : x=  -8.000, y=  -5.000, z= 800.000
  Obj rotY :   0.0000 deg
view   0 | SOD= 584.470 mm | SDD= 802.742 mm | M= 1.373 | incident=4.7367°
[[ 159.94644    -560.396       -44.479095  ]
 [ -68.85124     206.29863      20.520905  ]
 [   0.14402911    0.04044469    0.        ]
 [   0.            0.            0.1496    ]]
               x1       y1  area1          x2         y2  area2          x3         y3  area3
range  339.474035  10.2135  162.0  336.419748  26.116538  177.0  339.477261  41.156213  140.0
FAILURE!!!! Some beads might have been misidentified
               x1         y1  area1          x2         y2  area2         x3         y3  area3
range  339.529959  10.172545  168.0  336.411535  26.078971  165.0  339.54543  41.216099  145.0
FAILURE!!!! Some beads might have been misidentified
              x1         y1  area1        x2       y2  area2          x3         y3  area3
range  339.38282  10.241602  158.0  336.4234  26.0878  184.0  339.389264  41.177832  143.0
FAILURE!!!! Some beads might have been misidentified
               x1         y1  area1          x2         y2  area2          x3         y3  area3
range  339.492434  10.162218  165.0  336.380138  26.002063  179.0  339.479716  41.137233  139.0
FAILURE!!!! Some beads might have been misidentified
              x1         y1  area1          x2         y2  area2          x3         y3  area3
range  339.46789  10.342942  163.0  336.417097  26.138481  176.0  339.444073  41.241929  144.0
FAILURE!!!! Some beads might have been misidentified
               x1         y1  area1          x2         y2  area2          x3         y3  area3
range  339.462385  10.201821  162.0  336.419748  26.068325  176.0  339.466639  41.149346  140.0
FAILURE!!!! Some beads might have been misidentified
               x1         y1  area1          x2         y2  area2          x3         y3  area3
range  339.474035  10.228361  161.0  336.435083  26.116538  176.0  339.475413  41.192077  140.0
FAILURE!!!! Some beads might have been misidentified
               x1         y1  area1          x2        y2  area2          x3         y3  area3
range  339.474035  10.236334  158.0  336.419748  26.10921  178.0  339.475413  41.124175  139.0
FAILURE!!!! Some beads might have been misidentified
               x1         y1  area1          x2         y2  area2          x3        y3  area3
range  339.474035  10.202784  167.0  336.419748  26.117883  174.0  339.477261  41.20931  141.0
FAILURE!!!! Some beads might have been misidentified
              x1         y1  area1          x2         y2  area2          x3         y3  area3
range  339.49037  10.170145  169.0  336.395663  26.064172  180.0  339.485128  41.233387  142.0
FAILURE!!!! Some beads might have been misidentified
               x1         y1  area1          x2         y2  area2          x3         y3  area3
range  339.462385  10.244002  160.0  336.419748  26.102599  172.0  339.456959  41.176444  144.0
FAILURE!!!! Some beads might have been misidentified
              x1       y1  area1        x2         y2  area2          x3         y3  area3
range  339.64843  10.2135  166.0  336.2694  26.125617  179.0  339.653834  41.123381  144.0
FAILURE!!!! Some beads might have been misidentified
               x1         y1  area1          x2         y2  area2         x3        y3  area3
range  339.264348  10.206219  160.0  336.565535  26.084833  177.0  339.28086  41.22522  138.0
FAILURE!!!! Some beads might have been misidentified
Residual vector length: 810, Jacobian shape: (810, 6)
view   0 | SOD= 575.466 mm | SDD= 802.742 mm | M= 1.395 | incident=4.7367°
[[ 210.9608     -533.43915     -45.819916  ]
 [ -89.12848     208.25854      19.180086  ]
 [   0.1395725     0.05384864    0.        ]
 [   0.            0.            0.1496    ]]
               x1        y1  area1          x2         y2  area2          x3         y3  area3
range  341.583251  11.22285  162.0  344.016047  27.227792  164.0  341.650923  43.426084  151.0
FAILURE!!!! Some beads might have been misidentified

iter 01 cost=407749.006427 -> 62457.341178 |dtheta|=1.091191e+01  lambda=3.333e-03

============================================================
Iteration 2
============================================================
Theta offsets (Unity frame):
  Source   : dSx=   0.000, dSy=   0.000, dSz=   0.000  (mm)
  Object   : dOx= -17.424, dOy=  -8.820, dOz=  -6.318  (mm)
  Object offset: offset_x=  -0.385, offset_z=  -0.064  (mm)
  Detector : dDx=   0.000, dDy=   0.000, dDz=   0.000  (mm)
  Obj Stage rotY :   21.097 deg
============================================================

Unity geometry (world coordinates):
  Source   : x=   5.000, y=  60.000, z=   0.000
  Object   : x=   0.576, y=  14.180, z= 573.682
  Detector : x=  -8.000, y=  -5.000, z= 800.000
  Obj rotY :   0.0000 deg
view   0 | SOD= 575.466 mm | SDD= 802.742 mm | M= 1.395 | incident=4.7367°
[[ 210.9608     -533.43915     -45.819916  ]
 [ -89.12848     208.25854      19.180086  ]
 [   0.1395725     0.05384864    0.        ]
 [   0.            0.            0.1496    ]]
               x1        y1  area1          x2         y2  area2          x3         y3  area3
range  341.583251  11.22285  162.0  344.016047  27.227792  164.0  341.650923  43.426084  151.0
FAILURE!!!! Some beads might have been misidentified
              x1         y1  area1          x2         y2  area2          x3         y3  area3
range  341.61927  11.191434  165.0  344.003908  27.211949  167.0  341.682271  43.394056  152.0
FAILURE!!!! Some beads might have been misidentified
               x1         y1  area1          x2         y2  area2          x3         y3  area3
range  341.610775  11.214359  168.0  343.964896  27.243464  173.0  341.580712  43.421026  149.0
FAILURE!!!! Some beads might have been misidentified
               x1         y1  area1     x2         y2  area2          x3         y3  area3
range  341.654825  11.174148  159.0  344.0  27.208576  174.0  341.635021  43.460771  155.0
FAILURE!!!! Some beads might have been misidentified
              x1         y1  area1          x2         y2  area2          x3         y3  area3
range  341.59253  11.265104  169.0  343.977122  27.278611  177.0  341.639993  43.390217  150.0
FAILURE!!!! Some beads might have been misidentified
               x1        y1  area1          x2         y2  area2          x3         y3  area3
range  341.583251  11.22285  163.0  344.016047  27.237747  165.0  341.641784  43.404556  151.0
FAILURE!!!! Some beads might have been misidentified
               x1         y1  area1          x2         y2  area2          x3         y3  area3
range  341.583251  11.219047  161.0  344.016047  27.232489  164.0  341.654732  43.437995  151.0
FAILURE!!!! Some beads might have been misidentified
               x1         y1  area1          x2         y2  area2          x3         y3  area3
range  341.583251  11.197292  161.0  344.016047  27.247694  165.0  341.654527  43.428889  149.0
FAILURE!!!! Some beads might have been misidentified
               x1         y1  area1          x2         y2  area2          x3         y3  area3
range  341.583251  11.208213  165.0  344.016047  27.216381  167.0  341.650923  43.408097  148.0
FAILURE!!!! Some beads might have been misidentified
               x1         y1  area1          x2         y2  area2          x3         y3  area3
range  341.583251  11.203783  170.0  344.000244  27.245027  173.0  341.658336  43.382772  148.0
FAILURE!!!! Some beads might have been misidentified
               x1         y1  area1          x2         y2  area2         x3         y3  area3
range  341.583251  11.202009  163.0  344.016047  27.226523  165.0  341.63818  43.432311  151.0
FAILURE!!!! Some beads might have been misidentified
               x1         y1  area1          x2         y2  area2          x3         y3  area3
range  341.779517  11.189457  165.0  343.813061  27.230662  166.0  341.831967  43.410171  149.0
FAILURE!!!! Some beads might have been misidentified
               x1         y1  area1          x2         y2  area2          x3         y3  area3
range  341.450528  11.236087  162.0  344.155743  27.225377  167.0  341.431016  43.437995  151.0
FAILURE!!!! Some beads might have been misidentified
Residual vector length: 810, Jacobian shape: (810, 6)
view   0 | SOD= 570.273 mm | SDD= 802.742 mm | M= 1.408 | incident=4.7367°
[[ 232.79953    -518.5655      -45.887325  ]
 [-100.40811     208.85576      19.112675  ]
 [   0.13700412    0.06008351    0.        ]
 [   0.            0.            0.1496    ]]
               x1         y1  area1         x2         y2  area2          x3        y3  area3
range  347.704219  11.480778  174.0  344.14179  28.257052  175.0  347.633743  44.03211  162.0
FAILURE!!!! Some beads might have been misidentified

iter 02 cost=62457.341178 -> 20357.245596 |dtheta|=6.003099e+00  lambda=1.111e-03

============================================================
Iteration 3
============================================================
Theta offsets (Unity frame):
  Source   : dSx=   0.000, dSy=   0.000, dSz=   0.000  (mm)
  Object   : dOx= -17.961, dOy=  -8.887, dOz= -11.691  (mm)
  Object offset: offset_x=   0.033, offset_z=   0.094  (mm)
  Detector : dDx=   0.000, dDy=   0.000, dDz=   0.000  (mm)
  Obj Stage rotY :   23.680 deg
============================================================

Unity geometry (world coordinates):
  Source   : x=   5.000, y=  60.000, z=   0.000
  Object   : x=   0.039, y=  14.113, z= 568.309
  Detector : x=  -8.000, y=  -5.000, z= 800.000
  Obj rotY :   0.0000 deg
view   0 | SOD= 570.273 mm | SDD= 802.742 mm | M= 1.408 | incident=4.7367°
[[ 232.79953    -518.5655      -45.887325  ]
 [-100.40811     208.85576      19.112675  ]
 [   0.13700412    0.06008351    0.        ]
 [   0.            0.            0.1496    ]]
               x1         y1  area1         x2         y2  area2          x3        y3  area3
range  347.704219  11.480778  174.0  344.14179  28.257052  175.0  347.633743  44.03211  162.0
FAILURE!!!! Some beads might have been misidentified
               x1         y1  area1          x2        y2  area2          x3         y3  area3
range  347.633646  11.470302  177.0  344.135606  28.29218  174.0  347.678676  44.028928  158.0
FAILURE!!!! Some beads might have been misidentified
               x1         y1  area1          x2        y2  area2          x3         y3  area3
range  347.707426  11.470689  175.0  344.130727  28.25285  172.0  347.741085  44.055274  163.0
FAILURE!!!! Some beads might have been misidentified
               x1         y1  area1          x2         y2  area2         x3         y3  area3
range  347.693463  11.472795  181.0  344.165551  28.236936  169.0  347.69496  44.046746  160.0
FAILURE!!!! Some beads might have been misidentified
               x1         y1  area1          x2         y2  area2          x3         y3  area3
range  347.707189  11.419878  175.0  344.148643  28.283437  186.0  347.697266  43.995747  160.0
FAILURE!!!! Some beads might have been misidentified
               x1         y1  area1          x2         y2  area2          x3         y3  area3
range  347.704219  11.480778  174.0  344.153516  28.273669  172.0  347.652102  44.046373  162.0
FAILURE!!!! Some beads might have been misidentified
               x1         y1  area1          x2         y2  area2          x3         y3  area3
range  347.702908  11.480778  175.0  344.143549  28.272953  176.0  347.639407  44.033763  162.0
FAILURE!!!! Some beads might have been misidentified
               x1         y1  area1          x2        y2  area2          x3         y3  area3
range  347.704219  11.449563  176.0  344.143549  28.26799  174.0  347.637515  44.018825  162.0
FAILURE!!!! Some beads might have been misidentified
               x1         y1  area1         x2         y2  area2          x3         y3  area3
range  347.704219  11.489036  176.0  344.14179  28.295339  172.0  347.632471  44.052801  162.0
FAILURE!!!! Some beads might have been misidentified
               x1         y1  area1          x2         y2  area2          x3         y3  area3
range  347.702908  11.458782  178.0  344.153516  28.270971  175.0  347.645226  44.033494  159.0
FAILURE!!!! Some beads might have been misidentified
               x1         y1  area1          x2         y2  area2          x3         y3  area3
range  347.704219  11.486313  177.0  344.143549  28.274059  171.0  347.652586  44.050708  163.0
FAILURE!!!! Some beads might have been misidentified
               x1         y1  area1          x2        y2  area2          x3         y3  area3
range  347.851531  11.480778  176.0  343.987719  28.28957  177.0  347.894137  44.010903  162.0
FAILURE!!!! Some beads might have been misidentified
               x1         y1  area1          x2         y2  area2          x3         y3  area3
range  347.489541  11.480778  177.0  344.278615  28.257052  170.0  347.525624  44.048026  162.0
FAILURE!!!! Some beads might have been misidentified
Residual vector length: 810, Jacobian shape: (810, 6)
view   0 | SOD= 567.096 mm | SDD= 802.742 mm | M= 1.416 | incident=4.7367°
[[ 239.21634    -512.12805     -45.810955  ]
 [-104.70984     210.28722      19.189045  ]
 [   0.13610081    0.06210256    0.        ]
 [   0.            0.            0.1496    ]]
               x1         y1  area1        x2         y2  area2          x3         y3  area3
range  349.426097  11.513798  177.0  346.2657  28.575105  176.0  349.461728  44.490362  160.0
FAILURE!!!! Some beads might have been misidentified

iter 03 cost=20357.245596 -> 10614.325479 |dtheta|=3.288410e+00  lambda=3.704e-04

============================================================
Iteration 4
============================================================
Theta offsets (Unity frame):
  Source   : dSx=   0.000, dSy=   0.000, dSz=   0.000  (mm)
  Object   : dOx= -18.083, dOy=  -8.811, dOz= -14.865  (mm)
  Object offset: offset_x=   0.049, offset_z=   0.086  (mm)
  Detector : dDx=   0.000, dDy=   0.000, dDz=   0.000  (mm)
  Obj Stage rotY :   24.527 deg
============================================================

Unity geometry (world coordinates):
  Source   : x=   5.000, y=  60.000, z=   0.000
  Object   : x=  -0.083, y=  14.189, z= 565.135
  Detector : x=  -8.000, y=  -5.000, z= 800.000
  Obj rotY :   0.0000 deg
view   0 | SOD= 567.096 mm | SDD= 802.742 mm | M= 1.416 | incident=4.7367°
[[ 239.21634    -512.12805     -45.810955  ]
 [-104.70984     210.28722      19.189045  ]
 [   0.13610081    0.06210256    0.        ]
 [   0.            0.            0.1496    ]]
               x1         y1  area1        x2         y2  area2          x3         y3  area3
range  349.426097  11.513798  177.0  346.2657  28.575105  176.0  349.461728  44.490362  160.0
FAILURE!!!! Some beads might have been misidentified
               x1         y1  area1          x2         y2  area2          x3         y3  area3
range  349.513068  11.513828  180.0  346.371838  28.552246  177.0  349.507772  44.499124  158.0
FAILURE!!!! Some beads might have been misidentified
              x1         y1  area1         x2         y2  area2          x3         y3  area3
range  349.42557  11.531332  178.0  346.35747  28.478215  176.0  349.394316  44.454865  158.0
FAILURE!!!! Some beads might have been misidentified
              x1         y1  area1          x2         y2  area2          x3         y3  area3
range  349.47217  11.357999  177.0  346.272425  28.420678  174.0  349.450947  44.372404  156.0
FAILURE!!!! Some beads might have been misidentified
               x1         y1  area1          x2         y2  area2          x3         y3  area3
range  349.434802  11.644316  177.0  346.332748  28.534131  182.0  349.474138  44.492726  158.0
FAILURE!!!! Some beads might have been misidentified
               x1         y1  area1        x2         y2  area2         x3         y3  area3
range  349.420052  11.504871  177.0  346.2657  28.518868  176.0  349.46948  44.474054  159.0
FAILURE!!!! Some beads might have been misidentified
               x1         y1  area1        x2         y2  area2         x3         y3  area3
range  349.426097  11.513798  177.0  346.2657  28.575105  176.0  349.45478  44.477106  161.0
FAILURE!!!! Some beads might have been misidentified
              x1         y1  area1        x2         y2  area2          x3         y3  area3
range  349.43723  11.530252  180.0  346.2657  28.540221  175.0  349.461728  44.483804  158.0
FAILURE!!!! Some beads might have been misidentified
               x1         y1  area1        x2         y2  area2          x3         y3  area3
range  349.426097  11.522225  177.0  346.2657  28.549297  177.0  349.459151  44.475289  158.0
FAILURE!!!! Some beads might have been misidentified
               x1         y1  area1        x2         y2  area2          x3         y3  area3
range  349.426097  11.521339  177.0  346.2657  28.477294  175.0  349.446946  44.480053  158.0
FAILURE!!!! Some beads might have been misidentified
              x1         y1  area1        x2         y2  area2         x3         y3  area3
range  349.43723  11.523821  178.0  346.2657  28.551667  177.0  349.46948  44.473936  158.0
FAILURE!!!! Some beads might have been misidentified
               x1         y1  area1          x2         y2  area2          x3         y3  area3
range  349.693334  11.504871  179.0  346.135359  28.576325  178.0  349.647657  44.460798  159.0
FAILURE!!!! Some beads might have been misidentified
               x1         y1  area1          x2         y2  area2          x3         y3  area3
range  349.245303  11.513798  180.0  346.593949  28.536152  177.0  349.260883  44.491981  159.0
FAILURE!!!! Some beads might have been misidentified
Residual vector length: 810, Jacobian shape: (810, 6)
view   0 | SOD= 563.973 mm | SDD= 802.742 mm | M= 1.423 | incident=4.7367°
[[ 241.85919    -507.4382      -45.563606  ]
 [-107.64829     212.29333      19.436394  ]
 [   0.13561605    0.06315414    0.        ]
 [   0.            0.            0.1496    ]]
               x1         y1  area1          x2         y2  area2         x3         y3  area3
range  351.820812  11.432291  171.0  347.989257  28.710439  178.0  351.87127  44.904896  153.0
FAILURE!!!! Some beads might have been misidentified

iter 04 cost=10614.325479 -> 4993.312020 |dtheta|=3.173927e+00  lambda=1.235e-04

============================================================
Iteration 5
============================================================
Theta offsets (Unity frame):
  Source   : dSx=   0.000, dSy=   0.000, dSz=   0.000  (mm)
  Object   : dOx= -18.055, dOy=  -8.564, dOz= -17.998  (mm)
  Object offset: offset_x=   0.021, offset_z=   0.105  (mm)
  Detector : dDx=   0.000, dDy=   0.000, dDz=   0.000  (mm)
  Obj Stage rotY :   24.971 deg
============================================================

Unity geometry (world coordinates):
  Source   : x=   5.000, y=  60.000, z=   0.000
  Object   : x=  -0.055, y=  14.436, z= 562.002
  Detector : x=  -8.000, y=  -5.000, z= 800.000
  Obj rotY :   0.0000 deg
view   0 | SOD= 563.973 mm | SDD= 802.742 mm | M= 1.423 | incident=4.7367°
[[ 241.85919    -507.4382      -45.563606  ]
 [-107.64829     212.29333      19.436394  ]
 [   0.13561605    0.06315414    0.        ]
 [   0.            0.            0.1496    ]]
               x1         y1  area1          x2         y2  area2         x3         y3  area3
range  351.820812  11.432291  171.0  347.989257  28.710439  178.0  351.87127  44.904896  153.0
FAILURE!!!! Some beads might have been misidentified
               x1         y1  area1          x2         y2  area2          x3         y3  area3
range  351.886307  11.426578  169.0  347.940824  28.699049  176.0  351.887013  44.909147  152.0
FAILURE!!!! Some beads might have been misidentified
               x1         y1  area1          x2        y2  area2          x3         y3  area3
range  351.835646  11.494993  168.0  347.965363  28.63188  178.0  351.893189  44.894876  153.0
FAILURE!!!! Some beads might have been misidentified
               x1         y1  area1          x2         y2  area2          x3         y3  area3
range  351.830667  11.513736  166.0  347.945813  28.742377  190.0  351.789888  44.891606  152.0
FAILURE!!!! Some beads might have been misidentified
               x1         y1  area1          x2         y2  area2          x3         y3  area3
range  351.862589  11.351396  170.0  347.963345  28.620176  187.0  351.913896  44.835858  159.0
FAILURE!!!! Some beads might have been misidentified
               x1         y1  area1          x2         y2  area2         x3        y3  area3
range  351.820812  11.432291  172.0  347.979564  28.698138  178.0  351.87127  44.91042  153.0
FAILURE!!!! Some beads might have been misidentified
               x1         y1  area1          x2         y2  area2          x3         y3  area3
range  351.820812  11.447132  170.0  347.989257  28.677904  178.0  351.867549  44.910087  152.0
FAILURE!!!! Some beads might have been misidentified
               x1         y1  area1          x2         y2  area2         x3         y3  area3
range  351.820812  11.437926  171.0  347.989257  28.673629  179.0  351.87127  44.896714  152.0
FAILURE!!!! Some beads might have been misidentified
               x1         y1  area1          x2        y2  area2          x3         y3  area3
range  351.820812  11.460707  170.0  347.989257  28.70647  180.0  351.867549  44.914105  154.0
FAILURE!!!! Some beads might have been misidentified
               x1         y1  area1          x2         y2  area2         x3         y3  area3
range  351.811737  11.467902  166.0  347.989257  28.658485  176.0  351.87127  44.887187  153.0
FAILURE!!!! Some beads might have been misidentified
               x1         y1  area1          x2         y2  area2          x3         y3  area3
range  351.830071  11.453669  174.0  347.964322  28.672443  180.0  351.867549  44.916837  153.0
FAILURE!!!! Some beads might have been misidentified
               x1         y1  area1         x2         y2  area2          x3         y3  area3
range  352.054294  11.435074  165.0  347.72211  28.710439  181.0  352.066121  44.897608  152.0
FAILURE!!!! Some beads might have been misidentified
               x1         y1  area1          x2         y2  area2          x3         y3  area3
range  351.667659  11.471255  170.0  348.184077  28.677904  181.0  351.714081  44.936399  154.0
FAILURE!!!! Some beads might have been misidentified
Residual vector length: 810, Jacobian shape: (810, 6)
view   0 | SOD= 562.007 mm | SDD= 802.742 mm | M= 1.428 | incident=4.7367°
[[ 240.73526    -505.8038      -45.40228   ]
 [-108.35645     214.12952      19.597721  ]
 [   0.13565251    0.0630758     0.        ]
 [   0.            0.            0.1496    ]]
               x1        y1  area1          x2         y2  area2          x3         y3  area3
range  352.446685  11.39268  159.0  349.794516  28.752394  183.0  352.483968  45.132011  148.0
FAILURE!!!! Some beads might have been misidentified

iter 05 cost=4993.312020 -> 2651.596802 |dtheta|=1.932913e+00  lambda=4.115e-05

============================================================
Iteration 6
============================================================
Theta offsets (Unity frame):
  Source   : dSx=   0.000, dSy=   0.000, dSz=   0.000  (mm)
  Object   : dOx= -18.051, dOy=  -8.402, dOz= -19.923  (mm)
  Object offset: offset_x=   0.022, offset_z=   0.071  (mm)
  Detector : dDx=   0.000, dDy=   0.000, dDz=   0.000  (mm)
  Obj Stage rotY :   24.938 deg
============================================================

Unity geometry (world coordinates):
  Source   : x=   5.000, y=  60.000, z=   0.000
  Object   : x=  -0.051, y=  14.598, z= 560.077
  Detector : x=  -8.000, y=  -5.000, z= 800.000
  Obj rotY :   0.0000 deg
view   0 | SOD= 562.007 mm | SDD= 802.742 mm | M= 1.428 | incident=4.7367°
[[ 240.73526    -505.8038      -45.40228   ]
 [-108.35645     214.12952      19.597721  ]
 [   0.13565251    0.0630758     0.        ]
 [   0.            0.            0.1496    ]]
               x1        y1  area1          x2         y2  area2          x3         y3  area3
range  352.446685  11.39268  159.0  349.794516  28.752394  183.0  352.483968  45.132011  148.0
FAILURE!!!! Some beads might have been misidentified
               x1       y1  area1          x2         y2  area2          x3         y3  area3
range  352.433946  11.3886  160.0  349.732509  28.752937  188.0  352.440504  45.094789  149.0
FAILURE!!!! Some beads might have been misidentified
               x1         y1  area1          x2         y2  area2          x3         y3  area3
range  352.496713  11.433708  162.0  349.786497  28.720453  187.0  352.433757  45.087738  146.0
FAILURE!!!! Some beads might have been misidentified
               x1         y1  area1          x2         y2  area2          x3         y3  area3
range  352.433469  11.461326  158.0  349.789474  28.734176  188.0  352.446605  45.095029  144.0
FAILURE!!!! Some beads might have been misidentified
               x1         y1  area1          x2         y2  area2         x3         y3  area3
range  352.491963  11.339747  159.0  349.722151  28.681423  187.0  352.44115  45.030709  150.0
FAILURE!!!! Some beads might have been misidentified
               x1        y1  area1          x2         y2  area2          x3         y3  area3
range  352.446685  11.39268  159.0  349.798591  28.752394  186.0  352.469688  45.132396  147.0
FAILURE!!!! Some beads might have been misidentified
               x1         y1  area1          x2         y2  area2          x3         y3  area3
range  352.446685  11.410322  158.0  349.774975  28.767947  180.0  352.466203  45.132505  147.0
FAILURE!!!! Some beads might have been misidentified
               x1         y1  area1          x2         y2  area2          x3         y3  area3
range  352.446685  11.387984  159.0  349.794516  28.759397  183.0  352.485312  45.105029  148.0
FAILURE!!!! Some beads might have been misidentified
               x1         y1  area1          x2         y2  area2          x3         y3  area3
range  352.446685  11.414573  161.0  349.753962  28.751498  185.0  352.483968  45.107814  147.0
FAILURE!!!! Some beads might have been misidentified
               x1         y1  area1          x2         y2  area2          x3         y3  area3
range  352.446685  11.423356  157.0  349.783694  28.744115  190.0  352.463226  45.071556  148.0
FAILURE!!!! Some beads might have been misidentified
               x1         y1  area1          x2         y2  area2          x3        y3  area3
range  352.476139  11.398953  162.0  349.767457  28.729275  187.0  352.477276  45.11097  147.0
FAILURE!!!! Some beads might have been misidentified
               x1        y1  area1          x2         y2  area2          x3         y3  area3
range  352.656281  11.39268  161.0  349.500578  28.767947  185.0  352.625184  45.097709  147.0
FAILURE!!!! Some beads might have been misidentified
               x1         y1  area1          x2         y2  area2          x3       y3  area3
range  352.274378  11.404281  161.0  350.002365  28.770823  183.0  352.249077  45.1291  149.0
FAILURE!!!! Some beads might have been misidentified
Residual vector length: 810, Jacobian shape: (810, 6)
view   0 | SOD= 560.556 mm | SDD= 802.742 mm | M= 1.432 | incident=4.7367°
[[ 240.38628    -504.36578     -45.299942  ]
 [-109.075806    215.38782      19.700058  ]
 [   0.13562004    0.06314559    0.        ]
 [   0.            0.            0.1496    ]]
               x1        y1  area1          x2         y2  area2          x3         y3  area3
range  352.810308  11.82081  154.0  351.211375  28.690873  200.0  352.790763  45.264085  138.0
FAILURE!!!! Some beads might have been misidentified

iter 06 cost=2651.596802 -> 1369.070159 |dtheta|=1.422838e+00  lambda=1.372e-05

============================================================
Iteration 7
============================================================
Theta offsets (Unity frame):
  Source   : dSx=   0.000, dSy=   0.000, dSz=   0.000  (mm)
  Object   : dOx= -18.038, dOy=  -8.300, dOz= -21.342  (mm)
  Object offset: offset_x=   0.007, offset_z=   0.041  (mm)
  Detector : dDx=   0.000, dDy=   0.000, dDz=   0.000  (mm)
  Obj Stage rotY :   24.967 deg
============================================================

Unity geometry (world coordinates):
  Source   : x=   5.000, y=  60.000, z=   0.000
  Object   : x=  -0.038, y=  14.700, z= 558.658
  Detector : x=  -8.000, y=  -5.000, z= 800.000
  Obj rotY :   0.0000 deg
view   0 | SOD= 560.556 mm | SDD= 802.742 mm | M= 1.432 | incident=4.7367°
[[ 240.38628    -504.36578     -45.299942  ]
 [-109.075806    215.38782      19.700058  ]
 [   0.13562004    0.06314559    0.        ]
 [   0.            0.            0.1496    ]]
               x1        y1  area1          x2         y2  area2          x3         y3  area3
range  352.810308  11.82081  154.0  351.211375  28.690873  200.0  352.790763  45.264085  138.0
FAILURE!!!! Some beads might have been misidentified
               x1         y1  area1         x2         y2  area2         x3         y3  area3
range  352.741547  11.783285  153.0  351.21511  28.691167  199.0  352.73989  45.322797  136.0
FAILURE!!!! Some beads might have been misidentified
               x1         y1  area1          x2         y2  area2         x3         y3  area3
range  352.813309  11.806356  152.0  351.173368  28.666515  203.0  352.78601  45.304819  143.0
FAILURE!!!! Some beads might have been misidentified
               x1         y1  area1        x2         y2  area2          x3         y3  area3
range  352.815251  11.608696  149.0  351.1861  28.742818  199.0  352.815494  45.412066  142.0
FAILURE!!!! Some beads might have been misidentified
               x1         y1  area1          x2         y2  area2          x3         y3  area3
range  352.765509  11.816581  157.0  351.216589  28.647301  191.0  352.818764  45.223836  134.0
FAILURE!!!! Some beads might have been misidentified
               x1       y1  area1          x2         y2  area2          x3         y3  area3
range  352.800376  11.8034  154.0  351.204596  28.690873  201.0  352.790763  45.321284  139.0
FAILURE!!!! Some beads might have been misidentified
               x1        y1  area1          x2         y2  area2          x3         y3  area3
range  352.810308  11.82081  154.0  351.224109  28.684649  203.0  352.803878  45.260716  137.0
FAILURE!!!! Some beads might have been misidentified
               x1         y1  area1          x2        y2  area2          x3        y3  area3
range  352.810308  11.784478  154.0  351.216899  28.74075  204.0  352.806146  45.28878  136.0
FAILURE!!!! Some beads might have been misidentified
               x1         y1  area1          x2         y2  area2          x3        y3  area3
range  352.810308  11.778276  154.0  351.211375  28.680879  199.0  352.803878  45.29464  138.0
FAILURE!!!! Some beads might have been misidentified
               x1        y1  area1          x2         y2  area2          x3         y3  area3
range  352.785334  11.75901  154.0  351.211375  28.676824  201.0  352.790763  45.331054  138.0
FAILURE!!!! Some beads might have been misidentified
              x1         y1  area1          x2         y2  area2          x3         y3  area3
range  352.82667  11.830631  152.0  351.217329  28.680858  200.0  352.803878  45.308223  138.0
FAILURE!!!! Some beads might have been misidentified
               x1       y1  area1          x2         y2  area2          x3         y3  area3
range  352.963958  11.8034  153.0  351.010274  28.690873  203.0  352.927177  45.251362  141.0
FAILURE!!!! Some beads might have been misidentified
               x1        y1  area1          x2         y2  area2          x3         y3  area3
range  352.590899  11.82081  154.0  351.378204  28.684649  202.0  352.598724  45.337013  138.0
FAILURE!!!! Some beads might have been misidentified
Residual vector length: 810, Jacobian shape: (810, 6)
view   0 | SOD= 559.525 mm | SDD= 802.742 mm | M= 1.435 | incident=4.7367°
[[ 240.3654     -503.23865     -45.20474   ]
 [-109.695496    216.2239       19.795261  ]
 [   0.13556744    0.06325842    0.        ]
 [   0.            0.            0.1496    ]]
               x1         y1  area1          x2         y2  area2          x3        y3  area3
range  353.267993  11.454366  157.0  352.011315  28.802358  195.0  353.219068  45.25364  144.0
FAILURE!!!! Some beads might have been misidentified

iter 07 cost=1369.070159 -> 725.983417 |dtheta|=1.024648e+00  lambda=4.572e-06

============================================================
Iteration 8
============================================================
Theta offsets (Unity frame):
  Source   : dSx=   0.000, dSy=   0.000, dSz=   0.000  (mm)
  Object   : dOx= -18.029, dOy=  -8.205, dOz= -22.361  (mm)
  Object offset: offset_x=   0.005, offset_z=   0.034  (mm)
  Detector : dDx=   0.000, dDy=   0.000, dDz=   0.000  (mm)
  Obj Stage rotY :   25.015 deg
============================================================

Unity geometry (world coordinates):
  Source   : x=   5.000, y=  60.000, z=   0.000
  Object   : x=  -0.029, y=  14.795, z= 557.639
  Detector : x=  -8.000, y=  -5.000, z= 800.000
  Obj rotY :   0.0000 deg
view   0 | SOD= 559.525 mm | SDD= 802.742 mm | M= 1.435 | incident=4.7367°
[[ 240.3654     -503.23865     -45.20474   ]
 [-109.695496    216.2239       19.795261  ]
 [   0.13556744    0.06325842    0.        ]
 [   0.            0.            0.1496    ]]
               x1         y1  area1          x2         y2  area2          x3        y3  area3
range  353.267993  11.454366  157.0  352.011315  28.802358  195.0  353.219068  45.25364  144.0
FAILURE!!!! Some beads might have been misidentified
               x1         y1  area1          x2         y2  area2          x3         y3  area3
range  353.302583  11.495649  155.0  351.965066  28.822578  196.0  353.282963  45.316818  141.0
FAILURE!!!! Some beads might have been misidentified
               x1         y1  area1          x2         y2  area2          x3         y3  area3
range  353.282252  11.468713  151.0  352.030405  28.795098  193.0  353.263025  45.288097  142.0
FAILURE!!!! Some beads might have been misidentified
               x1         y1  area1          x2         y2  area2          x3        y3  area3
range  353.253882  11.613569  153.0  351.984687  28.725257  193.0  353.237639  45.25811  139.0
FAILURE!!!! Some beads might have been misidentified
               x1         y1  area1          x2         y2  area2          x3         y3  area3
range  353.280785  11.309632  160.0  352.009363  28.731174  196.0  353.247068  45.447283  143.0
FAILURE!!!! Some beads might have been misidentified
               x1        y1  area1         x2         y2  area2          x3        y3  area3
range  353.267993  11.46335  156.0  351.98732  28.812867  193.0  353.224999  45.25364  143.0
FAILURE!!!! Some beads might have been misidentified
               x1         y1  area1          x2         y2  area2          x3         y3  area3
range  353.279483  11.441943  157.0  352.008704  28.809741  195.0  353.219068  45.274273  145.0
FAILURE!!!! Some beads might have been misidentified
               x1         y1  area1         x2         y2  area2          x3         y3  area3
range  353.267993  11.437446  156.0  351.99626  28.795236  192.0  353.214466  45.266982  143.0
FAILURE!!!! Some beads might have been misidentified
               x1         y1  area1          x2         y2  area2          x3        y3  area3
range  353.267993  11.451954  155.0  352.008704  28.789974  195.0  353.219068  45.28102  143.0
FAILURE!!!! Some beads might have been misidentified
               x1         y1  area1          x2        y2  area2          x3         y3  area3
range  353.267993  11.477541  151.0  352.016037  28.81803  190.0  353.204994  45.290511  141.0
FAILURE!!!! Some beads might have been misidentified
               x1         y1  area1         x2         y2  area2          x3         y3  area3
range  353.279483  11.486821  154.0  351.98732  28.799647  198.0  353.246848  45.314403  143.0
FAILURE!!!! Some beads might have been misidentified
               x1         y1  area1          x2         y2  area2          x3        y3  area3
range  353.542007  11.451809  152.0  351.808183  28.821037  193.0  353.478244  45.24426  144.0
FAILURE!!!! Some beads might have been misidentified
              x1        y1  area1          x2         y2  area2          x3         y3  area3
range  353.03492  11.46335  155.0  352.180565  28.802358  195.0  353.051481  45.294331  143.0
FAILURE!!!! Some beads might have been misidentified
Residual vector length: 810, Jacobian shape: (810, 6)
view   0 | SOD= 558.742 mm | SDD= 802.742 mm | M= 1.437 | incident=4.7367°
[[ 239.61296    -502.7313      -45.15944   ]
 [-109.84717     217.02325      19.840563  ]
 [   0.1356202     0.06314521    0.        ]
 [   0.            0.            0.1496    ]]
             x1         y1  area1          x2         y2  area2          x3         y3  area3
range  353.4989  11.775752  150.0  352.778962  28.749483  197.0  353.479866  45.716724  133.0
FAILURE!!!! Some beads might have been misidentified

iter 08 cost=725.983417 -> 363.744370 |dtheta|=7.690408e-01  lambda=1.524e-06

============================================================
Iteration 9
============================================================
Theta offsets (Unity frame):
  Source   : dSx=   0.000, dSy=   0.000, dSz=   0.000  (mm)
  Object   : dOx= -18.018, dOy=  -8.159, dOz= -23.127  (mm)
  Object offset: offset_x=  -0.004, offset_z=   0.018  (mm)
  Detector : dDx=   0.000, dDy=   0.000, dDz=   0.000  (mm)
  Obj Stage rotY :   24.967 deg
============================================================

Unity geometry (world coordinates):
  Source   : x=   5.000, y=  60.000, z=   0.000
  Object   : x=  -0.018, y=  14.841, z= 556.873
  Detector : x=  -8.000, y=  -5.000, z= 800.000
  Obj rotY :   0.0000 deg
view   0 | SOD= 558.742 mm | SDD= 802.742 mm | M= 1.437 | incident=4.7367°
[[ 239.61296    -502.7313      -45.15944   ]
 [-109.84717     217.02325      19.840563  ]
 [   0.1356202     0.06314521    0.        ]
 [   0.            0.            0.1496    ]]
             x1         y1  area1          x2         y2  area2          x3         y3  area3
range  353.4989  11.775752  150.0  352.778962  28.749483  197.0  353.479866  45.716724  133.0
FAILURE!!!! Some beads might have been misidentified
               x1         y1  area1          x2        y2  area2          x3         y3  area3
range  353.463288  11.789532  152.0  352.726098  28.74408  195.0  353.448351  45.727393  134.0
FAILURE!!!! Some beads might have been misidentified
               x1         y1  area1          x2         y2  area2          x3         y3  area3
range  353.471984  11.787669  149.0  352.798676  28.761187  193.0  353.462823  45.735837  136.0
FAILURE!!!! Some beads might have been misidentified
               x1         y1  area1          x2         y2  area2          x3         y3  area3
range  353.522701  11.820011  150.0  352.752679  28.821866  198.0  353.502873  45.787481  135.0
FAILURE!!!! Some beads might have been misidentified
               x1         y1  area1          x2         y2  area2          x3         y3  area3
range  353.483388  11.607333  154.0  352.776159  28.726465  192.0  353.488326  45.655987  134.0
FAILURE!!!! Some beads might have been misidentified
               x1         y1  area1          x2         y2  area2          x3         y3  area3
range  353.503052  11.775752  150.0  352.770212  28.760145  195.0  353.479866  45.721523  134.0
FAILURE!!!! Some beads might have been misidentified
               x1         y1  area1          x2         y2  area2          x3         y3  area3
range  353.510754  11.759081  150.0  352.786982  28.732432  196.0  353.481605  45.719195  133.0
FAILURE!!!! Some beads might have been misidentified
             x1         y1  area1          x2         y2  area2          x3        y3  area3
range  353.4989  11.755618  153.0  352.784209  28.763747  194.0  353.469706  45.68794  133.0
FAILURE!!!! Some beads might have been misidentified
             x1         y1  area1          x2         y2  area2          x3        y3  area3
range  353.4989  11.780959  151.0  352.786339  28.727894  195.0  353.494626  45.71785  134.0
FAILURE!!!! Some beads might have been misidentified
               x1         y1  area1          x2        y2  area2          x3         y3  area3
range  353.494355  11.773246  152.0  352.786982  28.74408  191.0  353.469706  45.715692  138.0
FAILURE!!!! Some beads might have been misidentified
               x1         y1  area1          x2         y2  area2          x3         y3  area3
range  353.503052  11.803955  152.0  352.749004  28.761187  196.0  353.494626  45.747538  133.0
FAILURE!!!! Some beads might have been misidentified
               x1         y1  area1          x2        y2  area2         x3         y3  area3
range  353.685543  11.766832  150.0  352.547339  28.75154  195.0  353.62223  45.703433  137.0
FAILURE!!!! Some beads might have been misidentified
               x1         y1  area1          x2         y2  area2          x3         y3  area3
range  353.249728  11.773791  155.0  352.988451  28.729702  195.0  353.303656  45.729105  135.0
FAILURE!!!! Some beads might have been misidentified
Residual vector length: 810, Jacobian shape: (810, 6)
view   0 | SOD= 558.211 mm | SDD= 802.742 mm | M= 1.438 | incident=4.7367°
[[ 239.3857     -502.25424     -45.102123  ]
 [-110.0711      217.50194      19.897877  ]
 [   0.1356205     0.06314459    0.        ]
 [   0.            0.            0.1496    ]]
               x1         y1  area1          x2         y2  area2          x3         y3  area3
range  353.473244  11.374304  141.0  353.461927  28.793448  200.0  353.511316  45.766182  136.0
FAILURE!!!! Some beads might have been misidentified

iter 09 cost=363.744370 -> 191.653766 |dtheta|=5.141460e-01  lambda=1.000e-06

============================================================
Iteration 10
============================================================
Theta offsets (Unity frame):
  Source   : dSx=   0.000, dSy=   0.000, dSz=   0.000  (mm)
  Object   : dOx= -18.013, dOy=  -8.102, dOz= -23.637  (mm)
  Object offset: offset_x=  -0.007, offset_z=   0.000  (mm)
  Detector : dDx=   0.000, dDy=   0.000, dDz=   0.000  (mm)
  Obj Stage rotY :   24.967 deg
============================================================

Unity geometry (world coordinates):
  Source   : x=   5.000, y=  60.000, z=   0.000
  Object   : x=  -0.013, y=  14.898, z= 556.363
  Detector : x=  -8.000, y=  -5.000, z= 800.000
  Obj rotY :   0.0000 deg
view   0 | SOD= 558.211 mm | SDD= 802.742 mm | M= 1.438 | incident=4.7367°
[[ 239.3857     -502.25424     -45.102123  ]
 [-110.0711      217.50194      19.897877  ]
 [   0.1356205     0.06314459    0.        ]
 [   0.            0.            0.1496    ]]
               x1         y1  area1          x2         y2  area2          x3         y3  area3
range  353.473244  11.374304  141.0  353.461927  28.793448  200.0  353.511316  45.766182  136.0
FAILURE!!!! Some beads might have been misidentified
               x1        y1  area1          x2         y2  area2          x3       y3  area3
range  353.432116  11.38923  145.0  353.431814  28.791638  196.0  353.434218  45.7481  133.0
FAILURE!!!! Some beads might have been misidentified
               x1         y1  area1          x2         y2  area2         x3         y3  area3
range  353.445638  11.355715  144.0  353.388947  28.773879  199.0  353.48248  45.780656  136.0
FAILURE!!!! Some beads might have been misidentified
               x1         y1  area1          x2         y2  area2          x3         y3  area3
range  353.500271  11.308299  143.0  353.478182  28.719795  201.0  353.495876  45.788116  135.0
FAILURE!!!! Some beads might have been misidentified
               x1         y1  area1          x2         y2  area2          x3         y3  area3
range  353.486747  11.622088  142.0  353.466485  28.730794  202.0  353.451686  45.691181  130.0
FAILURE!!!! Some beads might have been misidentified
               x1         y1  area1          x2         y2  area2         x3         y3  area3
range  353.473244  11.378312  140.0  353.441708  28.793448  200.0  353.52003  45.782238  135.0
FAILURE!!!! Some beads might have been misidentified
               x1         y1  area1          x2        y2  area2          x3         y3  area3
range  353.463472  11.377164  142.0  353.479671  28.80299  200.0  353.520661  45.743208  136.0
FAILURE!!!! Some beads might have been misidentified
               x1         y1  area1          x2         y2  area2          x3         y3  area3
range  353.473244  11.377164  141.0  353.461927  28.796222  200.0  353.527299  45.771104  135.0
FAILURE!!!! Some beads might have been misidentified
               x1         y1  area1          x2         y2  area2          x3         y3  area3
range  353.463472  11.367177  141.0  353.437496  28.787438  198.0  353.511316  45.768058  134.0
FAILURE!!!! Some beads might have been misidentified
               x1         y1  area1          x2         y2  area2         x3         y3  area3
range  353.447062  11.387438  145.0  353.478287  28.762738  202.0  353.50606  45.768166  134.0
FAILURE!!!! Some beads might have been misidentified
               x1         y1  area1          x2         y2  area2          x3        y3  area3
range  353.482037  11.357507  148.0  353.425784  28.802778  196.0  353.511316  45.76059  134.0
FAILURE!!!! Some beads might have been misidentified
               x1         y1  area1          x2         y2  area2       x3         y3  area3
range  353.620529  11.374304  141.0  353.197549  28.808798  199.0  353.611  45.727397  137.0
FAILURE!!!! Some beads might have been misidentified
               x1         y1  area1          x2         y2  area2          x3         y3  area3
range  353.257224  11.391896  144.0  353.623213  28.773676  199.0  353.305698  45.776144  133.0
FAILURE!!!! Some beads might have been misidentified
Residual vector length: 810, Jacobian shape: (810, 6)
view   0 | SOD= 557.796 mm | SDD= 802.742 mm | M= 1.439 | incident=4.7367°
[[ 239.44502    -501.7679      -45.073162  ]
 [-110.36276     217.81775      19.926838  ]
 [   0.13558969    0.06321073    0.        ]
 [   0.            0.            0.1496    ]]
              x1         y1  area1          x2         y2  area2          x3         y3  area3
range  353.73663  11.330656  147.0  353.708234  28.796925  199.0  353.666852  45.578369  131.0
FAILURE!!!! Some beads might have been misidentified

iter 10 cost=191.653766 -> 94.897812 |dtheta|=4.130962e-01  lambda=1.000e-06

============================================================
Iteration 11
============================================================
Theta offsets (Unity frame):
  Source   : dSx=   0.000, dSy=   0.000, dSz=   0.000  (mm)
  Object   : dOx= -18.003, dOy=  -8.073, dOz= -24.048  (mm)
  Object offset: offset_x=  -0.005, offset_z=  -0.002  (mm)
  Detector : dDx=   0.000, dDy=   0.000, dDz=   0.000  (mm)
  Obj Stage rotY :   24.995 deg
============================================================

Unity geometry (world coordinates):
  Source   : x=   5.000, y=  60.000, z=   0.000
  Object   : x=  -0.003, y=  14.927, z= 555.952
  Detector : x=  -8.000, y=  -5.000, z= 800.000
  Obj rotY :   0.0000 deg
view   0 | SOD= 557.796 mm | SDD= 802.742 mm | M= 1.439 | incident=4.7367°
[[ 239.44502    -501.7679      -45.073162  ]
 [-110.36276     217.81775      19.926838  ]
 [   0.13558969    0.06321073    0.        ]
 [   0.            0.            0.1496    ]]
              x1         y1  area1          x2         y2  area2          x3         y3  area3
range  353.73663  11.330656  147.0  353.708234  28.796925  199.0  353.666852  45.578369  131.0
FAILURE!!!! Some beads might have been misidentified
               x1         y1  area1          x2         y2  area2          x3         y3  area3
range  353.701538  11.337973  141.0  353.716813  28.840752  198.0  353.704864  45.596263  132.0
FAILURE!!!! Some beads might have been misidentified
               x1         y1  area1          x2         y2  area2          x3         y3  area3
range  353.716478  11.272472  142.0  353.763076  28.811049  201.0  353.685267  45.590022  136.0
FAILURE!!!! Some beads might have been misidentified
               x1         y1  area1          x2         y2  area2          x3         y3  area3
range  353.683204  11.270662  147.0  353.698701  28.761798  203.0  353.652755  45.655553  131.0
FAILURE!!!! Some beads might have been misidentified
               x1         y1  area1          x2         y2  area2          x3         y3  area3
range  353.678853  11.331628  142.0  353.712697  28.728231  200.0  353.698394  45.634325  135.0
FAILURE!!!! Some beads might have been misidentified
               x1         y1  area1          x2         y2  area2          x3         y3  area3
range  353.705038  11.330656  147.0  353.685393  28.785754  198.0  353.644821  45.604646  129.0
FAILURE!!!! Some beads might have been misidentified
              x1         y1  area1          x2        y2  area2         x3         y3  area3
range  353.73663  11.330656  147.0  353.715173  28.78993  201.0  353.68223  45.578626  131.0
FAILURE!!!! Some beads might have been misidentified
               x1         y1  area1          x2         y2  area2          x3         y3  area3
range  353.748997  11.317315  142.0  353.723906  28.844108  201.0  353.679933  45.622054  132.0
FAILURE!!!! Some beads might have been misidentified
               x1         y1  area1          x2         y2  area2          x3         y3  area3
range  353.721387  11.304375  146.0  353.723906  28.826862  200.0  353.652685  45.580552  129.0
FAILURE!!!! Some beads might have been misidentified
               x1         y1  area1          x2         y2  area2          x3         y3  area3
range  353.693733  11.291666  145.0  353.717102  28.841303  200.0  353.640915  45.607648  132.0
FAILURE!!!! Some beads might have been misidentified
               x1         y1  area1          x2         y2  area2          x3         y3  area3
range  353.764478  11.318779  141.0  353.708234  28.810499  200.0  353.710425  45.578637  133.0
FAILURE!!!! Some beads might have been misidentified
              x1         y1  area1          x2         y2  area2          x3         y3  area3
range  353.91725  11.306127  148.0  353.604018  28.813916  201.0  353.875327  45.557829  134.0
FAILURE!!!! Some beads might have been misidentified
               x1         y1  area1          x2         y2  area2          x3         y3  area3
range  353.514082  11.319644  144.0  353.875871  28.761768  201.0  353.507971  45.625444  132.0
FAILURE!!!! Some beads might have been misidentified
Residual vector length: 810, Jacobian shape: (810, 6)
view   0 | SOD= 557.539 mm | SDD= 802.742 mm | M= 1.440 | incident=4.7367°
[[ 239.41486    -501.49823     -45.058723  ]
 [-110.50907     218.03094      19.941278  ]
 [   0.13557948    0.06323261    0.        ]
 [   0.            0.            0.1496    ]]
               x1         y1  area1          x2         y2  area2          x3         y3  area3
range  353.997038  11.279414  145.0  353.743073  28.779905  194.0  353.921382  45.806255  131.0
FAILURE!!!! Some beads might have been misidentified

iter 11 cost=94.897812 -> 51.665204 |dtheta|=2.627573e-01  lambda=1.000e-06

============================================================
Iteration 12
============================================================
Theta offsets (Unity frame):
  Source   : dSx=   0.000, dSy=   0.000, dSz=   0.000  (mm)
  Object   : dOx= -18.005, dOy=  -8.059, dOz= -24.310  (mm)
  Object offset: offset_x=   0.000, offset_z=   0.004  (mm)
  Detector : dDx=   0.000, dDy=   0.000, dDz=   0.000  (mm)
  Obj Stage rotY :   25.004 deg
============================================================

Unity geometry (world coordinates):
  Source   : x=   5.000, y=  60.000, z=   0.000
  Object   : x=  -0.005, y=  14.941, z= 555.690
  Detector : x=  -8.000, y=  -5.000, z= 800.000
  Obj rotY :   0.0000 deg
view   0 | SOD= 557.539 mm | SDD= 802.742 mm | M= 1.440 | incident=4.7367°
[[ 239.41486    -501.49823     -45.058723  ]
 [-110.50907     218.03094      19.941278  ]
 [   0.13557948    0.06323261    0.        ]
 [   0.            0.            0.1496    ]]
               x1         y1  area1          x2         y2  area2          x3         y3  area3
range  353.997038  11.279414  145.0  353.743073  28.779905  194.0  353.921382  45.806255  131.0
FAILURE!!!! Some beads might have been misidentified
               x1         y1  area1       x2         y2  area2          x3         y3  area3
range  353.924352  11.295862  145.0  353.728  28.798366  198.0  353.985803  45.817896  135.0
FAILURE!!!! Some beads might have been misidentified
               x1         y1  area1          x2         y2  area2          x3         y3  area3
range  353.980852  11.249025  142.0  353.786611  28.783536  194.0  353.951065  45.808706  134.0
FAILURE!!!! Some beads might have been misidentified
               x1         y1  area1          x2         y2  area2          x3         y3  area3
range  353.981917  11.291535  146.0  353.772517  28.809288  199.0  353.961139  45.653178  135.0
FAILURE!!!! Some beads might have been misidentified
               x1         y1  area1          x2         y2  area2          x3         y3  area3
range  353.969562  11.312797  144.0  353.785478  28.804201  199.0  353.952141  45.966795  130.0
FAILURE!!!! Some beads might have been misidentified
               x1         y1  area1          x2        y2  area2         x3         y3  area3
range  353.997038  11.279414  145.0  353.734454  28.80371  195.0  353.91226  45.770302  130.0
FAILURE!!!! Some beads might have been misidentified
               x1         y1  area1          x2         y2  area2          x3         y3  area3
range  354.000272  11.279414  145.0  353.759866  28.771416  195.0  353.947101  45.849938  131.0
FAILURE!!!! Some beads might have been misidentified
               x1         y1  area1          x2         y2  area2          x3         y3  area3
range  353.997038  11.265971  144.0  353.743073  28.781727  195.0  353.921382  45.803344  131.0
FAILURE!!!! Some beads might have been misidentified
               x1         y1  area1          x2        y2  area2          x3         y3  area3
range  353.997038  11.253594  146.0  353.731092  28.80843  197.0  353.921382  45.813824  132.0
FAILURE!!!! Some beads might have been misidentified
               x1         y1  area1          x2         y2  area2         x3         y3  area3
range  353.964693  11.269329  146.0  353.751781  28.788569  194.0  353.90905  45.831728  132.0
FAILURE!!!! Some beads might have been misidentified
               x1         y1  area1          x2         y2  area2          x3        y3  area3
range  354.006305  11.268786  143.0  353.747836  28.793334  197.0  353.948691  45.79281  135.0
FAILURE!!!! Some beads might have been misidentified
               x1         y1  area1          x2         y2  area2          x3         y3  area3
range  354.121771  11.255708  147.0  353.592593  28.811956  196.0  354.144487  45.777456  131.0
FAILURE!!!! Some beads might have been misidentified
               x1         y1  area1          x2         y2  area2          x3         y3  area3
range  353.783433  11.279414  146.0  353.922019  28.771416  199.0  353.792381  45.871272  133.0
FAILURE!!!! Some beads might have been misidentified
Residual vector length: 810, Jacobian shape: (810, 6)
view   0 | SOD= 557.353 mm | SDD= 802.742 mm | M= 1.440 | incident=4.7367°
[[ 239.39214    -501.30328     -45.040108  ]
 [-110.61267     218.18657      19.959892  ]
 [   0.13557237    0.06324784    0.        ]
 [   0.            0.            0.1496    ]]
               x1         y1  area1          x2         y2  area2          x3         y3  area3
range  354.098677  11.307854  142.0  353.887187  28.845558  197.0  354.097673  45.907779  132.0
FAILURE!!!! Some beads might have been misidentified

iter 12 cost=51.665204 -> 29.344777 |dtheta|=1.882793e-01  lambda=1.000e-06

============================================================
Iteration 13
============================================================
Theta offsets (Unity frame):
  Source   : dSx=   0.000, dSy=   0.000, dSz=   0.000  (mm)
  Object   : dOx= -18.004, dOy=  -8.040, dOz= -24.498  (mm)
  Object offset: offset_x=   0.000, offset_z=   0.005  (mm)
  Detector : dDx=   0.000, dDy=   0.000, dDz=   0.000  (mm)
  Obj Stage rotY :   25.010 deg
============================================================

Unity geometry (world coordinates):
  Source   : x=   5.000, y=  60.000, z=   0.000
  Object   : x=  -0.004, y=  14.960, z= 555.502
  Detector : x=  -8.000, y=  -5.000, z= 800.000
  Obj rotY :   0.0000 deg
view   0 | SOD= 557.353 mm | SDD= 802.742 mm | M= 1.440 | incident=4.7367°
[[ 239.39214    -501.30328     -45.040108  ]
 [-110.61267     218.18657      19.959892  ]
 [   0.13557237    0.06324784    0.        ]
 [   0.            0.            0.1496    ]]
               x1         y1  area1          x2         y2  area2          x3         y3  area3
range  354.098677  11.307854  142.0  353.887187  28.845558  197.0  354.097673  45.907779  132.0
FAILURE!!!! Some beads might have been misidentified
               x1         y1  area1          x2         y2  area2          x3         y3  area3
range  354.127618  11.314845  147.0  353.843785  28.860478  201.0  354.133479  45.879801  131.0
FAILURE!!!! Some beads might have been misidentified
               x1         y1  area1          x2         y2  area2          x3         y3  area3
range  354.076667  11.286967  144.0  353.917495  28.818195  194.0  354.079685  45.869954  136.0
FAILURE!!!! Some beads might have been misidentified
               x1         y1  area1          x2         y2  area2          x3        y3  area3
range  354.139515  11.499691  147.0  353.880106  28.811546  201.0  354.128207  45.76302  128.0
FAILURE!!!! Some beads might have been misidentified
               x1         y1  area1          x2        y2  area2          x3         y3  area3
range  354.109376  11.237865  145.0  353.860391  28.80169  202.0  354.064718  45.952199  135.0
FAILURE!!!! Some beads might have been misidentified
               x1         y1  area1          x2         y2  area2          x3         y3  area3
range  354.095127  11.324525  144.0  353.873968  28.845558  197.0  354.090328  45.901443  131.0
FAILURE!!!! Some beads might have been misidentified
               x1         y1  area1          x2         y2  area2          x3         y3  area3
range  354.098677  11.292525  146.0  353.869465  28.831038  196.0  354.093628  45.891496  132.0
FAILURE!!!! Some beads might have been misidentified
               x1         y1  area1          x2        y2  area2          x3         y3  area3
range  354.098677  11.300075  143.0  353.887187  28.81754  196.0  354.091066  45.912195  132.0
FAILURE!!!! Some beads might have been misidentified
               x1         y1  area1          x2         y2  area2          x3         y3  area3
range  354.098677  11.320103  144.0  353.887187  28.829929  196.0  354.105383  45.907571  129.0
FAILURE!!!! Some beads might have been misidentified
              x1        y1  area1          x2         y2  area2          x3         y3  area3
range  354.10784  11.30315  146.0  353.889522  28.818531  196.0  354.093628  45.863063  130.0
FAILURE!!!! Some beads might have been misidentified
               x1         y1  area1          x2         y2  area2          x3         y3  area3
range  354.095127  11.312532  147.0  353.846405  28.854682  198.0  354.101029  45.900329  137.0
FAILURE!!!! Some beads might have been misidentified
               x1         y1  area1         x2        y2  area2          x3         y3  area3
range  354.304974  11.305821  144.0  353.73166  28.87576  194.0  354.319129  45.863248  132.0
FAILURE!!!! Some beads might have been misidentified
               x1         y1  area1         x2         y2  area2          x3         y3  area3
range  353.899311  11.324525  144.0  354.02962  28.828657  197.0  353.908098  45.905692  137.0
FAILURE!!!! Some beads might have been misidentified
Residual vector length: 810, Jacobian shape: (810, 6)
view   0 | SOD= 557.204 mm | SDD= 802.742 mm | M= 1.441 | incident=4.7367°
[[ 239.25835    -501.20316     -45.029022  ]
 [-110.6435      218.33678      19.970978  ]
 [   0.13558143    0.06322845    0.        ]
 [   0.            0.            0.1496    ]]
               x1        y1  area1          x2         y2  area2          x3         y3  area3
range  354.216648  11.41546  143.0  353.945761  28.852231  192.0  354.192761  45.935415  133.0
FAILURE!!!! Some beads might have been misidentified

iter 13 cost=29.344777 -> 16.390561 |dtheta|=1.478087e-01  lambda=1.000e-06

============================================================
Iteration 14
============================================================
Theta offsets (Unity frame):
  Source   : dSx=   0.000, dSy=   0.000, dSz=   0.000  (mm)
  Object   : dOx= -18.004, dOy=  -8.029, dOz= -24.645  (mm)
  Object offset: offset_x=  -0.000, offset_z=   0.004  (mm)
  Detector : dDx=   0.000, dDy=   0.000, dDz=   0.000  (mm)
  Obj Stage rotY :   25.002 deg
============================================================

Unity geometry (world coordinates):
  Source   : x=   5.000, y=  60.000, z=   0.000
  Object   : x=  -0.004, y=  14.971, z= 555.355
  Detector : x=  -8.000, y=  -5.000, z= 800.000
  Obj rotY :   0.0000 deg
view   0 | SOD= 557.204 mm | SDD= 802.742 mm | M= 1.441 | incident=4.7367°
[[ 239.25835    -501.20316     -45.029022  ]
 [-110.6435      218.33678      19.970978  ]
 [   0.13558143    0.06322845    0.        ]
 [   0.            0.            0.1496    ]]
               x1        y1  area1          x2         y2  area2          x3         y3  area3
range  354.216648  11.41546  143.0  353.945761  28.852231  192.0  354.192761  45.935415  133.0
FAILURE!!!! Some beads might have been misidentified
               x1         y1  area1          x2         y2  area2          x3        y3  area3
range  354.234703  11.439678  147.0  353.972112  28.898645  198.0  354.178629  46.01132  128.0
FAILURE!!!! Some beads might have been misidentified
               x1         y1  area1          x2         y2  area2          x3         y3  area3
range  354.130564  11.439496  141.0  354.044042  28.819714  194.0  354.103101  45.909639  137.0
FAILURE!!!! Some beads might have been misidentified
               x1         y1  area1         x2         y2  area2          x3        y3  area3
range  354.244004  11.581105  144.0  353.97998  28.806899  202.0  354.184609  45.88764  131.0
FAILURE!!!! Some beads might have been misidentified
               x1         y1  area1          x2         y2  area2          x3         y3  area3
range  354.172515  11.290656  142.0  353.959844  28.792992  198.0  354.166499  45.932149  131.0
FAILURE!!!! Some beads might have been misidentified
               x1         y1  area1          x2         y2  area2          x3         y3  area3
range  354.176357  11.432279  143.0  353.948817  28.884476  193.0  354.199327  45.945034  132.0
FAILURE!!!! Some beads might have been misidentified
               x1         y1  area1          x2         y2  area2          x3         y3  area3
range  354.230344  11.408174  143.0  353.956757  28.854322  193.0  354.192761  45.935415  134.0
FAILURE!!!! Some beads might have been misidentified
               x1         y1  area1         x2         y2  area2          x3         y3  area3
range  354.216648  11.446113  143.0  353.95328  28.867448  195.0  354.192761  45.972982  130.0
FAILURE!!!! Some beads might have been misidentified
               x1        y1  area1          x2         y2  area2          x3         y3  area3
range  354.216648  11.41946  147.0  353.945761  28.860141  191.0  354.192761  45.916751  132.0
FAILURE!!!! Some beads might have been misidentified
               x1         y1  area1          x2         y2  area2          x3         y3  area3
range  354.172942  11.454127  147.0  354.002107  28.860147  198.0  354.177545  45.942273  129.0
FAILURE!!!! Some beads might have been misidentified
               x1         y1  area1          x2         y2  area2          x3         y3  area3
range  354.238283  11.410785  147.0  353.922876  28.858211  195.0  354.199327  45.978686  136.0
FAILURE!!!! Some beads might have been misidentified
               x1         y1  area1          x2         y2  area2          x3         y3  area3
range  354.370868  11.408174  146.0  353.821673  28.871228  193.0  354.292437  45.899534  136.0
FAILURE!!!! Some beads might have been misidentified
             x1         y1  area1          x2         y2  area2          x3         y3  area3
range  353.9944  11.447517  143.0  354.194481  28.867598  192.0  353.989294  45.981848  133.0
FAILURE!!!! Some beads might have been misidentified
Residual vector length: 810, Jacobian shape: (810, 6)
view   0 | SOD= 557.109 mm | SDD= 802.742 mm | M= 1.441 | incident=4.7367°
[[ 239.2306     -501.11142     -45.020832  ]
 [-110.691505    218.41866      19.979168  ]
 [   0.13557965    0.06323227    0.        ]
 [   0.            0.            0.1496    ]]
               x1         y1  area1          x2         y2  area2          x3         y3  area3
range  354.294746  11.524117  144.0  354.074758  28.863411  194.0  354.225126  45.954569  132.0
FAILURE!!!! Some beads might have been misidentified

iter 14 cost=16.390561 -> 10.271852 |dtheta|=9.445653e-02  lambda=1.000e-06

============================================================
Iteration 15
============================================================
Theta offsets (Unity frame):
  Source   : dSx=   0.000, dSy=   0.000, dSz=   0.000  (mm)
  Object   : dOx= -18.003, dOy=  -8.021, dOz= -24.739  (mm)
  Object offset: offset_x=   0.001, offset_z=   0.004  (mm)
  Detector : dDx=   0.000, dDy=   0.000, dDz=   0.000  (mm)
  Obj Stage rotY :   25.004 deg
============================================================

Unity geometry (world coordinates):
  Source   : x=   5.000, y=  60.000, z=   0.000
  Object   : x=  -0.003, y=  14.979, z= 555.261
  Detector : x=  -8.000, y=  -5.000, z= 800.000
  Obj rotY :   0.0000 deg
view   0 | SOD= 557.109 mm | SDD= 802.742 mm | M= 1.441 | incident=4.7367°
[[ 239.2306     -501.11142     -45.020832  ]
 [-110.691505    218.41866      19.979168  ]
 [   0.13557965    0.06323227    0.        ]
 [   0.            0.            0.1496    ]]
               x1         y1  area1          x2         y2  area2          x3         y3  area3
range  354.294746  11.524117  144.0  354.074758  28.863411  194.0  354.225126  45.954569  132.0
FAILURE!!!! Some beads might have been misidentified
               x1        y1  area1          x2         y2  area2         x3        y3  area3
range  354.249466  11.50842  148.0  354.031756  28.907811  199.0  354.25075  46.03081  130.0
FAILURE!!!! Some beads might have been misidentified
               x1         y1  area1          x2         y2  area2          x3         y3  area3
range  354.212161  11.499638  142.0  354.074141  28.836983  192.0  354.118289  45.895394  136.0
FAILURE!!!! Some beads might have been misidentified
               x1         y1  area1          x2         y2  area2          x3         y3  area3
range  354.257706  11.618198  141.0  354.068979  28.814265  199.0  354.238308  45.962026  130.0
FAILURE!!!! Some beads might have been misidentified
               x1         y1  area1          x2         y2  area2          x3        y3  area3
range  354.244023  11.331299  142.0  354.048358  28.817676  198.0  354.182301  45.93745  134.0
FAILURE!!!! Some beads might have been misidentified
               x1         y1  area1          x2         y2  area2          x3         y3  area3
range  354.279652  11.512489  144.0  354.045695  28.853747  194.0  354.225126  45.929589  132.0
FAILURE!!!! Some beads might have been misidentified
               x1         y1  area1          x2         y2  area2          x3         y3  area3
range  354.318047  11.520115  144.0  354.077167  28.861905  193.0  354.225126  45.937773  133.0
FAILURE!!!! Some beads might have been misidentified
               x1         y1  area1          x2         y2  area2          x3         y3  area3
range  354.301753  11.499109  145.0  354.074758  28.852114  195.0  354.225126  45.964958  133.0
FAILURE!!!! Some beads might have been misidentified
               x1         y1  area1          x2         y2  area2          x3         y3  area3
range  354.294746  11.499691  145.0  354.061108  28.872346  192.0  354.225126  45.936425  131.0
FAILURE!!!! Some beads might have been misidentified
               x1        y1  area1          x2         y2  area2         x3        y3  area3
range  354.270701  11.49242  143.0  354.078115  28.856006  196.0  354.21904  45.93767  131.0
FAILURE!!!! Some beads might have been misidentified
               x1         y1  area1          x2         y2  area2          x3         y3  area3
range  354.294746  11.515638  146.0  354.064543  28.904697  198.0  354.225126  45.988534  133.0
FAILURE!!!! Some beads might have been misidentified
               x1         y1  area1          x2         y2  area2          x3         y3  area3
range  354.391547  11.515125  143.0  353.850937  28.869255  194.0  354.348739  45.924721  134.0
FAILURE!!!! Some beads might have been misidentified
              x1         y1  area1          x2         y2  area2          x3         y3  area3
range  354.07008  11.524558  146.0  354.266536  28.853747  193.0  354.020299  45.958132  133.0
FAILURE!!!! Some beads might have been misidentified
Residual vector length: 810, Jacobian shape: (810, 6)
view   0 | SOD= 557.037 mm | SDD= 802.742 mm | M= 1.441 | incident=4.7367°
[[ 239.21356    -501.04007     -45.015144  ]
 [-110.73038     218.4794       19.984858  ]
 [   0.13557772    0.06323638    0.        ]
 [   0.            0.            0.1496    ]]
               x1         y1  area1          x2         y2  area2          x3         y3  area3
range  354.322467  11.550789  142.0  354.146165  28.840515  192.0  354.249368  45.958758  131.0
FAILURE!!!! Some beads might have been misidentified

iter 15 cost=10.271852 -> 6.943799 |dtheta|=7.061729e-02  lambda=1.000e-06

============================================================
Iteration 16
============================================================
Theta offsets (Unity frame):
  Source   : dSx=   0.000, dSy=   0.000, dSz=   0.000  (mm)
  Object   : dOx= -18.002, dOy=  -8.015, dOz= -24.809  (mm)
  Object offset: offset_x=   0.002, offset_z=   0.002  (mm)
  Detector : dDx=   0.000, dDy=   0.000, dDz=   0.000  (mm)
  Obj Stage rotY :   25.005 deg
============================================================

Unity geometry (world coordinates):
  Source   : x=   5.000, y=  60.000, z=   0.000
  Object   : x=  -0.002, y=  14.985, z= 555.191
  Detector : x=  -8.000, y=  -5.000, z= 800.000
  Obj rotY :   0.0000 deg
view   0 | SOD= 557.037 mm | SDD= 802.742 mm | M= 1.441 | incident=4.7367°
[[ 239.21356    -501.04007     -45.015144  ]
 [-110.73038     218.4794       19.984858  ]
 [   0.13557772    0.06323638    0.        ]
 [   0.            0.            0.1496    ]]
               x1         y1  area1          x2         y2  area2          x3         y3  area3
range  354.322467  11.550789  142.0  354.146165  28.840515  192.0  354.249368  45.958758  131.0
FAILURE!!!! Some beads might have been misidentified
               x1         y1  area1          x2         y2  area2         x3         y3  area3
range  354.284799  11.529496  149.0  354.147364  28.907811  198.0  354.32414  45.993163  131.0
FAILURE!!!! Some beads might have been misidentified
               x1         y1  area1          x2         y2  area2          x3        y3  area3
range  354.263929  11.530311  142.0  354.126373  28.849041  189.0  354.147899  45.91432  133.0
FAILURE!!!! Some beads might have been misidentified
               x1         y1  area1          x2         y2  area2          x3       y3  area3
range  354.274799  11.646534  141.0  354.169127  28.808036  198.0  354.245256  45.9772  130.0
FAILURE!!!! Some beads might have been misidentified
               x1         y1  area1          x2         y2  area2          x3        y3  area3
range  354.278922  11.388698  146.0  354.112089  28.803504  200.0  354.235406  45.93745  133.0
FAILURE!!!! Some beads might have been misidentified
               x1         y1  area1          x2         y2  area2          x3         y3  area3
range  354.297274  11.550789  142.0  354.146165  28.840515  192.0  354.234848  45.951964  133.0
FAILURE!!!! Some beads might have been misidentified
               x1         y1  area1          x2         y2  area2          x3         y3  area3
range  354.322467  11.556006  142.0  354.148617  28.852771  192.0  354.249368  45.944109  133.0
FAILURE!!!! Some beads might have been misidentified
               x1         y1  area1          x2        y2  area2          x3         y3  area3
range  354.322467  11.550802  144.0  354.146165  28.86777  192.0  354.249368  45.962335  132.0
FAILURE!!!! Some beads might have been misidentified
               x1         y1  area1          x2         y2  area2          x3         y3  area3
range  354.297274  11.544683  142.0  354.146165  28.872346  195.0  354.234848  45.941733  130.0
FAILURE!!!! Some beads might have been misidentified
               x1         y1  area1          x2         y2  area2          x3         y3  area3
range  354.297274  11.525113  145.0  354.160379  28.880382  195.0  354.249368  45.922115  132.0
FAILURE!!!! Some beads might have been misidentified
               x1         y1  area1          x2         y2  area2          x3         y3  area3
range  354.337542  11.534693  148.0  354.146165  28.876471  193.0  354.234848  45.985368  135.0
FAILURE!!!! Some beads might have been misidentified
               x1         y1  area1          x2         y2  area2          x3         y3  area3
range  354.419967  11.555988  143.0  353.935064  28.882469  194.0  354.384291  45.937315  130.0
FAILURE!!!! Some beads might have been misidentified
               x1         y1  area1          x2         y2  area2          x3         y3  area3
range  354.128762  11.570314  146.0  354.338673  28.840515  193.0  354.087749  45.965509  133.0
FAILURE!!!! Some beads might have been misidentified
Residual vector length: 810, Jacobian shape: (810, 6)
view   0 | SOD= 556.987 mm | SDD= 802.742 mm | M= 1.441 | incident=4.7367°
[[ 239.16061    -501.0098      -45.010303  ]
 [-110.737946    218.53172      19.989697  ]
 [   0.13558172    0.06322782    0.        ]
 [   0.            0.            0.1496    ]]
               x1         y1  area1          x2         y2  area2          x3         y3  area3
range  354.282695  11.572095  140.0  354.189196  28.853747  195.0  354.249368  45.952529  130.0
FAILURE!!!! Some beads might have been misidentified

iter 16 cost=6.943799 -> 5.384497 |dtheta|=4.922903e-02  lambda=1.000e-06

============================================================
Iteration 17
============================================================
Theta offsets (Unity frame):
  Source   : dSx=   0.000, dSy=   0.000, dSz=   0.000  (mm)
  Object   : dOx= -18.002, dOy=  -8.010, dOz= -24.858  (mm)
  Object offset: offset_x=   0.001, offset_z=   0.001  (mm)
  Detector : dDx=   0.000, dDy=   0.000, dDz=   0.000  (mm)
  Obj Stage rotY :   25.002 deg
============================================================

Unity geometry (world coordinates):
  Source   : x=   5.000, y=  60.000, z=   0.000
  Object   : x=  -0.002, y=  14.990, z= 555.142
  Detector : x=  -8.000, y=  -5.000, z= 800.000
  Obj rotY :   0.0000 deg
view   0 | SOD= 556.987 mm | SDD= 802.742 mm | M= 1.441 | incident=4.7367°
[[ 239.16061    -501.0098      -45.010303  ]
 [-110.737946    218.53172      19.989697  ]
 [   0.13558172    0.06322782    0.        ]
 [   0.            0.            0.1496    ]]
               x1         y1  area1          x2         y2  area2          x3         y3  area3
range  354.282695  11.572095  140.0  354.189196  28.853747  195.0  354.249368  45.952529  130.0
FAILURE!!!! Some beads might have been misidentified
               x1         y1  area1          x2         y2  area2          x3         y3  area3
range  354.301041  11.563683  146.0  354.228375  28.890087  198.0  354.304099  45.972794  131.0
FAILURE!!!! Some beads might have been misidentified
               x1         y1  area1          x2         y2  area2          x3        y3  area3
range  354.264785  11.586858  143.0  354.164217  28.852892  192.0  354.147899  45.91432  130.0
FAILURE!!!! Some beads might have been misidentified
               x1         y1  area1          x2         y2  area2          x3         y3  area3
range  354.281221  11.719897  141.0  354.223754  28.792086  204.0  354.254423  45.965241  131.0
FAILURE!!!! Some beads might have been misidentified
               x1         y1  area1          x2         y2  area2          x3         y3  area3
range  354.308148  11.473863  145.0  354.195512  28.832663  199.0  354.235406  45.950806  134.0
FAILURE!!!! Some beads might have been misidentified
               x1         y1  area1          x2         y2  area2          x3         y3  area3
range  354.269491  11.582817  141.0  354.178219  28.853747  192.0  354.234848  45.937315  130.0
FAILURE!!!! Some beads might have been misidentified
               x1         y1  area1          x2         y2  area2          x3         y3  area3
range  354.296427  11.572095  145.0  354.208262  28.866002  195.0  354.236035  45.952529  131.0
FAILURE!!!! Some beads might have been misidentified
               x1         y1  area1          x2         y2  area2          x3         y3  area3
range  354.282695  11.580235  141.0  354.177441  28.845836  194.0  354.249368  45.953477  130.0
FAILURE!!!! Some beads might have been misidentified
               x1         y1  area1          x2         y2  area2          x3         y3  area3
range  354.282695  11.573287  141.0  354.189196  28.869897  197.0  354.236035  45.929267  132.0
FAILURE!!!! Some beads might have been misidentified
               x1         y1  area1          x2        y2  area2          x3         y3  area3
range  354.282695  11.579993  142.0  354.210388  28.86108  194.0  354.236035  45.926613  130.0
FAILURE!!!! Some beads might have been misidentified
              x1         y1  area1          x2         y2  area2          x3         y3  area3
range  354.28543  11.570547  145.0  354.178219  28.881899  196.0  354.249368  45.960501  134.0
FAILURE!!!! Some beads might have been misidentified
               x1         y1  area1          x2         y2  area2         x3        y3  area3
range  354.413456  11.566877  139.0  353.988072  28.866002  194.0  354.36425  45.92615  132.0
FAILURE!!!! Some beads might have been misidentified
              x1         y1  area1          x2         y2  area2          x3         y3  area3
range  354.15237  11.588035  143.0  354.405375  28.853747  195.0  354.087749  45.956462  131.0
FAILURE!!!! Some beads might have been misidentified
Residual vector length: 810, Jacobian shape: (810, 6)
view   0 | SOD= 556.949 mm | SDD= 802.742 mm | M= 1.441 | incident=4.7367°
[[ 239.1686     -500.96393     -45.007442  ]
 [-110.76594     218.5601       19.992558  ]
 [   0.13557856    0.0632346     0.        ]
 [   0.            0.            0.1496    ]]
               x1         y1  area1         x2         y2  area2          x3         y3  area3
range  354.269154  11.584777  141.0  354.28667  28.837126  195.0  354.236035  45.952529  130.0
FAILURE!!!! Some beads might have been misidentified

iter 17 cost=5.384497 -> 4.507453 |dtheta|=3.714791e-02  lambda=1.000e-06

============================================================
Iteration 18
============================================================
Theta offsets (Unity frame):
  Source   : dSx=   0.000, dSy=   0.000, dSz=   0.000  (mm)
  Object   : dOx= -18.001, dOy=  -8.007, dOz= -24.895  (mm)
  Object offset: offset_x=   0.002, offset_z=  -0.000  (mm)
  Detector : dDx=   0.000, dDy=   0.000, dDz=   0.000  (mm)
  Obj Stage rotY :   25.005 deg
============================================================

Unity geometry (world coordinates):
  Source   : x=   5.000, y=  60.000, z=   0.000
  Object   : x=  -0.001, y=  14.993, z= 555.105
  Detector : x=  -8.000, y=  -5.000, z= 800.000
  Obj rotY :   0.0000 deg
view   0 | SOD= 556.949 mm | SDD= 802.742 mm | M= 1.441 | incident=4.7367°
[[ 239.1686     -500.96393     -45.007442  ]
 [-110.76594     218.5601       19.992558  ]
 [   0.13557856    0.0632346     0.        ]
 [   0.            0.            0.1496    ]]
               x1         y1  area1         x2         y2  area2          x3         y3  area3
range  354.269154  11.584777  141.0  354.28667  28.837126  195.0  354.236035  45.952529  130.0
FAILURE!!!! Some beads might have been misidentified
               x1         y1  area1          x2         y2  area2          x3         y3  area3
range  354.296124  11.595894  147.0  354.255299  28.907811  197.0  354.339006  45.971467  129.0
FAILURE!!!! Some beads might have been misidentified
               x1         y1  area1          x2       y2  area2          x3         y3  area3
range  354.266336  11.570065  142.0  354.223112  28.8406  193.0  354.147899  45.939968  132.0
FAILURE!!!! Some beads might have been misidentified
               x1         y1  area1          x2         y2  area2          x3         y3  area3
range  354.269421  11.733451  142.0  354.290832  28.811256  205.0  354.240101  45.967441  130.0
FAILURE!!!! Some beads might have been misidentified
               x1         y1  area1          x2         y2  area2          x3         y3  area3
range  354.291956  11.527415  145.0  354.257808  28.820571  198.0  354.235464  45.964142  133.0
FAILURE!!!! Some beads might have been misidentified
               x1         y1  area1         x2         y2  area2          x3         y3  area3
range  354.273956  11.601606  141.0  354.24836  28.837126  194.0  354.236035  45.952529  131.0
FAILURE!!!! Some beads might have been misidentified
               x1         y1  area1          x2         y2  area2          x3        y3  area3
range  354.282381  11.584777  141.0  354.289992  28.840515  195.0  354.236035  45.93745  131.0
FAILURE!!!! Some beads might have been misidentified
               x1         y1  area1          x2         y2  area2          x3         y3  area3
range  354.269154  11.608954  143.0  354.272465  28.866629  194.0  354.236035  45.949459  132.0
FAILURE!!!! Some beads might have been misidentified
               x1         y1  area1         x2         y2  area2          x3         y3  area3
range  354.269154  11.594564  141.0  354.28667  28.866002  197.0  354.236035  45.929267  132.0
FAILURE!!!! Some beads might have been misidentified
               x1         y1  area1          x2         y2  area2          x3         y3  area3
range  354.269154  11.565317  143.0  354.289992  28.856006  195.0  354.236035  45.939968  132.0
FAILURE!!!! Some beads might have been misidentified
               x1         y1  area1          x2         y2  area2          x3         y3  area3
range  354.289895  11.600643  145.0  354.247423  28.892405  196.0  354.249368  45.971467  131.0
FAILURE!!!! Some beads might have been misidentified
               x1         y1  area1          x2         y2  area2          x3        y3  area3
range  354.411032  11.584777  143.0  354.047036  28.853379  194.0  354.399156  45.92615  133.0
FAILURE!!!! Some beads might have been misidentified
               x1         y1  area1          x2         y2  area2          x3         y3  area3
range  354.151428  11.601606  144.0  354.428824  28.833858  195.0  354.087749  45.957023  132.0
FAILURE!!!! Some beads might have been misidentified
Residual vector length: 810, Jacobian shape: (810, 6)
view   0 | SOD= 556.928 mm | SDD= 802.742 mm | M= 1.441 | incident=4.7367°
[[ 239.15994    -500.9444      -45.005623  ]
 [-110.77411     218.57988      19.994375  ]
 [   0.1355786     0.06323452    0.        ]
 [   0.            0.            0.1496    ]]
               x1         y1  area1          x2         y2  area2          x3         y3  area3
range  354.317215  11.633797  141.0  354.278221  28.854857  195.0  354.236035  45.945005  129.0
FAILURE!!!! Some beads might have been misidentified

iter 18 cost=4.507453 -> 4.244473 |dtheta|=2.195223e-02  lambda=1.000e-06

============================================================
Iteration 19
============================================================
Theta offsets (Unity frame):
  Source   : dSx=   0.000, dSy=   0.000, dSz=   0.000  (mm)
  Object   : dOx= -18.001, dOy=  -8.006, dOz= -24.917  (mm)
  Object offset: offset_x=   0.001, offset_z=   0.000  (mm)
  Detector : dDx=   0.000, dDy=   0.000, dDz=   0.000  (mm)
  Obj Stage rotY :   25.005 deg
============================================================

Unity geometry (world coordinates):
  Source   : x=   5.000, y=  60.000, z=   0.000
  Object   : x=  -0.001, y=  14.994, z= 555.083
  Detector : x=  -8.000, y=  -5.000, z= 800.000
  Obj rotY :   0.0000 deg
view   0 | SOD= 556.928 mm | SDD= 802.742 mm | M= 1.441 | incident=4.7367°
[[ 239.15994    -500.9444      -45.005623  ]
 [-110.77411     218.57988      19.994375  ]
 [   0.1355786     0.06323452    0.        ]
 [   0.            0.            0.1496    ]]
               x1         y1  area1          x2         y2  area2          x3         y3  area3
range  354.317215  11.633797  141.0  354.278221  28.854857  195.0  354.236035  45.945005  129.0
FAILURE!!!! Some beads might have been misidentified
               x1         y1  area1          x2         y2  area2          x3         y3  area3
range  354.348477  11.600733  144.0  354.255299  28.904282  197.0  354.339006  45.971467  128.0
FAILURE!!!! Some beads might have been misidentified
               x1         y1  area1          x2         y2  area2          x3         y3  area3
range  354.302372  11.599887  142.0  354.220561  28.852892  193.0  354.147899  45.939968  135.0
FAILURE!!!! Some beads might have been misidentified
               x1         y1  area1          x2         y2  area2          x3         y3  area3
range  354.315171  11.723676  140.0  354.253396  28.795305  204.0  354.255892  45.967441  130.0
FAILURE!!!! Some beads might have been misidentified
               x1         y1  area1          x2         y2  area2          x3         y3  area3
range  354.340641  11.543767  145.0  354.281766  28.832663  198.0  354.245169  45.936562  133.0
FAILURE!!!! Some beads might have been misidentified
               x1         y1  area1          x2         y2  area2          x3         y3  area3
range  354.273956  11.632165  139.0  354.265616  28.853747  197.0  354.236035  45.945005  132.0
FAILURE!!!! Some beads might have been misidentified
               x1         y1  area1          x2         y2  area2          x3        y3  area3
range  354.317215  11.617634  142.0  354.289992  28.852771  195.0  354.260697  45.93745  132.0
FAILURE!!!! Some beads might have been misidentified
               x1         y1  area1          x2         y2  area2          x3         y3  area3
range  354.317215  11.610304  142.0  354.278221  28.851166  194.0  354.236035  45.955254  131.0
FAILURE!!!! Some beads might have been misidentified
               x1         y1  area1          x2         y2  area2          x3        y3  area3
range  354.287168  11.622618  143.0  354.278221  28.869897  195.0  354.236035  45.92615  132.0
FAILURE!!!! Some beads might have been misidentified
               x1         y1  area1          x2         y2  area2          x3         y3  area3
range  354.287168  11.597542  142.0  354.289992  28.856006  195.0  354.249114  45.939968  131.0
FAILURE!!!! Some beads might have been misidentified
               x1         y1  area1          x2         y2  area2          x3         y3  area3
range  354.319381  11.603078  143.0  354.247423  28.901168  195.0  354.236035  45.971467  131.0
FAILURE!!!! Some beads might have been misidentified
               x1         y1  area1          x2         y2  area2          x3         y3  area3
range  354.467531  11.602035  144.0  354.047036  28.856038  194.0  354.399156  45.932956  134.0
FAILURE!!!! Some beads might have been misidentified
               x1         y1  area1          x2         y2  area2          x3         y3  area3
range  354.183319  11.633797  144.0  354.428824  28.853747  195.0  354.087749  45.961894  130.0
FAILURE!!!! Some beads might have been misidentified
Residual vector length: 810, Jacobian shape: (810, 6)
view   0 | SOD= 556.914 mm | SDD= 802.742 mm | M= 1.441 | incident=4.7367°
[[ 239.1761     -500.92157     -45.004375  ]
 [-110.789955    218.58711      19.995625  ]
 [   0.13557579    0.06324054    0.        ]
 [   0.            0.            0.1496    ]]
               x1         y1  area1          x2         y2  area2          x3         y3  area3
range  354.321976  11.632311  139.0  354.278221  28.837126  195.0  354.249114  45.945005  131.0
FAILURE!!!! Some beads might have been misidentified

iter 19 cost=4.244473 -> 4.042067 |dtheta|=1.379319e-02  lambda=1.000e-06

============================================================
Iteration 20
============================================================
Theta offsets (Unity frame):
  Source   : dSx=   0.000, dSy=   0.000, dSz=   0.000  (mm)
  Object   : dOx= -18.001, dOy=  -8.004, dOz= -24.930  (mm)
  Object offset: offset_x=   0.001, offset_z=   0.000  (mm)
  Detector : dDx=   0.000, dDy=   0.000, dDz=   0.000  (mm)
  Obj Stage rotY :   25.007 deg
============================================================

Unity geometry (world coordinates):
  Source   : x=   5.000, y=  60.000, z=   0.000
  Object   : x=  -0.001, y=  14.996, z= 555.070
  Detector : x=  -8.000, y=  -5.000, z= 800.000
  Obj rotY :   0.0000 deg
view   0 | SOD= 556.914 mm | SDD= 802.742 mm | M= 1.441 | incident=4.7367°
[[ 239.1761     -500.92157     -45.004375  ]
 [-110.789955    218.58711      19.995625  ]
 [   0.13557579    0.06324054    0.        ]
 [   0.            0.            0.1496    ]]
               x1         y1  area1          x2         y2  area2          x3         y3  area3
range  354.321976  11.632311  139.0  354.278221  28.837126  195.0  354.249114  45.945005  131.0
FAILURE!!!! Some beads might have been misidentified
              x1         y1  area1          x2         y2  area2          x3         y3  area3
range  354.34945  11.632676  144.0  354.269371  28.907811  197.0  354.342069  45.979887  128.0
FAILURE!!!! Some beads might have been misidentified
               x1         y1  area1         x2         y2  area2          x3         y3  area3
range  354.293759  11.628921  143.0  354.23395  28.859664  193.0  354.147899  45.939968  135.0
FAILURE!!!! Some beads might have been misidentified
               x1         y1  area1          x2         y2  area2          x3         y3  area3
range  354.315171  11.730545  141.0  354.292929  28.798018  205.0  354.255892  45.967441  130.0
FAILURE!!!! Some beads might have been misidentified
               x1         y1  area1          x2         y2  area2          x3         y3  area3
range  354.333614  11.544132  144.0  354.297583  28.823301  198.0  354.261069  45.933475  133.0
FAILURE!!!! Some beads might have been misidentified
              x1         y1  area1          x2         y2  area2          x3         y3  area3
range  354.29249  11.648501  139.0  354.265616  28.837126  195.0  354.249368  45.945005  132.0
FAILURE!!!! Some beads might have been misidentified
               x1         y1  area1          x2         y2  area2          x3        y3  area3
range  354.335765  11.633016  140.0  354.289992  28.837749  195.0  354.287678  45.93745  132.0
FAILURE!!!! Some beads might have been misidentified
               x1         y1  area1          x2         y2  area2          x3         y3  area3
range  354.321976  11.631219  142.0  354.278221  28.866629  195.0  354.249114  45.955254  133.0
FAILURE!!!! Some beads might have been misidentified
               x1         y1  area1          x2         y2  area2          x3         y3  area3
range  354.337915  11.658044  143.0  354.289992  28.875876  195.0  354.249368  45.932956  131.0
FAILURE!!!! Some beads might have been misidentified
               x1        y1  area1          x2         y2  area2          x3         y3  area3
range  354.313262  11.63046  142.0  354.301565  28.856006  195.0  354.274788  45.948387  131.0
FAILURE!!!! Some beads might have been misidentified
               x1         y1  area1          x2         y2  area2          x3         y3  area3
range  354.353586  11.631138  142.0  354.265616  28.901625  196.0  354.249368  45.971467  131.0
FAILURE!!!! Some beads might have been misidentified
               x1         y1  area1          x2         y2  area2          x3        y3  area3
range  354.468503  11.632165  143.0  354.061108  28.846722  194.0  354.411467  45.93745  135.0
FAILURE!!!! Some beads might have been misidentified
               x1         y1  area1          x2         y2  area2          x3         y3  area3
range  354.174706  11.658527  144.0  354.442214  28.833858  196.0  354.087749  45.957876  132.0
FAILURE!!!! Some beads might have been misidentified
Residual vector length: 810, Jacobian shape: (810, 6)
view   0 | SOD= 556.906 mm | SDD= 802.742 mm | M= 1.441 | incident=4.7367°
[[ 239.16124    -500.9195      -45.00383   ]
 [-110.788734    218.59703      19.996168  ]
 [   0.1355772     0.06323752    0.        ]
 [   0.            0.            0.1496    ]]
               x1         y1  area1          x2         y2  area2          x3        y3  area3
range  354.349576  11.648501  139.0  354.289992  28.844893  196.0  354.274788  45.93745  132.0
FAILURE!!!! Some beads might have been misidentified

iter 20 cost=4.042067 -> 3.966842 |dtheta|=8.407798e-03  lambda=1.000e-06

============================================================
Iteration 21
============================================================
Theta offsets (Unity frame):
  Source   : dSx=   0.000, dSy=   0.000, dSz=   0.000  (mm)
  Object   : dOx= -18.000, dOy=  -8.004, dOz= -24.939  (mm)
  Object offset: offset_x=   0.001, offset_z=   0.000  (mm)
  Detector : dDx=   0.000, dDy=   0.000, dDz=   0.000  (mm)
  Obj Stage rotY :   25.006 deg
============================================================

Unity geometry (world coordinates):
  Source   : x=   5.000, y=  60.000, z=   0.000
  Object   : x=  -0.000, y=  14.996, z= 555.061
  Detector : x=  -8.000, y=  -5.000, z= 800.000
  Obj rotY :   0.0000 deg
view   0 | SOD= 556.906 mm | SDD= 802.742 mm | M= 1.441 | incident=4.7367°
[[ 239.16124    -500.9195      -45.00383   ]
 [-110.788734    218.59703      19.996168  ]
 [   0.1355772     0.06323752    0.        ]
 [   0.            0.            0.1496    ]]
               x1         y1  area1          x2         y2  area2          x3        y3  area3
range  354.349576  11.648501  139.0  354.289992  28.844893  196.0  354.274788  45.93745  132.0
FAILURE!!!! Some beads might have been misidentified
               x1         y1  area1          x2         y2  area2          x3         y3  area3
range  354.365369  11.632676  143.0  354.280001  28.907811  197.0  354.342069  45.971467  127.0
FAILURE!!!! Some beads might have been misidentified
               x1         y1  area1          x2         y2  area2          x3         y3  area3
range  354.293759  11.637963  141.0  354.233065  28.849819  194.0  354.147899  45.939968  134.0
FAILURE!!!! Some beads might have been misidentified
               x1         y1  area1          x2         y2  area2          x3         y3  area3
range  354.315171  11.730073  142.0  354.282103  28.795305  204.0  354.255892  45.985852  130.0
FAILURE!!!! Some beads might have been misidentified
               x1         y1  area1          x2         y2  area2          x3         y3  area3
range  354.349916  11.544132  143.0  354.297583  28.823301  198.0  354.255297  45.933475  135.0
FAILURE!!!! Some beads might have been misidentified
               x1         y1  area1          x2         y2  area2          x3         y3  area3
range  354.323715  11.648907  140.0  354.277189  28.837126  196.0  354.236035  45.945005  130.0
FAILURE!!!! Some beads might have been misidentified
               x1         y1  area1          x2         y2  area2          x3        y3  area3
range  354.349576  11.633016  139.0  354.289992  28.852771  195.0  354.287678  45.93745  134.0
FAILURE!!!! Some beads might have been misidentified
               x1         y1  area1          x2        y2  area2          x3         y3  area3
range  354.349576  11.631219  142.0  354.278221  28.86934  195.0  354.287678  45.949459  133.0
FAILURE!!!! Some beads might have been misidentified
               x1         y1  area1          x2         y2  area2          x3        y3  area3
range  354.349576  11.652375  144.0  354.289992  28.875876  195.0  354.274788  45.92615  132.0
FAILURE!!!! Some beads might have been misidentified
               x1       y1  area1          x2         y2  area2          x3         y3  area3
range  354.349576  11.6472  142.0  354.301565  28.856006  195.0  354.287678  45.939968  131.0
FAILURE!!!! Some beads might have been misidentified
               x1        y1  area1          x2         y2  area2          x3         y3  area3
range  354.367932  11.62344  140.0  354.265616  28.901625  195.0  354.236035  45.971467  131.0
FAILURE!!!! Some beads might have been misidentified
               x1         y1  area1          x2         y2  area2          x3        y3  area3
range  354.484422  11.632165  143.0  354.061108  28.865635  194.0  354.411467  45.93745  136.0
FAILURE!!!! Some beads might have been misidentified
               x1         y1  area1          x2         y2  area2          x3         y3  area3
range  354.174706  11.658527  142.0  354.441328  28.833858  195.0  354.078501  45.941002  131.0
FAILURE!!!! Some beads might have been misidentified
Residual vector length: 810, Jacobian shape: (810, 6)
view   0 | SOD= 556.898 mm | SDD= 802.742 mm | M= 1.441 | incident=4.7367°
[[ 239.16805    -500.90738     -45.00309   ]
 [-110.79699     218.60182      19.996908  ]
 [   0.13557588    0.06324036    0.        ]
 [   0.            0.            0.1496    ]]
               x1         y1  area1          x2         y2  area2          x3         y3  area3
range  354.350743  11.664368  139.0  354.301565  28.837126  196.0  354.287678  45.941002  131.0
FAILURE!!!! Some beads might have been misidentified

iter 21 cost=3.966842 -> 3.984306 |dtheta|=8.061342e-03  lambda=1.000e-06

============================================================
Iteration 22
============================================================
Theta offsets (Unity frame):
  Source   : dSx=   0.000, dSy=   0.000, dSz=   0.000  (mm)
  Object   : dOx= -18.000, dOy=  -8.004, dOz= -24.939  (mm)
  Object offset: offset_x=   0.001, offset_z=   0.000  (mm)
  Detector : dDx=   0.000, dDy=   0.000, dDz=   0.000  (mm)
  Obj Stage rotY :   25.006 deg
============================================================

Unity geometry (world coordinates):
  Source   : x=   5.000, y=  60.000, z=   0.000
  Object   : x=  -0.000, y=  14.996, z= 555.061
  Detector : x=  -8.000, y=  -5.000, z= 800.000
  Obj rotY :   0.0000 deg
view   0 | SOD= 556.906 mm | SDD= 802.742 mm | M= 1.441 | incident=4.7367°
[[ 239.16124    -500.9195      -45.00383   ]
 [-110.788734    218.59703      19.996168  ]
 [   0.1355772     0.06323752    0.        ]
 [   0.            0.            0.1496    ]]
               x1         y1  area1          x2         y2  area2          x3        y3  area3
range  354.349576  11.648501  139.0  354.289992  28.844893  196.0  354.274788  45.93745  132.0
FAILURE!!!! Some beads might have been misidentified
               x1         y1  area1          x2         y2  area2          x3         y3  area3
range  354.365369  11.632676  143.0  354.280001  28.907811  197.0  354.342069  45.971467  127.0
FAILURE!!!! Some beads might have been misidentified
               x1         y1  area1          x2         y2  area2          x3         y3  area3
range  354.293759  11.637963  141.0  354.233065  28.849819  194.0  354.147899  45.939968  134.0
FAILURE!!!! Some beads might have been misidentified
               x1         y1  area1          x2         y2  area2          x3         y3  area3
range  354.315171  11.730073  142.0  354.282103  28.795305  204.0  354.255892  45.985852  130.0
FAILURE!!!! Some beads might have been misidentified
               x1         y1  area1          x2         y2  area2          x3         y3  area3
range  354.349916  11.544132  143.0  354.297583  28.823301  198.0  354.255297  45.933475  135.0
FAILURE!!!! Some beads might have been misidentified
               x1         y1  area1          x2         y2  area2          x3         y3  area3
range  354.323715  11.648907  140.0  354.277189  28.837126  196.0  354.236035  45.945005  130.0
FAILURE!!!! Some beads might have been misidentified
               x1         y1  area1          x2         y2  area2          x3        y3  area3
range  354.349576  11.633016  139.0  354.289992  28.852771  195.0  354.287678  45.93745  134.0
FAILURE!!!! Some beads might have been misidentified
               x1         y1  area1          x2        y2  area2          x3         y3  area3
range  354.349576  11.631219  142.0  354.278221  28.86934  195.0  354.287678  45.949459  133.0
FAILURE!!!! Some beads might have been misidentified
               x1         y1  area1          x2         y2  area2          x3        y3  area3
range  354.349576  11.652375  144.0  354.289992  28.875876  195.0  354.274788  45.92615  132.0
FAILURE!!!! Some beads might have been misidentified
               x1       y1  area1          x2         y2  area2          x3         y3  area3
range  354.349576  11.6472  142.0  354.301565  28.856006  195.0  354.287678  45.939968  131.0
FAILURE!!!! Some beads might have been misidentified
               x1        y1  area1          x2         y2  area2          x3         y3  area3
range  354.367932  11.62344  140.0  354.265616  28.901625  195.0  354.236035  45.971467  131.0
FAILURE!!!! Some beads might have been misidentified
               x1         y1  area1          x2         y2  area2          x3        y3  area3
range  354.484422  11.632165  143.0  354.061108  28.865635  194.0  354.411467  45.93745  136.0
FAILURE!!!! Some beads might have been misidentified
               x1         y1  area1          x2         y2  area2          x3         y3  area3
range  354.174706  11.658527  142.0  354.441328  28.833858  195.0  354.078501  45.941002  131.0
FAILURE!!!! Some beads might have been misidentified
Residual vector length: 810, Jacobian shape: (810, 6)
view   0 | SOD= 556.898 mm | SDD= 802.742 mm | M= 1.441 | incident=4.7367°
[[ 239.16805    -500.90738     -45.00309   ]
 [-110.79699     218.60182      19.996908  ]
 [   0.13557588    0.06324036    0.        ]
 [   0.            0.            0.1496    ]]
               x1         y1  area1          x2         y2  area2          x3         y3  area3
range  354.350743  11.664368  139.0  354.301565  28.837126  196.0  354.287678  45.941002  131.0
FAILURE!!!! Some beads might have been misidentified

iter 22 cost=3.966842 -> 3.984306 |dtheta|=8.061342e-03  lambda=5.000e-06

============================================================
Iteration 23
============================================================
Theta offsets (Unity frame):
  Source   : dSx=   0.000, dSy=   0.000, dSz=   0.000  (mm)
  Object   : dOx= -18.000, dOy=  -8.004, dOz= -24.939  (mm)
  Object offset: offset_x=   0.001, offset_z=   0.000  (mm)
  Detector : dDx=   0.000, dDy=   0.000, dDz=   0.000  (mm)
  Obj Stage rotY :   25.006 deg
============================================================

Unity geometry (world coordinates):
  Source   : x=   5.000, y=  60.000, z=   0.000
  Object   : x=  -0.000, y=  14.996, z= 555.061
  Detector : x=  -8.000, y=  -5.000, z= 800.000
  Obj rotY :   0.0000 deg
view   0 | SOD= 556.906 mm | SDD= 802.742 mm | M= 1.441 | incident=4.7367°
[[ 239.16124    -500.9195      -45.00383   ]
 [-110.788734    218.59703      19.996168  ]
 [   0.1355772     0.06323752    0.        ]
 [   0.            0.            0.1496    ]]
               x1         y1  area1          x2         y2  area2          x3        y3  area3
range  354.349576  11.648501  139.0  354.289992  28.844893  196.0  354.274788  45.93745  132.0
FAILURE!!!! Some beads might have been misidentified
               x1         y1  area1          x2         y2  area2          x3         y3  area3
range  354.365369  11.632676  143.0  354.280001  28.907811  197.0  354.342069  45.971467  127.0
FAILURE!!!! Some beads might have been misidentified
               x1         y1  area1          x2         y2  area2          x3         y3  area3
range  354.293759  11.637963  141.0  354.233065  28.849819  194.0  354.147899  45.939968  134.0
FAILURE!!!! Some beads might have been misidentified
               x1         y1  area1          x2         y2  area2          x3         y3  area3
range  354.315171  11.730073  142.0  354.282103  28.795305  204.0  354.255892  45.985852  130.0
FAILURE!!!! Some beads might have been misidentified
               x1         y1  area1          x2         y2  area2          x3         y3  area3
range  354.349916  11.544132  143.0  354.297583  28.823301  198.0  354.255297  45.933475  135.0
FAILURE!!!! Some beads might have been misidentified
               x1         y1  area1          x2         y2  area2          x3         y3  area3
range  354.323715  11.648907  140.0  354.277189  28.837126  196.0  354.236035  45.945005  130.0
FAILURE!!!! Some beads might have been misidentified
               x1         y1  area1          x2         y2  area2          x3        y3  area3
range  354.349576  11.633016  139.0  354.289992  28.852771  195.0  354.287678  45.93745  134.0
FAILURE!!!! Some beads might have been misidentified
               x1         y1  area1          x2        y2  area2          x3         y3  area3
range  354.349576  11.631219  142.0  354.278221  28.86934  195.0  354.287678  45.949459  133.0
FAILURE!!!! Some beads might have been misidentified
               x1         y1  area1          x2         y2  area2          x3        y3  area3
range  354.349576  11.652375  144.0  354.289992  28.875876  195.0  354.274788  45.92615  132.0
FAILURE!!!! Some beads might have been misidentified
               x1       y1  area1          x2         y2  area2          x3         y3  area3
range  354.349576  11.6472  142.0  354.301565  28.856006  195.0  354.287678  45.939968  131.0
FAILURE!!!! Some beads might have been misidentified
               x1        y1  area1          x2         y2  area2          x3         y3  area3
range  354.367932  11.62344  140.0  354.265616  28.901625  195.0  354.236035  45.971467  131.0
FAILURE!!!! Some beads might have been misidentified
               x1         y1  area1          x2         y2  area2          x3        y3  area3
range  354.484422  11.632165  143.0  354.061108  28.865635  194.0  354.411467  45.93745  136.0
FAILURE!!!! Some beads might have been misidentified
               x1         y1  area1          x2         y2  area2          x3         y3  area3
range  354.174706  11.658527  142.0  354.441328  28.833858  195.0  354.078501  45.941002  131.0
FAILURE!!!! Some beads might have been misidentified
Residual vector length: 810, Jacobian shape: (810, 6)
view   0 | SOD= 556.898 mm | SDD= 802.742 mm | M= 1.441 | incident=4.7367°
[[ 239.16805    -500.90738     -45.00309   ]
 [-110.79699     218.60182      19.996908  ]
 [   0.13557588    0.06324036    0.        ]
 [   0.            0.            0.1496    ]]
               x1         y1  area1          x2         y2  area2          x3         y3  area3
range  354.350743  11.664368  139.0  354.301565  28.837126  196.0  354.287678  45.941002  131.0
FAILURE!!!! Some beads might have been misidentified

iter 23 cost=3.966842 -> 3.984306 |dtheta|=8.061341e-03  lambda=2.500e-05

============================================================
Iteration 24
============================================================
Theta offsets (Unity frame):
  Source   : dSx=   0.000, dSy=   0.000, dSz=   0.000  (mm)
  Object   : dOx= -18.000, dOy=  -8.004, dOz= -24.939  (mm)
  Object offset: offset_x=   0.001, offset_z=   0.000  (mm)
  Detector : dDx=   0.000, dDy=   0.000, dDz=   0.000  (mm)
  Obj Stage rotY :   25.006 deg
============================================================

Unity geometry (world coordinates):
  Source   : x=   5.000, y=  60.000, z=   0.000
  Object   : x=  -0.000, y=  14.996, z= 555.061
  Detector : x=  -8.000, y=  -5.000, z= 800.000
  Obj rotY :   0.0000 deg
view   0 | SOD= 556.906 mm | SDD= 802.742 mm | M= 1.441 | incident=4.7367°
[[ 239.16124    -500.9195      -45.00383   ]
 [-110.788734    218.59703      19.996168  ]
 [   0.1355772     0.06323752    0.        ]
 [   0.            0.            0.1496    ]]
               x1         y1  area1          x2         y2  area2          x3        y3  area3
range  354.349576  11.648501  139.0  354.289992  28.844893  196.0  354.274788  45.93745  132.0
FAILURE!!!! Some beads might have been misidentified
               x1         y1  area1          x2         y2  area2          x3         y3  area3
range  354.365369  11.632676  143.0  354.280001  28.907811  197.0  354.342069  45.971467  127.0
FAILURE!!!! Some beads might have been misidentified
               x1         y1  area1          x2         y2  area2          x3         y3  area3
range  354.293759  11.637963  141.0  354.233065  28.849819  194.0  354.147899  45.939968  134.0
FAILURE!!!! Some beads might have been misidentified
               x1         y1  area1          x2         y2  area2          x3         y3  area3
range  354.315171  11.730073  142.0  354.282103  28.795305  204.0  354.255892  45.985852  130.0
FAILURE!!!! Some beads might have been misidentified
               x1         y1  area1          x2         y2  area2          x3         y3  area3
range  354.349916  11.544132  143.0  354.297583  28.823301  198.0  354.255297  45.933475  135.0
FAILURE!!!! Some beads might have been misidentified
               x1         y1  area1          x2         y2  area2          x3         y3  area3
range  354.323715  11.648907  140.0  354.277189  28.837126  196.0  354.236035  45.945005  130.0
FAILURE!!!! Some beads might have been misidentified
               x1         y1  area1          x2         y2  area2          x3        y3  area3
range  354.349576  11.633016  139.0  354.289992  28.852771  195.0  354.287678  45.93745  134.0
FAILURE!!!! Some beads might have been misidentified
               x1         y1  area1          x2        y2  area2          x3         y3  area3
range  354.349576  11.631219  142.0  354.278221  28.86934  195.0  354.287678  45.949459  133.0
FAILURE!!!! Some beads might have been misidentified
               x1         y1  area1          x2         y2  area2          x3        y3  area3
range  354.349576  11.652375  144.0  354.289992  28.875876  195.0  354.274788  45.92615  132.0
FAILURE!!!! Some beads might have been misidentified
               x1       y1  area1          x2         y2  area2          x3         y3  area3
range  354.349576  11.6472  142.0  354.301565  28.856006  195.0  354.287678  45.939968  131.0
FAILURE!!!! Some beads might have been misidentified
               x1        y1  area1          x2         y2  area2          x3         y3  area3
range  354.367932  11.62344  140.0  354.265616  28.901625  195.0  354.236035  45.971467  131.0
FAILURE!!!! Some beads might have been misidentified
               x1         y1  area1          x2         y2  area2          x3        y3  area3
range  354.484422  11.632165  143.0  354.061108  28.865635  194.0  354.411467  45.93745  136.0
FAILURE!!!! Some beads might have been misidentified
               x1         y1  area1          x2         y2  area2          x3         y3  area3
range  354.174706  11.658527  142.0  354.441328  28.833858  195.0  354.078501  45.941002  131.0
FAILURE!!!! Some beads might have been misidentified
Residual vector length: 810, Jacobian shape: (810, 6)
view   0 | SOD= 556.898 mm | SDD= 802.742 mm | M= 1.441 | incident=4.7367°
[[ 239.16805    -500.90738     -45.00309   ]
 [-110.79699     218.60182      19.996908  ]
 [   0.13557588    0.06324036    0.        ]
 [   0.            0.            0.1496    ]]
               x1         y1  area1          x2         y2  area2          x3         y3  area3
range  354.350743  11.664368  139.0  354.301565  28.837126  196.0  354.287678  45.941002  131.0
FAILURE!!!! Some beads might have been misidentified

iter 24 cost=3.966842 -> 3.984306 |dtheta|=8.061340e-03  lambda=1.250e-04

============================================================
Iteration 25
============================================================
Theta offsets (Unity frame):
  Source   : dSx=   0.000, dSy=   0.000, dSz=   0.000  (mm)
  Object   : dOx= -18.000, dOy=  -8.004, dOz= -24.939  (mm)
  Object offset: offset_x=   0.001, offset_z=   0.000  (mm)
  Detector : dDx=   0.000, dDy=   0.000, dDz=   0.000  (mm)
  Obj Stage rotY :   25.006 deg
============================================================

Unity geometry (world coordinates):
  Source   : x=   5.000, y=  60.000, z=   0.000
  Object   : x=  -0.000, y=  14.996, z= 555.061
  Detector : x=  -8.000, y=  -5.000, z= 800.000
  Obj rotY :   0.0000 deg
view   0 | SOD= 556.906 mm | SDD= 802.742 mm | M= 1.441 | incident=4.7367°
[[ 239.16124    -500.9195      -45.00383   ]
 [-110.788734    218.59703      19.996168  ]
 [   0.1355772     0.06323752    0.        ]
 [   0.            0.            0.1496    ]]
               x1         y1  area1          x2         y2  area2          x3        y3  area3
range  354.349576  11.648501  139.0  354.289992  28.844893  196.0  354.274788  45.93745  132.0
FAILURE!!!! Some beads might have been misidentified
               x1         y1  area1          x2         y2  area2          x3         y3  area3
range  354.365369  11.632676  143.0  354.280001  28.907811  197.0  354.342069  45.971467  127.0
FAILURE!!!! Some beads might have been misidentified
               x1         y1  area1          x2         y2  area2          x3         y3  area3
range  354.293759  11.637963  141.0  354.233065  28.849819  194.0  354.147899  45.939968  134.0
FAILURE!!!! Some beads might have been misidentified
               x1         y1  area1          x2         y2  area2          x3         y3  area3
range  354.315171  11.730073  142.0  354.282103  28.795305  204.0  354.255892  45.985852  130.0
FAILURE!!!! Some beads might have been misidentified
               x1         y1  area1          x2         y2  area2          x3         y3  area3
range  354.349916  11.544132  143.0  354.297583  28.823301  198.0  354.255297  45.933475  135.0
FAILURE!!!! Some beads might have been misidentified
               x1         y1  area1          x2         y2  area2          x3         y3  area3
range  354.323715  11.648907  140.0  354.277189  28.837126  196.0  354.236035  45.945005  130.0
FAILURE!!!! Some beads might have been misidentified
               x1         y1  area1          x2         y2  area2          x3        y3  area3
range  354.349576  11.633016  139.0  354.289992  28.852771  195.0  354.287678  45.93745  134.0
FAILURE!!!! Some beads might have been misidentified
               x1         y1  area1          x2        y2  area2          x3         y3  area3
range  354.349576  11.631219  142.0  354.278221  28.86934  195.0  354.287678  45.949459  133.0
FAILURE!!!! Some beads might have been misidentified
               x1         y1  area1          x2         y2  area2          x3        y3  area3
range  354.349576  11.652375  144.0  354.289992  28.875876  195.0  354.274788  45.92615  132.0
FAILURE!!!! Some beads might have been misidentified
               x1       y1  area1          x2         y2  area2          x3         y3  area3
range  354.349576  11.6472  142.0  354.301565  28.856006  195.0  354.287678  45.939968  131.0
FAILURE!!!! Some beads might have been misidentified
               x1        y1  area1          x2         y2  area2          x3         y3  area3
range  354.367932  11.62344  140.0  354.265616  28.901625  195.0  354.236035  45.971467  131.0
FAILURE!!!! Some beads might have been misidentified
               x1         y1  area1          x2         y2  area2          x3        y3  area3
range  354.484422  11.632165  143.0  354.061108  28.865635  194.0  354.411467  45.93745  136.0
FAILURE!!!! Some beads might have been misidentified
               x1         y1  area1          x2         y2  area2          x3         y3  area3
range  354.174706  11.658527  142.0  354.441328  28.833858  195.0  354.078501  45.941002  131.0
FAILURE!!!! Some beads might have been misidentified
Residual vector length: 810, Jacobian shape: (810, 6)
view   0 | SOD= 556.898 mm | SDD= 802.742 mm | M= 1.441 | incident=4.7367°
[[ 239.16805    -500.90738     -45.00309   ]
 [-110.79699     218.60182      19.996908  ]
 [   0.13557588    0.06324036    0.        ]
 [   0.            0.            0.1496    ]]
               x1         y1  area1          x2         y2  area2          x3         y3  area3
range  354.350743  11.664368  139.0  354.301565  28.837126  196.0  354.287678  45.941002  131.0
FAILURE!!!! Some beads might have been misidentified

iter 25 cost=3.966842 -> 3.984306 |dtheta|=8.061335e-03  lambda=6.250e-04

============================================================
Iteration 26
============================================================
Theta offsets (Unity frame):
  Source   : dSx=   0.000, dSy=   0.000, dSz=   0.000  (mm)
  Object   : dOx= -18.000, dOy=  -8.004, dOz= -24.939  (mm)
  Object offset: offset_x=   0.001, offset_z=   0.000  (mm)
  Detector : dDx=   0.000, dDy=   0.000, dDz=   0.000  (mm)
  Obj Stage rotY :   25.006 deg
============================================================

Unity geometry (world coordinates):
  Source   : x=   5.000, y=  60.000, z=   0.000
  Object   : x=  -0.000, y=  14.996, z= 555.061
  Detector : x=  -8.000, y=  -5.000, z= 800.000
  Obj rotY :   0.0000 deg
view   0 | SOD= 556.906 mm | SDD= 802.742 mm | M= 1.441 | incident=4.7367°
[[ 239.16124    -500.9195      -45.00383   ]
 [-110.788734    218.59703      19.996168  ]
 [   0.1355772     0.06323752    0.        ]
 [   0.            0.            0.1496    ]]
               x1         y1  area1          x2         y2  area2          x3        y3  area3
range  354.349576  11.648501  139.0  354.289992  28.844893  196.0  354.274788  45.93745  132.0
FAILURE!!!! Some beads might have been misidentified
               x1         y1  area1          x2         y2  area2          x3         y3  area3
range  354.365369  11.632676  143.0  354.280001  28.907811  197.0  354.342069  45.971467  127.0
FAILURE!!!! Some beads might have been misidentified
               x1         y1  area1          x2         y2  area2          x3         y3  area3
range  354.293759  11.637963  141.0  354.233065  28.849819  194.0  354.147899  45.939968  134.0
FAILURE!!!! Some beads might have been misidentified
               x1         y1  area1          x2         y2  area2          x3         y3  area3
range  354.315171  11.730073  142.0  354.282103  28.795305  204.0  354.255892  45.985852  130.0
FAILURE!!!! Some beads might have been misidentified
               x1         y1  area1          x2         y2  area2          x3         y3  area3
range  354.349916  11.544132  143.0  354.297583  28.823301  198.0  354.255297  45.933475  135.0
FAILURE!!!! Some beads might have been misidentified
               x1         y1  area1          x2         y2  area2          x3         y3  area3
range  354.323715  11.648907  140.0  354.277189  28.837126  196.0  354.236035  45.945005  130.0
FAILURE!!!! Some beads might have been misidentified
               x1         y1  area1          x2         y2  area2          x3        y3  area3
range  354.349576  11.633016  139.0  354.289992  28.852771  195.0  354.287678  45.93745  134.0
FAILURE!!!! Some beads might have been misidentified
               x1         y1  area1          x2        y2  area2          x3         y3  area3
range  354.349576  11.631219  142.0  354.278221  28.86934  195.0  354.287678  45.949459  133.0
FAILURE!!!! Some beads might have been misidentified
               x1         y1  area1          x2         y2  area2          x3        y3  area3
range  354.349576  11.652375  144.0  354.289992  28.875876  195.0  354.274788  45.92615  132.0
FAILURE!!!! Some beads might have been misidentified
               x1       y1  area1          x2         y2  area2          x3         y3  area3
range  354.349576  11.6472  142.0  354.301565  28.856006  195.0  354.287678  45.939968  131.0
FAILURE!!!! Some beads might have been misidentified
               x1        y1  area1          x2         y2  area2          x3         y3  area3
range  354.367932  11.62344  140.0  354.265616  28.901625  195.0  354.236035  45.971467  131.0
FAILURE!!!! Some beads might have been misidentified
               x1         y1  area1          x2         y2  area2          x3        y3  area3
range  354.484422  11.632165  143.0  354.061108  28.865635  194.0  354.411467  45.93745  136.0
FAILURE!!!! Some beads might have been misidentified
               x1         y1  area1          x2         y2  area2          x3         y3  area3
range  354.174706  11.658527  142.0  354.441328  28.833858  195.0  354.078501  45.941002  131.0
FAILURE!!!! Some beads might have been misidentified
Residual vector length: 810, Jacobian shape: (810, 6)
view   0 | SOD= 556.898 mm | SDD= 802.742 mm | M= 1.441 | incident=4.7367°
[[ 239.16805    -500.90738     -45.00309   ]
 [-110.79699     218.60182      19.996908  ]
 [   0.13557588    0.06324036    0.        ]
 [   0.            0.            0.1496    ]]
               x1         y1  area1          x2         y2  area2          x3         y3  area3
range  354.350743  11.664368  139.0  354.301565  28.837126  196.0  354.287678  45.941002  131.0
FAILURE!!!! Some beads might have been misidentified

iter 26 cost=3.966842 -> 3.984306 |dtheta|=8.061310e-03  lambda=3.125e-03

============================================================
Iteration 27
============================================================
Theta offsets (Unity frame):
  Source   : dSx=   0.000, dSy=   0.000, dSz=   0.000  (mm)
  Object   : dOx= -18.000, dOy=  -8.004, dOz= -24.939  (mm)
  Object offset: offset_x=   0.001, offset_z=   0.000  (mm)
  Detector : dDx=   0.000, dDy=   0.000, dDz=   0.000  (mm)
  Obj Stage rotY :   25.006 deg
============================================================

Unity geometry (world coordinates):
  Source   : x=   5.000, y=  60.000, z=   0.000
  Object   : x=  -0.000, y=  14.996, z= 555.061
  Detector : x=  -8.000, y=  -5.000, z= 800.000
  Obj rotY :   0.0000 deg
view   0 | SOD= 556.906 mm | SDD= 802.742 mm | M= 1.441 | incident=4.7367°
[[ 239.16124    -500.9195      -45.00383   ]
 [-110.788734    218.59703      19.996168  ]
 [   0.1355772     0.06323752    0.        ]
 [   0.            0.            0.1496    ]]
               x1         y1  area1          x2         y2  area2          x3        y3  area3
range  354.349576  11.648501  139.0  354.289992  28.844893  196.0  354.274788  45.93745  132.0
FAILURE!!!! Some beads might have been misidentified
               x1         y1  area1          x2         y2  area2          x3         y3  area3
range  354.365369  11.632676  143.0  354.280001  28.907811  197.0  354.342069  45.971467  127.0
FAILURE!!!! Some beads might have been misidentified
               x1         y1  area1          x2         y2  area2          x3         y3  area3
range  354.293759  11.637963  141.0  354.233065  28.849819  194.0  354.147899  45.939968  134.0
FAILURE!!!! Some beads might have been misidentified
               x1         y1  area1          x2         y2  area2          x3         y3  area3
range  354.315171  11.730073  142.0  354.282103  28.795305  204.0  354.255892  45.985852  130.0
FAILURE!!!! Some beads might have been misidentified
               x1         y1  area1          x2         y2  area2          x3         y3  area3
range  354.349916  11.544132  143.0  354.297583  28.823301  198.0  354.255297  45.933475  135.0
FAILURE!!!! Some beads might have been misidentified
               x1         y1  area1          x2         y2  area2          x3         y3  area3
range  354.323715  11.648907  140.0  354.277189  28.837126  196.0  354.236035  45.945005  130.0
FAILURE!!!! Some beads might have been misidentified
               x1         y1  area1          x2         y2  area2          x3        y3  area3
range  354.349576  11.633016  139.0  354.289992  28.852771  195.0  354.287678  45.93745  134.0
FAILURE!!!! Some beads might have been misidentified
               x1         y1  area1          x2        y2  area2          x3         y3  area3
range  354.349576  11.631219  142.0  354.278221  28.86934  195.0  354.287678  45.949459  133.0
FAILURE!!!! Some beads might have been misidentified
               x1         y1  area1          x2         y2  area2          x3        y3  area3
range  354.349576  11.652375  144.0  354.289992  28.875876  195.0  354.274788  45.92615  132.0
FAILURE!!!! Some beads might have been misidentified
               x1       y1  area1          x2         y2  area2          x3         y3  area3
range  354.349576  11.6472  142.0  354.301565  28.856006  195.0  354.287678  45.939968  131.0
FAILURE!!!! Some beads might have been misidentified
               x1        y1  area1          x2         y2  area2          x3         y3  area3
range  354.367932  11.62344  140.0  354.265616  28.901625  195.0  354.236035  45.971467  131.0
FAILURE!!!! Some beads might have been misidentified
               x1         y1  area1          x2         y2  area2          x3        y3  area3
range  354.484422  11.632165  143.0  354.061108  28.865635  194.0  354.411467  45.93745  136.0
FAILURE!!!! Some beads might have been misidentified
               x1         y1  area1          x2         y2  area2          x3         y3  area3
range  354.174706  11.658527  142.0  354.441328  28.833858  195.0  354.078501  45.941002  131.0
FAILURE!!!! Some beads might have been misidentified
Residual vector length: 810, Jacobian shape: (810, 6)
view   0 | SOD= 556.898 mm | SDD= 802.742 mm | M= 1.441 | incident=4.7367°
[[ 239.16805    -500.90738     -45.00309   ]
 [-110.79699     218.60182      19.996908  ]
 [   0.13557588    0.06324036    0.        ]
 [   0.            0.            0.1496    ]]
               x1         y1  area1          x2         y2  area2          x3         y3  area3
range  354.350743  11.664368  139.0  354.301565  28.837126  196.0  354.287678  45.941002  131.0
FAILURE!!!! Some beads might have been misidentified

iter 27 cost=3.966842 -> 3.984306 |dtheta|=8.061183e-03  lambda=1.562e-02

============================================================
Iteration 28
============================================================
Theta offsets (Unity frame):
  Source   : dSx=   0.000, dSy=   0.000, dSz=   0.000  (mm)
  Object   : dOx= -18.000, dOy=  -8.004, dOz= -24.939  (mm)
  Object offset: offset_x=   0.001, offset_z=   0.000  (mm)
  Detector : dDx=   0.000, dDy=   0.000, dDz=   0.000  (mm)
  Obj Stage rotY :   25.006 deg
============================================================

Unity geometry (world coordinates):
  Source   : x=   5.000, y=  60.000, z=   0.000
  Object   : x=  -0.000, y=  14.996, z= 555.061
  Detector : x=  -8.000, y=  -5.000, z= 800.000
  Obj rotY :   0.0000 deg
view   0 | SOD= 556.906 mm | SDD= 802.742 mm | M= 1.441 | incident=4.7367°
[[ 239.16124    -500.9195      -45.00383   ]
 [-110.788734    218.59703      19.996168  ]
 [   0.1355772     0.06323752    0.        ]
 [   0.            0.            0.1496    ]]
               x1         y1  area1          x2         y2  area2          x3        y3  area3
range  354.349576  11.648501  139.0  354.289992  28.844893  196.0  354.274788  45.93745  132.0
FAILURE!!!! Some beads might have been misidentified
               x1         y1  area1          x2         y2  area2          x3         y3  area3
range  354.365369  11.632676  143.0  354.280001  28.907811  197.0  354.342069  45.971467  127.0
FAILURE!!!! Some beads might have been misidentified
               x1         y1  area1          x2         y2  area2          x3         y3  area3
range  354.293759  11.637963  141.0  354.233065  28.849819  194.0  354.147899  45.939968  134.0
FAILURE!!!! Some beads might have been misidentified
               x1         y1  area1          x2         y2  area2          x3         y3  area3
range  354.315171  11.730073  142.0  354.282103  28.795305  204.0  354.255892  45.985852  130.0
FAILURE!!!! Some beads might have been misidentified
               x1         y1  area1          x2         y2  area2          x3         y3  area3
range  354.349916  11.544132  143.0  354.297583  28.823301  198.0  354.255297  45.933475  135.0
FAILURE!!!! Some beads might have been misidentified
               x1         y1  area1          x2         y2  area2          x3         y3  area3
range  354.323715  11.648907  140.0  354.277189  28.837126  196.0  354.236035  45.945005  130.0
FAILURE!!!! Some beads might have been misidentified
               x1         y1  area1          x2         y2  area2          x3        y3  area3
range  354.349576  11.633016  139.0  354.289992  28.852771  195.0  354.287678  45.93745  134.0
FAILURE!!!! Some beads might have been misidentified
               x1         y1  area1          x2        y2  area2          x3         y3  area3
range  354.349576  11.631219  142.0  354.278221  28.86934  195.0  354.287678  45.949459  133.0
FAILURE!!!! Some beads might have been misidentified
               x1         y1  area1          x2         y2  area2          x3        y3  area3
range  354.349576  11.652375  144.0  354.289992  28.875876  195.0  354.274788  45.92615  132.0
FAILURE!!!! Some beads might have been misidentified
               x1       y1  area1          x2         y2  area2          x3         y3  area3
range  354.349576  11.6472  142.0  354.301565  28.856006  195.0  354.287678  45.939968  131.0
FAILURE!!!! Some beads might have been misidentified
               x1        y1  area1          x2         y2  area2          x3         y3  area3
range  354.367932  11.62344  140.0  354.265616  28.901625  195.0  354.236035  45.971467  131.0
FAILURE!!!! Some beads might have been misidentified
               x1         y1  area1          x2         y2  area2          x3        y3  area3
range  354.484422  11.632165  143.0  354.061108  28.865635  194.0  354.411467  45.93745  136.0
FAILURE!!!! Some beads might have been misidentified
               x1         y1  area1          x2         y2  area2          x3         y3  area3
range  354.174706  11.658527  142.0  354.441328  28.833858  195.0  354.078501  45.941002  131.0
FAILURE!!!! Some beads might have been misidentified
Residual vector length: 810, Jacobian shape: (810, 6)
view   0 | SOD= 556.898 mm | SDD= 802.742 mm | M= 1.441 | incident=4.7367°
[[ 239.16805    -500.90738     -45.00309   ]
 [-110.79699     218.60182      19.996908  ]
 [   0.13557588    0.06324036    0.        ]
 [   0.            0.            0.1496    ]]
               x1         y1  area1          x2         y2  area2          x3         y3  area3
range  354.350743  11.664368  139.0  354.301565  28.837126  196.0  354.287678  45.941002  131.0
FAILURE!!!! Some beads might have been misidentified

iter 28 cost=3.966842 -> 3.984306 |dtheta|=8.060547e-03  lambda=7.812e-02

============================================================
Iteration 29
============================================================
Theta offsets (Unity frame):
  Source   : dSx=   0.000, dSy=   0.000, dSz=   0.000  (mm)
  Object   : dOx= -18.000, dOy=  -8.004, dOz= -24.939  (mm)
  Object offset: offset_x=   0.001, offset_z=   0.000  (mm)
  Detector : dDx=   0.000, dDy=   0.000, dDz=   0.000  (mm)
  Obj Stage rotY :   25.006 deg
============================================================

Unity geometry (world coordinates):
  Source   : x=   5.000, y=  60.000, z=   0.000
  Object   : x=  -0.000, y=  14.996, z= 555.061
  Detector : x=  -8.000, y=  -5.000, z= 800.000
  Obj rotY :   0.0000 deg
view   0 | SOD= 556.906 mm | SDD= 802.742 mm | M= 1.441 | incident=4.7367°
[[ 239.16124    -500.9195      -45.00383   ]
 [-110.788734    218.59703      19.996168  ]
 [   0.1355772     0.06323752    0.        ]
 [   0.            0.            0.1496    ]]
               x1         y1  area1          x2         y2  area2          x3        y3  area3
range  354.349576  11.648501  139.0  354.289992  28.844893  196.0  354.274788  45.93745  132.0
FAILURE!!!! Some beads might have been misidentified
               x1         y1  area1          x2         y2  area2          x3         y3  area3
range  354.365369  11.632676  143.0  354.280001  28.907811  197.0  354.342069  45.971467  127.0
FAILURE!!!! Some beads might have been misidentified
               x1         y1  area1          x2         y2  area2          x3         y3  area3
range  354.293759  11.637963  141.0  354.233065  28.849819  194.0  354.147899  45.939968  134.0
FAILURE!!!! Some beads might have been misidentified
               x1         y1  area1          x2         y2  area2          x3         y3  area3
range  354.315171  11.730073  142.0  354.282103  28.795305  204.0  354.255892  45.985852  130.0
FAILURE!!!! Some beads might have been misidentified
               x1         y1  area1          x2         y2  area2          x3         y3  area3
range  354.349916  11.544132  143.0  354.297583  28.823301  198.0  354.255297  45.933475  135.0
FAILURE!!!! Some beads might have been misidentified
               x1         y1  area1          x2         y2  area2          x3         y3  area3
range  354.323715  11.648907  140.0  354.277189  28.837126  196.0  354.236035  45.945005  130.0
FAILURE!!!! Some beads might have been misidentified
               x1         y1  area1          x2         y2  area2          x3        y3  area3
range  354.349576  11.633016  139.0  354.289992  28.852771  195.0  354.287678  45.93745  134.0
FAILURE!!!! Some beads might have been misidentified
               x1         y1  area1          x2        y2  area2          x3         y3  area3
range  354.349576  11.631219  142.0  354.278221  28.86934  195.0  354.287678  45.949459  133.0
FAILURE!!!! Some beads might have been misidentified
               x1         y1  area1          x2         y2  area2          x3        y3  area3
range  354.349576  11.652375  144.0  354.289992  28.875876  195.0  354.274788  45.92615  132.0
FAILURE!!!! Some beads might have been misidentified
               x1       y1  area1          x2         y2  area2          x3         y3  area3
range  354.349576  11.6472  142.0  354.301565  28.856006  195.0  354.287678  45.939968  131.0
FAILURE!!!! Some beads might have been misidentified
               x1        y1  area1          x2         y2  area2          x3         y3  area3
range  354.367932  11.62344  140.0  354.265616  28.901625  195.0  354.236035  45.971467  131.0
FAILURE!!!! Some beads might have been misidentified
               x1         y1  area1          x2         y2  area2          x3        y3  area3
range  354.484422  11.632165  143.0  354.061108  28.865635  194.0  354.411467  45.93745  136.0
FAILURE!!!! Some beads might have been misidentified
               x1         y1  area1          x2         y2  area2          x3         y3  area3
range  354.174706  11.658527  142.0  354.441328  28.833858  195.0  354.078501  45.941002  131.0
FAILURE!!!! Some beads might have been misidentified
Residual vector length: 810, Jacobian shape: (810, 6)
view   0 | SOD= 556.898 mm | SDD= 802.742 mm | M= 1.441 | incident=4.7367°
[[ 239.16805    -500.90738     -45.00309   ]
 [-110.79699     218.60182      19.996908  ]
 [   0.13557588    0.06324035    0.        ]
 [   0.            0.            0.1496    ]]
               x1         y1  area1          x2         y2  area2          x3         y3  area3
range  354.350743  11.664368  139.0  354.301565  28.837126  196.0  354.287678  45.941002  131.0
FAILURE!!!! Some beads might have been misidentified

iter 29 cost=3.966842 -> 3.981063 |dtheta|=8.057372e-03  lambda=3.906e-01

============================================================
Iteration 30
============================================================
Theta offsets (Unity frame):
  Source   : dSx=   0.000, dSy=   0.000, dSz=   0.000  (mm)
  Object   : dOx= -18.000, dOy=  -8.004, dOz= -24.939  (mm)
  Object offset: offset_x=   0.001, offset_z=   0.000  (mm)
  Detector : dDx=   0.000, dDy=   0.000, dDz=   0.000  (mm)
  Obj Stage rotY :   25.006 deg
============================================================

Unity geometry (world coordinates):
  Source   : x=   5.000, y=  60.000, z=   0.000
  Object   : x=  -0.000, y=  14.996, z= 555.061
  Detector : x=  -8.000, y=  -5.000, z= 800.000
  Obj rotY :   0.0000 deg
view   0 | SOD= 556.906 mm | SDD= 802.742 mm | M= 1.441 | incident=4.7367°
[[ 239.16124    -500.9195      -45.00383   ]
 [-110.788734    218.59703      19.996168  ]
 [   0.1355772     0.06323752    0.        ]
 [   0.            0.            0.1496    ]]
               x1         y1  area1          x2         y2  area2          x3        y3  area3
range  354.349576  11.648501  139.0  354.289992  28.844893  196.0  354.274788  45.93745  132.0
FAILURE!!!! Some beads might have been misidentified
               x1         y1  area1          x2         y2  area2          x3         y3  area3
range  354.365369  11.632676  143.0  354.280001  28.907811  197.0  354.342069  45.971467  127.0
FAILURE!!!! Some beads might have been misidentified
               x1         y1  area1          x2         y2  area2          x3         y3  area3
range  354.293759  11.637963  141.0  354.233065  28.849819  194.0  354.147899  45.939968  134.0
FAILURE!!!! Some beads might have been misidentified
               x1         y1  area1          x2         y2  area2          x3         y3  area3
range  354.315171  11.730073  142.0  354.282103  28.795305  204.0  354.255892  45.985852  130.0
FAILURE!!!! Some beads might have been misidentified
               x1         y1  area1          x2         y2  area2          x3         y3  area3
range  354.349916  11.544132  143.0  354.297583  28.823301  198.0  354.255297  45.933475  135.0
FAILURE!!!! Some beads might have been misidentified
               x1         y1  area1          x2         y2  area2          x3         y3  area3
range  354.323715  11.648907  140.0  354.277189  28.837126  196.0  354.236035  45.945005  130.0
FAILURE!!!! Some beads might have been misidentified
               x1         y1  area1          x2         y2  area2          x3        y3  area3
range  354.349576  11.633016  139.0  354.289992  28.852771  195.0  354.287678  45.93745  134.0
FAILURE!!!! Some beads might have been misidentified
               x1         y1  area1          x2        y2  area2          x3         y3  area3
range  354.349576  11.631219  142.0  354.278221  28.86934  195.0  354.287678  45.949459  133.0
FAILURE!!!! Some beads might have been misidentified
               x1         y1  area1          x2         y2  area2          x3        y3  area3
range  354.349576  11.652375  144.0  354.289992  28.875876  195.0  354.274788  45.92615  132.0
FAILURE!!!! Some beads might have been misidentified
               x1       y1  area1          x2         y2  area2          x3         y3  area3
range  354.349576  11.6472  142.0  354.301565  28.856006  195.0  354.287678  45.939968  131.0
FAILURE!!!! Some beads might have been misidentified
               x1        y1  area1          x2         y2  area2          x3         y3  area3
range  354.367932  11.62344  140.0  354.265616  28.901625  195.0  354.236035  45.971467  131.0
FAILURE!!!! Some beads might have been misidentified
               x1         y1  area1          x2         y2  area2          x3        y3  area3
range  354.484422  11.632165  143.0  354.061108  28.865635  194.0  354.411467  45.93745  136.0
FAILURE!!!! Some beads might have been misidentified
               x1         y1  area1          x2         y2  area2          x3         y3  area3
range  354.174706  11.658527  142.0  354.441328  28.833858  195.0  354.078501  45.941002  131.0
FAILURE!!!! Some beads might have been misidentified
Residual vector length: 810, Jacobian shape: (810, 6)
view   0 | SOD= 556.898 mm | SDD= 802.742 mm | M= 1.441 | incident=4.7367°
[[ 239.16803    -500.90738     -45.003094  ]
 [-110.79698     218.60182      19.996906  ]
 [   0.13557588    0.06324035    0.        ]
 [   0.            0.            0.1496    ]]
               x1         y1  area1          x2         y2  area2          x3         y3  area3
range  354.350743  11.664368  139.0  354.301565  28.837126  196.0  354.287678  45.941002  131.0
FAILURE!!!! Some beads might have been misidentified

iter 30 cost=3.966842 -> 3.984591 |dtheta|=8.041535e-03  lambda=1.953e+00

============================================================
Iteration 31
============================================================
Theta offsets (Unity frame):
  Source   : dSx=   0.000, dSy=   0.000, dSz=   0.000  (mm)
  Object   : dOx= -18.000, dOy=  -8.004, dOz= -24.939  (mm)
  Object offset: offset_x=   0.001, offset_z=   0.000  (mm)
  Detector : dDx=   0.000, dDy=   0.000, dDz=   0.000  (mm)
  Obj Stage rotY :   25.006 deg
============================================================

Unity geometry (world coordinates):
  Source   : x=   5.000, y=  60.000, z=   0.000
  Object   : x=  -0.000, y=  14.996, z= 555.061
  Detector : x=  -8.000, y=  -5.000, z= 800.000
  Obj rotY :   0.0000 deg
view   0 | SOD= 556.906 mm | SDD= 802.742 mm | M= 1.441 | incident=4.7367°
[[ 239.16124    -500.9195      -45.00383   ]
 [-110.788734    218.59703      19.996168  ]
 [   0.1355772     0.06323752    0.        ]
 [   0.            0.            0.1496    ]]
               x1         y1  area1          x2         y2  area2          x3        y3  area3
range  354.349576  11.648501  139.0  354.289992  28.844893  196.0  354.274788  45.93745  132.0
FAILURE!!!! Some beads might have been misidentified
               x1         y1  area1          x2         y2  area2          x3         y3  area3
range  354.365369  11.632676  143.0  354.280001  28.907811  197.0  354.342069  45.971467  127.0
FAILURE!!!! Some beads might have been misidentified
               x1         y1  area1          x2         y2  area2          x3         y3  area3
range  354.293759  11.637963  141.0  354.233065  28.849819  194.0  354.147899  45.939968  134.0
FAILURE!!!! Some beads might have been misidentified
               x1         y1  area1          x2         y2  area2          x3         y3  area3
range  354.315171  11.730073  142.0  354.282103  28.795305  204.0  354.255892  45.985852  130.0
FAILURE!!!! Some beads might have been misidentified
               x1         y1  area1          x2         y2  area2          x3         y3  area3
range  354.349916  11.544132  143.0  354.297583  28.823301  198.0  354.255297  45.933475  135.0
FAILURE!!!! Some beads might have been misidentified
               x1         y1  area1          x2         y2  area2          x3         y3  area3
range  354.323715  11.648907  140.0  354.277189  28.837126  196.0  354.236035  45.945005  130.0
FAILURE!!!! Some beads might have been misidentified
               x1         y1  area1          x2         y2  area2          x3        y3  area3
range  354.349576  11.633016  139.0  354.289992  28.852771  195.0  354.287678  45.93745  134.0
FAILURE!!!! Some beads might have been misidentified
               x1         y1  area1          x2        y2  area2          x3         y3  area3
range  354.349576  11.631219  142.0  354.278221  28.86934  195.0  354.287678  45.949459  133.0
FAILURE!!!! Some beads might have been misidentified
               x1         y1  area1          x2         y2  area2          x3        y3  area3
range  354.349576  11.652375  144.0  354.289992  28.875876  195.0  354.274788  45.92615  132.0
FAILURE!!!! Some beads might have been misidentified
               x1       y1  area1          x2         y2  area2          x3         y3  area3
range  354.349576  11.6472  142.0  354.301565  28.856006  195.0  354.287678  45.939968  131.0
FAILURE!!!! Some beads might have been misidentified
               x1        y1  area1          x2         y2  area2          x3         y3  area3
range  354.367932  11.62344  140.0  354.265616  28.901625  195.0  354.236035  45.971467  131.0
FAILURE!!!! Some beads might have been misidentified
               x1         y1  area1          x2         y2  area2          x3        y3  area3
range  354.484422  11.632165  143.0  354.061108  28.865635  194.0  354.411467  45.93745  136.0
FAILURE!!!! Some beads might have been misidentified
               x1         y1  area1          x2         y2  area2          x3         y3  area3
range  354.174706  11.658527  142.0  354.441328  28.833858  195.0  354.078501  45.941002  131.0
FAILURE!!!! Some beads might have been misidentified
Residual vector length: 810, Jacobian shape: (810, 6)
view   0 | SOD= 556.898 mm | SDD= 802.742 mm | M= 1.441 | incident=4.7367°
[[ 239.16805    -500.9075      -45.0031    ]
 [-110.79691     218.60173      19.996899  ]
 [   0.13557588    0.06324033    0.        ]
 [   0.            0.            0.1496    ]]
               x1         y1  area1          x2         y2  area2          x3         y3  area3
range  354.350743  11.664368  139.0  354.301565  28.837126  196.0  354.287678  45.941002  131.0
FAILURE!!!! Some beads might have been misidentified

iter 31 cost=3.966842 -> 3.984832 |dtheta|=7.963284e-03  lambda=9.766e+00

============================================================
Iteration 32
============================================================
Theta offsets (Unity frame):
  Source   : dSx=   0.000, dSy=   0.000, dSz=   0.000  (mm)
  Object   : dOx= -18.000, dOy=  -8.004, dOz= -24.939  (mm)
  Object offset: offset_x=   0.001, offset_z=   0.000  (mm)
  Detector : dDx=   0.000, dDy=   0.000, dDz=   0.000  (mm)
  Obj Stage rotY :   25.006 deg
============================================================

Unity geometry (world coordinates):
  Source   : x=   5.000, y=  60.000, z=   0.000
  Object   : x=  -0.000, y=  14.996, z= 555.061
  Detector : x=  -8.000, y=  -5.000, z= 800.000
  Obj rotY :   0.0000 deg
view   0 | SOD= 556.906 mm | SDD= 802.742 mm | M= 1.441 | incident=4.7367°
[[ 239.16124    -500.9195      -45.00383   ]
 [-110.788734    218.59703      19.996168  ]
 [   0.1355772     0.06323752    0.        ]
 [   0.            0.            0.1496    ]]
               x1         y1  area1          x2         y2  area2          x3        y3  area3
range  354.349576  11.648501  139.0  354.289992  28.844893  196.0  354.274788  45.93745  132.0
FAILURE!!!! Some beads might have been misidentified
               x1         y1  area1          x2         y2  area2          x3         y3  area3
range  354.365369  11.632676  143.0  354.280001  28.907811  197.0  354.342069  45.971467  127.0
FAILURE!!!! Some beads might have been misidentified
               x1         y1  area1          x2         y2  area2          x3         y3  area3
range  354.293759  11.637963  141.0  354.233065  28.849819  194.0  354.147899  45.939968  134.0
FAILURE!!!! Some beads might have been misidentified
               x1         y1  area1          x2         y2  area2          x3         y3  area3
range  354.315171  11.730073  142.0  354.282103  28.795305  204.0  354.255892  45.985852  130.0
FAILURE!!!! Some beads might have been misidentified
               x1         y1  area1          x2         y2  area2          x3         y3  area3
range  354.349916  11.544132  143.0  354.297583  28.823301  198.0  354.255297  45.933475  135.0
FAILURE!!!! Some beads might have been misidentified
               x1         y1  area1          x2         y2  area2          x3         y3  area3
range  354.323715  11.648907  140.0  354.277189  28.837126  196.0  354.236035  45.945005  130.0
FAILURE!!!! Some beads might have been misidentified
               x1         y1  area1          x2         y2  area2          x3        y3  area3
range  354.349576  11.633016  139.0  354.289992  28.852771  195.0  354.287678  45.93745  134.0
FAILURE!!!! Some beads might have been misidentified
               x1         y1  area1          x2        y2  area2          x3         y3  area3
range  354.349576  11.631219  142.0  354.278221  28.86934  195.0  354.287678  45.949459  133.0
FAILURE!!!! Some beads might have been misidentified
               x1         y1  area1          x2         y2  area2          x3        y3  area3
range  354.349576  11.652375  144.0  354.289992  28.875876  195.0  354.274788  45.92615  132.0
FAILURE!!!! Some beads might have been misidentified
               x1       y1  area1          x2         y2  area2          x3         y3  area3
range  354.349576  11.6472  142.0  354.301565  28.856006  195.0  354.287678  45.939968  131.0
FAILURE!!!! Some beads might have been misidentified
               x1        y1  area1          x2         y2  area2          x3         y3  area3
range  354.367932  11.62344  140.0  354.265616  28.901625  195.0  354.236035  45.971467  131.0
FAILURE!!!! Some beads might have been misidentified
               x1         y1  area1          x2         y2  area2          x3        y3  area3
range  354.484422  11.632165  143.0  354.061108  28.865635  194.0  354.411467  45.93745  136.0
FAILURE!!!! Some beads might have been misidentified
               x1         y1  area1          x2         y2  area2          x3         y3  area3
range  354.174706  11.658527  142.0  354.441328  28.833858  195.0  354.078501  45.941002  131.0
FAILURE!!!! Some beads might have been misidentified
Residual vector length: 810, Jacobian shape: (810, 6)
view   0 | SOD= 556.898 mm | SDD= 802.742 mm | M= 1.441 | incident=4.7367°
[[ 239.16798    -500.90793     -45.003128  ]
 [-110.79665     218.60144      19.99687   ]
 [   0.1355759     0.06324028    0.        ]
 [   0.            0.            0.1496    ]]
               x1         y1  area1          x2         y2  area2          x3         y3  area3
range  354.350743  11.664368  139.0  354.301565  28.837126  196.0  354.287678  45.941002  131.0
FAILURE!!!! Some beads might have been misidentified

iter 32 cost=3.966842 -> 3.981421 |dtheta|=7.594047e-03  lambda=4.883e+01

============================================================
Iteration 33
============================================================
Theta offsets (Unity frame):
  Source   : dSx=   0.000, dSy=   0.000, dSz=   0.000  (mm)
  Object   : dOx= -18.000, dOy=  -8.004, dOz= -24.939  (mm)
  Object offset: offset_x=   0.001, offset_z=   0.000  (mm)
  Detector : dDx=   0.000, dDy=   0.000, dDz=   0.000  (mm)
  Obj Stage rotY :   25.006 deg
============================================================

Unity geometry (world coordinates):
  Source   : x=   5.000, y=  60.000, z=   0.000
  Object   : x=  -0.000, y=  14.996, z= 555.061
  Detector : x=  -8.000, y=  -5.000, z= 800.000
  Obj rotY :   0.0000 deg
view   0 | SOD= 556.906 mm | SDD= 802.742 mm | M= 1.441 | incident=4.7367°
[[ 239.16124    -500.9195      -45.00383   ]
 [-110.788734    218.59703      19.996168  ]
 [   0.1355772     0.06323752    0.        ]
 [   0.            0.            0.1496    ]]
               x1         y1  area1          x2         y2  area2          x3        y3  area3
range  354.349576  11.648501  139.0  354.289992  28.844893  196.0  354.274788  45.93745  132.0
FAILURE!!!! Some beads might have been misidentified
               x1         y1  area1          x2         y2  area2          x3         y3  area3
range  354.365369  11.632676  143.0  354.280001  28.907811  197.0  354.342069  45.971467  127.0
FAILURE!!!! Some beads might have been misidentified
               x1         y1  area1          x2         y2  area2          x3         y3  area3
range  354.293759  11.637963  141.0  354.233065  28.849819  194.0  354.147899  45.939968  134.0
FAILURE!!!! Some beads might have been misidentified
               x1         y1  area1          x2         y2  area2          x3         y3  area3
range  354.315171  11.730073  142.0  354.282103  28.795305  204.0  354.255892  45.985852  130.0
FAILURE!!!! Some beads might have been misidentified
               x1         y1  area1          x2         y2  area2          x3         y3  area3
range  354.349916  11.544132  143.0  354.297583  28.823301  198.0  354.255297  45.933475  135.0
FAILURE!!!! Some beads might have been misidentified
               x1         y1  area1          x2         y2  area2          x3         y3  area3
range  354.323715  11.648907  140.0  354.277189  28.837126  196.0  354.236035  45.945005  130.0
FAILURE!!!! Some beads might have been misidentified
               x1         y1  area1          x2         y2  area2          x3        y3  area3
range  354.349576  11.633016  139.0  354.289992  28.852771  195.0  354.287678  45.93745  134.0
FAILURE!!!! Some beads might have been misidentified
               x1         y1  area1          x2        y2  area2          x3         y3  area3
range  354.349576  11.631219  142.0  354.278221  28.86934  195.0  354.287678  45.949459  133.0
FAILURE!!!! Some beads might have been misidentified
               x1         y1  area1          x2         y2  area2          x3        y3  area3
range  354.349576  11.652375  144.0  354.289992  28.875876  195.0  354.274788  45.92615  132.0
FAILURE!!!! Some beads might have been misidentified
               x1       y1  area1          x2         y2  area2          x3         y3  area3
range  354.349576  11.6472  142.0  354.301565  28.856006  195.0  354.287678  45.939968  131.0
FAILURE!!!! Some beads might have been misidentified
               x1        y1  area1          x2         y2  area2          x3         y3  area3
range  354.367932  11.62344  140.0  354.265616  28.901625  195.0  354.236035  45.971467  131.0
FAILURE!!!! Some beads might have been misidentified
               x1         y1  area1          x2         y2  area2          x3        y3  area3
range  354.484422  11.632165  143.0  354.061108  28.865635  194.0  354.411467  45.93745  136.0
FAILURE!!!! Some beads might have been misidentified
               x1         y1  area1          x2         y2  area2          x3         y3  area3
range  354.174706  11.658527  142.0  354.441328  28.833858  195.0  354.078501  45.941002  131.0
FAILURE!!!! Some beads might have been misidentified
Residual vector length: 810, Jacobian shape: (810, 6)
view   0 | SOD= 556.899 mm | SDD= 802.742 mm | M= 1.441 | incident=4.7367°
[[ 239.16771    -500.9097      -45.003246  ]
 [-110.795616    218.60033      19.996754  ]
 [   0.13557602    0.06324003    0.        ]
 [   0.            0.            0.1496    ]]
               x1         y1  area1          x2         y2  area2          x3         y3  area3
range  354.350743  11.664368  140.0  354.301565  28.843783  196.0  354.287678  45.941002  131.0
FAILURE!!!! Some beads might have been misidentified

iter 33 cost=3.966842 -> 3.974173 |dtheta|=6.168652e-03  lambda=2.441e+02

============================================================
Iteration 34
============================================================
Theta offsets (Unity frame):
  Source   : dSx=   0.000, dSy=   0.000, dSz=   0.000  (mm)
  Object   : dOx= -18.000, dOy=  -8.004, dOz= -24.939  (mm)
  Object offset: offset_x=   0.001, offset_z=   0.000  (mm)
  Detector : dDx=   0.000, dDy=   0.000, dDz=   0.000  (mm)
  Obj Stage rotY :   25.006 deg
============================================================

Unity geometry (world coordinates):
  Source   : x=   5.000, y=  60.000, z=   0.000
  Object   : x=  -0.000, y=  14.996, z= 555.061
  Detector : x=  -8.000, y=  -5.000, z= 800.000
  Obj rotY :   0.0000 deg
view   0 | SOD= 556.906 mm | SDD= 802.742 mm | M= 1.441 | incident=4.7367°
[[ 239.16124    -500.9195      -45.00383   ]
 [-110.788734    218.59703      19.996168  ]
 [   0.1355772     0.06323752    0.        ]
 [   0.            0.            0.1496    ]]
               x1         y1  area1          x2         y2  area2          x3        y3  area3
range  354.349576  11.648501  139.0  354.289992  28.844893  196.0  354.274788  45.93745  132.0
FAILURE!!!! Some beads might have been misidentified
               x1         y1  area1          x2         y2  area2          x3         y3  area3
range  354.365369  11.632676  143.0  354.280001  28.907811  197.0  354.342069  45.971467  127.0
FAILURE!!!! Some beads might have been misidentified
               x1         y1  area1          x2         y2  area2          x3         y3  area3
range  354.293759  11.637963  141.0  354.233065  28.849819  194.0  354.147899  45.939968  134.0
FAILURE!!!! Some beads might have been misidentified
               x1         y1  area1          x2         y2  area2          x3         y3  area3
range  354.315171  11.730073  142.0  354.282103  28.795305  204.0  354.255892  45.985852  130.0
FAILURE!!!! Some beads might have been misidentified
               x1         y1  area1          x2         y2  area2          x3         y3  area3
range  354.349916  11.544132  143.0  354.297583  28.823301  198.0  354.255297  45.933475  135.0
FAILURE!!!! Some beads might have been misidentified
               x1         y1  area1          x2         y2  area2          x3         y3  area3
range  354.323715  11.648907  140.0  354.277189  28.837126  196.0  354.236035  45.945005  130.0
FAILURE!!!! Some beads might have been misidentified
               x1         y1  area1          x2         y2  area2          x3        y3  area3
range  354.349576  11.633016  139.0  354.289992  28.852771  195.0  354.287678  45.93745  134.0
FAILURE!!!! Some beads might have been misidentified
               x1         y1  area1          x2        y2  area2          x3         y3  area3
range  354.349576  11.631219  142.0  354.278221  28.86934  195.0  354.287678  45.949459  133.0
FAILURE!!!! Some beads might have been misidentified
               x1         y1  area1          x2         y2  area2          x3        y3  area3
range  354.349576  11.652375  144.0  354.289992  28.875876  195.0  354.274788  45.92615  132.0
FAILURE!!!! Some beads might have been misidentified
               x1       y1  area1          x2         y2  area2          x3         y3  area3
range  354.349576  11.6472  142.0  354.301565  28.856006  195.0  354.287678  45.939968  131.0
FAILURE!!!! Some beads might have been misidentified
               x1        y1  area1          x2         y2  area2          x3         y3  area3
range  354.367932  11.62344  140.0  354.265616  28.901625  195.0  354.236035  45.971467  131.0
FAILURE!!!! Some beads might have been misidentified
               x1         y1  area1          x2         y2  area2          x3        y3  area3
range  354.484422  11.632165  143.0  354.061108  28.865635  194.0  354.411467  45.93745  136.0
FAILURE!!!! Some beads might have been misidentified
               x1         y1  area1          x2         y2  area2          x3         y3  area3
range  354.174706  11.658527  142.0  354.441328  28.833858  195.0  354.078501  45.941002  131.0
FAILURE!!!! Some beads might have been misidentified
Residual vector length: 810, Jacobian shape: (810, 6)
view   0 | SOD= 556.902 mm | SDD= 802.742 mm | M= 1.441 | incident=4.7367°
[[ 239.1664     -500.91357     -45.00349   ]
 [-110.79318     218.59828      19.99651   ]
 [   0.13557635    0.06323933    0.        ]
 [   0.            0.            0.1496    ]]
               x1         y1  area1          x2         y2  area2          x3         y3  area3
range  354.349576  11.648501  140.0  354.289794  28.843783  196.0  354.287678  45.941002  131.0
FAILURE!!!! Some beads might have been misidentified

iter 34 cost=3.966842 -> 3.956276 |dtheta|=3.205825e-03  lambda=1.221e+03

============================================================
Iteration 35
============================================================
Theta offsets (Unity frame):
  Source   : dSx=   0.000, dSy=   0.000, dSz=   0.000  (mm)
  Object   : dOx= -18.000, dOy=  -8.003, dOz= -24.942  (mm)
  Object offset: offset_x=   0.001, offset_z=   0.000  (mm)
  Detector : dDx=   0.000, dDy=   0.000, dDz=   0.000  (mm)
  Obj Stage rotY :   25.007 deg
============================================================

Unity geometry (world coordinates):
  Source   : x=   5.000, y=  60.000, z=   0.000
  Object   : x=  -0.000, y=  14.997, z= 555.058
  Detector : x=  -8.000, y=  -5.000, z= 800.000
  Obj rotY :   0.0000 deg
view   0 | SOD= 556.902 mm | SDD= 802.742 mm | M= 1.441 | incident=4.7367°
[[ 239.1664     -500.91357     -45.00349   ]
 [-110.79318     218.59828      19.99651   ]
 [   0.13557635    0.06323933    0.        ]
 [   0.            0.            0.1496    ]]
               x1         y1  area1          x2         y2  area2          x3         y3  area3
range  354.349576  11.648501  140.0  354.289794  28.843783  196.0  354.287678  45.941002  131.0
FAILURE!!!! Some beads might have been misidentified
               x1         y1  area1          x2         y2  area2          x3         y3  area3
range  354.370813  11.632676  143.0  354.280001  28.907811  197.0  354.342069  45.971467  128.0
FAILURE!!!! Some beads might have been misidentified
               x1         y1  area1          x2         y2  area2          x3         y3  area3
range  354.280385  11.637963  141.0  354.233065  28.849819  194.0  354.147899  45.939968  134.0
FAILURE!!!! Some beads might have been misidentified
               x1         y1  area1          x2         y2  area2         x3         y3  area3
range  354.317401  11.743689  142.0  354.282103  28.795305  203.0  354.27043  45.985852  130.0
FAILURE!!!! Some beads might have been misidentified
               x1         y1  area1          x2         y2  area2          x3         y3  area3
range  354.349916  11.540079  143.0  354.297583  28.823301  198.0  354.255297  45.933475  134.0
FAILURE!!!! Some beads might have been misidentified
               x1         y1  area1          x2         y2  area2          x3         y3  area3
range  354.336918  11.664368  139.0  354.277189  28.846722  196.0  354.236035  45.941002  130.0
FAILURE!!!! Some beads might have been misidentified
               x1         y1  area1          x2         y2  area2          x3        y3  area3
range  354.349576  11.644778  139.0  354.289992  28.856038  195.0  354.287678  45.93745  134.0
FAILURE!!!! Some beads might have been misidentified
               x1         y1  area1          x2         y2  area2          x3         y3  area3
range  354.349576  11.646044  142.0  354.278221  28.866629  195.0  354.287678  45.955254  133.0
FAILURE!!!! Some beads might have been misidentified
               x1         y1  area1          x2         y2  area2          x3        y3  area3
range  354.350743  11.665533  145.0  354.301565  28.888704  195.0  354.274788  45.92615  132.0
FAILURE!!!! Some beads might have been misidentified
               x1       y1  area1          x2         y2  area2          x3         y3  area3
range  354.349576  11.6472  143.0  354.301565  28.856006  195.0  354.287678  45.939968  131.0
FAILURE!!!! Some beads might have been misidentified
               x1        y1  area1          x2         y2  area2          x3         y3  area3
range  354.381757  11.62344  140.0  354.265616  28.901625  196.0  354.259624  45.971467  130.0
FAILURE!!!! Some beads might have been misidentified
               x1         y1  area1          x2         y2  area2          x3        y3  area3
range  354.471048  11.644778  145.0  354.061108  28.865635  194.0  354.411467  45.93745  136.0
FAILURE!!!! Some beads might have been misidentified
               x1         y1  area1          x2         y2  area2          x3         y3  area3
range  354.174706  11.658527  143.0  354.452843  28.833858  196.0  354.078501  45.957876  132.0
FAILURE!!!! Some beads might have been misidentified
Residual vector length: 810, Jacobian shape: (810, 6)
view   0 | SOD= 556.896 mm | SDD= 802.742 mm | M= 1.441 | incident=4.7367°
[[ 239.16092    -500.9091      -45.002995  ]
 [-110.79464     218.60472      19.997005  ]
 [   0.13557671    0.06323857    0.        ]
 [   0.            0.            0.1496    ]]
               x1         y1  area1          x2         y2  area2          x3        y3  area3
range  354.336918  11.665259  139.0  354.301565  28.843783  195.0  354.287678  45.93745  132.0
FAILURE!!!! Some beads might have been misidentified

iter 35 cost=3.956276 -> 3.935863 |dtheta|=6.292442e-03  lambda=4.069e+02

============================================================
Iteration 36
============================================================
Theta offsets (Unity frame):
  Source   : dSx=   0.000, dSy=   0.000, dSz=   0.000  (mm)
  Object   : dOx= -18.000, dOy=  -8.003, dOz= -24.948  (mm)
  Object offset: offset_x=   0.001, offset_z=   0.000  (mm)
  Detector : dDx=   0.000, dDy=   0.000, dDz=   0.000  (mm)
  Obj Stage rotY :   25.006 deg
============================================================

Unity geometry (world coordinates):
  Source   : x=   5.000, y=  60.000, z=   0.000
  Object   : x=  -0.000, y=  14.997, z= 555.052
  Detector : x=  -8.000, y=  -5.000, z= 800.000
  Obj rotY :   0.0000 deg
view   0 | SOD= 556.896 mm | SDD= 802.742 mm | M= 1.441 | incident=4.7367°
[[ 239.16092    -500.9091      -45.002995  ]
 [-110.79464     218.60472      19.997005  ]
 [   0.13557671    0.06323857    0.        ]
 [   0.            0.            0.1496    ]]
               x1         y1  area1          x2         y2  area2          x3        y3  area3
range  354.336918  11.665259  139.0  354.301565  28.843783  195.0  354.287678  45.93745  132.0
FAILURE!!!! Some beads might have been misidentified
               x1         y1  area1          x2         y2  area2          x3         y3  area3
range  354.378038  11.658756  143.0  354.295357  28.907811  197.0  354.342069  45.971467  129.0
FAILURE!!!! Some beads might have been misidentified
               x1         y1  area1          x2         y2  area2          x3         y3  area3
range  354.293759  11.637963  141.0  354.277576  28.849819  194.0  354.147899  45.939968  134.0
FAILURE!!!! Some beads might have been misidentified
              x1        y1  area1          x2         y2  area2         x3         y3  area3
range  354.33335  11.75911  142.0  354.298752  28.798018  204.0  354.27043  45.969456  131.0
FAILURE!!!! Some beads might have been misidentified
               x1         y1  area1          x2         y2  area2          x3         y3  area3
range  354.349916  11.540079  143.0  354.297583  28.823301  198.0  354.255297  45.935871  135.0
FAILURE!!!! Some beads might have been misidentified
               x1         y1  area1          x2         y2  area2         x3         y3  area3
range  354.323715  11.665259  139.0  354.277189  28.837126  196.0  354.24552  45.945005  129.0
FAILURE!!!! Some beads might have been misidentified
               x1         y1  area1          x2         y2  area2          x3        y3  area3
range  354.349576  11.648907  140.0  354.289992  28.856038  195.0  354.287678  45.93745  134.0
FAILURE!!!! Some beads might have been misidentified
               x1         y1  area1          x2         y2  area2          x3         y3  area3
range  354.350743  11.659565  143.0  354.301565  28.866629  195.0  354.287678  45.955483  132.0
FAILURE!!!! Some beads might have been misidentified
               x1         y1  area1          x2         y2  area2          x3        y3  area3
range  354.336918  11.665533  145.0  354.301565  28.875876  195.0  354.274788  45.92615  132.0
FAILURE!!!! Some beads might have been misidentified
               x1       y1  area1          x2         y2  area2          x3         y3  area3
range  354.335765  11.6472  143.0  354.301565  28.856006  195.0  354.277315  45.939968  132.0
FAILURE!!!! Some beads might have been misidentified
               x1         y1  area1          x2         y2  area2          x3         y3  area3
range  354.367932  11.649519  140.0  354.265616  28.901625  196.0  354.271178  45.971467  131.0
FAILURE!!!! Some beads might have been misidentified
               x1         y1  area1          x2         y2  area2          x3        y3  area3
range  354.483717  11.664732  145.0  354.117115  28.865635  194.0  354.411467  45.93745  136.0
FAILURE!!!! Some beads might have been misidentified
               x1         y1  area1          x2         y2  area2          x3         y3  area3
range  354.175756  11.665259  143.0  354.482819  28.833858  196.0  354.078501  45.943227  130.0
FAILURE!!!! Some beads might have been misidentified
Residual vector length: 810, Jacobian shape: (810, 6)
view   0 | SOD= 556.890 mm | SDD= 802.742 mm | M= 1.441 | incident=4.7367°
[[ 239.1611     -500.90222     -45.002495  ]
 [-110.79849     218.6096       19.997503  ]
 [   0.13557635    0.06323933    0.        ]
 [   0.            0.            0.1496    ]]
               x1         y1  area1          x2         y2  area2          x3        y3  area3
range  354.336918  11.665259  139.0  354.301565  28.837126  196.0  354.287678  45.93745  133.0
FAILURE!!!! Some beads might have been misidentified

iter 36 cost=3.935863 -> 3.953012 |dtheta|=6.200150e-03  lambda=1.356e+02

============================================================
Iteration 37
============================================================
Theta offsets (Unity frame):
  Source   : dSx=   0.000, dSy=   0.000, dSz=   0.000  (mm)
  Object   : dOx= -18.000, dOy=  -8.003, dOz= -24.948  (mm)
  Object offset: offset_x=   0.001, offset_z=   0.000  (mm)
  Detector : dDx=   0.000, dDy=   0.000, dDz=   0.000  (mm)
  Obj Stage rotY :   25.006 deg
============================================================

Unity geometry (world coordinates):
  Source   : x=   5.000, y=  60.000, z=   0.000
  Object   : x=  -0.000, y=  14.997, z= 555.052
  Detector : x=  -8.000, y=  -5.000, z= 800.000
  Obj rotY :   0.0000 deg
view   0 | SOD= 556.896 mm | SDD= 802.742 mm | M= 1.441 | incident=4.7367°
[[ 239.16092    -500.9091      -45.002995  ]
 [-110.79464     218.60472      19.997005  ]
 [   0.13557671    0.06323857    0.        ]
 [   0.            0.            0.1496    ]]
               x1         y1  area1          x2         y2  area2          x3        y3  area3
range  354.336918  11.665259  139.0  354.301565  28.843783  195.0  354.287678  45.93745  132.0
FAILURE!!!! Some beads might have been misidentified
               x1         y1  area1          x2         y2  area2          x3         y3  area3
range  354.378038  11.658756  143.0  354.295357  28.907811  197.0  354.342069  45.971467  129.0
FAILURE!!!! Some beads might have been misidentified
               x1         y1  area1          x2         y2  area2          x3         y3  area3
range  354.293759  11.637963  141.0  354.277576  28.849819  194.0  354.147899  45.939968  134.0
FAILURE!!!! Some beads might have been misidentified
              x1        y1  area1          x2         y2  area2         x3         y3  area3
range  354.33335  11.75911  142.0  354.298752  28.798018  204.0  354.27043  45.969456  131.0
FAILURE!!!! Some beads might have been misidentified
               x1         y1  area1          x2         y2  area2          x3         y3  area3
range  354.349916  11.540079  143.0  354.297583  28.823301  198.0  354.255297  45.935871  135.0
FAILURE!!!! Some beads might have been misidentified
               x1         y1  area1          x2         y2  area2         x3         y3  area3
range  354.323715  11.665259  139.0  354.277189  28.837126  196.0  354.24552  45.945005  129.0
FAILURE!!!! Some beads might have been misidentified
               x1         y1  area1          x2         y2  area2          x3        y3  area3
range  354.349576  11.648907  140.0  354.289992  28.856038  195.0  354.287678  45.93745  134.0
FAILURE!!!! Some beads might have been misidentified
               x1         y1  area1          x2         y2  area2          x3         y3  area3
range  354.350743  11.659565  143.0  354.301565  28.866629  195.0  354.287678  45.955483  132.0
FAILURE!!!! Some beads might have been misidentified
               x1         y1  area1          x2         y2  area2          x3        y3  area3
range  354.336918  11.665533  145.0  354.301565  28.875876  195.0  354.274788  45.92615  132.0
FAILURE!!!! Some beads might have been misidentified
               x1       y1  area1          x2         y2  area2          x3         y3  area3
range  354.335765  11.6472  143.0  354.301565  28.856006  195.0  354.277315  45.939968  132.0
FAILURE!!!! Some beads might have been misidentified
               x1         y1  area1          x2         y2  area2          x3         y3  area3
range  354.367932  11.649519  140.0  354.265616  28.901625  196.0  354.271178  45.971467  131.0
FAILURE!!!! Some beads might have been misidentified
               x1         y1  area1          x2         y2  area2          x3        y3  area3
range  354.483717  11.664732  145.0  354.117115  28.865635  194.0  354.411467  45.93745  136.0
FAILURE!!!! Some beads might have been misidentified
               x1         y1  area1          x2         y2  area2          x3         y3  area3
range  354.175756  11.665259  143.0  354.482819  28.833858  196.0  354.078501  45.943227  130.0
FAILURE!!!! Some beads might have been misidentified
Residual vector length: 810, Jacobian shape: (810, 6)
view   0 | SOD= 556.892 mm | SDD= 802.742 mm | M= 1.441 | incident=4.7367°
[[ 239.16132    -500.90475     -45.00271   ]
 [-110.79707     218.60765      19.997292  ]
 [   0.13557646    0.06323911    0.        ]
 [   0.            0.            0.1496    ]]
               x1         y1  area1          x2         y2  area2          x3        y3  area3
range  354.336918  11.664732  139.0  354.301565  28.843783  196.0  354.287678  45.93745  132.0
FAILURE!!!! Some beads might have been misidentified

iter 37 cost=3.935863 -> 3.950085 |dtheta|=3.775561e-03  lambda=6.782e+02

============================================================
Iteration 38
============================================================
Theta offsets (Unity frame):
  Source   : dSx=   0.000, dSy=   0.000, dSz=   0.000  (mm)
  Object   : dOx= -18.000, dOy=  -8.003, dOz= -24.948  (mm)
  Object offset: offset_x=   0.001, offset_z=   0.000  (mm)
  Detector : dDx=   0.000, dDy=   0.000, dDz=   0.000  (mm)
  Obj Stage rotY :   25.006 deg
============================================================

Unity geometry (world coordinates):
  Source   : x=   5.000, y=  60.000, z=   0.000
  Object   : x=  -0.000, y=  14.997, z= 555.052
  Detector : x=  -8.000, y=  -5.000, z= 800.000
  Obj rotY :   0.0000 deg
view   0 | SOD= 556.896 mm | SDD= 802.742 mm | M= 1.441 | incident=4.7367°
[[ 239.16092    -500.9091      -45.002995  ]
 [-110.79464     218.60472      19.997005  ]
 [   0.13557671    0.06323857    0.        ]
 [   0.            0.            0.1496    ]]
               x1         y1  area1          x2         y2  area2          x3        y3  area3
range  354.336918  11.665259  139.0  354.301565  28.843783  195.0  354.287678  45.93745  132.0
FAILURE!!!! Some beads might have been misidentified
               x1         y1  area1          x2         y2  area2          x3         y3  area3
range  354.378038  11.658756  143.0  354.295357  28.907811  197.0  354.342069  45.971467  129.0
FAILURE!!!! Some beads might have been misidentified
               x1         y1  area1          x2         y2  area2          x3         y3  area3
range  354.293759  11.637963  141.0  354.277576  28.849819  194.0  354.147899  45.939968  134.0
FAILURE!!!! Some beads might have been misidentified
              x1        y1  area1          x2         y2  area2         x3         y3  area3
range  354.33335  11.75911  142.0  354.298752  28.798018  204.0  354.27043  45.969456  131.0
FAILURE!!!! Some beads might have been misidentified
               x1         y1  area1          x2         y2  area2          x3         y3  area3
range  354.349916  11.540079  143.0  354.297583  28.823301  198.0  354.255297  45.935871  135.0
FAILURE!!!! Some beads might have been misidentified
               x1         y1  area1          x2         y2  area2         x3         y3  area3
range  354.323715  11.665259  139.0  354.277189  28.837126  196.0  354.24552  45.945005  129.0
FAILURE!!!! Some beads might have been misidentified
               x1         y1  area1          x2         y2  area2          x3        y3  area3
range  354.349576  11.648907  140.0  354.289992  28.856038  195.0  354.287678  45.93745  134.0
FAILURE!!!! Some beads might have been misidentified
               x1         y1  area1          x2         y2  area2          x3         y3  area3
range  354.350743  11.659565  143.0  354.301565  28.866629  195.0  354.287678  45.955483  132.0
FAILURE!!!! Some beads might have been misidentified
               x1         y1  area1          x2         y2  area2          x3        y3  area3
range  354.336918  11.665533  145.0  354.301565  28.875876  195.0  354.274788  45.92615  132.0
FAILURE!!!! Some beads might have been misidentified
               x1       y1  area1          x2         y2  area2          x3         y3  area3
range  354.335765  11.6472  143.0  354.301565  28.856006  195.0  354.277315  45.939968  132.0
FAILURE!!!! Some beads might have been misidentified
               x1         y1  area1          x2         y2  area2          x3         y3  area3
range  354.367932  11.649519  140.0  354.265616  28.901625  196.0  354.271178  45.971467  131.0
FAILURE!!!! Some beads might have been misidentified
               x1         y1  area1          x2         y2  area2          x3        y3  area3
range  354.483717  11.664732  145.0  354.117115  28.865635  194.0  354.411467  45.93745  136.0
FAILURE!!!! Some beads might have been misidentified
               x1         y1  area1          x2         y2  area2          x3         y3  area3
range  354.175756  11.665259  143.0  354.482819  28.833858  196.0  354.078501  45.943227  130.0
FAILURE!!!! Some beads might have been misidentified
Residual vector length: 810, Jacobian shape: (810, 6)
view   0 | SOD= 556.895 mm | SDD= 802.742 mm | M= 1.441 | incident=4.7367°
[[ 239.16138    -500.9076      -45.002922  ]
 [-110.79549     218.60559      19.997076  ]
 [   0.13557659    0.06323881    0.        ]
 [   0.            0.            0.1496    ]]
               x1         y1  area1          x2         y2  area2          x3        y3  area3
range  354.350743  11.665259  139.0  354.301565  28.843783  195.0  354.287678  45.93745  132.0
FAILURE!!!! Some beads might have been misidentified

iter 38 cost=3.935863 -> 3.956111 |dtheta|=1.286522e-03  lambda=3.391e+03

============================================================
Iteration 39
============================================================
Theta offsets (Unity frame):
  Source   : dSx=   0.000, dSy=   0.000, dSz=   0.000  (mm)
  Object   : dOx= -18.000, dOy=  -8.003, dOz= -24.948  (mm)
  Object offset: offset_x=   0.001, offset_z=   0.000  (mm)
  Detector : dDx=   0.000, dDy=   0.000, dDz=   0.000  (mm)
  Obj Stage rotY :   25.006 deg
============================================================

Unity geometry (world coordinates):
  Source   : x=   5.000, y=  60.000, z=   0.000
  Object   : x=  -0.000, y=  14.997, z= 555.052
  Detector : x=  -8.000, y=  -5.000, z= 800.000
  Obj rotY :   0.0000 deg
view   0 | SOD= 556.896 mm | SDD= 802.742 mm | M= 1.441 | incident=4.7367°
[[ 239.16092    -500.9091      -45.002995  ]
 [-110.79464     218.60472      19.997005  ]
 [   0.13557671    0.06323857    0.        ]
 [   0.            0.            0.1496    ]]
               x1         y1  area1          x2         y2  area2          x3        y3  area3
range  354.336918  11.665259  139.0  354.301565  28.843783  195.0  354.287678  45.93745  132.0
FAILURE!!!! Some beads might have been misidentified
               x1         y1  area1          x2         y2  area2          x3         y3  area3
range  354.378038  11.658756  143.0  354.295357  28.907811  197.0  354.342069  45.971467  129.0
FAILURE!!!! Some beads might have been misidentified
               x1         y1  area1          x2         y2  area2          x3         y3  area3
range  354.293759  11.637963  141.0  354.277576  28.849819  194.0  354.147899  45.939968  134.0
FAILURE!!!! Some beads might have been misidentified
              x1        y1  area1          x2         y2  area2         x3         y3  area3
range  354.33335  11.75911  142.0  354.298752  28.798018  204.0  354.27043  45.969456  131.0
FAILURE!!!! Some beads might have been misidentified
               x1         y1  area1          x2         y2  area2          x3         y3  area3
range  354.349916  11.540079  143.0  354.297583  28.823301  198.0  354.255297  45.935871  135.0
FAILURE!!!! Some beads might have been misidentified
               x1         y1  area1          x2         y2  area2         x3         y3  area3
range  354.323715  11.665259  139.0  354.277189  28.837126  196.0  354.24552  45.945005  129.0
FAILURE!!!! Some beads might have been misidentified
               x1         y1  area1          x2         y2  area2          x3        y3  area3
range  354.349576  11.648907  140.0  354.289992  28.856038  195.0  354.287678  45.93745  134.0
FAILURE!!!! Some beads might have been misidentified
               x1         y1  area1          x2         y2  area2          x3         y3  area3
range  354.350743  11.659565  143.0  354.301565  28.866629  195.0  354.287678  45.955483  132.0
FAILURE!!!! Some beads might have been misidentified
               x1         y1  area1          x2         y2  area2          x3        y3  area3
range  354.336918  11.665533  145.0  354.301565  28.875876  195.0  354.274788  45.92615  132.0
FAILURE!!!! Some beads might have been misidentified
               x1       y1  area1          x2         y2  area2          x3         y3  area3
range  354.335765  11.6472  143.0  354.301565  28.856006  195.0  354.277315  45.939968  132.0
FAILURE!!!! Some beads might have been misidentified
               x1         y1  area1          x2         y2  area2          x3         y3  area3
range  354.367932  11.649519  140.0  354.265616  28.901625  196.0  354.271178  45.971467  131.0
FAILURE!!!! Some beads might have been misidentified
               x1         y1  area1          x2         y2  area2          x3        y3  area3
range  354.483717  11.664732  145.0  354.117115  28.865635  194.0  354.411467  45.93745  136.0
FAILURE!!!! Some beads might have been misidentified
               x1         y1  area1          x2         y2  area2          x3         y3  area3
range  354.175756  11.665259  143.0  354.482819  28.833858  196.0  354.078501  45.943227  130.0
FAILURE!!!! Some beads might have been misidentified
Residual vector length: 810, Jacobian shape: (810, 6)
view   0 | SOD= 556.896 mm | SDD= 802.742 mm | M= 1.441 | incident=4.7367°
[[ 239.16112    -500.90872     -45.003     ]
 [-110.79482     218.6049       19.997     ]
 [   0.13557667    0.06323864    0.        ]
 [   0.            0.            0.1496    ]]
               x1         y1  area1          x2         y2  area2          x3        y3  area3
range  354.350743  11.664732  139.0  354.301565  28.843783  195.0  354.287678  45.93745  132.0
FAILURE!!!! Some beads might have been misidentified

iter 39 cost=3.935863 -> 3.940543 |dtheta|=3.128816e-04  lambda=1.695e+04

============================================================
Iteration 40
============================================================
Theta offsets (Unity frame):
  Source   : dSx=   0.000, dSy=   0.000, dSz=   0.000  (mm)
  Object   : dOx= -18.000, dOy=  -8.003, dOz= -24.948  (mm)
  Object offset: offset_x=   0.001, offset_z=   0.000  (mm)
  Detector : dDx=   0.000, dDy=   0.000, dDz=   0.000  (mm)
  Obj Stage rotY :   25.006 deg
============================================================

Unity geometry (world coordinates):
  Source   : x=   5.000, y=  60.000, z=   0.000
  Object   : x=  -0.000, y=  14.997, z= 555.052
  Detector : x=  -8.000, y=  -5.000, z= 800.000
  Obj rotY :   0.0000 deg
view   0 | SOD= 556.896 mm | SDD= 802.742 mm | M= 1.441 | incident=4.7367°
[[ 239.16092    -500.9091      -45.002995  ]
 [-110.79464     218.60472      19.997005  ]
 [   0.13557671    0.06323857    0.        ]
 [   0.            0.            0.1496    ]]
               x1         y1  area1          x2         y2  area2          x3        y3  area3
range  354.336918  11.665259  139.0  354.301565  28.843783  195.0  354.287678  45.93745  132.0
FAILURE!!!! Some beads might have been misidentified
               x1         y1  area1          x2         y2  area2          x3         y3  area3
range  354.378038  11.658756  143.0  354.295357  28.907811  197.0  354.342069  45.971467  129.0
FAILURE!!!! Some beads might have been misidentified
               x1         y1  area1          x2         y2  area2          x3         y3  area3
range  354.293759  11.637963  141.0  354.277576  28.849819  194.0  354.147899  45.939968  134.0
FAILURE!!!! Some beads might have been misidentified
              x1        y1  area1          x2         y2  area2         x3         y3  area3
range  354.33335  11.75911  142.0  354.298752  28.798018  204.0  354.27043  45.969456  131.0
FAILURE!!!! Some beads might have been misidentified
               x1         y1  area1          x2         y2  area2          x3         y3  area3
range  354.349916  11.540079  143.0  354.297583  28.823301  198.0  354.255297  45.935871  135.0
FAILURE!!!! Some beads might have been misidentified
               x1         y1  area1          x2         y2  area2         x3         y3  area3
range  354.323715  11.665259  139.0  354.277189  28.837126  196.0  354.24552  45.945005  129.0
FAILURE!!!! Some beads might have been misidentified
               x1         y1  area1          x2         y2  area2          x3        y3  area3
range  354.349576  11.648907  140.0  354.289992  28.856038  195.0  354.287678  45.93745  134.0
FAILURE!!!! Some beads might have been misidentified
               x1         y1  area1          x2         y2  area2          x3         y3  area3
range  354.350743  11.659565  143.0  354.301565  28.866629  195.0  354.287678  45.955483  132.0
FAILURE!!!! Some beads might have been misidentified
               x1         y1  area1          x2         y2  area2          x3        y3  area3
range  354.336918  11.665533  145.0  354.301565  28.875876  195.0  354.274788  45.92615  132.0
FAILURE!!!! Some beads might have been misidentified
               x1       y1  area1          x2         y2  area2          x3         y3  area3
range  354.335765  11.6472  143.0  354.301565  28.856006  195.0  354.277315  45.939968  132.0
FAILURE!!!! Some beads might have been misidentified
               x1         y1  area1          x2         y2  area2          x3         y3  area3
range  354.367932  11.649519  140.0  354.265616  28.901625  196.0  354.271178  45.971467  131.0
FAILURE!!!! Some beads might have been misidentified
               x1         y1  area1          x2         y2  area2          x3        y3  area3
range  354.483717  11.664732  145.0  354.117115  28.865635  194.0  354.411467  45.93745  136.0
FAILURE!!!! Some beads might have been misidentified
               x1         y1  area1          x2         y2  area2          x3         y3  area3
range  354.175756  11.665259  143.0  354.482819  28.833858  196.0  354.078501  45.943227  130.0
FAILURE!!!! Some beads might have been misidentified
Residual vector length: 810, Jacobian shape: (810, 6)
view   0 | SOD= 556.896 mm | SDD= 802.742 mm | M= 1.441 | incident=4.7367°
[[ 239.16096    -500.909       -45.003006  ]
 [-110.79468     218.60477      19.996996  ]
 [   0.1355767     0.06323858    0.        ]
 [   0.            0.            0.1496    ]]
               x1         y1  area1          x2         y2  area2          x3        y3  area3
range  354.336918  11.664732  139.0  354.301565  28.843783  195.0  354.287678  45.93745  132.0
FAILURE!!!! Some beads might have been misidentified

iter 40 cost=3.935863 -> 3.926597 |dtheta|=7.029950e-05  lambda=8.477e+04

============================================================
Iteration 41
============================================================
Theta offsets (Unity frame):
  Source   : dSx=   0.000, dSy=   0.000, dSz=   0.000  (mm)
  Object   : dOx= -18.000, dOy=  -8.003, dOz= -24.948  (mm)
  Object offset: offset_x=   0.001, offset_z=   0.000  (mm)
  Detector : dDx=   0.000, dDy=   0.000, dDz=   0.000  (mm)
  Obj Stage rotY :   25.006 deg
============================================================

Unity geometry (world coordinates):
  Source   : x=   5.000, y=  60.000, z=   0.000
  Object   : x=  -0.000, y=  14.997, z= 555.052
  Detector : x=  -8.000, y=  -5.000, z= 800.000
  Obj rotY :   0.0000 deg
view   0 | SOD= 556.896 mm | SDD= 802.742 mm | M= 1.441 | incident=4.7367°
[[ 239.16096    -500.909       -45.003006  ]
 [-110.79468     218.60477      19.996996  ]
 [   0.1355767     0.06323858    0.        ]
 [   0.            0.            0.1496    ]]
               x1         y1  area1          x2         y2  area2          x3        y3  area3
range  354.336918  11.664732  139.0  354.301565  28.843783  195.0  354.287678  45.93745  132.0
FAILURE!!!! Some beads might have been misidentified
               x1         y1  area1          x2         y2  area2          x3         y3  area3
range  354.378038  11.658756  143.0  354.295357  28.907811  197.0  354.342069  45.971467  129.0
FAILURE!!!! Some beads might have been misidentified
               x1         y1  area1          x2         y2  area2          x3         y3  area3
range  354.293759  11.637963  141.0  354.263926  28.849819  194.0  354.147899  45.939968  134.0
FAILURE!!!! Some beads might have been misidentified
              x1        y1  area1          x2         y2  area2         x3         y3  area3
range  354.33335  11.75911  142.0  354.298752  28.798018  204.0  354.27043  45.969456  131.0
FAILURE!!!! Some beads might have been misidentified
               x1         y1  area1          x2         y2  area2          x3         y3  area3
range  354.349916  11.540079  143.0  354.297583  28.823301  198.0  354.255297  45.935871  135.0
FAILURE!!!! Some beads might have been misidentified
               x1         y1  area1          x2         y2  area2         x3         y3  area3
range  354.323715  11.665259  139.0  354.277189  28.837126  196.0  354.24552  45.945005  129.0
FAILURE!!!! Some beads might have been misidentified
               x1         y1  area1          x2         y2  area2          x3        y3  area3
range  354.349576  11.648907  140.0  354.289992  28.856038  195.0  354.287678  45.93745  134.0
FAILURE!!!! Some beads might have been misidentified
               x1         y1  area1          x2         y2  area2          x3         y3  area3
range  354.350743  11.659565  142.0  354.301565  28.866629  195.0  354.287678  45.955483  132.0
FAILURE!!!! Some beads might have been misidentified
               x1         y1  area1          x2         y2  area2          x3        y3  area3
range  354.336918  11.649958  145.0  354.301565  28.875876  195.0  354.274788  45.92615  132.0
FAILURE!!!! Some beads might have been misidentified
               x1       y1  area1          x2         y2  area2          x3         y3  area3
range  354.335765  11.6472  143.0  354.301565  28.856006  195.0  354.277315  45.948387  132.0
FAILURE!!!! Some beads might have been misidentified
               x1         y1  area1          x2         y2  area2          x3         y3  area3
range  354.367932  11.649519  140.0  354.265616  28.901625  196.0  354.271178  45.971467  132.0
FAILURE!!!! Some beads might have been misidentified
               x1         y1  area1          x2         y2  area2          x3        y3  area3
range  354.497091  11.664732  145.0  354.091483  28.865635  194.0  354.411467  45.93745  136.0
FAILURE!!!! Some beads might have been misidentified
               x1        y1  area1          x2         y2  area2          x3         y3  area3
range  354.174706  11.66611  143.0  354.482819  28.833858  195.0  354.078501  45.943227  130.0
FAILURE!!!! Some beads might have been misidentified
Residual vector length: 810, Jacobian shape: (810, 6)
view   0 | SOD= 556.896 mm | SDD= 802.742 mm | M= 1.441 | incident=4.7367°
[[ 239.16061    -500.9091      -45.003     ]
 [-110.79459     218.60487      19.997004  ]
 [   0.13557674    0.0632385     0.        ]
 [   0.            0.            0.1496    ]]
               x1         y1  area1          x2         y2  area2          x3        y3  area3
range  354.350743  11.664732  139.0  354.301565  28.844893  196.0  354.287678  45.93745  132.0
FAILURE!!!! Some beads might have been misidentified

iter 41 cost=3.926597 -> 3.931357 |dtheta|=1.333638e-04  lambda=2.826e+04

============================================================
Iteration 42
============================================================
Theta offsets (Unity frame):
  Source   : dSx=   0.000, dSy=   0.000, dSz=   0.000  (mm)
  Object   : dOx= -18.000, dOy=  -8.003, dOz= -24.948  (mm)
  Object offset: offset_x=   0.001, offset_z=   0.000  (mm)
  Detector : dDx=   0.000, dDy=   0.000, dDz=   0.000  (mm)
  Obj Stage rotY :   25.006 deg
============================================================

Unity geometry (world coordinates):
  Source   : x=   5.000, y=  60.000, z=   0.000
  Object   : x=  -0.000, y=  14.997, z= 555.052
  Detector : x=  -8.000, y=  -5.000, z= 800.000
  Obj rotY :   0.0000 deg
view   0 | SOD= 556.896 mm | SDD= 802.742 mm | M= 1.441 | incident=4.7367°
[[ 239.16096    -500.909       -45.003006  ]
 [-110.79468     218.60477      19.996996  ]
 [   0.1355767     0.06323858    0.        ]
 [   0.            0.            0.1496    ]]
               x1         y1  area1          x2         y2  area2          x3        y3  area3
range  354.336918  11.664732  139.0  354.301565  28.843783  195.0  354.287678  45.93745  132.0
FAILURE!!!! Some beads might have been misidentified
               x1         y1  area1          x2         y2  area2          x3         y3  area3
range  354.378038  11.658756  143.0  354.295357  28.907811  197.0  354.342069  45.971467  129.0
FAILURE!!!! Some beads might have been misidentified
               x1         y1  area1          x2         y2  area2          x3         y3  area3
range  354.293759  11.637963  141.0  354.263926  28.849819  194.0  354.147899  45.939968  134.0
FAILURE!!!! Some beads might have been misidentified
              x1        y1  area1          x2         y2  area2         x3         y3  area3
range  354.33335  11.75911  142.0  354.298752  28.798018  204.0  354.27043  45.969456  131.0
FAILURE!!!! Some beads might have been misidentified
               x1         y1  area1          x2         y2  area2          x3         y3  area3
range  354.349916  11.540079  143.0  354.297583  28.823301  198.0  354.255297  45.935871  135.0
FAILURE!!!! Some beads might have been misidentified
               x1         y1  area1          x2         y2  area2         x3         y3  area3
range  354.323715  11.665259  139.0  354.277189  28.837126  196.0  354.24552  45.945005  129.0
FAILURE!!!! Some beads might have been misidentified
               x1         y1  area1          x2         y2  area2          x3        y3  area3
range  354.349576  11.648907  140.0  354.289992  28.856038  195.0  354.287678  45.93745  134.0
FAILURE!!!! Some beads might have been misidentified
               x1         y1  area1          x2         y2  area2          x3         y3  area3
range  354.350743  11.659565  142.0  354.301565  28.866629  195.0  354.287678  45.955483  132.0
FAILURE!!!! Some beads might have been misidentified
               x1         y1  area1          x2         y2  area2          x3        y3  area3
range  354.336918  11.649958  145.0  354.301565  28.875876  195.0  354.274788  45.92615  132.0
FAILURE!!!! Some beads might have been misidentified
               x1       y1  area1          x2         y2  area2          x3         y3  area3
range  354.335765  11.6472  143.0  354.301565  28.856006  195.0  354.277315  45.948387  132.0
FAILURE!!!! Some beads might have been misidentified
               x1         y1  area1          x2         y2  area2          x3         y3  area3
range  354.367932  11.649519  140.0  354.265616  28.901625  196.0  354.271178  45.971467  132.0
FAILURE!!!! Some beads might have been misidentified
               x1         y1  area1          x2         y2  area2          x3        y3  area3
range  354.497091  11.664732  145.0  354.091483  28.865635  194.0  354.411467  45.93745  136.0
FAILURE!!!! Some beads might have been misidentified
               x1        y1  area1          x2         y2  area2          x3         y3  area3
range  354.174706  11.66611  143.0  354.482819  28.833858  195.0  354.078501  45.943227  130.0
FAILURE!!!! Some beads might have been misidentified
Residual vector length: 810, Jacobian shape: (810, 6)
view   0 | SOD= 556.896 mm | SDD= 802.742 mm | M= 1.441 | incident=4.7367°
[[ 239.16089    -500.90903     -45.003002  ]
 [-110.79466     218.60478      19.996998  ]
 [   0.13557671    0.06323857    0.        ]
 [   0.            0.            0.1496    ]]
               x1         y1  area1          x2         y2  area2          x3        y3  area3
range  354.336918  11.664732  139.0  354.301565  28.843783  195.0  354.287678  45.93745  132.0
FAILURE!!!! Some beads might have been misidentified

iter 42 cost=3.926597 -> 3.922280 |dtheta|=3.192086e-05  lambda=1.413e+05

============================================================
Iteration 43
============================================================
Theta offsets (Unity frame):
  Source   : dSx=   0.000, dSy=   0.000, dSz=   0.000  (mm)
  Object   : dOx= -18.000, dOy=  -8.003, dOz= -24.948  (mm)
  Object offset: offset_x=   0.001, offset_z=   0.000  (mm)
  Detector : dDx=   0.000, dDy=   0.000, dDz=   0.000  (mm)
  Obj Stage rotY :   25.006 deg
============================================================

Unity geometry (world coordinates):
  Source   : x=   5.000, y=  60.000, z=   0.000
  Object   : x=  -0.000, y=  14.997, z= 555.052
  Detector : x=  -8.000, y=  -5.000, z= 800.000
  Obj rotY :   0.0000 deg
view   0 | SOD= 556.896 mm | SDD= 802.742 mm | M= 1.441 | incident=4.7367°
[[ 239.16089    -500.90903     -45.003002  ]
 [-110.79466     218.60478      19.996998  ]
 [   0.13557671    0.06323857    0.        ]
 [   0.            0.            0.1496    ]]
               x1         y1  area1          x2         y2  area2          x3        y3  area3
range  354.336918  11.664732  139.0  354.301565  28.843783  195.0  354.287678  45.93745  132.0
FAILURE!!!! Some beads might have been misidentified
               x1         y1  area1          x2         y2  area2          x3         y3  area3
range  354.378038  11.648813  143.0  354.295357  28.907811  197.0  354.342069  45.971467  129.0
FAILURE!!!! Some beads might have been misidentified
               x1         y1  area1          x2         y2  area2          x3         y3  area3
range  354.293759  11.637963  141.0  354.263926  28.849819  194.0  354.147899  45.939968  134.0
FAILURE!!!! Some beads might have been misidentified
              x1        y1  area1          x2         y2  area2         x3         y3  area3
range  354.33335  11.75911  142.0  354.298752  28.798018  204.0  354.27043  45.969456  131.0
FAILURE!!!! Some beads might have been misidentified
               x1         y1  area1          x2         y2  area2          x3         y3  area3
range  354.349916  11.540079  143.0  354.297583  28.823301  198.0  354.255297  45.935871  135.0
FAILURE!!!! Some beads might have been misidentified
               x1         y1  area1          x2         y2  area2         x3         y3  area3
range  354.323715  11.665259  139.0  354.277189  28.837126  196.0  354.24552  45.945005  129.0
FAILURE!!!! Some beads might have been misidentified
               x1         y1  area1          x2         y2  area2          x3        y3  area3
range  354.349576  11.648907  140.0  354.289992  28.856038  195.0  354.287678  45.93745  134.0
FAILURE!!!! Some beads might have been misidentified
               x1         y1  area1          x2         y2  area2          x3         y3  area3
range  354.350743  11.659565  142.0  354.301565  28.866629  195.0  354.287678  45.955483  132.0
FAILURE!!!! Some beads might have been misidentified
               x1         y1  area1          x2         y2  area2          x3        y3  area3
range  354.336918  11.665533  145.0  354.301565  28.875876  195.0  354.274788  45.92615  132.0
FAILURE!!!! Some beads might have been misidentified
               x1       y1  area1          x2         y2  area2          x3         y3  area3
range  354.335765  11.6472  143.0  354.301565  28.856006  195.0  354.277315  45.939968  132.0
FAILURE!!!! Some beads might have been misidentified
               x1         y1  area1          x2         y2  area2          x3         y3  area3
range  354.367932  11.639576  140.0  354.265616  28.901625  196.0  354.271178  45.971467  132.0
FAILURE!!!! Some beads might have been misidentified
               x1         y1  area1          x2         y2  area2          x3        y3  area3
range  354.497091  11.664732  145.0  354.090114  28.865635  194.0  354.411467  45.93745  136.0
FAILURE!!!! Some beads might have been misidentified
               x1         y1  area1          x2         y2  area2          x3         y3  area3
range  354.174706  11.665259  143.0  354.482819  28.833858  196.0  354.078501  45.943227  130.0
FAILURE!!!! Some beads might have been misidentified
Residual vector length: 810, Jacobian shape: (810, 6)
view   0 | SOD= 556.896 mm | SDD= 802.742 mm | M= 1.441 | incident=4.7367°
[[ 239.16063    -500.9091      -45.002995  ]
 [-110.7946      218.60487      19.997005  ]
 [   0.13557674    0.06323851    0.        ]
 [   0.            0.            0.1496    ]]
               x1         y1  area1          x2         y2  area2          x3        y3  area3
range  354.350743  11.664732  139.0  354.301565  28.844893  195.0  354.287678  45.93745  132.0
FAILURE!!!! Some beads might have been misidentified

iter 43 cost=3.922280 -> 3.931977 |dtheta|=1.144265e-04  lambda=4.710e+04

============================================================
Iteration 44
============================================================
Theta offsets (Unity frame):
  Source   : dSx=   0.000, dSy=   0.000, dSz=   0.000  (mm)
  Object   : dOx= -18.000, dOy=  -8.003, dOz= -24.948  (mm)
  Object offset: offset_x=   0.001, offset_z=   0.000  (mm)
  Detector : dDx=   0.000, dDy=   0.000, dDz=   0.000  (mm)
  Obj Stage rotY :   25.006 deg
============================================================

Unity geometry (world coordinates):
  Source   : x=   5.000, y=  60.000, z=   0.000
  Object   : x=  -0.000, y=  14.997, z= 555.052
  Detector : x=  -8.000, y=  -5.000, z= 800.000
  Obj rotY :   0.0000 deg
view   0 | SOD= 556.896 mm | SDD= 802.742 mm | M= 1.441 | incident=4.7367°
[[ 239.16089    -500.90903     -45.003002  ]
 [-110.79466     218.60478      19.996998  ]
 [   0.13557671    0.06323857    0.        ]
 [   0.            0.            0.1496    ]]
               x1         y1  area1          x2         y2  area2          x3        y3  area3
range  354.336918  11.664732  139.0  354.301565  28.843783  195.0  354.287678  45.93745  132.0
FAILURE!!!! Some beads might have been misidentified
               x1         y1  area1          x2         y2  area2          x3         y3  area3
range  354.378038  11.648813  143.0  354.295357  28.907811  197.0  354.342069  45.971467  129.0
FAILURE!!!! Some beads might have been misidentified
               x1         y1  area1          x2         y2  area2          x3         y3  area3
range  354.293759  11.637963  141.0  354.263926  28.849819  194.0  354.147899  45.939968  134.0
FAILURE!!!! Some beads might have been misidentified
              x1        y1  area1          x2         y2  area2         x3         y3  area3
range  354.33335  11.75911  142.0  354.298752  28.798018  204.0  354.27043  45.969456  131.0
FAILURE!!!! Some beads might have been misidentified
               x1         y1  area1          x2         y2  area2          x3         y3  area3
range  354.349916  11.540079  143.0  354.297583  28.823301  198.0  354.255297  45.935871  135.0
FAILURE!!!! Some beads might have been misidentified
               x1         y1  area1          x2         y2  area2         x3         y3  area3
range  354.323715  11.665259  139.0  354.277189  28.837126  196.0  354.24552  45.945005  129.0
FAILURE!!!! Some beads might have been misidentified
               x1         y1  area1          x2         y2  area2          x3        y3  area3
range  354.349576  11.648907  140.0  354.289992  28.856038  195.0  354.287678  45.93745  134.0
FAILURE!!!! Some beads might have been misidentified
               x1         y1  area1          x2         y2  area2          x3         y3  area3
range  354.350743  11.659565  142.0  354.301565  28.866629  195.0  354.287678  45.955483  132.0
FAILURE!!!! Some beads might have been misidentified
               x1         y1  area1          x2         y2  area2          x3        y3  area3
range  354.336918  11.665533  145.0  354.301565  28.875876  195.0  354.274788  45.92615  132.0
FAILURE!!!! Some beads might have been misidentified
               x1       y1  area1          x2         y2  area2          x3         y3  area3
range  354.335765  11.6472  143.0  354.301565  28.856006  195.0  354.277315  45.939968  132.0
FAILURE!!!! Some beads might have been misidentified
               x1         y1  area1          x2         y2  area2          x3         y3  area3
range  354.367932  11.639576  140.0  354.265616  28.901625  196.0  354.271178  45.971467  132.0
FAILURE!!!! Some beads might have been misidentified
               x1         y1  area1          x2         y2  area2          x3        y3  area3
range  354.497091  11.664732  145.0  354.090114  28.865635  194.0  354.411467  45.93745  136.0
FAILURE!!!! Some beads might have been misidentified
               x1         y1  area1          x2         y2  area2          x3         y3  area3
range  354.174706  11.665259  143.0  354.482819  28.833858  196.0  354.078501  45.943227  130.0
FAILURE!!!! Some beads might have been misidentified
Residual vector length: 810, Jacobian shape: (810, 6)
view   0 | SOD= 556.896 mm | SDD= 802.742 mm | M= 1.441 | incident=4.7367°
[[ 239.16084    -500.90906     -45.003002  ]
 [-110.79465     218.60478      19.996998  ]
 [   0.13557671    0.06323855    0.        ]
 [   0.            0.            0.1496    ]]
               x1         y1  area1          x2         y2  area2          x3        y3  area3
range  354.350743  11.664732  139.0  354.301565  28.844893  195.0  354.287678  45.93745  132.0
FAILURE!!!! Some beads might have been misidentified

iter 44 cost=3.922280 -> 3.917440 |dtheta|=2.467782e-05  lambda=2.355e+05

============================================================
Iteration 45
============================================================
Theta offsets (Unity frame):
  Source   : dSx=   0.000, dSy=   0.000, dSz=   0.000  (mm)
  Object   : dOx= -18.000, dOy=  -8.003, dOz= -24.948  (mm)
  Object offset: offset_x=   0.001, offset_z=   0.000  (mm)
  Detector : dDx=   0.000, dDy=   0.000, dDz=   0.000  (mm)
  Obj Stage rotY :   25.006 deg
============================================================

Unity geometry (world coordinates):
  Source   : x=   5.000, y=  60.000, z=   0.000
  Object   : x=  -0.000, y=  14.997, z= 555.052
  Detector : x=  -8.000, y=  -5.000, z= 800.000
  Obj rotY :   0.0000 deg
view   0 | SOD= 556.896 mm | SDD= 802.742 mm | M= 1.441 | incident=4.7367°
[[ 239.16084    -500.90906     -45.003002  ]
 [-110.79465     218.60478      19.996998  ]
 [   0.13557671    0.06323855    0.        ]
 [   0.            0.            0.1496    ]]
               x1         y1  area1          x2         y2  area2          x3        y3  area3
range  354.350743  11.664732  139.0  354.301565  28.844893  195.0  354.287678  45.93745  132.0
FAILURE!!!! Some beads might have been misidentified
               x1         y1  area1          x2         y2  area2          x3         y3  area3
range  354.378038  11.648813  143.0  354.295357  28.907811  197.0  354.342069  45.971467  129.0
FAILURE!!!! Some beads might have been misidentified
               x1         y1  area1          x2         y2  area2          x3         y3  area3
range  354.293759  11.637963  141.0  354.263926  28.849819  194.0  354.147899  45.939968  134.0
FAILURE!!!! Some beads might have been misidentified
              x1        y1  area1          x2         y2  area2         x3         y3  area3
range  354.33335  11.75911  142.0  354.298752  28.798018  204.0  354.27043  45.969456  131.0
FAILURE!!!! Some beads might have been misidentified
               x1        y1  area1          x2         y2  area2          x3         y3  area3
range  354.349916  11.52847  143.0  354.297583  28.823301  198.0  354.255297  45.935871  135.0
FAILURE!!!! Some beads might have been misidentified
               x1         y1  area1          x2         y2  area2         x3         y3  area3
range  354.323715  11.665259  139.0  354.277189  28.837126  196.0  354.24552  45.945005  129.0
FAILURE!!!! Some beads might have been misidentified
               x1         y1  area1          x2         y2  area2          x3        y3  area3
range  354.349576  11.648907  140.0  354.289992  28.856038  195.0  354.287678  45.93745  134.0
FAILURE!!!! Some beads might have been misidentified
               x1         y1  area1          x2         y2  area2          x3         y3  area3
range  354.350743  11.659565  142.0  354.301565  28.860625  195.0  354.287678  45.955483  132.0
FAILURE!!!! Some beads might have been misidentified
               x1         y1  area1          x2         y2  area2          x3        y3  area3
range  354.336918  11.665533  145.0  354.301565  28.875876  195.0  354.287678  45.92615  132.0
FAILURE!!!! Some beads might have been misidentified
               x1       y1  area1          x2         y2  area2          x3         y3  area3
range  354.335765  11.6472  143.0  354.301565  28.856006  195.0  354.277315  45.939968  132.0
FAILURE!!!! Some beads might have been misidentified
               x1         y1  area1          x2         y2  area2          x3         y3  area3
range  354.367932  11.639576  140.0  354.265616  28.901625  196.0  354.271178  45.971467  132.0
FAILURE!!!! Some beads might have been misidentified
               x1         y1  area1          x2         y2  area2          x3        y3  area3
range  354.497091  11.664732  145.0  354.090114  28.865635  194.0  354.411467  45.93745  136.0
FAILURE!!!! Some beads might have been misidentified
               x1         y1  area1          x2         y2  area2          x3         y3  area3
range  354.174706  11.665259  143.0  354.482819  28.833858  196.0  354.078501  45.943227  130.0
FAILURE!!!! Some beads might have been misidentified
Residual vector length: 810, Jacobian shape: (810, 6)
view   0 | SOD= 556.896 mm | SDD= 802.742 mm | M= 1.441 | incident=4.7367°
[[ 239.16063    -500.9091      -45.00299   ]
 [-110.79462     218.60487      19.99701   ]
 [   0.13557674    0.06323851    0.        ]
 [   0.            0.            0.1496    ]]
               x1         y1  area1          x2         y2  area2          x3        y3  area3
range  354.350743  11.665259  139.0  354.301565  28.844893  195.0  354.287678  45.93745  132.0
FAILURE!!!! Some beads might have been misidentified

iter 45 cost=3.917440 -> 3.927807 |dtheta|=5.722136e-05  lambda=7.849e+04

============================================================
Iteration 46
============================================================
Theta offsets (Unity frame):
  Source   : dSx=   0.000, dSy=   0.000, dSz=   0.000  (mm)
  Object   : dOx= -18.000, dOy=  -8.003, dOz= -24.948  (mm)
  Object offset: offset_x=   0.001, offset_z=   0.000  (mm)
  Detector : dDx=   0.000, dDy=   0.000, dDz=   0.000  (mm)
  Obj Stage rotY :   25.006 deg
============================================================

Unity geometry (world coordinates):
  Source   : x=   5.000, y=  60.000, z=   0.000
  Object   : x=  -0.000, y=  14.997, z= 555.052
  Detector : x=  -8.000, y=  -5.000, z= 800.000
  Obj rotY :   0.0000 deg
view   0 | SOD= 556.896 mm | SDD= 802.742 mm | M= 1.441 | incident=4.7367°
[[ 239.16084    -500.90906     -45.003002  ]
 [-110.79465     218.60478      19.996998  ]
 [   0.13557671    0.06323855    0.        ]
 [   0.            0.            0.1496    ]]
               x1         y1  area1          x2         y2  area2          x3        y3  area3
range  354.350743  11.664732  139.0  354.301565  28.844893  195.0  354.287678  45.93745  132.0
FAILURE!!!! Some beads might have been misidentified
               x1         y1  area1          x2         y2  area2          x3         y3  area3
range  354.378038  11.648813  143.0  354.295357  28.907811  197.0  354.342069  45.971467  129.0
FAILURE!!!! Some beads might have been misidentified
               x1         y1  area1          x2         y2  area2          x3         y3  area3
range  354.293759  11.637963  141.0  354.263926  28.849819  194.0  354.147899  45.939968  134.0
FAILURE!!!! Some beads might have been misidentified
              x1        y1  area1          x2         y2  area2         x3         y3  area3
range  354.33335  11.75911  142.0  354.298752  28.798018  204.0  354.27043  45.969456  131.0
FAILURE!!!! Some beads might have been misidentified
               x1        y1  area1          x2         y2  area2          x3         y3  area3
range  354.349916  11.52847  143.0  354.297583  28.823301  198.0  354.255297  45.935871  135.0
FAILURE!!!! Some beads might have been misidentified
               x1         y1  area1          x2         y2  area2         x3         y3  area3
range  354.323715  11.665259  139.0  354.277189  28.837126  196.0  354.24552  45.945005  129.0
FAILURE!!!! Some beads might have been misidentified
               x1         y1  area1          x2         y2  area2          x3        y3  area3
range  354.349576  11.648907  140.0  354.289992  28.856038  195.0  354.287678  45.93745  134.0
FAILURE!!!! Some beads might have been misidentified
               x1         y1  area1          x2         y2  area2          x3         y3  area3
range  354.350743  11.659565  142.0  354.301565  28.860625  195.0  354.287678  45.955483  132.0
FAILURE!!!! Some beads might have been misidentified
               x1         y1  area1          x2         y2  area2          x3        y3  area3
range  354.336918  11.665533  145.0  354.301565  28.875876  195.0  354.287678  45.92615  132.0
FAILURE!!!! Some beads might have been misidentified
               x1       y1  area1          x2         y2  area2          x3         y3  area3
range  354.335765  11.6472  143.0  354.301565  28.856006  195.0  354.277315  45.939968  132.0
FAILURE!!!! Some beads might have been misidentified
               x1         y1  area1          x2         y2  area2          x3         y3  area3
range  354.367932  11.639576  140.0  354.265616  28.901625  196.0  354.271178  45.971467  132.0
FAILURE!!!! Some beads might have been misidentified
               x1         y1  area1          x2         y2  area2          x3        y3  area3
range  354.497091  11.664732  145.0  354.090114  28.865635  194.0  354.411467  45.93745  136.0
FAILURE!!!! Some beads might have been misidentified
               x1         y1  area1          x2         y2  area2          x3         y3  area3
range  354.174706  11.665259  143.0  354.482819  28.833858  196.0  354.078501  45.943227  130.0
FAILURE!!!! Some beads might have been misidentified
Residual vector length: 810, Jacobian shape: (810, 6)
view   0 | SOD= 556.896 mm | SDD= 802.742 mm | M= 1.441 | incident=4.7367°
[[ 239.1608     -500.90906     -45.003     ]
 [-110.79463     218.6048       19.997002  ]
 [   0.13557671    0.06323855    0.        ]
 [   0.            0.            0.1496    ]]
               x1         y1  area1          x2         y2  area2          x3        y3  area3
range  354.336918  11.664732  139.0  354.301565  28.844893  195.0  354.287678  45.93745  132.0
FAILURE!!!! Some beads might have been misidentified

iter 46 cost=3.917440 -> 3.924416 |dtheta|=1.197257e-05  lambda=3.925e+05

============================================================
Iteration 47
============================================================
Theta offsets (Unity frame):
  Source   : dSx=   0.000, dSy=   0.000, dSz=   0.000  (mm)
  Object   : dOx= -18.000, dOy=  -8.003, dOz= -24.948  (mm)
  Object offset: offset_x=   0.001, offset_z=   0.000  (mm)
  Detector : dDx=   0.000, dDy=   0.000, dDz=   0.000  (mm)
  Obj Stage rotY :   25.006 deg
============================================================

Unity geometry (world coordinates):
  Source   : x=   5.000, y=  60.000, z=   0.000
  Object   : x=  -0.000, y=  14.997, z= 555.052
  Detector : x=  -8.000, y=  -5.000, z= 800.000
  Obj rotY :   0.0000 deg
view   0 | SOD= 556.896 mm | SDD= 802.742 mm | M= 1.441 | incident=4.7367°
[[ 239.16084    -500.90906     -45.003002  ]
 [-110.79465     218.60478      19.996998  ]
 [   0.13557671    0.06323855    0.        ]
 [   0.            0.            0.1496    ]]
               x1         y1  area1          x2         y2  area2          x3        y3  area3
range  354.350743  11.664732  139.0  354.301565  28.844893  195.0  354.287678  45.93745  132.0
FAILURE!!!! Some beads might have been misidentified
               x1         y1  area1          x2         y2  area2          x3         y3  area3
range  354.378038  11.648813  143.0  354.295357  28.907811  197.0  354.342069  45.971467  129.0
FAILURE!!!! Some beads might have been misidentified
               x1         y1  area1          x2         y2  area2          x3         y3  area3
range  354.293759  11.637963  141.0  354.263926  28.849819  194.0  354.147899  45.939968  134.0
FAILURE!!!! Some beads might have been misidentified
              x1        y1  area1          x2         y2  area2         x3         y3  area3
range  354.33335  11.75911  142.0  354.298752  28.798018  204.0  354.27043  45.969456  131.0
FAILURE!!!! Some beads might have been misidentified
               x1        y1  area1          x2         y2  area2          x3         y3  area3
range  354.349916  11.52847  143.0  354.297583  28.823301  198.0  354.255297  45.935871  135.0
FAILURE!!!! Some beads might have been misidentified
               x1         y1  area1          x2         y2  area2         x3         y3  area3
range  354.323715  11.665259  139.0  354.277189  28.837126  196.0  354.24552  45.945005  129.0
FAILURE!!!! Some beads might have been misidentified
               x1         y1  area1          x2         y2  area2          x3        y3  area3
range  354.349576  11.648907  140.0  354.289992  28.856038  195.0  354.287678  45.93745  134.0
FAILURE!!!! Some beads might have been misidentified
               x1         y1  area1          x2         y2  area2          x3         y3  area3
range  354.350743  11.659565  142.0  354.301565  28.860625  195.0  354.287678  45.955483  132.0
FAILURE!!!! Some beads might have been misidentified
               x1         y1  area1          x2         y2  area2          x3        y3  area3
range  354.336918  11.665533  145.0  354.301565  28.875876  195.0  354.287678  45.92615  132.0
FAILURE!!!! Some beads might have been misidentified
               x1       y1  area1          x2         y2  area2          x3         y3  area3
range  354.335765  11.6472  143.0  354.301565  28.856006  195.0  354.277315  45.939968  132.0
FAILURE!!!! Some beads might have been misidentified
               x1         y1  area1          x2         y2  area2          x3         y3  area3
range  354.367932  11.639576  140.0  354.265616  28.901625  196.0  354.271178  45.971467  132.0
FAILURE!!!! Some beads might have been misidentified
               x1         y1  area1          x2         y2  area2          x3        y3  area3
range  354.497091  11.664732  145.0  354.090114  28.865635  194.0  354.411467  45.93745  136.0
FAILURE!!!! Some beads might have been misidentified
               x1         y1  area1          x2         y2  area2          x3         y3  area3
range  354.174706  11.665259  143.0  354.482819  28.833858  196.0  354.078501  45.943227  130.0
FAILURE!!!! Some beads might have been misidentified
Residual vector length: 810, Jacobian shape: (810, 6)
view   0 | SOD= 556.896 mm | SDD= 802.742 mm | M= 1.441 | incident=4.7367°
[[ 239.16083    -500.90906     -45.003     ]
 [-110.79464     218.60478      19.997     ]
 [   0.13557671    0.06323855    0.        ]
 [   0.            0.            0.1496    ]]
               x1         y1  area1          x2         y2  area2          x3        y3  area3
range  354.350743  11.664732  139.0  354.301565  28.844893  195.0  354.287678  45.93745  132.0
FAILURE!!!! Some beads might have been misidentified

iter 47 cost=3.917440 -> 3.925569 |dtheta|=4.743538e-06  lambda=1.000e+06

============================================================
Iteration 48
============================================================
Theta offsets (Unity frame):
  Source   : dSx=   0.000, dSy=   0.000, dSz=   0.000  (mm)
  Object   : dOx= -18.000, dOy=  -8.003, dOz= -24.948  (mm)
  Object offset: offset_x=   0.001, offset_z=   0.000  (mm)
  Detector : dDx=   0.000, dDy=   0.000, dDz=   0.000  (mm)
  Obj Stage rotY :   25.006 deg
============================================================

Unity geometry (world coordinates):
  Source   : x=   5.000, y=  60.000, z=   0.000
  Object   : x=  -0.000, y=  14.997, z= 555.052
  Detector : x=  -8.000, y=  -5.000, z= 800.000
  Obj rotY :   0.0000 deg
view   0 | SOD= 556.896 mm | SDD= 802.742 mm | M= 1.441 | incident=4.7367°
[[ 239.16084    -500.90906     -45.003002  ]
 [-110.79465     218.60478      19.996998  ]
 [   0.13557671    0.06323855    0.        ]
 [   0.            0.            0.1496    ]]
               x1         y1  area1          x2         y2  area2          x3        y3  area3
range  354.350743  11.664732  139.0  354.301565  28.844893  195.0  354.287678  45.93745  132.0
FAILURE!!!! Some beads might have been misidentified
               x1         y1  area1          x2         y2  area2          x3         y3  area3
range  354.378038  11.648813  143.0  354.295357  28.907811  197.0  354.342069  45.971467  129.0
FAILURE!!!! Some beads might have been misidentified
               x1         y1  area1          x2         y2  area2          x3         y3  area3
range  354.293759  11.637963  141.0  354.263926  28.849819  194.0  354.147899  45.939968  134.0
FAILURE!!!! Some beads might have been misidentified
              x1        y1  area1          x2         y2  area2         x3         y3  area3
range  354.33335  11.75911  142.0  354.298752  28.798018  204.0  354.27043  45.969456  131.0
FAILURE!!!! Some beads might have been misidentified
               x1        y1  area1          x2         y2  area2          x3         y3  area3
range  354.349916  11.52847  143.0  354.297583  28.823301  198.0  354.255297  45.935871  135.0
FAILURE!!!! Some beads might have been misidentified
               x1         y1  area1          x2         y2  area2         x3         y3  area3
range  354.323715  11.665259  139.0  354.277189  28.837126  196.0  354.24552  45.945005  129.0
FAILURE!!!! Some beads might have been misidentified
               x1         y1  area1          x2         y2  area2          x3        y3  area3
range  354.349576  11.648907  140.0  354.289992  28.856038  195.0  354.287678  45.93745  134.0
FAILURE!!!! Some beads might have been misidentified
               x1         y1  area1          x2         y2  area2          x3         y3  area3
range  354.350743  11.659565  142.0  354.301565  28.860625  195.0  354.287678  45.955483  132.0
FAILURE!!!! Some beads might have been misidentified
               x1         y1  area1          x2         y2  area2          x3        y3  area3
range  354.336918  11.665533  145.0  354.301565  28.875876  195.0  354.287678  45.92615  132.0
FAILURE!!!! Some beads might have been misidentified
               x1       y1  area1          x2         y2  area2          x3         y3  area3
range  354.335765  11.6472  143.0  354.301565  28.856006  195.0  354.277315  45.939968  132.0
FAILURE!!!! Some beads might have been misidentified
               x1         y1  area1          x2         y2  area2          x3         y3  area3
range  354.367932  11.639576  140.0  354.265616  28.901625  196.0  354.271178  45.971467  132.0
FAILURE!!!! Some beads might have been misidentified
               x1         y1  area1          x2         y2  area2          x3        y3  area3
range  354.497091  11.664732  145.0  354.090114  28.865635  194.0  354.411467  45.93745  136.0
FAILURE!!!! Some beads might have been misidentified
               x1         y1  area1          x2         y2  area2          x3         y3  area3
range  354.174706  11.665259  143.0  354.482819  28.833858  196.0  354.078501  45.943227  130.0
FAILURE!!!! Some beads might have been misidentified
Residual vector length: 810, Jacobian shape: (810, 6)
view   0 | SOD= 556.896 mm | SDD= 802.742 mm | M= 1.441 | incident=4.7367°
[[ 239.16083    -500.90906     -45.003     ]
 [-110.79464     218.60478      19.997     ]
 [   0.13557671    0.06323855    0.        ]
 [   0.            0.            0.1496    ]]
               x1         y1  area1          x2         y2  area2          x3        y3  area3
range  354.350743  11.664732  139.0  354.301565  28.844893  195.0  354.287678  45.93745  132.0
FAILURE!!!! Some beads might have been misidentified

iter 48 cost=3.917440 -> 3.925569 |dtheta|=4.743538e-06  lambda=1.000e+06

============================================================
Iteration 49
============================================================
Theta offsets (Unity frame):
  Source   : dSx=   0.000, dSy=   0.000, dSz=   0.000  (mm)
  Object   : dOx= -18.000, dOy=  -8.003, dOz= -24.948  (mm)
  Object offset: offset_x=   0.001, offset_z=   0.000  (mm)
  Detector : dDx=   0.000, dDy=   0.000, dDz=   0.000  (mm)
  Obj Stage rotY :   25.006 deg
============================================================

Unity geometry (world coordinates):
  Source   : x=   5.000, y=  60.000, z=   0.000
  Object   : x=  -0.000, y=  14.997, z= 555.052
  Detector : x=  -8.000, y=  -5.000, z= 800.000
  Obj rotY :   0.0000 deg
view   0 | SOD= 556.896 mm | SDD= 802.742 mm | M= 1.441 | incident=4.7367°
[[ 239.16084    -500.90906     -45.003002  ]
 [-110.79465     218.60478      19.996998  ]
 [   0.13557671    0.06323855    0.        ]
 [   0.            0.            0.1496    ]]
               x1         y1  area1          x2         y2  area2          x3        y3  area3
range  354.350743  11.664732  139.0  354.301565  28.844893  195.0  354.287678  45.93745  132.0
FAILURE!!!! Some beads might have been misidentified
               x1         y1  area1          x2         y2  area2          x3         y3  area3
range  354.378038  11.648813  143.0  354.295357  28.907811  197.0  354.342069  45.971467  129.0
FAILURE!!!! Some beads might have been misidentified
               x1         y1  area1          x2         y2  area2          x3         y3  area3
range  354.293759  11.637963  141.0  354.263926  28.849819  194.0  354.147899  45.939968  134.0
FAILURE!!!! Some beads might have been misidentified
              x1        y1  area1          x2         y2  area2         x3         y3  area3
range  354.33335  11.75911  142.0  354.298752  28.798018  204.0  354.27043  45.969456  131.0
FAILURE!!!! Some beads might have been misidentified
               x1        y1  area1          x2         y2  area2          x3         y3  area3
range  354.349916  11.52847  143.0  354.297583  28.823301  198.0  354.255297  45.935871  135.0
FAILURE!!!! Some beads might have been misidentified
               x1         y1  area1          x2         y2  area2         x3         y3  area3
range  354.323715  11.665259  139.0  354.277189  28.837126  196.0  354.24552  45.945005  129.0
FAILURE!!!! Some beads might have been misidentified
               x1         y1  area1          x2         y2  area2          x3        y3  area3
range  354.349576  11.648907  140.0  354.289992  28.856038  195.0  354.287678  45.93745  134.0
FAILURE!!!! Some beads might have been misidentified
               x1         y1  area1          x2         y2  area2          x3         y3  area3
range  354.350743  11.659565  142.0  354.301565  28.860625  195.0  354.287678  45.955483  132.0
FAILURE!!!! Some beads might have been misidentified
               x1         y1  area1          x2         y2  area2          x3        y3  area3
range  354.336918  11.665533  145.0  354.301565  28.875876  195.0  354.287678  45.92615  132.0
FAILURE!!!! Some beads might have been misidentified
               x1       y1  area1          x2         y2  area2          x3         y3  area3
range  354.335765  11.6472  143.0  354.301565  28.856006  195.0  354.277315  45.939968  132.0
FAILURE!!!! Some beads might have been misidentified
               x1         y1  area1          x2         y2  area2          x3         y3  area3
range  354.367932  11.639576  140.0  354.265616  28.901625  196.0  354.271178  45.971467  132.0
FAILURE!!!! Some beads might have been misidentified
               x1         y1  area1          x2         y2  area2          x3        y3  area3
range  354.497091  11.664732  145.0  354.090114  28.865635  194.0  354.411467  45.93745  136.0
FAILURE!!!! Some beads might have been misidentified
               x1         y1  area1          x2         y2  area2          x3         y3  area3
range  354.174706  11.665259  143.0  354.482819  28.833858  196.0  354.078501  45.943227  130.0
FAILURE!!!! Some beads might have been misidentified
Residual vector length: 810, Jacobian shape: (810, 6)
view   0 | SOD= 556.896 mm | SDD= 802.742 mm | M= 1.441 | incident=4.7367°
[[ 239.16083    -500.90906     -45.003     ]
 [-110.79464     218.60478      19.997     ]
 [   0.13557671    0.06323855    0.        ]
 [   0.            0.            0.1496    ]]
               x1         y1  area1          x2         y2  area2          x3        y3  area3
range  354.350743  11.664732  139.0  354.301565  28.844893  195.0  354.287678  45.93745  132.0
FAILURE!!!! Some beads might have been misidentified

iter 49 cost=3.917440 -> 3.925569 |dtheta|=4.743538e-06  lambda=1.000e+06

============================================================
Iteration 50
============================================================
Theta offsets (Unity frame):
  Source   : dSx=   0.000, dSy=   0.000, dSz=   0.000  (mm)
  Object   : dOx= -18.000, dOy=  -8.003, dOz= -24.948  (mm)
  Object offset: offset_x=   0.001, offset_z=   0.000  (mm)
  Detector : dDx=   0.000, dDy=   0.000, dDz=   0.000  (mm)
  Obj Stage rotY :   25.006 deg
============================================================

Unity geometry (world coordinates):
  Source   : x=   5.000, y=  60.000, z=   0.000
  Object   : x=  -0.000, y=  14.997, z= 555.052
  Detector : x=  -8.000, y=  -5.000, z= 800.000
  Obj rotY :   0.0000 deg
view   0 | SOD= 556.896 mm | SDD= 802.742 mm | M= 1.441 | incident=4.7367°
[[ 239.16084    -500.90906     -45.003002  ]
 [-110.79465     218.60478      19.996998  ]
 [   0.13557671    0.06323855    0.        ]
 [   0.            0.            0.1496    ]]
               x1         y1  area1          x2         y2  area2          x3        y3  area3
range  354.350743  11.664732  139.0  354.301565  28.844893  195.0  354.287678  45.93745  132.0
FAILURE!!!! Some beads might have been misidentified
               x1         y1  area1          x2         y2  area2          x3         y3  area3
range  354.378038  11.648813  143.0  354.295357  28.907811  197.0  354.342069  45.971467  129.0
FAILURE!!!! Some beads might have been misidentified
               x1         y1  area1          x2         y2  area2          x3         y3  area3
range  354.293759  11.637963  141.0  354.263926  28.849819  194.0  354.147899  45.939968  134.0
FAILURE!!!! Some beads might have been misidentified
              x1        y1  area1          x2         y2  area2         x3         y3  area3
range  354.33335  11.75911  142.0  354.298752  28.798018  204.0  354.27043  45.969456  131.0
FAILURE!!!! Some beads might have been misidentified
               x1        y1  area1          x2         y2  area2          x3         y3  area3
range  354.349916  11.52847  143.0  354.297583  28.823301  198.0  354.255297  45.935871  135.0
FAILURE!!!! Some beads might have been misidentified
               x1         y1  area1          x2         y2  area2         x3         y3  area3
range  354.323715  11.665259  139.0  354.277189  28.837126  196.0  354.24552  45.945005  129.0
FAILURE!!!! Some beads might have been misidentified
               x1         y1  area1          x2         y2  area2          x3        y3  area3
range  354.349576  11.648907  140.0  354.289992  28.856038  195.0  354.287678  45.93745  134.0
FAILURE!!!! Some beads might have been misidentified
               x1         y1  area1          x2         y2  area2          x3         y3  area3
range  354.350743  11.659565  142.0  354.301565  28.860625  195.0  354.287678  45.955483  132.0
FAILURE!!!! Some beads might have been misidentified
               x1         y1  area1          x2         y2  area2          x3        y3  area3
range  354.336918  11.665533  145.0  354.301565  28.875876  195.0  354.287678  45.92615  132.0
FAILURE!!!! Some beads might have been misidentified
               x1       y1  area1          x2         y2  area2          x3         y3  area3
range  354.335765  11.6472  143.0  354.301565  28.856006  195.0  354.277315  45.939968  132.0
FAILURE!!!! Some beads might have been misidentified
               x1         y1  area1          x2         y2  area2          x3         y3  area3
range  354.367932  11.639576  140.0  354.265616  28.901625  196.0  354.271178  45.971467  132.0
FAILURE!!!! Some beads might have been misidentified
               x1         y1  area1          x2         y2  area2          x3        y3  area3
range  354.497091  11.664732  145.0  354.090114  28.865635  194.0  354.411467  45.93745  136.0
FAILURE!!!! Some beads might have been misidentified
               x1         y1  area1          x2         y2  area2          x3         y3  area3
range  354.174706  11.665259  143.0  354.482819  28.833858  196.0  354.078501  45.943227  130.0
FAILURE!!!! Some beads might have been misidentified
Residual vector length: 810, Jacobian shape: (810, 6)
view   0 | SOD= 556.896 mm | SDD= 802.742 mm | M= 1.441 | incident=4.7367°
[[ 239.16083    -500.90906     -45.003     ]
 [-110.79464     218.60478      19.997     ]
 [   0.13557671    0.06323855    0.        ]
 [   0.            0.            0.1496    ]]
               x1         y1  area1          x2         y2  area2          x3        y3  area3
range  354.350743  11.664732  139.0  354.301565  28.844893  195.0  354.287678  45.93745  132.0
FAILURE!!!! Some beads might have been misidentified

iter 50 cost=3.917440 -> 3.925569 |dtheta|=4.743538e-06  lambda=1.000e+06

============================================================
Iteration 51
============================================================
Theta offsets (Unity frame):
  Source   : dSx=   0.000, dSy=   0.000, dSz=   0.000  (mm)
  Object   : dOx= -18.000, dOy=  -8.003, dOz= -24.948  (mm)
  Object offset: offset_x=   0.001, offset_z=   0.000  (mm)
  Detector : dDx=   0.000, dDy=   0.000, dDz=   0.000  (mm)
  Obj Stage rotY :   25.006 deg
============================================================

Unity geometry (world coordinates):
  Source   : x=   5.000, y=  60.000, z=   0.000
  Object   : x=  -0.000, y=  14.997, z= 555.052
  Detector : x=  -8.000, y=  -5.000, z= 800.000
  Obj rotY :   0.0000 deg
view   0 | SOD= 556.896 mm | SDD= 802.742 mm | M= 1.441 | incident=4.7367°
[[ 239.16084    -500.90906     -45.003002  ]
 [-110.79465     218.60478      19.996998  ]
 [   0.13557671    0.06323855    0.        ]
 [   0.            0.            0.1496    ]]
               x1         y1  area1          x2         y2  area2          x3        y3  area3
range  354.350743  11.664732  139.0  354.301565  28.844893  195.0  354.287678  45.93745  132.0
FAILURE!!!! Some beads might have been misidentified
               x1         y1  area1          x2         y2  area2          x3         y3  area3
range  354.378038  11.648813  143.0  354.295357  28.907811  197.0  354.342069  45.971467  129.0
FAILURE!!!! Some beads might have been misidentified
               x1         y1  area1          x2         y2  area2          x3         y3  area3
range  354.293759  11.637963  141.0  354.263926  28.849819  194.0  354.147899  45.939968  134.0
FAILURE!!!! Some beads might have been misidentified
              x1        y1  area1          x2         y2  area2         x3         y3  area3
range  354.33335  11.75911  142.0  354.298752  28.798018  204.0  354.27043  45.969456  131.0
FAILURE!!!! Some beads might have been misidentified
               x1        y1  area1          x2         y2  area2          x3         y3  area3
range  354.349916  11.52847  143.0  354.297583  28.823301  198.0  354.255297  45.935871  135.0
FAILURE!!!! Some beads might have been misidentified
               x1         y1  area1          x2         y2  area2         x3         y3  area3
range  354.323715  11.665259  139.0  354.277189  28.837126  196.0  354.24552  45.945005  129.0
FAILURE!!!! Some beads might have been misidentified
               x1         y1  area1          x2         y2  area2          x3        y3  area3
range  354.349576  11.648907  140.0  354.289992  28.856038  195.0  354.287678  45.93745  134.0
FAILURE!!!! Some beads might have been misidentified
               x1         y1  area1          x2         y2  area2          x3         y3  area3
range  354.350743  11.659565  142.0  354.301565  28.860625  195.0  354.287678  45.955483  132.0
FAILURE!!!! Some beads might have been misidentified
               x1         y1  area1          x2         y2  area2          x3        y3  area3
range  354.336918  11.665533  145.0  354.301565  28.875876  195.0  354.287678  45.92615  132.0
FAILURE!!!! Some beads might have been misidentified
               x1       y1  area1          x2         y2  area2          x3         y3  area3
range  354.335765  11.6472  143.0  354.301565  28.856006  195.0  354.277315  45.939968  132.0
FAILURE!!!! Some beads might have been misidentified
               x1         y1  area1          x2         y2  area2          x3         y3  area3
range  354.367932  11.639576  140.0  354.265616  28.901625  196.0  354.271178  45.971467  132.0
FAILURE!!!! Some beads might have been misidentified
               x1         y1  area1          x2         y2  area2          x3        y3  area3
range  354.497091  11.664732  145.0  354.090114  28.865635  194.0  354.411467  45.93745  136.0
FAILURE!!!! Some beads might have been misidentified
               x1         y1  area1          x2         y2  area2          x3         y3  area3
range  354.174706  11.665259  143.0  354.482819  28.833858  196.0  354.078501  45.943227  130.0
FAILURE!!!! Some beads might have been misidentified
Residual vector length: 810, Jacobian shape: (810, 6)
view   0 | SOD= 556.896 mm | SDD= 802.742 mm | M= 1.441 | incident=4.7367°
[[ 239.16083    -500.90906     -45.003     ]
 [-110.79464     218.60478      19.997     ]
 [   0.13557671    0.06323855    0.        ]
 [   0.            0.            0.1496    ]]
               x1         y1  area1          x2         y2  area2          x3        y3  area3
range  354.350743  11.664732  139.0  354.301565  28.844893  195.0  354.287678  45.93745  132.0
FAILURE!!!! Some beads might have been misidentified

iter 51 cost=3.917440 -> 3.925569 |dtheta|=4.743538e-06  lambda=1.000e+06

============================================================
Iteration 52
============================================================
Theta offsets (Unity frame):
  Source   : dSx=   0.000, dSy=   0.000, dSz=   0.000  (mm)
  Object   : dOx= -18.000, dOy=  -8.003, dOz= -24.948  (mm)
  Object offset: offset_x=   0.001, offset_z=   0.000  (mm)
  Detector : dDx=   0.000, dDy=   0.000, dDz=   0.000  (mm)
  Obj Stage rotY :   25.006 deg
============================================================

Unity geometry (world coordinates):
  Source   : x=   5.000, y=  60.000, z=   0.000
  Object   : x=  -0.000, y=  14.997, z= 555.052
  Detector : x=  -8.000, y=  -5.000, z= 800.000
  Obj rotY :   0.0000 deg
view   0 | SOD= 556.896 mm | SDD= 802.742 mm | M= 1.441 | incident=4.7367°
[[ 239.16084    -500.90906     -45.003002  ]
 [-110.79465     218.60478      19.996998  ]
 [   0.13557671    0.06323855    0.        ]
 [   0.            0.            0.1496    ]]
               x1         y1  area1          x2         y2  area2          x3        y3  area3
range  354.350743  11.664732  139.0  354.301565  28.844893  195.0  354.287678  45.93745  132.0
FAILURE!!!! Some beads might have been misidentified
               x1         y1  area1          x2         y2  area2          x3         y3  area3
range  354.378038  11.648813  143.0  354.295357  28.907811  197.0  354.342069  45.971467  129.0
FAILURE!!!! Some beads might have been misidentified
               x1         y1  area1          x2         y2  area2          x3         y3  area3
range  354.293759  11.637963  141.0  354.263926  28.849819  194.0  354.147899  45.939968  134.0
FAILURE!!!! Some beads might have been misidentified
              x1        y1  area1          x2         y2  area2         x3         y3  area3
range  354.33335  11.75911  142.0  354.298752  28.798018  204.0  354.27043  45.969456  131.0
FAILURE!!!! Some beads might have been misidentified
               x1        y1  area1          x2         y2  area2          x3         y3  area3
range  354.349916  11.52847  143.0  354.297583  28.823301  198.0  354.255297  45.935871  135.0
FAILURE!!!! Some beads might have been misidentified
               x1         y1  area1          x2         y2  area2         x3         y3  area3
range  354.323715  11.665259  139.0  354.277189  28.837126  196.0  354.24552  45.945005  129.0
FAILURE!!!! Some beads might have been misidentified
               x1         y1  area1          x2         y2  area2          x3        y3  area3
range  354.349576  11.648907  140.0  354.289992  28.856038  195.0  354.287678  45.93745  134.0
FAILURE!!!! Some beads might have been misidentified
               x1         y1  area1          x2         y2  area2          x3         y3  area3
range  354.350743  11.659565  142.0  354.301565  28.860625  195.0  354.287678  45.955483  132.0
FAILURE!!!! Some beads might have been misidentified
               x1         y1  area1          x2         y2  area2          x3        y3  area3
range  354.336918  11.665533  145.0  354.301565  28.875876  195.0  354.287678  45.92615  132.0
FAILURE!!!! Some beads might have been misidentified
               x1       y1  area1          x2         y2  area2          x3         y3  area3
range  354.335765  11.6472  143.0  354.301565  28.856006  195.0  354.277315  45.939968  132.0
FAILURE!!!! Some beads might have been misidentified
               x1         y1  area1          x2         y2  area2          x3         y3  area3
range  354.367932  11.639576  140.0  354.265616  28.901625  196.0  354.271178  45.971467  132.0
FAILURE!!!! Some beads might have been misidentified
               x1         y1  area1          x2         y2  area2          x3        y3  area3
range  354.497091  11.664732  145.0  354.090114  28.865635  194.0  354.411467  45.93745  136.0
FAILURE!!!! Some beads might have been misidentified
               x1         y1  area1          x2         y2  area2          x3         y3  area3
range  354.174706  11.665259  143.0  354.482819  28.833858  196.0  354.078501  45.943227  130.0
FAILURE!!!! Some beads might have been misidentified
Residual vector length: 810, Jacobian shape: (810, 6)
view   0 | SOD= 556.896 mm | SDD= 802.742 mm | M= 1.441 | incident=4.7367°
[[ 239.16083    -500.90906     -45.003     ]
 [-110.79464     218.60478      19.997     ]
 [   0.13557671    0.06323855    0.        ]
 [   0.            0.            0.1496    ]]
               x1         y1  area1          x2         y2  area2          x3        y3  area3
range  354.350743  11.664732  139.0  354.301565  28.844893  195.0  354.287678  45.93745  132.0
FAILURE!!!! Some beads might have been misidentified

iter 52 cost=3.917440 -> 3.925569 |dtheta|=4.743538e-06  lambda=1.000e+06

============================================================
Iteration 53
============================================================
Theta offsets (Unity frame):
  Source   : dSx=   0.000, dSy=   0.000, dSz=   0.000  (mm)
  Object   : dOx= -18.000, dOy=  -8.003, dOz= -24.948  (mm)
  Object offset: offset_x=   0.001, offset_z=   0.000  (mm)
  Detector : dDx=   0.000, dDy=   0.000, dDz=   0.000  (mm)
  Obj Stage rotY :   25.006 deg
============================================================

Unity geometry (world coordinates):
  Source   : x=   5.000, y=  60.000, z=   0.000
  Object   : x=  -0.000, y=  14.997, z= 555.052
  Detector : x=  -8.000, y=  -5.000, z= 800.000
  Obj rotY :   0.0000 deg
view   0 | SOD= 556.896 mm | SDD= 802.742 mm | M= 1.441 | incident=4.7367°
[[ 239.16084    -500.90906     -45.003002  ]
 [-110.79465     218.60478      19.996998  ]
 [   0.13557671    0.06323855    0.        ]
 [   0.            0.            0.1496    ]]
               x1         y1  area1          x2         y2  area2          x3        y3  area3
range  354.350743  11.664732  139.0  354.301565  28.844893  195.0  354.287678  45.93745  132.0
FAILURE!!!! Some beads might have been misidentified
               x1         y1  area1          x2         y2  area2          x3         y3  area3
range  354.378038  11.648813  143.0  354.295357  28.907811  197.0  354.342069  45.971467  129.0
FAILURE!!!! Some beads might have been misidentified
               x1         y1  area1          x2         y2  area2          x3         y3  area3
range  354.293759  11.637963  141.0  354.263926  28.849819  194.0  354.147899  45.939968  134.0
FAILURE!!!! Some beads might have been misidentified
              x1        y1  area1          x2         y2  area2         x3         y3  area3
range  354.33335  11.75911  142.0  354.298752  28.798018  204.0  354.27043  45.969456  131.0
FAILURE!!!! Some beads might have been misidentified
               x1        y1  area1          x2         y2  area2          x3         y3  area3
range  354.349916  11.52847  143.0  354.297583  28.823301  198.0  354.255297  45.935871  135.0
FAILURE!!!! Some beads might have been misidentified
               x1         y1  area1          x2         y2  area2         x3         y3  area3
range  354.323715  11.665259  139.0  354.277189  28.837126  196.0  354.24552  45.945005  129.0
FAILURE!!!! Some beads might have been misidentified
               x1         y1  area1          x2         y2  area2          x3        y3  area3
range  354.349576  11.648907  140.0  354.289992  28.856038  195.0  354.287678  45.93745  134.0
FAILURE!!!! Some beads might have been misidentified
               x1         y1  area1          x2         y2  area2          x3         y3  area3
range  354.350743  11.659565  142.0  354.301565  28.860625  195.0  354.287678  45.955483  132.0
FAILURE!!!! Some beads might have been misidentified
               x1         y1  area1          x2         y2  area2          x3        y3  area3
range  354.336918  11.665533  145.0  354.301565  28.875876  195.0  354.287678  45.92615  132.0
FAILURE!!!! Some beads might have been misidentified
               x1       y1  area1          x2         y2  area2          x3         y3  area3
range  354.335765  11.6472  143.0  354.301565  28.856006  195.0  354.277315  45.939968  132.0
FAILURE!!!! Some beads might have been misidentified
               x1         y1  area1          x2         y2  area2          x3         y3  area3
range  354.367932  11.639576  140.0  354.265616  28.901625  196.0  354.271178  45.971467  132.0
FAILURE!!!! Some beads might have been misidentified
               x1         y1  area1          x2         y2  area2          x3        y3  area3
range  354.497091  11.664732  145.0  354.090114  28.865635  194.0  354.411467  45.93745  136.0
FAILURE!!!! Some beads might have been misidentified
               x1         y1  area1          x2         y2  area2          x3         y3  area3
range  354.174706  11.665259  143.0  354.482819  28.833858  196.0  354.078501  45.943227  130.0
FAILURE!!!! Some beads might have been misidentified
Residual vector length: 810, Jacobian shape: (810, 6)
view   0 | SOD= 556.896 mm | SDD= 802.742 mm | M= 1.441 | incident=4.7367°
[[ 239.16083    -500.90906     -45.003     ]
 [-110.79464     218.60478      19.997     ]
 [   0.13557671    0.06323855    0.        ]
 [   0.            0.            0.1496    ]]
               x1         y1  area1          x2         y2  area2          x3        y3  area3
range  354.350743  11.664732  139.0  354.301565  28.844893  195.0  354.287678  45.93745  132.0
FAILURE!!!! Some beads might have been misidentified

iter 53 cost=3.917440 -> 3.925569 |dtheta|=4.743538e-06  lambda=1.000e+06
Stalled.

Estimated theta:
  dSx: +0.000000
  dSy: +0.000000
  dOx: -18.000281
  dOy: -8.003001
  dOz: -24.948050
  dDx: +0.000000
  dDy: +0.000000
  dDz: +0.000000
alpha: +2.500628e+01 deg)
offset_x: +0.001104
offset_z: +0.000094

Final cost table:
Fake theta: [  0.   0. -18.  -8. -25.   0.   0.   0.  25.   0.   0.]
Final estimated theta: [  0.           0.         -18.00028098  -8.0030014  -24.94804981
   0.           0.           0.          25.00628069   0.00110433
   0.00009409]
Diff from Expected: [ 0.          0.         -0.00028098 -0.0030014   0.05195019  0.
  0.          0.          0.00628069  0.00110433  0.00009409]
################################################################################

