Phantom already exists, skipping: cuboid_phantom_3_normal.npy

################################################################################
Running cuboid=normal scenario=G2 N_ANGLES=18, K=3
view   0 | SOD= 560.647 mm | SDD= 761.018 mm | M= 1.357 | incident=2.9645°
[[ 135.2794     -543.50665     -25.        ]
 [ -44.036404    195.25572      10.        ]
 [   0.1445025     0.03871933    0.        ]
 [   0.            0.            0.1496    ]]
               x1        y1  area1          x2         y2  area2          x3         y3  area3
range  333.338483  1.160681  123.0  333.336591  14.849469  131.0  333.273611  30.590573  121.0
FAILURE!!!! Some beads might have been misidentified
           image          x1          y1  area1          x2          y2  area2          x3          y3  area3
0   proj_000.png  473.100823  126.827160    972  424.252033  365.130081    861  473.136082  632.944330    970
1   proj_001.png  413.260513  126.883077    975  480.294872  365.279720    858  413.249487  632.847023    974
2   proj_002.png  358.016495  126.916495    970  532.942263  366.160508    866  358.022751  630.692865    967
3   proj_003.png  314.516230  127.043979    955  576.061574  367.935006    877  314.527254  626.841719    954
4   proj_004.png  288.092573  127.264801    929  604.568889  370.156667    900  288.119530  621.960512    937
5   proj_005.png  281.434543  127.438944    909  614.785323  372.633078    913  281.466520  616.580681    911
6   proj_006.png  294.760820  127.634396    878  604.908696  375.305435    920  294.774266  611.367946    886
7   proj_007.png  325.943662  127.808685    852  575.397201  377.517761    929  325.939039  607.043376    853
8   proj_008.png  370.950935  127.947430    856  529.406744  379.161222    949  370.935972  603.938300    859
9   proj_009.png  424.253194  127.938444    861  473.100204  379.979550    978  424.243931  602.353757    865
10  proj_010.png  480.331002  127.987179    858  413.256148  379.900615    976  480.381119  602.637529    858
11  proj_011.png  532.948157  127.910138    868  358.028956  378.797311    967  532.944764  604.642117    869
12  proj_012.png  576.110984  127.790618    874  314.534031  376.962304    955  576.079275  608.074745    883
13  proj_013.png  604.692222  127.563333    900  288.080732  374.590958    929  604.657778  612.705556    900
14  proj_014.png  614.773026  127.377193    912  281.448732  371.977949    907  614.740132  617.904605    912
15  proj_015.png  604.907709  127.247557    921  294.783201  369.518729    881  604.925566  623.413161    927
16  proj_016.png  575.473456  126.981582    923  325.974026  367.453365    847  575.414424  627.979548    929
17  proj_017.png  529.419558  126.826498    951  370.962747  366.000000    859  529.514256  631.362196    947

============================================================
Iteration 0
============================================================
Theta offsets (Unity frame):
  Source   : dSx=   0.000, dSy=   0.000, dSz=   0.000  (mm)
  Object   : dOx=   0.000, dOy=   0.000, dOz=   0.000  (mm)
  Object offset: offset_x=   0.000, offset_z=   0.000  (mm)
  Detector : dDx=   0.000, dDy=   0.000, dDz=   0.000  (mm)
  Obj Stage rotY :    0.000 deg
============================================================

Unity geometry (world coordinates):
  Source   : x= -10.000, y=  55.000, z=   0.000
  Object   : x=  15.000, y=  42.000, z= 582.000
  Detector : x=   8.000, y=  20.000, z= 760.000
  Obj rotY :   0.0000 deg
view   0 | SOD= 582.682 mm | SDD= 761.018 mm | M= 1.306 | incident=2.9645°
[[ -25.     -582.      -13.    ]
 [  -7.      178.       22.    ]
 [   0.1496    0.        0.    ]
 [   0.        0.        0.1496]]
Residual vector length: 162, Jacobian shape: (162, 6)
view   0 | SOD= 577.589 mm | SDD= 761.018 mm | M= 1.318 | incident=2.9645°
[[ 123.85562    -563.7093      -22.384048  ]
 [ -38.071938    179.05815      12.615952  ]
 [   0.14537145    0.03531717    0.        ]
 [   0.            0.            0.1496    ]]

iter 00 cost=844949.472547 -> 36508.110067 |dtheta|=2.161424e+01  lambda=1.000e-02

============================================================
Iteration 1
============================================================
Theta offsets (Unity frame):
  Source   : dSx=   0.000, dSy=   0.000, dSz=   0.000  (mm)
  Object   : dOx= -12.954, dOy=  -9.384, dOz=  -4.939  (mm)
  Object offset: offset_x=   0.678, offset_z=  -0.046  (mm)
  Detector : dDx=   0.000, dDy=   0.000, dDz=   0.000  (mm)
  Obj Stage rotY :   13.655 deg
============================================================

Unity geometry (world coordinates):
  Source   : x= -10.000, y=  55.000, z=   0.000
  Object   : x=   2.046, y=  32.616, z= 577.061
  Detector : x=   8.000, y=  20.000, z= 760.000
  Obj rotY :   0.0000 deg
view   0 | SOD= 577.589 mm | SDD= 761.018 mm | M= 1.318 | incident=2.9645°
[[ 123.85562    -563.7093      -22.384048  ]
 [ -38.071938    179.05815      12.615952  ]
 [   0.14537145    0.03531717    0.        ]
 [   0.            0.            0.1496    ]]
Residual vector length: 162, Jacobian shape: (162, 6)
view   0 | SOD= 569.728 mm | SDD= 761.018 mm | M= 1.336 | incident=2.9645°
[[ 138.79527    -552.02246     -24.429535  ]
 [ -43.092537    186.11086      10.570465  ]
 [   0.14436677    0.03922239    0.        ]
 [   0.            0.            0.1496    ]]

iter 01 cost=36508.110067 -> 3805.076671 |dtheta|=8.683163e+00  lambda=3.333e-03

============================================================
Iteration 2
============================================================
Theta offsets (Unity frame):
  Source   : dSx=   0.000, dSy=   0.000, dSz=   0.000  (mm)
  Object   : dOx= -14.463, dOy= -11.430, dOz= -13.082  (mm)
  Object offset: offset_x=   0.253, offset_z=   0.184  (mm)
  Detector : dDx=   0.000, dDy=   0.000, dDz=   0.000  (mm)
  Obj Stage rotY :   15.200 deg
============================================================

Unity geometry (world coordinates):
  Source   : x= -10.000, y=  55.000, z=   0.000
  Object   : x=   0.537, y=  30.570, z= 568.918
  Detector : x=   8.000, y=  20.000, z= 760.000
  Obj rotY :   0.0000 deg
view   0 | SOD= 569.728 mm | SDD= 761.018 mm | M= 1.336 | incident=2.9645°
[[ 138.79527    -552.02246     -24.429535  ]
 [ -43.092537    186.11086      10.570465  ]
 [   0.14436677    0.03922239    0.        ]
 [   0.            0.            0.1496    ]]
Residual vector length: 162, Jacobian shape: (162, 6)
view   0 | SOD= 566.301 mm | SDD= 761.018 mm | M= 1.344 | incident=2.9645°
[[ 133.17207    -549.84973     -25.048588  ]
 [ -41.409023    190.0458        9.951412  ]
 [   0.1447475     0.03779314    0.        ]
 [   0.            0.            0.1496    ]]

iter 02 cost=3805.076671 -> 682.945215 |dtheta|=3.644380e+00  lambda=1.111e-03

============================================================
Iteration 3
============================================================
Theta offsets (Unity frame):
  Source   : dSx=   0.000, dSy=   0.000, dSz=   0.000  (mm)
  Object   : dOx= -14.831, dOy= -12.049, dOz= -16.590  (mm)
  Object offset: offset_x=  -0.114, offset_z=   0.247  (mm)
  Detector : dDx=   0.000, dDy=   0.000, dDz=   0.000  (mm)
  Obj Stage rotY :   14.633 deg
============================================================

Unity geometry (world coordinates):
  Source   : x= -10.000, y=  55.000, z=   0.000
  Object   : x=   0.169, y=  29.951, z= 565.410
  Detector : x=   8.000, y=  20.000, z= 760.000
  Obj rotY :   0.0000 deg
view   0 | SOD= 566.301 mm | SDD= 761.018 mm | M= 1.344 | incident=2.9645°
[[ 133.17207    -549.84973     -25.048588  ]
 [ -41.409023    190.0458        9.951412  ]
 [   0.1447475     0.03779314    0.        ]
 [   0.            0.            0.1496    ]]
Residual vector length: 162, Jacobian shape: (162, 6)
view   0 | SOD= 564.093 mm | SDD= 761.018 mm | M= 1.349 | incident=2.9645°
[[ 135.67859    -546.95325     -25.18066   ]
 [ -43.110443    191.93678       9.81934   ]
 [   0.14453007    0.03861629    0.        ]
 [   0.            0.            0.1496    ]]
               x1        y1  area1          x2         y2  area2          x3         y3  area3
range  333.274068  1.044319  147.0  329.568233  14.944125  156.0  333.207657  30.034557  149.0
FAILURE!!!! Some beads might have been misidentified

iter 03 cost=682.945215 -> 199.377166 |dtheta|=2.109313e+00  lambda=3.704e-04

============================================================
Iteration 4
============================================================
Theta offsets (Unity frame):
  Source   : dSx=   0.000, dSy=   0.000, dSz=   0.000  (mm)
  Object   : dOx= -14.927, dOy= -12.181, dOz= -18.657  (mm)
  Object offset: offset_x=   0.032, offset_z=   0.097  (mm)
  Detector : dDx=   0.000, dDy=   0.000, dDz=   0.000  (mm)
  Obj Stage rotY :   14.959 deg
============================================================

Unity geometry (world coordinates):
  Source   : x= -10.000, y=  55.000, z=   0.000
  Object   : x=   0.073, y=  29.819, z= 563.343
  Detector : x=   8.000, y=  20.000, z= 760.000
  Obj rotY :   0.0000 deg
view   0 | SOD= 564.093 mm | SDD= 761.018 mm | M= 1.349 | incident=2.9645°
[[ 135.67859    -546.95325     -25.18066   ]
 [ -43.110443    191.93678       9.81934   ]
 [   0.14453007    0.03861629    0.        ]
 [   0.            0.            0.1496    ]]
               x1        y1  area1          x2         y2  area2          x3         y3  area3
range  333.274068  1.044319  147.0  329.568233  14.944125  156.0  333.207657  30.034557  149.0
FAILURE!!!! Some beads might have been misidentified
               x1        y1  area1          x2         y2  area2          x3         y3  area3
range  333.236068  1.076063  147.0  329.524385  14.903594  153.0  333.236816  30.028317  146.0
FAILURE!!!! Some beads might have been misidentified
               x1        y1  area1         x2      y2  area2          x3        y3  area3
range  333.274052  1.064386  149.0  329.55692  14.892  157.0  333.219915  30.05197  147.0
FAILURE!!!! Some beads might have been misidentified
               x1        y1  area1          x2         y2  area2          x3         y3  area3
range  333.315937  1.019231  145.0  329.559001  14.912474  157.0  333.211587  30.089769  151.0
FAILURE!!!! Some beads might have been misidentified
               x1        y1  area1          x2         y2  area2          x3         y3  area3
range  333.209924  1.076199  151.0  329.566361  14.890551  153.0  333.209833  30.027125  146.0
FAILURE!!!! Some beads might have been misidentified
               x1        y1  area1          x2         y2  area2          x3         y3  area3
range  333.274068  1.044319  147.0  329.568233  14.944125  157.0  333.180837  30.034557  150.0
FAILURE!!!! Some beads might have been misidentified
               x1        y1  area1          x2         y2  area2          x3         y3  area3
range  333.276598  1.044319  147.0  329.578345  14.944125  156.0  333.224914  30.034557  149.0
FAILURE!!!! Some beads might have been misidentified
               x1        y1  area1          x2         y2  area2          x3         y3  area3
range  333.274068  1.053747  148.0  329.568233  14.954445  156.0  333.207657  30.048493  147.0
FAILURE!!!! Some beads might have been misidentified
               x1        y1  area1          x2         y2  area2          x3         y3  area3
range  333.274068  1.052238  145.0  329.578345  14.917043  159.0  333.214625  30.022133  152.0
FAILURE!!!! Some beads might have been misidentified
               x1        y1  area1          x2         y2  area2          x3         y3  area3
range  333.320623  1.055942  146.0  329.568233  14.895622  152.0  333.241877  30.043451  150.0
FAILURE!!!! Some beads might have been misidentified
               x1        y1  area1          x2         y2  area2          x3         y3  area3
range  333.249235  1.084322  151.0  329.568233  14.899971  157.0  333.184448  30.036836  143.0
FAILURE!!!! Some beads might have been misidentified
               x1        y1  area1          x2         y2  area2          x3         y3  area3
range  333.436825  1.052482  145.0  329.411457  14.944125  155.0  333.334934  30.034557  150.0
FAILURE!!!! Some beads might have been misidentified
               x1        y1  area1          x2         y2  area2          x3         y3  area3
range  333.061283  1.044319  147.0  329.669848  14.944125  157.0  333.106673  30.034557  146.0
FAILURE!!!! Some beads might have been misidentified
Residual vector length: 162, Jacobian shape: (162, 6)
view   0 | SOD= 562.754 mm | SDD= 761.018 mm | M= 1.352 | incident=2.9645°
[[ 136.0341     -545.4856      -25.136047  ]
 [ -43.623695    193.1937        9.863953  ]
 [   0.14448456    0.03878622    0.        ]
 [   0.            0.            0.1496    ]]
               x1        y1  area1          x2         y2  area2          x3         y3  area3
range  332.970677  1.069027  161.0  331.430982  14.902531  160.0  332.931943  30.376709  140.0
FAILURE!!!! Some beads might have been misidentified

iter 04 cost=199.377166 -> 82.722260 |dtheta|=1.289174e+00  lambda=1.235e-04

============================================================
Iteration 5
============================================================
Theta offsets (Unity frame):
  Source   : dSx=   0.000, dSy=   0.000, dSz=   0.000  (mm)
  Object   : dOx= -14.951, dOy= -12.136, dOz= -19.942  (mm)
  Object offset: offset_x=  -0.006, offset_z=   0.044  (mm)
  Detector : dDx=   0.000, dDy=   0.000, dDz=   0.000  (mm)
  Obj Stage rotY :   15.027 deg
============================================================

Unity geometry (world coordinates):
  Source   : x= -10.000, y=  55.000, z=   0.000
  Object   : x=   0.049, y=  29.864, z= 562.058
  Detector : x=   8.000, y=  20.000, z= 760.000
  Obj rotY :   0.0000 deg
view   0 | SOD= 562.754 mm | SDD= 761.018 mm | M= 1.352 | incident=2.9645°
[[ 136.0341     -545.4856      -25.136047  ]
 [ -43.623695    193.1937        9.863953  ]
 [   0.14448456    0.03878622    0.        ]
 [   0.            0.            0.1496    ]]
               x1        y1  area1          x2         y2  area2          x3         y3  area3
range  332.970677  1.069027  161.0  331.430982  14.902531  160.0  332.931943  30.376709  140.0
FAILURE!!!! Some beads might have been misidentified
              x1        y1  area1          x2         y2  area2          x3         y3  area3
range  332.93959  1.097367  161.0  331.421428  14.906961  156.0  332.884455  30.386016  142.0
FAILURE!!!! Some beads might have been misidentified
               x1        y1  area1         x2         y2  area2          x3         y3  area3
range  332.931196  1.068149  165.0  331.42927  14.904762  154.0  332.980249  30.383754  141.0
FAILURE!!!! Some beads might have been misidentified
               x1        y1  area1          x2         y2  area2          x3         y3  area3
range  332.991941  1.040398  165.0  331.421048  14.885224  160.0  332.863292  30.383928  139.0
FAILURE!!!! Some beads might have been misidentified
               x1        y1  area1          x2        y2  area2          x3         y3  area3
range  332.881712  1.016892  159.0  331.415965  14.87986  160.0  332.960823  30.346877  142.0
FAILURE!!!! Some beads might have been misidentified
               x1        y1  area1          x2         y2  area2          x3         y3  area3
range  332.970677  1.069027  161.0  331.430982  14.902531  160.0  332.919697  30.363736  140.0
FAILURE!!!! Some beads might have been misidentified
               x1        y1  area1          x2         y2  area2          x3         y3  area3
range  332.984275  1.069027  161.0  331.430982  14.902531  160.0  332.931943  30.342743  140.0
FAILURE!!!! Some beads might have been misidentified
               x1        y1  area1          x2         y2  area2          x3         y3  area3
range  332.970677  1.071756  163.0  331.430982  14.903907  157.0  332.919697  30.361724  142.0
FAILURE!!!! Some beads might have been misidentified
               x1        y1  area1          x2         y2  area2          x3        y3  area3
range  332.970677  1.068344  162.0  331.430982  14.928708  162.0  332.931943  30.35867  137.0
FAILURE!!!! Some beads might have been misidentified
               x1        y1  area1          x2         y2  area2          x3         y3  area3
range  333.014501  1.090477  165.0  331.413996  14.921566  157.0  332.962953  30.388836  139.0
FAILURE!!!! Some beads might have been misidentified
               x1        y1  area1          x2         y2  area2          x3         y3  area3
range  332.924478  1.093446  162.0  331.480014  14.890157  153.0  332.914509  30.380934  146.0
FAILURE!!!! Some beads might have been misidentified
               x1        y1  area1         x2         y2  area2         x3        y3  area3
range  333.133138  1.076796  163.0  331.29481  14.902531  158.0  333.12528  30.32977  139.0
FAILURE!!!! Some beads might have been misidentified
               x1        y1  area1          x2         y2  area2          x3         y3  area3
range  332.737648  1.069027  160.0  331.559834  14.902531  155.0  332.724505  30.376709  143.0
FAILURE!!!! Some beads might have been misidentified
Residual vector length: 162, Jacobian shape: (162, 6)
view   0 | SOD= 561.943 mm | SDD= 761.018 mm | M= 1.354 | incident=2.9645°
[[ 136.06056    -544.64594     -25.068552  ]
 [ -43.93484     193.95114       9.931448  ]
 [   0.14446682    0.03885226    0.        ]
 [   0.            0.            0.1496    ]]
               x1       y1  area1          x2         y2  area2          x3         y3  area3
range  333.441794  1.09977  153.0  331.771426  14.780398  161.0  333.471667  30.385149  142.0
FAILURE!!!! Some beads might have been misidentified

iter 05 cost=82.722260 -> 29.474991 |dtheta|=8.124031e-01  lambda=4.115e-05

============================================================
Iteration 6
============================================================
Theta offsets (Unity frame):
  Source   : dSx=   0.000, dSy=   0.000, dSz=   0.000  (mm)
  Object   : dOx= -14.961, dOy= -12.069, dOz= -20.750  (mm)
  Object offset: offset_x=   0.018, offset_z=   0.044  (mm)
  Detector : dDx=   0.000, dDy=   0.000, dDz=   0.000  (mm)
  Obj Stage rotY :   15.053 deg
============================================================

Unity geometry (world coordinates):
  Source   : x= -10.000, y=  55.000, z=   0.000
  Object   : x=   0.039, y=  29.931, z= 561.250
  Detector : x=   8.000, y=  20.000, z= 760.000
  Obj rotY :   0.0000 deg
view   0 | SOD= 561.943 mm | SDD= 761.018 mm | M= 1.354 | incident=2.9645°
[[ 136.06056    -544.64594     -25.068552  ]
 [ -43.93484     193.95114       9.931448  ]
 [   0.14446682    0.03885226    0.        ]
 [   0.            0.            0.1496    ]]
               x1       y1  area1          x2         y2  area2          x3         y3  area3
range  333.441794  1.09977  153.0  331.771426  14.780398  161.0  333.471667  30.385149  142.0
FAILURE!!!! Some beads might have been misidentified
               x1        y1  area1        x2         y2  area2          x3        y3  area3
range  333.518749  1.082508  153.0  331.8125  14.814511  159.0  333.516588  30.30596  143.0
FAILURE!!!! Some beads might have been misidentified
               x1        y1  area1          x2         y2  area2          x3         y3  area3
range  333.504333  1.096097  154.0  331.709588  14.793284  160.0  333.433055  30.443475  142.0
FAILURE!!!! Some beads might have been misidentified
               x1        y1  area1          x2         y2  area2          x3        y3  area3
range  333.472305  1.069118  154.0  331.787038  14.678771  167.0  333.515658  30.45705  141.0
FAILURE!!!! Some beads might have been misidentified
               x1        y1  area1         x2         y2  area2          x3         y3  area3
range  333.460727  1.172384  155.0  331.80268  14.924659  157.0  333.440177  30.336785  151.0
FAILURE!!!! Some beads might have been misidentified
               x1        y1  area1          x2         y2  area2          x3         y3  area3
range  333.441794  1.094917  154.0  331.771426  14.769203  160.0  333.463646  30.370459  142.0
FAILURE!!!! Some beads might have been misidentified
               x1       y1  area1          x2         y2  area2          x3         y3  area3
range  333.452812  1.09977  153.0  331.798363  14.796253  160.0  333.478283  30.383662  144.0
FAILURE!!!! Some beads might have been misidentified
               x1        y1  area1          x2         y2  area2          x3         y3  area3
range  333.441794  1.118689  154.0  331.771426  14.803938  161.0  333.471667  30.394014  142.0
FAILURE!!!! Some beads might have been misidentified
               x1        y1  area1          x2         y2  area2          x3         y3  area3
range  333.452812  1.102683  152.0  331.784368  14.812617  161.0  333.471667  30.395968  146.0
FAILURE!!!! Some beads might have been misidentified
               x1        y1  area1          x2        y2  area2          x3         y3  area3
range  333.465193  1.074875  153.0  331.739198  14.77158  160.0  333.504748  30.389501  143.0
FAILURE!!!! Some beads might have been misidentified
               x1        y1  area1          x2         y2  area2          x3         y3  area3
range  333.428844  1.077151  153.0  331.820431  14.836215  159.0  333.438567  30.359935  141.0
FAILURE!!!! Some beads might have been misidentified
               x1        y1  area1          x2         y2  area2         x3         y3  area3
range  333.632574  1.083895  154.0  331.573794  14.796253  160.0  333.64112  30.352536  141.0
FAILURE!!!! Some beads might have been misidentified
               x1        y1  area1          x2         y2  area2          x3         y3  area3
range  333.382079  1.101606  152.0  331.957815  14.769203  161.0  333.325555  30.401585  143.0
FAILURE!!!! Some beads might have been misidentified
Residual vector length: 162, Jacobian shape: (162, 6)
view   0 | SOD= 561.485 mm | SDD= 761.018 mm | M= 1.355 | incident=2.9645°
[[ 135.43634    -544.3297      -25.050476  ]
 [ -43.810863    194.44933       9.949524  ]
 [   0.1445061     0.03870591    0.        ]
 [   0.            0.            0.1496    ]]
               x1        y1  area1          x2         y2  area2         x3         y3  area3
range  333.080255  1.090646  156.0  332.749214  14.763375  161.0  333.01753  30.218353  146.0
FAILURE!!!! Some beads might have been misidentified

iter 06 cost=29.474991 -> 13.332941 |dtheta|=4.309402e-01  lambda=1.372e-05

============================================================
Iteration 7
============================================================
Theta offsets (Unity frame):
  Source   : dSx=   0.000, dSy=   0.000, dSz=   0.000  (mm)
  Object   : dOx= -14.980, dOy= -12.050, dOz= -21.174  (mm)
  Object offset: offset_x=  -0.010, offset_z=   0.011  (mm)
  Detector : dDx=   0.000, dDy=   0.000, dDz=   0.000  (mm)
  Obj Stage rotY :   14.995 deg
============================================================

Unity geometry (world coordinates):
  Source   : x= -10.000, y=  55.000, z=   0.000
  Object   : x=   0.020, y=  29.950, z= 560.826
  Detector : x=   8.000, y=  20.000, z= 760.000
  Obj rotY :   0.0000 deg
view   0 | SOD= 561.485 mm | SDD= 761.018 mm | M= 1.355 | incident=2.9645°
[[ 135.43634    -544.3297      -25.050476  ]
 [ -43.810863    194.44933       9.949524  ]
 [   0.1445061     0.03870591    0.        ]
 [   0.            0.            0.1496    ]]
               x1        y1  area1          x2         y2  area2         x3         y3  area3
range  333.080255  1.090646  156.0  332.749214  14.763375  161.0  333.01753  30.218353  146.0
FAILURE!!!! Some beads might have been misidentified
               x1        y1  area1          x2         y2  area2          x3         y3  area3
range  333.044365  1.072812  154.0  332.692596  14.767099  159.0  333.041692  30.239877  150.0
FAILURE!!!! Some beads might have been misidentified
               x1        y1  area1         x2         y2  area2          x3         y3  area3
range  333.053191  1.094801  155.0  332.72691  14.800624  163.0  333.048717  30.273544  149.0
FAILURE!!!! Some beads might have been misidentified
               x1        y1  area1          x2         y2  area2         x3       y3  area3
range  333.048506  1.109228  164.0  332.672578  14.681449  170.0  333.05742  30.4002  145.0
FAILURE!!!! Some beads might have been misidentified
               x1        y1  area1          x2         y2  area2          x3         y3  area3
range  333.080126  1.062755  152.0  332.768274  14.800309  159.0  333.004577  30.218669  143.0
FAILURE!!!! Some beads might have been misidentified
               x1        y1  area1          x2         y2  area2          x3         y3  area3
range  333.080255  1.090646  156.0  332.749214  14.763375  161.0  333.021365  30.229903  145.0
FAILURE!!!! Some beads might have been misidentified
               x1        y1  area1          x2         y2  area2          x3         y3  area3
range  333.092281  1.090646  157.0  332.749214  14.763375  161.0  333.034576  30.247634  146.0
FAILURE!!!! Some beads might have been misidentified
               x1        y1  area1          x2         y2  area2          x3         y3  area3
range  333.080255  1.100823  155.0  332.732824  14.749475  162.0  333.024801  30.283159  145.0
FAILURE!!!! Some beads might have been misidentified
               x1        y1  area1          x2         y2  area2         x3         y3  area3
range  333.080255  1.074382  157.0  332.749214  14.754265  162.0  333.01753  30.209234  151.0
FAILURE!!!! Some beads might have been misidentified
               x1        y1  area1          x2         y2  area2          x3         y3  area3
range  333.109611  1.066394  155.0  332.718186  14.787885  160.0  333.087404  30.236239  151.0
FAILURE!!!! Some beads might have been misidentified
               x1        y1  area1          x2         y2  area2         x3         y3  area3
range  333.065595  1.097491  155.0  332.749214  14.779838  161.0  333.01753  30.277181  148.0
FAILURE!!!! Some beads might have been misidentified
               x1        y1  area1          x2         y2  area2          x3         y3  area3
range  333.212282  1.091777  156.0  332.525772  14.763375  161.0  333.256848  30.218353  146.0
FAILURE!!!! Some beads might have been misidentified
               x1        y1  area1          x2         y2  area2          x3         y3  area3
range  332.885274  1.079956  156.0  332.893735  14.763375  162.0  332.833338  30.259184  143.0
FAILURE!!!! Some beads might have been misidentified
Residual vector length: 162, Jacobian shape: (162, 6)
view   0 | SOD= 561.112 mm | SDD= 761.018 mm | M= 1.356 | incident=2.9645°
[[ 135.40977    -543.9526      -25.035126  ]
 [ -43.930172    194.80391       9.964874  ]
 [   0.14450124    0.03872405    0.        ]
 [   0.            0.            0.1496    ]]
              x1        y1  area1          x2         y2  area2          x3         y3  area3
range  333.22414  1.158983  167.0  333.039958  14.759591  163.0  333.160443  30.302266  150.0
FAILURE!!!! Some beads might have been misidentified

iter 07 cost=13.332941 -> 5.342699 |dtheta|=3.679788e-01  lambda=4.572e-06

============================================================
Iteration 8
============================================================
Theta offsets (Unity frame):
  Source   : dSx=   0.000, dSy=   0.000, dSz=   0.000  (mm)
  Object   : dOx= -14.988, dOy= -12.035, dOz= -21.542  (mm)
  Object offset: offset_x=  -0.004, offset_z=   0.006  (mm)
  Detector : dDx=   0.000, dDy=   0.000, dDz=   0.000  (mm)
  Obj Stage rotY :   15.002 deg
============================================================

Unity geometry (world coordinates):
  Source   : x= -10.000, y=  55.000, z=   0.000
  Object   : x=   0.012, y=  29.965, z= 560.458
  Detector : x=   8.000, y=  20.000, z= 760.000
  Obj rotY :   0.0000 deg
view   0 | SOD= 561.112 mm | SDD= 761.018 mm | M= 1.356 | incident=2.9645°
[[ 135.40977    -543.9526      -25.035126  ]
 [ -43.930172    194.80391       9.964874  ]
 [   0.14450124    0.03872405    0.        ]
 [   0.            0.            0.1496    ]]
              x1        y1  area1          x2         y2  area2          x3         y3  area3
range  333.22414  1.158983  167.0  333.039958  14.759591  163.0  333.160443  30.302266  150.0
FAILURE!!!! Some beads might have been misidentified
               x1        y1  area1          x2         y2  area2          x3         y3  area3
range  333.235441  1.169188  167.0  333.009556  14.715732  163.0  333.155956  30.392771  150.0
FAILURE!!!! Some beads might have been misidentified
               x1        y1  area1          x2        y2  area2          x3         y3  area3
range  333.184543  1.154765  169.0  333.017054  14.81978  163.0  333.153988  30.317423  147.0
FAILURE!!!! Some beads might have been misidentified
               x1        y1  area1          x2         y2  area2          x3        y3  area3
range  333.240354  1.298848  180.0  333.062854  14.636032  171.0  333.182084  30.23376  145.0
FAILURE!!!! Some beads might have been misidentified
               x1        y1  area1          x2         y2  area2          x3         y3  area3
range  333.192014  1.095691  162.0  333.023438  14.829313  161.0  333.170599  30.537872  148.0
FAILURE!!!! Some beads might have been misidentified
              x1        y1  area1          x2         y2  area2          x3         y3  area3
range  333.22414  1.150421  167.0  333.039958  14.766961  163.0  333.160443  30.302266  149.0
FAILURE!!!! Some beads might have been misidentified
              x1        y1  area1          x2         y2  area2          x3         y3  area3
range  333.22414  1.158983  167.0  333.039958  14.774571  162.0  333.159303  30.319918  151.0
FAILURE!!!! Some beads might have been misidentified
              x1        y1  area1          x2         y2  area2          x3         y3  area3
range  333.22414  1.152702  170.0  333.039958  14.807268  159.0  333.160443  30.302932  148.0
FAILURE!!!! Some beads might have been misidentified
              x1        y1  area1          x2        y2  area2          x3         y3  area3
range  333.22414  1.152183  166.0  333.039958  14.77735  163.0  333.160443  30.308092  154.0
FAILURE!!!! Some beads might have been misidentified
               x1       y1  area1          x2        y2  area2          x3         y3  area3
range  333.257062  1.18378  167.0  333.022608  14.77189  163.0  333.160443  30.393048  151.0
FAILURE!!!! Some beads might have been misidentified
               x1        y1  area1          x2         y2  area2          x3         y3  area3
range  333.167698  1.140173  169.0  333.088437  14.763622  165.0  333.141254  30.317146  146.0
FAILURE!!!! Some beads might have been misidentified
               x1        y1  area1          x2         y2  area2          x3         y3  area3
range  333.380618  1.141522  166.0  332.850931  14.781941  160.0  333.362052  30.302266  151.0
FAILURE!!!! Some beads might have been misidentified
               x1        y1  area1         x2         y2  area2          x3         y3  area3
range  333.039366  1.168227  166.0  333.17568  14.759591  165.0  332.956196  30.319918  149.0
FAILURE!!!! Some beads might have been misidentified
Residual vector length: 162, Jacobian shape: (162, 6)
view   0 | SOD= 560.918 mm | SDD= 761.018 mm | M= 1.357 | incident=2.9645°
[[ 135.2497     -543.7926      -25.022491  ]
 [ -43.93797     195.00085       9.977509  ]
 [   0.14450921    0.03869426    0.        ]
 [   0.            0.            0.1496    ]]
               x1        y1  area1          x2         y2  area2          x3         y3  area3
range  333.283065  1.275248  179.0  333.232386  14.676366  168.0  333.163386  30.423909  150.0
FAILURE!!!! Some beads might have been misidentified

iter 08 cost=5.342699 -> 2.308120 |dtheta|=1.900073e-01  lambda=1.524e-06

============================================================
Iteration 9
============================================================
Theta offsets (Unity frame):
  Source   : dSx=   0.000, dSy=   0.000, dSz=   0.000  (mm)
  Object   : dOx= -14.991, dOy= -12.022, dOz= -21.731  (mm)
  Object offset: offset_x=  -0.003, offset_z=   0.001  (mm)
  Detector : dDx=   0.000, dDy=   0.000, dDz=   0.000  (mm)
  Obj Stage rotY :   14.990 deg
============================================================

Unity geometry (world coordinates):
  Source   : x= -10.000, y=  55.000, z=   0.000
  Object   : x=   0.009, y=  29.978, z= 560.269
  Detector : x=   8.000, y=  20.000, z= 760.000
  Obj rotY :   0.0000 deg
view   0 | SOD= 560.918 mm | SDD= 761.018 mm | M= 1.357 | incident=2.9645°
[[ 135.2497     -543.7926      -25.022491  ]
 [ -43.93797     195.00085       9.977509  ]
 [   0.14450921    0.03869426    0.        ]
 [   0.            0.            0.1496    ]]
               x1        y1  area1          x2         y2  area2          x3         y3  area3
range  333.283065  1.275248  179.0  333.232386  14.676366  168.0  333.163386  30.423909  150.0
FAILURE!!!! Some beads might have been misidentified
               x1        y1  area1          x2         y2  area2          x3         y3  area3
range  333.265014  1.313433  175.0  333.240598  14.654791  167.0  333.190611  30.432196  152.0
FAILURE!!!! Some beads might have been misidentified
              x1        y1  area1          x2         y2  area2          x3         y3  area3
range  333.23881  1.291583  178.0  333.183304  14.751399  168.0  333.199955  30.413537  146.0
FAILURE!!!! Some beads might have been misidentified
               x1        y1  area1          x2         y2  area2          x3         y3  area3
range  333.237916  1.253886  172.0  333.241106  14.690855  170.0  333.220396  30.315294  149.0
FAILURE!!!! Some beads might have been misidentified
               x1        y1  area1          x2         y2  area2          x3         y3  area3
range  333.248193  1.189695  169.0  333.215825  14.817835  160.0  333.168584  30.707168  148.0
FAILURE!!!! Some beads might have been misidentified
               x1        y1  area1          x2         y2  area2         x3         y3  area3
range  333.283065  1.275248  179.0  333.216513  14.676366  168.0  333.17159  30.411648  150.0
FAILURE!!!! Some beads might have been misidentified
               x1        y1  area1          x2         y2  area2          x3         y3  area3
range  333.283065  1.275248  179.0  333.232386  14.676366  168.0  333.163386  30.423909  148.0
FAILURE!!!! Some beads might have been misidentified
               x1        y1  area1          x2         y2  area2          x3         y3  area3
range  333.283065  1.302197  180.0  333.232386  14.691015  169.0  333.163386  30.411648  151.0
FAILURE!!!! Some beads might have been misidentified
               x1        y1  area1          x2         y2  area2          x3         y3  area3
range  333.283065  1.302696  178.0  333.232386  14.712515  166.0  333.149507  30.425996  150.0
FAILURE!!!! Some beads might have been misidentified
               x1        y1  area1          x2         y2  area2          x3         y3  area3
range  333.299958  1.295888  175.0  333.184377  14.705826  168.0  333.224303  30.445163  153.0
FAILURE!!!! Some beads might have been misidentified
               x1        y1  area1          x2         y2  area2          x3        y3  area3
range  333.238912  1.313433  178.0  333.254494  14.700364  167.0  333.126562  30.40057  144.0
FAILURE!!!! Some beads might have been misidentified
               x1        y1  area1          x2         y2  area2          x3         y3  area3
range  333.413452  1.275248  177.0  333.055073  14.676366  167.0  333.372082  30.411648  147.0
FAILURE!!!! Some beads might have been misidentified
               x1        y1  area1          x2         y2  area2          x3         y3  area3
range  333.075505  1.275248  179.0  333.375117  14.676366  167.0  333.029476  30.423909  149.0
FAILURE!!!! Some beads might have been misidentified
Residual vector length: 162, Jacobian shape: (162, 6)
view   0 | SOD= 560.823 mm | SDD= 761.018 mm | M= 1.357 | incident=2.9645°
[[ 135.37134    -543.6653      -25.011158  ]
 [ -44.01324     195.0804        9.988842  ]
 [   0.1444989     0.03873278    0.        ]
 [   0.            0.            0.1496    ]]
               x1        y1  area1         x2         y2  area2          x3         y3  area3
range  333.314432  1.297579  165.0  333.29281  14.649843  173.0  333.261374  30.376218  150.0
FAILURE!!!! Some beads might have been misidentified

iter 09 cost=2.308120 -> 0.898379 |dtheta|=9.622583e-02  lambda=1.000e-06

============================================================
Iteration 10
============================================================
Theta offsets (Unity frame):
  Source   : dSx=   0.000, dSy=   0.000, dSz=   0.000  (mm)
  Object   : dOx= -14.996, dOy= -12.011, dOz= -21.825  (mm)
  Object offset: offset_x=   0.001, offset_z=   0.001  (mm)
  Detector : dDx=   0.000, dDy=   0.000, dDz=   0.000  (mm)
  Obj Stage rotY :   15.005 deg
============================================================

Unity geometry (world coordinates):
  Source   : x= -10.000, y=  55.000, z=   0.000
  Object   : x=   0.004, y=  29.989, z= 560.175
  Detector : x=   8.000, y=  20.000, z= 760.000
  Obj rotY :   0.0000 deg
view   0 | SOD= 560.823 mm | SDD= 761.018 mm | M= 1.357 | incident=2.9645°
[[ 135.37134    -543.6653      -25.011158  ]
 [ -44.01324     195.0804        9.988842  ]
 [   0.1444989     0.03873278    0.        ]
 [   0.            0.            0.1496    ]]
               x1        y1  area1         x2         y2  area2          x3         y3  area3
range  333.314432  1.297579  165.0  333.29281  14.649843  173.0  333.261374  30.376218  150.0
FAILURE!!!! Some beads might have been misidentified
               x1        y1  area1          x2        y2  area2         x3         y3  area3
range  333.320921  1.271837  169.0  333.314625  14.66246  169.0  333.28344  30.403894  151.0
FAILURE!!!! Some beads might have been misidentified
               x1        y1  area1          x2         y2  area2          x3         y3  area3
range  333.299502  1.325517  169.0  333.236922  14.662112  171.0  333.287183  30.365816  146.0
FAILURE!!!! Some beads might have been misidentified
               x1        y1  area1          x2         y2  area2          x3         y3  area3
range  333.337307  1.278057  166.0  333.289004  14.614457  167.0  333.267388  30.318262  148.0
FAILURE!!!! Some beads might have been misidentified
               x1        y1  area1          x2         y2  area2          x3         y3  area3
range  333.316114  1.314796  178.0  333.215271  14.747387  168.0  333.232163  30.647203  148.0
FAILURE!!!! Some beads might have been misidentified
               x1        y1  area1         x2         y2  area2          x3         y3  area3
range  333.314432  1.294682  165.0  333.29281  14.649546  172.0  333.234067  30.398968  149.0
FAILURE!!!! Some beads might have been misidentified
               x1        y1  area1         x2         y2  area2          x3         y3  area3
range  333.326414  1.297579  165.0  333.29281  14.649843  172.0  333.261374  30.376218  150.0
FAILURE!!!! Some beads might have been misidentified
               x1        y1  area1         x2         y2  area2          x3         y3  area3
range  333.314432  1.302861  169.0  333.29281  14.677487  174.0  333.261374  30.347217  149.0
FAILURE!!!! Some beads might have been misidentified
               x1        y1  area1         x2        y2  area2          x3         y3  area3
range  333.326414  1.319653  168.0  333.29281  14.68468  170.0  333.251255  30.433613  147.0
FAILURE!!!! Some beads might have been misidentified
               x1        y1  area1          x2         y2  area2          x3         y3  area3
range  333.373545  1.289203  168.0  333.220083  14.635896  175.0  333.275281  30.428792  148.0
FAILURE!!!! Some beads might have been misidentified
               x1        y1  area1          x2         y2  area2          x3         y3  area3
range  333.265875  1.308151  171.0  333.323418  14.679377  167.0  333.221152  30.340918  150.0
FAILURE!!!! Some beads might have been misidentified
               x1        y1  area1          x2         y2  area2          x3         y3  area3
range  333.460211  1.297579  167.0  333.117013  14.665089  172.0  333.453217  30.376218  151.0
FAILURE!!!! Some beads might have been misidentified
               x1        y1  area1          x2         y2  area2          x3         y3  area3
range  333.160213  1.315213  169.0  333.434534  14.634301  168.0  333.117405  30.398968  153.0
FAILURE!!!! Some beads might have been misidentified
Residual vector length: 162, Jacobian shape: (162, 6)
view   0 | SOD= 560.794 mm | SDD= 761.018 mm | M= 1.357 | incident=2.9645°
[[ 135.35905    -543.6381      -25.009008  ]
 [ -44.01972     195.109         9.990992  ]
 [   0.1444992     0.03873165    0.        ]
 [   0.            0.            0.1496    ]]
               x1        y1  area1         x2         y2  area2          x3         y3  area3
range  333.356676  1.297754  167.0  333.29281  14.681513  175.0  333.275281  30.391053  149.0
FAILURE!!!! Some beads might have been misidentified

iter 10 cost=0.898379 -> 0.746882 |dtheta|=2.958190e-02  lambda=1.000e-06

============================================================
Iteration 11
============================================================
Theta offsets (Unity frame):
  Source   : dSx=   0.000, dSy=   0.000, dSz=   0.000  (mm)
  Object   : dOx= -14.996, dOy= -12.009, dOz= -21.854  (mm)
  Object offset: offset_x=   0.001, offset_z=   0.001  (mm)
  Detector : dDx=   0.000, dDy=   0.000, dDz=   0.000  (mm)
  Obj Stage rotY :   15.005 deg
============================================================

Unity geometry (world coordinates):
  Source   : x= -10.000, y=  55.000, z=   0.000
  Object   : x=   0.004, y=  29.991, z= 560.146
  Detector : x=   8.000, y=  20.000, z= 760.000
  Obj rotY :   0.0000 deg
view   0 | SOD= 560.794 mm | SDD= 761.018 mm | M= 1.357 | incident=2.9645°
[[ 135.35905    -543.6381      -25.009008  ]
 [ -44.01972     195.109         9.990992  ]
 [   0.1444992     0.03873165    0.        ]
 [   0.            0.            0.1496    ]]
               x1        y1  area1         x2         y2  area2          x3         y3  area3
range  333.356676  1.297754  167.0  333.29281  14.681513  175.0  333.275281  30.391053  149.0
FAILURE!!!! Some beads might have been misidentified
              x1        y1  area1          x2      y2  area2          x3         y3  area3
range  333.32799  1.270193  168.0  333.331664  14.659  170.0  333.322683  30.390944  153.0
FAILURE!!!! Some beads might have been misidentified
               x1       y1  area1          x2         y2  area2          x3         y3  area3
range  333.295908  1.30657  170.0  333.236922  14.675917  171.0  333.303458  30.411609  146.0
FAILURE!!!! Some beads might have been misidentified
               x1        y1  area1          x2         y2  area2          x3         y3  area3
range  333.317143  1.270311  164.0  333.289759  14.617119  167.0  333.282282  30.322671  148.0
FAILURE!!!! Some beads might have been misidentified
               x1        y1  area1          x2        y2  area2          x3         y3  area3
range  333.326868  1.333442  178.0  333.242165  14.75472  168.0  333.290003  30.663192  148.0
FAILURE!!!! Some beads might have been misidentified
               x1        y1  area1         x2         y2  area2          x3         y3  area3
range  333.356676  1.297754  167.0  333.29281  14.652997  172.0  333.261374  30.376218  149.0
FAILURE!!!! Some beads might have been misidentified
               x1        y1  area1          x2         y2  area2          x3         y3  area3
range  333.356676  1.281722  167.0  333.323418  14.665044  176.0  333.292447  30.419035  148.0
FAILURE!!!! Some beads might have been misidentified
               x1        y1  area1          x2         y2  area2          x3         y3  area3
range  333.356676  1.317104  167.0  333.309074  14.676635  173.0  333.275281  30.362669  152.0
FAILURE!!!! Some beads might have been misidentified
               x1        y1  area1         x2         y2  area2          x3         y3  area3
range  333.356676  1.268452  167.0  333.29281  14.666554  171.0  333.275281  30.433613  147.0
FAILURE!!!! Some beads might have been misidentified
               x1        y1  area1          x2      y2  area2          x3         y3  area3
range  333.368655  1.285892  167.0  333.276222  14.659  174.0  333.296017  30.415842  150.0
FAILURE!!!! Some beads might have been misidentified
               x1        y1  area1          x2         y2  area2          x3         y3  area3
range  333.293264  1.295257  171.0  333.330189  14.675917  168.0  333.251255  30.386711  149.0
FAILURE!!!! Some beads might have been misidentified
               x1        y1  area1          x2         y2  area2          x3         y3  area3
range  333.475783  1.281722  165.0  333.117013  14.696153  175.0  333.470136  30.376218  151.0
FAILURE!!!! Some beads might have been misidentified
               x1        y1  area1          x2         y2  area2         x3         y3  area3
range  333.148115  1.297754  168.0  333.451574  14.621888  170.0  333.13368  30.419035  151.0
FAILURE!!!! Some beads might have been misidentified
Residual vector length: 162, Jacobian shape: (162, 6)
view   0 | SOD= 560.766 mm | SDD= 761.018 mm | M= 1.357 | incident=2.9645°
[[ 135.3137     -543.6205      -25.006937  ]
 [ -44.011734    195.13954       9.993063  ]
 [   0.144502      0.03872121    0.        ]
 [   0.            0.            0.1496    ]]
               x1      y1  area1          x2         y2  area2          x3        y3  area3
range  333.374724  1.3006  165.0  333.299622  14.681502  171.0  333.290105  30.42019  147.0
FAILURE!!!! Some beads might have been misidentified

iter 11 cost=0.746882 -> 0.629795 |dtheta|=2.818935e-02  lambda=1.000e-06

============================================================
Iteration 12
============================================================
Theta offsets (Unity frame):
  Source   : dSx=   0.000, dSy=   0.000, dSz=   0.000  (mm)
  Object   : dOx= -14.998, dOy= -12.007, dOz= -21.882  (mm)
  Object offset: offset_x=   0.001, offset_z=   0.001  (mm)
  Detector : dDx=   0.000, dDy=   0.000, dDz=   0.000  (mm)
  Obj Stage rotY :   15.001 deg
============================================================

Unity geometry (world coordinates):
  Source   : x= -10.000, y=  55.000, z=   0.000
  Object   : x=   0.002, y=  29.993, z= 560.118
  Detector : x=   8.000, y=  20.000, z= 760.000
  Obj rotY :   0.0000 deg
view   0 | SOD= 560.766 mm | SDD= 761.018 mm | M= 1.357 | incident=2.9645°
[[ 135.3137     -543.6205      -25.006937  ]
 [ -44.011734    195.13954       9.993063  ]
 [   0.144502      0.03872121    0.        ]
 [   0.            0.            0.1496    ]]
               x1      y1  area1          x2         y2  area2          x3        y3  area3
range  333.374724  1.3006  165.0  333.299622  14.681502  171.0  333.290105  30.42019  147.0
FAILURE!!!! Some beads might have been misidentified
               x1        y1  area1          x2         y2  area2          x3         y3  area3
range  333.354258  1.285361  168.0  333.331664  14.635567  171.0  333.305542  30.405256  157.0
FAILURE!!!! Some beads might have been misidentified
               x1        y1  area1          x2         y2  area2          x3         y3  area3
range  333.311829  1.290588  170.0  333.252891  14.660658  170.0  333.320105  30.428554  147.0
FAILURE!!!! Some beads might have been misidentified
              x1        y1  area1          x2         y2  area2          x3         y3  area3
range  333.33058  1.286575  161.0  333.328207  14.622328  167.0  333.267388  30.322671  148.0
FAILURE!!!! Some beads might have been misidentified
               x1        y1  area1          x2         y2  area2          x3         y3  area3
range  333.310115  1.301031  174.0  333.265841  14.721284  168.0  333.294707  30.678841  148.0
FAILURE!!!! Some beads might have been misidentified
               x1      y1  area1          x2         y2  area2          x3         y3  area3
range  333.362768  1.3006  165.0  333.299622  14.668515  169.0  333.261374  30.422279  149.0
FAILURE!!!! Some beads might have been misidentified
               x1        y1  area1          x2         y2  area2          x3         y3  area3
range  333.374724  1.283063  164.0  333.315864  14.697031  172.0  333.284832  30.436839  147.0
FAILURE!!!! Some beads might have been misidentified
               x1        y1  area1          x2        y2  area2          x3         y3  area3
range  333.362768  1.305404  166.0  333.299622  14.69188  172.0  333.275281  30.376218  149.0
FAILURE!!!! Some beads might have been misidentified
               x1        y1  area1          x2         y2  area2          x3         y3  area3
range  333.374724  1.298607  165.0  333.299622  14.666554  172.0  333.290105  30.447722  148.0
FAILURE!!!! Some beads might have been misidentified
               x1        y1  area1         x2         y2  area2          x3         y3  area3
range  333.391023  1.289746  168.0  333.29281  14.652381  172.0  333.322821  30.447132  154.0
FAILURE!!!! Some beads might have been misidentified
               x1        y1  area1          x2         y2  area2          x3         y3  area3
range  333.336569  1.276105  171.0  333.330189  14.646841  171.0  333.228814  30.386679  147.0
FAILURE!!!! Some beads might have been misidentified
               x1       y1  area1          x2         y2  area2          x3         y3  area3
range  333.502082  1.30562  166.0  333.129606  14.697031  175.0  333.486782  30.408857  149.0
FAILURE!!!! Some beads might have been misidentified
               x1        y1  area1          x2         y2  area2          x3         y3  area3
range  333.164006  1.307135  164.0  333.454949  14.668515  169.0  333.138865  30.450262  150.0
FAILURE!!!! Some beads might have been misidentified
Residual vector length: 162, Jacobian shape: (162, 6)
view   0 | SOD= 560.745 mm | SDD= 761.018 mm | M= 1.357 | incident=2.9645°
[[ 135.32666    -543.59534     -25.005938  ]
 [ -44.022354    195.15901       9.994062  ]
 [   0.14450076    0.03872582    0.        ]
 [   0.            0.            0.1496    ]]
               x1        y1  area1          x2         y2  area2          x3         y3  area3
range  333.363756  1.306847  166.0  333.332452  14.668515  169.0  333.271866  30.425481  148.0
FAILURE!!!! Some beads might have been misidentified

iter 12 cost=0.629795 -> 0.598063 |dtheta|=2.069459e-02  lambda=1.000e-06

============================================================
Iteration 13
============================================================
Theta offsets (Unity frame):
  Source   : dSx=   0.000, dSy=   0.000, dSz=   0.000  (mm)
  Object   : dOx= -14.998, dOy= -12.006, dOz= -21.903  (mm)
  Object offset: offset_x=   0.001, offset_z=   0.000  (mm)
  Detector : dDx=   0.000, dDy=   0.000, dDz=   0.000  (mm)
  Obj Stage rotY :   15.003 deg
============================================================

Unity geometry (world coordinates):
  Source   : x= -10.000, y=  55.000, z=   0.000
  Object   : x=   0.002, y=  29.994, z= 560.097
  Detector : x=   8.000, y=  20.000, z= 760.000
  Obj rotY :   0.0000 deg
view   0 | SOD= 560.745 mm | SDD= 761.018 mm | M= 1.357 | incident=2.9645°
[[ 135.32666    -543.59534     -25.005938  ]
 [ -44.022354    195.15901       9.994062  ]
 [   0.14450076    0.03872582    0.        ]
 [   0.            0.            0.1496    ]]
               x1        y1  area1          x2         y2  area2          x3         y3  area3
range  333.363756  1.306847  166.0  333.332452  14.668515  169.0  333.271866  30.425481  148.0
FAILURE!!!! Some beads might have been misidentified
               x1        y1  area1          x2         y2  area2          x3         y3  area3
range  333.346621  1.285363  168.0  333.356517  14.635567  172.0  333.315241  30.447027  152.0
FAILURE!!!! Some beads might have been misidentified
               x1        y1  area1          x2        y2  area2          x3         y3  area3
range  333.305597  1.307019  166.0  333.263892  14.66068  172.0  333.310866  30.445886  146.0
FAILURE!!!! Some beads might have been misidentified
              x1        y1  area1         x2         y2  area2         x3         y3  area3
range  333.33058  1.282059  163.0  333.34484  14.622328  167.0  333.25912  30.340103  150.0
FAILURE!!!! Some beads might have been misidentified
               x1        y1  area1          x2         y2  area2          x3         y3  area3
range  333.331294  1.298471  174.0  333.318721  14.704651  169.0  333.260419  30.678841  148.0
FAILURE!!!! Some beads might have been misidentified
               x1        y1  area1          x2         y2  area2          x3         y3  area3
range  333.363756  1.306847  166.0  333.315864  14.668515  169.0  333.276197  30.408857  148.0
FAILURE!!!! Some beads might have been misidentified
               x1        y1  area1          x2         y2  area2          x3         y3  area3
range  333.380649  1.306847  166.0  333.346776  14.661364  170.0  333.275407  30.459432  149.0
FAILURE!!!! Some beads might have been misidentified
               x1        y1  area1          x2         y2  area2          x3         y3  area3
range  333.380649  1.301789  167.0  333.330189  14.692731  173.0  333.277139  30.400866  151.0
FAILURE!!!! Some beads might have been misidentified
               x1       y1  area1          x2         y2  area2          x3         y3  area3
range  333.380649  1.28476  165.0  333.332452  14.682085  172.0  333.284832  30.450262  147.0
FAILURE!!!! Some beads might have been misidentified
               x1        y1  area1          x2         y2  area2         x3         y3  area3
range  333.380649  1.279198  168.0  333.299622  14.636871  175.0  333.31084  30.490319  149.0
FAILURE!!!! Some beads might have been misidentified
               x1        y1  area1          x2         y2  area2          x3         y3  area3
range  333.351777  1.303735  165.0  333.363396  14.646841  171.0  333.225989  30.402594  147.0
FAILURE!!!! Some beads might have been misidentified
               x1        y1  area1          x2       y2  area2          x3         y3  area3
range  333.494444  1.306847  166.0  333.154458  14.6789  173.0  333.488895  30.400401  149.0
FAILURE!!!! Some beads might have been misidentified
               x1        y1  area1          x2         y2  area2          x3         y3  area3
range  333.157774  1.312214  166.0  333.454949  14.650979  169.0  333.134073  30.467888  152.0
FAILURE!!!! Some beads might have been misidentified
Residual vector length: 162, Jacobian shape: (162, 6)
view   0 | SOD= 560.740 mm | SDD= 761.018 mm | M= 1.357 | incident=2.9645°
[[ 135.32756    -543.59        -25.006477  ]
 [ -44.02491     195.16342       9.993523  ]
 [   0.14450058    0.0387265     0.        ]
 [   0.            0.            0.1496    ]]
               x1        y1  area1          x2         y2  area2          x3         y3  area3
range  333.380649  1.291168  166.0  333.330189  14.674313  173.0  333.275407  30.450083  149.0
FAILURE!!!! Some beads might have been misidentified

iter 13 cost=0.598063 -> 0.599842 |dtheta|=5.082241e-03  lambda=1.000e-06

============================================================
Iteration 14
============================================================
Theta offsets (Unity frame):
  Source   : dSx=   0.000, dSy=   0.000, dSz=   0.000  (mm)
  Object   : dOx= -14.998, dOy= -12.006, dOz= -21.903  (mm)
  Object offset: offset_x=   0.001, offset_z=   0.000  (mm)
  Detector : dDx=   0.000, dDy=   0.000, dDz=   0.000  (mm)
  Obj Stage rotY :   15.003 deg
============================================================

Unity geometry (world coordinates):
  Source   : x= -10.000, y=  55.000, z=   0.000
  Object   : x=   0.002, y=  29.994, z= 560.097
  Detector : x=   8.000, y=  20.000, z= 760.000
  Obj rotY :   0.0000 deg
view   0 | SOD= 560.745 mm | SDD= 761.018 mm | M= 1.357 | incident=2.9645°
[[ 135.32666    -543.59534     -25.005938  ]
 [ -44.022354    195.15901       9.994062  ]
 [   0.14450076    0.03872582    0.        ]
 [   0.            0.            0.1496    ]]
               x1        y1  area1          x2         y2  area2          x3         y3  area3
range  333.363756  1.306847  166.0  333.332452  14.668515  169.0  333.271866  30.425481  148.0
FAILURE!!!! Some beads might have been misidentified
               x1        y1  area1          x2         y2  area2          x3         y3  area3
range  333.346621  1.285363  168.0  333.356517  14.635567  172.0  333.315241  30.447027  152.0
FAILURE!!!! Some beads might have been misidentified
               x1        y1  area1          x2        y2  area2          x3         y3  area3
range  333.305597  1.307019  166.0  333.263892  14.66068  172.0  333.310866  30.445886  146.0
FAILURE!!!! Some beads might have been misidentified
              x1        y1  area1         x2         y2  area2         x3         y3  area3
range  333.33058  1.282059  163.0  333.34484  14.622328  167.0  333.25912  30.340103  150.0
FAILURE!!!! Some beads might have been misidentified
               x1        y1  area1          x2         y2  area2          x3         y3  area3
range  333.331294  1.298471  174.0  333.318721  14.704651  169.0  333.260419  30.678841  148.0
FAILURE!!!! Some beads might have been misidentified
               x1        y1  area1          x2         y2  area2          x3         y3  area3
range  333.363756  1.306847  166.0  333.315864  14.668515  169.0  333.276197  30.408857  148.0
FAILURE!!!! Some beads might have been misidentified
               x1        y1  area1          x2         y2  area2          x3         y3  area3
range  333.380649  1.306847  166.0  333.346776  14.661364  170.0  333.275407  30.459432  149.0
FAILURE!!!! Some beads might have been misidentified
               x1        y1  area1          x2         y2  area2          x3         y3  area3
range  333.380649  1.301789  167.0  333.330189  14.692731  173.0  333.277139  30.400866  151.0
FAILURE!!!! Some beads might have been misidentified
               x1       y1  area1          x2         y2  area2          x3         y3  area3
range  333.380649  1.28476  165.0  333.332452  14.682085  172.0  333.284832  30.450262  147.0
FAILURE!!!! Some beads might have been misidentified
               x1        y1  area1          x2         y2  area2         x3         y3  area3
range  333.380649  1.279198  168.0  333.299622  14.636871  175.0  333.31084  30.490319  149.0
FAILURE!!!! Some beads might have been misidentified
               x1        y1  area1          x2         y2  area2          x3         y3  area3
range  333.351777  1.303735  165.0  333.363396  14.646841  171.0  333.225989  30.402594  147.0
FAILURE!!!! Some beads might have been misidentified
               x1        y1  area1          x2       y2  area2          x3         y3  area3
range  333.494444  1.306847  166.0  333.154458  14.6789  173.0  333.488895  30.400401  149.0
FAILURE!!!! Some beads might have been misidentified
               x1        y1  area1          x2         y2  area2          x3         y3  area3
range  333.157774  1.312214  166.0  333.454949  14.650979  169.0  333.134073  30.467888  152.0
FAILURE!!!! Some beads might have been misidentified
Residual vector length: 162, Jacobian shape: (162, 6)
view   0 | SOD= 560.740 mm | SDD= 761.018 mm | M= 1.357 | incident=2.9645°
[[ 135.32756    -543.59        -25.006477  ]
 [ -44.02491     195.16342       9.993523  ]
 [   0.14450058    0.0387265     0.        ]
 [   0.            0.            0.1496    ]]
               x1        y1  area1          x2         y2  area2          x3         y3  area3
range  333.380649  1.291168  166.0  333.330189  14.674313  173.0  333.275407  30.450083  149.0
FAILURE!!!! Some beads might have been misidentified

iter 14 cost=0.598063 -> 0.599842 |dtheta|=5.082240e-03  lambda=5.000e-06

============================================================
Iteration 15
============================================================
Theta offsets (Unity frame):
  Source   : dSx=   0.000, dSy=   0.000, dSz=   0.000  (mm)
  Object   : dOx= -14.998, dOy= -12.006, dOz= -21.903  (mm)
  Object offset: offset_x=   0.001, offset_z=   0.000  (mm)
  Detector : dDx=   0.000, dDy=   0.000, dDz=   0.000  (mm)
  Obj Stage rotY :   15.003 deg
============================================================

Unity geometry (world coordinates):
  Source   : x= -10.000, y=  55.000, z=   0.000
  Object   : x=   0.002, y=  29.994, z= 560.097
  Detector : x=   8.000, y=  20.000, z= 760.000
  Obj rotY :   0.0000 deg
view   0 | SOD= 560.745 mm | SDD= 761.018 mm | M= 1.357 | incident=2.9645°
[[ 135.32666    -543.59534     -25.005938  ]
 [ -44.022354    195.15901       9.994062  ]
 [   0.14450076    0.03872582    0.        ]
 [   0.            0.            0.1496    ]]
               x1        y1  area1          x2         y2  area2          x3         y3  area3
range  333.363756  1.306847  166.0  333.332452  14.668515  169.0  333.271866  30.425481  148.0
FAILURE!!!! Some beads might have been misidentified
               x1        y1  area1          x2         y2  area2          x3         y3  area3
range  333.346621  1.285363  168.0  333.356517  14.635567  172.0  333.315241  30.447027  152.0
FAILURE!!!! Some beads might have been misidentified
               x1        y1  area1          x2        y2  area2          x3         y3  area3
range  333.305597  1.307019  166.0  333.263892  14.66068  172.0  333.310866  30.445886  146.0
FAILURE!!!! Some beads might have been misidentified
              x1        y1  area1         x2         y2  area2         x3         y3  area3
range  333.33058  1.282059  163.0  333.34484  14.622328  167.0  333.25912  30.340103  150.0
FAILURE!!!! Some beads might have been misidentified
               x1        y1  area1          x2         y2  area2          x3         y3  area3
range  333.331294  1.298471  174.0  333.318721  14.704651  169.0  333.260419  30.678841  148.0
FAILURE!!!! Some beads might have been misidentified
               x1        y1  area1          x2         y2  area2          x3         y3  area3
range  333.363756  1.306847  166.0  333.315864  14.668515  169.0  333.276197  30.408857  148.0
FAILURE!!!! Some beads might have been misidentified
               x1        y1  area1          x2         y2  area2          x3         y3  area3
range  333.380649  1.306847  166.0  333.346776  14.661364  170.0  333.275407  30.459432  149.0
FAILURE!!!! Some beads might have been misidentified
               x1        y1  area1          x2         y2  area2          x3         y3  area3
range  333.380649  1.301789  167.0  333.330189  14.692731  173.0  333.277139  30.400866  151.0
FAILURE!!!! Some beads might have been misidentified
               x1       y1  area1          x2         y2  area2          x3         y3  area3
range  333.380649  1.28476  165.0  333.332452  14.682085  172.0  333.284832  30.450262  147.0
FAILURE!!!! Some beads might have been misidentified
               x1        y1  area1          x2         y2  area2         x3         y3  area3
range  333.380649  1.279198  168.0  333.299622  14.636871  175.0  333.31084  30.490319  149.0
FAILURE!!!! Some beads might have been misidentified
               x1        y1  area1          x2         y2  area2          x3         y3  area3
range  333.351777  1.303735  165.0  333.363396  14.646841  171.0  333.225989  30.402594  147.0
FAILURE!!!! Some beads might have been misidentified
               x1        y1  area1          x2       y2  area2          x3         y3  area3
range  333.494444  1.306847  166.0  333.154458  14.6789  173.0  333.488895  30.400401  149.0
FAILURE!!!! Some beads might have been misidentified
               x1        y1  area1          x2         y2  area2          x3         y3  area3
range  333.157774  1.312214  166.0  333.454949  14.650979  169.0  333.134073  30.467888  152.0
FAILURE!!!! Some beads might have been misidentified
Residual vector length: 162, Jacobian shape: (162, 6)
view   0 | SOD= 560.740 mm | SDD= 761.018 mm | M= 1.357 | incident=2.9645°
[[ 135.32756    -543.59        -25.006477  ]
 [ -44.02491     195.16342       9.993523  ]
 [   0.14450058    0.0387265     0.        ]
 [   0.            0.            0.1496    ]]
               x1        y1  area1          x2         y2  area2          x3         y3  area3
range  333.380649  1.291168  166.0  333.330189  14.674313  173.0  333.275407  30.450083  149.0
FAILURE!!!! Some beads might have been misidentified

iter 15 cost=0.598063 -> 0.599842 |dtheta|=5.082240e-03  lambda=2.500e-05

============================================================
Iteration 16
============================================================
Theta offsets (Unity frame):
  Source   : dSx=   0.000, dSy=   0.000, dSz=   0.000  (mm)
  Object   : dOx= -14.998, dOy= -12.006, dOz= -21.903  (mm)
  Object offset: offset_x=   0.001, offset_z=   0.000  (mm)
  Detector : dDx=   0.000, dDy=   0.000, dDz=   0.000  (mm)
  Obj Stage rotY :   15.003 deg
============================================================

Unity geometry (world coordinates):
  Source   : x= -10.000, y=  55.000, z=   0.000
  Object   : x=   0.002, y=  29.994, z= 560.097
  Detector : x=   8.000, y=  20.000, z= 760.000
  Obj rotY :   0.0000 deg
view   0 | SOD= 560.745 mm | SDD= 761.018 mm | M= 1.357 | incident=2.9645°
[[ 135.32666    -543.59534     -25.005938  ]
 [ -44.022354    195.15901       9.994062  ]
 [   0.14450076    0.03872582    0.        ]
 [   0.            0.            0.1496    ]]
               x1        y1  area1          x2         y2  area2          x3         y3  area3
range  333.363756  1.306847  166.0  333.332452  14.668515  169.0  333.271866  30.425481  148.0
FAILURE!!!! Some beads might have been misidentified
               x1        y1  area1          x2         y2  area2          x3         y3  area3
range  333.346621  1.285363  168.0  333.356517  14.635567  172.0  333.315241  30.447027  152.0
FAILURE!!!! Some beads might have been misidentified
               x1        y1  area1          x2        y2  area2          x3         y3  area3
range  333.305597  1.307019  166.0  333.263892  14.66068  172.0  333.310866  30.445886  146.0
FAILURE!!!! Some beads might have been misidentified
              x1        y1  area1         x2         y2  area2         x3         y3  area3
range  333.33058  1.282059  163.0  333.34484  14.622328  167.0  333.25912  30.340103  150.0
FAILURE!!!! Some beads might have been misidentified
               x1        y1  area1          x2         y2  area2          x3         y3  area3
range  333.331294  1.298471  174.0  333.318721  14.704651  169.0  333.260419  30.678841  148.0
FAILURE!!!! Some beads might have been misidentified
               x1        y1  area1          x2         y2  area2          x3         y3  area3
range  333.363756  1.306847  166.0  333.315864  14.668515  169.0  333.276197  30.408857  148.0
FAILURE!!!! Some beads might have been misidentified
               x1        y1  area1          x2         y2  area2          x3         y3  area3
range  333.380649  1.306847  166.0  333.346776  14.661364  170.0  333.275407  30.459432  149.0
FAILURE!!!! Some beads might have been misidentified
               x1        y1  area1          x2         y2  area2          x3         y3  area3
range  333.380649  1.301789  167.0  333.330189  14.692731  173.0  333.277139  30.400866  151.0
FAILURE!!!! Some beads might have been misidentified
               x1       y1  area1          x2         y2  area2          x3         y3  area3
range  333.380649  1.28476  165.0  333.332452  14.682085  172.0  333.284832  30.450262  147.0
FAILURE!!!! Some beads might have been misidentified
               x1        y1  area1          x2         y2  area2         x3         y3  area3
range  333.380649  1.279198  168.0  333.299622  14.636871  175.0  333.31084  30.490319  149.0
FAILURE!!!! Some beads might have been misidentified
               x1        y1  area1          x2         y2  area2          x3         y3  area3
range  333.351777  1.303735  165.0  333.363396  14.646841  171.0  333.225989  30.402594  147.0
FAILURE!!!! Some beads might have been misidentified
               x1        y1  area1          x2       y2  area2          x3         y3  area3
range  333.494444  1.306847  166.0  333.154458  14.6789  173.0  333.488895  30.400401  149.0
FAILURE!!!! Some beads might have been misidentified
               x1        y1  area1          x2         y2  area2          x3         y3  area3
range  333.157774  1.312214  166.0  333.454949  14.650979  169.0  333.134073  30.467888  152.0
FAILURE!!!! Some beads might have been misidentified
Residual vector length: 162, Jacobian shape: (162, 6)
view   0 | SOD= 560.740 mm | SDD= 761.018 mm | M= 1.357 | incident=2.9645°
[[ 135.32756    -543.59        -25.006477  ]
 [ -44.02491     195.16342       9.993523  ]
 [   0.14450058    0.0387265     0.        ]
 [   0.            0.            0.1496    ]]
               x1        y1  area1          x2         y2  area2          x3         y3  area3
range  333.380649  1.291168  166.0  333.330189  14.674313  173.0  333.275407  30.450083  149.0
FAILURE!!!! Some beads might have been misidentified

iter 16 cost=0.598063 -> 0.599842 |dtheta|=5.082236e-03  lambda=1.250e-04

============================================================
Iteration 17
============================================================
Theta offsets (Unity frame):
  Source   : dSx=   0.000, dSy=   0.000, dSz=   0.000  (mm)
  Object   : dOx= -14.998, dOy= -12.006, dOz= -21.903  (mm)
  Object offset: offset_x=   0.001, offset_z=   0.000  (mm)
  Detector : dDx=   0.000, dDy=   0.000, dDz=   0.000  (mm)
  Obj Stage rotY :   15.003 deg
============================================================

Unity geometry (world coordinates):
  Source   : x= -10.000, y=  55.000, z=   0.000
  Object   : x=   0.002, y=  29.994, z= 560.097
  Detector : x=   8.000, y=  20.000, z= 760.000
  Obj rotY :   0.0000 deg
view   0 | SOD= 560.745 mm | SDD= 761.018 mm | M= 1.357 | incident=2.9645°
[[ 135.32666    -543.59534     -25.005938  ]
 [ -44.022354    195.15901       9.994062  ]
 [   0.14450076    0.03872582    0.        ]
 [   0.            0.            0.1496    ]]
               x1        y1  area1          x2         y2  area2          x3         y3  area3
range  333.363756  1.306847  166.0  333.332452  14.668515  169.0  333.271866  30.425481  148.0
FAILURE!!!! Some beads might have been misidentified
               x1        y1  area1          x2         y2  area2          x3         y3  area3
range  333.346621  1.285363  168.0  333.356517  14.635567  172.0  333.315241  30.447027  152.0
FAILURE!!!! Some beads might have been misidentified
               x1        y1  area1          x2        y2  area2          x3         y3  area3
range  333.305597  1.307019  166.0  333.263892  14.66068  172.0  333.310866  30.445886  146.0
FAILURE!!!! Some beads might have been misidentified
              x1        y1  area1         x2         y2  area2         x3         y3  area3
range  333.33058  1.282059  163.0  333.34484  14.622328  167.0  333.25912  30.340103  150.0
FAILURE!!!! Some beads might have been misidentified
               x1        y1  area1          x2         y2  area2          x3         y3  area3
range  333.331294  1.298471  174.0  333.318721  14.704651  169.0  333.260419  30.678841  148.0
FAILURE!!!! Some beads might have been misidentified
               x1        y1  area1          x2         y2  area2          x3         y3  area3
range  333.363756  1.306847  166.0  333.315864  14.668515  169.0  333.276197  30.408857  148.0
FAILURE!!!! Some beads might have been misidentified
               x1        y1  area1          x2         y2  area2          x3         y3  area3
range  333.380649  1.306847  166.0  333.346776  14.661364  170.0  333.275407  30.459432  149.0
FAILURE!!!! Some beads might have been misidentified
               x1        y1  area1          x2         y2  area2          x3         y3  area3
range  333.380649  1.301789  167.0  333.330189  14.692731  173.0  333.277139  30.400866  151.0
FAILURE!!!! Some beads might have been misidentified
               x1       y1  area1          x2         y2  area2          x3         y3  area3
range  333.380649  1.28476  165.0  333.332452  14.682085  172.0  333.284832  30.450262  147.0
FAILURE!!!! Some beads might have been misidentified
               x1        y1  area1          x2         y2  area2         x3         y3  area3
range  333.380649  1.279198  168.0  333.299622  14.636871  175.0  333.31084  30.490319  149.0
FAILURE!!!! Some beads might have been misidentified
               x1        y1  area1          x2         y2  area2          x3         y3  area3
range  333.351777  1.303735  165.0  333.363396  14.646841  171.0  333.225989  30.402594  147.0
FAILURE!!!! Some beads might have been misidentified
               x1        y1  area1          x2       y2  area2          x3         y3  area3
range  333.494444  1.306847  166.0  333.154458  14.6789  173.0  333.488895  30.400401  149.0
FAILURE!!!! Some beads might have been misidentified
               x1        y1  area1          x2         y2  area2          x3         y3  area3
range  333.157774  1.312214  166.0  333.454949  14.650979  169.0  333.134073  30.467888  152.0
FAILURE!!!! Some beads might have been misidentified
Residual vector length: 162, Jacobian shape: (162, 6)
view   0 | SOD= 560.740 mm | SDD= 761.018 mm | M= 1.357 | incident=2.9645°
[[ 135.32756    -543.59        -25.006477  ]
 [ -44.02491     195.16342       9.993523  ]
 [   0.14450058    0.0387265     0.        ]
 [   0.            0.            0.1496    ]]
               x1        y1  area1          x2         y2  area2          x3         y3  area3
range  333.380649  1.291168  166.0  333.330189  14.674313  173.0  333.275407  30.450083  149.0
FAILURE!!!! Some beads might have been misidentified

iter 17 cost=0.598063 -> 0.599842 |dtheta|=5.082217e-03  lambda=6.250e-04

============================================================
Iteration 18
============================================================
Theta offsets (Unity frame):
  Source   : dSx=   0.000, dSy=   0.000, dSz=   0.000  (mm)
  Object   : dOx= -14.998, dOy= -12.006, dOz= -21.903  (mm)
  Object offset: offset_x=   0.001, offset_z=   0.000  (mm)
  Detector : dDx=   0.000, dDy=   0.000, dDz=   0.000  (mm)
  Obj Stage rotY :   15.003 deg
============================================================

Unity geometry (world coordinates):
  Source   : x= -10.000, y=  55.000, z=   0.000
  Object   : x=   0.002, y=  29.994, z= 560.097
  Detector : x=   8.000, y=  20.000, z= 760.000
  Obj rotY :   0.0000 deg
view   0 | SOD= 560.745 mm | SDD= 761.018 mm | M= 1.357 | incident=2.9645°
[[ 135.32666    -543.59534     -25.005938  ]
 [ -44.022354    195.15901       9.994062  ]
 [   0.14450076    0.03872582    0.        ]
 [   0.            0.            0.1496    ]]
               x1        y1  area1          x2         y2  area2          x3         y3  area3
range  333.363756  1.306847  166.0  333.332452  14.668515  169.0  333.271866  30.425481  148.0
FAILURE!!!! Some beads might have been misidentified
               x1        y1  area1          x2         y2  area2          x3         y3  area3
range  333.346621  1.285363  168.0  333.356517  14.635567  172.0  333.315241  30.447027  152.0
FAILURE!!!! Some beads might have been misidentified
               x1        y1  area1          x2        y2  area2          x3         y3  area3
range  333.305597  1.307019  166.0  333.263892  14.66068  172.0  333.310866  30.445886  146.0
FAILURE!!!! Some beads might have been misidentified
              x1        y1  area1         x2         y2  area2         x3         y3  area3
range  333.33058  1.282059  163.0  333.34484  14.622328  167.0  333.25912  30.340103  150.0
FAILURE!!!! Some beads might have been misidentified
               x1        y1  area1          x2         y2  area2          x3         y3  area3
range  333.331294  1.298471  174.0  333.318721  14.704651  169.0  333.260419  30.678841  148.0
FAILURE!!!! Some beads might have been misidentified
               x1        y1  area1          x2         y2  area2          x3         y3  area3
range  333.363756  1.306847  166.0  333.315864  14.668515  169.0  333.276197  30.408857  148.0
FAILURE!!!! Some beads might have been misidentified
               x1        y1  area1          x2         y2  area2          x3         y3  area3
range  333.380649  1.306847  166.0  333.346776  14.661364  170.0  333.275407  30.459432  149.0
FAILURE!!!! Some beads might have been misidentified
               x1        y1  area1          x2         y2  area2          x3         y3  area3
range  333.380649  1.301789  167.0  333.330189  14.692731  173.0  333.277139  30.400866  151.0
FAILURE!!!! Some beads might have been misidentified
               x1       y1  area1          x2         y2  area2          x3         y3  area3
range  333.380649  1.28476  165.0  333.332452  14.682085  172.0  333.284832  30.450262  147.0
FAILURE!!!! Some beads might have been misidentified
               x1        y1  area1          x2         y2  area2         x3         y3  area3
range  333.380649  1.279198  168.0  333.299622  14.636871  175.0  333.31084  30.490319  149.0
FAILURE!!!! Some beads might have been misidentified
               x1        y1  area1          x2         y2  area2          x3         y3  area3
range  333.351777  1.303735  165.0  333.363396  14.646841  171.0  333.225989  30.402594  147.0
FAILURE!!!! Some beads might have been misidentified
               x1        y1  area1          x2       y2  area2          x3         y3  area3
range  333.494444  1.306847  166.0  333.154458  14.6789  173.0  333.488895  30.400401  149.0
FAILURE!!!! Some beads might have been misidentified
               x1        y1  area1          x2         y2  area2          x3         y3  area3
range  333.157774  1.312214  166.0  333.454949  14.650979  169.0  333.134073  30.467888  152.0
FAILURE!!!! Some beads might have been misidentified
Residual vector length: 162, Jacobian shape: (162, 6)
view   0 | SOD= 560.740 mm | SDD= 761.018 mm | M= 1.357 | incident=2.9645°
[[ 135.32756    -543.59        -25.006477  ]
 [ -44.02491     195.16342       9.993523  ]
 [   0.14450058    0.0387265     0.        ]
 [   0.            0.            0.1496    ]]
               x1        y1  area1          x2         y2  area2          x3         y3  area3
range  333.380649  1.291168  166.0  333.330189  14.674313  173.0  333.275407  30.450083  149.0
FAILURE!!!! Some beads might have been misidentified

iter 18 cost=0.598063 -> 0.599842 |dtheta|=5.082123e-03  lambda=3.125e-03

============================================================
Iteration 19
============================================================
Theta offsets (Unity frame):
  Source   : dSx=   0.000, dSy=   0.000, dSz=   0.000  (mm)
  Object   : dOx= -14.998, dOy= -12.006, dOz= -21.903  (mm)
  Object offset: offset_x=   0.001, offset_z=   0.000  (mm)
  Detector : dDx=   0.000, dDy=   0.000, dDz=   0.000  (mm)
  Obj Stage rotY :   15.003 deg
============================================================

Unity geometry (world coordinates):
  Source   : x= -10.000, y=  55.000, z=   0.000
  Object   : x=   0.002, y=  29.994, z= 560.097
  Detector : x=   8.000, y=  20.000, z= 760.000
  Obj rotY :   0.0000 deg
view   0 | SOD= 560.745 mm | SDD= 761.018 mm | M= 1.357 | incident=2.9645°
[[ 135.32666    -543.59534     -25.005938  ]
 [ -44.022354    195.15901       9.994062  ]
 [   0.14450076    0.03872582    0.        ]
 [   0.            0.            0.1496    ]]
               x1        y1  area1          x2         y2  area2          x3         y3  area3
range  333.363756  1.306847  166.0  333.332452  14.668515  169.0  333.271866  30.425481  148.0
FAILURE!!!! Some beads might have been misidentified
               x1        y1  area1          x2         y2  area2          x3         y3  area3
range  333.346621  1.285363  168.0  333.356517  14.635567  172.0  333.315241  30.447027  152.0
FAILURE!!!! Some beads might have been misidentified
               x1        y1  area1          x2        y2  area2          x3         y3  area3
range  333.305597  1.307019  166.0  333.263892  14.66068  172.0  333.310866  30.445886  146.0
FAILURE!!!! Some beads might have been misidentified
              x1        y1  area1         x2         y2  area2         x3         y3  area3
range  333.33058  1.282059  163.0  333.34484  14.622328  167.0  333.25912  30.340103  150.0
FAILURE!!!! Some beads might have been misidentified
               x1        y1  area1          x2         y2  area2          x3         y3  area3
range  333.331294  1.298471  174.0  333.318721  14.704651  169.0  333.260419  30.678841  148.0
FAILURE!!!! Some beads might have been misidentified
               x1        y1  area1          x2         y2  area2          x3         y3  area3
range  333.363756  1.306847  166.0  333.315864  14.668515  169.0  333.276197  30.408857  148.0
FAILURE!!!! Some beads might have been misidentified
               x1        y1  area1          x2         y2  area2          x3         y3  area3
range  333.380649  1.306847  166.0  333.346776  14.661364  170.0  333.275407  30.459432  149.0
FAILURE!!!! Some beads might have been misidentified
               x1        y1  area1          x2         y2  area2          x3         y3  area3
range  333.380649  1.301789  167.0  333.330189  14.692731  173.0  333.277139  30.400866  151.0
FAILURE!!!! Some beads might have been misidentified
               x1       y1  area1          x2         y2  area2          x3         y3  area3
range  333.380649  1.28476  165.0  333.332452  14.682085  172.0  333.284832  30.450262  147.0
FAILURE!!!! Some beads might have been misidentified
               x1        y1  area1          x2         y2  area2         x3         y3  area3
range  333.380649  1.279198  168.0  333.299622  14.636871  175.0  333.31084  30.490319  149.0
FAILURE!!!! Some beads might have been misidentified
               x1        y1  area1          x2         y2  area2          x3         y3  area3
range  333.351777  1.303735  165.0  333.363396  14.646841  171.0  333.225989  30.402594  147.0
FAILURE!!!! Some beads might have been misidentified
               x1        y1  area1          x2       y2  area2          x3         y3  area3
range  333.494444  1.306847  166.0  333.154458  14.6789  173.0  333.488895  30.400401  149.0
FAILURE!!!! Some beads might have been misidentified
               x1        y1  area1          x2         y2  area2          x3         y3  area3
range  333.157774  1.312214  166.0  333.454949  14.650979  169.0  333.134073  30.467888  152.0
FAILURE!!!! Some beads might have been misidentified
Residual vector length: 162, Jacobian shape: (162, 6)
view   0 | SOD= 560.740 mm | SDD= 761.018 mm | M= 1.357 | incident=2.9645°
[[ 135.32756    -543.59        -25.006477  ]
 [ -44.02491     195.16342       9.993523  ]
 [   0.14450058    0.0387265     0.        ]
 [   0.            0.            0.1496    ]]
               x1        y1  area1          x2         y2  area2          x3         y3  area3
range  333.380649  1.291168  166.0  333.330189  14.674313  173.0  333.275407  30.450083  149.0
FAILURE!!!! Some beads might have been misidentified

iter 19 cost=0.598063 -> 0.599842 |dtheta|=5.081653e-03  lambda=1.562e-02

============================================================
Iteration 20
============================================================
Theta offsets (Unity frame):
  Source   : dSx=   0.000, dSy=   0.000, dSz=   0.000  (mm)
  Object   : dOx= -14.998, dOy= -12.006, dOz= -21.903  (mm)
  Object offset: offset_x=   0.001, offset_z=   0.000  (mm)
  Detector : dDx=   0.000, dDy=   0.000, dDz=   0.000  (mm)
  Obj Stage rotY :   15.003 deg
============================================================

Unity geometry (world coordinates):
  Source   : x= -10.000, y=  55.000, z=   0.000
  Object   : x=   0.002, y=  29.994, z= 560.097
  Detector : x=   8.000, y=  20.000, z= 760.000
  Obj rotY :   0.0000 deg
view   0 | SOD= 560.745 mm | SDD= 761.018 mm | M= 1.357 | incident=2.9645°
[[ 135.32666    -543.59534     -25.005938  ]
 [ -44.022354    195.15901       9.994062  ]
 [   0.14450076    0.03872582    0.        ]
 [   0.            0.            0.1496    ]]
               x1        y1  area1          x2         y2  area2          x3         y3  area3
range  333.363756  1.306847  166.0  333.332452  14.668515  169.0  333.271866  30.425481  148.0
FAILURE!!!! Some beads might have been misidentified
               x1        y1  area1          x2         y2  area2          x3         y3  area3
range  333.346621  1.285363  168.0  333.356517  14.635567  172.0  333.315241  30.447027  152.0
FAILURE!!!! Some beads might have been misidentified
               x1        y1  area1          x2        y2  area2          x3         y3  area3
range  333.305597  1.307019  166.0  333.263892  14.66068  172.0  333.310866  30.445886  146.0
FAILURE!!!! Some beads might have been misidentified
              x1        y1  area1         x2         y2  area2         x3         y3  area3
range  333.33058  1.282059  163.0  333.34484  14.622328  167.0  333.25912  30.340103  150.0
FAILURE!!!! Some beads might have been misidentified
               x1        y1  area1          x2         y2  area2          x3         y3  area3
range  333.331294  1.298471  174.0  333.318721  14.704651  169.0  333.260419  30.678841  148.0
FAILURE!!!! Some beads might have been misidentified
               x1        y1  area1          x2         y2  area2          x3         y3  area3
range  333.363756  1.306847  166.0  333.315864  14.668515  169.0  333.276197  30.408857  148.0
FAILURE!!!! Some beads might have been misidentified
               x1        y1  area1          x2         y2  area2          x3         y3  area3
range  333.380649  1.306847  166.0  333.346776  14.661364  170.0  333.275407  30.459432  149.0
FAILURE!!!! Some beads might have been misidentified
               x1        y1  area1          x2         y2  area2          x3         y3  area3
range  333.380649  1.301789  167.0  333.330189  14.692731  173.0  333.277139  30.400866  151.0
FAILURE!!!! Some beads might have been misidentified
               x1       y1  area1          x2         y2  area2          x3         y3  area3
range  333.380649  1.28476  165.0  333.332452  14.682085  172.0  333.284832  30.450262  147.0
FAILURE!!!! Some beads might have been misidentified
               x1        y1  area1          x2         y2  area2         x3         y3  area3
range  333.380649  1.279198  168.0  333.299622  14.636871  175.0  333.31084  30.490319  149.0
FAILURE!!!! Some beads might have been misidentified
               x1        y1  area1          x2         y2  area2          x3         y3  area3
range  333.351777  1.303735  165.0  333.363396  14.646841  171.0  333.225989  30.402594  147.0
FAILURE!!!! Some beads might have been misidentified
               x1        y1  area1          x2       y2  area2          x3         y3  area3
range  333.494444  1.306847  166.0  333.154458  14.6789  173.0  333.488895  30.400401  149.0
FAILURE!!!! Some beads might have been misidentified
               x1        y1  area1          x2         y2  area2          x3         y3  area3
range  333.157774  1.312214  166.0  333.454949  14.650979  169.0  333.134073  30.467888  152.0
FAILURE!!!! Some beads might have been misidentified
Residual vector length: 162, Jacobian shape: (162, 6)
view   0 | SOD= 560.740 mm | SDD= 761.018 mm | M= 1.357 | incident=2.9645°
[[ 135.32756    -543.59        -25.006477  ]
 [ -44.02491     195.16342       9.993523  ]
 [   0.14450058    0.0387265     0.        ]
 [   0.            0.            0.1496    ]]
               x1        y1  area1          x2         y2  area2          x3         y3  area3
range  333.380649  1.291168  166.0  333.330189  14.674313  173.0  333.275407  30.450083  149.0
FAILURE!!!! Some beads might have been misidentified

iter 20 cost=0.598063 -> 0.599842 |dtheta|=5.079304e-03  lambda=7.812e-02

============================================================
Iteration 21
============================================================
Theta offsets (Unity frame):
  Source   : dSx=   0.000, dSy=   0.000, dSz=   0.000  (mm)
  Object   : dOx= -14.998, dOy= -12.006, dOz= -21.903  (mm)
  Object offset: offset_x=   0.001, offset_z=   0.000  (mm)
  Detector : dDx=   0.000, dDy=   0.000, dDz=   0.000  (mm)
  Obj Stage rotY :   15.003 deg
============================================================

Unity geometry (world coordinates):
  Source   : x= -10.000, y=  55.000, z=   0.000
  Object   : x=   0.002, y=  29.994, z= 560.097
  Detector : x=   8.000, y=  20.000, z= 760.000
  Obj rotY :   0.0000 deg
view   0 | SOD= 560.745 mm | SDD= 761.018 mm | M= 1.357 | incident=2.9645°
[[ 135.32666    -543.59534     -25.005938  ]
 [ -44.022354    195.15901       9.994062  ]
 [   0.14450076    0.03872582    0.        ]
 [   0.            0.            0.1496    ]]
               x1        y1  area1          x2         y2  area2          x3         y3  area3
range  333.363756  1.306847  166.0  333.332452  14.668515  169.0  333.271866  30.425481  148.0
FAILURE!!!! Some beads might have been misidentified
               x1        y1  area1          x2         y2  area2          x3         y3  area3
range  333.346621  1.285363  168.0  333.356517  14.635567  172.0  333.315241  30.447027  152.0
FAILURE!!!! Some beads might have been misidentified
               x1        y1  area1          x2        y2  area2          x3         y3  area3
range  333.305597  1.307019  166.0  333.263892  14.66068  172.0  333.310866  30.445886  146.0
FAILURE!!!! Some beads might have been misidentified
              x1        y1  area1         x2         y2  area2         x3         y3  area3
range  333.33058  1.282059  163.0  333.34484  14.622328  167.0  333.25912  30.340103  150.0
FAILURE!!!! Some beads might have been misidentified
               x1        y1  area1          x2         y2  area2          x3         y3  area3
range  333.331294  1.298471  174.0  333.318721  14.704651  169.0  333.260419  30.678841  148.0
FAILURE!!!! Some beads might have been misidentified
               x1        y1  area1          x2         y2  area2          x3         y3  area3
range  333.363756  1.306847  166.0  333.315864  14.668515  169.0  333.276197  30.408857  148.0
FAILURE!!!! Some beads might have been misidentified
               x1        y1  area1          x2         y2  area2          x3         y3  area3
range  333.380649  1.306847  166.0  333.346776  14.661364  170.0  333.275407  30.459432  149.0
FAILURE!!!! Some beads might have been misidentified
               x1        y1  area1          x2         y2  area2          x3         y3  area3
range  333.380649  1.301789  167.0  333.330189  14.692731  173.0  333.277139  30.400866  151.0
FAILURE!!!! Some beads might have been misidentified
               x1       y1  area1          x2         y2  area2          x3         y3  area3
range  333.380649  1.28476  165.0  333.332452  14.682085  172.0  333.284832  30.450262  147.0
FAILURE!!!! Some beads might have been misidentified
               x1        y1  area1          x2         y2  area2         x3         y3  area3
range  333.380649  1.279198  168.0  333.299622  14.636871  175.0  333.31084  30.490319  149.0
FAILURE!!!! Some beads might have been misidentified
               x1        y1  area1          x2         y2  area2          x3         y3  area3
range  333.351777  1.303735  165.0  333.363396  14.646841  171.0  333.225989  30.402594  147.0
FAILURE!!!! Some beads might have been misidentified
               x1        y1  area1          x2       y2  area2          x3         y3  area3
range  333.494444  1.306847  166.0  333.154458  14.6789  173.0  333.488895  30.400401  149.0
FAILURE!!!! Some beads might have been misidentified
               x1        y1  area1          x2         y2  area2          x3         y3  area3
range  333.157774  1.312214  166.0  333.454949  14.650979  169.0  333.134073  30.467888  152.0
FAILURE!!!! Some beads might have been misidentified
Residual vector length: 162, Jacobian shape: (162, 6)
view   0 | SOD= 560.740 mm | SDD= 761.018 mm | M= 1.357 | incident=2.9645°
[[ 135.32756    -543.59        -25.006477  ]
 [ -44.02491     195.16342       9.993523  ]
 [   0.14450058    0.0387265     0.        ]
 [   0.            0.            0.1496    ]]
               x1        y1  area1          x2         y2  area2          x3         y3  area3
range  333.380649  1.291168  166.0  333.330189  14.674313  173.0  333.275407  30.450083  149.0
FAILURE!!!! Some beads might have been misidentified

iter 21 cost=0.598063 -> 0.599842 |dtheta|=5.067594e-03  lambda=3.906e-01

============================================================
Iteration 22
============================================================
Theta offsets (Unity frame):
  Source   : dSx=   0.000, dSy=   0.000, dSz=   0.000  (mm)
  Object   : dOx= -14.998, dOy= -12.006, dOz= -21.903  (mm)
  Object offset: offset_x=   0.001, offset_z=   0.000  (mm)
  Detector : dDx=   0.000, dDy=   0.000, dDz=   0.000  (mm)
  Obj Stage rotY :   15.003 deg
============================================================

Unity geometry (world coordinates):
  Source   : x= -10.000, y=  55.000, z=   0.000
  Object   : x=   0.002, y=  29.994, z= 560.097
  Detector : x=   8.000, y=  20.000, z= 760.000
  Obj rotY :   0.0000 deg
view   0 | SOD= 560.745 mm | SDD= 761.018 mm | M= 1.357 | incident=2.9645°
[[ 135.32666    -543.59534     -25.005938  ]
 [ -44.022354    195.15901       9.994062  ]
 [   0.14450076    0.03872582    0.        ]
 [   0.            0.            0.1496    ]]
               x1        y1  area1          x2         y2  area2          x3         y3  area3
range  333.363756  1.306847  166.0  333.332452  14.668515  169.0  333.271866  30.425481  148.0
FAILURE!!!! Some beads might have been misidentified
               x1        y1  area1          x2         y2  area2          x3         y3  area3
range  333.346621  1.285363  168.0  333.356517  14.635567  172.0  333.315241  30.447027  152.0
FAILURE!!!! Some beads might have been misidentified
               x1        y1  area1          x2        y2  area2          x3         y3  area3
range  333.305597  1.307019  166.0  333.263892  14.66068  172.0  333.310866  30.445886  146.0
FAILURE!!!! Some beads might have been misidentified
              x1        y1  area1         x2         y2  area2         x3         y3  area3
range  333.33058  1.282059  163.0  333.34484  14.622328  167.0  333.25912  30.340103  150.0
FAILURE!!!! Some beads might have been misidentified
               x1        y1  area1          x2         y2  area2          x3         y3  area3
range  333.331294  1.298471  174.0  333.318721  14.704651  169.0  333.260419  30.678841  148.0
FAILURE!!!! Some beads might have been misidentified
               x1        y1  area1          x2         y2  area2          x3         y3  area3
range  333.363756  1.306847  166.0  333.315864  14.668515  169.0  333.276197  30.408857  148.0
FAILURE!!!! Some beads might have been misidentified
               x1        y1  area1          x2         y2  area2          x3         y3  area3
range  333.380649  1.306847  166.0  333.346776  14.661364  170.0  333.275407  30.459432  149.0
FAILURE!!!! Some beads might have been misidentified
               x1        y1  area1          x2         y2  area2          x3         y3  area3
range  333.380649  1.301789  167.0  333.330189  14.692731  173.0  333.277139  30.400866  151.0
FAILURE!!!! Some beads might have been misidentified
               x1       y1  area1          x2         y2  area2          x3         y3  area3
range  333.380649  1.28476  165.0  333.332452  14.682085  172.0  333.284832  30.450262  147.0
FAILURE!!!! Some beads might have been misidentified
               x1        y1  area1          x2         y2  area2         x3         y3  area3
range  333.380649  1.279198  168.0  333.299622  14.636871  175.0  333.31084  30.490319  149.0
FAILURE!!!! Some beads might have been misidentified
               x1        y1  area1          x2         y2  area2          x3         y3  area3
range  333.351777  1.303735  165.0  333.363396  14.646841  171.0  333.225989  30.402594  147.0
FAILURE!!!! Some beads might have been misidentified
               x1        y1  area1          x2       y2  area2          x3         y3  area3
range  333.494444  1.306847  166.0  333.154458  14.6789  173.0  333.488895  30.400401  149.0
FAILURE!!!! Some beads might have been misidentified
               x1        y1  area1          x2         y2  area2          x3         y3  area3
range  333.157774  1.312214  166.0  333.454949  14.650979  169.0  333.134073  30.467888  152.0
FAILURE!!!! Some beads might have been misidentified
Residual vector length: 162, Jacobian shape: (162, 6)
view   0 | SOD= 560.740 mm | SDD= 761.018 mm | M= 1.357 | incident=2.9645°
[[ 135.32758    -543.5901      -25.00648   ]
 [ -44.024895    195.16336       9.993521  ]
 [   0.14450058    0.0387265     0.        ]
 [   0.            0.            0.1496    ]]
               x1        y1  area1          x2         y2  area2          x3         y3  area3
range  333.380649  1.291168  166.0  333.330189  14.674313  173.0  333.275407  30.450083  149.0
FAILURE!!!! Some beads might have been misidentified

iter 22 cost=0.598063 -> 0.599842 |dtheta|=5.009883e-03  lambda=1.953e+00

============================================================
Iteration 23
============================================================
Theta offsets (Unity frame):
  Source   : dSx=   0.000, dSy=   0.000, dSz=   0.000  (mm)
  Object   : dOx= -14.998, dOy= -12.006, dOz= -21.903  (mm)
  Object offset: offset_x=   0.001, offset_z=   0.000  (mm)
  Detector : dDx=   0.000, dDy=   0.000, dDz=   0.000  (mm)
  Obj Stage rotY :   15.003 deg
============================================================

Unity geometry (world coordinates):
  Source   : x= -10.000, y=  55.000, z=   0.000
  Object   : x=   0.002, y=  29.994, z= 560.097
  Detector : x=   8.000, y=  20.000, z= 760.000
  Obj rotY :   0.0000 deg
view   0 | SOD= 560.745 mm | SDD= 761.018 mm | M= 1.357 | incident=2.9645°
[[ 135.32666    -543.59534     -25.005938  ]
 [ -44.022354    195.15901       9.994062  ]
 [   0.14450076    0.03872582    0.        ]
 [   0.            0.            0.1496    ]]
               x1        y1  area1          x2         y2  area2          x3         y3  area3
range  333.363756  1.306847  166.0  333.332452  14.668515  169.0  333.271866  30.425481  148.0
FAILURE!!!! Some beads might have been misidentified
               x1        y1  area1          x2         y2  area2          x3         y3  area3
range  333.346621  1.285363  168.0  333.356517  14.635567  172.0  333.315241  30.447027  152.0
FAILURE!!!! Some beads might have been misidentified
               x1        y1  area1          x2        y2  area2          x3         y3  area3
range  333.305597  1.307019  166.0  333.263892  14.66068  172.0  333.310866  30.445886  146.0
FAILURE!!!! Some beads might have been misidentified
              x1        y1  area1         x2         y2  area2         x3         y3  area3
range  333.33058  1.282059  163.0  333.34484  14.622328  167.0  333.25912  30.340103  150.0
FAILURE!!!! Some beads might have been misidentified
               x1        y1  area1          x2         y2  area2          x3         y3  area3
range  333.331294  1.298471  174.0  333.318721  14.704651  169.0  333.260419  30.678841  148.0
FAILURE!!!! Some beads might have been misidentified
               x1        y1  area1          x2         y2  area2          x3         y3  area3
range  333.363756  1.306847  166.0  333.315864  14.668515  169.0  333.276197  30.408857  148.0
FAILURE!!!! Some beads might have been misidentified
               x1        y1  area1          x2         y2  area2          x3         y3  area3
range  333.380649  1.306847  166.0  333.346776  14.661364  170.0  333.275407  30.459432  149.0
FAILURE!!!! Some beads might have been misidentified
               x1        y1  area1          x2         y2  area2          x3         y3  area3
range  333.380649  1.301789  167.0  333.330189  14.692731  173.0  333.277139  30.400866  151.0
FAILURE!!!! Some beads might have been misidentified
               x1       y1  area1          x2         y2  area2          x3         y3  area3
range  333.380649  1.28476  165.0  333.332452  14.682085  172.0  333.284832  30.450262  147.0
FAILURE!!!! Some beads might have been misidentified
               x1        y1  area1          x2         y2  area2         x3         y3  area3
range  333.380649  1.279198  168.0  333.299622  14.636871  175.0  333.31084  30.490319  149.0
FAILURE!!!! Some beads might have been misidentified
               x1        y1  area1          x2         y2  area2          x3         y3  area3
range  333.351777  1.303735  165.0  333.363396  14.646841  171.0  333.225989  30.402594  147.0
FAILURE!!!! Some beads might have been misidentified
               x1        y1  area1          x2       y2  area2          x3         y3  area3
range  333.494444  1.306847  166.0  333.154458  14.6789  173.0  333.488895  30.400401  149.0
FAILURE!!!! Some beads might have been misidentified
               x1        y1  area1          x2         y2  area2          x3         y3  area3
range  333.157774  1.312214  166.0  333.454949  14.650979  169.0  333.134073  30.467888  152.0
FAILURE!!!! Some beads might have been misidentified
Residual vector length: 162, Jacobian shape: (162, 6)
view   0 | SOD= 560.740 mm | SDD= 761.018 mm | M= 1.357 | incident=2.9645°
[[ 135.32762    -543.5904      -25.006485  ]
 [ -44.024815    195.16306       9.993515  ]
 [   0.14450058    0.03872649    0.        ]
 [   0.            0.            0.1496    ]]
               x1        y1  area1          x2         y2  area2          x3         y3  area3
range  333.380649  1.291168  166.0  333.330189  14.674313  173.0  333.275407  30.450083  149.0
FAILURE!!!! Some beads might have been misidentified

iter 23 cost=0.598063 -> 0.599842 |dtheta|=4.740836e-03  lambda=9.766e+00

============================================================
Iteration 24
============================================================
Theta offsets (Unity frame):
  Source   : dSx=   0.000, dSy=   0.000, dSz=   0.000  (mm)
  Object   : dOx= -14.998, dOy= -12.006, dOz= -21.903  (mm)
  Object offset: offset_x=   0.001, offset_z=   0.000  (mm)
  Detector : dDx=   0.000, dDy=   0.000, dDz=   0.000  (mm)
  Obj Stage rotY :   15.003 deg
============================================================

Unity geometry (world coordinates):
  Source   : x= -10.000, y=  55.000, z=   0.000
  Object   : x=   0.002, y=  29.994, z= 560.097
  Detector : x=   8.000, y=  20.000, z= 760.000
  Obj rotY :   0.0000 deg
view   0 | SOD= 560.745 mm | SDD= 761.018 mm | M= 1.357 | incident=2.9645°
[[ 135.32666    -543.59534     -25.005938  ]
 [ -44.022354    195.15901       9.994062  ]
 [   0.14450076    0.03872582    0.        ]
 [   0.            0.            0.1496    ]]
               x1        y1  area1          x2         y2  area2          x3         y3  area3
range  333.363756  1.306847  166.0  333.332452  14.668515  169.0  333.271866  30.425481  148.0
FAILURE!!!! Some beads might have been misidentified
               x1        y1  area1          x2         y2  area2          x3         y3  area3
range  333.346621  1.285363  168.0  333.356517  14.635567  172.0  333.315241  30.447027  152.0
FAILURE!!!! Some beads might have been misidentified
               x1        y1  area1          x2        y2  area2          x3         y3  area3
range  333.305597  1.307019  166.0  333.263892  14.66068  172.0  333.310866  30.445886  146.0
FAILURE!!!! Some beads might have been misidentified
              x1        y1  area1         x2         y2  area2         x3         y3  area3
range  333.33058  1.282059  163.0  333.34484  14.622328  167.0  333.25912  30.340103  150.0
FAILURE!!!! Some beads might have been misidentified
               x1        y1  area1          x2         y2  area2          x3         y3  area3
range  333.331294  1.298471  174.0  333.318721  14.704651  169.0  333.260419  30.678841  148.0
FAILURE!!!! Some beads might have been misidentified
               x1        y1  area1          x2         y2  area2          x3         y3  area3
range  333.363756  1.306847  166.0  333.315864  14.668515  169.0  333.276197  30.408857  148.0
FAILURE!!!! Some beads might have been misidentified
               x1        y1  area1          x2         y2  area2          x3         y3  area3
range  333.380649  1.306847  166.0  333.346776  14.661364  170.0  333.275407  30.459432  149.0
FAILURE!!!! Some beads might have been misidentified
               x1        y1  area1          x2         y2  area2          x3         y3  area3
range  333.380649  1.301789  167.0  333.330189  14.692731  173.0  333.277139  30.400866  151.0
FAILURE!!!! Some beads might have been misidentified
               x1       y1  area1          x2         y2  area2          x3         y3  area3
range  333.380649  1.28476  165.0  333.332452  14.682085  172.0  333.284832  30.450262  147.0
FAILURE!!!! Some beads might have been misidentified
               x1        y1  area1          x2         y2  area2         x3         y3  area3
range  333.380649  1.279198  168.0  333.299622  14.636871  175.0  333.31084  30.490319  149.0
FAILURE!!!! Some beads might have been misidentified
               x1        y1  area1          x2         y2  area2          x3         y3  area3
range  333.351777  1.303735  165.0  333.363396  14.646841  171.0  333.225989  30.402594  147.0
FAILURE!!!! Some beads might have been misidentified
               x1        y1  area1          x2       y2  area2          x3         y3  area3
range  333.494444  1.306847  166.0  333.154458  14.6789  173.0  333.488895  30.400401  149.0
FAILURE!!!! Some beads might have been misidentified
               x1        y1  area1          x2         y2  area2          x3         y3  area3
range  333.157774  1.312214  166.0  333.454949  14.650979  169.0  333.134073  30.467888  152.0
FAILURE!!!! Some beads might have been misidentified
Residual vector length: 162, Jacobian shape: (162, 6)
view   0 | SOD= 560.741 mm | SDD= 761.018 mm | M= 1.357 | incident=2.9645°
[[ 135.32774    -543.5914      -25.006512  ]
 [ -44.024548    195.16212       9.993488  ]
 [   0.1445006     0.03872646    0.        ]
 [   0.            0.            0.1496    ]]
               x1        y1  area1          x2         y2  area2          x3         y3  area3
range  333.380649  1.291168  166.0  333.330189  14.674313  173.0  333.275407  30.450083  149.0
FAILURE!!!! Some beads might have been misidentified

iter 24 cost=0.598063 -> 0.606730 |dtheta|=3.751664e-03  lambda=4.883e+01

============================================================
Iteration 25
============================================================
Theta offsets (Unity frame):
  Source   : dSx=   0.000, dSy=   0.000, dSz=   0.000  (mm)
  Object   : dOx= -14.998, dOy= -12.006, dOz= -21.903  (mm)
  Object offset: offset_x=   0.001, offset_z=   0.000  (mm)
  Detector : dDx=   0.000, dDy=   0.000, dDz=   0.000  (mm)
  Obj Stage rotY :   15.003 deg
============================================================

Unity geometry (world coordinates):
  Source   : x= -10.000, y=  55.000, z=   0.000
  Object   : x=   0.002, y=  29.994, z= 560.097
  Detector : x=   8.000, y=  20.000, z= 760.000
  Obj rotY :   0.0000 deg
view   0 | SOD= 560.745 mm | SDD= 761.018 mm | M= 1.357 | incident=2.9645°
[[ 135.32666    -543.59534     -25.005938  ]
 [ -44.022354    195.15901       9.994062  ]
 [   0.14450076    0.03872582    0.        ]
 [   0.            0.            0.1496    ]]
               x1        y1  area1          x2         y2  area2          x3         y3  area3
range  333.363756  1.306847  166.0  333.332452  14.668515  169.0  333.271866  30.425481  148.0
FAILURE!!!! Some beads might have been misidentified
               x1        y1  area1          x2         y2  area2          x3         y3  area3
range  333.346621  1.285363  168.0  333.356517  14.635567  172.0  333.315241  30.447027  152.0
FAILURE!!!! Some beads might have been misidentified
               x1        y1  area1          x2        y2  area2          x3         y3  area3
range  333.305597  1.307019  166.0  333.263892  14.66068  172.0  333.310866  30.445886  146.0
FAILURE!!!! Some beads might have been misidentified
              x1        y1  area1         x2         y2  area2         x3         y3  area3
range  333.33058  1.282059  163.0  333.34484  14.622328  167.0  333.25912  30.340103  150.0
FAILURE!!!! Some beads might have been misidentified
               x1        y1  area1          x2         y2  area2          x3         y3  area3
range  333.331294  1.298471  174.0  333.318721  14.704651  169.0  333.260419  30.678841  148.0
FAILURE!!!! Some beads might have been misidentified
               x1        y1  area1          x2         y2  area2          x3         y3  area3
range  333.363756  1.306847  166.0  333.315864  14.668515  169.0  333.276197  30.408857  148.0
FAILURE!!!! Some beads might have been misidentified
               x1        y1  area1          x2         y2  area2          x3         y3  area3
range  333.380649  1.306847  166.0  333.346776  14.661364  170.0  333.275407  30.459432  149.0
FAILURE!!!! Some beads might have been misidentified
               x1        y1  area1          x2         y2  area2          x3         y3  area3
range  333.380649  1.301789  167.0  333.330189  14.692731  173.0  333.277139  30.400866  151.0
FAILURE!!!! Some beads might have been misidentified
               x1       y1  area1          x2         y2  area2          x3         y3  area3
range  333.380649  1.28476  165.0  333.332452  14.682085  172.0  333.284832  30.450262  147.0
FAILURE!!!! Some beads might have been misidentified
               x1        y1  area1          x2         y2  area2         x3         y3  area3
range  333.380649  1.279198  168.0  333.299622  14.636871  175.0  333.31084  30.490319  149.0
FAILURE!!!! Some beads might have been misidentified
               x1        y1  area1          x2         y2  area2          x3         y3  area3
range  333.351777  1.303735  165.0  333.363396  14.646841  171.0  333.225989  30.402594  147.0
FAILURE!!!! Some beads might have been misidentified
               x1        y1  area1          x2       y2  area2          x3         y3  area3
range  333.494444  1.306847  166.0  333.154458  14.6789  173.0  333.488895  30.400401  149.0
FAILURE!!!! Some beads might have been misidentified
               x1        y1  area1          x2         y2  area2          x3         y3  area3
range  333.157774  1.312214  166.0  333.454949  14.650979  169.0  333.134073  30.467888  152.0
FAILURE!!!! Some beads might have been misidentified
Residual vector length: 162, Jacobian shape: (162, 6)
view   0 | SOD= 560.743 mm | SDD= 761.018 mm | M= 1.357 | incident=2.9645°
[[ 135.3277     -543.59344     -25.00655   ]
 [ -44.023895    195.16026       9.99345   ]
 [   0.14450063    0.03872633    0.        ]
 [   0.            0.            0.1496    ]]
               x1        y1  area1          x2         y2  area2          x3         y3  area3
range  333.380649  1.291168  166.0  333.330189  14.659672  172.0  333.275407  30.450083  149.0
FAILURE!!!! Some beads might have been misidentified

iter 25 cost=0.598063 -> 0.608642 |dtheta|=1.948673e-03  lambda=2.441e+02

============================================================
Iteration 26
============================================================
Theta offsets (Unity frame):
  Source   : dSx=   0.000, dSy=   0.000, dSz=   0.000  (mm)
  Object   : dOx= -14.998, dOy= -12.006, dOz= -21.903  (mm)
  Object offset: offset_x=   0.001, offset_z=   0.000  (mm)
  Detector : dDx=   0.000, dDy=   0.000, dDz=   0.000  (mm)
  Obj Stage rotY :   15.003 deg
============================================================

Unity geometry (world coordinates):
  Source   : x= -10.000, y=  55.000, z=   0.000
  Object   : x=   0.002, y=  29.994, z= 560.097
  Detector : x=   8.000, y=  20.000, z= 760.000
  Obj rotY :   0.0000 deg
view   0 | SOD= 560.745 mm | SDD= 761.018 mm | M= 1.357 | incident=2.9645°
[[ 135.32666    -543.59534     -25.005938  ]
 [ -44.022354    195.15901       9.994062  ]
 [   0.14450076    0.03872582    0.        ]
 [   0.            0.            0.1496    ]]
               x1        y1  area1          x2         y2  area2          x3         y3  area3
range  333.363756  1.306847  166.0  333.332452  14.668515  169.0  333.271866  30.425481  148.0
FAILURE!!!! Some beads might have been misidentified
               x1        y1  area1          x2         y2  area2          x3         y3  area3
range  333.346621  1.285363  168.0  333.356517  14.635567  172.0  333.315241  30.447027  152.0
FAILURE!!!! Some beads might have been misidentified
               x1        y1  area1          x2        y2  area2          x3         y3  area3
range  333.305597  1.307019  166.0  333.263892  14.66068  172.0  333.310866  30.445886  146.0
FAILURE!!!! Some beads might have been misidentified
              x1        y1  area1         x2         y2  area2         x3         y3  area3
range  333.33058  1.282059  163.0  333.34484  14.622328  167.0  333.25912  30.340103  150.0
FAILURE!!!! Some beads might have been misidentified
               x1        y1  area1          x2         y2  area2          x3         y3  area3
range  333.331294  1.298471  174.0  333.318721  14.704651  169.0  333.260419  30.678841  148.0
FAILURE!!!! Some beads might have been misidentified
               x1        y1  area1          x2         y2  area2          x3         y3  area3
range  333.363756  1.306847  166.0  333.315864  14.668515  169.0  333.276197  30.408857  148.0
FAILURE!!!! Some beads might have been misidentified
               x1        y1  area1          x2         y2  area2          x3         y3  area3
range  333.380649  1.306847  166.0  333.346776  14.661364  170.0  333.275407  30.459432  149.0
FAILURE!!!! Some beads might have been misidentified
               x1        y1  area1          x2         y2  area2          x3         y3  area3
range  333.380649  1.301789  167.0  333.330189  14.692731  173.0  333.277139  30.400866  151.0
FAILURE!!!! Some beads might have been misidentified
               x1       y1  area1          x2         y2  area2          x3         y3  area3
range  333.380649  1.28476  165.0  333.332452  14.682085  172.0  333.284832  30.450262  147.0
FAILURE!!!! Some beads might have been misidentified
               x1        y1  area1          x2         y2  area2         x3         y3  area3
range  333.380649  1.279198  168.0  333.299622  14.636871  175.0  333.31084  30.490319  149.0
FAILURE!!!! Some beads might have been misidentified
               x1        y1  area1          x2         y2  area2          x3         y3  area3
range  333.351777  1.303735  165.0  333.363396  14.646841  171.0  333.225989  30.402594  147.0
FAILURE!!!! Some beads might have been misidentified
               x1        y1  area1          x2       y2  area2          x3         y3  area3
range  333.494444  1.306847  166.0  333.154458  14.6789  173.0  333.488895  30.400401  149.0
FAILURE!!!! Some beads might have been misidentified
               x1        y1  area1          x2         y2  area2          x3         y3  area3
range  333.157774  1.312214  166.0  333.454949  14.650979  169.0  333.134073  30.467888  152.0
FAILURE!!!! Some beads might have been misidentified
Residual vector length: 162, Jacobian shape: (162, 6)
view   0 | SOD= 560.744 mm | SDD= 761.018 mm | M= 1.357 | incident=2.9645°
[[ 135.32701    -543.59485     -25.00652   ]
 [ -44.02317     195.15918       9.993481  ]
 [   0.1445007     0.03872605    0.        ]
 [   0.            0.            0.1496    ]]
               x1        y1  area1          x2         y2  area2          x3         y3  area3
range  333.380649  1.291168  166.0  333.330189  14.679494  172.0  333.275407  30.459432  149.0
FAILURE!!!! Some beads might have been misidentified

iter 26 cost=0.598063 -> 0.602629 |dtheta|=8.946113e-04  lambda=1.221e+03

============================================================
Iteration 27
============================================================
Theta offsets (Unity frame):
  Source   : dSx=   0.000, dSy=   0.000, dSz=   0.000  (mm)
  Object   : dOx= -14.998, dOy= -12.006, dOz= -21.903  (mm)
  Object offset: offset_x=   0.001, offset_z=   0.000  (mm)
  Detector : dDx=   0.000, dDy=   0.000, dDz=   0.000  (mm)
  Obj Stage rotY :   15.003 deg
============================================================

Unity geometry (world coordinates):
  Source   : x= -10.000, y=  55.000, z=   0.000
  Object   : x=   0.002, y=  29.994, z= 560.097
  Detector : x=   8.000, y=  20.000, z= 760.000
  Obj rotY :   0.0000 deg
view   0 | SOD= 560.745 mm | SDD= 761.018 mm | M= 1.357 | incident=2.9645°
[[ 135.32666    -543.59534     -25.005938  ]
 [ -44.022354    195.15901       9.994062  ]
 [   0.14450076    0.03872582    0.        ]
 [   0.            0.            0.1496    ]]
               x1        y1  area1          x2         y2  area2          x3         y3  area3
range  333.363756  1.306847  166.0  333.332452  14.668515  169.0  333.271866  30.425481  148.0
FAILURE!!!! Some beads might have been misidentified
               x1        y1  area1          x2         y2  area2          x3         y3  area3
range  333.346621  1.285363  168.0  333.356517  14.635567  172.0  333.315241  30.447027  152.0
FAILURE!!!! Some beads might have been misidentified
               x1        y1  area1          x2        y2  area2          x3         y3  area3
range  333.305597  1.307019  166.0  333.263892  14.66068  172.0  333.310866  30.445886  146.0
FAILURE!!!! Some beads might have been misidentified
              x1        y1  area1         x2         y2  area2         x3         y3  area3
range  333.33058  1.282059  163.0  333.34484  14.622328  167.0  333.25912  30.340103  150.0
FAILURE!!!! Some beads might have been misidentified
               x1        y1  area1          x2         y2  area2          x3         y3  area3
range  333.331294  1.298471  174.0  333.318721  14.704651  169.0  333.260419  30.678841  148.0
FAILURE!!!! Some beads might have been misidentified
               x1        y1  area1          x2         y2  area2          x3         y3  area3
range  333.363756  1.306847  166.0  333.315864  14.668515  169.0  333.276197  30.408857  148.0
FAILURE!!!! Some beads might have been misidentified
               x1        y1  area1          x2         y2  area2          x3         y3  area3
range  333.380649  1.306847  166.0  333.346776  14.661364  170.0  333.275407  30.459432  149.0
FAILURE!!!! Some beads might have been misidentified
               x1        y1  area1          x2         y2  area2          x3         y3  area3
range  333.380649  1.301789  167.0  333.330189  14.692731  173.0  333.277139  30.400866  151.0
FAILURE!!!! Some beads might have been misidentified
               x1       y1  area1          x2         y2  area2          x3         y3  area3
range  333.380649  1.28476  165.0  333.332452  14.682085  172.0  333.284832  30.450262  147.0
FAILURE!!!! Some beads might have been misidentified
               x1        y1  area1          x2         y2  area2         x3         y3  area3
range  333.380649  1.279198  168.0  333.299622  14.636871  175.0  333.31084  30.490319  149.0
FAILURE!!!! Some beads might have been misidentified
               x1        y1  area1          x2         y2  area2          x3         y3  area3
range  333.351777  1.303735  165.0  333.363396  14.646841  171.0  333.225989  30.402594  147.0
FAILURE!!!! Some beads might have been misidentified
               x1        y1  area1          x2       y2  area2          x3         y3  area3
range  333.494444  1.306847  166.0  333.154458  14.6789  173.0  333.488895  30.400401  149.0
FAILURE!!!! Some beads might have been misidentified
               x1        y1  area1          x2         y2  area2          x3         y3  area3
range  333.157774  1.312214  166.0  333.454949  14.650979  169.0  333.134073  30.467888  152.0
FAILURE!!!! Some beads might have been misidentified
Residual vector length: 162, Jacobian shape: (162, 6)
view   0 | SOD= 560.745 mm | SDD= 761.018 mm | M= 1.357 | incident=2.9645°
[[ 135.32657    -543.5953      -25.006332  ]
 [ -44.022697    195.15898       9.993668  ]
 [   0.14450075    0.03872587    0.        ]
 [   0.            0.            0.1496    ]]
               x1        y1  area1          x2         y2  area2          x3         y3  area3
range  333.380649  1.290953  167.0  333.330189  14.650979  169.0  333.271866  30.445244  148.0
FAILURE!!!! Some beads might have been misidentified

iter 27 cost=0.598063 -> 0.610429 |dtheta|=4.926034e-04  lambda=6.104e+03

============================================================
Iteration 28
============================================================
Theta offsets (Unity frame):
  Source   : dSx=   0.000, dSy=   0.000, dSz=   0.000  (mm)
  Object   : dOx= -14.998, dOy= -12.006, dOz= -21.903  (mm)
  Object offset: offset_x=   0.001, offset_z=   0.000  (mm)
  Detector : dDx=   0.000, dDy=   0.000, dDz=   0.000  (mm)
  Obj Stage rotY :   15.003 deg
============================================================

Unity geometry (world coordinates):
  Source   : x= -10.000, y=  55.000, z=   0.000
  Object   : x=   0.002, y=  29.994, z= 560.097
  Detector : x=   8.000, y=  20.000, z= 760.000
  Obj rotY :   0.0000 deg
view   0 | SOD= 560.745 mm | SDD= 761.018 mm | M= 1.357 | incident=2.9645°
[[ 135.32666    -543.59534     -25.005938  ]
 [ -44.022354    195.15901       9.994062  ]
 [   0.14450076    0.03872582    0.        ]
 [   0.            0.            0.1496    ]]
               x1        y1  area1          x2         y2  area2          x3         y3  area3
range  333.363756  1.306847  166.0  333.332452  14.668515  169.0  333.271866  30.425481  148.0
FAILURE!!!! Some beads might have been misidentified
               x1        y1  area1          x2         y2  area2          x3         y3  area3
range  333.346621  1.285363  168.0  333.356517  14.635567  172.0  333.315241  30.447027  152.0
FAILURE!!!! Some beads might have been misidentified
               x1        y1  area1          x2        y2  area2          x3         y3  area3
range  333.305597  1.307019  166.0  333.263892  14.66068  172.0  333.310866  30.445886  146.0
FAILURE!!!! Some beads might have been misidentified
              x1        y1  area1         x2         y2  area2         x3         y3  area3
range  333.33058  1.282059  163.0  333.34484  14.622328  167.0  333.25912  30.340103  150.0
FAILURE!!!! Some beads might have been misidentified
               x1        y1  area1          x2         y2  area2          x3         y3  area3
range  333.331294  1.298471  174.0  333.318721  14.704651  169.0  333.260419  30.678841  148.0
FAILURE!!!! Some beads might have been misidentified
               x1        y1  area1          x2         y2  area2          x3         y3  area3
range  333.363756  1.306847  166.0  333.315864  14.668515  169.0  333.276197  30.408857  148.0
FAILURE!!!! Some beads might have been misidentified
               x1        y1  area1          x2         y2  area2          x3         y3  area3
range  333.380649  1.306847  166.0  333.346776  14.661364  170.0  333.275407  30.459432  149.0
FAILURE!!!! Some beads might have been misidentified
               x1        y1  area1          x2         y2  area2          x3         y3  area3
range  333.380649  1.301789  167.0  333.330189  14.692731  173.0  333.277139  30.400866  151.0
FAILURE!!!! Some beads might have been misidentified
               x1       y1  area1          x2         y2  area2          x3         y3  area3
range  333.380649  1.28476  165.0  333.332452  14.682085  172.0  333.284832  30.450262  147.0
FAILURE!!!! Some beads might have been misidentified
               x1        y1  area1          x2         y2  area2         x3         y3  area3
range  333.380649  1.279198  168.0  333.299622  14.636871  175.0  333.31084  30.490319  149.0
FAILURE!!!! Some beads might have been misidentified
               x1        y1  area1          x2         y2  area2          x3         y3  area3
range  333.351777  1.303735  165.0  333.363396  14.646841  171.0  333.225989  30.402594  147.0
FAILURE!!!! Some beads might have been misidentified
               x1        y1  area1          x2       y2  area2          x3         y3  area3
range  333.494444  1.306847  166.0  333.154458  14.6789  173.0  333.488895  30.400401  149.0
FAILURE!!!! Some beads might have been misidentified
               x1        y1  area1          x2         y2  area2          x3         y3  area3
range  333.157774  1.312214  166.0  333.454949  14.650979  169.0  333.134073  30.467888  152.0
FAILURE!!!! Some beads might have been misidentified
Residual vector length: 162, Jacobian shape: (162, 6)
view   0 | SOD= 560.745 mm | SDD= 761.018 mm | M= 1.357 | incident=2.9645°
[[ 135.32657    -543.5953      -25.006088  ]
 [ -44.02247     195.15904       9.993912  ]
 [   0.14450076    0.03872583    0.        ]
 [   0.            0.            0.1496    ]]
               x1        y1  area1          x2         y2  area2          x3         y3  area3
range  333.380649  1.290953  167.0  333.346776  14.668515  169.0  333.271866  30.436839  147.0
FAILURE!!!! Some beads might have been misidentified

iter 28 cost=0.598063 -> 0.589239 |dtheta|=1.768140e-04  lambda=3.052e+04

============================================================
Iteration 29
============================================================
Theta offsets (Unity frame):
  Source   : dSx=   0.000, dSy=   0.000, dSz=   0.000  (mm)
  Object   : dOx= -14.998, dOy= -12.006, dOz= -21.903  (mm)
  Object offset: offset_x=   0.001, offset_z=   0.000  (mm)
  Detector : dDx=   0.000, dDy=   0.000, dDz=   0.000  (mm)
  Obj Stage rotY :   15.003 deg
============================================================

Unity geometry (world coordinates):
  Source   : x= -10.000, y=  55.000, z=   0.000
  Object   : x=   0.002, y=  29.994, z= 560.097
  Detector : x=   8.000, y=  20.000, z= 760.000
  Obj rotY :   0.0000 deg
view   0 | SOD= 560.745 mm | SDD= 761.018 mm | M= 1.357 | incident=2.9645°
[[ 135.32657    -543.5953      -25.006088  ]
 [ -44.02247     195.15904       9.993912  ]
 [   0.14450076    0.03872583    0.        ]
 [   0.            0.            0.1496    ]]
               x1        y1  area1          x2         y2  area2          x3         y3  area3
range  333.380649  1.290953  167.0  333.346776  14.668515  169.0  333.271866  30.436839  147.0
FAILURE!!!! Some beads might have been misidentified
               x1        y1  area1          x2         y2  area2          x3         y3  area3
range  333.346621  1.285363  168.0  333.356517  14.635567  172.0  333.327651  30.447027  152.0
FAILURE!!!! Some beads might have been misidentified
               x1        y1  area1          x2        y2  area2          x3        y3  area3
range  333.305597  1.295481  167.0  333.252891  14.66068  172.0  333.299873  30.47524  148.0
FAILURE!!!! Some beads might have been misidentified
              x1        y1  area1         x2         y2  area2         x3         y3  area3
range  333.33058  1.282059  163.0  333.34484  14.622328  167.0  333.25912  30.357693  150.0
FAILURE!!!! Some beads might have been misidentified
               x1        y1  area1          x2         y2  area2          x3         y3  area3
range  333.331294  1.298471  174.0  333.318721  14.704651  169.0  333.293717  30.691329  147.0
FAILURE!!!! Some beads might have been misidentified
               x1        y1  area1          x2         y2  area2          x3         y3  area3
range  333.363756  1.290953  167.0  333.315864  14.668515  169.0  333.276197  30.425481  147.0
FAILURE!!!! Some beads might have been misidentified
               x1        y1  area1          x2         y2  area2          x3         y3  area3
range  333.380649  1.290953  167.0  333.346776  14.679494  172.0  333.275407  30.466007  150.0
FAILURE!!!! Some beads might have been misidentified
               x1        y1  area1          x2        y2  area2          x3         y3  area3
range  333.380649  1.307249  166.0  333.330189  14.69188  172.0  333.271866  30.400866  151.0
FAILURE!!!! Some beads might have been misidentified
               x1       y1  area1          x2         y2  area2          x3         y3  area3
range  333.380649  1.28476  165.0  333.332452  14.682085  172.0  333.284832  30.450262  147.0
FAILURE!!!! Some beads might have been misidentified
               x1        y1  area1          x2        y2  area2         x3         y3  area3
range  333.380649  1.279198  168.0  333.299622  14.63677  175.0  333.31084  30.490319  149.0
FAILURE!!!! Some beads might have been misidentified
               x1        y1  area1          x2         y2  area2          x3         y3  area3
range  333.351777  1.292197  166.0  333.363396  14.646841  171.0  333.225989  30.431948  149.0
FAILURE!!!! Some beads might have been misidentified
               x1        y1  area1          x2         y2  area2          x3         y3  area3
range  333.494444  1.290953  166.0  333.154458  14.697031  175.0  333.488895  30.407677  148.0
FAILURE!!!! Some beads might have been misidentified
               x1        y1  area1          x2         y2  area2          x3         y3  area3
range  333.157774  1.296319  166.0  333.454949  14.650979  169.0  333.134073  30.483811  152.0
FAILURE!!!! Some beads might have been misidentified
Residual vector length: 162, Jacobian shape: (162, 6)
view   0 | SOD= 560.745 mm | SDD= 761.018 mm | M= 1.357 | incident=2.9645°
[[ 135.32753    -543.59503     -25.006289  ]
 [ -44.022648    195.159         9.993711  ]
 [   0.1445007     0.03872605    0.        ]
 [   0.            0.            0.1496    ]]
               x1        y1  area1          x2         y2  area2          x3         y3  area3
range  333.380649  1.290953  167.0  333.346776  14.650979  169.0  333.271866  30.445244  148.0
FAILURE!!!! Some beads might have been misidentified

iter 29 cost=0.589239 -> 0.607898 |dtheta|=2.616337e-04  lambda=1.017e+04

============================================================
Iteration 30
============================================================
Theta offsets (Unity frame):
  Source   : dSx=   0.000, dSy=   0.000, dSz=   0.000  (mm)
  Object   : dOx= -14.998, dOy= -12.006, dOz= -21.903  (mm)
  Object offset: offset_x=   0.001, offset_z=   0.000  (mm)
  Detector : dDx=   0.000, dDy=   0.000, dDz=   0.000  (mm)
  Obj Stage rotY :   15.003 deg
============================================================

Unity geometry (world coordinates):
  Source   : x= -10.000, y=  55.000, z=   0.000
  Object   : x=   0.002, y=  29.994, z= 560.097
  Detector : x=   8.000, y=  20.000, z= 760.000
  Obj rotY :   0.0000 deg
view   0 | SOD= 560.745 mm | SDD= 761.018 mm | M= 1.357 | incident=2.9645°
[[ 135.32657    -543.5953      -25.006088  ]
 [ -44.02247     195.15904       9.993912  ]
 [   0.14450076    0.03872583    0.        ]
 [   0.            0.            0.1496    ]]
               x1        y1  area1          x2         y2  area2          x3         y3  area3
range  333.380649  1.290953  167.0  333.346776  14.668515  169.0  333.271866  30.436839  147.0
FAILURE!!!! Some beads might have been misidentified
               x1        y1  area1          x2         y2  area2          x3         y3  area3
range  333.346621  1.285363  168.0  333.356517  14.635567  172.0  333.327651  30.447027  152.0
FAILURE!!!! Some beads might have been misidentified
               x1        y1  area1          x2        y2  area2          x3        y3  area3
range  333.305597  1.295481  167.0  333.252891  14.66068  172.0  333.299873  30.47524  148.0
FAILURE!!!! Some beads might have been misidentified
              x1        y1  area1         x2         y2  area2         x3         y3  area3
range  333.33058  1.282059  163.0  333.34484  14.622328  167.0  333.25912  30.357693  150.0
FAILURE!!!! Some beads might have been misidentified
               x1        y1  area1          x2         y2  area2          x3         y3  area3
range  333.331294  1.298471  174.0  333.318721  14.704651  169.0  333.293717  30.691329  147.0
FAILURE!!!! Some beads might have been misidentified
               x1        y1  area1          x2         y2  area2          x3         y3  area3
range  333.363756  1.290953  167.0  333.315864  14.668515  169.0  333.276197  30.425481  147.0
FAILURE!!!! Some beads might have been misidentified
               x1        y1  area1          x2         y2  area2          x3         y3  area3
range  333.380649  1.290953  167.0  333.346776  14.679494  172.0  333.275407  30.466007  150.0
FAILURE!!!! Some beads might have been misidentified
               x1        y1  area1          x2        y2  area2          x3         y3  area3
range  333.380649  1.307249  166.0  333.330189  14.69188  172.0  333.271866  30.400866  151.0
FAILURE!!!! Some beads might have been misidentified
               x1       y1  area1          x2         y2  area2          x3         y3  area3
range  333.380649  1.28476  165.0  333.332452  14.682085  172.0  333.284832  30.450262  147.0
FAILURE!!!! Some beads might have been misidentified
               x1        y1  area1          x2        y2  area2         x3         y3  area3
range  333.380649  1.279198  168.0  333.299622  14.63677  175.0  333.31084  30.490319  149.0
FAILURE!!!! Some beads might have been misidentified
               x1        y1  area1          x2         y2  area2          x3         y3  area3
range  333.351777  1.292197  166.0  333.363396  14.646841  171.0  333.225989  30.431948  149.0
FAILURE!!!! Some beads might have been misidentified
               x1        y1  area1          x2         y2  area2          x3         y3  area3
range  333.494444  1.290953  166.0  333.154458  14.697031  175.0  333.488895  30.407677  148.0
FAILURE!!!! Some beads might have been misidentified
               x1        y1  area1          x2         y2  area2          x3         y3  area3
range  333.157774  1.296319  166.0  333.454949  14.650979  169.0  333.134073  30.483811  152.0
FAILURE!!!! Some beads might have been misidentified
Residual vector length: 162, Jacobian shape: (162, 6)
view   0 | SOD= 560.745 mm | SDD= 761.018 mm | M= 1.357 | incident=2.9645°
[[ 135.32677    -543.5952      -25.00615   ]
 [ -44.022503    195.15903       9.993851  ]
 [   0.14450075    0.03872588    0.        ]
 [   0.            0.            0.1496    ]]
               x1        y1  area1          x2         y2  area2          x3         y3  area3
range  333.380649  1.290953  167.0  333.346776  14.650979  169.0  333.271866  30.428384  147.0
FAILURE!!!! Some beads might have been misidentified

iter 30 cost=0.589239 -> 0.605448 |dtheta|=7.371046e-05  lambda=5.086e+04

============================================================
Iteration 31
============================================================
Theta offsets (Unity frame):
  Source   : dSx=   0.000, dSy=   0.000, dSz=   0.000  (mm)
  Object   : dOx= -14.998, dOy= -12.006, dOz= -21.903  (mm)
  Object offset: offset_x=   0.001, offset_z=   0.000  (mm)
  Detector : dDx=   0.000, dDy=   0.000, dDz=   0.000  (mm)
  Obj Stage rotY :   15.003 deg
============================================================

Unity geometry (world coordinates):
  Source   : x= -10.000, y=  55.000, z=   0.000
  Object   : x=   0.002, y=  29.994, z= 560.097
  Detector : x=   8.000, y=  20.000, z= 760.000
  Obj rotY :   0.0000 deg
view   0 | SOD= 560.745 mm | SDD= 761.018 mm | M= 1.357 | incident=2.9645°
[[ 135.32657    -543.5953      -25.006088  ]
 [ -44.02247     195.15904       9.993912  ]
 [   0.14450076    0.03872583    0.        ]
 [   0.            0.            0.1496    ]]
               x1        y1  area1          x2         y2  area2          x3         y3  area3
range  333.380649  1.290953  167.0  333.346776  14.668515  169.0  333.271866  30.436839  147.0
FAILURE!!!! Some beads might have been misidentified
               x1        y1  area1          x2         y2  area2          x3         y3  area3
range  333.346621  1.285363  168.0  333.356517  14.635567  172.0  333.327651  30.447027  152.0
FAILURE!!!! Some beads might have been misidentified
               x1        y1  area1          x2        y2  area2          x3        y3  area3
range  333.305597  1.295481  167.0  333.252891  14.66068  172.0  333.299873  30.47524  148.0
FAILURE!!!! Some beads might have been misidentified
              x1        y1  area1         x2         y2  area2         x3         y3  area3
range  333.33058  1.282059  163.0  333.34484  14.622328  167.0  333.25912  30.357693  150.0
FAILURE!!!! Some beads might have been misidentified
               x1        y1  area1          x2         y2  area2          x3         y3  area3
range  333.331294  1.298471  174.0  333.318721  14.704651  169.0  333.293717  30.691329  147.0
FAILURE!!!! Some beads might have been misidentified
               x1        y1  area1          x2         y2  area2          x3         y3  area3
range  333.363756  1.290953  167.0  333.315864  14.668515  169.0  333.276197  30.425481  147.0
FAILURE!!!! Some beads might have been misidentified
               x1        y1  area1          x2         y2  area2          x3         y3  area3
range  333.380649  1.290953  167.0  333.346776  14.679494  172.0  333.275407  30.466007  150.0
FAILURE!!!! Some beads might have been misidentified
               x1        y1  area1          x2        y2  area2          x3         y3  area3
range  333.380649  1.307249  166.0  333.330189  14.69188  172.0  333.271866  30.400866  151.0
FAILURE!!!! Some beads might have been misidentified
               x1       y1  area1          x2         y2  area2          x3         y3  area3
range  333.380649  1.28476  165.0  333.332452  14.682085  172.0  333.284832  30.450262  147.0
FAILURE!!!! Some beads might have been misidentified
               x1        y1  area1          x2        y2  area2         x3         y3  area3
range  333.380649  1.279198  168.0  333.299622  14.63677  175.0  333.31084  30.490319  149.0
FAILURE!!!! Some beads might have been misidentified
               x1        y1  area1          x2         y2  area2          x3         y3  area3
range  333.351777  1.292197  166.0  333.363396  14.646841  171.0  333.225989  30.431948  149.0
FAILURE!!!! Some beads might have been misidentified
               x1        y1  area1          x2         y2  area2          x3         y3  area3
range  333.494444  1.290953  166.0  333.154458  14.697031  175.0  333.488895  30.407677  148.0
FAILURE!!!! Some beads might have been misidentified
               x1        y1  area1          x2         y2  area2          x3         y3  area3
range  333.157774  1.296319  166.0  333.454949  14.650979  169.0  333.134073  30.483811  152.0
FAILURE!!!! Some beads might have been misidentified
Residual vector length: 162, Jacobian shape: (162, 6)
view   0 | SOD= 560.745 mm | SDD= 761.018 mm | M= 1.357 | incident=2.9645°
[[ 135.32661    -543.5953      -25.006102  ]
 [ -44.022472    195.15904       9.993898  ]
 [   0.14450076    0.03872584    0.        ]
 [   0.            0.            0.1496    ]]
               x1        y1  area1          x2         y2  area2          x3         y3  area3
range  333.380649  1.290953  167.0  333.346776  14.668515  169.0  333.271866  30.436839  147.0
FAILURE!!!! Some beads might have been misidentified

iter 31 cost=0.589239 -> 0.590565 |dtheta|=1.625923e-05  lambda=2.543e+05

============================================================
Iteration 32
============================================================
Theta offsets (Unity frame):
  Source   : dSx=   0.000, dSy=   0.000, dSz=   0.000  (mm)
  Object   : dOx= -14.998, dOy= -12.006, dOz= -21.903  (mm)
  Object offset: offset_x=   0.001, offset_z=   0.000  (mm)
  Detector : dDx=   0.000, dDy=   0.000, dDz=   0.000  (mm)
  Obj Stage rotY :   15.003 deg
============================================================

Unity geometry (world coordinates):
  Source   : x= -10.000, y=  55.000, z=   0.000
  Object   : x=   0.002, y=  29.994, z= 560.097
  Detector : x=   8.000, y=  20.000, z= 760.000
  Obj rotY :   0.0000 deg
view   0 | SOD= 560.745 mm | SDD= 761.018 mm | M= 1.357 | incident=2.9645°
[[ 135.32657    -543.5953      -25.006088  ]
 [ -44.02247     195.15904       9.993912  ]
 [   0.14450076    0.03872583    0.        ]
 [   0.            0.            0.1496    ]]
               x1        y1  area1          x2         y2  area2          x3         y3  area3
range  333.380649  1.290953  167.0  333.346776  14.668515  169.0  333.271866  30.436839  147.0
FAILURE!!!! Some beads might have been misidentified
               x1        y1  area1          x2         y2  area2          x3         y3  area3
range  333.346621  1.285363  168.0  333.356517  14.635567  172.0  333.327651  30.447027  152.0
FAILURE!!!! Some beads might have been misidentified
               x1        y1  area1          x2        y2  area2          x3        y3  area3
range  333.305597  1.295481  167.0  333.252891  14.66068  172.0  333.299873  30.47524  148.0
FAILURE!!!! Some beads might have been misidentified
              x1        y1  area1         x2         y2  area2         x3         y3  area3
range  333.33058  1.282059  163.0  333.34484  14.622328  167.0  333.25912  30.357693  150.0
FAILURE!!!! Some beads might have been misidentified
               x1        y1  area1          x2         y2  area2          x3         y3  area3
range  333.331294  1.298471  174.0  333.318721  14.704651  169.0  333.293717  30.691329  147.0
FAILURE!!!! Some beads might have been misidentified
               x1        y1  area1          x2         y2  area2          x3         y3  area3
range  333.363756  1.290953  167.0  333.315864  14.668515  169.0  333.276197  30.425481  147.0
FAILURE!!!! Some beads might have been misidentified
               x1        y1  area1          x2         y2  area2          x3         y3  area3
range  333.380649  1.290953  167.0  333.346776  14.679494  172.0  333.275407  30.466007  150.0
FAILURE!!!! Some beads might have been misidentified
               x1        y1  area1          x2        y2  area2          x3         y3  area3
range  333.380649  1.307249  166.0  333.330189  14.69188  172.0  333.271866  30.400866  151.0
FAILURE!!!! Some beads might have been misidentified
               x1       y1  area1          x2         y2  area2          x3         y3  area3
range  333.380649  1.28476  165.0  333.332452  14.682085  172.0  333.284832  30.450262  147.0
FAILURE!!!! Some beads might have been misidentified
               x1        y1  area1          x2        y2  area2         x3         y3  area3
range  333.380649  1.279198  168.0  333.299622  14.63677  175.0  333.31084  30.490319  149.0
FAILURE!!!! Some beads might have been misidentified
               x1        y1  area1          x2         y2  area2          x3         y3  area3
range  333.351777  1.292197  166.0  333.363396  14.646841  171.0  333.225989  30.431948  149.0
FAILURE!!!! Some beads might have been misidentified
               x1        y1  area1          x2         y2  area2          x3         y3  area3
range  333.494444  1.290953  166.0  333.154458  14.697031  175.0  333.488895  30.407677  148.0
FAILURE!!!! Some beads might have been misidentified
               x1        y1  area1          x2         y2  area2          x3         y3  area3
range  333.157774  1.296319  166.0  333.454949  14.650979  169.0  333.134073  30.483811  152.0
FAILURE!!!! Some beads might have been misidentified
Residual vector length: 162, Jacobian shape: (162, 6)
view   0 | SOD= 560.745 mm | SDD= 761.018 mm | M= 1.357 | incident=2.9645°
[[ 135.32658    -543.5953      -25.006092  ]
 [ -44.02247     195.15904       9.993908  ]
 [   0.14450076    0.03872583    0.        ]
 [   0.            0.            0.1496    ]]
               x1        y1  area1          x2         y2  area2          x3         y3  area3
range  333.380649  1.290953  167.0  333.346776  14.668515  169.0  333.271866  30.436839  147.0
FAILURE!!!! Some beads might have been misidentified

iter 32 cost=0.589239 -> 0.590565 |dtheta|=4.218465e-06  lambda=1.000e+06

============================================================
Iteration 33
============================================================
Theta offsets (Unity frame):
  Source   : dSx=   0.000, dSy=   0.000, dSz=   0.000  (mm)
  Object   : dOx= -14.998, dOy= -12.006, dOz= -21.903  (mm)
  Object offset: offset_x=   0.001, offset_z=   0.000  (mm)
  Detector : dDx=   0.000, dDy=   0.000, dDz=   0.000  (mm)
  Obj Stage rotY :   15.003 deg
============================================================

Unity geometry (world coordinates):
  Source   : x= -10.000, y=  55.000, z=   0.000
  Object   : x=   0.002, y=  29.994, z= 560.097
  Detector : x=   8.000, y=  20.000, z= 760.000
  Obj rotY :   0.0000 deg
view   0 | SOD= 560.745 mm | SDD= 761.018 mm | M= 1.357 | incident=2.9645°
[[ 135.32657    -543.5953      -25.006088  ]
 [ -44.02247     195.15904       9.993912  ]
 [   0.14450076    0.03872583    0.        ]
 [   0.            0.            0.1496    ]]
               x1        y1  area1          x2         y2  area2          x3         y3  area3
range  333.380649  1.290953  167.0  333.346776  14.668515  169.0  333.271866  30.436839  147.0
FAILURE!!!! Some beads might have been misidentified
               x1        y1  area1          x2         y2  area2          x3         y3  area3
range  333.346621  1.285363  168.0  333.356517  14.635567  172.0  333.327651  30.447027  152.0
FAILURE!!!! Some beads might have been misidentified
               x1        y1  area1          x2        y2  area2          x3        y3  area3
range  333.305597  1.295481  167.0  333.252891  14.66068  172.0  333.299873  30.47524  148.0
FAILURE!!!! Some beads might have been misidentified
              x1        y1  area1         x2         y2  area2         x3         y3  area3
range  333.33058  1.282059  163.0  333.34484  14.622328  167.0  333.25912  30.357693  150.0
FAILURE!!!! Some beads might have been misidentified
               x1        y1  area1          x2         y2  area2          x3         y3  area3
range  333.331294  1.298471  174.0  333.318721  14.704651  169.0  333.293717  30.691329  147.0
FAILURE!!!! Some beads might have been misidentified
               x1        y1  area1          x2         y2  area2          x3         y3  area3
range  333.363756  1.290953  167.0  333.315864  14.668515  169.0  333.276197  30.425481  147.0
FAILURE!!!! Some beads might have been misidentified
               x1        y1  area1          x2         y2  area2          x3         y3  area3
range  333.380649  1.290953  167.0  333.346776  14.679494  172.0  333.275407  30.466007  150.0
FAILURE!!!! Some beads might have been misidentified
               x1        y1  area1          x2        y2  area2          x3         y3  area3
range  333.380649  1.307249  166.0  333.330189  14.69188  172.0  333.271866  30.400866  151.0
FAILURE!!!! Some beads might have been misidentified
               x1       y1  area1          x2         y2  area2          x3         y3  area3
range  333.380649  1.28476  165.0  333.332452  14.682085  172.0  333.284832  30.450262  147.0
FAILURE!!!! Some beads might have been misidentified
               x1        y1  area1          x2        y2  area2         x3         y3  area3
range  333.380649  1.279198  168.0  333.299622  14.63677  175.0  333.31084  30.490319  149.0
FAILURE!!!! Some beads might have been misidentified
               x1        y1  area1          x2         y2  area2          x3         y3  area3
range  333.351777  1.292197  166.0  333.363396  14.646841  171.0  333.225989  30.431948  149.0
FAILURE!!!! Some beads might have been misidentified
               x1        y1  area1          x2         y2  area2          x3         y3  area3
range  333.494444  1.290953  166.0  333.154458  14.697031  175.0  333.488895  30.407677  148.0
FAILURE!!!! Some beads might have been misidentified
               x1        y1  area1          x2         y2  area2          x3         y3  area3
range  333.157774  1.296319  166.0  333.454949  14.650979  169.0  333.134073  30.483811  152.0
FAILURE!!!! Some beads might have been misidentified
Residual vector length: 162, Jacobian shape: (162, 6)
view   0 | SOD= 560.745 mm | SDD= 761.018 mm | M= 1.357 | incident=2.9645°
[[ 135.32658    -543.5953      -25.006092  ]
 [ -44.02247     195.15904       9.993908  ]
 [   0.14450076    0.03872583    0.        ]
 [   0.            0.            0.1496    ]]
               x1        y1  area1          x2         y2  area2          x3         y3  area3
range  333.380649  1.290953  167.0  333.346776  14.668515  169.0  333.271866  30.436839  147.0
FAILURE!!!! Some beads might have been misidentified

iter 33 cost=0.589239 -> 0.590565 |dtheta|=4.218465e-06  lambda=1.000e+06

============================================================
Iteration 34
============================================================
Theta offsets (Unity frame):
  Source   : dSx=   0.000, dSy=   0.000, dSz=   0.000  (mm)
  Object   : dOx= -14.998, dOy= -12.006, dOz= -21.903  (mm)
  Object offset: offset_x=   0.001, offset_z=   0.000  (mm)
  Detector : dDx=   0.000, dDy=   0.000, dDz=   0.000  (mm)
  Obj Stage rotY :   15.003 deg
============================================================

Unity geometry (world coordinates):
  Source   : x= -10.000, y=  55.000, z=   0.000
  Object   : x=   0.002, y=  29.994, z= 560.097
  Detector : x=   8.000, y=  20.000, z= 760.000
  Obj rotY :   0.0000 deg
view   0 | SOD= 560.745 mm | SDD= 761.018 mm | M= 1.357 | incident=2.9645°
[[ 135.32657    -543.5953      -25.006088  ]
 [ -44.02247     195.15904       9.993912  ]
 [   0.14450076    0.03872583    0.        ]
 [   0.            0.            0.1496    ]]
               x1        y1  area1          x2         y2  area2          x3         y3  area3
range  333.380649  1.290953  167.0  333.346776  14.668515  169.0  333.271866  30.436839  147.0
FAILURE!!!! Some beads might have been misidentified
               x1        y1  area1          x2         y2  area2          x3         y3  area3
range  333.346621  1.285363  168.0  333.356517  14.635567  172.0  333.327651  30.447027  152.0
FAILURE!!!! Some beads might have been misidentified
               x1        y1  area1          x2        y2  area2          x3        y3  area3
range  333.305597  1.295481  167.0  333.252891  14.66068  172.0  333.299873  30.47524  148.0
FAILURE!!!! Some beads might have been misidentified
              x1        y1  area1         x2         y2  area2         x3         y3  area3
range  333.33058  1.282059  163.0  333.34484  14.622328  167.0  333.25912  30.357693  150.0
FAILURE!!!! Some beads might have been misidentified
               x1        y1  area1          x2         y2  area2          x3         y3  area3
range  333.331294  1.298471  174.0  333.318721  14.704651  169.0  333.293717  30.691329  147.0
FAILURE!!!! Some beads might have been misidentified
               x1        y1  area1          x2         y2  area2          x3         y3  area3
range  333.363756  1.290953  167.0  333.315864  14.668515  169.0  333.276197  30.425481  147.0
FAILURE!!!! Some beads might have been misidentified
               x1        y1  area1          x2         y2  area2          x3         y3  area3
range  333.380649  1.290953  167.0  333.346776  14.679494  172.0  333.275407  30.466007  150.0
FAILURE!!!! Some beads might have been misidentified
               x1        y1  area1          x2        y2  area2          x3         y3  area3
range  333.380649  1.307249  166.0  333.330189  14.69188  172.0  333.271866  30.400866  151.0
FAILURE!!!! Some beads might have been misidentified
               x1       y1  area1          x2         y2  area2          x3         y3  area3
range  333.380649  1.28476  165.0  333.332452  14.682085  172.0  333.284832  30.450262  147.0
FAILURE!!!! Some beads might have been misidentified
               x1        y1  area1          x2        y2  area2         x3         y3  area3
range  333.380649  1.279198  168.0  333.299622  14.63677  175.0  333.31084  30.490319  149.0
FAILURE!!!! Some beads might have been misidentified
               x1        y1  area1          x2         y2  area2          x3         y3  area3
range  333.351777  1.292197  166.0  333.363396  14.646841  171.0  333.225989  30.431948  149.0
FAILURE!!!! Some beads might have been misidentified
               x1        y1  area1          x2         y2  area2          x3         y3  area3
range  333.494444  1.290953  166.0  333.154458  14.697031  175.0  333.488895  30.407677  148.0
FAILURE!!!! Some beads might have been misidentified
               x1        y1  area1          x2         y2  area2          x3         y3  area3
range  333.157774  1.296319  166.0  333.454949  14.650979  169.0  333.134073  30.483811  152.0
FAILURE!!!! Some beads might have been misidentified
Residual vector length: 162, Jacobian shape: (162, 6)
view   0 | SOD= 560.745 mm | SDD= 761.018 mm | M= 1.357 | incident=2.9645°
[[ 135.32658    -543.5953      -25.006092  ]
 [ -44.02247     195.15904       9.993908  ]
 [   0.14450076    0.03872583    0.        ]
 [   0.            0.            0.1496    ]]
               x1        y1  area1          x2         y2  area2          x3         y3  area3
range  333.380649  1.290953  167.0  333.346776  14.668515  169.0  333.271866  30.436839  147.0
FAILURE!!!! Some beads might have been misidentified

iter 34 cost=0.589239 -> 0.590565 |dtheta|=4.218465e-06  lambda=1.000e+06

============================================================
Iteration 35
============================================================
Theta offsets (Unity frame):
  Source   : dSx=   0.000, dSy=   0.000, dSz=   0.000  (mm)
  Object   : dOx= -14.998, dOy= -12.006, dOz= -21.903  (mm)
  Object offset: offset_x=   0.001, offset_z=   0.000  (mm)
  Detector : dDx=   0.000, dDy=   0.000, dDz=   0.000  (mm)
  Obj Stage rotY :   15.003 deg
============================================================

Unity geometry (world coordinates):
  Source   : x= -10.000, y=  55.000, z=   0.000
  Object   : x=   0.002, y=  29.994, z= 560.097
  Detector : x=   8.000, y=  20.000, z= 760.000
  Obj rotY :   0.0000 deg
view   0 | SOD= 560.745 mm | SDD= 761.018 mm | M= 1.357 | incident=2.9645°
[[ 135.32657    -543.5953      -25.006088  ]
 [ -44.02247     195.15904       9.993912  ]
 [   0.14450076    0.03872583    0.        ]
 [   0.            0.            0.1496    ]]
               x1        y1  area1          x2         y2  area2          x3         y3  area3
range  333.380649  1.290953  167.0  333.346776  14.668515  169.0  333.271866  30.436839  147.0
FAILURE!!!! Some beads might have been misidentified
               x1        y1  area1          x2         y2  area2          x3         y3  area3
range  333.346621  1.285363  168.0  333.356517  14.635567  172.0  333.327651  30.447027  152.0
FAILURE!!!! Some beads might have been misidentified
               x1        y1  area1          x2        y2  area2          x3        y3  area3
range  333.305597  1.295481  167.0  333.252891  14.66068  172.0  333.299873  30.47524  148.0
FAILURE!!!! Some beads might have been misidentified
              x1        y1  area1         x2         y2  area2         x3         y3  area3
range  333.33058  1.282059  163.0  333.34484  14.622328  167.0  333.25912  30.357693  150.0
FAILURE!!!! Some beads might have been misidentified
               x1        y1  area1          x2         y2  area2          x3         y3  area3
range  333.331294  1.298471  174.0  333.318721  14.704651  169.0  333.293717  30.691329  147.0
FAILURE!!!! Some beads might have been misidentified
               x1        y1  area1          x2         y2  area2          x3         y3  area3
range  333.363756  1.290953  167.0  333.315864  14.668515  169.0  333.276197  30.425481  147.0
FAILURE!!!! Some beads might have been misidentified
               x1        y1  area1          x2         y2  area2          x3         y3  area3
range  333.380649  1.290953  167.0  333.346776  14.679494  172.0  333.275407  30.466007  150.0
FAILURE!!!! Some beads might have been misidentified
               x1        y1  area1          x2        y2  area2          x3         y3  area3
range  333.380649  1.307249  166.0  333.330189  14.69188  172.0  333.271866  30.400866  151.0
FAILURE!!!! Some beads might have been misidentified
               x1       y1  area1          x2         y2  area2          x3         y3  area3
range  333.380649  1.28476  165.0  333.332452  14.682085  172.0  333.284832  30.450262  147.0
FAILURE!!!! Some beads might have been misidentified
               x1        y1  area1          x2        y2  area2         x3         y3  area3
range  333.380649  1.279198  168.0  333.299622  14.63677  175.0  333.31084  30.490319  149.0
FAILURE!!!! Some beads might have been misidentified
               x1        y1  area1          x2         y2  area2          x3         y3  area3
range  333.351777  1.292197  166.0  333.363396  14.646841  171.0  333.225989  30.431948  149.0
FAILURE!!!! Some beads might have been misidentified
               x1        y1  area1          x2         y2  area2          x3         y3  area3
range  333.494444  1.290953  166.0  333.154458  14.697031  175.0  333.488895  30.407677  148.0
FAILURE!!!! Some beads might have been misidentified
               x1        y1  area1          x2         y2  area2          x3         y3  area3
range  333.157774  1.296319  166.0  333.454949  14.650979  169.0  333.134073  30.483811  152.0
FAILURE!!!! Some beads might have been misidentified
Residual vector length: 162, Jacobian shape: (162, 6)
view   0 | SOD= 560.745 mm | SDD= 761.018 mm | M= 1.357 | incident=2.9645°
[[ 135.32658    -543.5953      -25.006092  ]
 [ -44.02247     195.15904       9.993908  ]
 [   0.14450076    0.03872583    0.        ]
 [   0.            0.            0.1496    ]]
               x1        y1  area1          x2         y2  area2          x3         y3  area3
range  333.380649  1.290953  167.0  333.346776  14.668515  169.0  333.271866  30.436839  147.0
FAILURE!!!! Some beads might have been misidentified

iter 35 cost=0.589239 -> 0.590565 |dtheta|=4.218465e-06  lambda=1.000e+06

============================================================
Iteration 36
============================================================
Theta offsets (Unity frame):
  Source   : dSx=   0.000, dSy=   0.000, dSz=   0.000  (mm)
  Object   : dOx= -14.998, dOy= -12.006, dOz= -21.903  (mm)
  Object offset: offset_x=   0.001, offset_z=   0.000  (mm)
  Detector : dDx=   0.000, dDy=   0.000, dDz=   0.000  (mm)
  Obj Stage rotY :   15.003 deg
============================================================

Unity geometry (world coordinates):
  Source   : x= -10.000, y=  55.000, z=   0.000
  Object   : x=   0.002, y=  29.994, z= 560.097
  Detector : x=   8.000, y=  20.000, z= 760.000
  Obj rotY :   0.0000 deg
view   0 | SOD= 560.745 mm | SDD= 761.018 mm | M= 1.357 | incident=2.9645°
[[ 135.32657    -543.5953      -25.006088  ]
 [ -44.02247     195.15904       9.993912  ]
 [   0.14450076    0.03872583    0.        ]
 [   0.            0.            0.1496    ]]
               x1        y1  area1          x2         y2  area2          x3         y3  area3
range  333.380649  1.290953  167.0  333.346776  14.668515  169.0  333.271866  30.436839  147.0
FAILURE!!!! Some beads might have been misidentified
               x1        y1  area1          x2         y2  area2          x3         y3  area3
range  333.346621  1.285363  168.0  333.356517  14.635567  172.0  333.327651  30.447027  152.0
FAILURE!!!! Some beads might have been misidentified
               x1        y1  area1          x2        y2  area2          x3        y3  area3
range  333.305597  1.295481  167.0  333.252891  14.66068  172.0  333.299873  30.47524  148.0
FAILURE!!!! Some beads might have been misidentified
              x1        y1  area1         x2         y2  area2         x3         y3  area3
range  333.33058  1.282059  163.0  333.34484  14.622328  167.0  333.25912  30.357693  150.0
FAILURE!!!! Some beads might have been misidentified
               x1        y1  area1          x2         y2  area2          x3         y3  area3
range  333.331294  1.298471  174.0  333.318721  14.704651  169.0  333.293717  30.691329  147.0
FAILURE!!!! Some beads might have been misidentified
               x1        y1  area1          x2         y2  area2          x3         y3  area3
range  333.363756  1.290953  167.0  333.315864  14.668515  169.0  333.276197  30.425481  147.0
FAILURE!!!! Some beads might have been misidentified
               x1        y1  area1          x2         y2  area2          x3         y3  area3
range  333.380649  1.290953  167.0  333.346776  14.679494  172.0  333.275407  30.466007  150.0
FAILURE!!!! Some beads might have been misidentified
               x1        y1  area1          x2        y2  area2          x3         y3  area3
range  333.380649  1.307249  166.0  333.330189  14.69188  172.0  333.271866  30.400866  151.0
FAILURE!!!! Some beads might have been misidentified
               x1       y1  area1          x2         y2  area2          x3         y3  area3
range  333.380649  1.28476  165.0  333.332452  14.682085  172.0  333.284832  30.450262  147.0
FAILURE!!!! Some beads might have been misidentified
               x1        y1  area1          x2        y2  area2         x3         y3  area3
range  333.380649  1.279198  168.0  333.299622  14.63677  175.0  333.31084  30.490319  149.0
FAILURE!!!! Some beads might have been misidentified
               x1        y1  area1          x2         y2  area2          x3         y3  area3
range  333.351777  1.292197  166.0  333.363396  14.646841  171.0  333.225989  30.431948  149.0
FAILURE!!!! Some beads might have been misidentified
               x1        y1  area1          x2         y2  area2          x3         y3  area3
range  333.494444  1.290953  166.0  333.154458  14.697031  175.0  333.488895  30.407677  148.0
FAILURE!!!! Some beads might have been misidentified
               x1        y1  area1          x2         y2  area2          x3         y3  area3
range  333.157774  1.296319  166.0  333.454949  14.650979  169.0  333.134073  30.483811  152.0
FAILURE!!!! Some beads might have been misidentified
Residual vector length: 162, Jacobian shape: (162, 6)
view   0 | SOD= 560.745 mm | SDD= 761.018 mm | M= 1.357 | incident=2.9645°
[[ 135.32658    -543.5953      -25.006092  ]
 [ -44.02247     195.15904       9.993908  ]
 [   0.14450076    0.03872583    0.        ]
 [   0.            0.            0.1496    ]]
               x1        y1  area1          x2         y2  area2          x3         y3  area3
range  333.380649  1.290953  167.0  333.346776  14.668515  169.0  333.271866  30.436839  147.0
FAILURE!!!! Some beads might have been misidentified

iter 36 cost=0.589239 -> 0.590565 |dtheta|=4.218465e-06  lambda=1.000e+06

============================================================
Iteration 37
============================================================
Theta offsets (Unity frame):
  Source   : dSx=   0.000, dSy=   0.000, dSz=   0.000  (mm)
  Object   : dOx= -14.998, dOy= -12.006, dOz= -21.903  (mm)
  Object offset: offset_x=   0.001, offset_z=   0.000  (mm)
  Detector : dDx=   0.000, dDy=   0.000, dDz=   0.000  (mm)
  Obj Stage rotY :   15.003 deg
============================================================

Unity geometry (world coordinates):
  Source   : x= -10.000, y=  55.000, z=   0.000
  Object   : x=   0.002, y=  29.994, z= 560.097
  Detector : x=   8.000, y=  20.000, z= 760.000
  Obj rotY :   0.0000 deg
view   0 | SOD= 560.745 mm | SDD= 761.018 mm | M= 1.357 | incident=2.9645°
[[ 135.32657    -543.5953      -25.006088  ]
 [ -44.02247     195.15904       9.993912  ]
 [   0.14450076    0.03872583    0.        ]
 [   0.            0.            0.1496    ]]
               x1        y1  area1          x2         y2  area2          x3         y3  area3
range  333.380649  1.290953  167.0  333.346776  14.668515  169.0  333.271866  30.436839  147.0
FAILURE!!!! Some beads might have been misidentified
               x1        y1  area1          x2         y2  area2          x3         y3  area3
range  333.346621  1.285363  168.0  333.356517  14.635567  172.0  333.327651  30.447027  152.0
FAILURE!!!! Some beads might have been misidentified
               x1        y1  area1          x2        y2  area2          x3        y3  area3
range  333.305597  1.295481  167.0  333.252891  14.66068  172.0  333.299873  30.47524  148.0
FAILURE!!!! Some beads might have been misidentified
              x1        y1  area1         x2         y2  area2         x3         y3  area3
range  333.33058  1.282059  163.0  333.34484  14.622328  167.0  333.25912  30.357693  150.0
FAILURE!!!! Some beads might have been misidentified
               x1        y1  area1          x2         y2  area2          x3         y3  area3
range  333.331294  1.298471  174.0  333.318721  14.704651  169.0  333.293717  30.691329  147.0
FAILURE!!!! Some beads might have been misidentified
               x1        y1  area1          x2         y2  area2          x3         y3  area3
range  333.363756  1.290953  167.0  333.315864  14.668515  169.0  333.276197  30.425481  147.0
FAILURE!!!! Some beads might have been misidentified
               x1        y1  area1          x2         y2  area2          x3         y3  area3
range  333.380649  1.290953  167.0  333.346776  14.679494  172.0  333.275407  30.466007  150.0
FAILURE!!!! Some beads might have been misidentified
               x1        y1  area1          x2        y2  area2          x3         y3  area3
range  333.380649  1.307249  166.0  333.330189  14.69188  172.0  333.271866  30.400866  151.0
FAILURE!!!! Some beads might have been misidentified
               x1       y1  area1          x2         y2  area2          x3         y3  area3
range  333.380649  1.28476  165.0  333.332452  14.682085  172.0  333.284832  30.450262  147.0
FAILURE!!!! Some beads might have been misidentified
               x1        y1  area1          x2        y2  area2         x3         y3  area3
range  333.380649  1.279198  168.0  333.299622  14.63677  175.0  333.31084  30.490319  149.0
FAILURE!!!! Some beads might have been misidentified
               x1        y1  area1          x2         y2  area2          x3         y3  area3
range  333.351777  1.292197  166.0  333.363396  14.646841  171.0  333.225989  30.431948  149.0
FAILURE!!!! Some beads might have been misidentified
               x1        y1  area1          x2         y2  area2          x3         y3  area3
range  333.494444  1.290953  166.0  333.154458  14.697031  175.0  333.488895  30.407677  148.0
FAILURE!!!! Some beads might have been misidentified
               x1        y1  area1          x2         y2  area2          x3         y3  area3
range  333.157774  1.296319  166.0  333.454949  14.650979  169.0  333.134073  30.483811  152.0
FAILURE!!!! Some beads might have been misidentified
Residual vector length: 162, Jacobian shape: (162, 6)
view   0 | SOD= 560.745 mm | SDD= 761.018 mm | M= 1.357 | incident=2.9645°
[[ 135.32658    -543.5953      -25.006092  ]
 [ -44.02247     195.15904       9.993908  ]
 [   0.14450076    0.03872583    0.        ]
 [   0.            0.            0.1496    ]]
               x1        y1  area1          x2         y2  area2          x3         y3  area3
range  333.380649  1.290953  167.0  333.346776  14.668515  169.0  333.271866  30.436839  147.0
FAILURE!!!! Some beads might have been misidentified

iter 37 cost=0.589239 -> 0.590565 |dtheta|=4.218465e-06  lambda=1.000e+06

============================================================
Iteration 38
============================================================
Theta offsets (Unity frame):
  Source   : dSx=   0.000, dSy=   0.000, dSz=   0.000  (mm)
  Object   : dOx= -14.998, dOy= -12.006, dOz= -21.903  (mm)
  Object offset: offset_x=   0.001, offset_z=   0.000  (mm)
  Detector : dDx=   0.000, dDy=   0.000, dDz=   0.000  (mm)
  Obj Stage rotY :   15.003 deg
============================================================

Unity geometry (world coordinates):
  Source   : x= -10.000, y=  55.000, z=   0.000
  Object   : x=   0.002, y=  29.994, z= 560.097
  Detector : x=   8.000, y=  20.000, z= 760.000
  Obj rotY :   0.0000 deg
view   0 | SOD= 560.745 mm | SDD= 761.018 mm | M= 1.357 | incident=2.9645°
[[ 135.32657    -543.5953      -25.006088  ]
 [ -44.02247     195.15904       9.993912  ]
 [   0.14450076    0.03872583    0.        ]
 [   0.            0.            0.1496    ]]
               x1        y1  area1          x2         y2  area2          x3         y3  area3
range  333.380649  1.290953  167.0  333.346776  14.668515  169.0  333.271866  30.436839  147.0
FAILURE!!!! Some beads might have been misidentified
               x1        y1  area1          x2         y2  area2          x3         y3  area3
range  333.346621  1.285363  168.0  333.356517  14.635567  172.0  333.327651  30.447027  152.0
FAILURE!!!! Some beads might have been misidentified
               x1        y1  area1          x2        y2  area2          x3        y3  area3
range  333.305597  1.295481  167.0  333.252891  14.66068  172.0  333.299873  30.47524  148.0
FAILURE!!!! Some beads might have been misidentified
              x1        y1  area1         x2         y2  area2         x3         y3  area3
range  333.33058  1.282059  163.0  333.34484  14.622328  167.0  333.25912  30.357693  150.0
FAILURE!!!! Some beads might have been misidentified
               x1        y1  area1          x2         y2  area2          x3         y3  area3
range  333.331294  1.298471  174.0  333.318721  14.704651  169.0  333.293717  30.691329  147.0
FAILURE!!!! Some beads might have been misidentified
               x1        y1  area1          x2         y2  area2          x3         y3  area3
range  333.363756  1.290953  167.0  333.315864  14.668515  169.0  333.276197  30.425481  147.0
FAILURE!!!! Some beads might have been misidentified
               x1        y1  area1          x2         y2  area2          x3         y3  area3
range  333.380649  1.290953  167.0  333.346776  14.679494  172.0  333.275407  30.466007  150.0
FAILURE!!!! Some beads might have been misidentified
               x1        y1  area1          x2        y2  area2          x3         y3  area3
range  333.380649  1.307249  166.0  333.330189  14.69188  172.0  333.271866  30.400866  151.0
FAILURE!!!! Some beads might have been misidentified
               x1       y1  area1          x2         y2  area2          x3         y3  area3
range  333.380649  1.28476  165.0  333.332452  14.682085  172.0  333.284832  30.450262  147.0
FAILURE!!!! Some beads might have been misidentified
               x1        y1  area1          x2        y2  area2         x3         y3  area3
range  333.380649  1.279198  168.0  333.299622  14.63677  175.0  333.31084  30.490319  149.0
FAILURE!!!! Some beads might have been misidentified
               x1        y1  area1          x2         y2  area2          x3         y3  area3
range  333.351777  1.292197  166.0  333.363396  14.646841  171.0  333.225989  30.431948  149.0
FAILURE!!!! Some beads might have been misidentified
               x1        y1  area1          x2         y2  area2          x3         y3  area3
range  333.494444  1.290953  166.0  333.154458  14.697031  175.0  333.488895  30.407677  148.0
FAILURE!!!! Some beads might have been misidentified
               x1        y1  area1          x2         y2  area2          x3         y3  area3
range  333.157774  1.296319  166.0  333.454949  14.650979  169.0  333.134073  30.483811  152.0
FAILURE!!!! Some beads might have been misidentified
Residual vector length: 162, Jacobian shape: (162, 6)
view   0 | SOD= 560.745 mm | SDD= 761.018 mm | M= 1.357 | incident=2.9645°
[[ 135.32658    -543.5953      -25.006092  ]
 [ -44.02247     195.15904       9.993908  ]
 [   0.14450076    0.03872583    0.        ]
 [   0.            0.            0.1496    ]]
               x1        y1  area1          x2         y2  area2          x3         y3  area3
range  333.380649  1.290953  167.0  333.346776  14.668515  169.0  333.271866  30.436839  147.0
FAILURE!!!! Some beads might have been misidentified

iter 38 cost=0.589239 -> 0.590565 |dtheta|=4.218465e-06  lambda=1.000e+06
Stalled.

Estimated theta:
  dSx: +0.000000
  dSy: +0.000000
  dOx: -14.998280
  dOy: -12.006087
  dOz: -21.902820
  dDx: +0.000000
  dDy: +0.000000
  dDz: +0.000000
alpha: +1.500258e+01 deg)
offset_x: +0.000851
offset_z: +0.000205

Final cost table:
Fake theta: [  0.   0. -15. -12. -22.   0.   0.   0.  15.   0.   0.]
Final estimated theta: [  0.           0.         -14.99827997 -12.0060873  -21.90282015
   0.           0.           0.          15.00257724   0.00085062
   0.00020521]
Diff from Expected: [ 0.          0.          0.00172003 -0.0060873   0.09717985  0.
  0.          0.          0.00257724  0.00085062  0.00020521]
################################################################################

