Phantom already exists, skipping: cuboid_phantom_5_normal.npy

################################################################################
Running cuboid=normal scenario=G3 N_ANGLES=9, K=5
view   0 | SOD= 556.844 mm | SDD= 802.742 mm | M= 1.442 | incident=4.7367°
[[ 239.08467    -500.88773     -45.        ]
 [-110.79194     218.66446      20.        ]
 [   0.13558364    0.06322369    0.        ]
 [   0.            0.            0.1496    ]]
               x1         y1  area1         x2         y2  area2         x3         y3  area3          x4         y4  area4          x5         y5  area5
range  350.120902  11.178736  118.0  185.75292  10.530515   99.0  346.02474  28.036095  106.0  185.172821  19.902928  121.0  350.099616  44.528264   82.0
FAILURE!!!! Some beads might have been misidentified
          image          x1          y1  area1          x2          y2  area2          x3          y3  area3          x4          y4  area4          x5          y5  area5
0  proj_000.png  506.395189  124.321306    582  425.734310  250.384937    478  525.551859  364.741683    511  605.522388  505.245203    469  506.177820  661.994264    523
1  proj_001.png  392.158965  122.713494    541  427.393762  246.672515    513  634.448065  368.305499    491  606.130268  512.176245    522  392.058932  655.941068    543
2  proj_002.png  339.844961  119.166667    516  469.978723  243.885880    517  691.066406  376.753906    512  563.874101  517.498201    556  339.774131  641.756757    518
3  proj_003.png  370.534483  115.411638    464  533.232305  243.368421    551  667.113821  386.540650    492  498.493220  518.825424    590  370.637744  626.581345    461
4  proj_004.png  466.363454  113.142570    498  588.949515  245.001942    515  569.333333  392.777778    558  442.009524  515.281905    525  466.366000  617.466000    500
5  proj_005.png  583.746421  113.269939    489  611.487230  248.555992    509  444.490196  392.299465    561  420.957447  508.599613    517  583.702595  618.113772    501
6  proj_006.png  671.966203  115.916501    503  589.602251  251.988743    533  355.700917  385.190826    545  444.603113  502.357977    514  671.852140  628.321012    514
7  proj_007.png  689.965863  119.807229    498  532.235816  253.898936    564  345.041667  375.470833    480  500.818526  498.922495    529  689.873747  643.873747    499
8  proj_008.png  625.226908  123.160643    498  467.166378  253.247834    577  412.839560  367.483516    455  563.778388  500.184982    546  625.105788  657.467066    501

============================================================
Iteration 0
============================================================
Theta offsets (Unity frame):
  Source   : dSx=   0.000, dSy=   0.000, dSz=   0.000  (mm)
  Object   : dOx=   0.000, dOy=   0.000, dOz=   0.000  (mm)
  Object offset: offset_x=   0.000, offset_z=   0.000  (mm)
  Detector : dDx=   0.000, dDy=   0.000, dDz=   0.000  (mm)
  Obj Stage rotY :    0.000 deg
============================================================

Unity geometry (world coordinates):
  Source   : x=   5.000, y=  60.000, z=   0.000
  Object   : x=  18.000, y=  23.000, z= 580.000
  Detector : x=  -8.000, y=  -5.000, z= 800.000
  Obj rotY :   0.0000 deg
view   0 | SOD= 581.324 mm | SDD= 802.742 mm | M= 1.381 | incident=4.7367°
[[ -13.     -580.      -37.    ]
 [ -26.      220.       28.    ]
 [   0.1496    0.        0.    ]
 [   0.        0.        0.1496]]
              x1        y1  area1          x2        y2  area2          x3         y3  area3          x4         y4  area4          x5         y5  area5
range  331.33612  5.713078   95.0  179.911171  7.267265   76.0  334.857478  21.196904  127.0  178.868582  15.605583   94.0  331.279455  36.239018   86.0
FAILURE!!!! Some beads might have been misidentified
               x1        y1  area1          x2        y2  area2          x3         y3  area3          x4         y4  area4          x5       y5  area5
range  331.346532  5.723292   98.0  180.004952  7.226216   77.0  334.845893  21.221535  119.0  178.770251  15.607018   91.0  331.236612  36.2749   92.0
FAILURE!!!! Some beads might have been misidentified
               x1        y1  area1          x2        y2  area2          x3        y3  area3          x4         y4  area4          x5         y5  area5
range  331.327564  5.740643   98.0  179.841222  7.250596   79.0  334.850789  21.15543  122.0  178.743782  15.528917   90.0  331.288875  36.226915   89.0
FAILURE!!!! Some beads might have been misidentified
               x1        y1  area1          x2        y2  area2          x3         y3  area3          x4         y4  area4          x5         y5  area5
range  331.349063  5.735974  101.0  179.920201  7.229262   79.0  334.854559  21.076951  118.0  178.887922  15.559652   92.0  331.262989  36.297013   87.0
FAILURE!!!! Some beads might have been misidentified
              x1        y1  area1        x2        y2  area2          x3         y3  area3          x4         y4  area4          x5         y5  area5
range  331.31162  5.699584  100.0  179.8882  7.171216   74.0  334.808802  21.250764  138.0  178.842522  15.513151   93.0  331.261363  36.270594   87.0
FAILURE!!!! Some beads might have been misidentified
              x1        y1  area1          x2       y2  area2          x3         y3  area3          x4         y4  area4          x5         y5  area5
range  331.33612  5.713078  100.0  179.892367  7.28557   76.0  334.857478  21.189849  129.0  178.875656  15.568735   87.0  331.299398  36.256458   95.0
FAILURE!!!! Some beads might have been misidentified
              x1        y1  area1          x2        y2  area2          x3         y3  area3          x4         y4  area4          x5         y5  area5
range  331.33557  5.731099   95.0  179.911171  7.197328   76.0  334.801153  21.216909  128.0  178.868582  15.592063   94.0  331.284667  36.259413   85.0
FAILURE!!!! Some beads might have been misidentified
              x1        y1  area1          x2        y2  area2          x3         y3  area3          x4        y4  area4          x5         y5  area5
range  331.33612  5.731099   95.0  179.892367  7.279864   76.0  334.857478  21.165815  127.0  178.868582  15.57227   93.0  331.275852  36.239018   87.0
FAILURE!!!! Some beads might have been misidentified
              x1        y1  area1          x2        y2  area2          x3         y3  area3          x4         y4  area4          x5         y5  area5
range  331.33612  5.716222   96.0  179.911171  7.266322   76.0  334.857478  21.184839  125.0  178.868582  15.585145   94.0  331.299074  36.253316   86.0
FAILURE!!!! Some beads might have been misidentified
               x1       y1  area1          x2        y2  area2          x3         y3  area3          x4        y4  area4          x5         y5  area5
range  331.346945  5.68538   98.0  179.852859  7.219445   81.0  334.806323  21.184431  119.0  178.983566  15.56372   94.0  331.317187  36.269227   89.0
FAILURE!!!! Some beads might have been misidentified
               x1        y1  area1          x2        y2  area2          x3         y3  area3         x4         y4  area4          x5         y5  area5
range  331.278943  5.722227   96.0  180.004829  7.239744   75.0  334.907507  21.179994  125.0  178.60767  15.554391   90.0  331.220997  36.261333   88.0
FAILURE!!!! Some beads might have been misidentified
               x1        y1  area1          x2        y2  area2          x3         y3  area3          x4        y4  area4          x5         y5  area5
range  331.482665  5.732416   96.0  180.028277  7.194785   78.0  334.724224  21.200738  121.0  178.552287  15.59197   88.0  331.428312  36.225024   88.0
FAILURE!!!! Some beads might have been misidentified
              x1        y1  area1          x2        y2  area2          x3         y3  area3          x4         y4  area4          x5         y5  area5
range  331.26239  5.725894   96.0  179.813019  7.238587   79.0  334.957577  21.182128  126.0  178.998302  15.554391   93.0  331.110804  36.280973   87.0
FAILURE!!!! Some beads might have been misidentified
Residual vector length: 180, Jacobian shape: (180, 6)
view   0 | SOD= 580.014 mm | SDD= 802.742 mm | M= 1.384 | incident=4.7367°
[[ 120.44849    -565.6705      -43.880436  ]
 [ -59.209496    214.0038       21.119564  ]
 [   0.1463064     0.03121856    0.        ]
 [   0.            0.            0.1496    ]]
               x1        y1  area1          x2        y2  area2          x3         y3  area3          x4         y4  area4          x5         y5  area5
range  322.367931  10.00598  105.0  191.335627  8.858983   78.0  345.689215  24.513748  118.0  168.096885  18.879604   86.0  322.319229  41.945547   73.0
FAILURE!!!! Some beads might have been misidentified

iter 00 cost=946819.140228 -> 137522.428880 |dtheta|=1.823143e+01  lambda=1.000e-02

============================================================
Iteration 1
============================================================
Theta offsets (Unity frame):
  Source   : dSx=   0.000, dSy=   0.000, dSz=   0.000  (mm)
  Object   : dOx= -11.716, dOy=  -6.880, dOz=  -1.194  (mm)
  Object offset: offset_x=  -1.037, offset_z=  -0.454  (mm)
  Detector : dDx=   0.000, dDy=   0.000, dDz=   0.000  (mm)
  Obj Stage rotY :   12.045 deg
============================================================

Unity geometry (world coordinates):
  Source   : x=   5.000, y=  60.000, z=   0.000
  Object   : x=   6.284, y=  16.120, z= 578.806
  Detector : x=  -8.000, y=  -5.000, z= 800.000
  Obj rotY :   0.0000 deg
view   0 | SOD= 580.014 mm | SDD= 802.742 mm | M= 1.384 | incident=4.7367°
[[ 120.44849    -565.6705      -43.880436  ]
 [ -59.209496    214.0038       21.119564  ]
 [   0.1463064     0.03121856    0.        ]
 [   0.            0.            0.1496    ]]
               x1        y1  area1          x2        y2  area2          x3         y3  area3          x4         y4  area4          x5         y5  area5
range  322.367931  10.00598  105.0  191.335627  8.858983   78.0  345.689215  24.513748  118.0  168.096885  18.879604   86.0  322.319229  41.945547   73.0
FAILURE!!!! Some beads might have been misidentified
               x1        y1  area1          x2        y2  area2          x3         y3  area3          x4         y4  area4          x5         y5  area5
range  322.362749  10.07362   98.0  191.502487  8.855799   70.0  345.647938  24.482391  127.0  168.058152  18.933699   94.0  322.403897  41.986145   62.0
FAILURE!!!! Some beads might have been misidentified
               x1         y1  area1         x2        y2  area2          x3         y3  area3          x4         y4  area4         x5         y5  area5
range  322.391699  10.125631  103.0  191.37299  8.803741   76.0  345.757759  24.452693  122.0  168.115317  18.852634   87.0  322.36222  41.925179   67.0
FAILURE!!!! Some beads might have been misidentified
               x1        y1  area1          x2        y2  area2          x3        y3  area3          x4         y4  area4          x5         y5  area5
range  322.379848  10.06138  108.0  191.399361  8.876953   81.0  345.687661  24.55999  123.0  168.135975  18.893538   82.0  322.385109  41.996398   69.0
FAILURE!!!! Some beads might have been misidentified
               x1         y1  area1          x2        y2  area2          x3         y3  area3          x4         y4  area4          x5         y5  area5
range  322.338449  10.068388  101.0  191.364787  8.832414   74.0  345.705238  24.541139  126.0  168.121149  18.863522   83.0  322.356337  42.026148   75.0
FAILURE!!!! Some beads might have been misidentified
               x1        y1  area1          x2        y2  area2          x3         y3  area3          x4         y4  area4          x5         y5  area5
range  322.337121  10.06325  105.0  191.427485  8.919456   74.0  345.707993  24.502529  123.0  168.129729  18.897417   86.0  322.376919  41.931422   72.0
FAILURE!!!! Some beads might have been misidentified
               x1        y1  area1          x2        y2  area2          x3         y3  area3          x4         y4  area4          x5         y5  area5
range  322.367931  10.00598  105.0  191.335627  8.858983   78.0  345.696317  24.513748  119.0  168.103512  18.879657   87.0  322.325277  41.970664   73.0
FAILURE!!!! Some beads might have been misidentified
               x1         y1  area1         x2        y2  area2          x3         y3  area3          x4         y4  area4          x5         y5  area5
range  322.367931  10.075515  106.0  191.44101  8.858983   74.0  345.668597  24.501699  124.0  168.130551  18.887816   86.0  322.319229  41.981135   71.0
FAILURE!!!! Some beads might have been misidentified
              x1         y1  area1          x2        y2  area2          x3         y3  area3          x4         y4  area4          x5         y5  area5
range  322.38488  10.056003  106.0  191.460904  8.885448   72.0  345.711344  24.444764  124.0  168.163789  18.870536   86.0  322.319229  41.955131   72.0
FAILURE!!!! Some beads might have been misidentified
               x1         y1  area1          x2        y2  area2          x3         y3  area3          x4         y4  area4          x5         y5  area5
range  322.367931  10.068053   99.0  191.292449  8.879178   72.0  345.626265  24.491539  129.0  168.224454  18.862866   94.0  322.362104  41.926571   62.0
FAILURE!!!! Some beads might have been misidentified
               x1         y1  area1          x2        y2  area2          x3         y3  area3          x4         y4  area4          x5         y5  area5
range  322.383894  10.123904  101.0  191.554901  8.808751   74.0  345.730212  24.457639  122.0  167.944551  18.915708   87.0  322.339029  41.974241   67.0
FAILURE!!!! Some beads might have been misidentified
               x1         y1  area1          x2        y2  area2          x3         y3  area3          x4         y4  area4          x5         y5  area5
range  322.508384  10.045751  106.0  191.520953  8.821575   75.0  345.517627  24.519176  124.0  168.016536  18.946706   87.0  322.499919  41.931163   71.0
FAILURE!!!! Some beads might have been misidentified
               x1         y1  area1          x2        y2  area2          x3         y3  area3          x4         y4  area4          x5         y5  area5
range  322.227547  10.013395  104.0  191.309948  8.867275   81.0  345.869987  24.504774  120.0  168.217866  18.863134   90.0  322.266198  41.986921   70.0
FAILURE!!!! Some beads might have been misidentified
Residual vector length: 180, Jacobian shape: (180, 6)
view   0 | SOD= 579.211 mm | SDD= 802.742 mm | M= 1.386 | incident=4.7367°
[[ 178.91985   -548.98303    -45.72813  ]
 [ -75.54715    209.57848     19.27187  ]
 [   0.1425866    0.0452683    0.       ]
 [   0.           0.           0.1496   ]]
               x1         y1  area1          x2        y2  area2          x3         y3  area3         x4         y4  area4          x5         y5  area5
range  335.504323  11.025009  104.0  186.828158  9.507619   72.0  332.909621  26.380311  124.0  173.79506  19.233492   96.0  335.509084  41.919099   67.0
FAILURE!!!! Some beads might have been misidentified

iter 01 cost=137522.428880 -> 23087.726588 |dtheta|=8.016184e+00  lambda=3.333e-03

============================================================
Iteration 2
============================================================
Theta offsets (Unity frame):
  Source   : dSx=   0.000, dSy=   0.000, dSz=   0.000  (mm)
  Object   : dOx= -16.950, dOy=  -8.728, dOz=  -2.582  (mm)
  Object offset: offset_x=  -0.462, offset_z=  -0.031  (mm)
  Detector : dDx=   0.000, dDy=   0.000, dDz=   0.000  (mm)
  Obj Stage rotY :   17.614 deg
============================================================

Unity geometry (world coordinates):
  Source   : x=   5.000, y=  60.000, z=   0.000
  Object   : x=   1.050, y=  14.272, z= 577.418
  Detector : x=  -8.000, y=  -5.000, z= 800.000
  Obj rotY :   0.0000 deg
view   0 | SOD= 579.211 mm | SDD= 802.742 mm | M= 1.386 | incident=4.7367°
[[ 178.91985   -548.98303    -45.72813  ]
 [ -75.54715    209.57848     19.27187  ]
 [   0.1425866    0.0452683    0.       ]
 [   0.           0.           0.1496   ]]
               x1         y1  area1          x2        y2  area2          x3         y3  area3         x4         y4  area4          x5         y5  area5
range  335.504323  11.025009  104.0  186.828158  9.507619   72.0  332.909621  26.380311  124.0  173.79506  19.233492   96.0  335.509084  41.919099   67.0
FAILURE!!!! Some beads might have been misidentified
               x1         y1  area1         x2        y2  area2          x3         y3  area3          x4         y4  area4          x5         y5  area5
range  335.504858  10.953664  104.0  186.80842  9.520212   78.0  332.829959  26.379474  121.0  173.756538  19.199841  107.0  335.334074  41.968416   63.0
FAILURE!!!! Some beads might have been misidentified
               x1        y1  area1          x2      y2  area2          x3         y3  area3          x4         y4  area4          x5         y5  area5
range  335.468188  10.97518  105.0  186.833399  9.5036   78.0  332.965604  26.383315  125.0  173.800711  19.188121   99.0  335.618164  41.917316   69.0
FAILURE!!!! Some beads might have been misidentified
               x1        y1  area1          x2        y2  area2          x3         y3  area3          x4         y4  area4          x5         y5  area5
range  335.523055  10.97155  105.0  186.802251  9.531283   71.0  332.885965  26.362293  120.0  173.758654  19.156181  101.0  335.504463  41.965941   67.0
FAILURE!!!! Some beads might have been misidentified
               x1         y1  area1          x2        y2  area2          x3        y3  area3          x4        y4  area4          x5         y5  area5
range  335.438794  10.893447  107.0  186.792187  9.550909   72.0  332.892482  26.37309  123.0  173.771938  19.27983   91.0  335.501035  41.943617   66.0
FAILURE!!!! Some beads might have been misidentified
               x1         y1  area1          x2       y2  area2          x3         y3  area3         x4        y4  area4          x5         y5  area5
range  335.512894  11.025009  104.0  186.828158  9.52324   71.0  332.857143  26.401369  124.0  173.79506  19.24883   96.0  335.517648  41.907927   67.0
FAILURE!!!! Some beads might have been misidentified
               x1         y1  area1          x2        y2  area2          x3         y3  area3          x4         y4  area4          x5         y5  area5
range  335.506494  11.025009  104.0  186.828158  9.507619   72.0  332.909621  26.380311  124.0  173.779332  19.207851   96.0  335.509084  41.898351   65.0
FAILURE!!!! Some beads might have been misidentified
               x1         y1  area1          x2        y2  area2          x3         y3  area3         x4         y4  area4          x5         y5  area5
range  335.523605  10.979488  103.0  186.828158  9.540527   72.0  332.857143  26.380311  125.0  173.79506  19.214565   98.0  335.535701  41.888865   66.0
FAILURE!!!! Some beads might have been misidentified
               x1         y1  area1          x2       y2  area2          x3         y3  area3          x4         y4  area4          x5         y5  area5
range  335.512894  11.025009  104.0  186.828158  9.52324   71.0  332.857143  26.407955  124.0  173.775897  19.230112   96.0  335.513657  41.957834   64.0
FAILURE!!!! Some beads might have been misidentified
              x1         y1  area1          x2        y2  area2          x3        y3  area3          x4         y4  area4          x5         y5  area5
range  335.48566  10.923398  106.0  186.685823  9.508282   70.0  332.887918  26.36442  135.0  173.952317  19.160972   97.0  335.457757  41.928219   67.0
FAILURE!!!! Some beads might have been misidentified
               x1         y1  area1          x2        y2  area2          x3         y3  area3          x4         y4  area4          x5         y5  area5
range  335.504323  10.909506  105.0  186.962636  9.467651   78.0  332.909621  26.375107  123.0  173.682362  19.182247  103.0  335.524424  41.965422   64.0
FAILURE!!!! Some beads might have been misidentified
               x1         y1  area1          x2        y2  area2         x3         y3  area3          x4         y4  area4          x5        y5  area5
range  335.616124  10.951102  106.0  186.894437  9.548724   69.0  332.77033  26.400512  128.0  173.719972  19.214659   96.0  335.760154  41.85055   68.0
FAILURE!!!! Some beads might have been misidentified
               x1         y1  area1          x2        y2  area2          x3         y3  area3          x4         y4  area4          x5         y5  area5
range  335.356922  11.025009  103.0  186.759602  9.470595   73.0  333.025233  26.380311  122.0  173.845773  19.162221  106.0  335.181034  41.935619   64.0
FAILURE!!!! Some beads might have been misidentified
Residual vector length: 180, Jacobian shape: (180, 6)
view   0 | SOD= 576.221 mm | SDD= 802.742 mm | M= 1.393 | incident=4.7367°
[[ 213.86835    -533.0668      -46.159443  ]
 [ -89.69185     207.21707      18.840557  ]
 [   0.13931873    0.05450183    0.        ]
 [   0.            0.            0.1496    ]]
               x1         y1  area1          x2         y2  area2          x3         y3  area3          x4        y4  area4          x5         y5  area5
range  333.279923  11.269576  122.0  178.038864  10.482055   75.0  340.157736  26.378699  130.0  182.168007  18.80282  110.0  333.304216  42.735218   76.0
FAILURE!!!! Some beads might have been misidentified

iter 02 cost=23087.726588 -> 9808.030974 |dtheta|=4.807856e+00  lambda=1.111e-03

============================================================
Iteration 3
============================================================
Theta offsets (Unity frame):
  Source   : dSx=   0.000, dSy=   0.000, dSz=   0.000  (mm)
  Object   : dOx= -17.899, dOy=  -9.159, dOz=  -5.362  (mm)
  Object offset: offset_x=  -0.066, offset_z=  -0.291  (mm)
  Detector : dDx=   0.000, dDy=   0.000, dDz=   0.000  (mm)
  Obj Stage rotY :   21.366 deg
============================================================

Unity geometry (world coordinates):
  Source   : x=   5.000, y=  60.000, z=   0.000
  Object   : x=   0.101, y=  13.841, z= 574.638
  Detector : x=  -8.000, y=  -5.000, z= 800.000
  Obj rotY :   0.0000 deg
view   0 | SOD= 576.221 mm | SDD= 802.742 mm | M= 1.393 | incident=4.7367°
[[ 213.86835    -533.0668      -46.159443  ]
 [ -89.69185     207.21707      18.840557  ]
 [   0.13931873    0.05450183    0.        ]
 [   0.            0.            0.1496    ]]
               x1         y1  area1          x2         y2  area2          x3         y3  area3          x4        y4  area4          x5         y5  area5
range  333.279923  11.269576  122.0  178.038864  10.482055   75.0  340.157736  26.378699  130.0  182.168007  18.80282  110.0  333.304216  42.735218   76.0
FAILURE!!!! Some beads might have been misidentified
              x1         y1  area1          x2         y2  area2          x3         y3  area3          x4         y4  area4          x5        y5  area5
range  333.25439  11.251576  126.0  177.982261  10.479566   77.0  340.125243  26.391047  125.0  182.163719  18.777919  109.0  333.323317  42.69929   75.0
FAILURE!!!! Some beads might have been misidentified
               x1         y1  area1          x2         y2  area2          x3         y3  area3          x4         y4  area4         x5         y5  area5
range  333.259209  11.274004  116.0  177.951761  10.414493   78.0  340.200678  26.350823  129.0  182.270256  18.809529  105.0  333.28595  42.666158   75.0
FAILURE!!!! Some beads might have been misidentified
               x1         y1  area1          x2         y2  area2          x3         y3  area3          x4         y4  area4          x5         y5  area5
range  333.256702  11.204039  121.0  177.955243  10.430346   74.0  340.125099  26.356961  129.0  182.181564  18.829307  104.0  333.287543  42.737837   74.0
FAILURE!!!! Some beads might have been misidentified
               x1         y1  area1          x2         y2  area2          x3         y3  area3          x4         y4  area4          x5         y5  area5
range  333.266565  11.291029  121.0  177.976862  10.388064   71.0  340.173386  26.334413  131.0  182.195069  18.729619  110.0  333.303143  42.718998   80.0
FAILURE!!!! Some beads might have been misidentified
               x1         y1  area1          x2         y2  area2          x3         y3  area3          x4         y4  area4          x5         y5  area5
range  333.262134  11.274359  124.0  178.038864  10.463744   75.0  340.157736  26.354898  128.0  182.155028  18.800044  108.0  333.298405  42.735218   75.0
FAILURE!!!! Some beads might have been misidentified
               x1         y1  area1          x2         y2  area2          x3         y3  area3          x4         y4  area4          x5         y5  area5
range  333.262134  11.274359  123.0  178.038864  10.482055   75.0  340.149529  26.378699  130.0  182.176771  18.814945  110.0  333.304216  42.713156   77.0
FAILURE!!!! Some beads might have been misidentified
               x1         y1  area1          x2         y2  area2          x3        y3  area3          x4         y4  area4          x5         y5  area5
range  333.262134  11.275064  121.0  178.019954  10.509782   80.0  340.157736  26.35957  127.0  182.155028  18.803458  107.0  333.304216  42.743945   77.0
FAILURE!!!! Some beads might have been misidentified
               x1         y1  area1          x2         y2  area2          x3         y3  area3          x4         y4  area4          x5         y5  area5
range  333.279923  11.266667  123.0  178.038864  10.483744   76.0  340.157736  26.371989  130.0  182.168007  18.794684  111.0  333.323446  42.677756   77.0
FAILURE!!!! Some beads might have been misidentified
               x1         y1  area1          x2         y2  area2          x3         y3  area3          x4         y4  area4          x5         y5  area5
range  333.273996  11.283892  124.0  177.760216  10.478652   78.0  340.110373  26.393641  125.0  182.387782  18.818473  104.0  333.317624  42.648469   77.0
FAILURE!!!! Some beads might have been misidentified
               x1         y1  area1          x2         y2  area2          x3         y3  area3          x4         y4  area4          x5         y5  area5
range  333.285846  11.260801  115.0  178.148989  10.487959   80.0  340.154279  26.348229  129.0  182.020032  18.814528  111.0  333.266025  42.734891   73.0
FAILURE!!!! Some beads might have been misidentified
               x1         y1  area1          x2         y2  area2          x3         y3  area3          x4         y4  area4          x5         y5  area5
range  333.344521  11.274359  122.0  178.134246  10.418785   76.0  339.996373  26.371989  128.0  182.081104  18.805204  104.0  333.533825  42.714257   78.0
FAILURE!!!! Some beads might have been misidentified
               x1         y1  area1          x2         y2  area2         x3         y3  area3          x4         y4  area4          x5       y5  area5
range  333.169078  11.274359  122.0  177.923374  10.488308   79.0  340.34577  26.356193  130.0  182.264951  18.782244  110.0  333.075442  42.7247   75.0
FAILURE!!!! Some beads might have been misidentified
Residual vector length: 180, Jacobian shape: (180, 6)
view   0 | SOD= 571.163 mm | SDD= 802.742 mm | M= 1.405 | incident=4.7367°
[[ 233.39886    -519.25085     -46.161327  ]
 [-100.03385     208.06726      18.838673  ]
 [   0.13698553    0.0601259     0.        ]
 [   0.            0.            0.1496    ]]
               x1         y1  area1          x2         y2  area2          x3         y3  area3         x4         y4  area4          x5        y5  area5
range  341.728233  11.315942  115.0  178.028771  10.657013   77.0  338.002379  27.202982  117.0  183.28203  18.883491  109.0  341.574846  43.02652   72.0
FAILURE!!!! Some beads might have been misidentified

iter 03 cost=9808.030974 -> 4077.659268 |dtheta|=5.864480e+00  lambda=3.704e-04

============================================================
Iteration 4
============================================================
Theta offsets (Unity frame):
  Source   : dSx=   0.000, dSy=   0.000, dSz=   0.000  (mm)
  Object   : dOx= -18.152, dOy=  -9.161, dOz= -10.725  (mm)
  Object offset: offset_x=   0.126, offset_z=  -0.002  (mm)
  Detector : dDx=   0.000, dDy=   0.000, dDz=   0.000  (mm)
  Obj Stage rotY :   23.698 deg
============================================================

Unity geometry (world coordinates):
  Source   : x=   5.000, y=  60.000, z=   0.000
  Object   : x=  -0.152, y=  13.839, z= 569.275
  Detector : x=  -8.000, y=  -5.000, z= 800.000
  Obj rotY :   0.0000 deg
view   0 | SOD= 571.163 mm | SDD= 802.742 mm | M= 1.405 | incident=4.7367°
[[ 233.39886    -519.25085     -46.161327  ]
 [-100.03385     208.06726      18.838673  ]
 [   0.13698553    0.0601259     0.        ]
 [   0.            0.            0.1496    ]]
               x1         y1  area1          x2         y2  area2          x3         y3  area3         x4         y4  area4          x5        y5  area5
range  341.728233  11.315942  115.0  178.028771  10.657013   77.0  338.002379  27.202982  117.0  183.28203  18.883491  109.0  341.574846  43.02652   72.0
FAILURE!!!! Some beads might have been misidentified
               x1         y1  area1          x2         y2  area2          x3         y3  area3          x4         y4  area4          x5         y5  area5
range  341.582627  11.253389  117.0  178.020038  10.663695   75.0  337.887026  27.226884  119.0  183.344924  18.873291  115.0  341.582261  43.031616   69.0
FAILURE!!!! Some beads might have been misidentified
               x1         y1  area1          x2         y2  area2         x3         y3  area3          x4         y4  area4          x5         y5  area5
range  341.694413  11.320059  115.0  178.058272  10.684515   80.0  337.92584  27.161063  116.0  183.337238  18.781563  118.0  341.562625  43.058678   70.0
FAILURE!!!! Some beads might have been misidentified
               x1         y1  area1          x2         y2  area2          x3         y3  area3          x4        y4  area4          x5         y5  area5
range  341.703001  11.401226  114.0  178.023516  10.596062   73.0  338.046914  27.154771  118.0  183.286469  18.89935  110.0  341.595298  43.021964   70.0
FAILURE!!!! Some beads might have been misidentified
               x1         y1  area1          x2         y2  area2          x3         y3  area3          x4         y4  area4          x5         y5  area5
range  341.567506  11.279476  118.0  178.010408  10.686207   80.0  337.896807  27.185225  121.0  183.295235  18.915691  113.0  341.488497  43.071318   71.0
FAILURE!!!! Some beads might have been misidentified
               x1         y1  area1          x2         y2  area2          x3         y3  area3          x4         y4  area4          x5         y5  area5
range  341.728233  11.315942  115.0  178.021097  10.657013   75.0  338.002379  27.183136  118.0  183.305845  18.883491  109.0  341.574846  43.047293   70.0
FAILURE!!!! Some beads might have been misidentified
               x1         y1  area1          x2        y2  area2          x3         y3  area3         x4         y4  area4          x5         y5  area5
range  341.725998  11.315942  115.0  178.028771  10.67589   78.0  337.953015  27.202982  119.0  183.28203  18.864071  110.0  341.534026  43.039891   71.0
FAILURE!!!! Some beads might have been misidentified
               x1      y1  area1          x2         y2  area2          x3         y3  area3          x4         y4  area4          x5         y5  area5
range  341.725998  11.275  116.0  178.028771  10.660244   78.0  337.933061  27.205886  119.0  183.291841  18.894339  110.0  341.515194  42.997032   71.0
FAILURE!!!! Some beads might have been misidentified
               x1         y1  area1          x2         y2  area2          x3         y3  area3         x4        y4  area4          x5         y5  area5
range  341.728233  11.315942  113.0  178.028771  10.644588   77.0  337.983672  27.194276  118.0  183.28203  18.82814  111.0  341.574846  43.066657   72.0
FAILURE!!!! Some beads might have been misidentified
               x1         y1  area1          x2         y2  area2          x3         y3  area3         x4         y4  area4          x5         y5  area5
range  341.665772  11.312386  114.0  177.880611  10.686991   77.0  337.913713  27.207538  116.0  183.49857  18.861172  114.0  341.534026  43.063921   67.0
FAILURE!!!! Some beads might have been misidentified
               x1         y1  area1          x2         y2  area2          x3         y3  area3          x4         y4  area4          x5         y5  area5
range  341.744868  11.261062  116.0  178.170966  10.670222   80.0  338.003153  27.180409  120.0  183.152488  18.920935  118.0  341.490646  43.037176   69.0
FAILURE!!!! Some beads might have been misidentified
               x1         y1  area1          x2         y2  area2          x3         y3  area3          x4         y4  area4          x5         y5  area5
range  341.856695  11.315942  114.0  178.117841  10.655917   75.0  337.660221  27.205886  120.0  183.199738  18.868072  112.0  341.698345  43.066109   69.0
FAILURE!!!! Some beads might have been misidentified
               x1         y1  area1          x2         y2  area2          x3         y3  area3         x4         y4  area4          x5         y5  area5
range  341.420344  11.282682  116.0  177.964323  10.666443   77.0  338.152645  27.202982  119.0  183.38095  18.794222  112.0  341.446541  43.045549   69.0
FAILURE!!!! Some beads might have been misidentified
Residual vector length: 180, Jacobian shape: (180, 6)
view   0 | SOD= 567.773 mm | SDD= 802.742 mm | M= 1.414 | incident=4.7367°
[[ 232.19711    -516.0974      -45.75968   ]
 [-101.11632     211.27539      19.24032   ]
 [   0.13699539    0.06010344    0.        ]
 [   0.            0.            0.1496    ]]
              x1         y1  area1          x2         y2  area2          x3        y3  area3          x4         y4  area4          x5         y5  area5
range  342.21138  11.199193  114.0  184.630166  10.468104   91.0  341.253632  27.22124  119.0  179.910052  19.591306  117.0  342.101305  43.349128   65.0
FAILURE!!!! Some beads might have been misidentified

iter 04 cost=4077.659268 -> 2602.247556 |dtheta|=3.333831e+00  lambda=1.235e-04

============================================================
Iteration 5
============================================================
Theta offsets (Unity frame):
  Source   : dSx=   0.000, dSy=   0.000, dSz=   0.000  (mm)
  Object   : dOx= -18.093, dOy=  -8.760, dOz= -14.018  (mm)
  Object offset: offset_x=  -0.192, offset_z=  -0.081  (mm)
  Detector : dDx=   0.000, dDy=   0.000, dDz=   0.000  (mm)
  Obj Stage rotY :   23.688 deg
============================================================

Unity geometry (world coordinates):
  Source   : x=   5.000, y=  60.000, z=   0.000
  Object   : x=  -0.093, y=  14.240, z= 565.982
  Detector : x=  -8.000, y=  -5.000, z= 800.000
  Obj rotY :   0.0000 deg
view   0 | SOD= 567.773 mm | SDD= 802.742 mm | M= 1.414 | incident=4.7367°
[[ 232.19711    -516.0974      -45.75968   ]
 [-101.11632     211.27539      19.24032   ]
 [   0.13699539    0.06010344    0.        ]
 [   0.            0.            0.1496    ]]
              x1         y1  area1          x2         y2  area2          x3        y3  area3          x4         y4  area4          x5         y5  area5
range  342.21138  11.199193  114.0  184.630166  10.468104   91.0  341.253632  27.22124  119.0  179.910052  19.591306  117.0  342.101305  43.349128   65.0
FAILURE!!!! Some beads might have been misidentified
               x1         y1  area1          x2         y2  area2          x3        y3  area3          x4         y4  area4          x5         y5  area5
range  342.241513  11.203916  115.0  184.539508  10.467733   84.0  341.245608  27.21233  126.0  179.947961  19.535745  121.0  342.085835  43.359668   65.0
FAILURE!!!! Some beads might have been misidentified
               x1         y1  area1          x2         y2  area2          x3         y3  area3          x4         y4  area4          x5         y5  area5
range  342.165047  11.258134  118.0  184.569258  10.374632   80.0  341.282896  27.284779  133.0  179.956554  19.554349  113.0  342.125922  43.308828   72.0
FAILURE!!!! Some beads might have been misidentified
               x1         y1  area1          x2         y2  area2          x3         y3  area3          x4         y4  area4         x5         y5  area5
range  342.208732  11.265708  115.0  184.554619  10.392846   86.0  341.212934  27.312159  121.0  179.846518  19.413183  120.0  342.10502  43.217065   69.0
FAILURE!!!! Some beads might have been misidentified
               x1         y1  area1          x2         y2  area2         x3         y3  area3     x4         y4  area4          x5         y5  area5
range  342.196776  11.245722  112.0  184.611659  10.400027   88.0  341.26281  27.237355  116.0  179.9  19.594037  120.0  342.087624  43.313109   69.0
FAILURE!!!! Some beads might have been misidentified
              x1         y1  area1          x2         y2  area2          x3         y3  area3          x4         y4  area4          x5        y5  area5
range  342.21138  11.199193  110.0  184.578803  10.457639   90.0  341.245531  27.242813  119.0  179.902044  19.513398  127.0  342.069223  43.33349   61.0
FAILURE!!!! Some beads might have been misidentified
              x1         y1  area1          x2         y2  area2          x3         y3  area3          x4         y4  area4         x5         y5  area5
range  342.23811  11.200256  115.0  184.644274  10.468104   92.0  341.248386  27.257732  117.0  179.883973  19.591306  117.0  342.10973  43.343402   67.0
FAILURE!!!! Some beads might have been misidentified
               x1         y1  area1          x2         y2  area2          x3         y3  area3          x4         y4  area4          x5         y5  area5
range  342.218352  11.240755  110.0  184.621211  10.451611   93.0  341.253632  27.232328  119.0  179.883973  19.536068  127.0  342.086017  43.321482   60.0
FAILURE!!!! Some beads might have been misidentified
              x1         y1  area1          x2         y2  area2          x3         y3  area3          x4         y4  area4          x5         y5  area5
range  342.21138  11.222703  117.0  184.588586  10.470867   90.0  341.253632  27.276682  121.0  179.910052  19.556868  117.0  342.096146  43.330776   67.0
FAILURE!!!! Some beads might have been misidentified
               x1         y1  area1          x2         y2  area2          x3         y3  area3          x4         y4  area4          x5         y5  area5
range  342.243229  11.205465  120.0  184.247567  10.492889   88.0  341.253632  27.216555  125.0  180.206657  19.573409  113.0  342.103754  43.311164   75.0
FAILURE!!!! Some beads might have been misidentified
              x1         y1  area1          x2        y2  area2          x3         y3  area3          x4         y4  area4          x5         y5  area5
range  342.23811  11.256586  118.0  184.823827  10.41927   79.0  341.240284  27.266047  127.0  179.654589  19.541724  114.0  342.080526  43.357333   74.0
FAILURE!!!! Some beads might have been misidentified
               x1         y1  area1          x2         y2  area2          x3         y3  area3          x4         y4  area4          x5         y5  area5
range  342.316312  11.200697  116.0  184.619881  10.492201   87.0  341.053151  27.232328  126.0  179.740407  19.583506  118.0  342.264108  43.258928   63.0
FAILURE!!!! Some beads might have been misidentified
               x1         y1  area1          x2         y2  area2          x3         y3  area3          x4        y4  area4          x5         y5  area5
range  342.105619  11.240197  115.0  184.528679  10.330057   86.0  341.475352  27.238047  127.0  180.002402  19.50212  118.0  341.964527  43.372444   71.0
FAILURE!!!! Some beads might have been misidentified
Residual vector length: 180, Jacobian shape: (180, 6)
view   0 | SOD= 565.488 mm | SDD= 802.742 mm | M= 1.420 | incident=4.7367°
[[ 238.44315    -510.71304     -45.75483   ]
 [-105.34837     211.76628      19.24517   ]
 [   0.13611239    0.06207719    0.        ]
 [   0.            0.            0.1496    ]]
               x1         y1  area1          x2         y2  area2        x3         y3  area3          x4         y4  area4          x5         y5  area5
range  339.529561  11.483009  109.0  182.093647  10.710903   84.0  345.9436  27.198421  115.0  184.687318  19.302031  126.0  339.665554  44.264715   66.0
FAILURE!!!! Some beads might have been misidentified

iter 05 cost=2602.247556 -> 1655.863838 |dtheta|=2.272366e+00  lambda=4.115e-05

============================================================
Iteration 6
============================================================
Theta offsets (Unity frame):
  Source   : dSx=   0.000, dSy=   0.000, dSz=   0.000  (mm)
  Object   : dOx= -17.998, dOy=  -8.755, dOz= -16.117  (mm)
  Object offset: offset_x=  -0.025, offset_z=  -0.272  (mm)
  Detector : dDx=   0.000, dDy=   0.000, dDz=   0.000  (mm)
  Obj Stage rotY :   24.516 deg
============================================================

Unity geometry (world coordinates):
  Source   : x=   5.000, y=  60.000, z=   0.000
  Object   : x=   0.002, y=  14.245, z= 563.883
  Detector : x=  -8.000, y=  -5.000, z= 800.000
  Obj rotY :   0.0000 deg
view   0 | SOD= 565.488 mm | SDD= 802.742 mm | M= 1.420 | incident=4.7367°
[[ 238.44315    -510.71304     -45.75483   ]
 [-105.34837     211.76628      19.24517   ]
 [   0.13611239    0.06207719    0.        ]
 [   0.            0.            0.1496    ]]
               x1         y1  area1          x2         y2  area2        x3         y3  area3          x4         y4  area4          x5         y5  area5
range  339.529561  11.483009  109.0  182.093647  10.710903   84.0  345.9436  27.198421  115.0  184.687318  19.302031  126.0  339.665554  44.264715   66.0
FAILURE!!!! Some beads might have been misidentified
               x1         y1  area1          x2         y2  area2          x3         y3  area3          x4         y4  area4          x5         y5  area5
range  339.531833  11.520341  112.0  182.126383  10.736487   81.0  345.867319  27.237806  127.0  184.690638  19.310292  126.0  339.646301  44.247832   68.0
FAILURE!!!! Some beads might have been misidentified
               x1         y1  area1          x2         y2  area2          x3         y3  area3         x4         y4  area4          x5        y5  area5
range  339.619923  11.499801  109.0  182.056147  10.715259   80.0  345.927727  27.176567  118.0  184.65677  19.302738  123.0  339.631867  44.16704   75.0
FAILURE!!!! Some beads might have been misidentified
               x1         y1  area1          x2         y2  area2          x3         y3  area3          x4         y4  area4          x5         y5  area5
range  339.536835  11.549107  110.0  182.068767  10.633159   81.0  345.973557  27.183601  119.0  184.697682  19.218916  125.0  339.641243  44.157057   69.0
FAILURE!!!! Some beads might have been misidentified
               x1         y1  area1         x2         y2  area2          x3         y3  area3          x4         y4  area4          x5         y5  area5
range  339.581112  11.447113  115.0  182.07459  10.738653   84.0  345.940793  27.273009  121.0  184.686346  19.345716  120.0  339.568062  44.245322   67.0
FAILURE!!!! Some beads might have been misidentified
               x1         y1  area1          x2         y2  area2        x3         y3  area3          x4         y4  area4          x5         y5  area5
range  339.529561  11.504286  109.0  182.093647  10.710903   80.0  345.9436  27.198421  123.0  184.687318  19.302031  127.0  339.647021  44.232941   67.0
FAILURE!!!! Some beads might have been misidentified
               x1         y1  area1          x2         y2  area2        x3         y3  area3          x4         y4  area4         x5         y5  area5
range  339.561368  11.483009  108.0  182.093647  10.699161   83.0  345.9436  27.211607  115.0  184.687318  19.317727  129.0  339.66776  44.281427   65.0
FAILURE!!!! Some beads might have been misidentified
              x1         y1  area1          x2        y2  area2        x3         y3  area3          x4         y4  area4         x5         y5  area5
range  339.54521  11.502815  109.0  182.093647  10.71012   80.0  345.9436  27.203419  123.0  184.687318  19.300499  129.0  339.66776  44.273869   67.0
FAILURE!!!! Some beads might have been misidentified
               x1         y1  area1          x2         y2  area2          x3         y3  area3          x4         y4  area4          x5         y5  area5
range  339.529561  11.490196  107.0  182.093647  10.699161   83.0  345.950195  27.200795  115.0  184.687318  19.320813  130.0  339.672003  44.249963   64.0
FAILURE!!!! Some beads might have been misidentified
               x1         y1  area1          x2         y2  area2          x3         y3  area3          x4         y4  area4          x5        y5  area5
range  339.524331  11.557023  112.0  181.979001  10.699161   81.0  345.973686  27.193933  121.0  184.859578  19.268546  123.0  339.672676  44.19621   69.0
FAILURE!!!! Some beads might have been misidentified
              x1         y1  area1         x2         y2  area2          x3        y3  area3          x4         y4  area4          x5         y5  area5
range  339.54521  11.484378  110.0  182.22448  10.724423   81.0  345.943308  27.22044  124.0  184.472012  19.348629  120.0  339.649251  44.247982   70.0
FAILURE!!!! Some beads might have been misidentified
               x1         y1  area1          x2         y2  area2         x3         y3  area3         x4        y4  area4          x5         y5  area5
range  339.711532  11.485853  113.0  182.128951  10.717485   80.0  345.72795  27.203419  124.0  184.53536  19.29483  123.0  339.824533  44.203481   72.0
FAILURE!!!! Some beads might have been misidentified
               x1         y1  area1          x2        y2  area2         x3         y3  area3          x4         y4  area4          x5         y5  area5
range  339.469745  11.491167  112.0  182.034633  10.73426   79.0  346.07461  27.188349  123.0  184.762574  19.309729  123.0  339.446797  44.296179   67.0
FAILURE!!!! Some beads might have been misidentified
Residual vector length: 180, Jacobian shape: (180, 6)
view   0 | SOD= 563.824 mm | SDD= 802.742 mm | M= 1.424 | incident=4.7367°
[[ 242.57251    -506.93484     -45.532677  ]
 [-108.07546     212.24176      19.467325  ]
 [   0.13551578    0.06336904    0.        ]
 [   0.            0.            0.1496    ]]
              x1         y1  area1          x2         y2  area2          x3         y3  area3          x4         y4  area4          x5         y5  area5
range  341.07359  11.439616  119.0  181.798546  10.718595   93.0  346.298182  27.249655  126.0  185.736271  19.100652  116.0  341.035848  44.326814   70.0
FAILURE!!!! Some beads might have been misidentified

iter 06 cost=1655.863838 -> 1080.709779 |dtheta|=1.782800e+00  lambda=1.372e-05

============================================================
Iteration 7
============================================================
Theta offsets (Unity frame):
  Source   : dSx=   0.000, dSy=   0.000, dSz=   0.000  (mm)
  Object   : dOx= -18.046, dOy=  -8.533, dOz= -17.797  (mm)
  Object offset: offset_x=   0.043, offset_z=  -0.242  (mm)
  Detector : dDx=   0.000, dDy=   0.000, dDz=   0.000  (mm)
  Obj Stage rotY :   25.061 deg
============================================================

Unity geometry (world coordinates):
  Source   : x=   5.000, y=  60.000, z=   0.000
  Object   : x=  -0.046, y=  14.467, z= 562.203
  Detector : x=  -8.000, y=  -5.000, z= 800.000
  Obj rotY :   0.0000 deg
view   0 | SOD= 563.824 mm | SDD= 802.742 mm | M= 1.424 | incident=4.7367°
[[ 242.57251    -506.93484     -45.532677  ]
 [-108.07546     212.24176      19.467325  ]
 [   0.13551578    0.06336904    0.        ]
 [   0.            0.            0.1496    ]]
              x1         y1  area1          x2         y2  area2          x3         y3  area3          x4         y4  area4          x5         y5  area5
range  341.07359  11.439616  119.0  181.798546  10.718595   93.0  346.298182  27.249655  126.0  185.736271  19.100652  116.0  341.035848  44.326814   70.0
FAILURE!!!! Some beads might have been misidentified
               x1         y1  area1          x2         y2  area2          x3         y3  area3          x4         y4  area4          x5         y5  area5
range  341.064858  11.417246  119.0  181.795983  10.727796   92.0  346.322486  27.275855  121.0  185.691865  19.084634  114.0  341.014836  44.266687   73.0
FAILURE!!!! Some beads might have been misidentified
               x1         y1  area1          x2         y2  area2         x3         y3  area3          x4         y4  area4          x5         y5  area5
range  341.037347  11.416651  122.0  181.756216  10.646106   88.0  346.28467  27.281954  125.0  185.711715  19.169825  116.0  341.016936  44.310291   73.0
FAILURE!!!! Some beads might have been misidentified
               x1         y1  area1          x2         y2  area2          x3         y3  area3         x4         y4  area4         x5         y5  area5
range  341.068735  11.349828  117.0  181.808919  10.644767   86.0  346.274117  27.157623  128.0  185.76674  19.258769  123.0  340.99042  44.338097   70.0
FAILURE!!!! Some beads might have been misidentified
               x1         y1  area1          x2         y2  area2          x3         y3  area3          x4         y4  area4         x5         y5  area5
range  341.034787  11.407663  113.0  181.789703  10.717167   91.0  346.261032  27.271334  125.0  185.739103  19.069561  116.0  341.09389  44.335383   67.0
FAILURE!!!! Some beads might have been misidentified
              x1         y1  area1          x2         y2  area2          x3         y3  area3          x4         y4  area4          x5         y5  area5
range  341.07359  11.439616  119.0  181.818776  10.723933   93.0  346.304621  27.233921  126.0  185.747406  19.081771  115.0  341.035848  44.348266   70.0
FAILURE!!!! Some beads might have been misidentified
              x1         y1  area1          x2         y2  area2          x3         y3  area3          x4         y4  area4          x5         y5  area5
range  341.07359  11.439616  119.0  181.798546  10.718595   94.0  346.298182  27.286798  124.0  185.732169  19.064961  116.0  341.035848  44.320858   69.0
FAILURE!!!! Some beads might have been misidentified
              x1         y1  area1          x2         y2  area2          x3         y3  area3          x4         y4  area4          x5         y5  area5
range  341.07359  11.406981  123.0  181.758474  10.721226   81.0  346.298182  27.261502  127.0  185.736271  19.104007  115.0  341.035848  44.365156   75.0
FAILURE!!!! Some beads might have been misidentified
              x1         y1  area1          x2         y2  area2          x3         y3  area3          x4        y4  area4          x5         y5  area5
range  341.07359  11.436631  118.0  181.784529  10.709501   88.0  346.298182  27.237498  130.0  185.736271  19.08489  115.0  341.035848  44.306755   72.0
FAILURE!!!! Some beads might have been misidentified
              x1         y1  area1          x2         y2  area2          x3         y3  area3          x4         y4  area4          x5         y5  area5
range  341.07359  11.426474  118.0  181.553553  10.702333   92.0  346.304621  27.289987  119.0  185.870117  19.085178  117.0  340.981884  44.285471   71.0
FAILURE!!!! Some beads might have been misidentified
               x1         y1  area1          x2         y2  area2          x3         y3  area3          x4       y4  area4          x5         y5  area5
range  341.063701  11.407423  114.0  181.998646  10.661637   90.0  346.298182  27.253345  126.0  185.524965  19.1009  118.0  341.056268  44.291507   71.0
FAILURE!!!! Some beads might have been misidentified
               x1         y1  area1          x2         y2  area2          x3       y3  area3          x4         y4  area4          x5         y5  area5
range  341.215817  11.451464  121.0  181.829077  10.758256   93.0  346.149114  27.2579  124.0  185.618292  19.131521  115.0  341.220652  44.306755   72.0
FAILURE!!!! Some beads might have been misidentified
               x1         y1  area1          x2         y2  area2          x3         y3  area3          x4         y4  area4          x5         y5  area5
range  340.886388  11.466289  122.0  181.694043  10.637638   91.0  346.472808  27.238252  131.0  185.798085  19.123965  116.0  340.831801  44.372827   71.0
FAILURE!!!! Some beads might have been misidentified
Residual vector length: 180, Jacobian shape: (180, 6)
view   0 | SOD= 563.023 mm | SDD= 802.742 mm | M= 1.426 | incident=4.7367°
[[ 244.24316    -505.24643     -45.453773  ]
 [-109.071014    212.6241       19.546225  ]
 [   0.1352797     0.06387146    0.        ]
 [   0.            0.            0.1496    ]]
               x1         y1  area1          x2         y2  area2         x3         y3  area3          x4         y4  area4          x5         y5  area5
range  346.831183  11.305212  113.0  184.864531  10.621706   81.0  341.60035  27.729107  126.0  181.697155  19.674538  122.0  346.858332  43.803619   72.0
FAILURE!!!! Some beads might have been misidentified

iter 07 cost=1080.709779 -> 740.061732 |dtheta|=1.142382e+00  lambda=4.572e-06

============================================================
Iteration 8
============================================================
Theta offsets (Unity frame):
  Source   : dSx=   0.000, dSy=   0.000, dSz=   0.000  (mm)
  Object   : dOx= -18.092, dOy=  -8.454, dOz= -18.876  (mm)
  Object offset: offset_x=  -0.058, offset_z=   0.037  (mm)
  Detector : dDx=   0.000, dDy=   0.000, dDz=   0.000  (mm)
  Obj Stage rotY :   25.274 deg
============================================================

Unity geometry (world coordinates):
  Source   : x=   5.000, y=  60.000, z=   0.000
  Object   : x=  -0.092, y=  14.546, z= 561.124
  Detector : x=  -8.000, y=  -5.000, z= 800.000
  Obj rotY :   0.0000 deg
view   0 | SOD= 563.023 mm | SDD= 802.742 mm | M= 1.426 | incident=4.7367°
[[ 244.24316    -505.24643     -45.453773  ]
 [-109.071014    212.6241       19.546225  ]
 [   0.1352797     0.06387146    0.        ]
 [   0.            0.            0.1496    ]]
               x1         y1  area1          x2         y2  area2         x3         y3  area3          x4         y4  area4          x5         y5  area5
range  346.831183  11.305212  113.0  184.864531  10.621706   81.0  341.60035  27.729107  126.0  181.697155  19.674538  122.0  346.858332  43.803619   72.0
FAILURE!!!! Some beads might have been misidentified
               x1         y1  area1          x2         y2  area2          x3         y3  area3          x4         y4  area4          x5         y5  area5
range  346.785183  11.283326  114.0  184.970834  10.547978   80.0  341.651034  27.793695  123.0  181.616902  19.614911  118.0  346.932011  43.763282   73.0
FAILURE!!!! Some beads might have been misidentified
               x1         y1  area1          x2        y2  area2          x3         y3  area3          x4         y4  area4          x5         y5  area5
range  346.904377  11.228648  110.0  184.983968  10.57817   88.0  341.587935  27.677188  126.0  181.723611  19.590014  124.0  346.943751  43.828763   70.0
FAILURE!!!! Some beads might have been misidentified
               x1        y1  area1          x2         y2  area2          x3         y3  area3          x4        y4  area4          x5         y5  area5
range  346.811387  11.32892  112.0  184.875527  10.530902   82.0  341.629077  27.799744  118.0  181.661041  19.64435  124.0  346.910658  43.810159   68.0
FAILURE!!!! Some beads might have been misidentified
               x1         y1  area1          x2         y2  area2          x3         y3  area3          x4        y4  area4          x5         y5  area5
range  346.826337  11.246001  114.0  184.846705  10.548299   79.0  341.524271  27.839309  127.0  181.621632  19.63161  124.0  346.838489  43.817486   66.0
FAILURE!!!! Some beads might have been misidentified
               x1         y1  area1          x2         y2  area2         x3         y3  area3          x4         y4  area4          x5         y5  area5
range  346.817916  11.305212  113.0  184.857898  10.620763   80.0  341.60035  27.729107  125.0  181.643465  19.654437  124.0  346.875032  43.803619   72.0
FAILURE!!!! Some beads might have been misidentified
               x1         y1  area1          x2         y2  area2         x3         y3  area3          x4         y4  area4          x5        y5  area5
range  346.837718  11.305212  113.0  184.864531  10.628534   80.0  341.60035  27.729107  126.0  181.698608  19.674538  122.0  346.900135  43.80981   72.0
FAILURE!!!! Some beads might have been misidentified
               x1         y1  area1          x2       y2  area2         x3         y3  area3          x4         y4  area4         x5        y5  area5
range  346.824441  11.286094  112.0  184.864531  10.6562   82.0  341.57969  27.742946  125.0  181.613804  19.686637  123.0  346.91673  43.80981   72.0
FAILURE!!!! Some beads might have been misidentified
               x1         y1  area1          x2         y2  area2         x3         y3  area3          x4         y4  area4          x5         y5  area5
range  346.819487  11.296606  112.0  184.864531  10.589654   80.0  341.60035  27.730494  125.0  181.697155  19.654437  122.0  346.858332  43.797515   71.0
FAILURE!!!! Some beads might have been misidentified
               x1         y1  area1          x2         y2  area2         x3         y3  area3          x4         y4  area4          x5         y5  area5
range  346.799838  11.265661  111.0  184.767236  10.626098   81.0  341.57969  27.774231  129.0  181.870697  19.670679  124.0  346.858332  43.783968   70.0
FAILURE!!!! Some beads might have been misidentified
               x1         y1  area1          x2         y2  area2         x3         y3  area3          x4         y4  area4          x5         y5  area5
range  346.843541  11.246313  113.0  185.202556  10.609246   90.0  341.60035  27.708044  122.0  181.442007  19.675806  123.0  346.956111  43.800756   72.0
FAILURE!!!! Some beads might have been misidentified
               x1         y1  area1          x2         y2  area2          x3         y3  area3        x4         y4  area4          x5         y5  area5
range  346.953567  11.291366  111.0  184.966536  10.539891   82.0  341.440152  27.729107  124.0  181.5557  19.624493  124.0  347.142052  43.803619   71.0
FAILURE!!!! Some beads might have been misidentified
               x1         y1  area1          x2         y2  area2          x3         y3  area3          x4         y4  area4          x5         y5  area5
range  346.735993  11.294439  114.0  184.825079  10.597216   80.0  341.779861  27.729107  124.0  181.807332  19.580432  119.0  346.733711  43.810301   74.0
FAILURE!!!! Some beads might have been misidentified
Residual vector length: 180, Jacobian shape: (180, 6)
view   0 | SOD= 562.536 mm | SDD= 802.742 mm | M= 1.427 | incident=4.7367°
[[ 243.09572    -505.2581      -45.441673  ]
 [-108.92549     213.24738      19.558327  ]
 [   0.13539447    0.0636278     0.        ]
 [   0.            0.            0.1496    ]]
               x1         y1  area1          x2         y2  area2          x3         y3  area3          x4         y4  area4          x5         y5  area5
range  346.878003  11.195243  119.0  185.252311  10.437944   84.0  342.326724  27.788381  129.0  181.936228  19.619784  118.0  346.781065  43.835727   74.0
FAILURE!!!! Some beads might have been misidentified

iter 08 cost=740.061732 -> 626.145958 |dtheta|=4.788004e-01  lambda=1.524e-06

============================================================
Iteration 9
============================================================
Theta offsets (Unity frame):
  Source   : dSx=   0.000, dSy=   0.000, dSz=   0.000  (mm)
  Object   : dOx= -18.047, dOy=  -8.442, dOz= -19.340  (mm)
  Object offset: offset_x=  -0.069, offset_z=   0.014  (mm)
  Detector : dDx=   0.000, dDy=   0.000, dDz=   0.000  (mm)
  Obj Stage rotY :   25.171 deg
============================================================

Unity geometry (world coordinates):
  Source   : x=   5.000, y=  60.000, z=   0.000
  Object   : x=  -0.047, y=  14.558, z= 560.660
  Detector : x=  -8.000, y=  -5.000, z= 800.000
  Obj rotY :   0.0000 deg
view   0 | SOD= 562.536 mm | SDD= 802.742 mm | M= 1.427 | incident=4.7367°
[[ 243.09572    -505.2581      -45.441673  ]
 [-108.92549     213.24738      19.558327  ]
 [   0.13539447    0.0636278     0.        ]
 [   0.            0.            0.1496    ]]
               x1         y1  area1          x2         y2  area2          x3         y3  area3          x4         y4  area4          x5         y5  area5
range  346.878003  11.195243  119.0  185.252311  10.437944   84.0  342.326724  27.788381  129.0  181.936228  19.619784  118.0  346.781065  43.835727   74.0
FAILURE!!!! Some beads might have been misidentified
               x1         y1  area1          x2         y2  area2          x3         y3  area3          x4         y4  area4          x5         y5  area5
range  346.967284  11.214472  126.0  185.347062  10.521237   82.0  342.373494  27.790887  127.0  181.847562  19.665691  116.0  346.836389  43.819274   75.0
FAILURE!!!! Some beads might have been misidentified
               x1         y1  area1          x2        y2  area2         x3         y3  area3          x4         y4  area4          x5         y5  area5
range  346.784092  11.299169  112.0  185.235571  10.43432   80.0  342.23291  27.770911  130.0  181.992442  19.668854  122.0  346.663799  43.881625   75.0
FAILURE!!!! Some beads might have been misidentified
               x1         y1  area1          x2         y2  area2          x3         y3  area3          x4         y4  area4         x5        y5  area5
range  346.992053  11.309359  119.0  185.289733  10.497986   80.0  342.310519  27.745701  121.0  181.923572  19.620262  122.0  346.74947  43.81599   71.0
FAILURE!!!! Some beads might have been misidentified
               x1         y1  area1          x2         y2  area2          x3        y3  area3          x4         y4  area4          x5        y5  area5
range  346.897206  11.234917  116.0  185.177094  10.540087   88.0  342.322706  27.77484  127.0  181.937715  19.689063  121.0  346.806336  43.94647   70.0
FAILURE!!!! Some beads might have been misidentified
               x1         y1  area1          x2       y2  area2          x3         y3  area3          x4         y4  area4          x5         y5  area5
range  346.819968  11.195243  119.0  185.252311  10.4534   84.0  342.260599  27.782545  128.0  181.892145  19.648767  119.0  346.771404  43.845528   72.0
FAILURE!!!! Some beads might have been misidentified
               x1         y1  area1          x2        y2  area2          x3        y3  area3          x4         y4  area4          x5         y5  area5
range  346.878003  11.259324  113.0  185.286898  10.43248   90.0  342.307699  27.81874  129.0  181.936228  19.645484  124.0  346.764322  43.880316   75.0
FAILURE!!!! Some beads might have been misidentified
               x1         y1  area1          x2         y2  area2          x3         y3  area3          x4         y4  area4          x5         y5  area5
range  346.865435  11.281546  113.0  185.268075  10.442111   89.0  342.307699  27.777794  128.0  181.936228  19.645484  124.0  346.764457  43.850935   74.0
FAILURE!!!! Some beads might have been misidentified
               x1        y1  area1          x2         y2  area2          x3         y3  area3          x4         y4  area4          x5         y5  area5
range  346.916192  11.21158  118.0  185.252311  10.452329   84.0  342.315031  27.861795  128.0  181.936228  19.636185  119.0  346.788266  43.812936   72.0
FAILURE!!!! Some beads might have been misidentified
               x1         y1  area1          x2        y2  area2          x3         y3  area3          x4         y4  area4          x5         y5  area5
range  346.942466  11.242496  119.0  185.133923  10.47352   83.0  342.301834  27.784909  126.0  182.045248  19.627542  120.0  346.829111  43.808919   68.0
FAILURE!!!! Some beads might have been misidentified
               x1         y1  area1          x2         y2  area2          x3         y3  area3          x4         y4  area4          x5        y5  area5
range  346.878003  11.271145  110.0  185.442853  10.407889   81.0  342.294932  27.814247  130.0  181.787009  19.638796  122.0  346.740141  43.89198   74.0
FAILURE!!!! Some beads might have been misidentified
               x1         y1  area1         x2         y2  area2          x3         y3  area3          x4        y4  area4          x5         y5  area5
range  347.104338  11.195243  117.0  185.28439  10.510949   83.0  342.131381  27.782545  126.0  181.851242  19.69329  121.0  346.996371  43.790795   73.0
FAILURE!!!! Some beads might have been misidentified
               x1         y1  area1          x2         y2  area2          x3         y3  area3          x4         y4  area4          x5         y5  area5
range  346.647037  11.286906  122.0  185.268075  10.444608   86.0  342.475023  27.811013  131.0  181.972222  19.651018  120.0  346.503817  43.902571   78.0
FAILURE!!!! Some beads might have been misidentified
Residual vector length: 180, Jacobian shape: (180, 6)
view   0 | SOD= 561.812 mm | SDD= 802.742 mm | M= 1.429 | incident=4.7367°
[[ 243.04779    -504.48038     -45.39219   ]
 [-109.44222     213.7952       19.607811  ]
 [   0.13535292    0.06371614    0.        ]
 [   0.            0.            0.1496    ]]
               x1         y1  area1          x2         y2  area2          x3         y3  area3          x4         y4  area4         x5         y5  area5
range  348.366048  11.211344  114.0  183.828709  10.646628   83.0  341.511084  27.946026  127.0  183.477955  19.599501  122.0  348.50653  43.943737   64.0
FAILURE!!!! Some beads might have been misidentified

iter 09 cost=626.145958 -> 473.088817 |dtheta|=7.990280e-01  lambda=1.000e-06

============================================================
Iteration 10
============================================================
Theta offsets (Unity frame):
  Source   : dSx=   0.000, dSy=   0.000, dSz=   0.000  (mm)
  Object   : dOx= -18.073, dOy=  -8.392, dOz= -20.127  (mm)
  Object offset: offset_x=   0.035, offset_z=   0.080  (mm)
  Detector : dDx=   0.000, dDy=   0.000, dDz=   0.000  (mm)
  Obj Stage rotY :   25.208 deg
============================================================

Unity geometry (world coordinates):
  Source   : x=   5.000, y=  60.000, z=   0.000
  Object   : x=  -0.073, y=  14.608, z= 559.873
  Detector : x=  -8.000, y=  -5.000, z= 800.000
  Obj rotY :   0.0000 deg
view   0 | SOD= 561.812 mm | SDD= 802.742 mm | M= 1.429 | incident=4.7367°
[[ 243.04779    -504.48038     -45.39219   ]
 [-109.44222     213.7952       19.607811  ]
 [   0.13535292    0.06371614    0.        ]
 [   0.            0.            0.1496    ]]
               x1         y1  area1          x2         y2  area2          x3         y3  area3          x4         y4  area4         x5         y5  area5
range  348.366048  11.211344  114.0  183.828709  10.646628   83.0  341.511084  27.946026  127.0  183.477955  19.599501  122.0  348.50653  43.943737   64.0
FAILURE!!!! Some beads might have been misidentified
               x1        y1  area1          x2         y2  area2          x3         y3  area3          x4         y4  area4          x5         y5  area5
range  348.385771  11.26303  114.0  183.808514  10.641312   89.0  341.565449  27.932532  131.0  183.480886  19.709084  125.0  348.491829  43.895793   66.0
FAILURE!!!! Some beads might have been misidentified
               x1         y1  area1          x2         y2  area2          x3         y3  area3          x4         y4  area4          x5         y5  area5
range  348.379066  11.245343  115.0  183.790087  10.678575   86.0  341.586867  27.899569  125.0  183.553731  19.569891  123.0  348.434822  43.941012   70.0
FAILURE!!!! Some beads might have been misidentified
               x1         y1  area1          x2         y2  area2          x3         y3  area3          x4         y4  area4          x5         y5  area5
range  348.416012  11.366272  116.0  183.824569  10.671451   82.0  341.569058  27.907161  125.0  183.547234  19.630052  123.0  348.449843  43.899139   69.0
FAILURE!!!! Some beads might have been misidentified
               x1         y1  area1         x2         y2  area2          x3         y3  area3          x4         y4  area4          x5         y5  area5
range  348.342209  11.290326  111.0  183.78626  10.633658   88.0  341.497247  27.977089  132.0  183.506155  19.596243  124.0  348.505339  43.870738   65.0
FAILURE!!!! Some beads might have been misidentified
               x1         y1  area1          x2         y2  area2          x3         y3  area3          x4        y4  area4          x5        y5  area5
range  348.366048  11.211344  114.0  183.811875  10.665248   82.0  341.511084  27.946026  124.0  183.485273  19.64058  123.0  348.487395  43.94884   64.0
FAILURE!!!! Some beads might have been misidentified
               x1         y1  area1          x2         y2  area2          x3         y3  area3         x4         y4  area4          x5         y5  area5
range  348.366048  11.211344  114.0  183.828709  10.661044   83.0  341.525624  27.947919  127.0  183.47752  19.578228  125.0  348.496901  43.954912   67.0
FAILURE!!!! Some beads might have been misidentified
               x1         y1  area1          x2         y2  area2          x3         y3  area3         x4         y4  area4          x5       y5  area5
range  348.366048  11.215212  115.0  183.828709  10.697994   87.0  341.521487  27.952545  122.0  183.48487  19.599501  126.0  348.476001  43.9455   64.0
FAILURE!!!! Some beads might have been misidentified
               x1         y1  area1          x2         y2  area2          x3         y3  area3          x4         y4  area4          x5         y5  area5
range  348.374145  11.185567  117.0  183.794325  10.621341   87.0  341.541233  27.912167  114.0  183.551017  19.603544  122.0  348.526115  43.947242   67.0
FAILURE!!!! Some beads might have been misidentified
               x1         y1  area1          x2         y2  area2          x3        y3  area3          x4         y4  area4          x5         y5  area5
range  348.374145  11.239483  115.0  183.679572  10.627991   89.0  341.542739  27.91257  132.0  183.682319  19.599501  123.0  348.527924  43.949776   66.0
FAILURE!!!! Some beads might have been misidentified
               x1        y1  area1          x2         y2  area2          x3         y3  area3          x4         y4  area4          x5         y5  area5
range  348.349414  11.26889  114.0  183.919028  10.655646   85.0  341.521487  27.939445  121.0  183.352298  19.615541  125.0  348.416895  43.876074   69.0
FAILURE!!!! Some beads might have been misidentified
              x1         y1  area1          x2         y2  area2          x3         y3  area3          x4         y4  area4          x5         y5  area5
range  348.55935  11.196009  115.0  183.847833  10.647152   85.0  341.375293  27.920432  127.0  183.464917  19.698344  122.0  348.652994  43.915063   67.0
FAILURE!!!! Some beads might have been misidentified
               x1         y1  area1          x2         y2  area2         x3         y3  area3          x4         y4  area4          x5         y5  area5
range  348.205487  11.226486  114.0  183.799174  10.659106   85.0  341.76967  27.941226  122.0  183.537283  19.572467  128.0  348.273657  44.013649   69.0
FAILURE!!!! Some beads might have been misidentified
Residual vector length: 180, Jacobian shape: (180, 6)
view   0 | SOD= 560.839 mm | SDD= 802.742 mm | M= 1.431 | incident=4.7367°
[[ 242.09073    -503.86172     -45.33994   ]
 [-109.71828     214.74763      19.66006   ]
 [   0.13541326    0.06358782    0.        ]
 [   0.            0.            0.1496    ]]
               x1         y1  area1          x2         y2  area2          x3         y3  area3          x4         y4  area4          x5         y5  area5
range  347.648148  11.323055  117.0  184.077297  10.674129   80.0  343.666934  27.955212  122.0  184.082114  19.510851  128.0  347.620819  44.161671   79.0
FAILURE!!!! Some beads might have been misidentified

iter 10 cost=473.088817 -> 311.263449 |dtheta|=9.000835e-01  lambda=1.000e-06

============================================================
Iteration 11
============================================================
Theta offsets (Unity frame):
  Source   : dSx=   0.000, dSy=   0.000, dSz=   0.000  (mm)
  Object   : dOx= -17.987, dOy=  -8.340, dOz= -21.016  (mm)
  Object offset: offset_x=   0.021, offset_z=  -0.003  (mm)
  Detector : dDx=   0.000, dDy=   0.000, dDz=   0.000  (mm)
  Obj Stage rotY :   25.154 deg
============================================================

Unity geometry (world coordinates):
  Source   : x=   5.000, y=  60.000, z=   0.000
  Object   : x=   0.013, y=  14.660, z= 558.984
  Detector : x=  -8.000, y=  -5.000, z= 800.000
  Obj rotY :   0.0000 deg
view   0 | SOD= 560.839 mm | SDD= 802.742 mm | M= 1.431 | incident=4.7367°
[[ 242.09073    -503.86172     -45.33994   ]
 [-109.71828     214.74763      19.66006   ]
 [   0.13541326    0.06358782    0.        ]
 [   0.            0.            0.1496    ]]
               x1         y1  area1          x2         y2  area2          x3         y3  area3          x4         y4  area4          x5         y5  area5
range  347.648148  11.323055  117.0  184.077297  10.674129   80.0  343.666934  27.955212  122.0  184.082114  19.510851  128.0  347.620819  44.161671   79.0
FAILURE!!!! Some beads might have been misidentified
               x1        y1  area1         x2         y2  area2          x3         y3  area3          x4         y4  area4          x5         y5  area5
range  347.648701  11.34157  121.0  184.08219  10.670872   83.0  343.684858  27.906896  125.0  184.176359  19.530838  120.0  347.561903  44.149436   77.0
FAILURE!!!! Some beads might have been misidentified
               x1         y1  area1          x2         y2  area2          x3         y3  area3          x4         y4  area4          x5         y5  area5
range  347.552313  11.334895  115.0  184.064455  10.722046   75.0  343.692863  27.974866  133.0  184.182816  19.548399  131.0  347.457902  44.133061   76.0
FAILURE!!!! Some beads might have been misidentified
               x1        y1  area1          x2         y2  area2          x3       y3  area3          x4         y4  area4          x5         y5  area5
range  347.632851  11.28585  115.0  184.022891  10.671731   86.0  343.694552  27.8442  121.0  184.112038  19.583226  128.0  347.539164  44.130002   81.0
FAILURE!!!! Some beads might have been misidentified
               x1         y1  area1          x2         y2  area2          x3         y3  area3          x4         y4  area4          x5        y5  area5
range  347.685258  11.383504  116.0  184.066089  10.661807   86.0  343.662395  27.955259  129.0  184.089542  19.564296  126.0  347.625872  44.19097   76.0
FAILURE!!!! Some beads might have been misidentified
               x1         y1  area1          x2         y2  area2          x3        y3  area3          x4         y4  area4          x5         y5  area5
range  347.520213  11.331813  117.0  184.077297  10.649193   80.0  343.662717  27.93707  123.0  184.072271  19.548825  128.0  347.594044  44.144563   80.0
FAILURE!!!! Some beads might have been misidentified
               x1         y1  area1          x2         y2  area2          x3         y3  area3          x4         y4  area4          x5         y5  area5
range  347.633228  11.323055  117.0  184.077297  10.675781   80.0  343.667181  27.955212  122.0  184.088794  19.510851  127.0  347.606985  44.194235   78.0
FAILURE!!!! Some beads might have been misidentified
               x1         y1  area1          x2         y2  area2          x3         y3  area3          x4         y4  area4          x5        y5  area5
range  347.520213  11.298565  117.0  184.077297  10.679647   78.0  343.652003  27.966164  121.0  184.060927  19.525796  125.0  347.611217  44.16712   79.0
FAILURE!!!! Some beads might have been misidentified
               x1         y1  area1          x2         y2  area2          x3         y3  area3          x4         y4  area4          x5         y5  area5
range  347.648148  11.344968  116.0  184.077297  10.638926   79.0  343.667181  27.940348  124.0  184.097582  19.502174  129.0  347.601798  44.126034   79.0
FAILURE!!!! Some beads might have been misidentified
               x1        y1  area1          x2         y2  area2          x3         y3  area3          x4         y4  area4          x5         y5  area5
range  347.675214  11.36452  119.0  183.897791  10.671236   83.0  343.693089  28.036234  129.0  184.315126  19.503062  122.0  347.598395  44.091119   76.0
FAILURE!!!! Some beads might have been misidentified
              x1         y1  area1          x2         y2  area2          x3         y3  area3          x4         y4  area4          x5        y5  area5
range  347.53801  11.332522  117.0  184.257814  10.665255   76.0  343.652003  27.842901  126.0  183.938824  19.536898  126.0  347.593115  44.14891   79.0
FAILURE!!!! Some beads might have been misidentified
               x1         y1  area1          x2         y2  area2          x3         y3  area3          x4         y4  area4          x5         y5  area5
range  347.847331  11.275261  117.0  184.077297  10.629383   81.0  343.488959  27.997599  129.0  183.990247  19.529137  131.0  347.723176  44.097699   79.0
FAILURE!!!! Some beads might have been misidentified
               x1         y1  area1          x2        y2  area2          x3        y3  area3          x4         y4  area4          x5         y5  area5
range  347.363731  11.331813  120.0  184.057426  10.75262   77.0  343.888762  27.93348  125.0  184.259693  19.522452  125.0  347.296628  44.208971   74.0
FAILURE!!!! Some beads might have been misidentified
Residual vector length: 180, Jacobian shape: (180, 6)
view   0 | SOD= 560.198 mm | SDD= 802.742 mm | M= 1.433 | incident=4.7367°
[[ 241.5289     -503.42316     -45.289032  ]
 [-109.7282      215.45615      19.710966  ]
 [   0.13546205    0.06348382    0.        ]
 [   0.            0.            0.1496    ]]
               x1         y1  area1          x2         y2  area2          x3         y3  area3          x4         y4  area4          x5         y5  area5
range  347.558934  11.240394  112.0  185.359723  10.533665   82.0  344.419892  27.841533  125.0  183.539611  19.618003  124.0  347.583461  44.334877   71.0
FAILURE!!!! Some beads might have been misidentified

iter 11 cost=311.263449 -> 220.838337 |dtheta|=6.303343e-01  lambda=1.000e-06

============================================================
Iteration 12
============================================================
Theta offsets (Unity frame):
  Source   : dSx=   0.000, dSy=   0.000, dSz=   0.000  (mm)
  Object   : dOx= -18.031, dOy=  -8.289, dOz= -21.638  (mm)
  Object offset: offset_x=  -0.041, offset_z=  -0.021  (mm)
  Detector : dDx=   0.000, dDy=   0.000, dDz=   0.000  (mm)
  Obj Stage rotY :   25.110 deg
============================================================

Unity geometry (world coordinates):
  Source   : x=   5.000, y=  60.000, z=   0.000
  Object   : x=  -0.031, y=  14.711, z= 558.362
  Detector : x=  -8.000, y=  -5.000, z= 800.000
  Obj rotY :   0.0000 deg
view   0 | SOD= 560.198 mm | SDD= 802.742 mm | M= 1.433 | incident=4.7367°
[[ 241.5289     -503.42316     -45.289032  ]
 [-109.7282      215.45615      19.710966  ]
 [   0.13546205    0.06348382    0.        ]
 [   0.            0.            0.1496    ]]
               x1         y1  area1          x2         y2  area2          x3         y3  area3          x4         y4  area4          x5         y5  area5
range  347.558934  11.240394  112.0  185.359723  10.533665   82.0  344.419892  27.841533  125.0  183.539611  19.618003  124.0  347.583461  44.334877   71.0
FAILURE!!!! Some beads might have been misidentified
               x1         y1  area1         x2         y2  area2          x3         y3  area3          x4         y4  area4          x5         y5  area5
range  347.559842  11.258797  121.0  185.39434  10.521134   83.0  344.392956  27.925104  128.0  183.536219  19.639739  123.0  347.633437  44.363756   67.0
FAILURE!!!! Some beads might have been misidentified
               x1         y1  area1        x2         y2  area2          x3         y3  area3          x4         y4  area4          x5         y5  area5
range  347.590059  11.221289  116.0  185.2274  10.571151   79.0  344.430745  27.853445  129.0  183.546594  19.627419  123.0  347.585741  44.420083   72.0
FAILURE!!!! Some beads might have been misidentified
               x1         y1  area1          x2         y2  area2          x3         y3  area3          x4         y4  area4          x5         y5  area5
range  347.568694  11.288552  115.0  185.288847  10.559228   79.0  344.368667  27.875722  127.0  183.539326  19.628451  129.0  347.623076  44.268401   69.0
FAILURE!!!! Some beads might have been misidentified
              x1         y1  area1          x2         y2  area2          x3         y3  area3         x4         y4  area4          x5         y5  area5
range  347.53484  11.281704  118.0  185.320225  10.544642   79.0  344.477057  27.874655  124.0  183.50975  19.686401  115.0  347.640652  44.371944   71.0
FAILURE!!!! Some beads might have been misidentified
               x1         y1  area1          x2         y2  area2          x3         y3  area3          x4         y4  area4          x5         y5  area5
range  347.551833  11.240394  112.0  185.359723  10.524649   82.0  344.411795  27.830044  125.0  183.531495  19.660751  123.0  347.576178  44.315169   69.0
FAILURE!!!! Some beads might have been misidentified
               x1         y1  area1          x2         y2  area2          x3        y3  area3          x4         y4  area4          x5         y5  area5
range  347.564513  11.236166  112.0  185.359723  10.570594   82.0  344.449918  27.82107  125.0  183.539611  19.635587  123.0  347.604018  44.355891   69.0
FAILURE!!!! Some beads might have been misidentified
               x1         y1  area1          x2         y2  area2          x3         y3  area3          x4         y4  area4          x5        y5  area5
range  347.580358  11.245027  116.0  185.359723  10.527239   82.0  344.408102  27.833656  127.0  183.525802  19.605361  125.0  347.595438  44.35918   70.0
FAILURE!!!! Some beads might have been misidentified
               x1         y1  area1          x2         y2  area2          x3         y3  area3          x4         y4  area4          x5         y5  area5
range  347.551833  11.268129  116.0  185.359723  10.530822   82.0  344.449918  27.847639  124.0  183.535017  19.625208  124.0  347.585565  44.325315   70.0
FAILURE!!!! Some beads might have been misidentified
               x1         y1  area1          x2         y2  area2         x3         y3  area3          x4         y4  area4          x5         y5  area5
range  347.541278  11.273055  117.0  185.094541  10.570594   82.0  344.41041  27.884521  125.0  183.744256  19.620377  121.0  347.543157  44.327603   64.0
FAILURE!!!! Some beads might have been misidentified
               x1         y1  area1          x2         y2  area2          x3         y3  area3          x4         y4  area4          x5         y5  area5
range  347.583964  11.229924  118.0  185.527199  10.595392   81.0  344.409942  27.900444  126.0  183.384494  19.682153  120.0  347.602266  44.394997   72.0
FAILURE!!!! Some beads might have been misidentified
               x1         y1  area1          x2         y2  area2          x3         y3  area3          x4         y4  area4          x5         y5  area5
range  347.749866  11.239332  115.0  185.366786  10.536251   84.0  344.262104  27.858275  128.0  183.457315  19.671387  125.0  347.832645  44.304245   71.0
FAILURE!!!! Some beads might have been misidentified
               x1         y1  area1          x2         y2  area2          x3        y3  area3          x4        y4  area4          x5         y5  area5
range  347.400034  11.222485  114.0  185.275267  10.582236   82.0  344.573308  27.80958  124.0  183.623363  19.60705  127.0  347.399488  44.365525   68.0
FAILURE!!!! Some beads might have been misidentified
Residual vector length: 180, Jacobian shape: (180, 6)
view   0 | SOD= 559.652 mm | SDD= 802.742 mm | M= 1.434 | incident=4.7367°
[[ 241.01346    -503.06784     -45.229713  ]
 [-109.93585     215.96176      19.770287  ]
 [   0.13548921    0.06342582    0.        ]
 [   0.            0.            0.1496    ]]
               x1         y1  area1          x2        y2  area2          x3        y3  area3          x4         y4  area4          x5         y5  area5
range  348.377056  11.337155  124.0  184.784408  10.62484   90.0  344.466772  27.86915  121.0  184.237646  19.624718  120.0  348.343852  44.373075   77.0
FAILURE!!!! Some beads might have been misidentified

iter 12 cost=220.838337 -> 153.741609 |dtheta|=5.685963e-01  lambda=1.000e-06

============================================================
Iteration 13
============================================================
Theta offsets (Unity frame):
  Source   : dSx=   0.000, dSy=   0.000, dSz=   0.000  (mm)
  Object   : dOx= -17.997, dOy=  -8.230, dOz= -22.200  (mm)
  Object offset: offset_x=   0.002, offset_z=  -0.001  (mm)
  Detector : dDx=   0.000, dDy=   0.000, dDz=   0.000  (mm)
  Obj Stage rotY :   25.085 deg
============================================================

Unity geometry (world coordinates):
  Source   : x=   5.000, y=  60.000, z=   0.000
  Object   : x=   0.003, y=  14.770, z= 557.800
  Detector : x=  -8.000, y=  -5.000, z= 800.000
  Obj rotY :   0.0000 deg
view   0 | SOD= 559.652 mm | SDD= 802.742 mm | M= 1.434 | incident=4.7367°
[[ 241.01346    -503.06784     -45.229713  ]
 [-109.93585     215.96176      19.770287  ]
 [   0.13548921    0.06342582    0.        ]
 [   0.            0.            0.1496    ]]
               x1         y1  area1          x2        y2  area2          x3        y3  area3          x4         y4  area4          x5         y5  area5
range  348.377056  11.337155  124.0  184.784408  10.62484   90.0  344.466772  27.86915  121.0  184.237646  19.624718  120.0  348.343852  44.373075   77.0
FAILURE!!!! Some beads might have been misidentified
               x1         y1  area1          x2         y2  area2         x3         y3  area3          x4         y4  area4          x5         y5  area5
range  348.358355  11.350907  119.0  184.760741  10.669259   96.0  344.42925  27.865518  123.0  184.230083  19.634532  127.0  348.267908  44.340385   72.0
FAILURE!!!! Some beads might have been misidentified
               x1         y1  area1          x2         y2  area2          x3         y3  area3          x4         y4  area4          x5         y5  area5
range  348.415065  11.297602  123.0  184.714777  10.637801   87.0  344.435556  27.882637  127.0  184.258927  19.652929  118.0  348.289234  44.356521   76.0
FAILURE!!!! Some beads might have been misidentified
               x1         y1  area1          x2         y2  area2          x3         y3  area3          x4         y4  area4          x5         y5  area5
range  348.440864  11.391785  119.0  184.788291  10.709225   87.0  344.451196  27.926081  132.0  184.228468  19.620027  120.0  348.342932  44.275537   75.0
FAILURE!!!! Some beads might have been misidentified
               x1         y1  area1         x2         y2  area2          x3         y3  area3          x4       y4  area4          x5         y5  area5
range  348.410041  11.285156  123.0  184.79613  10.611424   93.0  344.484387  27.927186  117.0  184.300184  19.6382  117.0  348.371468  44.294465   70.0
FAILURE!!!! Some beads might have been misidentified
               x1         y1  area1          x2        y2  area2          x3       y3  area3          x4         y4  area4          x5         y5  area5
range  348.359931  11.354224  124.0  184.801725  10.64557   89.0  344.473184  27.8579  122.0  184.244688  19.636855  120.0  348.343852  44.344047   75.0
FAILURE!!!! Some beads might have been misidentified
               x1         y1  area1          x2        y2  area2          x3         y3  area3          x4         y4  area4          x5         y5  area5
range  348.377056  11.337155  121.0  184.794702  10.62484   90.0  344.466772  27.869113  118.0  184.252333  19.629755  120.0  348.343852  44.373075   74.0
FAILURE!!!! Some beads might have been misidentified
               x1         y1  area1          x2         y2  area2          x3         y3  area3          x4         y4  area4          x5        y5  area5
range  348.397082  11.318231  125.0  184.784408  10.623114   91.0  344.464066  27.855678  121.0  184.237646  19.620165  122.0  348.343852  44.36244   76.0
FAILURE!!!! Some beads might have been misidentified
               x1         y1  area1          x2         y2  area2          x3         y3  area3          x4         y4  area4          x5         y5  area5
range  348.359931  11.331292  121.0  184.784408  10.647686   90.0  344.466772  27.850042  119.0  184.257347  19.600462  120.0  348.343852  44.383477   73.0
FAILURE!!!! Some beads might have been misidentified
               x1         y1  area1          x2         y2  area2          x3         y3  area3          x4         y4  area4          x5         y5  area5
range  348.379554  11.362172  120.0  184.553395  10.630942   96.0  344.462631  27.844715  126.0  184.412818  19.649417  126.0  348.336352  44.395629   73.0
FAILURE!!!! Some beads might have been misidentified
               x1         y1  area1          x2         y2  area2        x3         y3  area3          x4         y4  area4          x5         y5  area5
range  348.399256  11.286634  125.0  184.941475  10.633951   89.0  344.4759  27.883637  121.0  184.051657  19.620785  119.0  348.343852  44.318288   75.0
FAILURE!!!! Some beads might have been misidentified
               x1        y1  area1          x2         y2  area2          x3        y3  area3          x4         y4  area4          x5         y5  area5
range  348.531416  11.33066  121.0  184.844095  10.598042   92.0  344.296583  27.89676  125.0  184.131965  19.632058  121.0  348.451389  44.334285   74.0
FAILURE!!!! Some beads might have been misidentified
               x1        y1  area1          x2        y2  area2          x3         y3  area3          x4         y4  area4          x5         y5  area5
range  348.242004  11.33447  122.0  184.762832  10.67323   93.0  344.587453  27.850042  122.0  184.363921  19.669333  122.0  348.105753  44.378116   75.0
FAILURE!!!! Some beads might have been misidentified
Residual vector length: 180, Jacobian shape: (180, 6)
view   0 | SOD= 559.193 mm | SDD= 802.742 mm | M= 1.436 | incident=4.7367°
[[ 240.66438    -502.73044     -45.165638  ]
 [-110.012505    216.43207      19.834362  ]
 [   0.13551323    0.06337449    0.        ]
 [   0.            0.            0.1496    ]]
               x1         y1  area1          x2         y2  area2          x3         y3  area3          x4         y4  area4          x5         y5  area5
range  349.007962  11.279193  113.0  185.545548  10.614817   83.0  344.361337  27.988555  126.0  183.655344  19.767788  128.0  349.001845  44.311058   74.0
FAILURE!!!! Some beads might have been misidentified

iter 13 cost=153.741609 -> 106.629679 |dtheta|=4.830359e-01  lambda=1.000e-06

============================================================
Iteration 14
============================================================
Theta offsets (Unity frame):
  Source   : dSx=   0.000, dSy=   0.000, dSz=   0.000  (mm)
  Object   : dOx= -18.004, dOy=  -8.166, dOz= -22.676  (mm)
  Object offset: offset_x=  -0.029, offset_z=   0.020  (mm)
  Detector : dDx=   0.000, dDy=   0.000, dDz=   0.000  (mm)
  Obj Stage rotY :   25.064 deg
============================================================

Unity geometry (world coordinates):
  Source   : x=   5.000, y=  60.000, z=   0.000
  Object   : x=  -0.004, y=  14.834, z= 557.324
  Detector : x=  -8.000, y=  -5.000, z= 800.000
  Obj rotY :   0.0000 deg
view   0 | SOD= 559.193 mm | SDD= 802.742 mm | M= 1.436 | incident=4.7367°
[[ 240.66438    -502.73044     -45.165638  ]
 [-110.012505    216.43207      19.834362  ]
 [   0.13551323    0.06337449    0.        ]
 [   0.            0.            0.1496    ]]
               x1         y1  area1          x2         y2  area2          x3         y3  area3          x4         y4  area4          x5         y5  area5
range  349.007962  11.279193  113.0  185.545548  10.614817   83.0  344.361337  27.988555  126.0  183.655344  19.767788  128.0  349.001845  44.311058   74.0
FAILURE!!!! Some beads might have been misidentified
               x1         y1  area1          x2         y2  area2          x3         y3  area3          x4        y4  area4          x5         y5  area5
range  349.052941  11.237039  119.0  185.496333  10.623965   78.0  344.317321  28.032438  137.0  183.692946  19.79335  123.0  349.047258  44.269105   76.0
FAILURE!!!! Some beads might have been misidentified
               x1         y1  area1          x2         y2  area2          x3         y3  area3          x4         y4  area4          x5         y5  area5
range  349.073404  11.236271  119.0  185.492679  10.563942   84.0  344.326794  27.995914  131.0  183.802373  19.719718  123.0  349.021078  44.336614   73.0
FAILURE!!!! Some beads might have been misidentified
               x1         y1  area1          x2         y2  area2          x3         y3  area3          x4         y4  area4          x5         y5  area5
range  349.021786  11.211514  114.0  185.491968  10.546381   83.0  344.283026  27.964798  127.0  183.660634  19.745156  130.0  349.099551  44.278171   73.0
FAILURE!!!! Some beads might have been misidentified
               x1         y1  area1          x2         y2  area2          x3         y3  area3          x4         y4  area4          x5        y5  area5
range  349.068376  11.294402  121.0  185.534001  10.665418   80.0  344.331727  27.952536  131.0  183.734716  19.726603  119.0  348.946043  44.25572   76.0
FAILURE!!!! Some beads might have been misidentified
               x1         y1  area1          x2         y2  area2          x3         y3  area3          x4         y4  area4          x5         y5  area5
range  349.007352  11.279193  109.0  185.551346  10.614817   84.0  344.335841  27.988555  126.0  183.655344  19.747503  130.0  349.001845  44.295229   75.0
FAILURE!!!! Some beads might have been misidentified
               x1         y1  area1          x2         y2  area2         x3         y3  area3          x4         y4  area4          x5         y5  area5
range  349.045649  11.279193  113.0  185.545548  10.614817   83.0  344.36777  27.988555  127.0  183.655344  19.767788  128.0  348.988473  44.311058   74.0
FAILURE!!!! Some beads might have been misidentified
               x1         y1  area1          x2         y2  area2          x3         y3  area3          x4         y4  area4          x5         y5  area5
range  349.007962  11.259846  110.0  185.545548  10.614817   84.0  344.361337  27.986106  129.0  183.655344  19.755098  128.0  348.986765  44.300834   75.0
FAILURE!!!! Some beads might have been misidentified
               x1         y1  area1          x2         y2  area2          x3        y3  area3          x4        y4  area4          x5         y5  area5
range  349.030134  11.264474  116.0  185.545548  10.585053   83.0  344.340701  27.96873  127.0  183.655344  19.75578  128.0  349.001845  44.306378   74.0
FAILURE!!!! Some beads might have been misidentified
              x1         y1  area1          x2        y2  area2          x3         y3  area3          x4         y4  area4          x5         y5  area5
range  348.99663  11.215013  125.0  185.335609  10.60794   79.0  344.356455  28.071818  132.0  183.918384  19.769065  121.0  349.014111  44.307339   76.0
FAILURE!!!! Some beads might have been misidentified
               x1         y1  area1          x2         y2  area2          x3        y3  area3          x4        y4  area4          x5        y5  area5
range  349.025986  11.258297  115.0  185.639158  10.597698   83.0  344.321427  27.94893  133.0  183.573806  19.75578  123.0  348.988473  44.29838   70.0
FAILURE!!!! Some beads might have been misidentified
               x1         y1  area1          x2         y2  area2          x3         y3  area3          x4         y4  area4          x5         y5  area5
range  349.274964  11.258362  115.0  185.568248  10.614177   85.0  344.174131  27.998082  132.0  183.601469  19.794618  129.0  349.262633  44.261799   69.0
FAILURE!!!! Some beads might have been misidentified
               x1         y1  area1          x2         y2  area2          x3         y3  area3          x4         y4  area4          x5         y5  area5
range  348.851381  11.252388  110.0  185.526065  10.593493   84.0  344.469983  27.988446  127.0  183.711512  19.700731  130.0  348.805704  44.304784   74.0
FAILURE!!!! Some beads might have been misidentified
Residual vector length: 180, Jacobian shape: (180, 6)
view   0 | SOD= 558.762 mm | SDD= 802.742 mm | M= 1.437 | incident=4.7367°
[[ 240.1319     -502.50494     -45.166206  ]
 [-110.05978     216.89397      19.833794  ]
 [   0.13555595    0.06328306    0.        ]
 [   0.            0.            0.1496    ]]
               x1         y1  area1          x2         y2  area2          x3         y3  area3          x4        y4  area4          x5         y5  area5
range  349.413158  11.279567  122.0  185.518653  10.687251   83.0  344.473451  28.060262  132.0  183.974706  19.82683  129.0  349.298013  44.270787   74.0
FAILURE!!!! Some beads might have been misidentified

iter 14 cost=106.629679 -> 72.682503 |dtheta|=4.406115e-01  lambda=1.000e-06

============================================================
Iteration 15
============================================================
Theta offsets (Unity frame):
  Source   : dSx=   0.000, dSy=   0.000, dSz=   0.000  (mm)
  Object   : dOx= -18.004, dOy=  -8.166, dOz= -23.115  (mm)
  Object offset: offset_x=  -0.018, offset_z=   0.026  (mm)
  Detector : dDx=   0.000, dDy=   0.000, dDz=   0.000  (mm)
  Obj Stage rotY :   25.025 deg
============================================================

Unity geometry (world coordinates):
  Source   : x=   5.000, y=  60.000, z=   0.000
  Object   : x=  -0.004, y=  14.834, z= 556.885
  Detector : x=  -8.000, y=  -5.000, z= 800.000
  Obj rotY :   0.0000 deg
view   0 | SOD= 558.762 mm | SDD= 802.742 mm | M= 1.437 | incident=4.7367°
[[ 240.1319     -502.50494     -45.166206  ]
 [-110.05978     216.89397      19.833794  ]
 [   0.13555595    0.06328306    0.        ]
 [   0.            0.            0.1496    ]]
               x1         y1  area1          x2         y2  area2          x3         y3  area3          x4        y4  area4          x5         y5  area5
range  349.413158  11.279567  122.0  185.518653  10.687251   83.0  344.473451  28.060262  132.0  183.974706  19.82683  129.0  349.298013  44.270787   74.0
FAILURE!!!! Some beads might have been misidentified
               x1         y1  area1          x2         y2  area2          x3         y3  area3         x4         y4  area4          x5         y5  area5
range  349.400475  11.261518  117.0  185.482965  10.662277   88.0  344.492619  28.095115  128.0  183.94982  19.840349  129.0  349.336534  44.342422   73.0
FAILURE!!!! Some beads might have been misidentified
               x1         y1  area1          x2         y2  area2          x3         y3  area3          x4         y4  area4          x5         y5  area5
range  349.425568  11.322938  121.0  185.483305  10.711781   82.0  344.477153  28.030089  133.0  183.935774  19.835227  130.0  349.390091  44.307222   75.0
FAILURE!!!! Some beads might have been misidentified
               x1         y1  area1          x2         y2  area2          x3         y3  area3          x4         y4  area4          x5         y5  area5
range  349.461747  11.193949  121.0  185.441043  10.682146   78.0  344.488503  28.071224  130.0  183.897352  19.749206  126.0  349.382314  44.258551   77.0
FAILURE!!!! Some beads might have been misidentified
               x1         y1  area1          x2         y2  area2          x3         y3  area3         x4         y4  area4          x5         y5  area5
range  349.408475  11.239322  121.0  185.474895  10.639366   83.0  344.415016  28.041625  129.0  183.97322  19.889853  127.0  349.415768  44.363328   70.0
FAILURE!!!! Some beads might have been misidentified
               x1         y1  area1          x2         y2  area2          x3         y3  area3          x4         y4  area4          x5         y5  area5
range  349.413158  11.300424  121.0  185.520888  10.686903   82.0  344.476366  28.060262  130.0  183.964344  19.809767  128.0  349.278499  44.291147   75.0
FAILURE!!!! Some beads might have been misidentified
               x1         y1  area1          x2         y2  area2          x3         y3  area3          x4         y4  area4          x5         y5  area5
range  349.413158  11.279567  122.0  185.518653  10.687251   83.0  344.458373  28.060262  132.0  183.989416  19.811952  129.0  349.386624  44.272086   73.0
FAILURE!!!! Some beads might have been misidentified
               x1         y1  area1          x2         y2  area2          x3         y3  area3          x4        y4  area4          x5         y5  area5
range  349.413158  11.302759  123.0  185.529038  10.687251   82.0  344.476366  28.051447  130.0  183.974706  19.82683  129.0  349.297513  44.260885   74.0
FAILURE!!!! Some beads might have been misidentified
               x1         y1  area1          x2         y2  area2          x3         y3  area3          x4         y4  area4          x5         y5  area5
range  349.413158  11.274581  120.0  185.503485  10.686649   83.0  344.507407  28.122987  130.0  183.924276  19.811952  129.0  349.298013  44.320039   73.0
FAILURE!!!! Some beads might have been misidentified
               x1         y1  area1          x2         y2  area2          x3         y3  area3          x4         y4  area4          x5         y5  area5
range  349.420036  11.299328  116.0  185.376777  10.715573   82.0  344.467552  28.005551  129.0  184.014201  19.795096  131.0  349.347767  44.373605   72.0
FAILURE!!!! Some beads might have been misidentified
               x1         y1  area1          x2        y2  area2          x3         y3  area3          x4         y4  area4         x5         y5  area5
range  349.424248  11.296975  122.0  185.610083  10.66395   80.0  344.498137  28.119653  133.0  183.849065  19.850124  129.0  349.36375  44.276039   74.0
FAILURE!!!! Some beads might have been misidentified
               x1         y1  area1          x2         y2  area2          x3         y3  area3          x4         y4  area4          x5         y5  area5
range  349.544793  11.300771  119.0  185.513428  10.644816   86.0  344.354442  28.051447  126.0  183.877351  19.834982  131.0  349.538006  44.295139   75.0
FAILURE!!!! Some beads might have been misidentified
              x1         y1  area1          x2         y2  area2         x3        y3  area3          x4        y4  area4          x5         y5  area5
range  349.28125  11.288456  121.0  185.477692  10.715804   84.0  344.61533  28.06064  131.0  184.049677  19.82476  127.0  349.188619  44.285093   73.0
FAILURE!!!! Some beads might have been misidentified
Residual vector length: 180, Jacobian shape: (180, 6)
view   0 | SOD= 558.478 mm | SDD= 802.742 mm | M= 1.437 | incident=4.7367°
[[ 239.19308    -502.6408      -45.131313  ]
 [-109.85833     217.31206      19.868687  ]
 [   0.13565604    0.0630682     0.        ]
 [   0.            0.            0.1496    ]]
               x1         y1  area1          x2         y2  area2         x3         y3  area3          x4         y4  area4          x5         y5  area5
range  349.975976  11.234379  117.0  185.132771  10.582733   87.0  344.36724  28.129314  130.0  184.288143  19.860508  132.0  350.152676  44.331361   70.0
FAILURE!!!! Some beads might have been misidentified

iter 15 cost=72.682503 -> 51.568030 |dtheta|=3.185603e-01  lambda=1.000e-06

============================================================
Iteration 16
============================================================
Theta offsets (Unity frame):
  Source   : dSx=   0.000, dSy=   0.000, dSz=   0.000  (mm)
  Object   : dOx= -17.998, dOy=  -8.131, dOz= -23.417  (mm)
  Object offset: offset_x=   0.002, offset_z=   0.046  (mm)
  Detector : dDx=   0.000, dDy=   0.000, dDz=   0.000  (mm)
  Obj Stage rotY :   24.934 deg
============================================================

Unity geometry (world coordinates):
  Source   : x=   5.000, y=  60.000, z=   0.000
  Object   : x=   0.002, y=  14.869, z= 556.583
  Detector : x=  -8.000, y=  -5.000, z= 800.000
  Obj rotY :   0.0000 deg
view   0 | SOD= 558.478 mm | SDD= 802.742 mm | M= 1.437 | incident=4.7367°
[[ 239.19308    -502.6408      -45.131313  ]
 [-109.85833     217.31206      19.868687  ]
 [   0.13565604    0.0630682     0.        ]
 [   0.            0.            0.1496    ]]
               x1         y1  area1          x2         y2  area2         x3         y3  area3          x4         y4  area4          x5         y5  area5
range  349.975976  11.234379  117.0  185.132771  10.582733   87.0  344.36724  28.129314  130.0  184.288143  19.860508  132.0  350.152676  44.331361   70.0
FAILURE!!!! Some beads might have been misidentified
               x1         y1  area1          x2         y2  area2          x3         y3  area3          x4         y4  area4          x5         y5  area5
range  350.076394  11.206706  120.0  185.132564  10.639341   95.0  344.392215  28.183201  131.0  184.374789  19.851745  130.0  350.085643  44.216292   73.0
FAILURE!!!! Some beads might have been misidentified
               x1         y1  area1          x2         y2  area2          x3         y3  area3          x4         y4  area4          x5         y5  area5
range  350.004054  11.224488  117.0  185.232985  10.608077   76.0  344.309056  28.068084  126.0  184.242823  19.777835  126.0  350.015856  44.261345   72.0
FAILURE!!!! Some beads might have been misidentified
               x1         y1  area1          x2         y2  area2          x3         y3  area3          x4         y4  area4         x5         y5  area5
range  349.954695  11.216774  118.0  185.141944  10.611887   93.0  344.367076  28.056195  131.0  184.257152  19.798533  129.0  350.06675  44.250217   69.0
FAILURE!!!! Some beads might have been misidentified
               x1         y1  area1          x2         y2  area2          x3         y3  area3          x4         y4  area4        x5         y5  area5
range  349.995873  11.152688  118.0  185.162605  10.685218   88.0  344.329486  28.155308  126.0  184.308304  19.820109  133.0  350.1219  44.286636   69.0
FAILURE!!!! Some beads might have been misidentified
               x1         y1  area1          x2         y2  area2          x3         y3  area3          x4         y4  area4          x5         y5  area5
range  349.975976  11.224302  116.0  185.134973  10.582733   88.0  344.353992  28.124613  132.0  184.274346  19.857274  131.0  350.115012  44.313962   73.0
FAILURE!!!! Some beads might have been misidentified
              x1         y1  area1          x2         y2  area2         x3         y3  area3          x4         y4  area4          x5         y5  area5
range  349.99016  11.234379  117.0  185.132771  10.583534   87.0  344.36724  28.147369  131.0  184.281837  19.841434  131.0  350.135965  44.317561   69.0
FAILURE!!!! Some beads might have been misidentified
               x1         y1  area1          x2         y2  area2         x3         y3  area3         x4         y4  area4          x5         y5  area5
range  349.975976  11.269171  123.0  185.239768  10.582733   76.0  344.36724  28.183249  132.0  184.25593  19.857274  127.0  350.117499  44.287913   79.0
FAILURE!!!! Some beads might have been misidentified
               x1         y1  area1          x2         y2  area2         x3         y3  area3          x4         y4  area4          x5        y5  area5
range  349.975976  11.198381  116.0  185.134973  10.583534   89.0  344.36724  28.127563  130.0  184.288143  19.841434  132.0  350.154261  44.26565   68.0
FAILURE!!!! Some beads might have been misidentified
               x1         y1  area1         x2         y2  area2          x3         y3  area3          x4         y4  area4          x5         y5  area5
range  349.967529  11.233406  120.0  184.94217  10.603636   95.0  344.379119  28.141338  125.0  184.494392  19.830782  132.0  350.112197  44.225517   70.0
FAILURE!!!! Some beads might have been misidentified
              x1         y1  area1          x2         y2  area2         x3         y3  area3          x4         y4  area4          x5         y5  area5
range  349.99016  11.193292  120.0  185.412888  10.613737   76.0  344.36724  28.103053  130.0  184.134206  19.856019  127.0  350.094941  44.252121   77.0
FAILURE!!!! Some beads might have been misidentified
               x1         y1  area1         x2        y2  area2          x3         y3  area3          x4         y4  area4          x5         y5  area5
range  350.248551  11.224022  117.0  185.17667  10.59302   95.0  344.199763  28.144119  133.0  184.143214  19.821072  130.0  350.266005  44.269737   66.0
FAILURE!!!! Some beads might have been misidentified
               x1         y1  area1          x2         y2  area2          x3        y3  area3          x4         y4  area4          x5         y5  area5
range  349.891735  11.237198  116.0  185.115219  10.639783   88.0  344.505997  28.11435  129.0  184.374208  19.774547  128.0  349.840776  44.355787   72.0
FAILURE!!!! Some beads might have been misidentified
Residual vector length: 180, Jacobian shape: (180, 6)
view   0 | SOD= 558.187 mm | SDD= 802.742 mm | M= 1.438 | incident=4.7367°
[[ 239.20793    -502.31094     -45.12692   ]
 [-110.01726     217.55763      19.873081  ]
 [   0.13564081    0.06310095    0.        ]
 [   0.            0.            0.1496    ]]
               x1         y1  area1         x2         y2  area2          x3         y3  area3          x4         y4  area4         x5        y5  area5
range  349.452991  11.192193  119.0  185.32592  10.743999   77.0  345.132101  28.043447  129.0  184.633817  19.818855  123.0  349.46883  44.45533   73.0
FAILURE!!!! Some beads might have been misidentified

iter 16 cost=51.568030 -> 36.096590 |dtheta|=2.565246e-01  lambda=1.000e-06

============================================================
Iteration 17
============================================================
Theta offsets (Unity frame):
  Source   : dSx=   0.000, dSy=   0.000, dSz=   0.000  (mm)
  Object   : dOx= -18.010, dOy=  -8.127, dOz= -23.670  (mm)
  Object offset: offset_x=  -0.004, offset_z=   0.007  (mm)
  Detector : dDx=   0.000, dDy=   0.000, dDz=   0.000  (mm)
  Obj Stage rotY :   24.948 deg
============================================================

Unity geometry (world coordinates):
  Source   : x=   5.000, y=  60.000, z=   0.000
  Object   : x=  -0.010, y=  14.873, z= 556.330
  Detector : x=  -8.000, y=  -5.000, z= 800.000
  Obj rotY :   0.0000 deg
view   0 | SOD= 558.187 mm | SDD= 802.742 mm | M= 1.438 | incident=4.7367°
[[ 239.20793    -502.31094     -45.12692   ]
 [-110.01726     217.55763      19.873081  ]
 [   0.13564081    0.06310095    0.        ]
 [   0.            0.            0.1496    ]]
               x1         y1  area1         x2         y2  area2          x3         y3  area3          x4         y4  area4         x5        y5  area5
range  349.452991  11.192193  119.0  185.32592  10.743999   77.0  345.132101  28.043447  129.0  184.633817  19.818855  123.0  349.46883  44.45533   73.0
FAILURE!!!! Some beads might have been misidentified
               x1         y1  area1         x2        y2  area2          x3        y3  area3          x4         y4  area4          x5         y5  area5
range  349.499371  11.215754  119.0  185.30989  10.71613   76.0  345.064233  28.08785  131.0  184.651306  19.868182  122.0  349.462173  44.480121   74.0
FAILURE!!!! Some beads might have been misidentified
               x1         y1  area1          x2         y2  area2         x3         y3  area3         x4         y4  area4          x5        y5  area5
range  349.470132  11.248712  119.0  185.397352  10.724448   84.0  345.28261  28.033006  127.0  184.64494  19.819868  124.0  349.421704  44.45627   81.0
FAILURE!!!! Some beads might have been misidentified
              x1         y1  area1          x2         y2  area2          x3        y3  area3          x4         y4  area4          x5         y5  area5
range  349.47344  11.209531  119.0  185.307886  10.698781   79.0  345.140841  28.10598  129.0  184.570678  19.860277  128.0  349.509483  44.515985   70.0
FAILURE!!!! Some beads might have been misidentified
               x1         y1  area1          x2         y2  area2          x3        y3  area3          x4         y4  area4          x5         y5  area5
range  349.436177  11.247389  120.0  185.350512  10.718223   80.0  345.058213  27.92759  128.0  184.654152  19.844095  118.0  349.505705  44.492007   82.0
FAILURE!!!! Some beads might have been misidentified
               x1         y1  area1          x2         y2  area2         x3         y3  area3          x4         y4  area4          x5         y5  area5
range  349.452754  11.171996  118.0  185.307059  10.709404   76.0  345.20072  28.043447  129.0  184.644722  19.812486  124.0  349.416828  44.448727   73.0
FAILURE!!!! Some beads might have been misidentified
               x1         y1  area1          x2         y2  area2          x3         y3  area3          x4         y4  area4         x5        y5  area5
range  349.452991  11.192193  119.0  185.327891  10.753912   77.0  345.137342  28.038698  126.0  184.649137  19.818855  122.0  349.46883  44.45533   74.0
FAILURE!!!! Some beads might have been misidentified
               x1         y1  area1         x2         y2  area2          x3         y3  area3          x4        y4  area4          x5         y5  area5
range  349.452754  11.193915  119.0  185.32592  10.779166   79.0  345.188333  28.081639  129.0  184.633817  19.80427  124.0  349.433257  44.479525   73.0
FAILURE!!!! Some beads might have been misidentified
               x1         y1  area1          x2         y2  area2         x3        y3  area3          x4         y4  area4         x5         y5  area5
range  349.452991  11.205977  120.0  185.307059  10.713439   76.0  345.11119  28.04714  129.0  184.665406  19.822764  123.0  349.46883  44.472082   73.0
FAILURE!!!! Some beads might have been misidentified
               x1         y1  area1          x2         y2  area2          x3         y3  area3          x4         y4  area4          x5        y5  area5
range  349.447932  11.270327  118.0  185.263148  10.737652   76.0  345.124038  28.063049  128.0  184.839161  19.802329  125.0  349.457056  44.48659   73.0
FAILURE!!!! Some beads might have been misidentified
              x1         y1  area1          x2         y2  area2         x3         y3  area3          x4         y4  area4         x5         y5  area5
range  349.49922  11.194139  112.0  185.444095  10.738922   84.0  345.10031  28.057806  132.0  184.483724  19.829038  129.0  349.46883  44.433437   74.0
FAILURE!!!! Some beads might have been misidentified
               x1         y1  area1          x2         y2  area2          x3         y3  area3          x4         y4  area4          x5         y5  area5
range  349.637754  11.171996  122.0  185.332006  10.685435   77.0  344.950885  28.051125  129.0  184.555365  19.938537  117.0  349.641243  44.443665   80.0
FAILURE!!!! Some beads might have been misidentified
               x1         y1  area1          x2         y2  area2          x3         y3  area3          x4         y4  area4          x5         y5  area5
range  349.316643  11.183383  119.0  185.327891  10.757137   80.0  345.395959  28.036147  127.0  184.825175  19.793299  122.0  349.242634  44.479525   75.0
FAILURE!!!! Some beads might have been misidentified
Residual vector length: 180, Jacobian shape: (180, 6)
view   0 | SOD= 557.992 mm | SDD= 802.742 mm | M= 1.439 | incident=4.7367°
[[ 239.10179    -502.14725     -45.097504  ]
 [-110.10034     217.73253      19.902496  ]
 [   0.13564284    0.0630966     0.        ]
 [   0.            0.            0.1496    ]]
               x1         y1  area1          x2         y2  area2          x3         y3  area3          x4         y4  area4         x5         y5  area5
range  349.253721  11.243097  119.0  185.064901  10.625084   80.0  345.755524  28.023063  125.0  185.129206  19.839345  120.0  349.12889  44.534765   72.0
FAILURE!!!! Some beads might have been misidentified

iter 17 cost=36.096590 -> 27.186786 |dtheta|=1.756637e-01  lambda=1.000e-06

============================================================
Iteration 18
============================================================
Theta offsets (Unity frame):
  Source   : dSx=   0.000, dSy=   0.000, dSz=   0.000  (mm)
  Object   : dOx= -18.015, dOy=  -8.098, dOz= -23.841  (mm)
  Object offset: offset_x=   0.011, offset_z=  -0.015  (mm)
  Detector : dDx=   0.000, dDy=   0.000, dDz=   0.000  (mm)
  Obj Stage rotY :   24.946 deg
============================================================

Unity geometry (world coordinates):
  Source   : x=   5.000, y=  60.000, z=   0.000
  Object   : x=  -0.015, y=  14.902, z= 556.159
  Detector : x=  -8.000, y=  -5.000, z= 800.000
  Obj rotY :   0.0000 deg
view   0 | SOD= 557.992 mm | SDD= 802.742 mm | M= 1.439 | incident=4.7367°
[[ 239.10179    -502.14725     -45.097504  ]
 [-110.10034     217.73253      19.902496  ]
 [   0.13564284    0.0630966     0.        ]
 [   0.            0.            0.1496    ]]
               x1         y1  area1          x2         y2  area2          x3         y3  area3          x4         y4  area4         x5         y5  area5
range  349.253721  11.243097  119.0  185.064901  10.625084   80.0  345.755524  28.023063  125.0  185.129206  19.839345  120.0  349.12889  44.534765   72.0
FAILURE!!!! Some beads might have been misidentified
               x1         y1  area1          x2         y2  area2          x3         y3  area3          x4         y4  area4          x5         y5  area5
range  349.205521  11.286471  111.0  185.078244  10.593826   85.0  345.782106  28.062019  127.0  185.197985  19.806818  125.0  349.191883  44.509392   75.0
FAILURE!!!! Some beads might have been misidentified
              x1         y1  area1          x2         y2  area2         x3        y3  area3          x4         y4  area4          x5         y5  area5
range  349.21638  11.235041  120.0  184.996993  10.635164   83.0  345.69582  27.97127  127.0  185.119071  19.804619  128.0  349.240358  44.505159   72.0
FAILURE!!!! Some beads might have been misidentified
               x1        y1  area1         x2         y2  area2          x3         y3  area3          x4         y4  area4          x5         y5  area5
range  349.276841  11.25568  113.0  185.04666  10.681309   83.0  345.775524  27.975809  129.0  185.118711  19.741248  132.0  349.103857  44.519643   71.0
FAILURE!!!! Some beads might have been misidentified
               x1         y1  area1          x2         y2  area2          x3         y3  area3        x4       y4  area4          x5        y5  area5
range  349.233829  11.216267  118.0  184.998951  10.688866   71.0  345.719743  28.058865  133.0  185.1134  19.7869  124.0  349.203757  44.52103   75.0
FAILURE!!!! Some beads might have been misidentified
               x1         y1  area1          x2         y2  area2          x3         y3  area3          x4         y4  area4          x5         y5  area5
range  349.251531  11.255695  113.0  185.058385  10.625084   84.0  345.755524  28.002104  126.0  185.098886  19.846695  134.0  349.109887  44.496596   71.0
FAILURE!!!! Some beads might have been misidentified
               x1         y1  area1          x2         y2  area2          x3         y3  area3          x4         y4  area4          x5         y5  area5
range  349.253721  11.243097  119.0  185.050617  10.645094   80.0  345.746494  28.042739  126.0  185.149081  19.857454  121.0  349.135883  44.520015   72.0
FAILURE!!!! Some beads might have been misidentified
              x1         y1  area1          x2         y2  area2          x3         y3  area3          x4        y4  area4          x5         y5  area5
range  349.23224  11.202136  120.0  185.064901  10.636583   80.0  345.755524  28.000008  124.0  185.091178  19.82932  120.0  349.109887  44.552491   73.0
FAILURE!!!! Some beads might have been misidentified
               x1        y1  area1          x2         y2  area2          x3         y3  area3          x4         y4  area4         x5         y5  area5
range  349.253721  11.24165  118.0  185.046193  10.625084   79.0  345.755524  28.020476  127.0  185.112971  19.844612  120.0  349.12889  44.528508   72.0
FAILURE!!!! Some beads might have been misidentified
               x1         y1  area1          x2         y2  area2          x3         y3  area3          x4         y4  area4          x5         y5  area5
range  349.270089  11.286194  111.0  184.870848  10.650969   83.0  345.746494  27.976669  123.0  185.276677  19.809894  131.0  349.127397  44.500974   69.0
FAILURE!!!! Some beads might have been misidentified
               x1         y1  area1          x2        y2  area2          x3         y3  area3          x4        y4  area4         x5         y5  area5
range  349.211468  11.235318  122.0  185.204389  10.63327   83.0  345.719912  28.035922  130.0  184.938473  19.85469  123.0  349.09528  44.515043   72.0
FAILURE!!!! Some beads might have been misidentified
               x1         y1  area1          x2         y2  area2         x3         y3  area3          x4         y4  area4          x5         y5  area5
range  349.343471  11.235133  112.0  185.076941  10.588178   82.0  345.46768  28.042364  125.0  185.007079  19.823869  136.0  349.381716  44.454945   71.0
FAILURE!!!! Some beads might have been misidentified
              x1         y1  area1          x2         y2  area2          x3         y3  area3          x4         y4  area4          x5         y5  area5
range  349.07843  11.267316  119.0  185.004338  10.651198   83.0  346.025834  28.023063  129.0  185.235887  19.793226  115.0  349.050524  44.559862   74.0
FAILURE!!!! Some beads might have been misidentified
Residual vector length: 180, Jacobian shape: (180, 6)
view   0 | SOD= 557.929 mm | SDD= 802.742 mm | M= 1.439 | incident=4.7367°
[[ 239.31055    -501.97733     -45.103874  ]
 [-110.222046    217.74205      19.896126  ]
 [   0.13561386    0.06315887    0.        ]
 [   0.            0.            0.1496    ]]
               x1         y1  area1          x2         y2  area2          x3        y3  area3          x4         y4  area4          x5         y5  area5
range  349.465328  11.188823  114.0  185.404967  10.691369   79.0  345.406975  28.06559  131.0  184.743338  19.852253  131.0  349.473516  44.522948   72.0
FAILURE!!!! Some beads might have been misidentified

iter 18 cost=27.186786 -> 23.985507 |dtheta|=8.893075e-02  lambda=1.000e-06

============================================================
Iteration 19
============================================================
Theta offsets (Unity frame):
  Source   : dSx=   0.000, dSy=   0.000, dSz=   0.000  (mm)
  Object   : dOx= -18.002, dOy=  -8.104, dOz= -23.921  (mm)
  Object offset: offset_x=  -0.008, offset_z=   0.001  (mm)
  Detector : dDx=   0.000, dDy=   0.000, dDz=   0.000  (mm)
  Obj Stage rotY :   24.973 deg
============================================================

Unity geometry (world coordinates):
  Source   : x=   5.000, y=  60.000, z=   0.000
  Object   : x=  -0.002, y=  14.896, z= 556.079
  Detector : x=  -8.000, y=  -5.000, z= 800.000
  Obj rotY :   0.0000 deg
view   0 | SOD= 557.929 mm | SDD= 802.742 mm | M= 1.439 | incident=4.7367°
[[ 239.31055    -501.97733     -45.103874  ]
 [-110.222046    217.74205      19.896126  ]
 [   0.13561386    0.06315887    0.        ]
 [   0.            0.            0.1496    ]]
               x1         y1  area1          x2         y2  area2          x3        y3  area3          x4         y4  area4          x5         y5  area5
range  349.465328  11.188823  114.0  185.404967  10.691369   79.0  345.406975  28.06559  131.0  184.743338  19.852253  131.0  349.473516  44.522948   72.0
FAILURE!!!! Some beads might have been misidentified
              x1         y1  area1          x2         y2  area2          x3         y3  area3          x4        y4  area4          x5         y5  area5
range  349.50083  11.212206  112.0  185.456675  10.718282   72.0  345.457609  28.113916  133.0  184.696347  19.91247  129.0  349.539383  44.528257   70.0
FAILURE!!!! Some beads might have been misidentified
               x1         y1  area1          x2         y2  area2          x3         y3  area3         x4         y4  area4          x5         y5  area5
range  349.489611  11.218478  115.0  185.441082  10.725083   88.0  345.402125  28.083904  127.0  184.71167  19.820811  126.0  349.564707  44.468123   78.0
FAILURE!!!! Some beads might have been misidentified
               x1         y1  area1          x2         y2  area2          x3        y3  area3          x4         y4  area4          x5         y5  area5
range  349.510884  11.241798  116.0  185.416252  10.626572   79.0  345.444213  28.10678  130.0  184.633839  19.854848  127.0  349.452431  44.494047   71.0
FAILURE!!!! Some beads might have been misidentified
              x1         y1  area1          x2         y2  area2          x3         y3  area3          x4         y4  area4          x5         y5  area5
range  349.41093  11.193332  116.0  185.415012  10.779108   79.0  345.450142  28.001394  132.0  184.687136  19.808288  118.0  349.549858  44.432142   76.0
FAILURE!!!! Some beads might have been misidentified
               x1         y1  area1          x2         y2  area2          x3         y3  area3          x4         y4  area4          x5         y5  area5
range  349.464144  11.188823  114.0  185.404967  10.672345   79.0  345.425426  28.084389  129.0  184.743338  19.860216  128.0  349.455268  44.503204   71.0
FAILURE!!!! Some beads might have been misidentified
               x1         y1  area1          x2         y2  area2          x3         y3  area3          x4         y4  area4          x5         y5  area5
range  349.469134  11.188823  114.0  185.404967  10.705502   78.0  345.440673  28.047717  131.0  184.753458  19.882848  129.0  349.483075  44.515462   70.0
FAILURE!!!! Some beads might have been misidentified
               x1         y1  area1         x2         y2  area2          x3         y3  area3         x4         y4  area4          x5         y5  area5
range  349.461579  11.188188  115.0  185.40512  10.696508   79.0  345.446826  28.118724  133.0  184.72548  19.895326  128.0  349.473516  44.553867   73.0
FAILURE!!!! Some beads might have been misidentified
               x1         y1  area1          x2        y2  area2          x3         y3  area3          x4         y4  area4         x5        y5  area5
range  349.508703  11.205241  114.0  185.404967  10.68865   85.0  345.482839  28.085757  130.0  184.743338  19.861515  130.0  349.53634  44.53192   73.0
FAILURE!!!! Some beads might have been misidentified
               x1         y1  area1          x2         y2  area2          x3       y3  area3          x4         y4  area4          x5         y5  area5
range  349.464144  11.218437  112.0  185.322739  10.676295   73.0  345.443472  28.0956  134.0  184.890949  19.821656  129.0  349.483396  44.522752   72.0
FAILURE!!!! Some beads might have been misidentified
               x1         y1  area1          x2         y2  area2          x3        y3  area3          x4         y4  area4        x5         y5  area5
range  349.488312  11.232548  116.0  185.575018  10.686542   83.0  345.425426  28.10222  134.0  184.585059  19.814838  126.0  349.5105  44.473628   75.0
FAILURE!!!! Some beads might have been misidentified
               x1         y1  area1         x2         y2  area2          x3         y3  area3          x4         y4  area4          x5         y5  area5
range  349.631828  11.205241  113.0  185.45752  10.724695   76.0  345.157645  28.105289  132.0  184.632513  19.952682  124.0  349.725367  44.485326   77.0
FAILURE!!!! Some beads might have been misidentified
               x1         y1  area1          x2         y2  area2          x3         y3  area3          x4         y4  area4          x5         y5  area5
range  349.358614  11.224654  114.0  185.384476  10.719115   81.0  345.710965  28.058068  129.0  184.809298  19.783028  129.0  349.378723  44.567828   69.0
FAILURE!!!! Some beads might have been misidentified
Residual vector length: 180, Jacobian shape: (180, 6)
view   0 | SOD= 557.719 mm | SDD= 802.742 mm | M= 1.439 | incident=4.7367°
[[ 238.98695    -501.9007      -45.073246  ]
 [-110.2222      217.97565      19.926754  ]
 [   0.13564222    0.06309792    0.        ]
 [   0.            0.            0.1496    ]]
               x1         y1  area1          x2         y2  area2          x3         y3  area3          x4         y4  area4          x5         y5  area5
range  349.311528  11.281318  113.0  185.214583  10.701156   85.0  346.134157  28.037784  125.0  185.203538  19.831287  125.0  349.213907  44.483929   71.0
FAILURE!!!! Some beads might have been misidentified

iter 19 cost=23.985507 -> 16.677762 |dtheta|=1.924325e-01  lambda=1.000e-06

============================================================
Iteration 20
============================================================
Theta offsets (Unity frame):
  Source   : dSx=   0.000, dSy=   0.000, dSz=   0.000  (mm)
  Object   : dOx= -18.005, dOy=  -8.073, dOz= -24.107  (mm)
  Object offset: offset_x=   0.006, offset_z=  -0.021  (mm)
  Detector : dDx=   0.000, dDy=   0.000, dDz=   0.000  (mm)
  Obj Stage rotY :   24.947 deg
============================================================

Unity geometry (world coordinates):
  Source   : x=   5.000, y=  60.000, z=   0.000
  Object   : x=  -0.005, y=  14.927, z= 555.893
  Detector : x=  -8.000, y=  -5.000, z= 800.000
  Obj rotY :   0.0000 deg
view   0 | SOD= 557.719 mm | SDD= 802.742 mm | M= 1.439 | incident=4.7367°
[[ 238.98695    -501.9007      -45.073246  ]
 [-110.2222      217.97565      19.926754  ]
 [   0.13564222    0.06309792    0.        ]
 [   0.            0.            0.1496    ]]
               x1         y1  area1          x2         y2  area2          x3         y3  area3          x4         y4  area4          x5         y5  area5
range  349.311528  11.281318  113.0  185.214583  10.701156   85.0  346.134157  28.037784  125.0  185.203538  19.831287  125.0  349.213907  44.483929   71.0
FAILURE!!!! Some beads might have been misidentified
               x1       y1  area1          x2         y2  area2          x3         y3  area3          x4         y4  area4          x5         y5  area5
range  349.263292  11.3015  108.0  185.189266  10.691168   81.0  346.069884  28.034158  129.0  185.251856  19.762275  126.0  349.266432  44.561626   70.0
FAILURE!!!! Some beads might have been misidentified
               x1        y1  area1          x2         y2  area2          x3        y3  area3          x4         y4  area4          x5         y5  area5
range  349.320567  11.24555  121.0  185.103486  10.670311   85.0  346.026141  28.06842  128.0  185.156865  19.848512  130.0  349.229462  44.574435   71.0
FAILURE!!!! Some beads might have been misidentified
               x1         y1  area1          x2         y2  area2          x3         y3  area3          x4         y4  area4          x5        y5  area5
range  349.313856  11.351473  115.0  185.232347  10.670224   88.0  346.023422  27.869324  136.0  185.206273  19.828934  128.0  349.233933  44.54164   71.0
FAILURE!!!! Some beads might have been misidentified
               x1         y1  area1          x2        y2  area2          x3         y3  area3          x4         y4  area4          x5         y5  area5
range  349.318146  11.288098  113.0  185.242412  10.63033   85.0  346.080197  28.096455  123.0  185.184674  19.752819  129.0  349.219531  44.565972   68.0
FAILURE!!!! Some beads might have been misidentified
               x1         y1  area1          x2         y2  area2          x3         y3  area3          x4         y4  area4          x5         y5  area5
range  349.269863  11.281318  113.0  185.214583  10.701156   85.0  346.106255  28.031287  125.0  185.171599  19.814314  125.0  349.190935  44.491581   71.0
FAILURE!!!! Some beads might have been misidentified
               x1         y1  area1          x2         y2  area2          x3         y3  area3          x4         y4  area4          x5         y5  area5
range  349.330496  11.242799  113.0  185.214583  10.702187   85.0  346.093026  28.037784  125.0  185.203538  19.850838  124.0  349.234887  44.480635   71.0
FAILURE!!!! Some beads might have been misidentified
               x1         y1  area1          x2        y2  area2          x3         y3  area3          x4         y4  area4          x5         y5  area5
range  349.332449  11.255686  113.0  185.214583  10.71997   86.0  346.134157  28.003965  127.0  185.185609  19.821258  123.0  349.213907  44.484056   72.0
FAILURE!!!! Some beads might have been misidentified
               x1         y1  area1          x2         y2  area2          x3         y3  area3          x4         y4  area4          x5        y5  area5
range  349.269863  11.277885  110.0  185.214583  10.721013   85.0  346.106255  28.029055  128.0  185.203538  19.799255  124.0  349.183942  44.52894   68.0
FAILURE!!!! Some beads might have been misidentified
               x1         y1  area1          x2         y2  area2          x3         y3  area3          x4         y4  area4          x5         y5  area5
range  349.269863  11.282609  112.0  184.970956  10.721013   81.0  346.134157  28.059851  132.0  185.325802  19.821258  124.0  349.197031  44.582334   66.0
FAILURE!!!! Some beads might have been misidentified
               x1         y1  area1          x2         y2  area2          x3         y3  area3          x4         y4  area4          x5         y5  area5
range  349.347763  11.264625  117.0  185.332429  10.688321   86.0  346.044767  28.050427  126.0  185.038392  19.814314  127.0  349.258417  44.562327   70.0
FAILURE!!!! Some beads might have been misidentified
              x1         y1  area1          x2         y2  area2          x3         y3  area3          x4         y4  area4          x5         y5  area5
range  349.38851  11.281064  115.0  185.287143  10.715738   78.0  345.837879  27.980361  133.0  185.091974  19.811232  128.0  349.444355  44.536681   70.0
FAILURE!!!! Some beads might have been misidentified
               x1         y1  area1          x2         y2  area2          x3         y3  area3          x4         y4  area4          x5         y5  area5
range  349.185921  11.281318  111.0  185.195749  10.663462   88.0  346.258145  28.020438  127.0  185.224219  19.794624  124.0  349.051538  44.517672   68.0
FAILURE!!!! Some beads might have been misidentified
Residual vector length: 180, Jacobian shape: (180, 6)
view   0 | SOD= 557.615 mm | SDD= 802.742 mm | M= 1.440 | incident=4.7367°
[[ 239.37714    -501.5987      -45.071083  ]
 [-110.44738     217.97884      19.928917  ]
 [   0.13558823    0.06321388    0.        ]
 [   0.            0.            0.1496    ]]
               x1         y1  area1         x2         y2  area2          x3        y3  area3          x4         y4  area4          x5         y5  area5
range  349.333319  11.243097  120.0  185.27359  10.617607   87.0  346.102671  28.11134  121.0  185.119109  19.753398  129.0  349.255682  44.513592   72.0
FAILURE!!!! Some beads might have been misidentified

iter 20 cost=16.677762 -> 13.958211 |dtheta|=1.163332e-01  lambda=1.000e-06

============================================================
Iteration 21
============================================================
Theta offsets (Unity frame):
  Source   : dSx=   0.000, dSy=   0.000, dSz=   0.000  (mm)
  Object   : dOx= -18.009, dOy=  -8.071, dOz= -24.212  (mm)
  Object offset: offset_x=   0.004, offset_z=  -0.020  (mm)
  Detector : dDx=   0.000, dDy=   0.000, dDz=   0.000  (mm)
  Obj Stage rotY :   24.996 deg
============================================================

Unity geometry (world coordinates):
  Source   : x=   5.000, y=  60.000, z=   0.000
  Object   : x=  -0.009, y=  14.929, z= 555.788
  Detector : x=  -8.000, y=  -5.000, z= 800.000
  Obj rotY :   0.0000 deg
view   0 | SOD= 557.615 mm | SDD= 802.742 mm | M= 1.440 | incident=4.7367°
[[ 239.37714    -501.5987      -45.071083  ]
 [-110.44738     217.97884      19.928917  ]
 [   0.13558823    0.06321388    0.        ]
 [   0.            0.            0.1496    ]]
               x1         y1  area1         x2         y2  area2          x3        y3  area3          x4         y4  area4          x5         y5  area5
range  349.333319  11.243097  120.0  185.27359  10.617607   87.0  346.102671  28.11134  121.0  185.119109  19.753398  129.0  349.255682  44.513592   72.0
FAILURE!!!! Some beads might have been misidentified
               x1         y1  area1          x2         y2  area2          x3         y3  area3          x4         y4  area4          x5         y5  area5
range  349.360683  11.237648  115.0  185.290218  10.630062   82.0  346.111166  28.134072  132.0  185.174957  19.764638  128.0  349.327485  44.587345   70.0
FAILURE!!!! Some beads might have been misidentified
               x1         y1  area1          x2         y2  area2          x3    y3  area3          x4         y4  area4          x5         y5  area5
range  349.352457  11.291112  125.0  185.211638  10.663399   89.0  346.060574  28.0  121.0  185.186359  19.762286  130.0  349.205237  44.560501   78.0
FAILURE!!!! Some beads might have been misidentified
               x1         y1  area1          x2         y2  area2          x3         y3  area3          x4         y4  area4          x5         y5  area5
range  349.357522  11.311515  121.0  185.310056  10.688571   87.0  346.093131  28.026951  126.0  185.126363  19.870674  128.0  349.209449  44.542791   74.0
FAILURE!!!! Some beads might have been misidentified
               x1         y1  area1          x2         y2  area2          x3         y3  area3          x4         y4  area4          x5         y5  area5
range  349.351572  11.257668  118.0  185.319928  10.666991   87.0  346.054426  28.050054  124.0  185.131512  19.755737  121.0  349.237216  44.539037   68.0
FAILURE!!!! Some beads might have been misidentified
               x1         y1  area1         x2         y2  area2          x3        y3  area3          x4         y4  area4          x5         y5  area5
range  349.320567  11.243097  121.0  185.27359  10.626471   87.0  346.098594  28.11134  122.0  185.126137  19.741358  130.0  349.274934  44.513592   73.0
FAILURE!!!! Some beads might have been misidentified
               x1         y1  area1         x2         y2  area2          x3         y3  area3          x4         y4  area4          x5         y5  area5
range  349.333319  11.243097  120.0  185.27359  10.617607   87.0  346.115374  28.100009  122.0  185.119109  19.733532  129.0  349.255682  44.530204   72.0
FAILURE!!!! Some beads might have been misidentified
              x1         y1  area1          x2         y2  area2          x3         y3  area3          x4         y4  area4          x5         y5  area5
range  349.31273  11.276213  124.0  185.291099  10.649012   88.0  346.102671  28.064959  124.0  185.119109  19.741358  130.0  349.255682  44.550204   72.0
FAILURE!!!! Some beads might have been misidentified
               x1         y1  area1          x2         y2  area2          x3         y3  area3          x4        y4  area4          x5         y5  area5
range  349.358865  11.243097  121.0  185.273522  10.618344   87.0  346.102671  28.108428  120.0  185.119109  19.76887  129.0  349.274934  44.514438   71.0
FAILURE!!!! Some beads might have been misidentified
               x1         y1  area1          x2         y2  area2          x3        y3  area3          x4         y4  area4          x5         y5  area5
range  349.358865  11.258206  118.0  185.080251  10.661656   89.0  346.127737  28.05163  121.0  185.324652  19.727258  130.0  349.260531  44.521362   73.0
FAILURE!!!! Some beads might have been misidentified
              x1         y1  area1          x2         y2  area2          x3         y3  area3          x4         y4  area4          x5         y5  area5
range  349.31273  11.270554  122.0  185.406665  10.629936   88.0  346.098269  28.083604  122.0  185.036665  19.766854  129.0  349.274341  44.605446   74.0
FAILURE!!!! Some beads might have been misidentified
               x1         y1  area1          x2         y2  area2          x3         y3  area3          x4         y4  area4          x5         y5  area5
range  349.465374  11.243097  123.0  185.286284  10.662515   87.0  345.937819  28.082731  122.0  185.046381  19.765639  129.0  349.499709  44.503958   74.0
FAILURE!!!! Some beads might have been misidentified
               x1         y1  area1          x2         y2  area2          x3         y3  area3          x4         y4  area4          x5         y5  area5
range  349.247765  11.261394  118.0  185.231041  10.650213   88.0  346.233921  28.100009  121.0  185.230769  19.777812  127.0  349.033014  44.565189   71.0
FAILURE!!!! Some beads might have been misidentified
Residual vector length: 180, Jacobian shape: (180, 6)
view   0 | SOD= 557.461 mm | SDD= 802.742 mm | M= 1.440 | incident=4.7367°
[[ 239.32686    -501.45374     -45.05108   ]
 [-110.518196    218.1138       19.948921  ]
 [   0.13558641    0.06321774    0.        ]
 [   0.            0.            0.1496    ]]
               x1         y1  area1          x2        y2  area2          x3         y3  area3          x4         y4  area4          x5         y5  area5
range  349.569014  11.289753  129.0  185.437082  10.69486   82.0  345.801843  28.100763  132.0  184.991762  19.800675  122.0  349.762392  44.501187   81.0
FAILURE!!!! Some beads might have been misidentified

iter 21 cost=13.958211 -> 8.422018 |dtheta|=1.757094e-01  lambda=1.000e-06

============================================================
Iteration 22
============================================================
Theta offsets (Unity frame):
  Source   : dSx=   0.000, dSy=   0.000, dSz=   0.000  (mm)
  Object   : dOx= -18.007, dOy=  -8.051, dOz= -24.386  (mm)
  Object offset: offset_x=   0.002, offset_z=   0.001  (mm)
  Detector : dDx=   0.000, dDy=   0.000, dDz=   0.000  (mm)
  Obj Stage rotY :   24.997 deg
============================================================

Unity geometry (world coordinates):
  Source   : x=   5.000, y=  60.000, z=   0.000
  Object   : x=  -0.007, y=  14.949, z= 555.614
  Detector : x=  -8.000, y=  -5.000, z= 800.000
  Obj rotY :   0.0000 deg
view   0 | SOD= 557.461 mm | SDD= 802.742 mm | M= 1.440 | incident=4.7367°
[[ 239.32686    -501.45374     -45.05108   ]
 [-110.518196    218.1138       19.948921  ]
 [   0.13558641    0.06321774    0.        ]
 [   0.            0.            0.1496    ]]
               x1         y1  area1          x2        y2  area2          x3         y3  area3          x4         y4  area4          x5         y5  area5
range  349.569014  11.289753  129.0  185.437082  10.69486   82.0  345.801843  28.100763  132.0  184.991762  19.800675  122.0  349.762392  44.501187   81.0
FAILURE!!!! Some beads might have been misidentified
               x1         y1  area1          x2         y2  area2          x3         y3  area3          x4         y4  area4          x5         y5  area5
range  349.598396  11.285982  121.0  185.342567  10.717032   83.0  345.841979  28.116045  129.0  184.993422  19.931274  128.0  349.788465  44.527042   81.0
FAILURE!!!! Some beads might have been misidentified
               x1         y1  area1          x2         y2  area2          x3         y3  area3          x4         y4  area4          x5         y5  area5
range  349.661466  11.303515  128.0  185.394447  10.733185   82.0  345.789981  28.005624  128.0  184.971859  19.791594  120.0  349.801439  44.523216   81.0
FAILURE!!!! Some beads might have been misidentified
               x1         y1  area1          x2         y2  area2          x3        y3  area3          x4         y4  area4          x5         y5  area5
range  349.562593  11.245058  128.0  185.408926  10.681814   77.0  345.863467  28.02494  133.0  184.966559  19.816527  123.0  349.774124  44.482619   81.0
FAILURE!!!! Some beads might have been misidentified
               x1      y1  area1          x2         y2  area2          x3         y3  area3          x4         y4  area4          x5         y5  area5
range  349.616405  11.282  131.0  185.417609  10.679915   87.0  345.765271  28.082227  125.0  185.011543  19.871074  118.0  349.758031  44.469687   78.0
FAILURE!!!! Some beads might have been misidentified
               x1         y1  area1          x2         y2  area2         x3         y3  area3          x4         y4  area4          x5         y5  area5
range  349.551136  11.270315  128.0  185.445771  10.714699   81.0  345.81567  28.081002  134.0  184.991762  19.841693  122.0  349.777941  44.501187   80.0
FAILURE!!!! Some beads might have been misidentified
               x1         y1  area1          x2        y2  area2          x3         y3  area3          x4        y4  area4          x5         y5  area5
range  349.569014  11.289753  128.0  185.437082  10.69486   82.0  345.811743  28.133273  132.0  185.009915  19.80883  123.0  349.747339  44.521808   81.0
FAILURE!!!! Some beads might have been misidentified
               x1         y1  area1          x2        y2  area2          x3         y3  area3          x4         y4  area4          x5         y5  area5
range  349.551136  11.248276  128.0  185.437082  10.69486   83.0  345.778688  28.103528  133.0  184.976356  19.831486  123.0  349.742056  44.547227   82.0
FAILURE!!!! Some beads might have been misidentified
               x1         y1  area1          x2         y2  area2          x3         y3  area3          x4         y4  area4          x5         y5  area5
range  349.569014  11.301717  126.0  185.430893  10.718276   81.0  345.837451  28.107029  134.0  184.991762  19.789113  123.0  349.762392  44.496637   82.0
FAILURE!!!! Some beads might have been misidentified
              x1         y1  area1          x2         y2  area2          x3         y3  area3        x4         y4  area4          x5         y5  area5
range  349.55192  11.296022  118.0  185.242888  10.738083   81.0  345.769508  28.024189  128.0  185.1134  19.810576  131.0  349.767697  44.507105   79.0
FAILURE!!!! Some beads might have been misidentified
               x1         y1  area1          x2         y2  area2          x3        y3  area3          x4         y4  area4          x5         y5  area5
range  349.556802  11.293476  131.0  185.494126  10.700598   82.0  345.834693  28.09748  132.0  184.840806  19.861911  119.0  349.738111  44.534638   83.0
FAILURE!!!! Some beads might have been misidentified
               x1         y1  area1          x2        y2  area2          x3         y3  area3          x4         y4  area4          x5         y5  area5
range  349.779208  11.270315  126.0  185.439582  10.73097   80.0  345.584254  28.092143  134.0  184.911875  19.890458  121.0  349.975225  44.513249   77.0
FAILURE!!!! Some beads might have been misidentified
               x1         y1  area1          x2         y2  area2          x3         y3  area3          x4         y4  area4          x5         y5  area5
range  349.480653  11.271527  123.0  185.420753  10.680272   85.0  346.054683  28.113554  131.0  185.057589  19.770499  130.0  349.614678  44.541191   75.0
FAILURE!!!! Some beads might have been misidentified
Residual vector length: 180, Jacobian shape: (180, 6)
view   0 | SOD= 557.347 mm | SDD= 802.742 mm | M= 1.440 | incident=4.7367°
[[ 239.22601    -501.37656     -45.03858   ]
 [-110.55319     218.223        19.961416  ]
 [   0.1355922     0.06320534    0.        ]
 [   0.            0.            0.1496    ]]
               x1         y1  area1        x2         y2  area2          x3         y3  area3          x4         y4  area4          x5         y5  area5
range  350.000326  11.242054  123.0  185.4189  10.725317   75.0  345.611831  28.064316  130.0  184.987465  19.932163  120.0  350.084402  44.416693   76.0
FAILURE!!!! Some beads might have been misidentified

iter 22 cost=8.422018 -> 5.581269 |dtheta|=1.286336e-01  lambda=1.000e-06

============================================================
Iteration 23
============================================================
Theta offsets (Unity frame):
  Source   : dSx=   0.000, dSy=   0.000, dSz=   0.000  (mm)
  Object   : dOx= -18.004, dOy=  -8.039, dOz= -24.513  (mm)
  Object offset: offset_x=   0.007, offset_z=   0.015  (mm)
  Detector : dDx=   0.000, dDy=   0.000, dDz=   0.000  (mm)
  Obj Stage rotY :   24.992 deg
============================================================

Unity geometry (world coordinates):
  Source   : x=   5.000, y=  60.000, z=   0.000
  Object   : x=  -0.004, y=  14.961, z= 555.487
  Detector : x=  -8.000, y=  -5.000, z= 800.000
  Obj rotY :   0.0000 deg
view   0 | SOD= 557.347 mm | SDD= 802.742 mm | M= 1.440 | incident=4.7367°
[[ 239.22601    -501.37656     -45.03858   ]
 [-110.55319     218.223        19.961416  ]
 [   0.1355922     0.06320534    0.        ]
 [   0.            0.            0.1496    ]]
               x1         y1  area1        x2         y2  area2          x3         y3  area3          x4         y4  area4          x5         y5  area5
range  350.000326  11.242054  123.0  185.4189  10.725317   75.0  345.611831  28.064316  130.0  184.987465  19.932163  120.0  350.084402  44.416693   76.0
FAILURE!!!! Some beads might have been misidentified
               x1         y1  area1          x2         y2  area2          x3         y3  area3          x4       y4  area4          x5         y5  area5
range  350.024154  11.286147  123.0  185.381024  10.679356   85.0  345.650112  28.158258  123.0  185.025641  19.9095  122.0  350.146307  44.484244   78.0
FAILURE!!!! Some beads might have been misidentified
               x1         y1  area1          x2         y2  area2          x3         y3  area3          x4        y4  area4          x5        y5  area5
range  349.901058  11.284067  120.0  185.406988  10.739574   75.0  345.538145  28.036702  134.0  184.943208  19.88426  119.0  350.151347  44.46394   75.0
FAILURE!!!! Some beads might have been misidentified
               x1         y1  area1          x2         y2  area2          x3        y3  area3          x4         y4  area4          x5         y5  area5
range  349.953664  11.305221  123.0  185.459958  10.741754   81.0  345.662026  27.99264  133.0  184.967908  19.844946  126.0  350.053948  44.520687   74.0
FAILURE!!!! Some beads might have been misidentified
               x1        y1  area1          x2         y2  area2         x3         y3  area3          x4         y4  area4          x5         y5  area5
range  349.876056  11.31772  124.0  185.378863  10.633092   76.0  345.55744  28.066785  130.0  185.033673  19.953402  116.0  350.077737  44.513618   79.0
FAILURE!!!! Some beads might have been misidentified
               x1         y1  area1          x2         y2  area2          x3         y3  area3          x4         y4  area4          x5         y5  area5
range  349.889805  11.242054  124.0  185.436266  10.710906   76.0  345.583887  28.044514  131.0  184.992968  19.932163  121.0  350.125894  44.456626   76.0
FAILURE!!!! Some beads might have been misidentified
               x1         y1  area1          x2         y2  area2          x3         y3  area3          x4         y4  area4          x5         y5  area5
range  350.020463  11.315326  116.0  185.392468  10.725317   86.0  345.624658  28.089748  129.0  184.987465  20.017183  125.0  350.104735  44.426175   76.0
FAILURE!!!! Some beads might have been misidentified
               x1         y1  area1          x2        y2  area2          x3         y3  area3          x4         y4  area4          x5         y5  area5
range  349.905124  11.315326  116.0  185.410102  10.71364   87.0  345.570145  28.072168  129.0  184.963757  19.951982  127.0  350.125894  44.447684   76.0
FAILURE!!!! Some beads might have been misidentified
               x1         y1  area1        x2         y2  area2          x3         y3  area3          x4         y4  area4          x5        y5  area5
range  349.984851  11.263949  120.0  185.4189  10.743472   74.0  345.629151  28.107995  134.0  185.002871  19.950265  124.0  350.069475  44.43663   77.0
FAILURE!!!! Some beads might have been misidentified
               x1         y1  area1          x2         y2  area2          x3         y3  area3          x4         y4  area4          x5         y5  area5
range  350.039862  11.331217  116.0  185.328358  10.704348   86.0  345.595155  28.050825  122.0  185.127258  19.949058  121.0  350.108738  44.449156   77.0
FAILURE!!!! Some beads might have been misidentified
               x1         y1  area1          x2         y2  area2          x3         y3  area3          x4         y4  area4          x5         y5  area5
range  349.892327  11.238428  125.0  185.508839  10.714556   76.0  345.604655  28.124347  134.0  184.873025  19.933851  123.0  350.114592  44.499028   75.0
FAILURE!!!! Some beads might have been misidentified
               x1         y1  area1          x2        y2  area2          x3         y3  area3          x4         y4  area4          x5         y5  area5
range  350.248018  11.262053  119.0  185.444729  10.63851   85.0  345.373149  28.084774  125.0  184.911875  19.965907  120.0  350.399674  44.434728   74.0
FAILURE!!!! Some beads might have been misidentified
               x1         y1  area1          x2         y2  area2         x3         y3  area3          x4         y4  area4          x5        y5  area5
range  349.677194  11.318743  119.0  185.373568  10.736688   85.0  345.80826  28.077031  134.0  185.064493  19.843554  131.0  349.897979  44.43782   80.0
FAILURE!!!! Some beads might have been misidentified
Residual vector length: 180, Jacobian shape: (180, 6)
view   0 | SOD= 557.302 mm | SDD= 802.742 mm | M= 1.440 | incident=4.7367°
[[ 239.2414     -501.31924     -45.034264  ]
 [-110.578       218.26077      19.965734  ]
 [   0.13558868    0.06321291    0.        ]
 [   0.            0.            0.1496    ]]
               x1         y1  area1          x2         y2  area2          x3         y3  area3          x4         y4  area4          x5         y5  area5
range  350.150535  11.272793  126.0  185.510608  10.677948   75.0  345.556309  28.097946  135.0  184.896516  20.017183  116.0  350.198558  44.443234   76.0
FAILURE!!!! Some beads might have been misidentified

iter 23 cost=5.581269 -> 4.394525 |dtheta|=4.949618e-02  lambda=1.000e-06

============================================================
Iteration 24
============================================================
Theta offsets (Unity frame):
  Source   : dSx=   0.000, dSy=   0.000, dSz=   0.000  (mm)
  Object   : dOx= -18.004, dOy=  -8.034, dOz= -24.561  (mm)
  Object offset: offset_x=   0.000, offset_z=   0.018  (mm)
  Detector : dDx=   0.000, dDy=   0.000, dDz=   0.000  (mm)
  Obj Stage rotY :   24.995 deg
============================================================

Unity geometry (world coordinates):
  Source   : x=   5.000, y=  60.000, z=   0.000
  Object   : x=  -0.004, y=  14.966, z= 555.439
  Detector : x=  -8.000, y=  -5.000, z= 800.000
  Obj rotY :   0.0000 deg
view   0 | SOD= 557.302 mm | SDD= 802.742 mm | M= 1.440 | incident=4.7367°
[[ 239.2414     -501.31924     -45.034264  ]
 [-110.578       218.26077      19.965734  ]
 [   0.13558868    0.06321291    0.        ]
 [   0.            0.            0.1496    ]]
               x1         y1  area1          x2         y2  area2          x3         y3  area3          x4         y4  area4          x5         y5  area5
range  350.150535  11.272793  126.0  185.510608  10.677948   75.0  345.556309  28.097946  135.0  184.896516  20.017183  116.0  350.198558  44.443234   76.0
FAILURE!!!! Some beads might have been misidentified
               x1        y1  area1          x2         y2  area2          x3         y3  area3          x4         y4  area4          x5         y5  area5
range  350.180036  11.29024  118.0  185.564783  10.679356   96.0  345.586742  28.163195  123.0  184.895531  19.941332  129.0  350.257727  44.464471   78.0
FAILURE!!!! Some beads might have been misidentified
               x1         y1  area1          x2         y2  area2          x3         y3  area3         x4         y4  area4         x5         y5  area5
range  350.044789  11.301002  121.0  185.493023  10.739574   77.0  345.495939  28.038254  131.0  184.84889  19.926763  116.0  350.25469  44.484648   76.0
FAILURE!!!! Some beads might have been misidentified
               x1         y1  area1          x2         y2  area2          x3         y3  area3          x4         y4  area4          x5         y5  area5
range  350.216369  11.281108  123.0  185.583322  10.726131   81.0  345.575791  28.015723  132.0  184.885233  19.844029  125.0  350.192045  44.457117   77.0
FAILURE!!!! Some beads might have been misidentified
               x1         y1  area1          x2         y2  area2         x3         y3  area3          x4         y4  area4          x5         y5  area5
range  350.156606  11.270315  126.0  185.497467  10.633092   81.0  345.48195  28.115985  132.0  184.915557  19.934197  113.0  350.196922  44.483801   77.0
FAILURE!!!! Some beads might have been misidentified
               x1         y1  area1          x2         y2  area2          x3         y3  area3          x4         y4  area4        x5         y5  area5
range  350.139937  11.294433  126.0  185.510608  10.677948   75.0  345.548484  28.093174  135.0  184.902191  19.987958  116.0  350.1927  44.443234   75.0
FAILURE!!!! Some beads might have been misidentified
               x1         y1  area1          x2         y2  area2          x3         y3  area3          x4         y4  area4         x5         y5  area5
range  350.178043  11.272793  124.0  185.522277  10.692384   77.0  345.566934  28.109865  135.0  184.896516  20.036242  116.0  350.22085  44.448334   76.0
FAILURE!!!! Some beads might have been misidentified
               x1         y1  area1         x2         y2  area2          x3         y3  area3          x4         y4  area4          x5         y5  area5
range  350.150762  11.242946  125.0  185.52237  10.676721   77.0  345.543933  28.119148  134.0  184.896516  19.996919  114.0  350.198558  44.478187   75.0
FAILURE!!!! Some beads might have been misidentified
               x1         y1  area1          x2         y2  area2          x3         y3  area3          x4         y4  area4          x5         y5  area5
range  350.141698  11.297501  120.0  185.497169  10.706505   76.0  345.571485  28.108726  134.0  184.896516  20.032764  117.0  350.198558  44.509709   75.0
FAILURE!!!! Some beads might have been misidentified
              x1         y1  area1         x2         y2  area2          x3         y3  area3          x4        y4  area4          x5         y5  area5
range  350.13946  11.357887  112.0  185.37349  10.697856   86.0  345.562933  28.063398  128.0  185.014006  19.97175  127.0  350.167867  44.456146   77.0
FAILURE!!!! Some beads might have been misidentified
               x1         y1  area1          x2         y2  area2          x3         y3  area3          x4         y4  area4          x5         y5  area5
range  350.145747  11.228561  125.0  185.684315  10.677638   78.0  345.533566  28.138894  133.0  184.751749  20.006847  119.0  350.230177  44.487568   75.0
FAILURE!!!! Some beads might have been misidentified
               x1         y1  area1          x2         y2  area2          x3         y3  area3          x4         y4  area4          x5         y5  area5
range  350.432997  11.278666  123.0  185.531705  10.665758   75.0  345.316208  28.098649  130.0  184.830242  19.992939  116.0  350.462877  44.443234   79.0
FAILURE!!!! Some beads might have been misidentified
               x1         y1  area1          x2         y2  area2          x3         y3  area3          x4        y4  area4          x5         y5  area5
range  349.791828  11.256197  127.0  185.500388  10.775149   76.0  345.766473  28.093789  137.0  184.980611  19.90184  120.0  350.030454  44.471142   78.0
FAILURE!!!! Some beads might have been misidentified
Residual vector length: 180, Jacobian shape: (180, 6)
view   0 | SOD= 557.194 mm | SDD= 802.742 mm | M= 1.441 | incident=4.7367°
[[ 239.44493    -501.10303     -45.024624  ]
 [-110.736725    218.30075      19.975376  ]
 [   0.13555683    0.06328117    0.        ]
 [   0.            0.            0.1496    ]]
               x1         y1  area1          x2         y2  area2          x3        y3  area3          x4         y4  area4          x5        y5  area5
range  350.180255  11.261977  119.0  185.540457  10.703861   83.0  345.710426  28.05171  129.0  184.980453  20.010351  125.0  350.190601  44.46464   78.0
FAILURE!!!! Some beads might have been misidentified

iter 24 cost=4.394525 -> 2.815856 |dtheta|=1.084103e-01  lambda=1.000e-06

============================================================
Iteration 25
============================================================
Theta offsets (Unity frame):
  Source   : dSx=   0.000, dSy=   0.000, dSz=   0.000  (mm)
  Object   : dOx= -18.003, dOy=  -8.025, dOz= -24.665  (mm)
  Object offset: offset_x=   0.003, offset_z=   0.015  (mm)
  Detector : dDx=   0.000, dDy=   0.000, dDz=   0.000  (mm)
  Obj Stage rotY :   25.024 deg
============================================================

Unity geometry (world coordinates):
  Source   : x=   5.000, y=  60.000, z=   0.000
  Object   : x=  -0.003, y=  14.975, z= 555.335
  Detector : x=  -8.000, y=  -5.000, z= 800.000
  Obj rotY :   0.0000 deg
view   0 | SOD= 557.194 mm | SDD= 802.742 mm | M= 1.441 | incident=4.7367°
[[ 239.44493    -501.10303     -45.024624  ]
 [-110.736725    218.30075      19.975376  ]
 [   0.13555683    0.06328117    0.        ]
 [   0.            0.            0.1496    ]]
               x1         y1  area1          x2         y2  area2          x3        y3  area3          x4         y4  area4          x5        y5  area5
range  350.180255  11.261977  119.0  185.540457  10.703861   83.0  345.710426  28.05171  129.0  184.980453  20.010351  125.0  350.190601  44.46464   78.0
FAILURE!!!! Some beads might have been misidentified
               x1         y1  area1          x2         y2  area2          x3         y3  area3          x4         y4  area4          x5         y5  area5
range  350.168634  11.229046  119.0  185.595562  10.666076   90.0  345.741312  28.085325  125.0  185.000336  19.992939  126.0  350.244943  44.485821   79.0
FAILURE!!!! Some beads might have been misidentified
               x1         y1  area1         x2         y2  area2          x3         y3  area3          x4         y4  area4          x5         y5  area5
range  350.063903  11.270753  114.0  185.52662  10.746017   87.0  345.689479  28.036098  133.0  184.944221  19.937681  122.0  350.270315  44.512142   72.0
FAILURE!!!! Some beads might have been misidentified
               x1         y1  area1          x2         y2  area2          x3         y3  area3          x4         y4  area4          x5         y5  area5
range  350.200548  11.290455  121.0  185.555305  10.750581   83.0  345.682478  28.028378  133.0  184.927218  19.850795  124.0  350.195009  44.539465   77.0
FAILURE!!!! Some beads might have been misidentified
               x1        y1  area1          x2         y2  area2          x3       y3  area3          x4        y4  area4          x5         y5  area5
range  350.149995  11.24911  121.0  185.458019  10.713264   83.0  345.686653  28.0847  127.0  184.995965  19.93396  127.0  350.182958  44.512458   79.0
FAILURE!!!! Some beads might have been misidentified
               x1         y1  area1          x2         y2  area2          x3         y3  area3          x4         y4  area4          x5         y5  area5
range  350.180255  11.276987  119.0  185.540457  10.703861   83.0  345.695289  28.031856  130.0  184.940016  20.002371  124.0  350.188547  44.492055   78.0
FAILURE!!!! Some beads might have been misidentified
               x1        y1  area1          x2         y2  area2          x3         y3  area3          x4         y4  area4         x5         y5  area5
range  350.199043  11.24545  119.0  185.534157  10.703861   83.0  345.701197  28.072168  128.0  184.980453  20.036389  130.0  350.20526  44.484757   77.0
FAILURE!!!! Some beads might have been misidentified
               x1         y1  area1          x2         y2  area2          x3         y3  area3          x4        y4  area4          x5         y5  area5
range  350.161633  11.224718  117.0  185.540457  10.719695   83.0  345.693118  28.031003  128.0  184.980453  20.01845  126.0  350.224238  44.479233   80.0
FAILURE!!!! Some beads might have been misidentified
               x1         y1  area1          x2         y2  area2          x3         y3  area3          x4         y4  area4          x5         y5  area5
range  350.199043  11.218826  117.0  185.540457  10.706437   83.0  345.710426  28.072614  132.0  184.980453  20.024982  129.0  350.190601  44.465095   78.0
FAILURE!!!! Some beads might have been misidentified
               x1         y1  area1          x2         y2  area2          x3         y3  area3          x4         y4  area4        x5         y5  area5
range  350.159157  11.238622  117.0  185.421367  10.706437   81.0  345.683877  27.995004  125.0  185.079862  19.968849  127.0  350.1432  44.465077   78.0
FAILURE!!!! Some beads might have been misidentified
               x1         y1  area1          x2         y2  area2        x3         y3  area3          x4         y4  area4          x5         y5  area5
range  350.032492  11.268508  121.0  185.692517  10.717014   85.0  345.7296  28.109842  136.0  184.841297  20.019579  123.0  350.231271  44.532134   79.0
FAILURE!!!! Some beads might have been misidentified
               x1         y1  area1          x2         y2  area2          x3         y3  area3         x4         y4  area4          x5         y5  area5
range  350.402087  11.242504  116.0  185.554561  10.680224   85.0  345.516932  28.063398  128.0  184.89897  20.002912  123.0  350.469178  44.472143   76.0
FAILURE!!!! Some beads might have been misidentified
               x1         y1  area1          x2         y2  area2          x3         y3  area3          x4         y4  area4          x5         y5  area5
range  349.830449  11.249087  123.0  185.511794  10.773848   84.0  345.913858  28.031856  133.0  185.047774  19.978698  129.0  350.046079  44.528428   80.0
FAILURE!!!! Some beads might have been misidentified
Residual vector length: 180, Jacobian shape: (180, 6)
view   0 | SOD= 557.110 mm | SDD= 802.742 mm | M= 1.441 | incident=4.7367°
[[ 239.43347    -501.01492     -45.02004   ]
 [-110.78745     218.36975      19.979961  ]
 [   0.13555337    0.06328857    0.        ]
 [   0.            0.            0.1496    ]]
               x1         y1  area1          x2        y2  area2          x3         y3  area3         x4         y4  area4          x5        y5  area5
range  350.188889  11.247134  122.0  185.554561  10.70118   83.0  345.769503  28.100906  127.0  185.04513  19.985484  126.0  350.179563  44.50479   85.0
FAILURE!!!! Some beads might have been misidentified

iter 25 cost=2.815856 -> 2.058128 |dtheta|=8.233161e-02  lambda=1.000e-06

============================================================
Iteration 26
============================================================
Theta offsets (Unity frame):
  Source   : dSx=   0.000, dSy=   0.000, dSz=   0.000  (mm)
  Object   : dOx= -18.000, dOy=  -8.020, dOz= -24.747  (mm)
  Object offset: offset_x=   0.003, offset_z=   0.012  (mm)
  Detector : dDx=   0.000, dDy=   0.000, dDz=   0.000  (mm)
  Obj Stage rotY :   25.027 deg
============================================================

Unity geometry (world coordinates):
  Source   : x=   5.000, y=  60.000, z=   0.000
  Object   : x=   0.000, y=  14.980, z= 555.253
  Detector : x=  -8.000, y=  -5.000, z= 800.000
  Obj rotY :   0.0000 deg
view   0 | SOD= 557.110 mm | SDD= 802.742 mm | M= 1.441 | incident=4.7367°
[[ 239.43347    -501.01492     -45.02004   ]
 [-110.78745     218.36975      19.979961  ]
 [   0.13555337    0.06328857    0.        ]
 [   0.            0.            0.1496    ]]
               x1         y1  area1          x2        y2  area2          x3         y3  area3         x4         y4  area4          x5        y5  area5
range  350.188889  11.247134  122.0  185.554561  10.70118   83.0  345.769503  28.100906  127.0  185.04513  19.985484  126.0  350.179563  44.50479   85.0
FAILURE!!!! Some beads might have been misidentified
              x1        y1  area1          x2         y2  area2          x3         y3  area3          x4         y4  area4          x5        y5  area5
range  350.14737  11.29014  127.0  185.570738  10.680509   86.0  345.811547  28.116072  125.0  185.042365  19.917308  115.0  350.215372  44.49422   78.0
FAILURE!!!! Some beads might have been misidentified
               x1         y1  area1          x2        y2  area2         x3         y3  area3         x4         y4  area4          x5         y5  area5
range  350.043491  11.252074  115.0  185.563819  10.75292   86.0  345.78877  28.070065  133.0  185.00089  19.921864  124.0  350.260243  44.507217   75.0
FAILURE!!!! Some beads might have been misidentified
               x1         y1  area1          x2         y2  area2          x3         y3  area3          x4         y4  area4          x5         y5  area5
range  350.247056  11.293164  120.0  185.557291  10.748906   88.0  345.769848  28.039287  133.0  184.964017  19.934436  130.0  350.188547  44.544393   82.0
FAILURE!!!! Some beads might have been misidentified
               x1        y1  area1          x2         y2  area2        x3         y3  area3          x4         y4  area4          x5         y5  area5
range  350.143319  11.24911  122.0  185.475527  10.700648   83.0  345.8194  28.057539  128.0  185.019648  19.868039  123.0  350.147304  44.481737   82.0
FAILURE!!!! Some beads might have been misidentified
               x1         y1  area1          x2        y2  area2          x3         y3  area3          x4         y4  area4         x5        y5  area5
range  350.149085  11.263615  122.0  185.554561  10.70118   83.0  345.789283  28.074022  127.0  185.060499  20.001411  125.0  350.17282  44.50479   83.0
FAILURE!!!! Some beads might have been misidentified
               x1         y1  area1          x2         y2  area2          x3         y3  area3          x4        y4  area4          x5         y5  area5
range  350.188889  11.247134  122.0  185.541294  10.705098   84.0  345.760275  28.100906  128.0  185.054881  20.00551  126.0  350.179563  44.535748   85.0
FAILURE!!!! Some beads might have been misidentified
               x1         y1  area1          x2         y2  area2          x3         y3  area3         x4         y4  area4          x5         y5  area5
range  350.188889  11.271652  120.0  185.554561  10.706908   83.0  345.769503  28.087015  126.0  185.04513  19.986204  126.0  350.163071  44.518207   83.0
FAILURE!!!! Some beads might have been misidentified
               x1         y1  area1          x2         y2  area2          x3         y3  area3          x4         y4  area4          x5         y5  area5
range  350.187963  11.234842  120.0  185.541294  10.699281   82.0  345.796731  28.114731  129.0  185.060499  19.997933  127.0  350.163071  44.510016   82.0
FAILURE!!!! Some beads might have been misidentified
               x1        y1  area1         x2         y2  area2          x3         y3  area3          x4         y4  area4          x5         y5  area5
range  350.187963  11.25275  122.0  185.44233  10.694638   75.0  345.813184  28.085782  127.0  185.139866  19.991407  115.0  350.122169  44.489213   75.0
FAILURE!!!! Some beads might have been misidentified
               x1         y1  area1          x2         y2  area2          x3         y3  area3          x4         y4  area4          x5         y5  area5
range  350.188971  11.277949  120.0  185.692227  10.697704   85.0  345.809019  28.100356  136.0  184.938405  20.013804  122.0  350.196922  44.490988   79.0
FAILURE!!!! Some beads might have been misidentified
               x1         y1  area1          x2       y2  area2          x3         y3  area3          x4         y4  area4          x5         y5  area5
range  350.381676  11.263615  117.0  185.600153  10.7025   85.0  345.603644  28.114387  127.0  184.956657  19.957546  126.0  350.449107  44.499494   76.0
FAILURE!!!! Some beads might have been misidentified
               x1         y1  area1          x2         y2  area2          x3         y3  area3          x4         y4  area4          x5         y5  area5
range  349.809185  11.273006  124.0  185.527189  10.731869   83.0  346.025473  28.102932  133.0  185.102217  19.881627  129.0  350.021447  44.535748   79.0
FAILURE!!!! Some beads might have been misidentified
Residual vector length: 180, Jacobian shape: (180, 6)
view   0 | SOD= 557.028 mm | SDD= 802.742 mm | M= 1.441 | incident=4.7367°
[[ 239.23228    -501.02124     -45.01436   ]
 [-110.74525     218.48189      19.985643  ]
 [   0.13557477    0.06324271    0.        ]
 [   0.            0.            0.1496    ]]
               x1         y1  area1          x2         y2  area2          x3         y3  area3          x4         y4  area4          x5         y5  area5
range  350.234463  11.279579  118.0  185.576896  10.724338   82.0  345.908405  28.132875  133.0  185.092485  19.931708  127.0  350.167879  44.584365   78.0
FAILURE!!!! Some beads might have been misidentified

iter 26 cost=2.058128 -> 1.367909 |dtheta|=8.104472e-02  lambda=1.000e-06

============================================================
Iteration 27
============================================================
Theta offsets (Unity frame):
  Source   : dSx=   0.000, dSy=   0.000, dSz=   0.000  (mm)
  Object   : dOx= -18.001, dOy=  -8.014, dOz= -24.826  (mm)
  Object offset: offset_x=   0.002, offset_z=   0.010  (mm)
  Detector : dDx=   0.000, dDy=   0.000, dDz=   0.000  (mm)
  Obj Stage rotY :   25.008 deg
============================================================

Unity geometry (world coordinates):
  Source   : x=   5.000, y=  60.000, z=   0.000
  Object   : x=  -0.001, y=  14.986, z= 555.174
  Detector : x=  -8.000, y=  -5.000, z= 800.000
  Obj rotY :   0.0000 deg
view   0 | SOD= 557.028 mm | SDD= 802.742 mm | M= 1.441 | incident=4.7367°
[[ 239.23228    -501.02124     -45.01436   ]
 [-110.74525     218.48189      19.985643  ]
 [   0.13557477    0.06324271    0.        ]
 [   0.            0.            0.1496    ]]
               x1         y1  area1          x2         y2  area2          x3         y3  area3          x4         y4  area4          x5         y5  area5
range  350.234463  11.279579  118.0  185.576896  10.724338   82.0  345.908405  28.132875  133.0  185.092485  19.931708  127.0  350.167879  44.584365   78.0
FAILURE!!!! Some beads might have been misidentified
               x1         y1  area1          x2         y2  area2          x3         y3  area3          x4         y4  area4          x5         y5  area5
range  350.165586  11.265034  115.0  185.598523  10.662136   84.0  345.894196  28.172671  128.0  185.081259  20.018737  127.0  350.187174  44.567707   79.0
FAILURE!!!! Some beads might have been misidentified
               x1         y1  area1         x2         y2  area2          x3         y3  area3          x4         y4  area4          x5         y5  area5
range  350.099498  11.267007  115.0  185.57666  10.753589   88.0  345.909511  28.058233  128.0  185.035611  19.924563  125.0  350.255182  44.579094   77.0
FAILURE!!!! Some beads might have been misidentified
              x1         y1  area1          x2         y2  area2          x3         y3  area3          x4         y4  area4          x5         y5  area5
range  350.22112  11.259632  122.0  185.594533  10.738864   84.0  345.898721  28.005984  134.0  185.019895  19.905263  126.0  350.205954  44.478268   78.0
FAILURE!!!! Some beads might have been misidentified
               x1         y1  area1          x2         y2  area2         x3         y3  area3          x4         y4  area4          x5         y5  area5
range  350.138797  11.313499  120.0  185.475538  10.724442   84.0  345.89097  28.145961  136.0  185.040525  19.882681  123.0  350.150714  44.525689   76.0
FAILURE!!!! Some beads might have been misidentified
               x1         y1  area1          x2         y2  area2          x3         y3  area3          x4         y4  area4          x5         y5  area5
range  350.234463  11.279579  117.0  185.576896  10.724338   84.0  345.925444  28.153778  133.0  185.081315  19.927583  126.0  350.182958  44.592158   80.0
FAILURE!!!! Some beads might have been misidentified
               x1         y1  area1          x2        y2  area2          x3         y3  area3          x4         y4  area4          x5         y5  area5
range  350.234463  11.276444  119.0  185.576896  10.72614   81.0  345.937388  28.147744  133.0  185.092485  19.890546  127.0  350.164846  44.569984   78.0
FAILURE!!!! Some beads might have been misidentified
               x1         y1  area1          x2         y2  area2          x3         y3  area3          x4         y4  area4          x5         y5  area5
range  350.106259  11.273036  119.0  185.576896  10.724338   82.0  345.908405  28.132875  133.0  185.092485  19.942699  127.0  350.182958  44.590332   79.0
FAILURE!!!! Some beads might have been misidentified
               x1         y1  area1          x2         y2  area2          x3         y3  area3          x4         y4  area4          x5         y5  area5
range  350.234463  11.281108  121.0  185.580929  10.703861   80.0  345.931649  28.130947  133.0  185.092485  19.927583  117.0  350.167879  44.475466   79.0
FAILURE!!!! Some beads might have been misidentified
               x1         y1  area1          x2         y2  area2          x3         y3  area3          x4         y4  area4          x5         y5  area5
range  350.197478  11.229304  108.0  185.460896  10.728786   85.0  345.910437  28.061133  128.0  185.178926  19.948514  128.0  350.179925  44.609306   79.0
FAILURE!!!! Some beads might have been misidentified
               x1         y1  area1          x2         y2  area2          x3         y3  area3          x4         y4  area4         x5         y5  area5
range  350.080928  11.302736  119.0  185.705938  10.718394   88.0  345.901221  28.178555  131.0  184.939776  19.947939  123.0  350.20884  44.537495   82.0
FAILURE!!!! Some beads might have been misidentified
               x1         y1  area1          x2         y2  area2          x3         y3  area3          x4        y4  area4          x5         y5  area5
range  350.402961  11.233644  114.0  185.616168  10.694458   85.0  345.696808  28.112947  131.0  184.956591  20.05074  128.0  350.439117  44.522448   79.0
FAILURE!!!! Some beads might have been misidentified
               x1         y1  area1          x2        y2  area2          x3         y3  area3          x4         y4  area4          x5         y5  area5
range  349.862123  11.277426  121.0  185.536868  10.74152   86.0  346.087603  28.127159  132.0  185.121708  19.872229  127.0  350.015781  44.590332   80.0
FAILURE!!!! Some beads might have been misidentified
Residual vector length: 180, Jacobian shape: (180, 6)
view   0 | SOD= 556.987 mm | SDD= 802.742 mm | M= 1.441 | incident=4.7367°
[[ 239.17908    -501.0014      -45.010117  ]
 [-110.7517      218.52443      19.989882  ]
 [   0.13557889    0.0632339     0.        ]
 [   0.            0.            0.1496    ]]
               x1         y1  area1         x2         y2  area2          x3         y3  area3          x4         y4  area4          x5         y5  area5
range  350.175423  11.280836  115.0  185.59487  10.740949   86.0  346.001585  28.128121  134.0  185.121708  19.927583  126.0  350.147697  44.604395   80.0
FAILURE!!!! Some beads might have been misidentified

iter 27 cost=1.367909 -> 1.221458 |dtheta|=3.956138e-02  lambda=1.000e-06

============================================================
Iteration 28
============================================================
Theta offsets (Unity frame):
  Source   : dSx=   0.000, dSy=   0.000, dSz=   0.000  (mm)
  Object   : dOx= -17.999, dOy=  -8.010, dOz= -24.865  (mm)
  Object offset: offset_x=   0.003, offset_z=   0.008  (mm)
  Detector : dDx=   0.000, dDy=   0.000, dDz=   0.000  (mm)
  Obj Stage rotY :   25.004 deg
============================================================

Unity geometry (world coordinates):
  Source   : x=   5.000, y=  60.000, z=   0.000
  Object   : x=   0.001, y=  14.990, z= 555.135
  Detector : x=  -8.000, y=  -5.000, z= 800.000
  Obj rotY :   0.0000 deg
view   0 | SOD= 556.987 mm | SDD= 802.742 mm | M= 1.441 | incident=4.7367°
[[ 239.17908    -501.0014      -45.010117  ]
 [-110.7517      218.52443      19.989882  ]
 [   0.13557889    0.0632339     0.        ]
 [   0.            0.            0.1496    ]]
               x1         y1  area1         x2         y2  area2          x3         y3  area3          x4         y4  area4          x5         y5  area5
range  350.175423  11.280836  115.0  185.59487  10.740949   86.0  346.001585  28.128121  134.0  185.121708  19.927583  126.0  350.147697  44.604395   80.0
FAILURE!!!! Some beads might have been misidentified
               x1         y1  area1          x2         y2  area2          x3         y3  area3          x4         y4  area4          x5         y5  area5
range  350.157451  11.231572  114.0  185.617144  10.687226   85.0  345.973176  28.137244  130.0  185.156784  20.000948  125.0  350.221168  44.578703   78.0
FAILURE!!!! Some beads might have been misidentified
               x1         y1  area1          x2         y2  area2         x3        y3  area3         x4        y4  area4          x5         y5  area5
range  350.074306  11.288441  111.0  185.562797  10.741518   90.0  345.97727  28.04656  128.0  185.09216  19.90452  130.0  350.255182  44.564769   77.0
FAILURE!!!! Some beads might have been misidentified
               x1         y1  area1          x2         y2  area2          x3         y3  area3          x4         y4  area4          x5         y5  area5
range  350.231114  11.266904  120.0  185.588326  10.733752   85.0  345.964211  28.042423  136.0  185.057589  19.896458  123.0  350.137431  44.501011   78.0
FAILURE!!!! Some beads might have been misidentified
               x1         y1  area1          x2         y2  area2          x3         y3  area3         x4         y4  area4          x5         y5  area5
range  350.149454  11.254801  117.0  185.493246  10.728092   83.0  345.959295  28.211793  133.0  185.12197  19.909251  121.0  350.116073  44.519462   76.0
FAILURE!!!! Some beads might have been misidentified
               x1         y1  area1          x2         y2  area2          x3         y3  area3          x4         y4  area4          x5         y5  area5
range  350.175423  11.280836  115.0  185.575946  10.733689   85.0  345.982568  28.129878  134.0  185.102217  19.927583  126.0  350.147697  44.590791   80.0
FAILURE!!!! Some beads might have been misidentified
               x1         y1  area1         x2         y2  area2          x3         y3  area3          x4         y4  area4          x5         y5  area5
range  350.175423  11.280836  115.0  185.59487  10.733689   86.0  346.015689  28.148653  133.0  185.113429  19.894358  127.0  350.144664  44.580236   80.0
FAILURE!!!! Some beads might have been misidentified
               x1         y1  area1          x2        y2  area2          x3         y3  area3          x4         y4  area4          x5         y5  area5
range  350.193683  11.279791  118.0  185.575946  10.73949   87.0  345.982568  28.154307  133.0  185.102217  19.938574  126.0  350.147697  44.565443   80.0
FAILURE!!!! Some beads might have been misidentified
               x1         y1  area1          x2         y2  area2          x3         y3  area3          x4        y4  area4          x5         y5  area5
range  350.175423  11.269703  111.0  185.531565  10.743525   85.0  346.001585  28.149024  133.0  185.098041  19.90951  129.0  350.147697  44.593868   77.0
FAILURE!!!! Some beads might have been misidentified
               x1         y1  area1          x2         y2  area2          x3         y3  area3        x4         y4  area4          x5        y5  area5
range  350.175423  11.238489  108.0  185.467096  10.733909   86.0  345.982568  28.046047  130.0  185.2193  19.942699  125.0  350.171373  44.60976   79.0
FAILURE!!!! Some beads might have been misidentified
               x1         y1  area1          x2         y2  area2          x3         y3  area3          x4         y4  area4          x5         y5  area5
range  350.234463  11.261113  120.0  185.692483  10.714045   88.0  345.980278  28.131077  132.0  185.006066  19.955851  128.0  350.167879  44.544414   82.0
FAILURE!!!! Some beads might have been misidentified
               x1         y1  area1          x2         y2  area2          x3         y3  area3          x4         y4  area4          x5         y5  area5
range  350.381906  11.282301  108.0  185.588496  10.689409   87.0  345.786695  28.149553  133.0  185.024145  20.030698  129.0  350.473112  44.570076   78.0
FAILURE!!!! Some beads might have been misidentified
               x1         y1  area1          x2         y2  area2         x3         y3  area3          x4         y4  area4          x5         y5  area5
range  349.849851  11.280836  116.0  185.519516  10.724418   87.0  346.17665  28.108446  131.0  185.194547  19.874771  127.0  349.993118  44.610759   79.0
FAILURE!!!! Some beads might have been misidentified
Residual vector length: 180, Jacobian shape: (180, 6)
view   0 | SOD= 556.943 mm | SDD= 802.742 mm | M= 1.441 | incident=4.7367°
[[ 239.08171    -500.9993      -45.007187  ]
 [-110.73308     218.58296      19.992813  ]
 [   0.13558908    0.06321204    0.        ]
 [   0.            0.            0.1496    ]]
               x1         y1  area1          x2         y2  area2          x3         y3  area3          x4         y4  area4          x5         y5  area5
range  350.269231  11.239058  121.0  185.620202  10.721215   81.0  345.980278  28.142935  134.0  185.046316  19.923583  118.0  350.207334  44.457549   72.0
FAILURE!!!! Some beads might have been misidentified

iter 28 cost=1.221458 -> 0.811934 |dtheta|=4.614281e-02  lambda=1.000e-06

============================================================
Iteration 29
============================================================
Theta offsets (Unity frame):
  Source   : dSx=   0.000, dSy=   0.000, dSz=   0.000  (mm)
  Object   : dOx= -17.999, dOy=  -8.007, dOz= -24.910  (mm)
  Object offset: offset_x=   0.001, offset_z=   0.009  (mm)
  Detector : dDx=   0.000, dDy=   0.000, dDz=   0.000  (mm)
  Obj Stage rotY :   24.995 deg
============================================================

Unity geometry (world coordinates):
  Source   : x=   5.000, y=  60.000, z=   0.000
  Object   : x=   0.001, y=  14.993, z= 555.090
  Detector : x=  -8.000, y=  -5.000, z= 800.000
  Obj rotY :   0.0000 deg
view   0 | SOD= 556.943 mm | SDD= 802.742 mm | M= 1.441 | incident=4.7367°
[[ 239.08171    -500.9993      -45.007187  ]
 [-110.73308     218.58296      19.992813  ]
 [   0.13558908    0.06321204    0.        ]
 [   0.            0.            0.1496    ]]
               x1         y1  area1          x2         y2  area2          x3         y3  area3          x4         y4  area4          x5         y5  area5
range  350.269231  11.239058  121.0  185.620202  10.721215   81.0  345.980278  28.142935  134.0  185.046316  19.923583  118.0  350.207334  44.457549   72.0
FAILURE!!!! Some beads might have been misidentified
               x1         y1  area1          x2         y2  area2          x3         y3  area3          x4         y4  area4          x5         y5  area5
range  350.186187  11.240578  116.0  185.649855  10.690325   85.0  345.991728  28.154091  135.0  185.138362  19.919387  128.0  350.257584  44.505285   78.0
FAILURE!!!! Some beads might have been misidentified
               x1         y1  area1          x2         y2  area2          x3         y3  area3          x4         y4  area4          x5         y5  area5
range  350.127353  11.268205  114.0  185.582343  10.737591   84.0  345.989038  28.062738  127.0  185.076725  19.924563  119.0  350.240897  44.524622   77.0
FAILURE!!!! Some beads might have been misidentified
               x1         y1  area1          x2         y2  area2          x3         y3  area3          x4         y4  area4          x5         y5  area5
range  350.278788  11.247384  122.0  185.630675  10.733752   83.0  345.964211  28.059891  133.0  185.032492  19.894256  124.0  350.274602  44.491397   77.0
FAILURE!!!! Some beads might have been misidentified
               x1         y1  area1          x2        y2  area2          x3         y3  area3          x4         y4  area4          x5         y5  area5
range  350.215994  11.253487  116.0  185.552377  10.69569   83.0  345.982316  28.200482  136.0  185.085683  19.844931  119.0  350.258645  44.553641   74.0
FAILURE!!!! Some beads might have been misidentified
               x1        y1  area1          x2         y2  area2          x3         y3  area3         x4         y4  area4          x5         y5  area5
range  350.269231  11.27152  120.0  185.629615  10.721215   83.0  345.980278  28.144264  134.0  185.07437  19.926627  117.0  350.235543  44.553576   80.0
FAILURE!!!! Some beads might have been misidentified
               x1         y1  area1          x2         y2  area2          x3         y3  area3          x4        y4  area4          x5         y5  area5
range  350.269231  11.218129  122.0  185.620202  10.720316   81.0  346.013809  28.161012  133.0  185.113429  19.90659  117.0  350.210744  44.457549   77.0
FAILURE!!!! Some beads might have been misidentified
               x1         y1  area1          x2         y2  area2         x3         y3  area3          x4         y4  area4          x5        y5  area5
range  350.269231  11.269283  115.0  185.616168  10.731726   85.0  345.99014  28.148653  133.0  185.092485  19.906777  125.0  350.171462  44.53604   79.0
FAILURE!!!! Some beads might have been misidentified
               x1         y1  area1          x2       y2  area2          x3         y3  area3          x4        y4  area4          x5         y5  area5
range  350.269231  11.204134  118.0  185.628243  10.7116   80.0  346.003946  28.123131  129.0  185.022649  19.90989  118.0  350.201295  44.455316   72.0
FAILURE!!!! Some beads might have been misidentified
               x1         y1  area1          x2         y2  area2          x3         y3  area3         x4         y4  area4         x5         y5  area5
range  350.278165  11.199953  106.0  185.482095  10.705135   86.0  346.001585  28.100356  128.0  185.26591  19.881475  128.0  350.30003  44.581604   76.0
FAILURE!!!! Some beads might have been misidentified
               x1         y1  area1          x2         y2  area2         x3         y3  area3          x4         y4  area4         x5         y5  area5
range  350.259144  11.307215  121.0  185.756047  10.693336   82.0  345.99084  28.117586  130.0  184.976447  19.934538  118.0  350.18652  44.448302   79.0
FAILURE!!!! Some beads might have been misidentified
               x1         y1  area1          x2         y2  area2          x3         y3  area3          x4         y4  area4          x5         y5  area5
range  350.416045  11.199514  113.0  185.637893  10.706439   83.0  345.813311  28.130947  135.0  185.025584  19.984716  118.0  350.477702  44.471514   76.0
FAILURE!!!! Some beads might have been misidentified
               x1         y1  area1          x2         y2  area2          x3       y3  area3          x4         y4  area4          x5         y5  area5
range  349.884622  11.261215  124.0  185.551222  10.724418   82.0  346.167456  28.1381  125.0  185.149745  19.885223  118.0  350.020778  44.495043   78.0
FAILURE!!!! Some beads might have been misidentified
Residual vector length: 180, Jacobian shape: (180, 6)
view   0 | SOD= 556.922 mm | SDD= 802.742 mm | M= 1.441 | incident=4.7367°
[[ 239.05269    -500.98984     -45.00528   ]
 [-110.73628     218.60495      19.994719  ]
 [   0.13559134    0.06320718    0.        ]
 [   0.            0.            0.1496    ]]
              x1         y1  area1          x2         y2  area2          x3         y3  area3          x4         y4  area4          x5         y5  area5
range  350.24241  11.247908  112.0  185.552042  10.709387   85.0  346.056984  28.147695  127.0  185.107845  19.923583  128.0  350.201295  44.519017   77.0
FAILURE!!!! Some beads might have been misidentified

iter 29 cost=0.811934 -> 0.740116 |dtheta|=1.975188e-02  lambda=1.000e-06

============================================================
Iteration 30
============================================================
Theta offsets (Unity frame):
  Source   : dSx=   0.000, dSy=   0.000, dSz=   0.000  (mm)
  Object   : dOx= -17.998, dOy=  -8.005, dOz= -24.929  (mm)
  Object offset: offset_x=   0.003, offset_z=   0.007  (mm)
  Detector : dDx=   0.000, dDy=   0.000, dDz=   0.000  (mm)
  Obj Stage rotY :   24.993 deg
============================================================

Unity geometry (world coordinates):
  Source   : x=   5.000, y=  60.000, z=   0.000
  Object   : x=   0.002, y=  14.995, z= 555.071
  Detector : x=  -8.000, y=  -5.000, z= 800.000
  Obj rotY :   0.0000 deg
view   0 | SOD= 556.922 mm | SDD= 802.742 mm | M= 1.441 | incident=4.7367°
[[ 239.05269    -500.98984     -45.00528   ]
 [-110.73628     218.60495      19.994719  ]
 [   0.13559134    0.06320718    0.        ]
 [   0.            0.            0.1496    ]]
              x1         y1  area1          x2         y2  area2          x3         y3  area3          x4         y4  area4          x5         y5  area5
range  350.24241  11.247908  112.0  185.552042  10.709387   85.0  346.056984  28.147695  127.0  185.107845  19.923583  128.0  350.201295  44.519017   77.0
FAILURE!!!! Some beads might have been misidentified
               x1         y1  area1         x2         y2  area2          x3         y3  area3          x4         y4  area4          x5         y5  area5
range  350.174641  11.243306  115.0  185.63113  10.732406   84.0  346.056847  28.149855  134.0  185.156784  19.934457  127.0  350.243268  44.522492   78.0
FAILURE!!!! Some beads might have been misidentified
               x1         y1  area1          x2         y2  area2          x3        y3  area3         x4        y4  area4          x5         y5  area5
range  350.127353  11.296784  115.0  185.579634  10.733866   84.0  346.001938  28.08722  128.0  185.12253  19.89714  117.0  350.240897  44.550228   78.0
FAILURE!!!! Some beads might have been misidentified
              x1         y1  area1          x2         y2  area2          x3         y3  area3          x4         y4  area4          x5        y5  area5
range  350.23383  11.234481  115.0  185.588326  10.714169   85.0  345.981667  28.024107  134.0  185.066153  19.894256  125.0  350.274602  44.49191   77.0
FAILURE!!!! Some beads might have been misidentified
               x1         y1  area1          x2         y2  area2          x3         y3  area3          x4         y4  area4          x5         y5  area5
range  350.209018  11.319725  118.0  185.544619  10.728092   76.0  346.014689  28.164962  126.0  185.126555  19.889953  115.0  350.232393  44.576669   73.0
FAILURE!!!! Some beads might have been misidentified
              x1         y1  area1          x2         y2  area2          x3         y3  area3          x4         y4  area4          x5         y5  area5
range  350.24241  11.247908  111.0  185.554877  10.709387   88.0  346.057358  28.147695  128.0  185.098041  19.893087  128.0  350.187211  44.525233   78.0
FAILURE!!!! Some beads might have been misidentified
               x1         y1  area1          x2         y2  area2          x3         y3  area3          x4         y4  area4          x5         y5  area5
range  350.252496  11.196677  120.0  185.551507  10.719903   80.0  346.066768  28.142935  127.0  185.128914  19.920318  116.0  350.210744  44.483329   77.0
FAILURE!!!! Some beads might have been misidentified
              x1         y1  area1          x2         y2  area2          x3         y3  area3          x4         y4  area4          x5         y5  area5
range  350.24241  11.294113  113.0  185.610926  10.740949   86.0  346.046338  28.128121  133.0  185.113429  19.906777  127.0  350.137214  44.567773   77.0
FAILURE!!!! Some beads might have been misidentified
               x1         y1  area1          x2         y2  area2          x3         y3  area3          x4         y4  area4          x5         y5  area5
range  350.272669  11.219558  107.0  185.552042  10.722967   87.0  346.077819  28.111584  128.0  185.107845  19.911159  129.0  350.181208  44.551878   75.0
FAILURE!!!! Some beads might have been misidentified
               x1         y1  area1          x2         y2  area2          x3         y3  area3          x4         y4  area4          x5         y5  area5
range  350.238279  11.237749  107.0  185.476151  10.705135   85.0  346.039358  28.100849  133.0  185.272066  19.881475  126.0  350.187211  44.586937   76.0
FAILURE!!!! Some beads might have been misidentified
               x1         y1  area1          x2         y2  area2          x3         y3  area3          x4         y4  area4          x5         y5  area5
range  350.259144  11.302341  124.0  185.714232  10.723655   83.0  346.087603  28.141147  129.0  185.006066  19.914688  117.0  350.146663  44.485783   79.0
FAILURE!!!! Some beads might have been misidentified
               x1         y1  area1          x2         y2  area2          x3         y3  area3          x4         y4  area4          x5         y5  area5
range  350.433235  11.294148  103.0  185.588496  10.707425   87.0  345.842742  28.169557  135.0  185.053508  19.959555  129.0  350.463387  44.529136   77.0
FAILURE!!!! Some beads might have been misidentified
               x1         y1  area1          x2         y2  area2          x3       y3  area3          x4         y4  area4          x5         y5  area5
range  349.868759  11.239668  122.0  185.539459  10.766499   82.0  346.216043  28.1381  125.0  185.212756  19.865661  118.0  350.020778  44.509839   76.0
FAILURE!!!! Some beads might have been misidentified
Residual vector length: 180, Jacobian shape: (180, 6)
view   0 | SOD= 556.901 mm | SDD= 802.742 mm | M= 1.441 | incident=4.7367°
[[ 239.01387    -500.9847      -45.002068  ]
 [-110.731125    218.63147      19.997932  ]
 [   0.1355952     0.06319889    0.        ]
 [   0.            0.            0.1496    ]]
               x1         y1  area1          x2         y2  area2          x3         y3  area3          x4         y4  area4          x5         y5  area5
range  350.247056  11.276009  111.0  185.590679  10.760534   88.0  346.077819  28.145308  125.0  185.138528  19.911159  129.0  350.117127  44.540283   77.0
FAILURE!!!! Some beads might have been misidentified

iter 30 cost=0.740116 -> 0.764076 |dtheta|=2.038359e-02  lambda=1.000e-06

============================================================
Iteration 31
============================================================
Theta offsets (Unity frame):
  Source   : dSx=   0.000, dSy=   0.000, dSz=   0.000  (mm)
  Object   : dOx= -17.998, dOy=  -8.005, dOz= -24.929  (mm)
  Object offset: offset_x=   0.003, offset_z=   0.007  (mm)
  Detector : dDx=   0.000, dDy=   0.000, dDz=   0.000  (mm)
  Obj Stage rotY :   24.993 deg
============================================================

Unity geometry (world coordinates):
  Source   : x=   5.000, y=  60.000, z=   0.000
  Object   : x=   0.002, y=  14.995, z= 555.071
  Detector : x=  -8.000, y=  -5.000, z= 800.000
  Obj rotY :   0.0000 deg
view   0 | SOD= 556.922 mm | SDD= 802.742 mm | M= 1.441 | incident=4.7367°
[[ 239.05269    -500.98984     -45.00528   ]
 [-110.73628     218.60495      19.994719  ]
 [   0.13559134    0.06320718    0.        ]
 [   0.            0.            0.1496    ]]
              x1         y1  area1          x2         y2  area2          x3         y3  area3          x4         y4  area4          x5         y5  area5
range  350.24241  11.247908  112.0  185.552042  10.709387   85.0  346.056984  28.147695  127.0  185.107845  19.923583  128.0  350.201295  44.519017   77.0
FAILURE!!!! Some beads might have been misidentified
               x1         y1  area1         x2         y2  area2          x3         y3  area3          x4         y4  area4          x5         y5  area5
range  350.174641  11.243306  115.0  185.63113  10.732406   84.0  346.056847  28.149855  134.0  185.156784  19.934457  127.0  350.243268  44.522492   78.0
FAILURE!!!! Some beads might have been misidentified
               x1         y1  area1          x2         y2  area2          x3        y3  area3         x4        y4  area4          x5         y5  area5
range  350.127353  11.296784  115.0  185.579634  10.733866   84.0  346.001938  28.08722  128.0  185.12253  19.89714  117.0  350.240897  44.550228   78.0
FAILURE!!!! Some beads might have been misidentified
              x1         y1  area1          x2         y2  area2          x3         y3  area3          x4         y4  area4          x5        y5  area5
range  350.23383  11.234481  115.0  185.588326  10.714169   85.0  345.981667  28.024107  134.0  185.066153  19.894256  125.0  350.274602  44.49191   77.0
FAILURE!!!! Some beads might have been misidentified
               x1         y1  area1          x2         y2  area2          x3         y3  area3          x4         y4  area4          x5         y5  area5
range  350.209018  11.319725  118.0  185.544619  10.728092   76.0  346.014689  28.164962  126.0  185.126555  19.889953  115.0  350.232393  44.576669   73.0
FAILURE!!!! Some beads might have been misidentified
              x1         y1  area1          x2         y2  area2          x3         y3  area3          x4         y4  area4          x5         y5  area5
range  350.24241  11.247908  111.0  185.554877  10.709387   88.0  346.057358  28.147695  128.0  185.098041  19.893087  128.0  350.187211  44.525233   78.0
FAILURE!!!! Some beads might have been misidentified
               x1         y1  area1          x2         y2  area2          x3         y3  area3          x4         y4  area4          x5         y5  area5
range  350.252496  11.196677  120.0  185.551507  10.719903   80.0  346.066768  28.142935  127.0  185.128914  19.920318  116.0  350.210744  44.483329   77.0
FAILURE!!!! Some beads might have been misidentified
              x1         y1  area1          x2         y2  area2          x3         y3  area3          x4         y4  area4          x5         y5  area5
range  350.24241  11.294113  113.0  185.610926  10.740949   86.0  346.046338  28.128121  133.0  185.113429  19.906777  127.0  350.137214  44.567773   77.0
FAILURE!!!! Some beads might have been misidentified
               x1         y1  area1          x2         y2  area2          x3         y3  area3          x4         y4  area4          x5         y5  area5
range  350.272669  11.219558  107.0  185.552042  10.722967   87.0  346.077819  28.111584  128.0  185.107845  19.911159  129.0  350.181208  44.551878   75.0
FAILURE!!!! Some beads might have been misidentified
               x1         y1  area1          x2         y2  area2          x3         y3  area3          x4         y4  area4          x5         y5  area5
range  350.238279  11.237749  107.0  185.476151  10.705135   85.0  346.039358  28.100849  133.0  185.272066  19.881475  126.0  350.187211  44.586937   76.0
FAILURE!!!! Some beads might have been misidentified
               x1         y1  area1          x2         y2  area2          x3         y3  area3          x4         y4  area4          x5         y5  area5
range  350.259144  11.302341  124.0  185.714232  10.723655   83.0  346.087603  28.141147  129.0  185.006066  19.914688  117.0  350.146663  44.485783   79.0
FAILURE!!!! Some beads might have been misidentified
               x1         y1  area1          x2         y2  area2          x3         y3  area3          x4         y4  area4          x5         y5  area5
range  350.433235  11.294148  103.0  185.588496  10.707425   87.0  345.842742  28.169557  135.0  185.053508  19.959555  129.0  350.463387  44.529136   77.0
FAILURE!!!! Some beads might have been misidentified
               x1         y1  area1          x2         y2  area2          x3       y3  area3          x4         y4  area4          x5         y5  area5
range  349.868759  11.239668  122.0  185.539459  10.766499   82.0  346.216043  28.1381  125.0  185.212756  19.865661  118.0  350.020778  44.509839   76.0
FAILURE!!!! Some beads might have been misidentified
Residual vector length: 180, Jacobian shape: (180, 6)
view   0 | SOD= 556.901 mm | SDD= 802.742 mm | M= 1.441 | incident=4.7367°
[[ 239.01387    -500.9847      -45.002068  ]
 [-110.731125    218.63147      19.997932  ]
 [   0.1355952     0.06319889    0.        ]
 [   0.            0.            0.1496    ]]
               x1         y1  area1          x2         y2  area2          x3         y3  area3          x4         y4  area4          x5         y5  area5
range  350.247056  11.276009  111.0  185.590679  10.760534   88.0  346.077819  28.145308  125.0  185.138528  19.911159  129.0  350.117127  44.540283   77.0
FAILURE!!!! Some beads might have been misidentified

iter 31 cost=0.740116 -> 0.764076 |dtheta|=2.038359e-02  lambda=5.000e-06

============================================================
Iteration 32
============================================================
Theta offsets (Unity frame):
  Source   : dSx=   0.000, dSy=   0.000, dSz=   0.000  (mm)
  Object   : dOx= -17.998, dOy=  -8.005, dOz= -24.929  (mm)
  Object offset: offset_x=   0.003, offset_z=   0.007  (mm)
  Detector : dDx=   0.000, dDy=   0.000, dDz=   0.000  (mm)
  Obj Stage rotY :   24.993 deg
============================================================

Unity geometry (world coordinates):
  Source   : x=   5.000, y=  60.000, z=   0.000
  Object   : x=   0.002, y=  14.995, z= 555.071
  Detector : x=  -8.000, y=  -5.000, z= 800.000
  Obj rotY :   0.0000 deg
view   0 | SOD= 556.922 mm | SDD= 802.742 mm | M= 1.441 | incident=4.7367°
[[ 239.05269    -500.98984     -45.00528   ]
 [-110.73628     218.60495      19.994719  ]
 [   0.13559134    0.06320718    0.        ]
 [   0.            0.            0.1496    ]]
              x1         y1  area1          x2         y2  area2          x3         y3  area3          x4         y4  area4          x5         y5  area5
range  350.24241  11.247908  112.0  185.552042  10.709387   85.0  346.056984  28.147695  127.0  185.107845  19.923583  128.0  350.201295  44.519017   77.0
FAILURE!!!! Some beads might have been misidentified
               x1         y1  area1         x2         y2  area2          x3         y3  area3          x4         y4  area4          x5         y5  area5
range  350.174641  11.243306  115.0  185.63113  10.732406   84.0  346.056847  28.149855  134.0  185.156784  19.934457  127.0  350.243268  44.522492   78.0
FAILURE!!!! Some beads might have been misidentified
               x1         y1  area1          x2         y2  area2          x3        y3  area3         x4        y4  area4          x5         y5  area5
range  350.127353  11.296784  115.0  185.579634  10.733866   84.0  346.001938  28.08722  128.0  185.12253  19.89714  117.0  350.240897  44.550228   78.0
FAILURE!!!! Some beads might have been misidentified
              x1         y1  area1          x2         y2  area2          x3         y3  area3          x4         y4  area4          x5        y5  area5
range  350.23383  11.234481  115.0  185.588326  10.714169   85.0  345.981667  28.024107  134.0  185.066153  19.894256  125.0  350.274602  44.49191   77.0
FAILURE!!!! Some beads might have been misidentified
               x1         y1  area1          x2         y2  area2          x3         y3  area3          x4         y4  area4          x5         y5  area5
range  350.209018  11.319725  118.0  185.544619  10.728092   76.0  346.014689  28.164962  126.0  185.126555  19.889953  115.0  350.232393  44.576669   73.0
FAILURE!!!! Some beads might have been misidentified
              x1         y1  area1          x2         y2  area2          x3         y3  area3          x4         y4  area4          x5         y5  area5
range  350.24241  11.247908  111.0  185.554877  10.709387   88.0  346.057358  28.147695  128.0  185.098041  19.893087  128.0  350.187211  44.525233   78.0
FAILURE!!!! Some beads might have been misidentified
               x1         y1  area1          x2         y2  area2          x3         y3  area3          x4         y4  area4          x5         y5  area5
range  350.252496  11.196677  120.0  185.551507  10.719903   80.0  346.066768  28.142935  127.0  185.128914  19.920318  116.0  350.210744  44.483329   77.0
FAILURE!!!! Some beads might have been misidentified
              x1         y1  area1          x2         y2  area2          x3         y3  area3          x4         y4  area4          x5         y5  area5
range  350.24241  11.294113  113.0  185.610926  10.740949   86.0  346.046338  28.128121  133.0  185.113429  19.906777  127.0  350.137214  44.567773   77.0
FAILURE!!!! Some beads might have been misidentified
               x1         y1  area1          x2         y2  area2          x3         y3  area3          x4         y4  area4          x5         y5  area5
range  350.272669  11.219558  107.0  185.552042  10.722967   87.0  346.077819  28.111584  128.0  185.107845  19.911159  129.0  350.181208  44.551878   75.0
FAILURE!!!! Some beads might have been misidentified
               x1         y1  area1          x2         y2  area2          x3         y3  area3          x4         y4  area4          x5         y5  area5
range  350.238279  11.237749  107.0  185.476151  10.705135   85.0  346.039358  28.100849  133.0  185.272066  19.881475  126.0  350.187211  44.586937   76.0
FAILURE!!!! Some beads might have been misidentified
               x1         y1  area1          x2         y2  area2          x3         y3  area3          x4         y4  area4          x5         y5  area5
range  350.259144  11.302341  124.0  185.714232  10.723655   83.0  346.087603  28.141147  129.0  185.006066  19.914688  117.0  350.146663  44.485783   79.0
FAILURE!!!! Some beads might have been misidentified
               x1         y1  area1          x2         y2  area2          x3         y3  area3          x4         y4  area4          x5         y5  area5
range  350.433235  11.294148  103.0  185.588496  10.707425   87.0  345.842742  28.169557  135.0  185.053508  19.959555  129.0  350.463387  44.529136   77.0
FAILURE!!!! Some beads might have been misidentified
               x1         y1  area1          x2         y2  area2          x3       y3  area3          x4         y4  area4          x5         y5  area5
range  349.868759  11.239668  122.0  185.539459  10.766499   82.0  346.216043  28.1381  125.0  185.212756  19.865661  118.0  350.020778  44.509839   76.0
FAILURE!!!! Some beads might have been misidentified
Residual vector length: 180, Jacobian shape: (180, 6)
view   0 | SOD= 556.901 mm | SDD= 802.742 mm | M= 1.441 | incident=4.7367°
[[ 239.01387    -500.9847      -45.002068  ]
 [-110.731125    218.63147      19.997932  ]
 [   0.1355952     0.06319889    0.        ]
 [   0.            0.            0.1496    ]]
               x1         y1  area1          x2         y2  area2          x3         y3  area3          x4         y4  area4          x5         y5  area5
range  350.247056  11.276009  111.0  185.590679  10.760534   88.0  346.077819  28.145308  125.0  185.138528  19.911159  129.0  350.117127  44.540283   77.0
FAILURE!!!! Some beads might have been misidentified

iter 32 cost=0.740116 -> 0.764076 |dtheta|=2.038358e-02  lambda=2.500e-05

============================================================
Iteration 33
============================================================
Theta offsets (Unity frame):
  Source   : dSx=   0.000, dSy=   0.000, dSz=   0.000  (mm)
  Object   : dOx= -17.998, dOy=  -8.005, dOz= -24.929  (mm)
  Object offset: offset_x=   0.003, offset_z=   0.007  (mm)
  Detector : dDx=   0.000, dDy=   0.000, dDz=   0.000  (mm)
  Obj Stage rotY :   24.993 deg
============================================================

Unity geometry (world coordinates):
  Source   : x=   5.000, y=  60.000, z=   0.000
  Object   : x=   0.002, y=  14.995, z= 555.071
  Detector : x=  -8.000, y=  -5.000, z= 800.000
  Obj rotY :   0.0000 deg
view   0 | SOD= 556.922 mm | SDD= 802.742 mm | M= 1.441 | incident=4.7367°
[[ 239.05269    -500.98984     -45.00528   ]
 [-110.73628     218.60495      19.994719  ]
 [   0.13559134    0.06320718    0.        ]
 [   0.            0.            0.1496    ]]
              x1         y1  area1          x2         y2  area2          x3         y3  area3          x4         y4  area4          x5         y5  area5
range  350.24241  11.247908  112.0  185.552042  10.709387   85.0  346.056984  28.147695  127.0  185.107845  19.923583  128.0  350.201295  44.519017   77.0
FAILURE!!!! Some beads might have been misidentified
               x1         y1  area1         x2         y2  area2          x3         y3  area3          x4         y4  area4          x5         y5  area5
range  350.174641  11.243306  115.0  185.63113  10.732406   84.0  346.056847  28.149855  134.0  185.156784  19.934457  127.0  350.243268  44.522492   78.0
FAILURE!!!! Some beads might have been misidentified
               x1         y1  area1          x2         y2  area2          x3        y3  area3         x4        y4  area4          x5         y5  area5
range  350.127353  11.296784  115.0  185.579634  10.733866   84.0  346.001938  28.08722  128.0  185.12253  19.89714  117.0  350.240897  44.550228   78.0
FAILURE!!!! Some beads might have been misidentified
              x1         y1  area1          x2         y2  area2          x3         y3  area3          x4         y4  area4          x5        y5  area5
range  350.23383  11.234481  115.0  185.588326  10.714169   85.0  345.981667  28.024107  134.0  185.066153  19.894256  125.0  350.274602  44.49191   77.0
FAILURE!!!! Some beads might have been misidentified
               x1         y1  area1          x2         y2  area2          x3         y3  area3          x4         y4  area4          x5         y5  area5
range  350.209018  11.319725  118.0  185.544619  10.728092   76.0  346.014689  28.164962  126.0  185.126555  19.889953  115.0  350.232393  44.576669   73.0
FAILURE!!!! Some beads might have been misidentified
              x1         y1  area1          x2         y2  area2          x3         y3  area3          x4         y4  area4          x5         y5  area5
range  350.24241  11.247908  111.0  185.554877  10.709387   88.0  346.057358  28.147695  128.0  185.098041  19.893087  128.0  350.187211  44.525233   78.0
FAILURE!!!! Some beads might have been misidentified
               x1         y1  area1          x2         y2  area2          x3         y3  area3          x4         y4  area4          x5         y5  area5
range  350.252496  11.196677  120.0  185.551507  10.719903   80.0  346.066768  28.142935  127.0  185.128914  19.920318  116.0  350.210744  44.483329   77.0
FAILURE!!!! Some beads might have been misidentified
              x1         y1  area1          x2         y2  area2          x3         y3  area3          x4         y4  area4          x5         y5  area5
range  350.24241  11.294113  113.0  185.610926  10.740949   86.0  346.046338  28.128121  133.0  185.113429  19.906777  127.0  350.137214  44.567773   77.0
FAILURE!!!! Some beads might have been misidentified
               x1         y1  area1          x2         y2  area2          x3         y3  area3          x4         y4  area4          x5         y5  area5
range  350.272669  11.219558  107.0  185.552042  10.722967   87.0  346.077819  28.111584  128.0  185.107845  19.911159  129.0  350.181208  44.551878   75.0
FAILURE!!!! Some beads might have been misidentified
               x1         y1  area1          x2         y2  area2          x3         y3  area3          x4         y4  area4          x5         y5  area5
range  350.238279  11.237749  107.0  185.476151  10.705135   85.0  346.039358  28.100849  133.0  185.272066  19.881475  126.0  350.187211  44.586937   76.0
FAILURE!!!! Some beads might have been misidentified
               x1         y1  area1          x2         y2  area2          x3         y3  area3          x4         y4  area4          x5         y5  area5
range  350.259144  11.302341  124.0  185.714232  10.723655   83.0  346.087603  28.141147  129.0  185.006066  19.914688  117.0  350.146663  44.485783   79.0
FAILURE!!!! Some beads might have been misidentified
               x1         y1  area1          x2         y2  area2          x3         y3  area3          x4         y4  area4          x5         y5  area5
range  350.433235  11.294148  103.0  185.588496  10.707425   87.0  345.842742  28.169557  135.0  185.053508  19.959555  129.0  350.463387  44.529136   77.0
FAILURE!!!! Some beads might have been misidentified
               x1         y1  area1          x2         y2  area2          x3       y3  area3          x4         y4  area4          x5         y5  area5
range  349.868759  11.239668  122.0  185.539459  10.766499   82.0  346.216043  28.1381  125.0  185.212756  19.865661  118.0  350.020778  44.509839   76.0
FAILURE!!!! Some beads might have been misidentified
Residual vector length: 180, Jacobian shape: (180, 6)
view   0 | SOD= 556.901 mm | SDD= 802.742 mm | M= 1.441 | incident=4.7367°
[[ 239.01387    -500.9847      -45.002068  ]
 [-110.731125    218.63147      19.997932  ]
 [   0.1355952     0.06319889    0.        ]
 [   0.            0.            0.1496    ]]
               x1         y1  area1          x2         y2  area2          x3         y3  area3          x4         y4  area4          x5         y5  area5
range  350.247056  11.276009  111.0  185.590679  10.760534   88.0  346.077819  28.145308  125.0  185.138528  19.911159  129.0  350.117127  44.540283   77.0
FAILURE!!!! Some beads might have been misidentified

iter 33 cost=0.740116 -> 0.764076 |dtheta|=2.038358e-02  lambda=1.250e-04

============================================================
Iteration 34
============================================================
Theta offsets (Unity frame):
  Source   : dSx=   0.000, dSy=   0.000, dSz=   0.000  (mm)
  Object   : dOx= -17.998, dOy=  -8.005, dOz= -24.929  (mm)
  Object offset: offset_x=   0.003, offset_z=   0.007  (mm)
  Detector : dDx=   0.000, dDy=   0.000, dDz=   0.000  (mm)
  Obj Stage rotY :   24.993 deg
============================================================

Unity geometry (world coordinates):
  Source   : x=   5.000, y=  60.000, z=   0.000
  Object   : x=   0.002, y=  14.995, z= 555.071
  Detector : x=  -8.000, y=  -5.000, z= 800.000
  Obj rotY :   0.0000 deg
view   0 | SOD= 556.922 mm | SDD= 802.742 mm | M= 1.441 | incident=4.7367°
[[ 239.05269    -500.98984     -45.00528   ]
 [-110.73628     218.60495      19.994719  ]
 [   0.13559134    0.06320718    0.        ]
 [   0.            0.            0.1496    ]]
              x1         y1  area1          x2         y2  area2          x3         y3  area3          x4         y4  area4          x5         y5  area5
range  350.24241  11.247908  112.0  185.552042  10.709387   85.0  346.056984  28.147695  127.0  185.107845  19.923583  128.0  350.201295  44.519017   77.0
FAILURE!!!! Some beads might have been misidentified
               x1         y1  area1         x2         y2  area2          x3         y3  area3          x4         y4  area4          x5         y5  area5
range  350.174641  11.243306  115.0  185.63113  10.732406   84.0  346.056847  28.149855  134.0  185.156784  19.934457  127.0  350.243268  44.522492   78.0
FAILURE!!!! Some beads might have been misidentified
               x1         y1  area1          x2         y2  area2          x3        y3  area3         x4        y4  area4          x5         y5  area5
range  350.127353  11.296784  115.0  185.579634  10.733866   84.0  346.001938  28.08722  128.0  185.12253  19.89714  117.0  350.240897  44.550228   78.0
FAILURE!!!! Some beads might have been misidentified
              x1         y1  area1          x2         y2  area2          x3         y3  area3          x4         y4  area4          x5        y5  area5
range  350.23383  11.234481  115.0  185.588326  10.714169   85.0  345.981667  28.024107  134.0  185.066153  19.894256  125.0  350.274602  44.49191   77.0
FAILURE!!!! Some beads might have been misidentified
               x1         y1  area1          x2         y2  area2          x3         y3  area3          x4         y4  area4          x5         y5  area5
range  350.209018  11.319725  118.0  185.544619  10.728092   76.0  346.014689  28.164962  126.0  185.126555  19.889953  115.0  350.232393  44.576669   73.0
FAILURE!!!! Some beads might have been misidentified
              x1         y1  area1          x2         y2  area2          x3         y3  area3          x4         y4  area4          x5         y5  area5
range  350.24241  11.247908  111.0  185.554877  10.709387   88.0  346.057358  28.147695  128.0  185.098041  19.893087  128.0  350.187211  44.525233   78.0
FAILURE!!!! Some beads might have been misidentified
               x1         y1  area1          x2         y2  area2          x3         y3  area3          x4         y4  area4          x5         y5  area5
range  350.252496  11.196677  120.0  185.551507  10.719903   80.0  346.066768  28.142935  127.0  185.128914  19.920318  116.0  350.210744  44.483329   77.0
FAILURE!!!! Some beads might have been misidentified
              x1         y1  area1          x2         y2  area2          x3         y3  area3          x4         y4  area4          x5         y5  area5
range  350.24241  11.294113  113.0  185.610926  10.740949   86.0  346.046338  28.128121  133.0  185.113429  19.906777  127.0  350.137214  44.567773   77.0
FAILURE!!!! Some beads might have been misidentified
               x1         y1  area1          x2         y2  area2          x3         y3  area3          x4         y4  area4          x5         y5  area5
range  350.272669  11.219558  107.0  185.552042  10.722967   87.0  346.077819  28.111584  128.0  185.107845  19.911159  129.0  350.181208  44.551878   75.0
FAILURE!!!! Some beads might have been misidentified
               x1         y1  area1          x2         y2  area2          x3         y3  area3          x4         y4  area4          x5         y5  area5
range  350.238279  11.237749  107.0  185.476151  10.705135   85.0  346.039358  28.100849  133.0  185.272066  19.881475  126.0  350.187211  44.586937   76.0
FAILURE!!!! Some beads might have been misidentified
               x1         y1  area1          x2         y2  area2          x3         y3  area3          x4         y4  area4          x5         y5  area5
range  350.259144  11.302341  124.0  185.714232  10.723655   83.0  346.087603  28.141147  129.0  185.006066  19.914688  117.0  350.146663  44.485783   79.0
FAILURE!!!! Some beads might have been misidentified
               x1         y1  area1          x2         y2  area2          x3         y3  area3          x4         y4  area4          x5         y5  area5
range  350.433235  11.294148  103.0  185.588496  10.707425   87.0  345.842742  28.169557  135.0  185.053508  19.959555  129.0  350.463387  44.529136   77.0
FAILURE!!!! Some beads might have been misidentified
               x1         y1  area1          x2         y2  area2          x3       y3  area3          x4         y4  area4          x5         y5  area5
range  349.868759  11.239668  122.0  185.539459  10.766499   82.0  346.216043  28.1381  125.0  185.212756  19.865661  118.0  350.020778  44.509839   76.0
FAILURE!!!! Some beads might have been misidentified
Residual vector length: 180, Jacobian shape: (180, 6)
view   0 | SOD= 556.901 mm | SDD= 802.742 mm | M= 1.441 | incident=4.7367°
[[ 239.01387    -500.9847      -45.002068  ]
 [-110.731125    218.63147      19.997932  ]
 [   0.1355952     0.06319889    0.        ]
 [   0.            0.            0.1496    ]]
               x1         y1  area1          x2         y2  area2          x3         y3  area3          x4         y4  area4          x5         y5  area5
range  350.247056  11.276009  111.0  185.590679  10.760534   88.0  346.077819  28.145308  125.0  185.138528  19.911159  129.0  350.117127  44.540283   77.0
FAILURE!!!! Some beads might have been misidentified

iter 34 cost=0.740116 -> 0.764076 |dtheta|=2.038355e-02  lambda=6.250e-04

============================================================
Iteration 35
============================================================
Theta offsets (Unity frame):
  Source   : dSx=   0.000, dSy=   0.000, dSz=   0.000  (mm)
  Object   : dOx= -17.998, dOy=  -8.005, dOz= -24.929  (mm)
  Object offset: offset_x=   0.003, offset_z=   0.007  (mm)
  Detector : dDx=   0.000, dDy=   0.000, dDz=   0.000  (mm)
  Obj Stage rotY :   24.993 deg
============================================================

Unity geometry (world coordinates):
  Source   : x=   5.000, y=  60.000, z=   0.000
  Object   : x=   0.002, y=  14.995, z= 555.071
  Detector : x=  -8.000, y=  -5.000, z= 800.000
  Obj rotY :   0.0000 deg
view   0 | SOD= 556.922 mm | SDD= 802.742 mm | M= 1.441 | incident=4.7367°
[[ 239.05269    -500.98984     -45.00528   ]
 [-110.73628     218.60495      19.994719  ]
 [   0.13559134    0.06320718    0.        ]
 [   0.            0.            0.1496    ]]
              x1         y1  area1          x2         y2  area2          x3         y3  area3          x4         y4  area4          x5         y5  area5
range  350.24241  11.247908  112.0  185.552042  10.709387   85.0  346.056984  28.147695  127.0  185.107845  19.923583  128.0  350.201295  44.519017   77.0
FAILURE!!!! Some beads might have been misidentified
               x1         y1  area1         x2         y2  area2          x3         y3  area3          x4         y4  area4          x5         y5  area5
range  350.174641  11.243306  115.0  185.63113  10.732406   84.0  346.056847  28.149855  134.0  185.156784  19.934457  127.0  350.243268  44.522492   78.0
FAILURE!!!! Some beads might have been misidentified
               x1         y1  area1          x2         y2  area2          x3        y3  area3         x4        y4  area4          x5         y5  area5
range  350.127353  11.296784  115.0  185.579634  10.733866   84.0  346.001938  28.08722  128.0  185.12253  19.89714  117.0  350.240897  44.550228   78.0
FAILURE!!!! Some beads might have been misidentified
              x1         y1  area1          x2         y2  area2          x3         y3  area3          x4         y4  area4          x5        y5  area5
range  350.23383  11.234481  115.0  185.588326  10.714169   85.0  345.981667  28.024107  134.0  185.066153  19.894256  125.0  350.274602  44.49191   77.0
FAILURE!!!! Some beads might have been misidentified
               x1         y1  area1          x2         y2  area2          x3         y3  area3          x4         y4  area4          x5         y5  area5
range  350.209018  11.319725  118.0  185.544619  10.728092   76.0  346.014689  28.164962  126.0  185.126555  19.889953  115.0  350.232393  44.576669   73.0
FAILURE!!!! Some beads might have been misidentified
              x1         y1  area1          x2         y2  area2          x3         y3  area3          x4         y4  area4          x5         y5  area5
range  350.24241  11.247908  111.0  185.554877  10.709387   88.0  346.057358  28.147695  128.0  185.098041  19.893087  128.0  350.187211  44.525233   78.0
FAILURE!!!! Some beads might have been misidentified
               x1         y1  area1          x2         y2  area2          x3         y3  area3          x4         y4  area4          x5         y5  area5
range  350.252496  11.196677  120.0  185.551507  10.719903   80.0  346.066768  28.142935  127.0  185.128914  19.920318  116.0  350.210744  44.483329   77.0
FAILURE!!!! Some beads might have been misidentified
              x1         y1  area1          x2         y2  area2          x3         y3  area3          x4         y4  area4          x5         y5  area5
range  350.24241  11.294113  113.0  185.610926  10.740949   86.0  346.046338  28.128121  133.0  185.113429  19.906777  127.0  350.137214  44.567773   77.0
FAILURE!!!! Some beads might have been misidentified
               x1         y1  area1          x2         y2  area2          x3         y3  area3          x4         y4  area4          x5         y5  area5
range  350.272669  11.219558  107.0  185.552042  10.722967   87.0  346.077819  28.111584  128.0  185.107845  19.911159  129.0  350.181208  44.551878   75.0
FAILURE!!!! Some beads might have been misidentified
               x1         y1  area1          x2         y2  area2          x3         y3  area3          x4         y4  area4          x5         y5  area5
range  350.238279  11.237749  107.0  185.476151  10.705135   85.0  346.039358  28.100849  133.0  185.272066  19.881475  126.0  350.187211  44.586937   76.0
FAILURE!!!! Some beads might have been misidentified
               x1         y1  area1          x2         y2  area2          x3         y3  area3          x4         y4  area4          x5         y5  area5
range  350.259144  11.302341  124.0  185.714232  10.723655   83.0  346.087603  28.141147  129.0  185.006066  19.914688  117.0  350.146663  44.485783   79.0
FAILURE!!!! Some beads might have been misidentified
               x1         y1  area1          x2         y2  area2          x3         y3  area3          x4         y4  area4          x5         y5  area5
range  350.433235  11.294148  103.0  185.588496  10.707425   87.0  345.842742  28.169557  135.0  185.053508  19.959555  129.0  350.463387  44.529136   77.0
FAILURE!!!! Some beads might have been misidentified
               x1         y1  area1          x2         y2  area2          x3       y3  area3          x4         y4  area4          x5         y5  area5
range  349.868759  11.239668  122.0  185.539459  10.766499   82.0  346.216043  28.1381  125.0  185.212756  19.865661  118.0  350.020778  44.509839   76.0
FAILURE!!!! Some beads might have been misidentified
Residual vector length: 180, Jacobian shape: (180, 6)
view   0 | SOD= 556.901 mm | SDD= 802.742 mm | M= 1.441 | incident=4.7367°
[[ 239.01387    -500.9847      -45.002068  ]
 [-110.731125    218.63147      19.997932  ]
 [   0.1355952     0.06319889    0.        ]
 [   0.            0.            0.1496    ]]
               x1         y1  area1          x2         y2  area2          x3         y3  area3          x4         y4  area4          x5         y5  area5
range  350.247056  11.276009  111.0  185.590679  10.760534   88.0  346.077819  28.145308  125.0  185.138528  19.911159  129.0  350.117127  44.540283   77.0
FAILURE!!!! Some beads might have been misidentified

iter 35 cost=0.740116 -> 0.764076 |dtheta|=2.038342e-02  lambda=3.125e-03

============================================================
Iteration 36
============================================================
Theta offsets (Unity frame):
  Source   : dSx=   0.000, dSy=   0.000, dSz=   0.000  (mm)
  Object   : dOx= -17.998, dOy=  -8.005, dOz= -24.929  (mm)
  Object offset: offset_x=   0.003, offset_z=   0.007  (mm)
  Detector : dDx=   0.000, dDy=   0.000, dDz=   0.000  (mm)
  Obj Stage rotY :   24.993 deg
============================================================

Unity geometry (world coordinates):
  Source   : x=   5.000, y=  60.000, z=   0.000
  Object   : x=   0.002, y=  14.995, z= 555.071
  Detector : x=  -8.000, y=  -5.000, z= 800.000
  Obj rotY :   0.0000 deg
view   0 | SOD= 556.922 mm | SDD= 802.742 mm | M= 1.441 | incident=4.7367°
[[ 239.05269    -500.98984     -45.00528   ]
 [-110.73628     218.60495      19.994719  ]
 [   0.13559134    0.06320718    0.        ]
 [   0.            0.            0.1496    ]]
              x1         y1  area1          x2         y2  area2          x3         y3  area3          x4         y4  area4          x5         y5  area5
range  350.24241  11.247908  112.0  185.552042  10.709387   85.0  346.056984  28.147695  127.0  185.107845  19.923583  128.0  350.201295  44.519017   77.0
FAILURE!!!! Some beads might have been misidentified
               x1         y1  area1         x2         y2  area2          x3         y3  area3          x4         y4  area4          x5         y5  area5
range  350.174641  11.243306  115.0  185.63113  10.732406   84.0  346.056847  28.149855  134.0  185.156784  19.934457  127.0  350.243268  44.522492   78.0
FAILURE!!!! Some beads might have been misidentified
               x1         y1  area1          x2         y2  area2          x3        y3  area3         x4        y4  area4          x5         y5  area5
range  350.127353  11.296784  115.0  185.579634  10.733866   84.0  346.001938  28.08722  128.0  185.12253  19.89714  117.0  350.240897  44.550228   78.0
FAILURE!!!! Some beads might have been misidentified
              x1         y1  area1          x2         y2  area2          x3         y3  area3          x4         y4  area4          x5        y5  area5
range  350.23383  11.234481  115.0  185.588326  10.714169   85.0  345.981667  28.024107  134.0  185.066153  19.894256  125.0  350.274602  44.49191   77.0
FAILURE!!!! Some beads might have been misidentified
               x1         y1  area1          x2         y2  area2          x3         y3  area3          x4         y4  area4          x5         y5  area5
range  350.209018  11.319725  118.0  185.544619  10.728092   76.0  346.014689  28.164962  126.0  185.126555  19.889953  115.0  350.232393  44.576669   73.0
FAILURE!!!! Some beads might have been misidentified
              x1         y1  area1          x2         y2  area2          x3         y3  area3          x4         y4  area4          x5         y5  area5
range  350.24241  11.247908  111.0  185.554877  10.709387   88.0  346.057358  28.147695  128.0  185.098041  19.893087  128.0  350.187211  44.525233   78.0
FAILURE!!!! Some beads might have been misidentified
               x1         y1  area1          x2         y2  area2          x3         y3  area3          x4         y4  area4          x5         y5  area5
range  350.252496  11.196677  120.0  185.551507  10.719903   80.0  346.066768  28.142935  127.0  185.128914  19.920318  116.0  350.210744  44.483329   77.0
FAILURE!!!! Some beads might have been misidentified
              x1         y1  area1          x2         y2  area2          x3         y3  area3          x4         y4  area4          x5         y5  area5
range  350.24241  11.294113  113.0  185.610926  10.740949   86.0  346.046338  28.128121  133.0  185.113429  19.906777  127.0  350.137214  44.567773   77.0
FAILURE!!!! Some beads might have been misidentified
               x1         y1  area1          x2         y2  area2          x3         y3  area3          x4         y4  area4          x5         y5  area5
range  350.272669  11.219558  107.0  185.552042  10.722967   87.0  346.077819  28.111584  128.0  185.107845  19.911159  129.0  350.181208  44.551878   75.0
FAILURE!!!! Some beads might have been misidentified
               x1         y1  area1          x2         y2  area2          x3         y3  area3          x4         y4  area4          x5         y5  area5
range  350.238279  11.237749  107.0  185.476151  10.705135   85.0  346.039358  28.100849  133.0  185.272066  19.881475  126.0  350.187211  44.586937   76.0
FAILURE!!!! Some beads might have been misidentified
               x1         y1  area1          x2         y2  area2          x3         y3  area3          x4         y4  area4          x5         y5  area5
range  350.259144  11.302341  124.0  185.714232  10.723655   83.0  346.087603  28.141147  129.0  185.006066  19.914688  117.0  350.146663  44.485783   79.0
FAILURE!!!! Some beads might have been misidentified
               x1         y1  area1          x2         y2  area2          x3         y3  area3          x4         y4  area4          x5         y5  area5
range  350.433235  11.294148  103.0  185.588496  10.707425   87.0  345.842742  28.169557  135.0  185.053508  19.959555  129.0  350.463387  44.529136   77.0
FAILURE!!!! Some beads might have been misidentified
               x1         y1  area1          x2         y2  area2          x3       y3  area3          x4         y4  area4          x5         y5  area5
range  349.868759  11.239668  122.0  185.539459  10.766499   82.0  346.216043  28.1381  125.0  185.212756  19.865661  118.0  350.020778  44.509839   76.0
FAILURE!!!! Some beads might have been misidentified
Residual vector length: 180, Jacobian shape: (180, 6)
view   0 | SOD= 556.901 mm | SDD= 802.742 mm | M= 1.441 | incident=4.7367°
[[ 239.01387    -500.9847      -45.002068  ]
 [-110.731125    218.63147      19.997932  ]
 [   0.1355952     0.06319889    0.        ]
 [   0.            0.            0.1496    ]]
               x1         y1  area1          x2         y2  area2          x3         y3  area3          x4         y4  area4          x5         y5  area5
range  350.247056  11.276009  111.0  185.590679  10.760534   88.0  346.077819  28.145308  125.0  185.138528  19.911159  129.0  350.117127  44.540283   77.0
FAILURE!!!! Some beads might have been misidentified

iter 36 cost=0.740116 -> 0.764076 |dtheta|=2.038274e-02  lambda=1.562e-02

============================================================
Iteration 37
============================================================
Theta offsets (Unity frame):
  Source   : dSx=   0.000, dSy=   0.000, dSz=   0.000  (mm)
  Object   : dOx= -17.998, dOy=  -8.005, dOz= -24.929  (mm)
  Object offset: offset_x=   0.003, offset_z=   0.007  (mm)
  Detector : dDx=   0.000, dDy=   0.000, dDz=   0.000  (mm)
  Obj Stage rotY :   24.993 deg
============================================================

Unity geometry (world coordinates):
  Source   : x=   5.000, y=  60.000, z=   0.000
  Object   : x=   0.002, y=  14.995, z= 555.071
  Detector : x=  -8.000, y=  -5.000, z= 800.000
  Obj rotY :   0.0000 deg
view   0 | SOD= 556.922 mm | SDD= 802.742 mm | M= 1.441 | incident=4.7367°
[[ 239.05269    -500.98984     -45.00528   ]
 [-110.73628     218.60495      19.994719  ]
 [   0.13559134    0.06320718    0.        ]
 [   0.            0.            0.1496    ]]
              x1         y1  area1          x2         y2  area2          x3         y3  area3          x4         y4  area4          x5         y5  area5
range  350.24241  11.247908  112.0  185.552042  10.709387   85.0  346.056984  28.147695  127.0  185.107845  19.923583  128.0  350.201295  44.519017   77.0
FAILURE!!!! Some beads might have been misidentified
               x1         y1  area1         x2         y2  area2          x3         y3  area3          x4         y4  area4          x5         y5  area5
range  350.174641  11.243306  115.0  185.63113  10.732406   84.0  346.056847  28.149855  134.0  185.156784  19.934457  127.0  350.243268  44.522492   78.0
FAILURE!!!! Some beads might have been misidentified
               x1         y1  area1          x2         y2  area2          x3        y3  area3         x4        y4  area4          x5         y5  area5
range  350.127353  11.296784  115.0  185.579634  10.733866   84.0  346.001938  28.08722  128.0  185.12253  19.89714  117.0  350.240897  44.550228   78.0
FAILURE!!!! Some beads might have been misidentified
              x1         y1  area1          x2         y2  area2          x3         y3  area3          x4         y4  area4          x5        y5  area5
range  350.23383  11.234481  115.0  185.588326  10.714169   85.0  345.981667  28.024107  134.0  185.066153  19.894256  125.0  350.274602  44.49191   77.0
FAILURE!!!! Some beads might have been misidentified
               x1         y1  area1          x2         y2  area2          x3         y3  area3          x4         y4  area4          x5         y5  area5
range  350.209018  11.319725  118.0  185.544619  10.728092   76.0  346.014689  28.164962  126.0  185.126555  19.889953  115.0  350.232393  44.576669   73.0
FAILURE!!!! Some beads might have been misidentified
              x1         y1  area1          x2         y2  area2          x3         y3  area3          x4         y4  area4          x5         y5  area5
range  350.24241  11.247908  111.0  185.554877  10.709387   88.0  346.057358  28.147695  128.0  185.098041  19.893087  128.0  350.187211  44.525233   78.0
FAILURE!!!! Some beads might have been misidentified
               x1         y1  area1          x2         y2  area2          x3         y3  area3          x4         y4  area4          x5         y5  area5
range  350.252496  11.196677  120.0  185.551507  10.719903   80.0  346.066768  28.142935  127.0  185.128914  19.920318  116.0  350.210744  44.483329   77.0
FAILURE!!!! Some beads might have been misidentified
              x1         y1  area1          x2         y2  area2          x3         y3  area3          x4         y4  area4          x5         y5  area5
range  350.24241  11.294113  113.0  185.610926  10.740949   86.0  346.046338  28.128121  133.0  185.113429  19.906777  127.0  350.137214  44.567773   77.0
FAILURE!!!! Some beads might have been misidentified
               x1         y1  area1          x2         y2  area2          x3         y3  area3          x4         y4  area4          x5         y5  area5
range  350.272669  11.219558  107.0  185.552042  10.722967   87.0  346.077819  28.111584  128.0  185.107845  19.911159  129.0  350.181208  44.551878   75.0
FAILURE!!!! Some beads might have been misidentified
               x1         y1  area1          x2         y2  area2          x3         y3  area3          x4         y4  area4          x5         y5  area5
range  350.238279  11.237749  107.0  185.476151  10.705135   85.0  346.039358  28.100849  133.0  185.272066  19.881475  126.0  350.187211  44.586937   76.0
FAILURE!!!! Some beads might have been misidentified
               x1         y1  area1          x2         y2  area2          x3         y3  area3          x4         y4  area4          x5         y5  area5
range  350.259144  11.302341  124.0  185.714232  10.723655   83.0  346.087603  28.141147  129.0  185.006066  19.914688  117.0  350.146663  44.485783   79.0
FAILURE!!!! Some beads might have been misidentified
               x1         y1  area1          x2         y2  area2          x3         y3  area3          x4         y4  area4          x5         y5  area5
range  350.433235  11.294148  103.0  185.588496  10.707425   87.0  345.842742  28.169557  135.0  185.053508  19.959555  129.0  350.463387  44.529136   77.0
FAILURE!!!! Some beads might have been misidentified
               x1         y1  area1          x2         y2  area2          x3       y3  area3          x4         y4  area4          x5         y5  area5
range  349.868759  11.239668  122.0  185.539459  10.766499   82.0  346.216043  28.1381  125.0  185.212756  19.865661  118.0  350.020778  44.509839   76.0
FAILURE!!!! Some beads might have been misidentified
Residual vector length: 180, Jacobian shape: (180, 6)
view   0 | SOD= 556.901 mm | SDD= 802.742 mm | M= 1.441 | incident=4.7367°
[[ 239.01387    -500.9847      -45.002068  ]
 [-110.731125    218.63145      19.997932  ]
 [   0.1355952     0.06319889    0.        ]
 [   0.            0.            0.1496    ]]
               x1         y1  area1          x2         y2  area2          x3         y3  area3          x4         y4  area4          x5         y5  area5
range  350.247056  11.276009  111.0  185.590679  10.760534   88.0  346.077819  28.145308  125.0  185.138528  19.911159  129.0  350.117127  44.540283   77.0
FAILURE!!!! Some beads might have been misidentified

iter 37 cost=0.740116 -> 0.764076 |dtheta|=2.037935e-02  lambda=7.812e-02

============================================================
Iteration 38
============================================================
Theta offsets (Unity frame):
  Source   : dSx=   0.000, dSy=   0.000, dSz=   0.000  (mm)
  Object   : dOx= -17.998, dOy=  -8.005, dOz= -24.929  (mm)
  Object offset: offset_x=   0.003, offset_z=   0.007  (mm)
  Detector : dDx=   0.000, dDy=   0.000, dDz=   0.000  (mm)
  Obj Stage rotY :   24.993 deg
============================================================

Unity geometry (world coordinates):
  Source   : x=   5.000, y=  60.000, z=   0.000
  Object   : x=   0.002, y=  14.995, z= 555.071
  Detector : x=  -8.000, y=  -5.000, z= 800.000
  Obj rotY :   0.0000 deg
view   0 | SOD= 556.922 mm | SDD= 802.742 mm | M= 1.441 | incident=4.7367°
[[ 239.05269    -500.98984     -45.00528   ]
 [-110.73628     218.60495      19.994719  ]
 [   0.13559134    0.06320718    0.        ]
 [   0.            0.            0.1496    ]]
              x1         y1  area1          x2         y2  area2          x3         y3  area3          x4         y4  area4          x5         y5  area5
range  350.24241  11.247908  112.0  185.552042  10.709387   85.0  346.056984  28.147695  127.0  185.107845  19.923583  128.0  350.201295  44.519017   77.0
FAILURE!!!! Some beads might have been misidentified
               x1         y1  area1         x2         y2  area2          x3         y3  area3          x4         y4  area4          x5         y5  area5
range  350.174641  11.243306  115.0  185.63113  10.732406   84.0  346.056847  28.149855  134.0  185.156784  19.934457  127.0  350.243268  44.522492   78.0
FAILURE!!!! Some beads might have been misidentified
               x1         y1  area1          x2         y2  area2          x3        y3  area3         x4        y4  area4          x5         y5  area5
range  350.127353  11.296784  115.0  185.579634  10.733866   84.0  346.001938  28.08722  128.0  185.12253  19.89714  117.0  350.240897  44.550228   78.0
FAILURE!!!! Some beads might have been misidentified
              x1         y1  area1          x2         y2  area2          x3         y3  area3          x4         y4  area4          x5        y5  area5
range  350.23383  11.234481  115.0  185.588326  10.714169   85.0  345.981667  28.024107  134.0  185.066153  19.894256  125.0  350.274602  44.49191   77.0
FAILURE!!!! Some beads might have been misidentified
               x1         y1  area1          x2         y2  area2          x3         y3  area3          x4         y4  area4          x5         y5  area5
range  350.209018  11.319725  118.0  185.544619  10.728092   76.0  346.014689  28.164962  126.0  185.126555  19.889953  115.0  350.232393  44.576669   73.0
FAILURE!!!! Some beads might have been misidentified
              x1         y1  area1          x2         y2  area2          x3         y3  area3          x4         y4  area4          x5         y5  area5
range  350.24241  11.247908  111.0  185.554877  10.709387   88.0  346.057358  28.147695  128.0  185.098041  19.893087  128.0  350.187211  44.525233   78.0
FAILURE!!!! Some beads might have been misidentified
               x1         y1  area1          x2         y2  area2          x3         y3  area3          x4         y4  area4          x5         y5  area5
range  350.252496  11.196677  120.0  185.551507  10.719903   80.0  346.066768  28.142935  127.0  185.128914  19.920318  116.0  350.210744  44.483329   77.0
FAILURE!!!! Some beads might have been misidentified
              x1         y1  area1          x2         y2  area2          x3         y3  area3          x4         y4  area4          x5         y5  area5
range  350.24241  11.294113  113.0  185.610926  10.740949   86.0  346.046338  28.128121  133.0  185.113429  19.906777  127.0  350.137214  44.567773   77.0
FAILURE!!!! Some beads might have been misidentified
               x1         y1  area1          x2         y2  area2          x3         y3  area3          x4         y4  area4          x5         y5  area5
range  350.272669  11.219558  107.0  185.552042  10.722967   87.0  346.077819  28.111584  128.0  185.107845  19.911159  129.0  350.181208  44.551878   75.0
FAILURE!!!! Some beads might have been misidentified
               x1         y1  area1          x2         y2  area2          x3         y3  area3          x4         y4  area4          x5         y5  area5
range  350.238279  11.237749  107.0  185.476151  10.705135   85.0  346.039358  28.100849  133.0  185.272066  19.881475  126.0  350.187211  44.586937   76.0
FAILURE!!!! Some beads might have been misidentified
               x1         y1  area1          x2         y2  area2          x3         y3  area3          x4         y4  area4          x5         y5  area5
range  350.259144  11.302341  124.0  185.714232  10.723655   83.0  346.087603  28.141147  129.0  185.006066  19.914688  117.0  350.146663  44.485783   79.0
FAILURE!!!! Some beads might have been misidentified
               x1         y1  area1          x2         y2  area2          x3         y3  area3          x4         y4  area4          x5         y5  area5
range  350.433235  11.294148  103.0  185.588496  10.707425   87.0  345.842742  28.169557  135.0  185.053508  19.959555  129.0  350.463387  44.529136   77.0
FAILURE!!!! Some beads might have been misidentified
               x1         y1  area1          x2         y2  area2          x3       y3  area3          x4         y4  area4          x5         y5  area5
range  349.868759  11.239668  122.0  185.539459  10.766499   82.0  346.216043  28.1381  125.0  185.212756  19.865661  118.0  350.020778  44.509839   76.0
FAILURE!!!! Some beads might have been misidentified
Residual vector length: 180, Jacobian shape: (180, 6)
view   0 | SOD= 556.901 mm | SDD= 802.742 mm | M= 1.441 | incident=4.7367°
[[ 239.01389    -500.9847      -45.002068  ]
 [-110.73113     218.63145      19.997932  ]
 [   0.1355952     0.06319889    0.        ]
 [   0.            0.            0.1496    ]]
               x1         y1  area1          x2         y2  area2          x3         y3  area3          x4         y4  area4          x5         y5  area5
range  350.247056  11.276009  111.0  185.590679  10.760534   88.0  346.077819  28.145308  125.0  185.138528  19.911159  129.0  350.117127  44.540283   77.0
FAILURE!!!! Some beads might have been misidentified

iter 38 cost=0.740116 -> 0.764076 |dtheta|=2.036242e-02  lambda=3.906e-01

============================================================
Iteration 39
============================================================
Theta offsets (Unity frame):
  Source   : dSx=   0.000, dSy=   0.000, dSz=   0.000  (mm)
  Object   : dOx= -17.998, dOy=  -8.005, dOz= -24.929  (mm)
  Object offset: offset_x=   0.003, offset_z=   0.007  (mm)
  Detector : dDx=   0.000, dDy=   0.000, dDz=   0.000  (mm)
  Obj Stage rotY :   24.993 deg
============================================================

Unity geometry (world coordinates):
  Source   : x=   5.000, y=  60.000, z=   0.000
  Object   : x=   0.002, y=  14.995, z= 555.071
  Detector : x=  -8.000, y=  -5.000, z= 800.000
  Obj rotY :   0.0000 deg
view   0 | SOD= 556.922 mm | SDD= 802.742 mm | M= 1.441 | incident=4.7367°
[[ 239.05269    -500.98984     -45.00528   ]
 [-110.73628     218.60495      19.994719  ]
 [   0.13559134    0.06320718    0.        ]
 [   0.            0.            0.1496    ]]
              x1         y1  area1          x2         y2  area2          x3         y3  area3          x4         y4  area4          x5         y5  area5
range  350.24241  11.247908  112.0  185.552042  10.709387   85.0  346.056984  28.147695  127.0  185.107845  19.923583  128.0  350.201295  44.519017   77.0
FAILURE!!!! Some beads might have been misidentified
               x1         y1  area1         x2         y2  area2          x3         y3  area3          x4         y4  area4          x5         y5  area5
range  350.174641  11.243306  115.0  185.63113  10.732406   84.0  346.056847  28.149855  134.0  185.156784  19.934457  127.0  350.243268  44.522492   78.0
FAILURE!!!! Some beads might have been misidentified
               x1         y1  area1          x2         y2  area2          x3        y3  area3         x4        y4  area4          x5         y5  area5
range  350.127353  11.296784  115.0  185.579634  10.733866   84.0  346.001938  28.08722  128.0  185.12253  19.89714  117.0  350.240897  44.550228   78.0
FAILURE!!!! Some beads might have been misidentified
              x1         y1  area1          x2         y2  area2          x3         y3  area3          x4         y4  area4          x5        y5  area5
range  350.23383  11.234481  115.0  185.588326  10.714169   85.0  345.981667  28.024107  134.0  185.066153  19.894256  125.0  350.274602  44.49191   77.0
FAILURE!!!! Some beads might have been misidentified
               x1         y1  area1          x2         y2  area2          x3         y3  area3          x4         y4  area4          x5         y5  area5
range  350.209018  11.319725  118.0  185.544619  10.728092   76.0  346.014689  28.164962  126.0  185.126555  19.889953  115.0  350.232393  44.576669   73.0
FAILURE!!!! Some beads might have been misidentified
              x1         y1  area1          x2         y2  area2          x3         y3  area3          x4         y4  area4          x5         y5  area5
range  350.24241  11.247908  111.0  185.554877  10.709387   88.0  346.057358  28.147695  128.0  185.098041  19.893087  128.0  350.187211  44.525233   78.0
FAILURE!!!! Some beads might have been misidentified
               x1         y1  area1          x2         y2  area2          x3         y3  area3          x4         y4  area4          x5         y5  area5
range  350.252496  11.196677  120.0  185.551507  10.719903   80.0  346.066768  28.142935  127.0  185.128914  19.920318  116.0  350.210744  44.483329   77.0
FAILURE!!!! Some beads might have been misidentified
              x1         y1  area1          x2         y2  area2          x3         y3  area3          x4         y4  area4          x5         y5  area5
range  350.24241  11.294113  113.0  185.610926  10.740949   86.0  346.046338  28.128121  133.0  185.113429  19.906777  127.0  350.137214  44.567773   77.0
FAILURE!!!! Some beads might have been misidentified
               x1         y1  area1          x2         y2  area2          x3         y3  area3          x4         y4  area4          x5         y5  area5
range  350.272669  11.219558  107.0  185.552042  10.722967   87.0  346.077819  28.111584  128.0  185.107845  19.911159  129.0  350.181208  44.551878   75.0
FAILURE!!!! Some beads might have been misidentified
               x1         y1  area1          x2         y2  area2          x3         y3  area3          x4         y4  area4          x5         y5  area5
range  350.238279  11.237749  107.0  185.476151  10.705135   85.0  346.039358  28.100849  133.0  185.272066  19.881475  126.0  350.187211  44.586937   76.0
FAILURE!!!! Some beads might have been misidentified
               x1         y1  area1          x2         y2  area2          x3         y3  area3          x4         y4  area4          x5         y5  area5
range  350.259144  11.302341  124.0  185.714232  10.723655   83.0  346.087603  28.141147  129.0  185.006066  19.914688  117.0  350.146663  44.485783   79.0
FAILURE!!!! Some beads might have been misidentified
               x1         y1  area1          x2         y2  area2          x3         y3  area3          x4         y4  area4          x5         y5  area5
range  350.433235  11.294148  103.0  185.588496  10.707425   87.0  345.842742  28.169557  135.0  185.053508  19.959555  129.0  350.463387  44.529136   77.0
FAILURE!!!! Some beads might have been misidentified
               x1         y1  area1          x2         y2  area2          x3       y3  area3          x4         y4  area4          x5         y5  area5
range  349.868759  11.239668  122.0  185.539459  10.766499   82.0  346.216043  28.1381  125.0  185.212756  19.865661  118.0  350.020778  44.509839   76.0
FAILURE!!!! Some beads might have been misidentified
Residual vector length: 180, Jacobian shape: (180, 6)
view   0 | SOD= 556.901 mm | SDD= 802.742 mm | M= 1.441 | incident=4.7367°
[[ 239.01399    -500.9847      -45.002075  ]
 [-110.73114     218.63138      19.997925  ]
 [   0.13559519    0.06319892    0.        ]
 [   0.            0.            0.1496    ]]
               x1         y1  area1          x2         y2  area2          x3         y3  area3          x4         y4  area4          x5         y5  area5
range  350.247056  11.276009  111.0  185.590679  10.760534   88.0  346.077819  28.145308  125.0  185.138528  19.911159  129.0  350.117127  44.540283   77.0
FAILURE!!!! Some beads might have been misidentified

iter 39 cost=0.740116 -> 0.764076 |dtheta|=2.027822e-02  lambda=1.953e+00

============================================================
Iteration 40
============================================================
Theta offsets (Unity frame):
  Source   : dSx=   0.000, dSy=   0.000, dSz=   0.000  (mm)
  Object   : dOx= -17.998, dOy=  -8.005, dOz= -24.929  (mm)
  Object offset: offset_x=   0.003, offset_z=   0.007  (mm)
  Detector : dDx=   0.000, dDy=   0.000, dDz=   0.000  (mm)
  Obj Stage rotY :   24.993 deg
============================================================

Unity geometry (world coordinates):
  Source   : x=   5.000, y=  60.000, z=   0.000
  Object   : x=   0.002, y=  14.995, z= 555.071
  Detector : x=  -8.000, y=  -5.000, z= 800.000
  Obj rotY :   0.0000 deg
view   0 | SOD= 556.922 mm | SDD= 802.742 mm | M= 1.441 | incident=4.7367°
[[ 239.05269    -500.98984     -45.00528   ]
 [-110.73628     218.60495      19.994719  ]
 [   0.13559134    0.06320718    0.        ]
 [   0.            0.            0.1496    ]]
              x1         y1  area1          x2         y2  area2          x3         y3  area3          x4         y4  area4          x5         y5  area5
range  350.24241  11.247908  112.0  185.552042  10.709387   85.0  346.056984  28.147695  127.0  185.107845  19.923583  128.0  350.201295  44.519017   77.0
FAILURE!!!! Some beads might have been misidentified
               x1         y1  area1         x2         y2  area2          x3         y3  area3          x4         y4  area4          x5         y5  area5
range  350.174641  11.243306  115.0  185.63113  10.732406   84.0  346.056847  28.149855  134.0  185.156784  19.934457  127.0  350.243268  44.522492   78.0
FAILURE!!!! Some beads might have been misidentified
               x1         y1  area1          x2         y2  area2          x3        y3  area3         x4        y4  area4          x5         y5  area5
range  350.127353  11.296784  115.0  185.579634  10.733866   84.0  346.001938  28.08722  128.0  185.12253  19.89714  117.0  350.240897  44.550228   78.0
FAILURE!!!! Some beads might have been misidentified
              x1         y1  area1          x2         y2  area2          x3         y3  area3          x4         y4  area4          x5        y5  area5
range  350.23383  11.234481  115.0  185.588326  10.714169   85.0  345.981667  28.024107  134.0  185.066153  19.894256  125.0  350.274602  44.49191   77.0
FAILURE!!!! Some beads might have been misidentified
               x1         y1  area1          x2         y2  area2          x3         y3  area3          x4         y4  area4          x5         y5  area5
range  350.209018  11.319725  118.0  185.544619  10.728092   76.0  346.014689  28.164962  126.0  185.126555  19.889953  115.0  350.232393  44.576669   73.0
FAILURE!!!! Some beads might have been misidentified
              x1         y1  area1          x2         y2  area2          x3         y3  area3          x4         y4  area4          x5         y5  area5
range  350.24241  11.247908  111.0  185.554877  10.709387   88.0  346.057358  28.147695  128.0  185.098041  19.893087  128.0  350.187211  44.525233   78.0
FAILURE!!!! Some beads might have been misidentified
               x1         y1  area1          x2         y2  area2          x3         y3  area3          x4         y4  area4          x5         y5  area5
range  350.252496  11.196677  120.0  185.551507  10.719903   80.0  346.066768  28.142935  127.0  185.128914  19.920318  116.0  350.210744  44.483329   77.0
FAILURE!!!! Some beads might have been misidentified
              x1         y1  area1          x2         y2  area2          x3         y3  area3          x4         y4  area4          x5         y5  area5
range  350.24241  11.294113  113.0  185.610926  10.740949   86.0  346.046338  28.128121  133.0  185.113429  19.906777  127.0  350.137214  44.567773   77.0
FAILURE!!!! Some beads might have been misidentified
               x1         y1  area1          x2         y2  area2          x3         y3  area3          x4         y4  area4          x5         y5  area5
range  350.272669  11.219558  107.0  185.552042  10.722967   87.0  346.077819  28.111584  128.0  185.107845  19.911159  129.0  350.181208  44.551878   75.0
FAILURE!!!! Some beads might have been misidentified
               x1         y1  area1          x2         y2  area2          x3         y3  area3          x4         y4  area4          x5         y5  area5
range  350.238279  11.237749  107.0  185.476151  10.705135   85.0  346.039358  28.100849  133.0  185.272066  19.881475  126.0  350.187211  44.586937   76.0
FAILURE!!!! Some beads might have been misidentified
               x1         y1  area1          x2         y2  area2          x3         y3  area3          x4         y4  area4          x5         y5  area5
range  350.259144  11.302341  124.0  185.714232  10.723655   83.0  346.087603  28.141147  129.0  185.006066  19.914688  117.0  350.146663  44.485783   79.0
FAILURE!!!! Some beads might have been misidentified
               x1         y1  area1          x2         y2  area2          x3         y3  area3          x4         y4  area4          x5         y5  area5
range  350.433235  11.294148  103.0  185.588496  10.707425   87.0  345.842742  28.169557  135.0  185.053508  19.959555  129.0  350.463387  44.529136   77.0
FAILURE!!!! Some beads might have been misidentified
               x1         y1  area1          x2         y2  area2          x3       y3  area3          x4         y4  area4          x5         y5  area5
range  349.868759  11.239668  122.0  185.539459  10.766499   82.0  346.216043  28.1381  125.0  185.212756  19.865661  118.0  350.020778  44.509839   76.0
FAILURE!!!! Some beads might have been misidentified
Residual vector length: 180, Jacobian shape: (180, 6)
view   0 | SOD= 556.901 mm | SDD= 802.742 mm | M= 1.441 | incident=4.7367°
[[ 239.01454    -500.98492     -45.00211   ]
 [-110.73113     218.6309       19.99789   ]
 [   0.13559514    0.06319902    0.        ]
 [   0.            0.            0.1496    ]]
               x1         y1  area1          x2         y2  area2          x3         y3  area3          x4         y4  area4          x5         y5  area5
range  350.247056  11.276009  111.0  185.590679  10.760534   88.0  346.077819  28.145308  125.0  185.117486  19.911159  129.0  350.117127  44.540283   77.0
FAILURE!!!! Some beads might have been misidentified

iter 40 cost=0.740116 -> 0.764171 |dtheta|=1.986769e-02  lambda=9.766e+00

============================================================
Iteration 41
============================================================
Theta offsets (Unity frame):
  Source   : dSx=   0.000, dSy=   0.000, dSz=   0.000  (mm)
  Object   : dOx= -17.998, dOy=  -8.005, dOz= -24.929  (mm)
  Object offset: offset_x=   0.003, offset_z=   0.007  (mm)
  Detector : dDx=   0.000, dDy=   0.000, dDz=   0.000  (mm)
  Obj Stage rotY :   24.993 deg
============================================================

Unity geometry (world coordinates):
  Source   : x=   5.000, y=  60.000, z=   0.000
  Object   : x=   0.002, y=  14.995, z= 555.071
  Detector : x=  -8.000, y=  -5.000, z= 800.000
  Obj rotY :   0.0000 deg
view   0 | SOD= 556.922 mm | SDD= 802.742 mm | M= 1.441 | incident=4.7367°
[[ 239.05269    -500.98984     -45.00528   ]
 [-110.73628     218.60495      19.994719  ]
 [   0.13559134    0.06320718    0.        ]
 [   0.            0.            0.1496    ]]
              x1         y1  area1          x2         y2  area2          x3         y3  area3          x4         y4  area4          x5         y5  area5
range  350.24241  11.247908  112.0  185.552042  10.709387   85.0  346.056984  28.147695  127.0  185.107845  19.923583  128.0  350.201295  44.519017   77.0
FAILURE!!!! Some beads might have been misidentified
               x1         y1  area1         x2         y2  area2          x3         y3  area3          x4         y4  area4          x5         y5  area5
range  350.174641  11.243306  115.0  185.63113  10.732406   84.0  346.056847  28.149855  134.0  185.156784  19.934457  127.0  350.243268  44.522492   78.0
FAILURE!!!! Some beads might have been misidentified
               x1         y1  area1          x2         y2  area2          x3        y3  area3         x4        y4  area4          x5         y5  area5
range  350.127353  11.296784  115.0  185.579634  10.733866   84.0  346.001938  28.08722  128.0  185.12253  19.89714  117.0  350.240897  44.550228   78.0
FAILURE!!!! Some beads might have been misidentified
              x1         y1  area1          x2         y2  area2          x3         y3  area3          x4         y4  area4          x5        y5  area5
range  350.23383  11.234481  115.0  185.588326  10.714169   85.0  345.981667  28.024107  134.0  185.066153  19.894256  125.0  350.274602  44.49191   77.0
FAILURE!!!! Some beads might have been misidentified
               x1         y1  area1          x2         y2  area2          x3         y3  area3          x4         y4  area4          x5         y5  area5
range  350.209018  11.319725  118.0  185.544619  10.728092   76.0  346.014689  28.164962  126.0  185.126555  19.889953  115.0  350.232393  44.576669   73.0
FAILURE!!!! Some beads might have been misidentified
              x1         y1  area1          x2         y2  area2          x3         y3  area3          x4         y4  area4          x5         y5  area5
range  350.24241  11.247908  111.0  185.554877  10.709387   88.0  346.057358  28.147695  128.0  185.098041  19.893087  128.0  350.187211  44.525233   78.0
FAILURE!!!! Some beads might have been misidentified
               x1         y1  area1          x2         y2  area2          x3         y3  area3          x4         y4  area4          x5         y5  area5
range  350.252496  11.196677  120.0  185.551507  10.719903   80.0  346.066768  28.142935  127.0  185.128914  19.920318  116.0  350.210744  44.483329   77.0
FAILURE!!!! Some beads might have been misidentified
              x1         y1  area1          x2         y2  area2          x3         y3  area3          x4         y4  area4          x5         y5  area5
range  350.24241  11.294113  113.0  185.610926  10.740949   86.0  346.046338  28.128121  133.0  185.113429  19.906777  127.0  350.137214  44.567773   77.0
FAILURE!!!! Some beads might have been misidentified
               x1         y1  area1          x2         y2  area2          x3         y3  area3          x4         y4  area4          x5         y5  area5
range  350.272669  11.219558  107.0  185.552042  10.722967   87.0  346.077819  28.111584  128.0  185.107845  19.911159  129.0  350.181208  44.551878   75.0
FAILURE!!!! Some beads might have been misidentified
               x1         y1  area1          x2         y2  area2          x3         y3  area3          x4         y4  area4          x5         y5  area5
range  350.238279  11.237749  107.0  185.476151  10.705135   85.0  346.039358  28.100849  133.0  185.272066  19.881475  126.0  350.187211  44.586937   76.0
FAILURE!!!! Some beads might have been misidentified
               x1         y1  area1          x2         y2  area2          x3         y3  area3          x4         y4  area4          x5         y5  area5
range  350.259144  11.302341  124.0  185.714232  10.723655   83.0  346.087603  28.141147  129.0  185.006066  19.914688  117.0  350.146663  44.485783   79.0
FAILURE!!!! Some beads might have been misidentified
               x1         y1  area1          x2         y2  area2          x3         y3  area3          x4         y4  area4          x5         y5  area5
range  350.433235  11.294148  103.0  185.588496  10.707425   87.0  345.842742  28.169557  135.0  185.053508  19.959555  129.0  350.463387  44.529136   77.0
FAILURE!!!! Some beads might have been misidentified
               x1         y1  area1          x2         y2  area2          x3       y3  area3          x4         y4  area4          x5         y5  area5
range  349.868759  11.239668  122.0  185.539459  10.766499   82.0  346.216043  28.1381  125.0  185.212756  19.865661  118.0  350.020778  44.509839   76.0
FAILURE!!!! Some beads might have been misidentified
Residual vector length: 180, Jacobian shape: (180, 6)
view   0 | SOD= 556.903 mm | SDD= 802.742 mm | M= 1.441 | incident=4.7367°
[[ 239.01706    -500.98584     -45.00226   ]
 [-110.731125    218.6288       19.997742  ]
 [   0.13559492    0.06319949    0.        ]
 [   0.            0.            0.1496    ]]
               x1         y1  area1          x2         y2  area2          x3         y3  area3          x4         y4  area4          x5         y5  area5
range  350.247056  11.276009  111.0  185.590679  10.760534   87.0  346.077819  28.145308  125.0  185.117486  19.911159  129.0  350.117127  44.540283   77.0
FAILURE!!!! Some beads might have been misidentified

iter 41 cost=0.740116 -> 0.764586 |dtheta|=1.804674e-02  lambda=4.883e+01

============================================================
Iteration 42
============================================================
Theta offsets (Unity frame):
  Source   : dSx=   0.000, dSy=   0.000, dSz=   0.000  (mm)
  Object   : dOx= -17.998, dOy=  -8.005, dOz= -24.929  (mm)
  Object offset: offset_x=   0.003, offset_z=   0.007  (mm)
  Detector : dDx=   0.000, dDy=   0.000, dDz=   0.000  (mm)
  Obj Stage rotY :   24.993 deg
============================================================

Unity geometry (world coordinates):
  Source   : x=   5.000, y=  60.000, z=   0.000
  Object   : x=   0.002, y=  14.995, z= 555.071
  Detector : x=  -8.000, y=  -5.000, z= 800.000
  Obj rotY :   0.0000 deg
view   0 | SOD= 556.922 mm | SDD= 802.742 mm | M= 1.441 | incident=4.7367°
[[ 239.05269    -500.98984     -45.00528   ]
 [-110.73628     218.60495      19.994719  ]
 [   0.13559134    0.06320718    0.        ]
 [   0.            0.            0.1496    ]]
              x1         y1  area1          x2         y2  area2          x3         y3  area3          x4         y4  area4          x5         y5  area5
range  350.24241  11.247908  112.0  185.552042  10.709387   85.0  346.056984  28.147695  127.0  185.107845  19.923583  128.0  350.201295  44.519017   77.0
FAILURE!!!! Some beads might have been misidentified
               x1         y1  area1         x2         y2  area2          x3         y3  area3          x4         y4  area4          x5         y5  area5
range  350.174641  11.243306  115.0  185.63113  10.732406   84.0  346.056847  28.149855  134.0  185.156784  19.934457  127.0  350.243268  44.522492   78.0
FAILURE!!!! Some beads might have been misidentified
               x1         y1  area1          x2         y2  area2          x3        y3  area3         x4        y4  area4          x5         y5  area5
range  350.127353  11.296784  115.0  185.579634  10.733866   84.0  346.001938  28.08722  128.0  185.12253  19.89714  117.0  350.240897  44.550228   78.0
FAILURE!!!! Some beads might have been misidentified
              x1         y1  area1          x2         y2  area2          x3         y3  area3          x4         y4  area4          x5        y5  area5
range  350.23383  11.234481  115.0  185.588326  10.714169   85.0  345.981667  28.024107  134.0  185.066153  19.894256  125.0  350.274602  44.49191   77.0
FAILURE!!!! Some beads might have been misidentified
               x1         y1  area1          x2         y2  area2          x3         y3  area3          x4         y4  area4          x5         y5  area5
range  350.209018  11.319725  118.0  185.544619  10.728092   76.0  346.014689  28.164962  126.0  185.126555  19.889953  115.0  350.232393  44.576669   73.0
FAILURE!!!! Some beads might have been misidentified
              x1         y1  area1          x2         y2  area2          x3         y3  area3          x4         y4  area4          x5         y5  area5
range  350.24241  11.247908  111.0  185.554877  10.709387   88.0  346.057358  28.147695  128.0  185.098041  19.893087  128.0  350.187211  44.525233   78.0
FAILURE!!!! Some beads might have been misidentified
               x1         y1  area1          x2         y2  area2          x3         y3  area3          x4         y4  area4          x5         y5  area5
range  350.252496  11.196677  120.0  185.551507  10.719903   80.0  346.066768  28.142935  127.0  185.128914  19.920318  116.0  350.210744  44.483329   77.0
FAILURE!!!! Some beads might have been misidentified
              x1         y1  area1          x2         y2  area2          x3         y3  area3          x4         y4  area4          x5         y5  area5
range  350.24241  11.294113  113.0  185.610926  10.740949   86.0  346.046338  28.128121  133.0  185.113429  19.906777  127.0  350.137214  44.567773   77.0
FAILURE!!!! Some beads might have been misidentified
               x1         y1  area1          x2         y2  area2          x3         y3  area3          x4         y4  area4          x5         y5  area5
range  350.272669  11.219558  107.0  185.552042  10.722967   87.0  346.077819  28.111584  128.0  185.107845  19.911159  129.0  350.181208  44.551878   75.0
FAILURE!!!! Some beads might have been misidentified
               x1         y1  area1          x2         y2  area2          x3         y3  area3          x4         y4  area4          x5         y5  area5
range  350.238279  11.237749  107.0  185.476151  10.705135   85.0  346.039358  28.100849  133.0  185.272066  19.881475  126.0  350.187211  44.586937   76.0
FAILURE!!!! Some beads might have been misidentified
               x1         y1  area1          x2         y2  area2          x3         y3  area3          x4         y4  area4          x5         y5  area5
range  350.259144  11.302341  124.0  185.714232  10.723655   83.0  346.087603  28.141147  129.0  185.006066  19.914688  117.0  350.146663  44.485783   79.0
FAILURE!!!! Some beads might have been misidentified
               x1         y1  area1          x2         y2  area2          x3         y3  area3          x4         y4  area4          x5         y5  area5
range  350.433235  11.294148  103.0  185.588496  10.707425   87.0  345.842742  28.169557  135.0  185.053508  19.959555  129.0  350.463387  44.529136   77.0
FAILURE!!!! Some beads might have been misidentified
               x1         y1  area1          x2         y2  area2          x3       y3  area3          x4         y4  area4          x5         y5  area5
range  349.868759  11.239668  122.0  185.539459  10.766499   82.0  346.216043  28.1381  125.0  185.212756  19.865661  118.0  350.020778  44.509839   76.0
FAILURE!!!! Some beads might have been misidentified
Residual vector length: 180, Jacobian shape: (180, 6)
view   0 | SOD= 556.909 mm | SDD= 802.742 mm | M= 1.441 | incident=4.7367°
[[ 239.02567    -500.988       -45.00274   ]
 [-110.731606    218.6222       19.997261  ]
 [   0.13559413    0.0632012     0.        ]
 [   0.            0.            0.1496    ]]
               x1         y1  area1          x2         y2  area2          x3         y3  area3          x4         y4  area4          x5         y5  area5
range  350.247056  11.271837  112.0  185.590679  10.751311   88.0  346.077819  28.145308  127.0  185.116088  19.911159  129.0  350.117127  44.540283   77.0
FAILURE!!!! Some beads might have been misidentified

iter 42 cost=0.740116 -> 0.785547 |dtheta|=1.243751e-02  lambda=2.441e+02

============================================================
Iteration 43
============================================================
Theta offsets (Unity frame):
  Source   : dSx=   0.000, dSy=   0.000, dSz=   0.000  (mm)
  Object   : dOx= -17.998, dOy=  -8.005, dOz= -24.929  (mm)
  Object offset: offset_x=   0.003, offset_z=   0.007  (mm)
  Detector : dDx=   0.000, dDy=   0.000, dDz=   0.000  (mm)
  Obj Stage rotY :   24.993 deg
============================================================

Unity geometry (world coordinates):
  Source   : x=   5.000, y=  60.000, z=   0.000
  Object   : x=   0.002, y=  14.995, z= 555.071
  Detector : x=  -8.000, y=  -5.000, z= 800.000
  Obj rotY :   0.0000 deg
view   0 | SOD= 556.922 mm | SDD= 802.742 mm | M= 1.441 | incident=4.7367°
[[ 239.05269    -500.98984     -45.00528   ]
 [-110.73628     218.60495      19.994719  ]
 [   0.13559134    0.06320718    0.        ]
 [   0.            0.            0.1496    ]]
              x1         y1  area1          x2         y2  area2          x3         y3  area3          x4         y4  area4          x5         y5  area5
range  350.24241  11.247908  112.0  185.552042  10.709387   85.0  346.056984  28.147695  127.0  185.107845  19.923583  128.0  350.201295  44.519017   77.0
FAILURE!!!! Some beads might have been misidentified
               x1         y1  area1         x2         y2  area2          x3         y3  area3          x4         y4  area4          x5         y5  area5
range  350.174641  11.243306  115.0  185.63113  10.732406   84.0  346.056847  28.149855  134.0  185.156784  19.934457  127.0  350.243268  44.522492   78.0
FAILURE!!!! Some beads might have been misidentified
               x1         y1  area1          x2         y2  area2          x3        y3  area3         x4        y4  area4          x5         y5  area5
range  350.127353  11.296784  115.0  185.579634  10.733866   84.0  346.001938  28.08722  128.0  185.12253  19.89714  117.0  350.240897  44.550228   78.0
FAILURE!!!! Some beads might have been misidentified
              x1         y1  area1          x2         y2  area2          x3         y3  area3          x4         y4  area4          x5        y5  area5
range  350.23383  11.234481  115.0  185.588326  10.714169   85.0  345.981667  28.024107  134.0  185.066153  19.894256  125.0  350.274602  44.49191   77.0
FAILURE!!!! Some beads might have been misidentified
               x1         y1  area1          x2         y2  area2          x3         y3  area3          x4         y4  area4          x5         y5  area5
range  350.209018  11.319725  118.0  185.544619  10.728092   76.0  346.014689  28.164962  126.0  185.126555  19.889953  115.0  350.232393  44.576669   73.0
FAILURE!!!! Some beads might have been misidentified
              x1         y1  area1          x2         y2  area2          x3         y3  area3          x4         y4  area4          x5         y5  area5
range  350.24241  11.247908  111.0  185.554877  10.709387   88.0  346.057358  28.147695  128.0  185.098041  19.893087  128.0  350.187211  44.525233   78.0
FAILURE!!!! Some beads might have been misidentified
               x1         y1  area1          x2         y2  area2          x3         y3  area3          x4         y4  area4          x5         y5  area5
range  350.252496  11.196677  120.0  185.551507  10.719903   80.0  346.066768  28.142935  127.0  185.128914  19.920318  116.0  350.210744  44.483329   77.0
FAILURE!!!! Some beads might have been misidentified
              x1         y1  area1          x2         y2  area2          x3         y3  area3          x4         y4  area4          x5         y5  area5
range  350.24241  11.294113  113.0  185.610926  10.740949   86.0  346.046338  28.128121  133.0  185.113429  19.906777  127.0  350.137214  44.567773   77.0
FAILURE!!!! Some beads might have been misidentified
               x1         y1  area1          x2         y2  area2          x3         y3  area3          x4         y4  area4          x5         y5  area5
range  350.272669  11.219558  107.0  185.552042  10.722967   87.0  346.077819  28.111584  128.0  185.107845  19.911159  129.0  350.181208  44.551878   75.0
FAILURE!!!! Some beads might have been misidentified
               x1         y1  area1          x2         y2  area2          x3         y3  area3          x4         y4  area4          x5         y5  area5
range  350.238279  11.237749  107.0  185.476151  10.705135   85.0  346.039358  28.100849  133.0  185.272066  19.881475  126.0  350.187211  44.586937   76.0
FAILURE!!!! Some beads might have been misidentified
               x1         y1  area1          x2         y2  area2          x3         y3  area3          x4         y4  area4          x5         y5  area5
range  350.259144  11.302341  124.0  185.714232  10.723655   83.0  346.087603  28.141147  129.0  185.006066  19.914688  117.0  350.146663  44.485783   79.0
FAILURE!!!! Some beads might have been misidentified
               x1         y1  area1          x2         y2  area2          x3         y3  area3          x4         y4  area4          x5         y5  area5
range  350.433235  11.294148  103.0  185.588496  10.707425   87.0  345.842742  28.169557  135.0  185.053508  19.959555  129.0  350.463387  44.529136   77.0
FAILURE!!!! Some beads might have been misidentified
               x1         y1  area1          x2         y2  area2          x3       y3  area3          x4         y4  area4          x5         y5  area5
range  349.868759  11.239668  122.0  185.539459  10.766499   82.0  346.216043  28.1381  125.0  185.212756  19.865661  118.0  350.020778  44.509839   76.0
FAILURE!!!! Some beads might have been misidentified
Residual vector length: 180, Jacobian shape: (180, 6)
view   0 | SOD= 556.917 mm | SDD= 802.742 mm | M= 1.441 | incident=4.7367°
[[ 239.04022    -500.9896      -45.003525  ]
 [-110.733696    218.61253      19.996473  ]
 [   0.13559267    0.06320434    0.        ]
 [   0.            0.            0.1496    ]]
              x1        y1  area1          x2         y2  area2          x3         y3  area3          x4         y4  area4         x5         y5  area5
range  350.24241  11.28779  111.0  185.590679  10.740797   88.0  346.077819  28.155989  127.0  185.117486  19.911159  129.0  350.12313  44.540283   78.0
FAILURE!!!! Some beads might have been misidentified

iter 43 cost=0.740116 -> 0.806769 |dtheta|=5.107828e-03  lambda=1.221e+03

============================================================
Iteration 44
============================================================
Theta offsets (Unity frame):
  Source   : dSx=   0.000, dSy=   0.000, dSz=   0.000  (mm)
  Object   : dOx= -17.998, dOy=  -8.005, dOz= -24.929  (mm)
  Object offset: offset_x=   0.003, offset_z=   0.007  (mm)
  Detector : dDx=   0.000, dDy=   0.000, dDz=   0.000  (mm)
  Obj Stage rotY :   24.993 deg
============================================================

Unity geometry (world coordinates):
  Source   : x=   5.000, y=  60.000, z=   0.000
  Object   : x=   0.002, y=  14.995, z= 555.071
  Detector : x=  -8.000, y=  -5.000, z= 800.000
  Obj rotY :   0.0000 deg
view   0 | SOD= 556.922 mm | SDD= 802.742 mm | M= 1.441 | incident=4.7367°
[[ 239.05269    -500.98984     -45.00528   ]
 [-110.73628     218.60495      19.994719  ]
 [   0.13559134    0.06320718    0.        ]
 [   0.            0.            0.1496    ]]
              x1         y1  area1          x2         y2  area2          x3         y3  area3          x4         y4  area4          x5         y5  area5
range  350.24241  11.247908  112.0  185.552042  10.709387   85.0  346.056984  28.147695  127.0  185.107845  19.923583  128.0  350.201295  44.519017   77.0
FAILURE!!!! Some beads might have been misidentified
               x1         y1  area1         x2         y2  area2          x3         y3  area3          x4         y4  area4          x5         y5  area5
range  350.174641  11.243306  115.0  185.63113  10.732406   84.0  346.056847  28.149855  134.0  185.156784  19.934457  127.0  350.243268  44.522492   78.0
FAILURE!!!! Some beads might have been misidentified
               x1         y1  area1          x2         y2  area2          x3        y3  area3         x4        y4  area4          x5         y5  area5
range  350.127353  11.296784  115.0  185.579634  10.733866   84.0  346.001938  28.08722  128.0  185.12253  19.89714  117.0  350.240897  44.550228   78.0
FAILURE!!!! Some beads might have been misidentified
              x1         y1  area1          x2         y2  area2          x3         y3  area3          x4         y4  area4          x5        y5  area5
range  350.23383  11.234481  115.0  185.588326  10.714169   85.0  345.981667  28.024107  134.0  185.066153  19.894256  125.0  350.274602  44.49191   77.0
FAILURE!!!! Some beads might have been misidentified
               x1         y1  area1          x2         y2  area2          x3         y3  area3          x4         y4  area4          x5         y5  area5
range  350.209018  11.319725  118.0  185.544619  10.728092   76.0  346.014689  28.164962  126.0  185.126555  19.889953  115.0  350.232393  44.576669   73.0
FAILURE!!!! Some beads might have been misidentified
              x1         y1  area1          x2         y2  area2          x3         y3  area3          x4         y4  area4          x5         y5  area5
range  350.24241  11.247908  111.0  185.554877  10.709387   88.0  346.057358  28.147695  128.0  185.098041  19.893087  128.0  350.187211  44.525233   78.0
FAILURE!!!! Some beads might have been misidentified
               x1         y1  area1          x2         y2  area2          x3         y3  area3          x4         y4  area4          x5         y5  area5
range  350.252496  11.196677  120.0  185.551507  10.719903   80.0  346.066768  28.142935  127.0  185.128914  19.920318  116.0  350.210744  44.483329   77.0
FAILURE!!!! Some beads might have been misidentified
              x1         y1  area1          x2         y2  area2          x3         y3  area3          x4         y4  area4          x5         y5  area5
range  350.24241  11.294113  113.0  185.610926  10.740949   86.0  346.046338  28.128121  133.0  185.113429  19.906777  127.0  350.137214  44.567773   77.0
FAILURE!!!! Some beads might have been misidentified
               x1         y1  area1          x2         y2  area2          x3         y3  area3          x4         y4  area4          x5         y5  area5
range  350.272669  11.219558  107.0  185.552042  10.722967   87.0  346.077819  28.111584  128.0  185.107845  19.911159  129.0  350.181208  44.551878   75.0
FAILURE!!!! Some beads might have been misidentified
               x1         y1  area1          x2         y2  area2          x3         y3  area3          x4         y4  area4          x5         y5  area5
range  350.238279  11.237749  107.0  185.476151  10.705135   85.0  346.039358  28.100849  133.0  185.272066  19.881475  126.0  350.187211  44.586937   76.0
FAILURE!!!! Some beads might have been misidentified
               x1         y1  area1          x2         y2  area2          x3         y3  area3          x4         y4  area4          x5         y5  area5
range  350.259144  11.302341  124.0  185.714232  10.723655   83.0  346.087603  28.141147  129.0  185.006066  19.914688  117.0  350.146663  44.485783   79.0
FAILURE!!!! Some beads might have been misidentified
               x1         y1  area1          x2         y2  area2          x3         y3  area3          x4         y4  area4          x5         y5  area5
range  350.433235  11.294148  103.0  185.588496  10.707425   87.0  345.842742  28.169557  135.0  185.053508  19.959555  129.0  350.463387  44.529136   77.0
FAILURE!!!! Some beads might have been misidentified
               x1         y1  area1          x2         y2  area2          x3       y3  area3          x4         y4  area4          x5         y5  area5
range  349.868759  11.239668  122.0  185.539459  10.766499   82.0  346.216043  28.1381  125.0  185.212756  19.865661  118.0  350.020778  44.509839   76.0
FAILURE!!!! Some beads might have been misidentified
Residual vector length: 180, Jacobian shape: (180, 6)
view   0 | SOD= 556.921 mm | SDD= 802.742 mm | M= 1.441 | incident=4.7367°
[[ 239.04926   -500.98975    -45.00436  ]
 [-110.73559    218.60707     19.99564  ]
 [   0.1355917    0.0632064    0.       ]
 [   0.           0.           0.1496   ]]
              x1         y1  area1          x2         y2  area2          x3         y3  area3          x4         y4  area4          x5         y5  area5
range  350.24241  11.247908  111.0  185.569656  10.740797   88.0  346.077819  28.147695  128.0  185.116088  19.897498  130.0  350.117127  44.540283   77.0
FAILURE!!!! Some beads might have been misidentified

iter 44 cost=0.740116 -> 0.823621 |dtheta|=1.551420e-03  lambda=6.104e+03

============================================================
Iteration 45
============================================================
Theta offsets (Unity frame):
  Source   : dSx=   0.000, dSy=   0.000, dSz=   0.000  (mm)
  Object   : dOx= -17.998, dOy=  -8.005, dOz= -24.929  (mm)
  Object offset: offset_x=   0.003, offset_z=   0.007  (mm)
  Detector : dDx=   0.000, dDy=   0.000, dDz=   0.000  (mm)
  Obj Stage rotY :   24.993 deg
============================================================

Unity geometry (world coordinates):
  Source   : x=   5.000, y=  60.000, z=   0.000
  Object   : x=   0.002, y=  14.995, z= 555.071
  Detector : x=  -8.000, y=  -5.000, z= 800.000
  Obj rotY :   0.0000 deg
view   0 | SOD= 556.922 mm | SDD= 802.742 mm | M= 1.441 | incident=4.7367°
[[ 239.05269    -500.98984     -45.00528   ]
 [-110.73628     218.60495      19.994719  ]
 [   0.13559134    0.06320718    0.        ]
 [   0.            0.            0.1496    ]]
              x1         y1  area1          x2         y2  area2          x3         y3  area3          x4         y4  area4          x5         y5  area5
range  350.24241  11.247908  112.0  185.552042  10.709387   85.0  346.056984  28.147695  127.0  185.107845  19.923583  128.0  350.201295  44.519017   77.0
FAILURE!!!! Some beads might have been misidentified
               x1         y1  area1         x2         y2  area2          x3         y3  area3          x4         y4  area4          x5         y5  area5
range  350.174641  11.243306  115.0  185.63113  10.732406   84.0  346.056847  28.149855  134.0  185.156784  19.934457  127.0  350.243268  44.522492   78.0
FAILURE!!!! Some beads might have been misidentified
               x1         y1  area1          x2         y2  area2          x3        y3  area3         x4        y4  area4          x5         y5  area5
range  350.127353  11.296784  115.0  185.579634  10.733866   84.0  346.001938  28.08722  128.0  185.12253  19.89714  117.0  350.240897  44.550228   78.0
FAILURE!!!! Some beads might have been misidentified
              x1         y1  area1          x2         y2  area2          x3         y3  area3          x4         y4  area4          x5        y5  area5
range  350.23383  11.234481  115.0  185.588326  10.714169   85.0  345.981667  28.024107  134.0  185.066153  19.894256  125.0  350.274602  44.49191   77.0
FAILURE!!!! Some beads might have been misidentified
               x1         y1  area1          x2         y2  area2          x3         y3  area3          x4         y4  area4          x5         y5  area5
range  350.209018  11.319725  118.0  185.544619  10.728092   76.0  346.014689  28.164962  126.0  185.126555  19.889953  115.0  350.232393  44.576669   73.0
FAILURE!!!! Some beads might have been misidentified
              x1         y1  area1          x2         y2  area2          x3         y3  area3          x4         y4  area4          x5         y5  area5
range  350.24241  11.247908  111.0  185.554877  10.709387   88.0  346.057358  28.147695  128.0  185.098041  19.893087  128.0  350.187211  44.525233   78.0
FAILURE!!!! Some beads might have been misidentified
               x1         y1  area1          x2         y2  area2          x3         y3  area3          x4         y4  area4          x5         y5  area5
range  350.252496  11.196677  120.0  185.551507  10.719903   80.0  346.066768  28.142935  127.0  185.128914  19.920318  116.0  350.210744  44.483329   77.0
FAILURE!!!! Some beads might have been misidentified
              x1         y1  area1          x2         y2  area2          x3         y3  area3          x4         y4  area4          x5         y5  area5
range  350.24241  11.294113  113.0  185.610926  10.740949   86.0  346.046338  28.128121  133.0  185.113429  19.906777  127.0  350.137214  44.567773   77.0
FAILURE!!!! Some beads might have been misidentified
               x1         y1  area1          x2         y2  area2          x3         y3  area3          x4         y4  area4          x5         y5  area5
range  350.272669  11.219558  107.0  185.552042  10.722967   87.0  346.077819  28.111584  128.0  185.107845  19.911159  129.0  350.181208  44.551878   75.0
FAILURE!!!! Some beads might have been misidentified
               x1         y1  area1          x2         y2  area2          x3         y3  area3          x4         y4  area4          x5         y5  area5
range  350.238279  11.237749  107.0  185.476151  10.705135   85.0  346.039358  28.100849  133.0  185.272066  19.881475  126.0  350.187211  44.586937   76.0
FAILURE!!!! Some beads might have been misidentified
               x1         y1  area1          x2         y2  area2          x3         y3  area3          x4         y4  area4          x5         y5  area5
range  350.259144  11.302341  124.0  185.714232  10.723655   83.0  346.087603  28.141147  129.0  185.006066  19.914688  117.0  350.146663  44.485783   79.0
FAILURE!!!! Some beads might have been misidentified
               x1         y1  area1          x2         y2  area2          x3         y3  area3          x4         y4  area4          x5         y5  area5
range  350.433235  11.294148  103.0  185.588496  10.707425   87.0  345.842742  28.169557  135.0  185.053508  19.959555  129.0  350.463387  44.529136   77.0
FAILURE!!!! Some beads might have been misidentified
               x1         y1  area1          x2         y2  area2          x3       y3  area3          x4         y4  area4          x5         y5  area5
range  349.868759  11.239668  122.0  185.539459  10.766499   82.0  346.216043  28.1381  125.0  185.212756  19.865661  118.0  350.020778  44.509839   76.0
FAILURE!!!! Some beads might have been misidentified
Residual vector length: 180, Jacobian shape: (180, 6)
view   0 | SOD= 556.922 mm | SDD= 802.742 mm | M= 1.441 | incident=4.7367°
[[ 239.05193    -500.9898      -45.004982  ]
 [-110.73615     218.60542      19.995018  ]
 [   0.13559142    0.06320701    0.        ]
 [   0.            0.            0.1496    ]]
              x1         y1  area1         x2         y2  area2          x3         y3  area3          x4         y4  area4          x5         y5  area5
range  350.24241  11.247908  112.0  185.54004  10.719903   86.0  346.077819  28.147695  127.0  185.107845  19.923583  128.0  350.201295  44.519017   77.0
FAILURE!!!! Some beads might have been misidentified

iter 45 cost=0.740116 -> 0.770263 |dtheta|=4.038342e-04  lambda=3.052e+04

============================================================
Iteration 46
============================================================
Theta offsets (Unity frame):
  Source   : dSx=   0.000, dSy=   0.000, dSz=   0.000  (mm)
  Object   : dOx= -17.998, dOy=  -8.005, dOz= -24.929  (mm)
  Object offset: offset_x=   0.003, offset_z=   0.007  (mm)
  Detector : dDx=   0.000, dDy=   0.000, dDz=   0.000  (mm)
  Obj Stage rotY :   24.993 deg
============================================================

Unity geometry (world coordinates):
  Source   : x=   5.000, y=  60.000, z=   0.000
  Object   : x=   0.002, y=  14.995, z= 555.071
  Detector : x=  -8.000, y=  -5.000, z= 800.000
  Obj rotY :   0.0000 deg
view   0 | SOD= 556.922 mm | SDD= 802.742 mm | M= 1.441 | incident=4.7367°
[[ 239.05269    -500.98984     -45.00528   ]
 [-110.73628     218.60495      19.994719  ]
 [   0.13559134    0.06320718    0.        ]
 [   0.            0.            0.1496    ]]
              x1         y1  area1          x2         y2  area2          x3         y3  area3          x4         y4  area4          x5         y5  area5
range  350.24241  11.247908  112.0  185.552042  10.709387   85.0  346.056984  28.147695  127.0  185.107845  19.923583  128.0  350.201295  44.519017   77.0
FAILURE!!!! Some beads might have been misidentified
               x1         y1  area1         x2         y2  area2          x3         y3  area3          x4         y4  area4          x5         y5  area5
range  350.174641  11.243306  115.0  185.63113  10.732406   84.0  346.056847  28.149855  134.0  185.156784  19.934457  127.0  350.243268  44.522492   78.0
FAILURE!!!! Some beads might have been misidentified
               x1         y1  area1          x2         y2  area2          x3        y3  area3         x4        y4  area4          x5         y5  area5
range  350.127353  11.296784  115.0  185.579634  10.733866   84.0  346.001938  28.08722  128.0  185.12253  19.89714  117.0  350.240897  44.550228   78.0
FAILURE!!!! Some beads might have been misidentified
              x1         y1  area1          x2         y2  area2          x3         y3  area3          x4         y4  area4          x5        y5  area5
range  350.23383  11.234481  115.0  185.588326  10.714169   85.0  345.981667  28.024107  134.0  185.066153  19.894256  125.0  350.274602  44.49191   77.0
FAILURE!!!! Some beads might have been misidentified
               x1         y1  area1          x2         y2  area2          x3         y3  area3          x4         y4  area4          x5         y5  area5
range  350.209018  11.319725  118.0  185.544619  10.728092   76.0  346.014689  28.164962  126.0  185.126555  19.889953  115.0  350.232393  44.576669   73.0
FAILURE!!!! Some beads might have been misidentified
              x1         y1  area1          x2         y2  area2          x3         y3  area3          x4         y4  area4          x5         y5  area5
range  350.24241  11.247908  111.0  185.554877  10.709387   88.0  346.057358  28.147695  128.0  185.098041  19.893087  128.0  350.187211  44.525233   78.0
FAILURE!!!! Some beads might have been misidentified
               x1         y1  area1          x2         y2  area2          x3         y3  area3          x4         y4  area4          x5         y5  area5
range  350.252496  11.196677  120.0  185.551507  10.719903   80.0  346.066768  28.142935  127.0  185.128914  19.920318  116.0  350.210744  44.483329   77.0
FAILURE!!!! Some beads might have been misidentified
              x1         y1  area1          x2         y2  area2          x3         y3  area3          x4         y4  area4          x5         y5  area5
range  350.24241  11.294113  113.0  185.610926  10.740949   86.0  346.046338  28.128121  133.0  185.113429  19.906777  127.0  350.137214  44.567773   77.0
FAILURE!!!! Some beads might have been misidentified
               x1         y1  area1          x2         y2  area2          x3         y3  area3          x4         y4  area4          x5         y5  area5
range  350.272669  11.219558  107.0  185.552042  10.722967   87.0  346.077819  28.111584  128.0  185.107845  19.911159  129.0  350.181208  44.551878   75.0
FAILURE!!!! Some beads might have been misidentified
               x1         y1  area1          x2         y2  area2          x3         y3  area3          x4         y4  area4          x5         y5  area5
range  350.238279  11.237749  107.0  185.476151  10.705135   85.0  346.039358  28.100849  133.0  185.272066  19.881475  126.0  350.187211  44.586937   76.0
FAILURE!!!! Some beads might have been misidentified
               x1         y1  area1          x2         y2  area2          x3         y3  area3          x4         y4  area4          x5         y5  area5
range  350.259144  11.302341  124.0  185.714232  10.723655   83.0  346.087603  28.141147  129.0  185.006066  19.914688  117.0  350.146663  44.485783   79.0
FAILURE!!!! Some beads might have been misidentified
               x1         y1  area1          x2         y2  area2          x3         y3  area3          x4         y4  area4          x5         y5  area5
range  350.433235  11.294148  103.0  185.588496  10.707425   87.0  345.842742  28.169557  135.0  185.053508  19.959555  129.0  350.463387  44.529136   77.0
FAILURE!!!! Some beads might have been misidentified
               x1         y1  area1          x2         y2  area2          x3       y3  area3          x4         y4  area4          x5         y5  area5
range  349.868759  11.239668  122.0  185.539459  10.766499   82.0  346.216043  28.1381  125.0  185.212756  19.865661  118.0  350.020778  44.509839   76.0
FAILURE!!!! Some beads might have been misidentified
Residual vector length: 180, Jacobian shape: (180, 6)
view   0 | SOD= 556.922 mm | SDD= 802.742 mm | M= 1.441 | incident=4.7367°
[[ 239.0525     -500.9898      -45.00521   ]
 [-110.736275    218.60509      19.994787  ]
 [   0.13559136    0.06320714    0.        ]
 [   0.            0.            0.1496    ]]
              x1         y1  area1          x2         y2  area2          x3         y3  area3          x4         y4  area4          x5         y5  area5
range  350.24241  11.247908  112.0  185.552042  10.709387   86.0  346.056984  28.147695  128.0  185.107845  19.923583  128.0  350.201295  44.519017   77.0
FAILURE!!!! Some beads might have been misidentified

iter 46 cost=0.740116 -> 0.744221 |dtheta|=8.827673e-05  lambda=1.526e+05

============================================================
Iteration 47
============================================================
Theta offsets (Unity frame):
  Source   : dSx=   0.000, dSy=   0.000, dSz=   0.000  (mm)
  Object   : dOx= -17.998, dOy=  -8.005, dOz= -24.929  (mm)
  Object offset: offset_x=   0.003, offset_z=   0.007  (mm)
  Detector : dDx=   0.000, dDy=   0.000, dDz=   0.000  (mm)
  Obj Stage rotY :   24.993 deg
============================================================

Unity geometry (world coordinates):
  Source   : x=   5.000, y=  60.000, z=   0.000
  Object   : x=   0.002, y=  14.995, z= 555.071
  Detector : x=  -8.000, y=  -5.000, z= 800.000
  Obj rotY :   0.0000 deg
view   0 | SOD= 556.922 mm | SDD= 802.742 mm | M= 1.441 | incident=4.7367°
[[ 239.05269    -500.98984     -45.00528   ]
 [-110.73628     218.60495      19.994719  ]
 [   0.13559134    0.06320718    0.        ]
 [   0.            0.            0.1496    ]]
              x1         y1  area1          x2         y2  area2          x3         y3  area3          x4         y4  area4          x5         y5  area5
range  350.24241  11.247908  112.0  185.552042  10.709387   85.0  346.056984  28.147695  127.0  185.107845  19.923583  128.0  350.201295  44.519017   77.0
FAILURE!!!! Some beads might have been misidentified
               x1         y1  area1         x2         y2  area2          x3         y3  area3          x4         y4  area4          x5         y5  area5
range  350.174641  11.243306  115.0  185.63113  10.732406   84.0  346.056847  28.149855  134.0  185.156784  19.934457  127.0  350.243268  44.522492   78.0
FAILURE!!!! Some beads might have been misidentified
               x1         y1  area1          x2         y2  area2          x3        y3  area3         x4        y4  area4          x5         y5  area5
range  350.127353  11.296784  115.0  185.579634  10.733866   84.0  346.001938  28.08722  128.0  185.12253  19.89714  117.0  350.240897  44.550228   78.0
FAILURE!!!! Some beads might have been misidentified
              x1         y1  area1          x2         y2  area2          x3         y3  area3          x4         y4  area4          x5        y5  area5
range  350.23383  11.234481  115.0  185.588326  10.714169   85.0  345.981667  28.024107  134.0  185.066153  19.894256  125.0  350.274602  44.49191   77.0
FAILURE!!!! Some beads might have been misidentified
               x1         y1  area1          x2         y2  area2          x3         y3  area3          x4         y4  area4          x5         y5  area5
range  350.209018  11.319725  118.0  185.544619  10.728092   76.0  346.014689  28.164962  126.0  185.126555  19.889953  115.0  350.232393  44.576669   73.0
FAILURE!!!! Some beads might have been misidentified
              x1         y1  area1          x2         y2  area2          x3         y3  area3          x4         y4  area4          x5         y5  area5
range  350.24241  11.247908  111.0  185.554877  10.709387   88.0  346.057358  28.147695  128.0  185.098041  19.893087  128.0  350.187211  44.525233   78.0
FAILURE!!!! Some beads might have been misidentified
               x1         y1  area1          x2         y2  area2          x3         y3  area3          x4         y4  area4          x5         y5  area5
range  350.252496  11.196677  120.0  185.551507  10.719903   80.0  346.066768  28.142935  127.0  185.128914  19.920318  116.0  350.210744  44.483329   77.0
FAILURE!!!! Some beads might have been misidentified
              x1         y1  area1          x2         y2  area2          x3         y3  area3          x4         y4  area4          x5         y5  area5
range  350.24241  11.294113  113.0  185.610926  10.740949   86.0  346.046338  28.128121  133.0  185.113429  19.906777  127.0  350.137214  44.567773   77.0
FAILURE!!!! Some beads might have been misidentified
               x1         y1  area1          x2         y2  area2          x3         y3  area3          x4         y4  area4          x5         y5  area5
range  350.272669  11.219558  107.0  185.552042  10.722967   87.0  346.077819  28.111584  128.0  185.107845  19.911159  129.0  350.181208  44.551878   75.0
FAILURE!!!! Some beads might have been misidentified
               x1         y1  area1          x2         y2  area2          x3         y3  area3          x4         y4  area4          x5         y5  area5
range  350.238279  11.237749  107.0  185.476151  10.705135   85.0  346.039358  28.100849  133.0  185.272066  19.881475  126.0  350.187211  44.586937   76.0
FAILURE!!!! Some beads might have been misidentified
               x1         y1  area1          x2         y2  area2          x3         y3  area3          x4         y4  area4          x5         y5  area5
range  350.259144  11.302341  124.0  185.714232  10.723655   83.0  346.087603  28.141147  129.0  185.006066  19.914688  117.0  350.146663  44.485783   79.0
FAILURE!!!! Some beads might have been misidentified
               x1         y1  area1          x2         y2  area2          x3         y3  area3          x4         y4  area4          x5         y5  area5
range  350.433235  11.294148  103.0  185.588496  10.707425   87.0  345.842742  28.169557  135.0  185.053508  19.959555  129.0  350.463387  44.529136   77.0
FAILURE!!!! Some beads might have been misidentified
               x1         y1  area1          x2         y2  area2          x3       y3  area3          x4         y4  area4          x5         y5  area5
range  349.868759  11.239668  122.0  185.539459  10.766499   82.0  346.216043  28.1381  125.0  185.212756  19.865661  118.0  350.020778  44.509839   76.0
FAILURE!!!! Some beads might have been misidentified
Residual vector length: 180, Jacobian shape: (180, 6)
view   0 | SOD= 556.922 mm | SDD= 802.742 mm | M= 1.441 | incident=4.7367°
[[ 239.05266    -500.98987     -45.00527   ]
 [-110.736275    218.60495      19.994732  ]
 [   0.13559134    0.06320717    0.        ]
 [   0.            0.            0.1496    ]]
              x1         y1  area1          x2         y2  area2          x3         y3  area3          x4         y4  area4          x5         y5  area5
range  350.24241  11.247908  112.0  185.552042  10.709387   86.0  346.056984  28.147695  127.0  185.107845  19.923583  128.0  350.201295  44.519017   77.0
FAILURE!!!! Some beads might have been misidentified

iter 47 cost=0.740116 -> 0.736292 |dtheta|=1.802006e-05  lambda=7.629e+05

============================================================
Iteration 48
============================================================
Theta offsets (Unity frame):
  Source   : dSx=   0.000, dSy=   0.000, dSz=   0.000  (mm)
  Object   : dOx= -17.998, dOy=  -8.005, dOz= -24.929  (mm)
  Object offset: offset_x=   0.003, offset_z=   0.007  (mm)
  Detector : dDx=   0.000, dDy=   0.000, dDz=   0.000  (mm)
  Obj Stage rotY :   24.993 deg
============================================================

Unity geometry (world coordinates):
  Source   : x=   5.000, y=  60.000, z=   0.000
  Object   : x=   0.002, y=  14.995, z= 555.071
  Detector : x=  -8.000, y=  -5.000, z= 800.000
  Obj rotY :   0.0000 deg
view   0 | SOD= 556.922 mm | SDD= 802.742 mm | M= 1.441 | incident=4.7367°
[[ 239.05266    -500.98987     -45.00527   ]
 [-110.736275    218.60495      19.994732  ]
 [   0.13559134    0.06320717    0.        ]
 [   0.            0.            0.1496    ]]
              x1         y1  area1          x2         y2  area2          x3         y3  area3          x4         y4  area4          x5         y5  area5
range  350.24241  11.247908  112.0  185.552042  10.709387   86.0  346.056984  28.147695  127.0  185.107845  19.923583  128.0  350.201295  44.519017   77.0
FAILURE!!!! Some beads might have been misidentified
               x1         y1  area1         x2         y2  area2          x3         y3  area3          x4         y4  area4          x5         y5  area5
range  350.174641  11.243306  115.0  185.63113  10.732406   84.0  346.056847  28.149855  134.0  185.156784  19.934457  127.0  350.243268  44.522492   78.0
FAILURE!!!! Some beads might have been misidentified
               x1         y1  area1          x2         y2  area2          x3        y3  area3         x4        y4  area4          x5         y5  area5
range  350.127353  11.296784  115.0  185.579634  10.733866   84.0  346.001938  28.08722  128.0  185.12253  19.89714  117.0  350.240897  44.550228   78.0
FAILURE!!!! Some beads might have been misidentified
               x1         y1  area1          x2         y2  area2          x3         y3  area3          x4         y4  area4          x5        y5  area5
range  350.253989  11.234481  115.0  185.588326  10.714169   85.0  345.981667  28.024107  134.0  185.066153  19.894256  125.0  350.274602  44.49191   77.0
FAILURE!!!! Some beads might have been misidentified
               x1         y1  area1          x2         y2  area2          x3         y3  area3          x4         y4  area4          x5         y5  area5
range  350.209018  11.319725  118.0  185.544619  10.728092   76.0  346.014689  28.164962  126.0  185.126555  19.889953  115.0  350.213142  44.576669   73.0
FAILURE!!!! Some beads might have been misidentified
              x1         y1  area1          x2         y2  area2          x3         y3  area3          x4         y4  area4          x5         y5  area5
range  350.24241  11.247908  111.0  185.554877  10.709387   88.0  346.057358  28.147695  128.0  185.098041  19.893087  128.0  350.187211  44.525233   78.0
FAILURE!!!! Some beads might have been misidentified
               x1         y1  area1          x2         y2  area2          x3         y3  area3          x4         y4  area4          x5         y5  area5
range  350.252496  11.196677  120.0  185.551507  10.719903   80.0  346.066768  28.142935  127.0  185.128914  19.920318  116.0  350.210744  44.483329   77.0
FAILURE!!!! Some beads might have been misidentified
              x1         y1  area1          x2         y2  area2          x3         y3  area3          x4         y4  area4          x5         y5  area5
range  350.24241  11.294113  113.0  185.610926  10.740949   86.0  346.046338  28.128121  133.0  185.113429  19.906777  127.0  350.137214  44.567773   77.0
FAILURE!!!! Some beads might have been misidentified
               x1         y1  area1          x2         y2  area2          x3         y3  area3          x4         y4  area4          x5         y5  area5
range  350.272669  11.219558  107.0  185.552042  10.722967   87.0  346.077819  28.111584  127.0  185.107845  19.911159  129.0  350.181208  44.551878   75.0
FAILURE!!!! Some beads might have been misidentified
               x1         y1  area1          x2         y2  area2          x3        y3  area3          x4         y4  area4          x5         y5  area5
range  350.238279  11.205337  107.0  185.476151  10.705135   85.0  346.039358  28.09612  132.0  185.272066  19.881475  126.0  350.187211  44.596609   76.0
FAILURE!!!! Some beads might have been misidentified
               x1         y1  area1          x2         y2  area2          x3         y3  area3          x4         y4  area4          x5         y5  area5
range  350.259144  11.302341  124.0  185.714232  10.723655   83.0  346.087603  28.141147  129.0  185.006066  19.914688  117.0  350.146663  44.485783   79.0
FAILURE!!!! Some beads might have been misidentified
               x1         y1  area1          x2         y2  area2          x3         y3  area3          x4         y4  area4          x5         y5  area5
range  350.433235  11.294148  103.0  185.588496  10.707425   87.0  345.842742  28.169557  135.0  185.053508  19.959555  129.0  350.463387  44.529136   77.0
FAILURE!!!! Some beads might have been misidentified
               x1         y1  area1          x2         y2  area2          x3       y3  area3          x4         y4  area4          x5         y5  area5
range  349.868759  11.239668  122.0  185.539459  10.766499   82.0  346.216043  28.1381  125.0  185.212756  19.865661  118.0  350.020778  44.509839   76.0
FAILURE!!!! Some beads might have been misidentified
Residual vector length: 180, Jacobian shape: (180, 6)
view   0 | SOD= 556.922 mm | SDD= 802.742 mm | M= 1.441 | incident=4.7367°
[[ 239.05257    -500.98984     -45.005226  ]
 [-110.73627     218.60503      19.994774  ]
 [   0.13559136    0.06320715    0.        ]
 [   0.            0.            0.1496    ]]
              x1         y1  area1          x2         y2  area2          x3         y3  area3          x4         y4  area4          x5         y5  area5
range  350.24241  11.247908  112.0  185.552042  10.709387   86.0  346.056984  28.147695  128.0  185.107845  19.923583  128.0  350.201295  44.519017   77.0
FAILURE!!!! Some beads might have been misidentified

iter 48 cost=0.736292 -> 0.744221 |dtheta|=5.239543e-05  lambda=2.543e+05

============================================================
Iteration 49
============================================================
Theta offsets (Unity frame):
  Source   : dSx=   0.000, dSy=   0.000, dSz=   0.000  (mm)
  Object   : dOx= -17.998, dOy=  -8.005, dOz= -24.929  (mm)
  Object offset: offset_x=   0.003, offset_z=   0.007  (mm)
  Detector : dDx=   0.000, dDy=   0.000, dDz=   0.000  (mm)
  Obj Stage rotY :   24.993 deg
============================================================

Unity geometry (world coordinates):
  Source   : x=   5.000, y=  60.000, z=   0.000
  Object   : x=   0.002, y=  14.995, z= 555.071
  Detector : x=  -8.000, y=  -5.000, z= 800.000
  Obj rotY :   0.0000 deg
view   0 | SOD= 556.922 mm | SDD= 802.742 mm | M= 1.441 | incident=4.7367°
[[ 239.05266    -500.98987     -45.00527   ]
 [-110.736275    218.60495      19.994732  ]
 [   0.13559134    0.06320717    0.        ]
 [   0.            0.            0.1496    ]]
              x1         y1  area1          x2         y2  area2          x3         y3  area3          x4         y4  area4          x5         y5  area5
range  350.24241  11.247908  112.0  185.552042  10.709387   86.0  346.056984  28.147695  127.0  185.107845  19.923583  128.0  350.201295  44.519017   77.0
FAILURE!!!! Some beads might have been misidentified
               x1         y1  area1         x2         y2  area2          x3         y3  area3          x4         y4  area4          x5         y5  area5
range  350.174641  11.243306  115.0  185.63113  10.732406   84.0  346.056847  28.149855  134.0  185.156784  19.934457  127.0  350.243268  44.522492   78.0
FAILURE!!!! Some beads might have been misidentified
               x1         y1  area1          x2         y2  area2          x3        y3  area3         x4        y4  area4          x5         y5  area5
range  350.127353  11.296784  115.0  185.579634  10.733866   84.0  346.001938  28.08722  128.0  185.12253  19.89714  117.0  350.240897  44.550228   78.0
FAILURE!!!! Some beads might have been misidentified
               x1         y1  area1          x2         y2  area2          x3         y3  area3          x4         y4  area4          x5        y5  area5
range  350.253989  11.234481  115.0  185.588326  10.714169   85.0  345.981667  28.024107  134.0  185.066153  19.894256  125.0  350.274602  44.49191   77.0
FAILURE!!!! Some beads might have been misidentified
               x1         y1  area1          x2         y2  area2          x3         y3  area3          x4         y4  area4          x5         y5  area5
range  350.209018  11.319725  118.0  185.544619  10.728092   76.0  346.014689  28.164962  126.0  185.126555  19.889953  115.0  350.213142  44.576669   73.0
FAILURE!!!! Some beads might have been misidentified
              x1         y1  area1          x2         y2  area2          x3         y3  area3          x4         y4  area4          x5         y5  area5
range  350.24241  11.247908  111.0  185.554877  10.709387   88.0  346.057358  28.147695  128.0  185.098041  19.893087  128.0  350.187211  44.525233   78.0
FAILURE!!!! Some beads might have been misidentified
               x1         y1  area1          x2         y2  area2          x3         y3  area3          x4         y4  area4          x5         y5  area5
range  350.252496  11.196677  120.0  185.551507  10.719903   80.0  346.066768  28.142935  127.0  185.128914  19.920318  116.0  350.210744  44.483329   77.0
FAILURE!!!! Some beads might have been misidentified
              x1         y1  area1          x2         y2  area2          x3         y3  area3          x4         y4  area4          x5         y5  area5
range  350.24241  11.294113  113.0  185.610926  10.740949   86.0  346.046338  28.128121  133.0  185.113429  19.906777  127.0  350.137214  44.567773   77.0
FAILURE!!!! Some beads might have been misidentified
               x1         y1  area1          x2         y2  area2          x3         y3  area3          x4         y4  area4          x5         y5  area5
range  350.272669  11.219558  107.0  185.552042  10.722967   87.0  346.077819  28.111584  127.0  185.107845  19.911159  129.0  350.181208  44.551878   75.0
FAILURE!!!! Some beads might have been misidentified
               x1         y1  area1          x2         y2  area2          x3        y3  area3          x4         y4  area4          x5         y5  area5
range  350.238279  11.205337  107.0  185.476151  10.705135   85.0  346.039358  28.09612  132.0  185.272066  19.881475  126.0  350.187211  44.596609   76.0
FAILURE!!!! Some beads might have been misidentified
               x1         y1  area1          x2         y2  area2          x3         y3  area3          x4         y4  area4          x5         y5  area5
range  350.259144  11.302341  124.0  185.714232  10.723655   83.0  346.087603  28.141147  129.0  185.006066  19.914688  117.0  350.146663  44.485783   79.0
FAILURE!!!! Some beads might have been misidentified
               x1         y1  area1          x2         y2  area2          x3         y3  area3          x4         y4  area4          x5         y5  area5
range  350.433235  11.294148  103.0  185.588496  10.707425   87.0  345.842742  28.169557  135.0  185.053508  19.959555  129.0  350.463387  44.529136   77.0
FAILURE!!!! Some beads might have been misidentified
               x1         y1  area1          x2         y2  area2          x3       y3  area3          x4         y4  area4          x5         y5  area5
range  349.868759  11.239668  122.0  185.539459  10.766499   82.0  346.216043  28.1381  125.0  185.212756  19.865661  118.0  350.020778  44.509839   76.0
FAILURE!!!! Some beads might have been misidentified
Residual vector length: 180, Jacobian shape: (180, 6)
view   0 | SOD= 556.922 mm | SDD= 802.742 mm | M= 1.441 | incident=4.7367°
[[ 239.05264    -500.98987     -45.005257  ]
 [-110.73626     218.60497      19.994743  ]
 [   0.13559134    0.06320716    0.        ]
 [   0.            0.            0.1496    ]]
              x1         y1  area1          x2         y2  area2          x3         y3  area3          x4         y4  area4          x5         y5  area5
range  350.24241  11.247908  112.0  185.552042  10.709387   86.0  346.056984  28.147695  128.0  185.107845  19.923583  128.0  350.201295  44.519017   77.0
FAILURE!!!! Some beads might have been misidentified

iter 49 cost=0.736292 -> 0.742136 |dtheta|=1.347851e-05  lambda=1.000e+06

============================================================
Iteration 50
============================================================
Theta offsets (Unity frame):
  Source   : dSx=   0.000, dSy=   0.000, dSz=   0.000  (mm)
  Object   : dOx= -17.998, dOy=  -8.005, dOz= -24.929  (mm)
  Object offset: offset_x=   0.003, offset_z=   0.007  (mm)
  Detector : dDx=   0.000, dDy=   0.000, dDz=   0.000  (mm)
  Obj Stage rotY :   24.993 deg
============================================================

Unity geometry (world coordinates):
  Source   : x=   5.000, y=  60.000, z=   0.000
  Object   : x=   0.002, y=  14.995, z= 555.071
  Detector : x=  -8.000, y=  -5.000, z= 800.000
  Obj rotY :   0.0000 deg
view   0 | SOD= 556.922 mm | SDD= 802.742 mm | M= 1.441 | incident=4.7367°
[[ 239.05266    -500.98987     -45.00527   ]
 [-110.736275    218.60495      19.994732  ]
 [   0.13559134    0.06320717    0.        ]
 [   0.            0.            0.1496    ]]
              x1         y1  area1          x2         y2  area2          x3         y3  area3          x4         y4  area4          x5         y5  area5
range  350.24241  11.247908  112.0  185.552042  10.709387   86.0  346.056984  28.147695  127.0  185.107845  19.923583  128.0  350.201295  44.519017   77.0
FAILURE!!!! Some beads might have been misidentified
               x1         y1  area1         x2         y2  area2          x3         y3  area3          x4         y4  area4          x5         y5  area5
range  350.174641  11.243306  115.0  185.63113  10.732406   84.0  346.056847  28.149855  134.0  185.156784  19.934457  127.0  350.243268  44.522492   78.0
FAILURE!!!! Some beads might have been misidentified
               x1         y1  area1          x2         y2  area2          x3        y3  area3         x4        y4  area4          x5         y5  area5
range  350.127353  11.296784  115.0  185.579634  10.733866   84.0  346.001938  28.08722  128.0  185.12253  19.89714  117.0  350.240897  44.550228   78.0
FAILURE!!!! Some beads might have been misidentified
               x1         y1  area1          x2         y2  area2          x3         y3  area3          x4         y4  area4          x5        y5  area5
range  350.253989  11.234481  115.0  185.588326  10.714169   85.0  345.981667  28.024107  134.0  185.066153  19.894256  125.0  350.274602  44.49191   77.0
FAILURE!!!! Some beads might have been misidentified
               x1         y1  area1          x2         y2  area2          x3         y3  area3          x4         y4  area4          x5         y5  area5
range  350.209018  11.319725  118.0  185.544619  10.728092   76.0  346.014689  28.164962  126.0  185.126555  19.889953  115.0  350.213142  44.576669   73.0
FAILURE!!!! Some beads might have been misidentified
              x1         y1  area1          x2         y2  area2          x3         y3  area3          x4         y4  area4          x5         y5  area5
range  350.24241  11.247908  111.0  185.554877  10.709387   88.0  346.057358  28.147695  128.0  185.098041  19.893087  128.0  350.187211  44.525233   78.0
FAILURE!!!! Some beads might have been misidentified
               x1         y1  area1          x2         y2  area2          x3         y3  area3          x4         y4  area4          x5         y5  area5
range  350.252496  11.196677  120.0  185.551507  10.719903   80.0  346.066768  28.142935  127.0  185.128914  19.920318  116.0  350.210744  44.483329   77.0
FAILURE!!!! Some beads might have been misidentified
              x1         y1  area1          x2         y2  area2          x3         y3  area3          x4         y4  area4          x5         y5  area5
range  350.24241  11.294113  113.0  185.610926  10.740949   86.0  346.046338  28.128121  133.0  185.113429  19.906777  127.0  350.137214  44.567773   77.0
FAILURE!!!! Some beads might have been misidentified
               x1         y1  area1          x2         y2  area2          x3         y3  area3          x4         y4  area4          x5         y5  area5
range  350.272669  11.219558  107.0  185.552042  10.722967   87.0  346.077819  28.111584  127.0  185.107845  19.911159  129.0  350.181208  44.551878   75.0
FAILURE!!!! Some beads might have been misidentified
               x1         y1  area1          x2         y2  area2          x3        y3  area3          x4         y4  area4          x5         y5  area5
range  350.238279  11.205337  107.0  185.476151  10.705135   85.0  346.039358  28.09612  132.0  185.272066  19.881475  126.0  350.187211  44.596609   76.0
FAILURE!!!! Some beads might have been misidentified
               x1         y1  area1          x2         y2  area2          x3         y3  area3          x4         y4  area4          x5         y5  area5
range  350.259144  11.302341  124.0  185.714232  10.723655   83.0  346.087603  28.141147  129.0  185.006066  19.914688  117.0  350.146663  44.485783   79.0
FAILURE!!!! Some beads might have been misidentified
               x1         y1  area1          x2         y2  area2          x3         y3  area3          x4         y4  area4          x5         y5  area5
range  350.433235  11.294148  103.0  185.588496  10.707425   87.0  345.842742  28.169557  135.0  185.053508  19.959555  129.0  350.463387  44.529136   77.0
FAILURE!!!! Some beads might have been misidentified
               x1         y1  area1          x2         y2  area2          x3       y3  area3          x4         y4  area4          x5         y5  area5
range  349.868759  11.239668  122.0  185.539459  10.766499   82.0  346.216043  28.1381  125.0  185.212756  19.865661  118.0  350.020778  44.509839   76.0
FAILURE!!!! Some beads might have been misidentified
Residual vector length: 180, Jacobian shape: (180, 6)
view   0 | SOD= 556.922 mm | SDD= 802.742 mm | M= 1.441 | incident=4.7367°
[[ 239.05264    -500.98987     -45.005257  ]
 [-110.73626     218.60497      19.994743  ]
 [   0.13559134    0.06320716    0.        ]
 [   0.            0.            0.1496    ]]
              x1         y1  area1          x2         y2  area2          x3         y3  area3          x4         y4  area4          x5         y5  area5
range  350.24241  11.247908  112.0  185.552042  10.709387   86.0  346.056984  28.147695  128.0  185.107845  19.923583  128.0  350.201295  44.519017   77.0
FAILURE!!!! Some beads might have been misidentified

iter 50 cost=0.736292 -> 0.742136 |dtheta|=1.347851e-05  lambda=1.000e+06

============================================================
Iteration 51
============================================================
Theta offsets (Unity frame):
  Source   : dSx=   0.000, dSy=   0.000, dSz=   0.000  (mm)
  Object   : dOx= -17.998, dOy=  -8.005, dOz= -24.929  (mm)
  Object offset: offset_x=   0.003, offset_z=   0.007  (mm)
  Detector : dDx=   0.000, dDy=   0.000, dDz=   0.000  (mm)
  Obj Stage rotY :   24.993 deg
============================================================

Unity geometry (world coordinates):
  Source   : x=   5.000, y=  60.000, z=   0.000
  Object   : x=   0.002, y=  14.995, z= 555.071
  Detector : x=  -8.000, y=  -5.000, z= 800.000
  Obj rotY :   0.0000 deg
view   0 | SOD= 556.922 mm | SDD= 802.742 mm | M= 1.441 | incident=4.7367°
[[ 239.05266    -500.98987     -45.00527   ]
 [-110.736275    218.60495      19.994732  ]
 [   0.13559134    0.06320717    0.        ]
 [   0.            0.            0.1496    ]]
              x1         y1  area1          x2         y2  area2          x3         y3  area3          x4         y4  area4          x5         y5  area5
range  350.24241  11.247908  112.0  185.552042  10.709387   86.0  346.056984  28.147695  127.0  185.107845  19.923583  128.0  350.201295  44.519017   77.0
FAILURE!!!! Some beads might have been misidentified
               x1         y1  area1         x2         y2  area2          x3         y3  area3          x4         y4  area4          x5         y5  area5
range  350.174641  11.243306  115.0  185.63113  10.732406   84.0  346.056847  28.149855  134.0  185.156784  19.934457  127.0  350.243268  44.522492   78.0
FAILURE!!!! Some beads might have been misidentified
               x1         y1  area1          x2         y2  area2          x3        y3  area3         x4        y4  area4          x5         y5  area5
range  350.127353  11.296784  115.0  185.579634  10.733866   84.0  346.001938  28.08722  128.0  185.12253  19.89714  117.0  350.240897  44.550228   78.0
FAILURE!!!! Some beads might have been misidentified
               x1         y1  area1          x2         y2  area2          x3         y3  area3          x4         y4  area4          x5        y5  area5
range  350.253989  11.234481  115.0  185.588326  10.714169   85.0  345.981667  28.024107  134.0  185.066153  19.894256  125.0  350.274602  44.49191   77.0
FAILURE!!!! Some beads might have been misidentified
               x1         y1  area1          x2         y2  area2          x3         y3  area3          x4         y4  area4          x5         y5  area5
range  350.209018  11.319725  118.0  185.544619  10.728092   76.0  346.014689  28.164962  126.0  185.126555  19.889953  115.0  350.213142  44.576669   73.0
FAILURE!!!! Some beads might have been misidentified
              x1         y1  area1          x2         y2  area2          x3         y3  area3          x4         y4  area4          x5         y5  area5
range  350.24241  11.247908  111.0  185.554877  10.709387   88.0  346.057358  28.147695  128.0  185.098041  19.893087  128.0  350.187211  44.525233   78.0
FAILURE!!!! Some beads might have been misidentified
               x1         y1  area1          x2         y2  area2          x3         y3  area3          x4         y4  area4          x5         y5  area5
range  350.252496  11.196677  120.0  185.551507  10.719903   80.0  346.066768  28.142935  127.0  185.128914  19.920318  116.0  350.210744  44.483329   77.0
FAILURE!!!! Some beads might have been misidentified
              x1         y1  area1          x2         y2  area2          x3         y3  area3          x4         y4  area4          x5         y5  area5
range  350.24241  11.294113  113.0  185.610926  10.740949   86.0  346.046338  28.128121  133.0  185.113429  19.906777  127.0  350.137214  44.567773   77.0
FAILURE!!!! Some beads might have been misidentified
               x1         y1  area1          x2         y2  area2          x3         y3  area3          x4         y4  area4          x5         y5  area5
range  350.272669  11.219558  107.0  185.552042  10.722967   87.0  346.077819  28.111584  127.0  185.107845  19.911159  129.0  350.181208  44.551878   75.0
FAILURE!!!! Some beads might have been misidentified
               x1         y1  area1          x2         y2  area2          x3        y3  area3          x4         y4  area4          x5         y5  area5
range  350.238279  11.205337  107.0  185.476151  10.705135   85.0  346.039358  28.09612  132.0  185.272066  19.881475  126.0  350.187211  44.596609   76.0
FAILURE!!!! Some beads might have been misidentified
               x1         y1  area1          x2         y2  area2          x3         y3  area3          x4         y4  area4          x5         y5  area5
range  350.259144  11.302341  124.0  185.714232  10.723655   83.0  346.087603  28.141147  129.0  185.006066  19.914688  117.0  350.146663  44.485783   79.0
FAILURE!!!! Some beads might have been misidentified
               x1         y1  area1          x2         y2  area2          x3         y3  area3          x4         y4  area4          x5         y5  area5
range  350.433235  11.294148  103.0  185.588496  10.707425   87.0  345.842742  28.169557  135.0  185.053508  19.959555  129.0  350.463387  44.529136   77.0
FAILURE!!!! Some beads might have been misidentified
               x1         y1  area1          x2         y2  area2          x3       y3  area3          x4         y4  area4          x5         y5  area5
range  349.868759  11.239668  122.0  185.539459  10.766499   82.0  346.216043  28.1381  125.0  185.212756  19.865661  118.0  350.020778  44.509839   76.0
FAILURE!!!! Some beads might have been misidentified
Residual vector length: 180, Jacobian shape: (180, 6)
view   0 | SOD= 556.922 mm | SDD= 802.742 mm | M= 1.441 | incident=4.7367°
[[ 239.05264    -500.98987     -45.005257  ]
 [-110.73626     218.60497      19.994743  ]
 [   0.13559134    0.06320716    0.        ]
 [   0.            0.            0.1496    ]]
              x1         y1  area1          x2         y2  area2          x3         y3  area3          x4         y4  area4          x5         y5  area5
range  350.24241  11.247908  112.0  185.552042  10.709387   86.0  346.056984  28.147695  128.0  185.107845  19.923583  128.0  350.201295  44.519017   77.0
FAILURE!!!! Some beads might have been misidentified

iter 51 cost=0.736292 -> 0.742136 |dtheta|=1.347851e-05  lambda=1.000e+06

============================================================
Iteration 52
============================================================
Theta offsets (Unity frame):
  Source   : dSx=   0.000, dSy=   0.000, dSz=   0.000  (mm)
  Object   : dOx= -17.998, dOy=  -8.005, dOz= -24.929  (mm)
  Object offset: offset_x=   0.003, offset_z=   0.007  (mm)
  Detector : dDx=   0.000, dDy=   0.000, dDz=   0.000  (mm)
  Obj Stage rotY :   24.993 deg
============================================================

Unity geometry (world coordinates):
  Source   : x=   5.000, y=  60.000, z=   0.000
  Object   : x=   0.002, y=  14.995, z= 555.071
  Detector : x=  -8.000, y=  -5.000, z= 800.000
  Obj rotY :   0.0000 deg
view   0 | SOD= 556.922 mm | SDD= 802.742 mm | M= 1.441 | incident=4.7367°
[[ 239.05266    -500.98987     -45.00527   ]
 [-110.736275    218.60495      19.994732  ]
 [   0.13559134    0.06320717    0.        ]
 [   0.            0.            0.1496    ]]
              x1         y1  area1          x2         y2  area2          x3         y3  area3          x4         y4  area4          x5         y5  area5
range  350.24241  11.247908  112.0  185.552042  10.709387   86.0  346.056984  28.147695  127.0  185.107845  19.923583  128.0  350.201295  44.519017   77.0
FAILURE!!!! Some beads might have been misidentified
               x1         y1  area1         x2         y2  area2          x3         y3  area3          x4         y4  area4          x5         y5  area5
range  350.174641  11.243306  115.0  185.63113  10.732406   84.0  346.056847  28.149855  134.0  185.156784  19.934457  127.0  350.243268  44.522492   78.0
FAILURE!!!! Some beads might have been misidentified
               x1         y1  area1          x2         y2  area2          x3        y3  area3         x4        y4  area4          x5         y5  area5
range  350.127353  11.296784  115.0  185.579634  10.733866   84.0  346.001938  28.08722  128.0  185.12253  19.89714  117.0  350.240897  44.550228   78.0
FAILURE!!!! Some beads might have been misidentified
               x1         y1  area1          x2         y2  area2          x3         y3  area3          x4         y4  area4          x5        y5  area5
range  350.253989  11.234481  115.0  185.588326  10.714169   85.0  345.981667  28.024107  134.0  185.066153  19.894256  125.0  350.274602  44.49191   77.0
FAILURE!!!! Some beads might have been misidentified
               x1         y1  area1          x2         y2  area2          x3         y3  area3          x4         y4  area4          x5         y5  area5
range  350.209018  11.319725  118.0  185.544619  10.728092   76.0  346.014689  28.164962  126.0  185.126555  19.889953  115.0  350.213142  44.576669   73.0
FAILURE!!!! Some beads might have been misidentified
              x1         y1  area1          x2         y2  area2          x3         y3  area3          x4         y4  area4          x5         y5  area5
range  350.24241  11.247908  111.0  185.554877  10.709387   88.0  346.057358  28.147695  128.0  185.098041  19.893087  128.0  350.187211  44.525233   78.0
FAILURE!!!! Some beads might have been misidentified
               x1         y1  area1          x2         y2  area2          x3         y3  area3          x4         y4  area4          x5         y5  area5
range  350.252496  11.196677  120.0  185.551507  10.719903   80.0  346.066768  28.142935  127.0  185.128914  19.920318  116.0  350.210744  44.483329   77.0
FAILURE!!!! Some beads might have been misidentified
              x1         y1  area1          x2         y2  area2          x3         y3  area3          x4         y4  area4          x5         y5  area5
range  350.24241  11.294113  113.0  185.610926  10.740949   86.0  346.046338  28.128121  133.0  185.113429  19.906777  127.0  350.137214  44.567773   77.0
FAILURE!!!! Some beads might have been misidentified
               x1         y1  area1          x2         y2  area2          x3         y3  area3          x4         y4  area4          x5         y5  area5
range  350.272669  11.219558  107.0  185.552042  10.722967   87.0  346.077819  28.111584  127.0  185.107845  19.911159  129.0  350.181208  44.551878   75.0
FAILURE!!!! Some beads might have been misidentified
               x1         y1  area1          x2         y2  area2          x3        y3  area3          x4         y4  area4          x5         y5  area5
range  350.238279  11.205337  107.0  185.476151  10.705135   85.0  346.039358  28.09612  132.0  185.272066  19.881475  126.0  350.187211  44.596609   76.0
FAILURE!!!! Some beads might have been misidentified
               x1         y1  area1          x2         y2  area2          x3         y3  area3          x4         y4  area4          x5         y5  area5
range  350.259144  11.302341  124.0  185.714232  10.723655   83.0  346.087603  28.141147  129.0  185.006066  19.914688  117.0  350.146663  44.485783   79.0
FAILURE!!!! Some beads might have been misidentified
               x1         y1  area1          x2         y2  area2          x3         y3  area3          x4         y4  area4          x5         y5  area5
range  350.433235  11.294148  103.0  185.588496  10.707425   87.0  345.842742  28.169557  135.0  185.053508  19.959555  129.0  350.463387  44.529136   77.0
FAILURE!!!! Some beads might have been misidentified
               x1         y1  area1          x2         y2  area2          x3       y3  area3          x4         y4  area4          x5         y5  area5
range  349.868759  11.239668  122.0  185.539459  10.766499   82.0  346.216043  28.1381  125.0  185.212756  19.865661  118.0  350.020778  44.509839   76.0
FAILURE!!!! Some beads might have been misidentified
Residual vector length: 180, Jacobian shape: (180, 6)
view   0 | SOD= 556.922 mm | SDD= 802.742 mm | M= 1.441 | incident=4.7367°
[[ 239.05264    -500.98987     -45.005257  ]
 [-110.73626     218.60497      19.994743  ]
 [   0.13559134    0.06320716    0.        ]
 [   0.            0.            0.1496    ]]
              x1         y1  area1          x2         y2  area2          x3         y3  area3          x4         y4  area4          x5         y5  area5
range  350.24241  11.247908  112.0  185.552042  10.709387   86.0  346.056984  28.147695  128.0  185.107845  19.923583  128.0  350.201295  44.519017   77.0
FAILURE!!!! Some beads might have been misidentified

iter 52 cost=0.736292 -> 0.742136 |dtheta|=1.347851e-05  lambda=1.000e+06

============================================================
Iteration 53
============================================================
Theta offsets (Unity frame):
  Source   : dSx=   0.000, dSy=   0.000, dSz=   0.000  (mm)
  Object   : dOx= -17.998, dOy=  -8.005, dOz= -24.929  (mm)
  Object offset: offset_x=   0.003, offset_z=   0.007  (mm)
  Detector : dDx=   0.000, dDy=   0.000, dDz=   0.000  (mm)
  Obj Stage rotY :   24.993 deg
============================================================

Unity geometry (world coordinates):
  Source   : x=   5.000, y=  60.000, z=   0.000
  Object   : x=   0.002, y=  14.995, z= 555.071
  Detector : x=  -8.000, y=  -5.000, z= 800.000
  Obj rotY :   0.0000 deg
view   0 | SOD= 556.922 mm | SDD= 802.742 mm | M= 1.441 | incident=4.7367°
[[ 239.05266    -500.98987     -45.00527   ]
 [-110.736275    218.60495      19.994732  ]
 [   0.13559134    0.06320717    0.        ]
 [   0.            0.            0.1496    ]]
              x1         y1  area1          x2         y2  area2          x3         y3  area3          x4         y4  area4          x5         y5  area5
range  350.24241  11.247908  112.0  185.552042  10.709387   86.0  346.056984  28.147695  127.0  185.107845  19.923583  128.0  350.201295  44.519017   77.0
FAILURE!!!! Some beads might have been misidentified
               x1         y1  area1         x2         y2  area2          x3         y3  area3          x4         y4  area4          x5         y5  area5
range  350.174641  11.243306  115.0  185.63113  10.732406   84.0  346.056847  28.149855  134.0  185.156784  19.934457  127.0  350.243268  44.522492   78.0
FAILURE!!!! Some beads might have been misidentified
               x1         y1  area1          x2         y2  area2          x3        y3  area3         x4        y4  area4          x5         y5  area5
range  350.127353  11.296784  115.0  185.579634  10.733866   84.0  346.001938  28.08722  128.0  185.12253  19.89714  117.0  350.240897  44.550228   78.0
FAILURE!!!! Some beads might have been misidentified
               x1         y1  area1          x2         y2  area2          x3         y3  area3          x4         y4  area4          x5        y5  area5
range  350.253989  11.234481  115.0  185.588326  10.714169   85.0  345.981667  28.024107  134.0  185.066153  19.894256  125.0  350.274602  44.49191   77.0
FAILURE!!!! Some beads might have been misidentified
               x1         y1  area1          x2         y2  area2          x3         y3  area3          x4         y4  area4          x5         y5  area5
range  350.209018  11.319725  118.0  185.544619  10.728092   76.0  346.014689  28.164962  126.0  185.126555  19.889953  115.0  350.213142  44.576669   73.0
FAILURE!!!! Some beads might have been misidentified
              x1         y1  area1          x2         y2  area2          x3         y3  area3          x4         y4  area4          x5         y5  area5
range  350.24241  11.247908  111.0  185.554877  10.709387   88.0  346.057358  28.147695  128.0  185.098041  19.893087  128.0  350.187211  44.525233   78.0
FAILURE!!!! Some beads might have been misidentified
               x1         y1  area1          x2         y2  area2          x3         y3  area3          x4         y4  area4          x5         y5  area5
range  350.252496  11.196677  120.0  185.551507  10.719903   80.0  346.066768  28.142935  127.0  185.128914  19.920318  116.0  350.210744  44.483329   77.0
FAILURE!!!! Some beads might have been misidentified
              x1         y1  area1          x2         y2  area2          x3         y3  area3          x4         y4  area4          x5         y5  area5
range  350.24241  11.294113  113.0  185.610926  10.740949   86.0  346.046338  28.128121  133.0  185.113429  19.906777  127.0  350.137214  44.567773   77.0
FAILURE!!!! Some beads might have been misidentified
               x1         y1  area1          x2         y2  area2          x3         y3  area3          x4         y4  area4          x5         y5  area5
range  350.272669  11.219558  107.0  185.552042  10.722967   87.0  346.077819  28.111584  127.0  185.107845  19.911159  129.0  350.181208  44.551878   75.0
FAILURE!!!! Some beads might have been misidentified
               x1         y1  area1          x2         y2  area2          x3        y3  area3          x4         y4  area4          x5         y5  area5
range  350.238279  11.205337  107.0  185.476151  10.705135   85.0  346.039358  28.09612  132.0  185.272066  19.881475  126.0  350.187211  44.596609   76.0
FAILURE!!!! Some beads might have been misidentified
               x1         y1  area1          x2         y2  area2          x3         y3  area3          x4         y4  area4          x5         y5  area5
range  350.259144  11.302341  124.0  185.714232  10.723655   83.0  346.087603  28.141147  129.0  185.006066  19.914688  117.0  350.146663  44.485783   79.0
FAILURE!!!! Some beads might have been misidentified
               x1         y1  area1          x2         y2  area2          x3         y3  area3          x4         y4  area4          x5         y5  area5
range  350.433235  11.294148  103.0  185.588496  10.707425   87.0  345.842742  28.169557  135.0  185.053508  19.959555  129.0  350.463387  44.529136   77.0
FAILURE!!!! Some beads might have been misidentified
               x1         y1  area1          x2         y2  area2          x3       y3  area3          x4         y4  area4          x5         y5  area5
range  349.868759  11.239668  122.0  185.539459  10.766499   82.0  346.216043  28.1381  125.0  185.212756  19.865661  118.0  350.020778  44.509839   76.0
FAILURE!!!! Some beads might have been misidentified
Residual vector length: 180, Jacobian shape: (180, 6)
view   0 | SOD= 556.922 mm | SDD= 802.742 mm | M= 1.441 | incident=4.7367°
[[ 239.05264    -500.98987     -45.005257  ]
 [-110.73626     218.60497      19.994743  ]
 [   0.13559134    0.06320716    0.        ]
 [   0.            0.            0.1496    ]]
              x1         y1  area1          x2         y2  area2          x3         y3  area3          x4         y4  area4          x5         y5  area5
range  350.24241  11.247908  112.0  185.552042  10.709387   86.0  346.056984  28.147695  128.0  185.107845  19.923583  128.0  350.201295  44.519017   77.0
FAILURE!!!! Some beads might have been misidentified

iter 53 cost=0.736292 -> 0.742136 |dtheta|=1.347851e-05  lambda=1.000e+06

============================================================
Iteration 54
============================================================
Theta offsets (Unity frame):
  Source   : dSx=   0.000, dSy=   0.000, dSz=   0.000  (mm)
  Object   : dOx= -17.998, dOy=  -8.005, dOz= -24.929  (mm)
  Object offset: offset_x=   0.003, offset_z=   0.007  (mm)
  Detector : dDx=   0.000, dDy=   0.000, dDz=   0.000  (mm)
  Obj Stage rotY :   24.993 deg
============================================================

Unity geometry (world coordinates):
  Source   : x=   5.000, y=  60.000, z=   0.000
  Object   : x=   0.002, y=  14.995, z= 555.071
  Detector : x=  -8.000, y=  -5.000, z= 800.000
  Obj rotY :   0.0000 deg
view   0 | SOD= 556.922 mm | SDD= 802.742 mm | M= 1.441 | incident=4.7367°
[[ 239.05266    -500.98987     -45.00527   ]
 [-110.736275    218.60495      19.994732  ]
 [   0.13559134    0.06320717    0.        ]
 [   0.            0.            0.1496    ]]
              x1         y1  area1          x2         y2  area2          x3         y3  area3          x4         y4  area4          x5         y5  area5
range  350.24241  11.247908  112.0  185.552042  10.709387   86.0  346.056984  28.147695  127.0  185.107845  19.923583  128.0  350.201295  44.519017   77.0
FAILURE!!!! Some beads might have been misidentified
               x1         y1  area1         x2         y2  area2          x3         y3  area3          x4         y4  area4          x5         y5  area5
range  350.174641  11.243306  115.0  185.63113  10.732406   84.0  346.056847  28.149855  134.0  185.156784  19.934457  127.0  350.243268  44.522492   78.0
FAILURE!!!! Some beads might have been misidentified
               x1         y1  area1          x2         y2  area2          x3        y3  area3         x4        y4  area4          x5         y5  area5
range  350.127353  11.296784  115.0  185.579634  10.733866   84.0  346.001938  28.08722  128.0  185.12253  19.89714  117.0  350.240897  44.550228   78.0
FAILURE!!!! Some beads might have been misidentified
               x1         y1  area1          x2         y2  area2          x3         y3  area3          x4         y4  area4          x5        y5  area5
range  350.253989  11.234481  115.0  185.588326  10.714169   85.0  345.981667  28.024107  134.0  185.066153  19.894256  125.0  350.274602  44.49191   77.0
FAILURE!!!! Some beads might have been misidentified
               x1         y1  area1          x2         y2  area2          x3         y3  area3          x4         y4  area4          x5         y5  area5
range  350.209018  11.319725  118.0  185.544619  10.728092   76.0  346.014689  28.164962  126.0  185.126555  19.889953  115.0  350.213142  44.576669   73.0
FAILURE!!!! Some beads might have been misidentified
              x1         y1  area1          x2         y2  area2          x3         y3  area3          x4         y4  area4          x5         y5  area5
range  350.24241  11.247908  111.0  185.554877  10.709387   88.0  346.057358  28.147695  128.0  185.098041  19.893087  128.0  350.187211  44.525233   78.0
FAILURE!!!! Some beads might have been misidentified
               x1         y1  area1          x2         y2  area2          x3         y3  area3          x4         y4  area4          x5         y5  area5
range  350.252496  11.196677  120.0  185.551507  10.719903   80.0  346.066768  28.142935  127.0  185.128914  19.920318  116.0  350.210744  44.483329   77.0
FAILURE!!!! Some beads might have been misidentified
              x1         y1  area1          x2         y2  area2          x3         y3  area3          x4         y4  area4          x5         y5  area5
range  350.24241  11.294113  113.0  185.610926  10.740949   86.0  346.046338  28.128121  133.0  185.113429  19.906777  127.0  350.137214  44.567773   77.0
FAILURE!!!! Some beads might have been misidentified
               x1         y1  area1          x2         y2  area2          x3         y3  area3          x4         y4  area4          x5         y5  area5
range  350.272669  11.219558  107.0  185.552042  10.722967   87.0  346.077819  28.111584  127.0  185.107845  19.911159  129.0  350.181208  44.551878   75.0
FAILURE!!!! Some beads might have been misidentified
               x1         y1  area1          x2         y2  area2          x3        y3  area3          x4         y4  area4          x5         y5  area5
range  350.238279  11.205337  107.0  185.476151  10.705135   85.0  346.039358  28.09612  132.0  185.272066  19.881475  126.0  350.187211  44.596609   76.0
FAILURE!!!! Some beads might have been misidentified
               x1         y1  area1          x2         y2  area2          x3         y3  area3          x4         y4  area4          x5         y5  area5
range  350.259144  11.302341  124.0  185.714232  10.723655   83.0  346.087603  28.141147  129.0  185.006066  19.914688  117.0  350.146663  44.485783   79.0
FAILURE!!!! Some beads might have been misidentified
               x1         y1  area1          x2         y2  area2          x3         y3  area3          x4         y4  area4          x5         y5  area5
range  350.433235  11.294148  103.0  185.588496  10.707425   87.0  345.842742  28.169557  135.0  185.053508  19.959555  129.0  350.463387  44.529136   77.0
FAILURE!!!! Some beads might have been misidentified
               x1         y1  area1          x2         y2  area2          x3       y3  area3          x4         y4  area4          x5         y5  area5
range  349.868759  11.239668  122.0  185.539459  10.766499   82.0  346.216043  28.1381  125.0  185.212756  19.865661  118.0  350.020778  44.509839   76.0
FAILURE!!!! Some beads might have been misidentified
Residual vector length: 180, Jacobian shape: (180, 6)
view   0 | SOD= 556.922 mm | SDD= 802.742 mm | M= 1.441 | incident=4.7367°
[[ 239.05264    -500.98987     -45.005257  ]
 [-110.73626     218.60497      19.994743  ]
 [   0.13559134    0.06320716    0.        ]
 [   0.            0.            0.1496    ]]
              x1         y1  area1          x2         y2  area2          x3         y3  area3          x4         y4  area4          x5         y5  area5
range  350.24241  11.247908  112.0  185.552042  10.709387   86.0  346.056984  28.147695  128.0  185.107845  19.923583  128.0  350.201295  44.519017   77.0
FAILURE!!!! Some beads might have been misidentified

iter 54 cost=0.736292 -> 0.742136 |dtheta|=1.347851e-05  lambda=1.000e+06

============================================================
Iteration 55
============================================================
Theta offsets (Unity frame):
  Source   : dSx=   0.000, dSy=   0.000, dSz=   0.000  (mm)
  Object   : dOx= -17.998, dOy=  -8.005, dOz= -24.929  (mm)
  Object offset: offset_x=   0.003, offset_z=   0.007  (mm)
  Detector : dDx=   0.000, dDy=   0.000, dDz=   0.000  (mm)
  Obj Stage rotY :   24.993 deg
============================================================

Unity geometry (world coordinates):
  Source   : x=   5.000, y=  60.000, z=   0.000
  Object   : x=   0.002, y=  14.995, z= 555.071
  Detector : x=  -8.000, y=  -5.000, z= 800.000
  Obj rotY :   0.0000 deg
view   0 | SOD= 556.922 mm | SDD= 802.742 mm | M= 1.441 | incident=4.7367°
[[ 239.05266    -500.98987     -45.00527   ]
 [-110.736275    218.60495      19.994732  ]
 [   0.13559134    0.06320717    0.        ]
 [   0.            0.            0.1496    ]]
              x1         y1  area1          x2         y2  area2          x3         y3  area3          x4         y4  area4          x5         y5  area5
range  350.24241  11.247908  112.0  185.552042  10.709387   86.0  346.056984  28.147695  127.0  185.107845  19.923583  128.0  350.201295  44.519017   77.0
FAILURE!!!! Some beads might have been misidentified
               x1         y1  area1         x2         y2  area2          x3         y3  area3          x4         y4  area4          x5         y5  area5
range  350.174641  11.243306  115.0  185.63113  10.732406   84.0  346.056847  28.149855  134.0  185.156784  19.934457  127.0  350.243268  44.522492   78.0
FAILURE!!!! Some beads might have been misidentified
               x1         y1  area1          x2         y2  area2          x3        y3  area3         x4        y4  area4          x5         y5  area5
range  350.127353  11.296784  115.0  185.579634  10.733866   84.0  346.001938  28.08722  128.0  185.12253  19.89714  117.0  350.240897  44.550228   78.0
FAILURE!!!! Some beads might have been misidentified
               x1         y1  area1          x2         y2  area2          x3         y3  area3          x4         y4  area4          x5        y5  area5
range  350.253989  11.234481  115.0  185.588326  10.714169   85.0  345.981667  28.024107  134.0  185.066153  19.894256  125.0  350.274602  44.49191   77.0
FAILURE!!!! Some beads might have been misidentified
               x1         y1  area1          x2         y2  area2          x3         y3  area3          x4         y4  area4          x5         y5  area5
range  350.209018  11.319725  118.0  185.544619  10.728092   76.0  346.014689  28.164962  126.0  185.126555  19.889953  115.0  350.213142  44.576669   73.0
FAILURE!!!! Some beads might have been misidentified
              x1         y1  area1          x2         y2  area2          x3         y3  area3          x4         y4  area4          x5         y5  area5
range  350.24241  11.247908  111.0  185.554877  10.709387   88.0  346.057358  28.147695  128.0  185.098041  19.893087  128.0  350.187211  44.525233   78.0
FAILURE!!!! Some beads might have been misidentified
               x1         y1  area1          x2         y2  area2          x3         y3  area3          x4         y4  area4          x5         y5  area5
range  350.252496  11.196677  120.0  185.551507  10.719903   80.0  346.066768  28.142935  127.0  185.128914  19.920318  116.0  350.210744  44.483329   77.0
FAILURE!!!! Some beads might have been misidentified
              x1         y1  area1          x2         y2  area2          x3         y3  area3          x4         y4  area4          x5         y5  area5
range  350.24241  11.294113  113.0  185.610926  10.740949   86.0  346.046338  28.128121  133.0  185.113429  19.906777  127.0  350.137214  44.567773   77.0
FAILURE!!!! Some beads might have been misidentified
               x1         y1  area1          x2         y2  area2          x3         y3  area3          x4         y4  area4          x5         y5  area5
range  350.272669  11.219558  107.0  185.552042  10.722967   87.0  346.077819  28.111584  127.0  185.107845  19.911159  129.0  350.181208  44.551878   75.0
FAILURE!!!! Some beads might have been misidentified
               x1         y1  area1          x2         y2  area2          x3        y3  area3          x4         y4  area4          x5         y5  area5
range  350.238279  11.205337  107.0  185.476151  10.705135   85.0  346.039358  28.09612  132.0  185.272066  19.881475  126.0  350.187211  44.596609   76.0
FAILURE!!!! Some beads might have been misidentified
               x1         y1  area1          x2         y2  area2          x3         y3  area3          x4         y4  area4          x5         y5  area5
range  350.259144  11.302341  124.0  185.714232  10.723655   83.0  346.087603  28.141147  129.0  185.006066  19.914688  117.0  350.146663  44.485783   79.0
FAILURE!!!! Some beads might have been misidentified
               x1         y1  area1          x2         y2  area2          x3         y3  area3          x4         y4  area4          x5         y5  area5
range  350.433235  11.294148  103.0  185.588496  10.707425   87.0  345.842742  28.169557  135.0  185.053508  19.959555  129.0  350.463387  44.529136   77.0
FAILURE!!!! Some beads might have been misidentified
               x1         y1  area1          x2         y2  area2          x3       y3  area3          x4         y4  area4          x5         y5  area5
range  349.868759  11.239668  122.0  185.539459  10.766499   82.0  346.216043  28.1381  125.0  185.212756  19.865661  118.0  350.020778  44.509839   76.0
FAILURE!!!! Some beads might have been misidentified
Residual vector length: 180, Jacobian shape: (180, 6)
view   0 | SOD= 556.922 mm | SDD= 802.742 mm | M= 1.441 | incident=4.7367°
[[ 239.05264    -500.98987     -45.005257  ]
 [-110.73626     218.60497      19.994743  ]
 [   0.13559134    0.06320716    0.        ]
 [   0.            0.            0.1496    ]]
              x1         y1  area1          x2         y2  area2          x3         y3  area3          x4         y4  area4          x5         y5  area5
range  350.24241  11.247908  112.0  185.552042  10.709387   86.0  346.056984  28.147695  128.0  185.107845  19.923583  128.0  350.201295  44.519017   77.0
FAILURE!!!! Some beads might have been misidentified

iter 55 cost=0.736292 -> 0.742136 |dtheta|=1.347851e-05  lambda=1.000e+06
Stalled.

Estimated theta:
  dSx: +0.000000
  dSy: +0.000000
  dOx: -17.998107
  dOy: -8.005267
  dOz: -24.929078
  dDx: +0.000000
  dDy: +0.000000
  dDz: +0.000000
alpha: +2.499302e+01 deg)
offset_x: +0.002650
offset_z: +0.007489

Final cost table:
Fake theta: [  0.   0. -18.  -8. -25.   0.   0.   0.  25.   0.   0.]
Final estimated theta: [  0.           0.         -17.99810707  -8.00526698 -24.9290781
   0.           0.           0.          24.99301858   0.00264983
   0.00748944]
Diff from Expected: [ 0.          0.          0.00189293 -0.00526698  0.0709219   0.
  0.          0.         -0.00698142  0.00264983  0.00748944]
################################################################################

