Phantom already exists, skipping: cuboid_phantom_4_normal.npy

################################################################################
Running cuboid=normal scenario=G2 N_ANGLES=15, K=4
view   0 | SOD= 560.647 mm | SDD= 761.018 mm | M= 1.357 | incident=2.9645°
[[ 135.2794     -543.50665     -25.        ]
 [ -44.036404    195.25572      10.        ]
 [   0.1445025     0.03871933    0.        ]
 [   0.            0.            0.1496    ]]
               x1        y1  area1         x2        y2  area2          x3         y3  area3          x4         y4  area4
range  332.318424  1.273002  100.0  127.48843  3.580117   79.0  297.256884  18.219107  169.0  332.158342  30.496648   84.0
FAILURE!!!! Some beads might have been misidentified
           image          x1          y1  area1          x2          y2  area2          x3          y3  area3          x4          y4  area4
0   proj_000.png  473.111702  126.784574    752  388.916053  290.000000    679  540.167732  447.238019    626  473.104762  632.870748    735
1   proj_001.png  401.592339  126.700410    731  403.936858  289.303965    681  579.760383  450.095847    626  401.620358  632.463549    727
2   proj_002.png  338.866391  126.885675    726  426.267751  289.031065    676  597.628912  453.648286    671  338.790278  629.393056    720
3   proj_003.png  296.334734  127.184874    714  452.456845  288.936012    672  589.776371  457.496484    711  296.376404  624.001404    712
4   proj_004.png  281.096210  127.377551    686  477.927326  289.117733    688  556.474114  460.655313    734  281.148688  617.657434    686
5   proj_005.png  294.852584  127.603343    658  498.206993  289.634965    715  503.270481  462.819246    769  294.787106  611.392804    667
6   proj_006.png  334.018405  127.806748    652  509.802797  290.278322    715  439.749686  463.413836    795  334.019969  606.285714    651
7   proj_007.png  391.493353  127.973412    677  511.337001  291.056396    727  378.013123  462.202100    762  391.452555  603.127007    685
8   proj_008.png  457.945245  127.946686    694  501.223901  291.755495    728  329.120226  459.670438    707  457.979856  602.374101    695
9   proj_009.png  523.000000  127.886463    687  482.135819  292.291611    751  301.770423  456.264789    710  523.007225  604.052023    692
10  proj_010.png  576.047550  127.695965    694  456.848118  292.516129    744  300.372028  452.434965    715  576.051724  608.080460    696
11  proj_011.png  608.214085  127.533803    710  429.867568  292.429730    740  323.902616  448.981105    688  608.292717  613.679272    714
12  proj_012.png  613.414634  127.282640    697  406.209016  292.105191    732  368.049563  446.403790    686  613.307030  620.121951    697
13  proj_013.png  589.417266  127.018705    695  389.980365  291.507714    713  425.099561  445.194729    683  589.385387  626.226361    698
14  proj_014.png  539.612216  126.866477    704  383.848571  290.707143    700  485.642121  445.450663    679  539.555870  630.803395    707

============================================================
Iteration 0
============================================================
Theta offsets (Unity frame):
  Source   : dSx=   0.000, dSy=   0.000, dSz=   0.000  (mm)
  Object   : dOx=   0.000, dOy=   0.000, dOz=   0.000  (mm)
  Object offset: offset_x=   0.000, offset_z=   0.000  (mm)
  Detector : dDx=   0.000, dDy=   0.000, dDz=   0.000  (mm)
  Obj Stage rotY :    0.000 deg
============================================================

Unity geometry (world coordinates):
  Source   : x= -10.000, y=  55.000, z=   0.000
  Object   : x=  15.000, y=  42.000, z= 582.000
  Detector : x=   8.000, y=  20.000, z= 760.000
  Obj rotY :   0.0000 deg
view   0 | SOD= 582.682 mm | SDD= 761.018 mm | M= 1.306 | incident=2.9645°
[[ -25.     -582.      -13.    ]
 [  -7.      178.       22.    ]
 [   0.1496    0.        0.    ]
 [   0.        0.        0.1496]]
Residual vector length: 210, Jacobian shape: (210, 6)
view   0 | SOD= 585.441 mm | SDD= 761.018 mm | M= 1.300 | incident=2.9645°
[[  23.341793   -584.541       -22.552765  ]
 [  -3.282243    175.20576      12.447235  ]
 [   0.14934225    0.00877779    0.        ]
 [   0.            0.            0.1496    ]]

iter 00 cost=925579.797934 -> 68328.155925 |dtheta|=1.641992e+01  lambda=1.000e-02

============================================================
Iteration 1
============================================================
Theta offsets (Unity frame):
  Source   : dSx=   0.000, dSy=   0.000, dSz=   0.000  (mm)
  Object   : dOx= -12.653, dOy=  -9.553, dOz=   0.781  (mm)
  Object offset: offset_x=  -1.350, offset_z=   2.123  (mm)
  Detector : dDx=   0.000, dDy=   0.000, dDz=   0.000  (mm)
  Obj Stage rotY :    3.364 deg
============================================================

Unity geometry (world coordinates):
  Source   : x= -10.000, y=  55.000, z=   0.000
  Object   : x=   2.347, y=  32.447, z= 582.781
  Detector : x=   8.000, y=  20.000, z= 760.000
  Obj rotY :   0.0000 deg
view   0 | SOD= 585.441 mm | SDD= 761.018 mm | M= 1.300 | incident=2.9645°
[[  23.341793   -584.541       -22.552765  ]
 [  -3.282243    175.20576      12.447235  ]
 [   0.14934225    0.00877779    0.        ]
 [   0.            0.            0.1496    ]]
Residual vector length: 210, Jacobian shape: (210, 6)
view   0 | SOD= 578.429 mm | SDD= 761.018 mm | M= 1.316 | incident=2.9645°
[[  91.48875    -570.61804     -24.594292  ]
 [ -25.169565    180.5909       10.405708  ]
 [   0.14724308    0.0264506     0.        ]
 [   0.            0.            0.1496    ]]

iter 01 cost=68328.155925 -> 13831.143620 |dtheta|=9.437865e+00  lambda=3.333e-03

============================================================
Iteration 2
============================================================
Theta offsets (Unity frame):
  Source   : dSx=   0.000, dSy=   0.000, dSz=   0.000  (mm)
  Object   : dOx= -13.940, dOy= -11.594, dOz=  -5.033  (mm)
  Object offset: offset_x=  -0.217, offset_z=   0.837  (mm)
  Detector : dDx=   0.000, dDy=   0.000, dDz=   0.000  (mm)
  Obj Stage rotY :   10.184 deg
============================================================

Unity geometry (world coordinates):
  Source   : x= -10.000, y=  55.000, z=   0.000
  Object   : x=   1.060, y=  30.406, z= 576.967
  Detector : x=   8.000, y=  20.000, z= 760.000
  Obj rotY :   0.0000 deg
view   0 | SOD= 578.429 mm | SDD= 761.018 mm | M= 1.316 | incident=2.9645°
[[  91.48875    -570.61804     -24.594292  ]
 [ -25.169565    180.5909       10.405708  ]
 [   0.14724308    0.0264506     0.        ]
 [   0.            0.            0.1496    ]]
Residual vector length: 210, Jacobian shape: (210, 6)
view   0 | SOD= 573.855 mm | SDD= 761.018 mm | M= 1.326 | incident=2.9645°
[[ 117.381935   -561.1606      -25.105099  ]
 [ -33.617496    183.90533       9.894901  ]
 [   0.14587454    0.03317797    0.        ]
 [   0.            0.            0.1496    ]]

iter 02 cost=13831.143620 -> 4613.552231 |dtheta|=4.985853e+00  lambda=1.111e-03

============================================================
Iteration 3
============================================================
Theta offsets (Unity frame):
  Source   : dSx=   0.000, dSy=   0.000, dSz=   0.000  (mm)
  Object   : dOx= -14.612, dOy= -12.105, dOz=  -9.154  (mm)
  Object offset: offset_x=  -0.394, offset_z=   0.373  (mm)
  Detector : dDx=   0.000, dDy=   0.000, dDz=   0.000  (mm)
  Obj Stage rotY :   12.813 deg
============================================================

Unity geometry (world coordinates):
  Source   : x= -10.000, y=  55.000, z=   0.000
  Object   : x=   0.388, y=  29.895, z= 572.846
  Detector : x=   8.000, y=  20.000, z= 760.000
  Obj rotY :   0.0000 deg
view   0 | SOD= 573.855 mm | SDD= 761.018 mm | M= 1.326 | incident=2.9645°
[[ 117.381935   -561.1606      -25.105099  ]
 [ -33.617496    183.90533       9.894901  ]
 [   0.14587454    0.03317797    0.        ]
 [   0.            0.            0.1496    ]]
Residual vector length: 210, Jacobian shape: (210, 6)
view   0 | SOD= 570.833 mm | SDD= 761.018 mm | M= 1.333 | incident=2.9645°
[[ 131.28139    -554.9464      -25.48867   ]
 [ -39.26484     185.88959       9.51133   ]
 [   0.14495131    0.03700373    0.        ]
 [   0.            0.            0.1496    ]]

iter 03 cost=4613.552231 -> 2067.975014 |dtheta|=3.207253e+00  lambda=3.704e-04

============================================================
Iteration 4
============================================================
Theta offsets (Unity frame):
  Source   : dSx=   0.000, dSy=   0.000, dSz=   0.000  (mm)
  Object   : dOx= -14.859, dOy= -12.489, dOz= -11.916  (mm)
  Object offset: offset_x=  -0.077, offset_z=   0.090  (mm)
  Detector : dDx=   0.000, dDy=   0.000, dDz=   0.000  (mm)
  Obj Stage rotY :   14.321 deg
============================================================

Unity geometry (world coordinates):
  Source   : x= -10.000, y=  55.000, z=   0.000
  Object   : x=   0.141, y=  29.511, z= 570.084
  Detector : x=   8.000, y=  20.000, z= 760.000
  Obj rotY :   0.0000 deg
view   0 | SOD= 570.833 mm | SDD= 761.018 mm | M= 1.333 | incident=2.9645°
[[ 131.28139    -554.9464      -25.48867   ]
 [ -39.26484     185.88959       9.51133   ]
 [   0.14495131    0.03700373    0.        ]
 [   0.            0.            0.1496    ]]
Residual vector length: 210, Jacobian shape: (210, 6)
view   0 | SOD= 567.558 mm | SDD= 761.018 mm | M= 1.341 | incident=2.9645°
[[ 130.90988    -551.675       -25.27822   ]
 [ -40.1787      189.03595       9.721781  ]
 [   0.14492418    0.03710985    0.        ]
 [   0.            0.            0.1496    ]]
               x1        y1  area1          x2        y2  area2          x3         y3  area3          x4        y4  area4
range  328.795436  1.114085  103.0  126.268266  3.635478   76.0  293.186003  17.955429  162.0  328.834464  30.02253  101.0
FAILURE!!!! Some beads might have been misidentified

iter 04 cost=2067.975014 -> 1007.691244 |dtheta|=3.223661e+00  lambda=1.235e-04

============================================================
Iteration 5
============================================================
Theta offsets (Unity frame):
  Source   : dSx=   0.000, dSy=   0.000, dSz=   0.000  (mm)
  Object   : dOx= -14.939, dOy= -12.278, dOz= -15.130  (mm)
  Object offset: offset_x=  -0.030, offset_z=   0.036  (mm)
  Detector : dDx=   0.000, dDy=   0.000, dDz=   0.000  (mm)
  Obj Stage rotY :   14.363 deg
============================================================

Unity geometry (world coordinates):
  Source   : x= -10.000, y=  55.000, z=   0.000
  Object   : x=   0.061, y=  29.722, z= 566.870
  Detector : x=   8.000, y=  20.000, z= 760.000
  Obj rotY :   0.0000 deg
view   0 | SOD= 567.558 mm | SDD= 761.018 mm | M= 1.341 | incident=2.9645°
[[ 130.90988    -551.675       -25.27822   ]
 [ -40.1787      189.03595       9.721781  ]
 [   0.14492418    0.03710985    0.        ]
 [   0.            0.            0.1496    ]]
               x1        y1  area1          x2        y2  area2          x3         y3  area3          x4        y4  area4
range  328.795436  1.114085  103.0  126.268266  3.635478   76.0  293.186003  17.955429  162.0  328.834464  30.02253  101.0
FAILURE!!!! Some beads might have been misidentified
               x1        y1  area1          x2        y2  area2          x3         y3  area3          x4         y4  area4
range  328.807436  1.088909   94.0  126.206203  3.634592   76.0  293.146899  17.942824  157.0  328.867767  30.101669   91.0
FAILURE!!!! Some beads might have been misidentified
               x1        y1  area1          x2        y2  area2          x3         y3  area3          x4         y4  area4
range  328.774124  1.082285   96.0  126.300729  3.637542   81.0  293.039529  17.928074  167.0  328.861961  30.019062   97.0
FAILURE!!!! Some beads might have been misidentified
               x1   y1  area1          x2        y2  area2          x3         y3  area3          x4         y4  area4
range  328.817998  1.0   90.0  126.228817  3.679908   81.0  293.172835  17.937393  161.0  328.847213  30.122634   88.0
FAILURE!!!! Some beads might have been misidentified
               x1        y1  area1        x2        y2  area2          x3         y3  area3          x4         y4  area4
range  328.819252  1.066226   97.0  126.2631  3.604672   77.0  293.135536  17.957914  163.0  328.861793  30.016474   97.0
FAILURE!!!! Some beads might have been misidentified
               x1        y1  area1          x2        y2  area2          x3         y3  area3          x4         y4  area4
range  328.778987  1.114085  103.0  126.268266  3.635478   76.0  293.186003  17.968293  159.0  328.835452  30.017138  100.0
FAILURE!!!! Some beads might have been misidentified
               x1      y1  area1          x2        y2  area2          x3         y3  area3          x4        y4  area4
range  328.795436  1.1317  103.0  126.268266  3.635478   76.0  293.186003  17.972669  163.0  328.831136  30.00813  101.0
FAILURE!!!! Some beads might have been misidentified
               x1        y1  area1          x2        y2  area2          x3         y3  area3          x4         y4  area4
range  328.795436  1.133724  101.0  126.268266  3.622638   77.0  293.186003  17.989021  163.0  328.834464  30.000816  100.0
FAILURE!!!! Some beads might have been misidentified
               x1        y1  area1          x2        y2  area2          x3        y3  area3          x4         y4  area4
range  328.795436  1.063217  100.0  126.268266  3.622336   77.0  293.186003  17.97507  161.0  328.834464  30.015457   98.0
FAILURE!!!! Some beads might have been misidentified
               x1        y1  area1          x2        y2  area2          x3         y3  area3         x4         y4  area4
range  328.854927  1.060475   95.0  126.087694  3.594161   77.0  293.190231  17.936916  158.0  328.86716  30.067036   94.0
FAILURE!!!! Some beads might have been misidentified
               x1        y1  area1          x2        y2  area2          x3         y3  area3          x4         y4  area4
range  328.764731  1.110719   97.0  126.402109  3.627493   74.0  292.979337  17.924506  164.0  328.804977  30.053694  102.0
FAILURE!!!! Some beads might have been misidentified
               x1        y1  area1          x2        y2  area2         x3         y3  area3          x4         y4  area4
range  328.646532  1.101815   99.0  126.303943  3.586785   78.0  293.23668  17.954038  160.0  328.719222  30.072306  100.0
FAILURE!!!! Some beads might have been misidentified
Residual vector length: 210, Jacobian shape: (210, 6)
view   0 | SOD= 566.342 mm | SDD= 761.018 mm | M= 1.344 | incident=2.9645°
[[ 131.97676    -550.1719      -25.221312  ]
 [ -40.984356    190.10405       9.778688  ]
 [   0.14482988    0.03747621    0.        ]
 [   0.            0.            0.1496    ]]
               x1        y1  area1          x2        y2  area2          x3         y3  area3          x4         y4  area4
range  330.374509  0.993542   96.0  126.578662  3.571806   84.0  292.632297  18.006806  161.0  330.396165  30.006994   87.0
FAILURE!!!! Some beads might have been misidentified

iter 05 cost=1007.691244 -> 667.966428 |dtheta|=1.283375e+00  lambda=4.115e-05

============================================================
Iteration 6
============================================================
Theta offsets (Unity frame):
  Source   : dSx=   0.000, dSy=   0.000, dSz=   0.000  (mm)
  Object   : dOx= -14.892, dOy= -12.221, dOz= -16.402  (mm)
  Object offset: offset_x=  -0.053, offset_z=   0.092  (mm)
  Detector : dDx=   0.000, dDy=   0.000, dDz=   0.000  (mm)
  Obj Stage rotY :   14.508 deg
============================================================

Unity geometry (world coordinates):
  Source   : x= -10.000, y=  55.000, z=   0.000
  Object   : x=   0.108, y=  29.779, z= 565.598
  Detector : x=   8.000, y=  20.000, z= 760.000
  Obj rotY :   0.0000 deg
view   0 | SOD= 566.342 mm | SDD= 761.018 mm | M= 1.344 | incident=2.9645°
[[ 131.97676    -550.1719      -25.221312  ]
 [ -40.984356    190.10405       9.778688  ]
 [   0.14482988    0.03747621    0.        ]
 [   0.            0.            0.1496    ]]
               x1        y1  area1          x2        y2  area2          x3         y3  area3          x4         y4  area4
range  330.374509  0.993542   96.0  126.578662  3.571806   84.0  292.632297  18.006806  161.0  330.396165  30.006994   87.0
FAILURE!!!! Some beads might have been misidentified
               x1        y1  area1          x2        y2  area2          x3         y3  area3          x4        y4  area4
range  330.344861  1.044858   98.0  126.634295  3.609026   82.0  292.594336  18.012191  164.0  330.377901  30.01848   87.0
FAILURE!!!! Some beads might have been misidentified
             x1        y1  area1          x2       y2  area2          x3         y3  area3         x4         y4  area4
range  330.3716  0.984575  101.0  126.624719  3.61643   86.0  292.602881  18.025315  158.0  330.48734  30.059481   86.0
FAILURE!!!! Some beads might have been misidentified
               x1        y1  area1          x2        y2  area2         x3         y3  area3          x4         y4  area4
range  330.435365  1.015665   94.0  126.656478  3.740592   88.0  292.55934  17.966541  160.0  330.477832  30.073326   87.0
FAILURE!!!! Some beads might have been misidentified
               x1        y1  area1          x2        y2  area2          x3        y3  area3          x4         y4  area4
range  330.365188  0.993542   95.0  126.578662  3.571806   84.0  292.613636  18.00037  162.0  330.361122  30.006994   87.0
FAILURE!!!! Some beads might have been misidentified
               x1        y1  area1          x2        y2  area2          x3         y3  area3          x4         y4  area4
range  330.403719  1.001231   99.0  126.578662  3.571806   84.0  292.636231  18.008774  158.0  330.480958  30.006994   89.0
FAILURE!!!! Some beads might have been misidentified
               x1        y1  area1          x2        y2  area2          x3         y3  area3          x4         y4  area4
range  330.403719  0.992434   95.0  126.578662  3.563194   82.0  292.618531  17.978653  162.0  330.480958  30.039673   84.0
FAILURE!!!! Some beads might have been misidentified
               x1        y1  area1          x2        y2  area2          x3         y3  area3          x4         y4  area4
range  330.407345  0.983875   99.0  126.613739  3.571806   83.0  292.632297  17.989074  161.0  330.410008  30.012395   87.0
FAILURE!!!! Some beads might have been misidentified
               x1        y1  area1          x2        y2  area2          x3         y3  area3          x4         y4  area4
range  330.423938  1.001763  102.0  126.433857  3.562124   88.0  292.699034  17.987545  157.0  330.506729  30.058496   92.0
FAILURE!!!! Some beads might have been misidentified
               x1       y1  area1          x2        y2  area2          x3         y3  area3          x4         y4  area4
range  330.290432  1.04059   98.0  126.825157  3.592983   84.0  292.472753  18.006908  163.0  330.346601  30.019465   84.0
FAILURE!!!! Some beads might have been misidentified
               x1        y1  area1          x2       y2  area2          x3         y3  area3          x4         y4  area4
range  330.596929  1.014918   98.0  126.559969  3.62921   82.0  292.437135  18.004083  157.0  330.670357  30.006994   91.0
FAILURE!!!! Some beads might have been misidentified
               x1        y1  area1          x2        y2  area2          x3         y3  area3          x4         y4  area4
range  330.127816  1.001231   96.0  126.628711  3.596246   83.0  292.728902  18.006908  164.0  330.238049  30.021768   85.0
FAILURE!!!! Some beads might have been misidentified
Residual vector length: 210, Jacobian shape: (210, 6)
view   0 | SOD= 565.166 mm | SDD= 761.018 mm | M= 1.347 | incident=2.9645°
[[ 134.95604    -548.23865     -25.175552  ]
 [ -42.483936    190.97652       9.824448  ]
 [   0.14460032    0.0383524     0.        ]
 [   0.            0.            0.1496    ]]
              x1        y1  area1          x2        y2  area2          x3         y3  area3          x4         y4  area4
range  330.06816  1.170745  108.0  125.778283  3.742709   86.0  295.015934  17.959271  162.0  330.081846  30.275158   89.0
FAILURE!!!! Some beads might have been misidentified

iter 06 cost=667.966428 -> 411.932799 |dtheta|=1.166813e+00  lambda=1.372e-05

============================================================
Iteration 7
============================================================
Theta offsets (Unity frame):
  Source   : dSx=   0.000, dSy=   0.000, dSz=   0.000  (mm)
  Object   : dOx= -14.929, dOy= -12.176, dOz= -17.509  (mm)
  Object offset: offset_x=   0.033, offset_z=   0.023  (mm)
  Detector : dDx=   0.000, dDy=   0.000, dDz=   0.000  (mm)
  Obj Stage rotY :   14.855 deg
============================================================

Unity geometry (world coordinates):
  Source   : x= -10.000, y=  55.000, z=   0.000
  Object   : x=   0.071, y=  29.824, z= 564.491
  Detector : x=   8.000, y=  20.000, z= 760.000
  Obj rotY :   0.0000 deg
view   0 | SOD= 565.166 mm | SDD= 761.018 mm | M= 1.347 | incident=2.9645°
[[ 134.95604    -548.23865     -25.175552  ]
 [ -42.483936    190.97652       9.824448  ]
 [   0.14460032    0.0383524     0.        ]
 [   0.            0.            0.1496    ]]
              x1        y1  area1          x2        y2  area2          x3         y3  area3          x4         y4  area4
range  330.06816  1.170745  108.0  125.778283  3.742709   86.0  295.015934  17.959271  162.0  330.081846  30.275158   89.0
FAILURE!!!! Some beads might have been misidentified
               x1        y1  area1          x2        y2  area2          x3         y3  area3          x4         y4  area4
range  330.044257  1.141277  104.0  125.647099  3.687558   86.0  294.952723  17.935913  161.0  330.094712  30.161442   89.0
FAILURE!!!! Some beads might have been misidentified
               x1        y1  area1          x2        y2  area2          x3         y3  area3          x4         y4  area4
range  330.159009  1.156608  106.0  125.747878  3.772589   76.0  294.886024  17.935806  168.0  330.142666  30.215829   85.0
FAILURE!!!! Some beads might have been misidentified
               x1        y1  area1          x2        y2  area2          x3         y3  area3          x4         y4  area4
range  330.066726  1.115371  104.0  125.725747  3.715971   80.0  294.966375  17.958119  162.0  330.118286  30.268813   89.0
FAILURE!!!! Some beads might have been misidentified
               x1       y1  area1          x2        y2  area2          x3         y3  area3         x4         y4  area4
range  330.117627  1.17273  107.0  125.665297  3.695805   83.0  294.977424  17.921118  165.0  330.11584  30.143677   92.0
FAILURE!!!! Some beads might have been misidentified
              x1        y1  area1          x2        y2  area2          x3         y3  area3          x4        y4  area4
range  330.06816  1.143063  108.0  125.778283  3.742709   86.0  295.015934  17.948444  161.0  330.081846  30.26509   89.0
FAILURE!!!! Some beads might have been misidentified
               x1        y1  area1          x2        y2  area2          x3         y3  area3          x4         y4  area4
range  330.081491  1.151332  105.0  125.778283  3.742709   87.0  295.023565  17.939944  164.0  330.067028  30.221436   89.0
FAILURE!!!! Some beads might have been misidentified
               x1        y1  area1          x2        y2  area2          x3        y3  area3          x4         y4  area4
range  330.081491  1.128732  106.0  125.778283  3.752866   86.0  295.015934  17.92581  161.0  330.083637  30.248923   89.0
FAILURE!!!! Some beads might have been misidentified
               x1        y1  area1          x2       y2  area2          x3         y3  area3          x4         y4  area4
range  330.081491  1.154136  106.0  125.778283  3.74443   87.0  295.015934  17.979836  162.0  330.067028  30.269272   91.0
FAILURE!!!! Some beads might have been misidentified
               x1        y1  area1          x2        y2  area2          x3       y3  area3          x4        y4  area4
range  330.106756  1.177534  104.0  125.537575  3.762826   80.0  295.069047  17.8889  162.0  330.130725  30.22385   85.0
FAILURE!!!! Some beads might have been misidentified
               x1        y1  area1          x2        y2  area2          x3         y3  area3          x4         y4  area4
range  330.059591  1.120352  112.0  125.857132  3.737076   84.0  294.779369  17.976912  162.0  330.058436  30.153421   93.0
FAILURE!!!! Some beads might have been misidentified
               x1        y1  area1          x2        y2  area2          x3         y3  area3          x4         y4  area4
range  330.287338  1.146856  108.0  125.638913  3.737076   84.0  294.757176  17.929506  161.0  330.312699  30.235205   86.0
FAILURE!!!! Some beads might have been misidentified
               x1        y1  area1          x2        y2  area2         x3         y3  area3          x4         y4  area4
range  329.932373  1.140123  105.0  125.804229  3.729512   79.0  295.10557  17.976564  164.0  329.942985  30.252018   84.0
FAILURE!!!! Some beads might have been misidentified
Residual vector length: 210, Jacobian shape: (210, 6)
view   0 | SOD= 563.934 mm | SDD= 761.018 mm | M= 1.349 | incident=2.9645°
[[ 136.38258    -546.6164      -25.144243  ]
 [ -43.407463    192.03069       9.855757  ]
 [   0.14447762    0.03881209    0.        ]
 [   0.            0.            0.1496    ]]
               x1        y1  area1          x2        y2  area2          x3         y3  area3          x4         y4  area4
range  330.040331  1.069846  102.0  126.081857  3.675783   80.0  296.140566  17.971277  168.0  329.913832  30.363152   86.0
FAILURE!!!! Some beads might have been misidentified

iter 07 cost=411.932799 -> 224.038003 |dtheta|=1.203947e+00  lambda=4.572e-06

============================================================
Iteration 8
============================================================
Theta offsets (Unity frame):
  Source   : dSx=   0.000, dSy=   0.000, dSz=   0.000  (mm)
  Object   : dOx= -14.933, dOy= -12.144, dOz= -18.698  (mm)
  Object offset: offset_x=   0.034, offset_z=  -0.019  (mm)
  Detector : dDx=   0.000, dDy=   0.000, dDz=   0.000  (mm)
  Obj Stage rotY :   15.037 deg
============================================================

Unity geometry (world coordinates):
  Source   : x= -10.000, y=  55.000, z=   0.000
  Object   : x=   0.067, y=  29.856, z= 563.302
  Detector : x=   8.000, y=  20.000, z= 760.000
  Obj rotY :   0.0000 deg
view   0 | SOD= 563.934 mm | SDD= 761.018 mm | M= 1.349 | incident=2.9645°
[[ 136.38258    -546.6164      -25.144243  ]
 [ -43.407463    192.03069       9.855757  ]
 [   0.14447762    0.03881209    0.        ]
 [   0.            0.            0.1496    ]]
               x1        y1  area1          x2        y2  area2          x3         y3  area3          x4         y4  area4
range  330.040331  1.069846  102.0  126.081857  3.675783   80.0  296.140566  17.971277  168.0  329.913832  30.363152   86.0
FAILURE!!!! Some beads might have been misidentified
              x1        y1  area1          x2        y2  area2          x3         y3  area3          x4        y4  area4
range  329.98969  1.024873  104.0  126.021442  3.726405   78.0  296.109085  17.955632  161.0  329.955244  30.37513   93.0
FAILURE!!!! Some beads might have been misidentified
               x1        y1  area1          x2        y2  area2          x3         y3  area3          x4         y4  area4
range  329.944822  1.141829  105.0  126.135176  3.640231   80.0  296.275107  17.974593  159.0  329.946678  30.386621   93.0
FAILURE!!!! Some beads might have been misidentified
               x1        y1  area1          x2        y2  area2          x3         y3  area3          x4         y4  area4
range  329.942726  1.059088  102.0  126.097392  3.665899   78.0  296.145532  18.053483  168.0  329.973067  30.344105   90.0
FAILURE!!!! Some beads might have been misidentified
               x1        y1  area1          x2        y2  area2          x3         y3  area3          x4         y4  area4
range  329.992568  1.045485   98.0  126.125475  3.660976   82.0  296.189958  17.993216  167.0  329.946791  30.377331   87.0
FAILURE!!!! Some beads might have been misidentified
               x1        y1  area1          x2        y2  area2          x3         y3  area3          x4         y4  area4
range  330.040331  1.069846  103.0  126.082478  3.675783   80.0  296.140566  17.971277  168.0  329.911227  30.350746   89.0
FAILURE!!!! Some beads might have been misidentified
               x1        y1  area1          x2        y2  area2          x3         y3  area3          x4         y4  area4
range  330.040331  1.069846  102.0  126.081857  3.675783   81.0  296.158844  17.971277  168.0  329.913832  30.363629   87.0
FAILURE!!!! Some beads might have been misidentified
               x1        y1  area1          x2        y2  area2          x3         y3  area3          x4         y4  area4
range  330.040331  1.054985  104.0  126.081857  3.685283   82.0  296.173428  17.984262  166.0  329.913832  30.397073   89.0
FAILURE!!!! Some beads might have been misidentified
               x1        y1  area1          x2        y2  area2        x3         y3  area3          x4         y4  area4
range  330.040331  1.066092  106.0  126.096234  3.682189   78.0  296.2151  17.945923  165.0  329.913832  30.348191   90.0
FAILURE!!!! Some beads might have been misidentified
               x1        y1  area1          x2      y2  area2          x3         y3  area3          x4         y4  area4
range  330.047019  1.084696  105.0  125.923188  3.6785   81.0  296.362823  18.012797  166.0  329.959005  30.373971   88.0
FAILURE!!!! Some beads might have been misidentified
              x1        y1  area1          x2        y2  area2          x3         y3  area3          x4        y4  area4
range  329.98927  1.082006  105.0  126.233429  3.676824   79.0  296.109999  17.947464  155.0  329.876527  30.38778   92.0
FAILURE!!!! Some beads might have been misidentified
               x1        y1  area1          x2        y2  area2          x3         y3  area3          x4         y4  area4
range  330.120779  1.069846  105.0  126.051405  3.712013   79.0  296.042684  18.009134  164.0  330.119438  30.345012   89.0
FAILURE!!!! Some beads might have been misidentified
               x1        y1  area1          x2        y2  area2          x3        y3  area3          x4         y4  area4
range  329.830727  1.056153  104.0  126.154685  3.673612   80.0  296.418412  17.92427  163.0  329.782484  30.369383   91.0
FAILURE!!!! Some beads might have been misidentified
Residual vector length: 210, Jacobian shape: (210, 6)
view   0 | SOD= 563.255 mm | SDD= 761.018 mm | M= 1.351 | incident=2.9645°
[[ 136.78027    -545.8167      -25.133057  ]
 [ -43.768497    192.64528       9.866943  ]
 [   0.14443767    0.03896049    0.        ]
 [   0.            0.            0.1496    ]]
               x1        y1  area1          x2        y2  area2          x3        y3  area3          x4         y4  area4
range  330.875632  1.094875   99.0  125.886194  3.669401   83.0  296.485608  18.03457  163.0  330.843302  30.414021   95.0
FAILURE!!!! Some beads might have been misidentified

iter 08 cost=224.038003 -> 140.651578 |dtheta|=7.047256e-01  lambda=1.524e-06

============================================================
Iteration 9
============================================================
Theta offsets (Unity frame):
  Source   : dSx=   0.000, dSy=   0.000, dSz=   0.000  (mm)
  Object   : dOx= -14.964, dOy= -12.133, dOz= -19.399  (mm)
  Object offset: offset_x=   0.051, offset_z=   0.003  (mm)
  Detector : dDx=   0.000, dDy=   0.000, dDz=   0.000  (mm)
  Obj Stage rotY :   15.096 deg
============================================================

Unity geometry (world coordinates):
  Source   : x= -10.000, y=  55.000, z=   0.000
  Object   : x=   0.036, y=  29.867, z= 562.601
  Detector : x=   8.000, y=  20.000, z= 760.000
  Obj rotY :   0.0000 deg
view   0 | SOD= 563.255 mm | SDD= 761.018 mm | M= 1.351 | incident=2.9645°
[[ 136.78027    -545.8167      -25.133057  ]
 [ -43.768497    192.64528       9.866943  ]
 [   0.14443767    0.03896049    0.        ]
 [   0.            0.            0.1496    ]]
               x1        y1  area1          x2        y2  area2          x3        y3  area3          x4         y4  area4
range  330.875632  1.094875   99.0  125.886194  3.669401   83.0  296.485608  18.03457  163.0  330.843302  30.414021   95.0
FAILURE!!!! Some beads might have been misidentified
              x1        y1  area1          x2        y2  area2         x3         y3  area3          x4         y4  area4
range  330.80656  1.131349  104.0  125.850968  3.718528   78.0  296.51274  18.045876  158.0  330.747012  30.368356   99.0
FAILURE!!!! Some beads might have been misidentified
               x1        y1  area1          x2        y2  area2          x3         y3  area3          x4         y4  area4
range  330.816384  1.109352  100.0  125.930985  3.631425   74.0  296.424987  18.012051  160.0  330.834866  30.470293   96.0
FAILURE!!!! Some beads might have been misidentified
               x1        y1  area1         x2        y2  area2          x3         y3  area3          x4         y4  area4
range  330.895218  1.109447  103.0  125.92061  3.634976   78.0  296.483594  18.046297  160.0  330.820166  30.382075   93.0
FAILURE!!!! Some beads might have been misidentified
               x1       y1  area1          x2        y2  area2          x3         y3  area3          x4         y4  area4
range  330.850343  1.09569   98.0  125.902214  3.716865   80.0  296.440514  18.059517  157.0  330.845043  30.424256   99.0
FAILURE!!!! Some beads might have been misidentified
               x1        y1  area1          x2        y2  area2          x3         y3  area3          x4         y4  area4
range  330.875632  1.094875   99.0  125.886194  3.659802   83.0  296.485608  18.033506  162.0  330.812561  30.414021   94.0
FAILURE!!!! Some beads might have been misidentified
               x1        y1  area1          x2       y2  area2          x3        y3  area3          x4         y4  area4
range  330.873082  1.094875   99.0  125.886194  3.64808   83.0  296.478694  18.01602  163.0  330.821981  30.395075   95.0
FAILURE!!!! Some beads might have been misidentified
               x1        y1  area1          x2        y2  area2          x3         y3  area3          x4         y4  area4
range  330.875632  1.111462  103.0  125.886194  3.649704   80.0  296.478694  17.993962  162.0  330.843302  30.395075   96.0
FAILURE!!!! Some beads might have been misidentified
               x1        y1  area1          x2        y2  area2          x3        y3  area3          x4         y4  area4
range  330.875632  1.088622   98.0  125.886194  3.667337   77.0  296.457978  18.05532  164.0  330.870865  30.407645   96.0
FAILURE!!!! Some beads might have been misidentified
               x1        y1  area1          x2        y2  area2          x3         y3  area3          x4        y4  area4
range  330.901458  1.149109  102.0  125.742009  3.694734   76.0  296.567098  18.010029  157.0  330.889005  30.39012  102.0
FAILURE!!!! Some beads might have been misidentified
               x1        y1  area1          x2        y2  area2          x3         y3  area3          x4         y4  area4
range  330.845495  1.097705  105.0  126.059185  3.673569   77.0  296.387489  18.071496  158.0  330.775948  30.462895   97.0
FAILURE!!!! Some beads might have been misidentified
               x1        y1  area1          x2        y2  area2          x3         y3  area3          x4         y4  area4
range  330.995671  1.079883  103.0  125.867682  3.674758   74.0  296.321174  18.015032  161.0  331.010412  30.395075   98.0
FAILURE!!!! Some beads might have been misidentified
               x1        y1  area1          x2        y2  area2          x3         y3  area3          x4         y4  area4
range  330.641085  1.130837  100.0  125.960836  3.670986   77.0  296.586276  18.075149  164.0  330.573323  30.418069   92.0
FAILURE!!!! Some beads might have been misidentified
Residual vector length: 210, Jacobian shape: (210, 6)
view   0 | SOD= 562.620 mm | SDD= 761.018 mm | M= 1.353 | incident=2.9645°
[[ 136.6101     -545.20416     -25.126251  ]
 [ -43.8891      193.26997       9.873749  ]
 [   0.14444028    0.0389508     0.        ]
 [   0.            0.            0.1496    ]]
               x1        y1  area1          x2        y2  area2          x3         y3  area3          x4         y4  area4
range  331.287472  1.083158  107.0  126.403182  3.701653   83.0  296.282443  18.064232  167.0  331.281679  30.451799   89.0
FAILURE!!!! Some beads might have been misidentified

iter 09 cost=140.651578 -> 84.498564 |dtheta|=6.518914e-01  lambda=1.000e-06

============================================================
Iteration 10
============================================================
Theta offsets (Unity frame):
  Source   : dSx=   0.000, dSy=   0.000, dSz=   0.000  (mm)
  Object   : dOx= -14.965, dOy= -12.126, dOz= -20.050  (mm)
  Object offset: offset_x=   0.020, offset_z=   0.018  (mm)
  Detector : dDx=   0.000, dDy=   0.000, dDz=   0.000  (mm)
  Obj Stage rotY :   15.092 deg
============================================================

Unity geometry (world coordinates):
  Source   : x= -10.000, y=  55.000, z=   0.000
  Object   : x=   0.035, y=  29.874, z= 561.950
  Detector : x=   8.000, y=  20.000, z= 760.000
  Obj rotY :   0.0000 deg
view   0 | SOD= 562.620 mm | SDD= 761.018 mm | M= 1.353 | incident=2.9645°
[[ 136.6101     -545.20416     -25.126251  ]
 [ -43.8891      193.26997       9.873749  ]
 [   0.14444028    0.0389508     0.        ]
 [   0.            0.            0.1496    ]]
               x1        y1  area1          x2        y2  area2          x3         y3  area3          x4         y4  area4
range  331.287472  1.083158  107.0  126.403182  3.701653   83.0  296.282443  18.064232  167.0  331.281679  30.451799   89.0
FAILURE!!!! Some beads might have been misidentified
               x1        y1  area1          x2      y2  area2          x3         y3  area3          x4         y4  area4
range  331.383051  1.100233  108.0  126.482829  3.7226   82.0  296.142518  17.968231  166.0  331.347481  30.469903   90.0
FAILURE!!!! Some beads might have been misidentified
               x1        y1  area1          x2        y2  area2          x3         y3  area3          x4         y4  area4
range  331.308128  1.113318  106.0  126.428989  3.693903   85.0  296.263537  18.054522  171.0  331.310117  30.431369   92.0
FAILURE!!!! Some beads might have been misidentified
               x1        y1  area1         x2        y2  area2         x3         y3  area3          x4         y4  area4
range  331.308656  1.051561  102.0  126.43017  3.650285   76.0  296.26352  18.058406  162.0  331.341729  30.354783   85.0
FAILURE!!!! Some beads might have been misidentified
               x1       y1  area1          x2        y2  area2          x3         y3  area3          x4         y4  area4
range  331.286781  1.10015  107.0  126.407576  3.651375   82.0  296.243475  18.154357  169.0  331.289591  30.476657   91.0
FAILURE!!!! Some beads might have been misidentified
               x1        y1  area1          x2        y2  area2          x3         y3  area3          x4         y4  area4
range  331.287472  1.083158  107.0  126.418117  3.699746   83.0  296.282443  18.075581  166.0  331.281679  30.459724   89.0
FAILURE!!!! Some beads might have been misidentified
               x1   y1  area1          x2        y2  area2          x3         y3  area3          x4         y4  area4
range  331.287472  1.1  106.0  126.403182  3.682582   82.0  296.271207  18.064149  169.0  331.302446  30.467995   88.0
FAILURE!!!! Some beads might have been misidentified
               x1        y1  area1          x2        y2  area2          x3        y3  area3          x4         y4  area4
range  331.287472  1.050578  100.0  126.403182  3.681301   80.0  296.282443  18.07294  173.0  331.281679  30.470999   91.0
FAILURE!!!! Some beads might have been misidentified
               x1        y1  area1          x2        y2  area2          x3        y3  area3          x4         y4  area4
range  331.287472  1.090509  104.0  126.404734  3.737946   86.0  296.267067  18.04143  165.0  331.299241  30.473996   87.0
FAILURE!!!! Some beads might have been misidentified
               x1        y1  area1          x2        y2  area2          x3        y3  area3          x4         y4  area4
range  331.409006  1.110852  101.0  126.298351  3.677852   76.0  296.365295  18.08335  170.0  331.313316  30.423034   86.0
FAILURE!!!! Some beads might have been misidentified
               x1        y1  area1          x2        y2  area2          x3         y3  area3          x4         y4  area4
range  331.249778  1.100233  108.0  126.613467  3.746207   88.0  296.097062  18.003213  166.0  331.281679  30.478238   95.0
FAILURE!!!! Some beads might have been misidentified
               x1        y1  area1          x2        y2  area2          x3         y3  area3          x4         y4  area4
range  331.502818  1.083158  101.0  126.378085  3.706547   92.0  296.050136  18.092441  169.0  331.472344  30.451799   90.0
FAILURE!!!! Some beads might have been misidentified
               x1        y1  area1          x2        y2  area2         x3         y3  area3          x4         y4  area4
range  331.168606  1.113054  104.0  126.419668  3.691904   80.0  296.40184  18.003654  166.0  331.194681  30.475921   89.0
FAILURE!!!! Some beads might have been misidentified
Residual vector length: 210, Jacobian shape: (210, 6)
view   0 | SOD= 562.033 mm | SDD= 761.018 mm | M= 1.354 | incident=2.9645°
[[ 135.93347    -544.7715      -25.050274  ]
 [ -43.854195    193.8762        9.949726  ]
 [   0.14447774    0.03881162    0.        ]
 [   0.            0.            0.1496    ]]
               x1        y1  area1          x2       y2  area2         x3         y3  area3          x4         y4  area4
range  331.592632  1.174329   99.0  126.627892  3.63721   83.0  296.79859  18.040699  169.0  331.545853  30.360028   90.0
FAILURE!!!! Some beads might have been misidentified

iter 10 cost=84.498564 -> 38.243371 |dtheta|=5.797652e-01  lambda=1.000e-06

============================================================
Iteration 11
============================================================
Theta offsets (Unity frame):
  Source   : dSx=   0.000, dSy=   0.000, dSz=   0.000  (mm)
  Object   : dOx= -14.968, dOy= -12.050, dOz= -20.622  (mm)
  Object offset: offset_x=   0.022, offset_z=   0.006  (mm)
  Detector : dDx=   0.000, dDy=   0.000, dDz=   0.000  (mm)
  Obj Stage rotY :   15.037 deg
============================================================

Unity geometry (world coordinates):
  Source   : x= -10.000, y=  55.000, z=   0.000
  Object   : x=   0.032, y=  29.950, z= 561.378
  Detector : x=   8.000, y=  20.000, z= 760.000
  Obj rotY :   0.0000 deg
view   0 | SOD= 562.033 mm | SDD= 761.018 mm | M= 1.354 | incident=2.9645°
[[ 135.93347    -544.7715      -25.050274  ]
 [ -43.854195    193.8762        9.949726  ]
 [   0.14447774    0.03881162    0.        ]
 [   0.            0.            0.1496    ]]
               x1        y1  area1          x2       y2  area2         x3         y3  area3          x4         y4  area4
range  331.592632  1.174329   99.0  126.627892  3.63721   83.0  296.79859  18.040699  169.0  331.545853  30.360028   90.0
FAILURE!!!! Some beads might have been misidentified
               x1        y1  area1          x2        y2  area2          x3         y3  area3         x4         y4  area4
range  331.584664  1.102946  102.0  126.658482  3.602174   76.0  296.809885  18.030552  159.0  331.55808  30.307222   94.0
FAILURE!!!! Some beads might have been misidentified
               x1        y1  area1          x2        y2  area2          x3         y3  area3          x4         y4  area4
range  331.483127  1.157603  101.0  126.530538  3.614074   80.0  296.738194  18.048195  170.0  331.508455  30.393296   88.0
FAILURE!!!! Some beads might have been misidentified
               x1       y1  area1          x2        y2  area2        x3         y3  area3          x4         y4  area4
range  331.532201  1.12899  107.0  126.594559  3.642844   82.0  296.8361  18.115323  166.0  331.573944  30.291854   99.0
FAILURE!!!! Some beads might have been misidentified
               x1        y1  area1          x2        y2  area2          x3        y3  area3          x4         y4  area4
range  331.548832  1.162367  103.0  126.635541  3.601461   78.0  296.812945  18.02028  167.0  331.531493  30.426547   92.0
FAILURE!!!! Some beads might have been misidentified
               x1        y1  area1          x2       y2  area2          x3         y3  area3          x4         y4  area4
range  331.578283  1.174329   99.0  126.611533  3.63721   84.0  296.797941  18.030588  170.0  331.557647  30.345276   89.0
FAILURE!!!! Some beads might have been misidentified
               x1        y1  area1          x2       y2  area2          x3         y3  area3          x4         y4  area4
range  331.592632  1.174329  101.0  126.628177  3.63721   83.0  296.801402  18.022215  165.0  331.545853  30.375095   90.0
FAILURE!!!! Some beads might have been misidentified
               x1        y1  area1          x2       y2  area2          x3         y3  area3          x4         y4  area4
range  331.592632  1.164687  100.0  126.611533  3.63721   84.0  296.798498  18.040417  166.0  331.557647  30.386115   92.0
FAILURE!!!! Some beads might have been misidentified
               x1        y1  area1          x2        y2  area2          x3         y3  area3          x4        y4  area4
range  331.592632  1.113676  100.0  126.627892  3.612038   83.0  296.833393  18.039633  167.0  331.545853  30.36597   93.0
FAILURE!!!! Some beads might have been misidentified
               x1        y1  area1          x2        y2  area2          x3         y3  area3          x4         y4  area4
range  331.592632  1.056204  100.0  126.395955  3.638936   81.0  296.889793  18.025208  168.0  331.557647  30.337791   89.0
FAILURE!!!! Some beads might have been misidentified
               x1        y1  area1          x2        y2  area2          x3         y3  area3          x4         y4  area4
range  331.560551  1.204345  103.0  126.733158  3.606883   81.0  296.740282  18.025709  163.0  331.494153  30.362727   93.0
FAILURE!!!! Some beads might have been misidentified
               x1        y1  area1          x2        y2  area2          x3         y3  area3          x4         y4  area4
range  331.700222  1.174171   99.0  126.542124  3.611866   82.0  296.685945  18.037603  170.0  331.660004  30.345276   88.0
FAILURE!!!! Some beads might have been misidentified
               x1        y1  area1          x2        y2  area2          x3         y3  area3          x4         y4  area4
range  331.384442  1.156489  100.0  126.663805  3.618717   77.0  296.930323  18.035869  164.0  331.406532  30.391675   92.0
FAILURE!!!! Some beads might have been misidentified
Residual vector length: 210, Jacobian shape: (210, 6)
view   0 | SOD= 561.655 mm | SDD= 761.018 mm | M= 1.355 | incident=2.9645°
[[ 136.01736    -544.36115     -25.031704  ]
 [ -43.99131     194.23271       9.968296  ]
 [   0.14446612    0.03885485    0.        ]
 [   0.            0.            0.1496    ]]
               x1        y1  area1          x2        y2  area2          x3         y3  area3          x4         y4  area4
range  331.623186  1.113157  103.0  126.952115  3.637982   81.0  296.896331  18.036935  162.0  331.601179  30.483077   86.0
FAILURE!!!! Some beads might have been misidentified

iter 11 cost=38.243371 -> 22.108714 |dtheta|=3.743826e-01  lambda=1.000e-06

============================================================
Iteration 12
============================================================
Theta offsets (Unity frame):
  Source   : dSx=   0.000, dSy=   0.000, dSz=   0.000  (mm)
  Object   : dOx= -14.977, dOy= -12.032, dOz= -20.995  (mm)
  Object offset: offset_x=   0.011, offset_z=   0.002  (mm)
  Detector : dDx=   0.000, dDy=   0.000, dDz=   0.000  (mm)
  Obj Stage rotY :   15.054 deg
============================================================

Unity geometry (world coordinates):
  Source   : x= -10.000, y=  55.000, z=   0.000
  Object   : x=   0.023, y=  29.968, z= 561.005
  Detector : x=   8.000, y=  20.000, z= 760.000
  Obj rotY :   0.0000 deg
view   0 | SOD= 561.655 mm | SDD= 761.018 mm | M= 1.355 | incident=2.9645°
[[ 136.01736    -544.36115     -25.031704  ]
 [ -43.99131     194.23271       9.968296  ]
 [   0.14446612    0.03885485    0.        ]
 [   0.            0.            0.1496    ]]
               x1        y1  area1          x2        y2  area2          x3         y3  area3          x4         y4  area4
range  331.623186  1.113157  103.0  126.952115  3.637982   81.0  296.896331  18.036935  162.0  331.601179  30.483077   86.0
FAILURE!!!! Some beads might have been misidentified
               x1        y1  area1          x2        y2  area2          x3        y3  area3          x4         y4  area4
range  331.657647  1.115553  106.0  127.017985  3.653761   75.0  296.943446  18.03341  157.0  331.636499  30.503358   93.0
FAILURE!!!! Some beads might have been misidentified
               x1       y1  area1         x2        y2  area2          x3         y3  area3          x4         y4  area4
range  331.585828  1.17533  102.0  126.84351  3.595227   82.0  296.872904  18.032438  166.0  331.545249  30.465349   86.0
FAILURE!!!! Some beads might have been misidentified
               x1        y1  area1          x2        y2  area2          x3         y3  area3          x4         y4  area4
range  331.663311  1.146958  101.0  126.957443  3.669386   83.0  296.960523  18.082089  164.0  331.594688  30.439046   89.0
FAILURE!!!! Some beads might have been misidentified
               x1        y1  area1          x2        y2  area2          x3         y3  area3          x4         y4  area4
range  331.670985  1.194173  103.0  126.903076  3.610278   84.0  296.847075  18.039872  162.0  331.580522  30.500924   88.0
FAILURE!!!! Some beads might have been misidentified
               x1        y1  area1         x2        y2  area2          x3         y3  area3          x4         y4  area4
range  331.606328  1.113157  103.0  126.92561  3.644455   82.0  296.896331  18.038115  161.0  331.592743  30.483077   87.0
FAILURE!!!! Some beads might have been misidentified
               x1        y1  area1          x2        y2  area2          x3         y3  area3          x4         y4  area4
range  331.623186  1.113157  102.0  126.940037  3.637982   81.0  296.893626  18.036935  162.0  331.601179  30.486913   87.0
FAILURE!!!! Some beads might have been misidentified
               x1        y1  area1          x2        y2  area2          x3         y3  area3          x4         y4  area4
range  331.606328  1.163766  104.0  126.940037  3.672086   83.0  296.896331  18.041799  160.0  331.601179  30.472676   90.0
FAILURE!!!! Some beads might have been misidentified
               x1        y1  area1         x2        y2  area2          x3         y3  area3          x4         y4  area4
range  331.623186  1.136547  101.0  126.92561  3.641788   78.0  296.893626  18.055605  163.0  331.601179  30.475864   89.0
FAILURE!!!! Some beads might have been misidentified
               x1      y1  area1          x2        y2  area2          x3         y3  area3          x4         y4  area4
range  331.646364  1.1543  102.0  126.695035  3.656185   81.0  296.982009  18.033358  161.0  331.626351  30.481323   88.0
FAILURE!!!! Some beads might have been misidentified
               x1        y1  area1          x2        y2  area2          x3         y3  area3          x4         y4  area4
range  331.598397  1.136583  102.0  127.166459  3.647506   82.0  296.845235  18.068807  166.0  331.583562  30.487383   87.0
FAILURE!!!! Some beads might have been misidentified
               x1        y1  area1          x2        y2  area2          x3         y3  area3          x4         y4  area4
range  331.848383  1.118763  102.0  126.871336  3.642768   80.0  296.829227  18.033358  163.0  331.758981  30.483077   84.0
FAILURE!!!! Some beads might have been misidentified
               x1        y1  area1          x2        y2  area2          x3         y3  area3          x4         y4  area4
range  331.410678  1.116418  103.0  126.986703  3.600681   81.0  297.061835  18.085093  162.0  331.408117  30.486913   91.0
FAILURE!!!! Some beads might have been misidentified
Residual vector length: 210, Jacobian shape: (210, 6)
view   0 | SOD= 561.360 mm | SDD= 761.018 mm | M= 1.356 | incident=2.9645°
[[ 135.67105    -544.1431      -25.025723  ]
 [ -43.93713     194.54823       9.9742775 ]
 [   0.14448717    0.03877652    0.        ]
 [   0.            0.            0.1496    ]]
               x1        y1  area1          x2       y2  area2          x3         y3  area3          x4         y4  area4
range  331.637243  1.163909  103.0  127.397321  3.62029   82.0  296.877969  18.072165  165.0  331.637098  30.612807   87.0
FAILURE!!!! Some beads might have been misidentified

iter 12 cost=22.108714 -> 11.462741 |dtheta|=2.924239e-01  lambda=1.000e-06

============================================================
Iteration 13
============================================================
Theta offsets (Unity frame):
  Source   : dSx=   0.000, dSy=   0.000, dSz=   0.000  (mm)
  Object   : dOx= -14.985, dOy= -12.026, dOz= -21.285  (mm)
  Object offset: offset_x=  -0.007, offset_z=  -0.003  (mm)
  Detector : dDx=   0.000, dDy=   0.000, dDz=   0.000  (mm)
  Obj Stage rotY :   15.023 deg
============================================================

Unity geometry (world coordinates):
  Source   : x= -10.000, y=  55.000, z=   0.000
  Object   : x=   0.015, y=  29.974, z= 560.715
  Detector : x=   8.000, y=  20.000, z= 760.000
  Obj rotY :   0.0000 deg
view   0 | SOD= 561.360 mm | SDD= 761.018 mm | M= 1.356 | incident=2.9645°
[[ 135.67105    -544.1431      -25.025723  ]
 [ -43.93713     194.54823       9.9742775 ]
 [   0.14448717    0.03877652    0.        ]
 [   0.            0.            0.1496    ]]
               x1        y1  area1          x2       y2  area2          x3         y3  area3          x4         y4  area4
range  331.637243  1.163909  103.0  127.397321  3.62029   82.0  296.877969  18.072165  165.0  331.637098  30.612807   87.0
FAILURE!!!! Some beads might have been misidentified
              x1        y1  area1          x2        y2  area2          x3        y3  area3          x4         y4  area4
range  331.65813  1.149632  107.0  127.321764  3.661428   79.0  296.937947  18.12824  159.0  331.616816  30.563181   90.0
FAILURE!!!! Some beads might have been misidentified
               x1        y1  area1          x2       y2  area2          x3         y3  area3          x4         y4  area4
range  331.615819  1.158699  104.0  127.396636  3.64024   84.0  296.878519  18.084268  167.0  331.609504  30.574644   85.0
FAILURE!!!! Some beads might have been misidentified
               x1        y1  area1          x2        y2  area2          x3         y3  area3          x4         y4  area4
range  331.556044  1.116842  105.0  127.410015  3.675821   86.0  296.941716  18.108019  162.0  331.527954  30.478238   87.0
FAILURE!!!! Some beads might have been misidentified
              x1       y1  area1          x2        y2  area2          x3         y3  area3          x4         y4  area4
range  331.64556  1.14514  104.0  127.305562  3.646261   88.0  296.879131  18.131076  163.0  331.658329  30.604139   92.0
FAILURE!!!! Some beads might have been misidentified
               x1        y1  area1          x2        y2  area2          x3         y3  area3          x4         y4  area4
range  331.637243  1.163909  103.0  127.409732  3.634238   81.0  296.877969  18.056074  164.0  331.605011  30.612807   87.0
FAILURE!!!! Some beads might have been misidentified
               x1        y1  area1          x2       y2  area2          x3         y3  area3         x4         y4  area4
range  331.656012  1.163909  103.0  127.410905  3.62029   82.0  296.909146  18.086469  165.0  331.65262  30.622175   87.0
FAILURE!!!! Some beads might have been misidentified
               x1        y1  area1          x2        y2  area2          x3         y3  area3          x4         y4  area4
range  331.637243  1.152513  105.0  127.390257  3.614789   79.0  296.904247  18.057855  166.0  331.619116  30.612807   87.0
FAILURE!!!! Some beads might have been misidentified
               x1        y1  area1          x2        y2  area2          x3         y3  area3          x4         y4  area4
range  331.637243  1.138886  106.0  127.397321  3.616278   79.0  296.932025  18.073349  165.0  331.667826  30.597707   87.0
FAILURE!!!! Some beads might have been misidentified
              x1        y1  area1          x2        y2  area2          x3         y3  area3          x4         y4  area4
range  331.67141  1.166042  104.0  127.244625  3.605364   82.0  297.036332  18.049236  163.0  331.670269  30.572389   86.0
FAILURE!!!! Some beads might have been misidentified
               x1        y1  area1          x2        y2  area2          x3         y3  area3          x4         y4  area4
range  331.543903  1.145365  108.0  127.508607  3.622537   82.0  296.856035  18.125774  165.0  331.560737  30.565435   90.0
FAILURE!!!! Some beads might have been misidentified
              x1        y1  area1          x2        y2  area2          x3         y3  area3          x4         y4  area4
range  331.81981  1.163909  104.0  127.300906  3.660561   83.0  296.735444  18.078113  164.0  331.792029  30.594515   87.0
FAILURE!!!! Some beads might have been misidentified
               x1        y1  area1         x2       y2  area2          x3         y3  area3          x4         y4  area4
range  331.454139  1.142327  107.0  127.42088  3.63879   81.0  297.051316  18.109514  162.0  331.425048  30.622175   89.0
FAILURE!!!! Some beads might have been misidentified
Residual vector length: 210, Jacobian shape: (210, 6)
view   0 | SOD= 561.124 mm | SDD= 761.018 mm | M= 1.356 | incident=2.9645°
[[ 135.72711    -543.8862      -25.019215  ]
 [ -44.041576    194.76605       9.980785  ]
 [   0.14447874    0.03880791    0.        ]
 [   0.            0.            0.1496    ]]
               x1        y1  area1          x2       y2  area2         x3         y3  area3          x4         y4  area4
range  331.892052  1.138908  103.0  127.253782  3.66216   81.0  297.03572  18.088979  166.0  331.940985  30.669618   93.0
FAILURE!!!! Some beads might have been misidentified

iter 13 cost=11.462741 -> 5.225609 |dtheta|=2.440570e-01  lambda=1.000e-06

============================================================
Iteration 14
============================================================
Theta offsets (Unity frame):
  Source   : dSx=   0.000, dSy=   0.000, dSz=   0.000  (mm)
  Object   : dOx= -14.993, dOy= -12.019, dOz= -21.528  (mm)
  Object offset: offset_x=   0.003, offset_z=   0.004  (mm)
  Detector : dDx=   0.000, dDy=   0.000, dDz=   0.000  (mm)
  Obj Stage rotY :   15.035 deg
============================================================

Unity geometry (world coordinates):
  Source   : x= -10.000, y=  55.000, z=   0.000
  Object   : x=   0.007, y=  29.981, z= 560.472
  Detector : x=   8.000, y=  20.000, z= 760.000
  Obj rotY :   0.0000 deg
view   0 | SOD= 561.124 mm | SDD= 761.018 mm | M= 1.356 | incident=2.9645°
[[ 135.72711    -543.8862      -25.019215  ]
 [ -44.041576    194.76605       9.980785  ]
 [   0.14447874    0.03880791    0.        ]
 [   0.            0.            0.1496    ]]
               x1        y1  area1          x2       y2  area2         x3         y3  area3          x4         y4  area4
range  331.892052  1.138908  103.0  127.253782  3.66216   81.0  297.03572  18.088979  166.0  331.940985  30.669618   93.0
FAILURE!!!! Some beads might have been misidentified
               x1        y1  area1          x2       y2  area2          x3         y3  area3          x4         y4  area4
range  331.917271  1.138173  105.0  127.216684  3.60865   85.0  296.997378  18.171436  163.0  331.957446  30.586801   90.0
FAILURE!!!! Some beads might have been misidentified
               x1        y1  area1          x2        y2  area2          x3         y3  area3          x4         y4  area4
range  331.935813  1.139195  102.0  127.169528  3.601975   79.0  297.039255  18.068919  171.0  331.933793  30.604469   89.0
FAILURE!!!! Some beads might have been misidentified
               x1        y1  area1          x2       y2  area2          x3         y3  area3          x4         y4  area4
range  331.945802  1.086017  102.0  127.192999  3.69281   81.0  297.014983  18.064103  164.0  331.987846  30.585206   83.0
FAILURE!!!! Some beads might have been misidentified
               x1        y1  area1          x2        y2  area2          x3         y3  area3          x4         y4  area4
range  331.928368  1.189526  104.0  127.243966  3.587847   86.0  296.970956  18.126738  167.0  331.935092  30.694216   96.0
FAILURE!!!! Some beads might have been misidentified
              x1        y1  area1          x2        y2  area2         x3         y3  area3          x4         y4  area4
range  331.88452  1.129651  103.0  127.225262  3.662253   85.0  297.03572  18.088979  166.0  331.920725  30.651731   93.0
FAILURE!!!! Some beads might have been misidentified
               x1        y1  area1          x2       y2  area2          x3         y3  area3          x4         y4  area4
range  331.892052  1.121129  103.0  127.236148  3.66216   81.0  297.024111  18.088979  164.0  331.940985  30.669618   93.0
FAILURE!!!! Some beads might have been misidentified
               x1        y1  area1          x2        y2  area2          x3         y3  area3          x4         y4  area4
range  331.902555  1.139671  103.0  127.220782  3.650491   83.0  297.024111  18.085345  169.0  331.917702  30.641582   90.0
FAILURE!!!! Some beads might have been misidentified
               x1        y1  area1          x2        y2  area2         x3         y3  area3          x4         y4  area4
range  331.926947  1.134818  101.0  127.250431  3.662253   82.0  297.03572  18.104957  169.0  331.956902  30.611897   87.0
FAILURE!!!! Some beads might have been misidentified
               x1        y1  area1          x2        y2  area2          x3        y3  area3          x4         y4  area4
range  331.892052  1.122353  101.0  126.998933  3.621921   84.0  297.122893  18.08276  167.0  331.986156  30.582441   84.0
FAILURE!!!! Some beads might have been misidentified
               x1        y1  area1          x2        y2  area2          x3         y3  area3          x4         y4  area4
range  331.900622  1.155015  105.0  127.396328  3.643279   78.0  296.855689  18.129779  166.0  331.910164  30.608829   94.0
FAILURE!!!! Some beads might have been misidentified
               x1        y1  area1        x2       y2  area2          x3        y3  area3         x4         y4  area4
range  332.047119  1.132272  102.0  127.1624  3.66317   78.0  296.856696  18.08276  166.0  332.08234  30.641509   91.0
FAILURE!!!! Some beads might have been misidentified
               x1        y1  area1         x2        y2  area2          x3         y3  area3          x4         y4  area4
range  331.785282  1.127953  105.0  127.32456  3.580119   82.0  297.145673  18.091095  160.0  331.778023  30.667324   95.0
FAILURE!!!! Some beads might have been misidentified
Residual vector length: 210, Jacobian shape: (210, 6)
view   0 | SOD= 561.019 mm | SDD= 761.018 mm | M= 1.356 | incident=2.9645°
[[ 135.43094    -543.8523      -25.013687  ]
 [ -43.966213    194.8903        9.986313  ]
 [   0.14449824    0.03873524    0.        ]
 [   0.            0.            0.1496    ]]
               x1        y1  area1          x2        y2  area2          x3         y3  area3         x4         y4  area4
range  331.888192  1.086222  106.0  127.326403  3.649213   82.0  297.113866  18.134414  165.0  331.87161  30.653771   88.0
FAILURE!!!! Some beads might have been misidentified

iter 14 cost=5.225609 -> 3.714510 |dtheta|=1.027200e-01  lambda=1.000e-06

============================================================
Iteration 15
============================================================
Theta offsets (Unity frame):
  Source   : dSx=   0.000, dSy=   0.000, dSz=   0.000  (mm)
  Object   : dOx= -14.997, dOy= -12.014, dOz= -21.626  (mm)
  Object offset: offset_x=   0.002, offset_z=  -0.002  (mm)
  Detector : dDx=   0.000, dDy=   0.000, dDz=   0.000  (mm)
  Obj Stage rotY :   15.006 deg
============================================================

Unity geometry (world coordinates):
  Source   : x= -10.000, y=  55.000, z=   0.000
  Object   : x=   0.003, y=  29.986, z= 560.374
  Detector : x=   8.000, y=  20.000, z= 760.000
  Obj rotY :   0.0000 deg
view   0 | SOD= 561.019 mm | SDD= 761.018 mm | M= 1.356 | incident=2.9645°
[[ 135.43094    -543.8523      -25.013687  ]
 [ -43.966213    194.8903        9.986313  ]
 [   0.14449824    0.03873524    0.        ]
 [   0.            0.            0.1496    ]]
               x1        y1  area1          x2        y2  area2          x3         y3  area3         x4         y4  area4
range  331.888192  1.086222  106.0  127.326403  3.649213   82.0  297.113866  18.134414  165.0  331.87161  30.653771   88.0
FAILURE!!!! Some beads might have been misidentified
              x1       y1  area1          x2        y2  area2         x3         y3  area3          x4         y4  area4
range  331.87233  1.10321  103.0  127.282741  3.673254   80.0  297.23871  18.124483  166.0  331.899563  30.640149   92.0
FAILURE!!!! Some beads might have been misidentified
              x1        y1  area1          x2        y2  area2          x3         y3  area3          x4         y4  area4
range  331.89276  1.087588  103.0  127.202263  3.599326   80.0  297.102322  18.094242  173.0  331.915998  30.669684   89.0
FAILURE!!!! Some beads might have been misidentified
               x1        y1  area1          x2        y2  area2          x3         y3  area3          x4         y4  area4
range  331.892968  1.174283  106.0  127.275928  3.696193   83.0  297.119819  18.114213  164.0  331.965814  30.528012   87.0
FAILURE!!!! Some beads might have been misidentified
              x1        y1  area1         x2        y2  area2          x3        y3  area3          x4         y4  area4
range  331.88452  1.189696  104.0  127.32423  3.597383   84.0  297.106246  18.14895  162.0  331.857797  30.713301   96.0
FAILURE!!!! Some beads might have been misidentified
               x1        y1  area1          x2        y2  area2          x3         y3  area3          x4         y4  area4
range  331.895081  1.068801  106.0  127.326403  3.656084   82.0  297.113866  18.134414  165.0  331.875613  30.648134   89.0
FAILURE!!!! Some beads might have been misidentified
               x1        y1  area1          x2        y2  area2          x3         y3  area3          x4         y4  area4
range  331.911996  1.090792  106.0  127.328331  3.663653   81.0  297.131809  18.115751  164.0  331.876519  30.681963   90.0
FAILURE!!!! Some beads might have been misidentified
               x1        y1  area1          x2        y2  area2          x3         y3  area3          x4         y4  area4
range  331.895081  1.068745  105.0  127.313026  3.661912   83.0  297.113866  18.091022  164.0  331.862914  30.672409   92.0
FAILURE!!!! Some beads might have been misidentified
               x1        y1  area1          x2        y2  area2          x3         y3  area3          x4         y4  area4
range  331.911996  1.079772  106.0  127.331469  3.672722   81.0  297.113866  18.129672  166.0  331.880984  30.659057   90.0
FAILURE!!!! Some beads might have been misidentified
               x1       y1  area1          x2        y2  area2          x3         y3  area3          x4         y4  area4
range  331.930062  1.10321  103.0  127.052679  3.638916   83.0  297.253403  18.090341  170.0  331.916004  30.639171   90.0
FAILURE!!!! Some beads might have been misidentified
               x1        y1  area1          x2       y2  area2          x3         y3  area3          x4         y4  area4
range  331.856696  1.092918  103.0  127.449114  3.65971   78.0  297.079083  18.116901  171.0  331.846385  30.670662   90.0
FAILURE!!!! Some beads might have been misidentified
               x1        y1  area1         x2        y2  area2          x3         y3  area3          x4         y4  area4
range  332.011908  1.034243  103.0  127.28205  3.654162   77.0  297.050241  18.090341  170.0  332.102548  30.653771   87.0
FAILURE!!!! Some beads might have been misidentified
               x1        y1  area1          x2        y2  area2          x3         y3  area3          x4         y4  area4
range  331.726178  1.065036  105.0  127.385684  3.608531   81.0  297.249892  18.124208  165.0  331.736547  30.676326   94.0
FAILURE!!!! Some beads might have been misidentified
Residual vector length: 210, Jacobian shape: (210, 6)
view   0 | SOD= 560.955 mm | SDD= 761.018 mm | M= 1.357 | incident=2.9645°
[[ 135.38316    -543.7983      -25.008966  ]
 [ -43.977245    194.95328       9.991034  ]
 [   0.14450017    0.03872805    0.        ]
 [   0.            0.            0.1496    ]]
               x1       y1  area1          x2        y2  area2          x3         y3  area3          x4         y4  area4
range  331.947632  1.10661  106.0  127.283749  3.679652   80.0  297.223536  18.105445  164.0  331.903305  30.655392   93.0
FAILURE!!!! Some beads might have been misidentified

iter 15 cost=3.714510 -> 2.838749 |dtheta|=6.488024e-02  lambda=1.000e-06

============================================================
Iteration 16
============================================================
Theta offsets (Unity frame):
  Source   : dSx=   0.000, dSy=   0.000, dSz=   0.000  (mm)
  Object   : dOx= -14.995, dOy= -12.009, dOz= -21.691  (mm)
  Object offset: offset_x=   0.004, offset_z=  -0.001  (mm)
  Detector : dDx=   0.000, dDy=   0.000, dDz=   0.000  (mm)
  Obj Stage rotY :   15.003 deg
============================================================

Unity geometry (world coordinates):
  Source   : x= -10.000, y=  55.000, z=   0.000
  Object   : x=   0.005, y=  29.991, z= 560.309
  Detector : x=   8.000, y=  20.000, z= 760.000
  Obj rotY :   0.0000 deg
view   0 | SOD= 560.955 mm | SDD= 761.018 mm | M= 1.357 | incident=2.9645°
[[ 135.38316    -543.7983      -25.008966  ]
 [ -43.977245    194.95328       9.991034  ]
 [   0.14450017    0.03872805    0.        ]
 [   0.            0.            0.1496    ]]
               x1       y1  area1          x2        y2  area2          x3         y3  area3          x4         y4  area4
range  331.947632  1.10661  106.0  127.283749  3.679652   80.0  297.223536  18.105445  164.0  331.903305  30.655392   93.0
FAILURE!!!! Some beads might have been misidentified
               x1        y1  area1          x2       y2  area2          x3         y3  area3          x4         y4  area4
range  331.906615  1.116285  105.0  127.257504  3.65716   83.0  297.299035  18.133597  165.0  331.985309  30.616876   93.0
FAILURE!!!! Some beads might have been misidentified
               x1       y1  area1          x2        y2  area2          x3         y3  area3          x4         y4  area4
range  331.926673  1.13453  104.0  127.201644  3.633456   82.0  297.149198  18.102233  171.0  331.988087  30.669684   88.0
FAILURE!!!! Some beads might have been misidentified
               x1        y1  area1          x2        y2  area2          x3         y3  area3          x4         y4  area4
range  331.915767  1.187433  106.0  127.281098  3.664044   86.0  297.159756  18.065192  164.0  331.957918  30.551491   87.0
FAILURE!!!! Some beads might have been misidentified
               x1       y1  area1          x2        y2  area2          x3         y3  area3         x4         y4  area4
range  331.909698  1.10551  104.0  127.328671  3.594754   85.0  297.205637  18.166136  160.0  331.97216  30.690257   97.0
FAILURE!!!! Some beads might have been misidentified
               x1       y1  area1          x2        y2  area2          x3         y3  area3          x4         y4  area4
range  331.947632  1.10661  106.0  127.265358  3.679652   79.0  297.218446  18.105445  164.0  331.903305  30.638713   93.0
FAILURE!!!! Some beads might have been misidentified
               x1       y1  area1          x2        y2  area2          x3         y3  area3          x4         y4  area4
range  331.947632  1.10661  106.0  127.283749  3.652877   80.0  297.223536  18.105445  164.0  331.907399  30.655392   93.0
FAILURE!!!! Some beads might have been misidentified
               x1        y1  area1          x2        y2  area2          x3         y3  area3          x4         y4  area4
range  331.947632  1.088581  105.0  127.265358  3.667095   83.0  297.218446  18.099258  165.0  331.903305  30.666041   90.0
FAILURE!!!! Some beads might have been misidentified
               x1        y1  area1          x2        y2  area2          x3         y3  area3          x4         y4  area4
range  331.947632  1.104465  106.0  127.283749  3.664692   79.0  297.223536  18.125061  164.0  331.903305  30.623273   91.0
FAILURE!!!! Some beads might have been misidentified
               x1       y1  area1          x2        y2  area2          x3         y3  area3          x4         y4  area4
range  331.966316  1.12502  103.0  127.016202  3.699147   83.0  297.294222  18.090461  172.0  331.976737  30.626113   92.0
FAILURE!!!! Some beads might have been misidentified
               x1        y1  area1          x2        y2  area2          x3         y3  area3          x4        y4  area4
range  331.947632  1.121623  107.0  127.442946  3.686912   81.0  297.090662  18.133175  165.0  331.895825  30.65597   93.0
FAILURE!!!! Some beads might have been misidentified
               x1        y1  area1          x2        y2  area2          x3         y3  area3          x4         y4  area4
range  332.060495  1.069401  106.0  127.200025  3.675565   81.0  297.069323  18.115355  165.0  332.148796  30.644326   94.0
FAILURE!!!! Some beads might have been misidentified
               x1        y1  area1          x2        y2  area2          x3         y3  area3          x4         y4  area4
range  331.780772  1.087736  106.0  127.347844  3.616087   84.0  297.327499  18.108484  166.0  331.808636  30.655392   95.0
FAILURE!!!! Some beads might have been misidentified
Residual vector length: 210, Jacobian shape: (210, 6)
view   0 | SOD= 560.850 mm | SDD= 761.018 mm | M= 1.357 | incident=2.9645°
[[ 135.24673    -543.72424     -25.009369  ]
 [ -43.959538    195.06473       9.990631  ]
 [   0.14450824    0.0386979     0.        ]
 [   0.            0.            0.1496    ]]
               x1        y1  area1          x2        y2  area2          x3         y3  area3          x4         y4  area4
range  332.038018  1.088581  107.0  127.340041  3.644117   79.0  297.164029  18.193643  160.0  332.080561  30.663252   96.0
FAILURE!!!! Some beads might have been misidentified

iter 16 cost=2.838749 -> 1.634477 |dtheta|=1.116040e-01  lambda=1.000e-06

============================================================
Iteration 17
============================================================
Theta offsets (Unity frame):
  Source   : dSx=   0.000, dSy=   0.000, dSz=   0.000  (mm)
  Object   : dOx= -14.996, dOy= -12.009, dOz= -21.801  (mm)
  Object offset: offset_x=   0.001, offset_z=   0.005  (mm)
  Detector : dDx=   0.000, dDy=   0.000, dDz=   0.000  (mm)
  Obj Stage rotY :   14.992 deg
============================================================

Unity geometry (world coordinates):
  Source   : x= -10.000, y=  55.000, z=   0.000
  Object   : x=   0.004, y=  29.991, z= 560.198
  Detector : x=   8.000, y=  20.000, z= 760.000
  Obj rotY :   0.0000 deg
view   0 | SOD= 560.850 mm | SDD= 761.018 mm | M= 1.357 | incident=2.9645°
[[ 135.24673    -543.72424     -25.009369  ]
 [ -43.959538    195.06473       9.990631  ]
 [   0.14450824    0.0386979     0.        ]
 [   0.            0.            0.1496    ]]
               x1        y1  area1          x2        y2  area2          x3         y3  area3          x4         y4  area4
range  332.038018  1.088581  107.0  127.340041  3.644117   79.0  297.164029  18.193643  160.0  332.080561  30.663252   96.0
FAILURE!!!! Some beads might have been misidentified
               x1       y1  area1         x2        y2  area2          x3         y3  area3          x4         y4  area4
range  332.070575  1.11416  107.0  127.30727  3.662175   76.0  297.180101  18.185016  165.0  332.131571  30.603765   97.0
FAILURE!!!! Some beads might have been misidentified
               x1        y1  area1          x2        y2  area2          x3         y3  area3          x4         y4  area4
range  332.146462  1.130796  102.0  127.273483  3.635202   76.0  297.095043  18.138964  171.0  332.161262  30.676771   91.0
FAILURE!!!! Some beads might have been misidentified
               x1        y1  area1         x2        y2  area2          x3         y3  area3          x4         y4  area4
range  332.090845  1.205101  106.0  127.33447  3.683148   80.0  297.157577  18.100721  164.0  332.123302  30.658521   94.0
FAILURE!!!! Some beads might have been misidentified
               x1        y1  area1          x2        y2  area2          x3         y3  area3          x4         y4  area4
range  332.045614  1.123399  100.0  127.295259  3.605592   86.0  297.176747  18.247116  168.0  332.064047  30.693059   92.0
FAILURE!!!! Some beads might have been misidentified
               x1        y1  area1          x2        y2  area2          x3         y3  area3          x4        y4  area4
range  332.014056  1.088581  106.0  127.322092  3.661716   80.0  297.160256  18.175629  159.0  332.080561  30.67146   95.0
FAILURE!!!! Some beads might have been misidentified
               x1        y1  area1          x2       y2  area2          x3         y3  area3          x4         y4  area4
range  332.027084  1.124011  107.0  127.340041  3.64402   79.0  297.182067  18.178424  158.0  332.080561  30.656026   97.0
FAILURE!!!! Some beads might have been misidentified
               x1       y1  area1          x2        y2  area2          x3         y3  area3          x4         y4  area4
range  332.042723  1.08151  109.0  127.357599  3.656937   79.0  297.178294  18.168684  157.0  332.080561  30.695718  100.0
FAILURE!!!! Some beads might have been misidentified
               x1        y1  area1          x2        y2  area2          x3         y3  area3          x4         y4  area4
range  332.027084  1.113628  105.0  127.340041  3.661716   80.0  297.164029  18.184154  160.0  332.080561  30.661182   98.0
FAILURE!!!! Some beads might have been misidentified
               x1        y1  area1          x2        y2  area2          x3        y3  area3          x4         y4  area4
range  332.121318  1.141116  104.0  127.094751  3.682146   84.0  297.266002  18.13281  170.0  332.096473  30.602618   91.0
FAILURE!!!! Some beads might have been misidentified
               x1        y1  area1          x2        y2  area2          x3         y3  area3          x4         y4  area4
range  331.995414  1.103839  104.0  127.485861  3.694066   79.0  297.015048  18.186032  165.0  332.039575  30.677918   96.0
FAILURE!!!! Some beads might have been misidentified
               x1        y1  area1          x2        y2  area2          x3         y3  area3          x4         y4  area4
range  332.319616  1.095339  104.0  127.302789  3.634855   74.0  296.944166  18.151603  165.0  332.303484  30.668023   92.0
FAILURE!!!! Some beads might have been misidentified
              x1        y1  area1          x2        y2  area2          x3         y3  area3          x4         y4  area4
range  331.89742  1.088392  105.0  127.411837  3.667874   81.0  297.297942  18.202261  163.0  331.989506  30.664234   94.0
FAILURE!!!! Some beads might have been misidentified
Residual vector length: 210, Jacobian shape: (210, 6)
view   0 | SOD= 560.746 mm | SDD= 761.018 mm | M= 1.357 | incident=2.9645°
[[ 135.34106    -543.59357     -25.004177  ]
 [ -44.023674    195.15694       9.995823  ]
 [   0.14449994    0.0387289     0.        ]
 [   0.            0.            0.1496    ]]
               x1        y1  area1         x2        y2  area2          x3         y3  area3          x4       y4  area4
range  332.086685  1.209798  108.0  127.38887  3.657028   82.0  297.215343  18.187568  161.0  332.123221  30.6898   92.0
FAILURE!!!! Some beads might have been misidentified

iter 17 cost=1.634477 -> 0.840019 |dtheta|=1.043243e-01  lambda=1.000e-06

============================================================
Iteration 18
============================================================
Theta offsets (Unity frame):
  Source   : dSx=   0.000, dSy=   0.000, dSz=   0.000  (mm)
  Object   : dOx= -14.999, dOy= -12.004, dOz= -21.905  (mm)
  Object offset: offset_x=  -0.001, offset_z=   0.004  (mm)
  Detector : dDx=   0.000, dDy=   0.000, dDz=   0.000  (mm)
  Obj Stage rotY :   15.004 deg
============================================================

Unity geometry (world coordinates):
  Source   : x= -10.000, y=  55.000, z=   0.000
  Object   : x=   0.001, y=  29.996, z= 560.095
  Detector : x=   8.000, y=  20.000, z= 760.000
  Obj rotY :   0.0000 deg
view   0 | SOD= 560.746 mm | SDD= 761.018 mm | M= 1.357 | incident=2.9645°
[[ 135.34106    -543.59357     -25.004177  ]
 [ -44.023674    195.15694       9.995823  ]
 [   0.14449994    0.0387289     0.        ]
 [   0.            0.            0.1496    ]]
               x1        y1  area1         x2        y2  area2          x3         y3  area3          x4       y4  area4
range  332.086685  1.209798  108.0  127.38887  3.657028   82.0  297.215343  18.187568  161.0  332.123221  30.6898   92.0
FAILURE!!!! Some beads might have been misidentified
               x1        y1  area1          x2       y2  area2          x3         y3  area3          x4         y4  area4
range  332.149456  1.153523  106.0  127.356637  3.67715   77.0  297.243043  18.198553  161.0  332.149164  30.661111   99.0
FAILURE!!!! Some beads might have been misidentified
               x1        y1  area1          x2        y2  area2          x3         y3  area3          x4         y4  area4
range  332.170987  1.162939  107.0  127.319392  3.638763   80.0  297.143477  18.135579  171.0  332.154977  30.750934   95.0
FAILURE!!!! Some beads might have been misidentified
               x1        y1  area1          x2        y2  area2         x3         y3  area3         x4         y4  area4
range  332.148594  1.260638  106.0  127.379528  3.682792   79.0  297.19795  18.114745  164.0  332.16182  30.733003   97.0
FAILURE!!!! Some beads might have been misidentified
               x1        y1  area1          x2        y2  area2        x3         y3  area3          x4         y4  area4
range  332.095127  1.059112  103.0  127.349044  3.604478   84.0  297.2331  18.245092  167.0  332.144749  30.746738   94.0
FAILURE!!!! Some beads might have been misidentified
               x1        y1  area1         x2        y2  area2          x3         y3  area3          x4         y4  area4
range  332.086685  1.209798  107.0  127.38887  3.657028   82.0  297.212574  18.169603  160.0  332.103626  30.707214   92.0
FAILURE!!!! Some beads might have been misidentified
               x1        y1  area1         x2        y2  area2          x3         y3  area3          x4         y4  area4
range  332.096398  1.209798  107.0  127.38887  3.657028   82.0  297.196846  18.184871  160.0  332.157321  30.676286   92.0
FAILURE!!!! Some beads might have been misidentified
               x1        y1  area1         x2        y2  area2          x3         y3  area3          x4         y4  area4
range  332.086685  1.177011  106.0  127.38887  3.645796   82.0  297.203836  18.133644  162.0  332.108384  30.680625   94.0
FAILURE!!!! Some beads might have been misidentified
               x1        y1  area1          x2        y2  area2          x3         y3  area3          x4         y4  area4
range  332.137958  1.190426  109.0  127.403424  3.675565   81.0  297.212574  18.211621  159.0  332.123221  30.739523   95.0
FAILURE!!!! Some beads might have been misidentified
               x1        y1  area1          x2        y2  area2          x3        y3  area3          x4         y4  area4
range  332.183643  1.153523  108.0  127.184356  3.691259   80.0  297.308567  18.13281  164.0  332.134422  30.713168   98.0
FAILURE!!!! Some beads might have been misidentified
               x1        y1  area1          x2        y2  area2          x3        y3  area3          x4         y4  area4
range  332.061847  1.172708  106.0  127.503999  3.657028   82.0  297.130846  18.18773  166.0  332.102461  30.698878   97.0
FAILURE!!!! Some beads might have been misidentified
               x1        y1  area1          x2        y2  area2          x3         y3  area3          x4         y4  area4
range  332.360259  1.189968  107.0  127.343675  3.652873   73.0  297.048385  18.115585  166.0  332.316742  30.680625   93.0
FAILURE!!!! Some beads might have been misidentified
               x1        y1  area1          x2        y2  area2          x3         y3  area3          x4         y4  area4
range  331.960183  1.185304  106.0  127.439412  3.669443   81.0  297.320786  18.172619  160.0  331.960762  30.732415   95.0
FAILURE!!!! Some beads might have been misidentified
Residual vector length: 210, Jacobian shape: (210, 6)
view   0 | SOD= 560.694 mm | SDD= 761.018 mm | M= 1.357 | incident=2.9645°
[[ 135.30414    -543.54877     -25.00119   ]
 [ -44.028603    195.20947       9.99881   ]
 [   0.14450161    0.03872264    0.        ]
 [   0.            0.            0.1496    ]]
               x1        y1  area1          x2        y2  area2         x3         y3  area3         x4         y4  area4
range  332.054884  1.217484  107.0  127.415817  3.657923   84.0  297.29463  18.195621  160.0  332.10321  30.701679   94.0
FAILURE!!!! Some beads might have been misidentified

iter 18 cost=0.840019 -> 0.657507 |dtheta|=4.909566e-02  lambda=1.000e-06

============================================================
Iteration 19
============================================================
Theta offsets (Unity frame):
  Source   : dSx=   0.000, dSy=   0.000, dSz=   0.000  (mm)
  Object   : dOx= -15.000, dOy= -12.001, dOz= -21.954  (mm)
  Object offset: offset_x=  -0.000, offset_z=   0.001  (mm)
  Detector : dDx=   0.000, dDy=   0.000, dDz=   0.000  (mm)
  Obj Stage rotY :   15.001 deg
============================================================

Unity geometry (world coordinates):
  Source   : x= -10.000, y=  55.000, z=   0.000
  Object   : x=   0.000, y=  29.999, z= 560.046
  Detector : x=   8.000, y=  20.000, z= 760.000
  Obj rotY :   0.0000 deg
view   0 | SOD= 560.694 mm | SDD= 761.018 mm | M= 1.357 | incident=2.9645°
[[ 135.30414    -543.54877     -25.00119   ]
 [ -44.028603    195.20947       9.99881   ]
 [   0.14450161    0.03872264    0.        ]
 [   0.            0.            0.1496    ]]
               x1        y1  area1          x2        y2  area2         x3         y3  area3         x4         y4  area4
range  332.054884  1.217484  107.0  127.415817  3.657923   84.0  297.29463  18.195621  160.0  332.10321  30.701679   94.0
FAILURE!!!! Some beads might have been misidentified
               x1        y1  area1         x2        y2  area2          x3         y3  area3          x4         y4  area4
range  332.109519  1.188098  105.0  127.36577  3.709849   76.0  297.330057  18.207681  165.0  332.122527  30.652711   97.0
FAILURE!!!! Some beads might have been misidentified
               x1        y1  area1          x2       y2  area2          x3        y3  area3          x4         y4  area4
range  332.114041  1.184221  106.0  127.354664  3.63997   85.0  297.199879  18.10541  169.0  332.114447  30.725724   95.0
FAILURE!!!! Some beads might have been misidentified
               x1        y1  area1          x2        y2  area2          x3         y3  area3          x4         y4  area4
range  332.119433  1.299575  106.0  127.339662  3.635101   80.0  297.291484  18.117754  166.0  332.091447  30.722706   98.0
FAILURE!!!! Some beads might have been misidentified
               x1        y1  area1          x2        y2  area2          x3         y3  area3          x4         y4  area4
range  332.057123  1.086802  105.0  127.385186  3.599095   85.0  297.325357  18.235627  164.0  332.135516  30.697063   97.0
FAILURE!!!! Some beads might have been misidentified
               x1        y1  area1          x2        y2  area2          x3         y3  area3         x4         y4  area4
range  332.054884  1.217484  107.0  127.415817  3.674481   85.0  297.233972  18.195621  160.0  332.10321  30.733789   94.0
FAILURE!!!! Some beads might have been misidentified
               x1        y1  area1          x2        y2  area2          x3         y3  area3         x4         y4  area4
range  332.054884  1.217484  107.0  127.415817  3.657923   84.0  297.304136  18.188473  158.0  332.10321  30.688166   93.0
FAILURE!!!! Some beads might have been misidentified
               x1        y1  area1          x2       y2  area2         x3         y3  area3         x4         y4  area4
range  332.054884  1.209798  106.0  127.415817  3.66797   85.0  297.31125  18.187568  161.0  332.10321  30.676286   93.0
FAILURE!!!! Some beads might have been misidentified
               x1        y1  area1          x2        y2  area2         x3         y3  area3         x4         y4  area4
range  332.054884  1.212993  106.0  127.415817  3.675711   82.0  297.29463  18.184937  160.0  332.11742  30.725762   95.0
FAILURE!!!! Some beads might have been misidentified
               x1        y1  area1          x2        y2  area2          x3        y3  area3          x4         y4  area4
range  332.139985  1.182351  106.0  127.186659  3.680624   75.0  297.368444  18.13281  168.0  332.136256  30.655745   95.0
FAILURE!!!! Some beads might have been misidentified
               x1        y1  area1          x2        y2  area2          x3         y3  area3          x4         y4  area4
range  332.054884  1.189968  105.0  127.510875  3.675565   81.0  297.175382  18.186446  166.0  332.055664  30.722691   98.0
FAILURE!!!! Some beads might have been misidentified
               x1        y1  area1          x2        y2  area2          x3         y3  area3          x4         y4  area4
range  332.295072  1.201493  107.0  127.361654  3.673746   79.0  297.142046  18.151603  163.0  332.289869  30.688166   94.0
FAILURE!!!! Some beads might have been misidentified
               x1   y1  area1          x2        y2  area2          x3        y3  area3          x4         y4  area4
range  331.936568  1.2  108.0  127.461094  3.671782   75.0  297.389948  18.15724  160.0  331.965469  30.739523   96.0
FAILURE!!!! Some beads might have been misidentified
Residual vector length: 210, Jacobian shape: (210, 6)
view   0 | SOD= 560.677 mm | SDD= 761.018 mm | M= 1.357 | incident=2.9645°
[[ 135.31337    -543.5288      -25.001537  ]
 [ -44.037136    195.22514       9.998463  ]
 [   0.14450069    0.03872612    0.        ]
 [   0.            0.            0.1496    ]]
               x1        y1  area1          x2        y2  area2          x3         y3  area3          x4         y4  area4
range  332.054884  1.217484  106.0  127.415817  3.663838   79.0  297.306186  18.164211  160.0  332.094457  30.709353   93.0
FAILURE!!!! Some beads might have been misidentified

iter 19 cost=0.657507 -> 0.643125 |dtheta|=1.607209e-02  lambda=1.000e-06

============================================================
Iteration 20
============================================================
Theta offsets (Unity frame):
  Source   : dSx=   0.000, dSy=   0.000, dSz=   0.000  (mm)
  Object   : dOx= -15.001, dOy= -12.002, dOz= -21.970  (mm)
  Object offset: offset_x=  -0.000, offset_z=  -0.001  (mm)
  Detector : dDx=   0.000, dDy=   0.000, dDz=   0.000  (mm)
  Obj Stage rotY :   15.003 deg
============================================================

Unity geometry (world coordinates):
  Source   : x= -10.000, y=  55.000, z=   0.000
  Object   : x=  -0.001, y=  29.998, z= 560.030
  Detector : x=   8.000, y=  20.000, z= 760.000
  Obj rotY :   0.0000 deg
view   0 | SOD= 560.677 mm | SDD= 761.018 mm | M= 1.357 | incident=2.9645°
[[ 135.31337    -543.5288      -25.001537  ]
 [ -44.037136    195.22514       9.998463  ]
 [   0.14450069    0.03872612    0.        ]
 [   0.            0.            0.1496    ]]
               x1        y1  area1          x2        y2  area2          x3         y3  area3          x4         y4  area4
range  332.054884  1.217484  106.0  127.415817  3.663838   79.0  297.306186  18.164211  160.0  332.094457  30.709353   93.0
FAILURE!!!! Some beads might have been misidentified
               x1        y1  area1          x2        y2  area2          x3         y3  area3          x4         y4  area4
range  332.109519  1.188098  105.0  127.385995  3.704072   79.0  297.351795  18.207681  165.0  332.119024  30.640968   97.0
FAILURE!!!! Some beads might have been misidentified
               x1        y1  area1          x2        y2  area2          x3         y3  area3          x4         y4  area4
range  332.098644  1.184221  106.0  127.354664  3.656053   85.0  297.235469  18.138156  170.0  332.072912  30.742609   93.0
FAILURE!!!! Some beads might have been misidentified
               x1        y1  area1          x2        y2  area2          x3         y3  area3          x4         y4  area4
range  332.119433  1.299575  106.0  127.363708  3.652688   81.0  297.300777  18.125061  165.0  332.085524  30.721228   96.0
FAILURE!!!! Some beads might have been misidentified
               x1        y1  area1          x2        y2  area2          x3         y3  area3          x4        y4  area4
range  332.054554  1.082327  105.0  127.381628  3.607651   85.0  297.356107  18.235131  165.0  332.093361  30.66258   99.0
FAILURE!!!! Some beads might have been misidentified
               x1        y1  area1          x2        y2  area2          x3         y3  area3          x4         y4  area4
range  332.054884  1.217484  106.0  127.415817  3.648757   83.0  297.308132  18.164211  160.0  332.072782  30.699934   92.0
FAILURE!!!! Some beads might have been misidentified
               x1        y1  area1          x2        y2  area2          x3         y3  area3          x4        y4  area4
range  332.054884  1.217484  107.0  127.415817  3.688801   78.0  297.329992  18.175741  159.0  332.123798  30.74431   93.0
FAILURE!!!! Some beads might have been misidentified
               x1        y1  area1          x2       y2  area2          x3         y3  area3          x4         y4  area4
range  332.054884  1.209798  106.0  127.415817  3.68643   79.0  297.304136  18.153614  160.0  332.094457  30.720013   95.0
FAILURE!!!! Some beads might have been misidentified
               x1        y1  area1          x2       y2  area2          x3         y3  area3          x4         y4  area4
range  332.054884  1.218085  106.0  127.415817  3.69083   78.0  297.315741  18.166243  160.0  332.106317  30.711742   95.0
FAILURE!!!! Some beads might have been misidentified
               x1        y1  area1          x2        y2  area2         x3         y3  area3          x4         y4  area4
range  332.104794  1.181487  106.0  127.212531  3.688591   78.0  297.38681  18.123706  169.0  332.130688  30.655745   93.0
FAILURE!!!! Some beads might have been misidentified
               x1        y1  area1          x2        y2  area2          x3         y3  area3          x4         y4  area4
range  332.023564  1.189968  105.0  127.546146  3.666615   78.0  297.182828  18.171771  166.0  332.058756  30.739576   97.0
FAILURE!!!! Some beads might have been misidentified
               x1        y1  area1         x2        y2  area2          x3         y3  area3          x4         y4  area4
range  332.295072  1.201493  106.0  127.38887  3.652355   79.0  297.145689  18.151603  163.0  332.237997  30.691246   92.0
FAILURE!!!! Some beads might have been misidentified
               x1   y1  area1          x2        y2  area2          x3         y3  area3          x4         y4  area4
range  331.919576  1.2  107.0  127.439412  3.682993   77.0  297.418858  18.141942  161.0  331.936318  30.755294   95.0
FAILURE!!!! Some beads might have been misidentified
Residual vector length: 210, Jacobian shape: (210, 6)
view   0 | SOD= 560.665 mm | SDD= 761.018 mm | M= 1.357 | incident=2.9645°
[[ 135.3113     -543.51733     -25.001507  ]
 [ -44.039932    195.23647       9.998493  ]
 [   0.14450064    0.03872626    0.        ]
 [   0.            0.            0.1496    ]]
               x1        y1  area1         x2        y2  area2          x3         y3  area3          x4        y4  area4
range  332.054884  1.217484  106.0  127.40326  3.690963   78.0  297.329992  18.175741  159.0  332.138611  30.74431   93.0
FAILURE!!!! Some beads might have been misidentified

iter 20 cost=0.643125 -> 0.631763 |dtheta|=1.194727e-02  lambda=1.000e-06

============================================================
Iteration 21
============================================================
Theta offsets (Unity frame):
  Source   : dSx=   0.000, dSy=   0.000, dSz=   0.000  (mm)
  Object   : dOx= -15.001, dOy= -12.002, dOz= -21.982  (mm)
  Object offset: offset_x=  -0.000, offset_z=  -0.000  (mm)
  Detector : dDx=   0.000, dDy=   0.000, dDz=   0.000  (mm)
  Obj Stage rotY :   15.003 deg
============================================================

Unity geometry (world coordinates):
  Source   : x= -10.000, y=  55.000, z=   0.000
  Object   : x=  -0.001, y=  29.998, z= 560.018
  Detector : x=   8.000, y=  20.000, z= 760.000
  Obj rotY :   0.0000 deg
view   0 | SOD= 560.665 mm | SDD= 761.018 mm | M= 1.357 | incident=2.9645°
[[ 135.3113     -543.51733     -25.001507  ]
 [ -44.039932    195.23647       9.998493  ]
 [   0.14450064    0.03872626    0.        ]
 [   0.            0.            0.1496    ]]
               x1        y1  area1         x2        y2  area2          x3         y3  area3          x4        y4  area4
range  332.054884  1.217484  106.0  127.40326  3.690963   78.0  297.329992  18.175741  159.0  332.138611  30.74431   93.0
FAILURE!!!! Some beads might have been misidentified
               x1        y1  area1          x2        y2  area2          x3         y3  area3         x4         y4  area4
range  332.109519  1.188098  105.0  127.385995  3.715079   78.0  297.355351  18.188977  166.0  332.12947  30.697112   97.0
FAILURE!!!! Some beads might have been misidentified
               x1        y1  area1          x2        y2  area2          x3         y3  area3         x4         y4  area4
range  332.114041  1.184221  106.0  127.375549  3.656053   80.0  297.219859  18.138156  171.0  332.06686  30.725182   93.0
FAILURE!!!! Some beads might have been misidentified
               x1        y1  area1          x2        y2  area2         x3         y3  area3          x4         y4  area4
range  332.119433  1.299575  108.0  127.385234  3.652688   80.0  297.30156  18.138475  162.0  332.088155  30.695718   99.0
FAILURE!!!! Some beads might have been misidentified
               x1        y1  area1          x2        y2  area2          x3         y3  area3          x4        y4  area4
range  332.054554  1.104163  105.0  127.381628  3.594754   84.0  297.340692  18.235131  165.0  332.091989  30.65758  102.0
FAILURE!!!! Some beads might have been misidentified
               x1        y1  area1          x2        y2  area2          x3         y3  area3          x4         y4  area4
range  332.054884  1.217484  106.0  127.415817  3.673041   79.0  297.306186  18.164211  160.0  332.094457  30.709353   93.0
FAILURE!!!! Some beads might have been misidentified
               x1        y1  area1          x2        y2  area2         x3         y3  area3          x4        y4  area4
range  332.054884  1.217484  105.0  127.439412  3.690963   78.0  297.32425  18.186497  163.0  332.138611  30.74431   92.0
FAILURE!!!! Some beads might have been misidentified
               x1        y1  area1          x2        y2  area2          x3         y3  area3          x4         y4  area4
range  332.054884  1.192553  106.0  127.415817  3.688801   77.0  297.320437  18.153614  160.0  332.123798  30.754934   95.0
FAILURE!!!! Some beads might have been misidentified
               x1        y1  area1          x2        y2  area2          x3         y3  area3          x4         y4  area4
range  332.054884  1.203408  106.0  127.429429  3.675711   82.0  297.304136  18.154459  160.0  332.137872  30.681333   94.0
FAILURE!!!! Some beads might have been misidentified
               x1        y1  area1          x2        y2  area2          x3         y3  area3          x4         y4  area4
range  332.123669  1.171161  106.0  127.212939  3.706138   79.0  297.396365  18.138547  171.0  332.183529  30.694461   93.0
FAILURE!!!! Some beads might have been misidentified
               x1        y1  area1          x2        y2  area2          x3         y3  area3          x4         y4  area4
range  332.042224  1.189968  105.0  127.546146  3.666615   78.0  297.191587  18.156473  167.0  332.094106  30.727832   96.0
FAILURE!!!! Some beads might have been misidentified
               x1        y1  area1         x2        y2  area2          x3         y3  area3          x4         y4  area4
range  332.295072  1.201493  106.0  127.38887  3.661395   80.0  297.141725  18.148409  162.0  332.277265  30.709353   93.0
FAILURE!!!! Some beads might have been misidentified
               x1   y1  area1          x2        y2  area2          x3         y3  area3          x4         y4  area4
range  331.928487  1.2  107.0  127.452563  3.666554   77.0  297.422647  18.141942  161.0  331.919065  30.744713   96.0
FAILURE!!!! Some beads might have been misidentified
Residual vector length: 210, Jacobian shape: (210, 6)
view   0 | SOD= 560.659 mm | SDD= 761.018 mm | M= 1.357 | incident=2.9645°
[[ 135.24283    -543.52783     -25.000847  ]
 [ -44.017464    195.24803       9.999153  ]
 [   0.14450541    0.03870847    0.        ]
 [   0.            0.            0.1496    ]]
               x1        y1  area1          x2       y2  area2          x3         y3  area3          x4         y4  area4
range  332.089288  1.232162  106.0  127.415817  3.69083   77.0  297.315741  18.175741  159.0  332.137872  30.694802   94.0
FAILURE!!!! Some beads might have been misidentified

iter 21 cost=0.631763 -> 0.565170 |dtheta|=9.516653e-03  lambda=1.000e-06

============================================================
Iteration 22
============================================================
Theta offsets (Unity frame):
  Source   : dSx=   0.000, dSy=   0.000, dSz=   0.000  (mm)
  Object   : dOx= -15.001, dOy= -12.001, dOz= -21.988  (mm)
  Object offset: offset_x=   0.000, offset_z=  -0.000  (mm)
  Detector : dDx=   0.000, dDy=   0.000, dDz=   0.000  (mm)
  Obj Stage rotY :   14.996 deg
============================================================

Unity geometry (world coordinates):
  Source   : x= -10.000, y=  55.000, z=   0.000
  Object   : x=  -0.001, y=  29.999, z= 560.012
  Detector : x=   8.000, y=  20.000, z= 760.000
  Obj rotY :   0.0000 deg
view   0 | SOD= 560.659 mm | SDD= 761.018 mm | M= 1.357 | incident=2.9645°
[[ 135.24283    -543.52783     -25.000847  ]
 [ -44.017464    195.24803       9.999153  ]
 [   0.14450541    0.03870847    0.        ]
 [   0.            0.            0.1496    ]]
               x1        y1  area1          x2       y2  area2          x3         y3  area3          x4         y4  area4
range  332.089288  1.232162  106.0  127.415817  3.69083   77.0  297.315741  18.175741  159.0  332.137872  30.694802   94.0
FAILURE!!!! Some beads might have been misidentified
               x1        y1  area1          x2        y2  area2          x3         y3  area3         x4         y4  area4
range  332.109519  1.186837  106.0  127.385995  3.715079   78.0  297.355593  18.188977  166.0  332.12947  30.692505   96.0
FAILURE!!!! Some beads might have been misidentified
               x1        y1  area1          x2        y2  area2          x3         y3  area3         x4      y4  area4
range  332.098644  1.201493  109.0  127.336445  3.656053   80.0  297.277431  18.124626  171.0  332.06686  30.708   94.0
FAILURE!!!! Some beads might have been misidentified
               x1        y1  area1          x2        y2  area2          x3         y3  area3          x4         y4  area4
range  332.119433  1.307724  105.0  127.348707  3.652688   79.0  297.295923  18.133733  164.0  332.105308  30.698696   95.0
FAILURE!!!! Some beads might have been misidentified
               x1        y1  area1          x2        y2  area2          x3         y3  area3         x4         y4  area4
range  332.057123  1.079745  104.0  127.385186  3.583612   85.0  297.340692  18.245815  166.0  332.10833  30.633414  101.0
FAILURE!!!! Some beads might have been misidentified
               x1        y1  area1          x2        y2  area2          x3         y3  area3          x4         y4  area4
range  332.089288  1.217484  106.0  127.415817  3.655354   78.0  297.317669  18.175741  159.0  332.139347  30.711742   95.0
FAILURE!!!! Some beads might have been misidentified
               x1        y1  area1          x2        y2  area2          x3         y3  area3          x4        y4  area4
range  332.089288  1.232162  106.0  127.415817  3.708569   78.0  297.329992  18.163956  159.0  332.138611  30.74158   94.0
FAILURE!!!! Some beads might have been misidentified
               x1        y1  area1          x2        y2  area2          x3         y3  area3          x4        y4  area4
range  332.089288  1.217484  106.0  127.415817  3.660055   80.0  297.315741  18.169032  160.0  332.138611  30.74431   93.0
FAILURE!!!! Some beads might have been misidentified
               x1        y1  area1          x2       y2  area2          x3         y3  area3          x4         y4  area4
range  332.089288  1.189655  106.0  127.415817  3.69083   78.0  297.315741  18.164688  160.0  332.149734  30.707387   95.0
FAILURE!!!! Some beads might have been misidentified
              x1        y1  area1          x2        y2  area2          x3         y3  area3          x4         y4  area4
range  332.17334  1.186837  108.0  127.229344  3.676426   80.0  297.396365  18.124593  167.0  332.183529  30.656093   93.0
FAILURE!!!! Some beads might have been misidentified
               x1        y1  area1          x2        y2  area2          x3         y3  area3          x4         y4  area4
range  332.054884  1.201493  107.0  127.546146  3.666615   78.0  297.191587  18.156473  167.0  332.108919  30.744412   95.0
FAILURE!!!! Some beads might have been misidentified
               x1        y1  area1         x2        y2  area2          x3         y3  area3          x4        y4  area4
range  332.295072  1.217484  110.0  127.38887  3.661395   80.0  297.163874  18.180718  159.0  332.277265  30.69313   95.0
FAILURE!!!! Some beads might have been misidentified
               x1   y1  area1         x2        y2  area2          x3         y3  area3          x4         y4  area4
range  331.928487  1.2  106.0  127.45755  3.666554   75.0  297.440022  18.152765  162.0  331.919065  30.752632   95.0
FAILURE!!!! Some beads might have been misidentified
Residual vector length: 210, Jacobian shape: (210, 6)
view   0 | SOD= 560.659 mm | SDD= 761.018 mm | M= 1.357 | incident=2.9645°
[[ 135.27682    -543.51953     -25.001217  ]
 [ -44.031578    195.24467       9.998783  ]
 [   0.1445029     0.03871788    0.        ]
 [   0.            0.            0.1496    ]]
               x1        y1  area1         x2        y2  area2          x3         y3  area3          x4         y4  area4
range  332.124621  1.217484  106.0  127.38887  3.708569   78.0  297.320437  18.153794  160.0  332.150458  30.693059   93.0
FAILURE!!!! Some beads might have been misidentified

iter 22 cost=0.565170 -> 0.554648 |dtheta|=4.476842e-03  lambda=1.000e-06

============================================================
Iteration 23
============================================================
Theta offsets (Unity frame):
  Source   : dSx=   0.000, dSy=   0.000, dSz=   0.000  (mm)
  Object   : dOx= -15.001, dOy= -12.001, dOz= -21.989  (mm)
  Object offset: offset_x=   0.001, offset_z=   0.001  (mm)
  Detector : dDx=   0.000, dDy=   0.000, dDz=   0.000  (mm)
  Obj Stage rotY :   14.999 deg
============================================================

Unity geometry (world coordinates):
  Source   : x= -10.000, y=  55.000, z=   0.000
  Object   : x=  -0.001, y=  29.999, z= 560.011
  Detector : x=   8.000, y=  20.000, z= 760.000
  Obj rotY :   0.0000 deg
view   0 | SOD= 560.659 mm | SDD= 761.018 mm | M= 1.357 | incident=2.9645°
[[ 135.27682    -543.51953     -25.001217  ]
 [ -44.031578    195.24467       9.998783  ]
 [   0.1445029     0.03871788    0.        ]
 [   0.            0.            0.1496    ]]
               x1        y1  area1         x2        y2  area2          x3         y3  area3          x4         y4  area4
range  332.124621  1.217484  106.0  127.38887  3.708569   78.0  297.320437  18.153794  160.0  332.150458  30.693059   93.0
FAILURE!!!! Some beads might have been misidentified
               x1        y1  area1          x2        y2  area2          x3         y3  area3         x4         y4  area4
range  332.149414  1.186837  107.0  127.356637  3.705663   77.0  297.355351  18.183558  167.0  332.12947  30.675925   96.0
FAILURE!!!! Some beads might have been misidentified
               x1        y1  area1          x2        y2  area2          x3         y3  area3          x4      y4  area4
range  332.123816  1.189968  109.0  127.300579  3.656053   80.0  297.259407  18.119769  170.0  332.102829  30.708   94.0
FAILURE!!!! Some beads might have been misidentified
               x1        y1  area1        x2        y2  area2          x3         y3  area3          x4         y4  area4
range  332.172841  1.289237  106.0  127.3257  3.652688   79.0  297.296706  18.125061  165.0  332.105308  30.699155   95.0
FAILURE!!!! Some beads might have been misidentified
               x1        y1  area1          x2        y2  area2          x3         y3  area3          x4         y4  area4
range  332.113699  1.086802  104.0  127.368447  3.595188   84.0  297.340692  18.235131  165.0  332.122056  30.637292  102.0
FAILURE!!!! Some beads might have been misidentified
               x1        y1  area1         x2        y2  area2          x3         y3  area3          x4        y4  area4
range  332.107114  1.217484  107.0  127.38887  3.655354   79.0  297.306186  18.176942  160.0  332.149734  30.69313   94.0
FAILURE!!!! Some beads might have been misidentified
               x1        y1  area1         x2        y2  area2         x3         y3  area3          x4         y4  area4
range  332.138434  1.217484  106.0  127.38887  3.708569   78.0  297.32425  18.153794  160.0  332.167532  30.711112   94.0
FAILURE!!!! Some beads might have been misidentified
               x1        y1  area1         x2       y2  area2          x3         y3  area3          x4        y4  area4
range  332.107114  1.217484  106.0  127.38887  3.69078   79.0  297.320437  18.153614  159.0  332.150458  30.74431   93.0
FAILURE!!!! Some beads might have been misidentified
               x1        y1  area1         x2        y2  area2          x3         y3  area3          x4         y4  area4
range  332.138434  1.189655  106.0  127.38887  3.692825   80.0  297.304136  18.175741  159.0  332.167532  30.707387   95.0
FAILURE!!!! Some beads might have been misidentified
               x1        y1  area1          x2        y2  area2          x3         y3  area3          x4         y4  area4
range  332.187389  1.188098  108.0  127.194513  3.700802   77.0  297.396365  18.146854  171.0  332.183529  30.656093   93.0
FAILURE!!!! Some beads might have been misidentified
               x1        y1  area1          x2        y2  area2          x3         y3  area3          x4         y4  area4
range  332.089288  1.201493  107.0  127.503999  3.653269   77.0  297.191587  18.156473  166.0  332.108919  30.744412   94.0
FAILURE!!!! Some beads might have been misidentified
               x1        y1  area1          x2        y2  area2          x3         y3  area3         x4         y4  area4
range  332.306815  1.209798  107.0  127.348489  3.673746   79.0  297.141725  18.147785  164.0  332.29518  30.697981   94.0
FAILURE!!!! Some beads might have been misidentified
               x1   y1  area1          x2        y2  area2          x3        y3  area3          x4         y4  area4
range  331.979519  1.2  106.0  127.447576  3.648992   77.0  297.440022  18.14939  160.0  331.950211  30.729722   95.0
FAILURE!!!! Some beads might have been misidentified
Residual vector length: 210, Jacobian shape: (210, 6)
view   0 | SOD= 560.656 mm | SDD= 761.018 mm | M= 1.357 | incident=2.9645°
[[ 135.26628    -543.5192      -25.000675  ]
 [ -44.027367    195.24854       9.999325  ]
 [   0.14450367    0.03871499    0.        ]
 [   0.            0.            0.1496    ]]
               x1        y1  area1         x2        y2  area2          x3         y3  area3          x4       y4  area4
range  332.089288  1.217484  107.0  127.38887  3.655354   78.0  297.315741  18.164211  160.0  332.138611  30.6982   93.0
FAILURE!!!! Some beads might have been misidentified

iter 23 cost=0.554648 -> 0.587806 |dtheta|=2.529437e-03  lambda=1.000e-06

============================================================
Iteration 24
============================================================
Theta offsets (Unity frame):
  Source   : dSx=   0.000, dSy=   0.000, dSz=   0.000  (mm)
  Object   : dOx= -15.001, dOy= -12.001, dOz= -21.989  (mm)
  Object offset: offset_x=   0.001, offset_z=   0.001  (mm)
  Detector : dDx=   0.000, dDy=   0.000, dDz=   0.000  (mm)
  Obj Stage rotY :   14.999 deg
============================================================

Unity geometry (world coordinates):
  Source   : x= -10.000, y=  55.000, z=   0.000
  Object   : x=  -0.001, y=  29.999, z= 560.011
  Detector : x=   8.000, y=  20.000, z= 760.000
  Obj rotY :   0.0000 deg
view   0 | SOD= 560.659 mm | SDD= 761.018 mm | M= 1.357 | incident=2.9645°
[[ 135.27682    -543.51953     -25.001217  ]
 [ -44.031578    195.24467       9.998783  ]
 [   0.1445029     0.03871788    0.        ]
 [   0.            0.            0.1496    ]]
               x1        y1  area1         x2        y2  area2          x3         y3  area3          x4         y4  area4
range  332.124621  1.217484  106.0  127.38887  3.708569   78.0  297.320437  18.153794  160.0  332.150458  30.693059   93.0
FAILURE!!!! Some beads might have been misidentified
               x1        y1  area1          x2        y2  area2          x3         y3  area3         x4         y4  area4
range  332.149414  1.186837  107.0  127.356637  3.705663   77.0  297.355351  18.183558  167.0  332.12947  30.675925   96.0
FAILURE!!!! Some beads might have been misidentified
               x1        y1  area1          x2        y2  area2          x3         y3  area3          x4      y4  area4
range  332.123816  1.189968  109.0  127.300579  3.656053   80.0  297.259407  18.119769  170.0  332.102829  30.708   94.0
FAILURE!!!! Some beads might have been misidentified
               x1        y1  area1        x2        y2  area2          x3         y3  area3          x4         y4  area4
range  332.172841  1.289237  106.0  127.3257  3.652688   79.0  297.296706  18.125061  165.0  332.105308  30.699155   95.0
FAILURE!!!! Some beads might have been misidentified
               x1        y1  area1          x2        y2  area2          x3         y3  area3          x4         y4  area4
range  332.113699  1.086802  104.0  127.368447  3.595188   84.0  297.340692  18.235131  165.0  332.122056  30.637292  102.0
FAILURE!!!! Some beads might have been misidentified
               x1        y1  area1         x2        y2  area2          x3         y3  area3          x4        y4  area4
range  332.107114  1.217484  107.0  127.38887  3.655354   79.0  297.306186  18.176942  160.0  332.149734  30.69313   94.0
FAILURE!!!! Some beads might have been misidentified
               x1        y1  area1         x2        y2  area2         x3         y3  area3          x4         y4  area4
range  332.138434  1.217484  106.0  127.38887  3.708569   78.0  297.32425  18.153794  160.0  332.167532  30.711112   94.0
FAILURE!!!! Some beads might have been misidentified
               x1        y1  area1         x2       y2  area2          x3         y3  area3          x4        y4  area4
range  332.107114  1.217484  106.0  127.38887  3.69078   79.0  297.320437  18.153614  159.0  332.150458  30.74431   93.0
FAILURE!!!! Some beads might have been misidentified
               x1        y1  area1         x2        y2  area2          x3         y3  area3          x4         y4  area4
range  332.138434  1.189655  106.0  127.38887  3.692825   80.0  297.304136  18.175741  159.0  332.167532  30.707387   95.0
FAILURE!!!! Some beads might have been misidentified
               x1        y1  area1          x2        y2  area2          x3         y3  area3          x4         y4  area4
range  332.187389  1.188098  108.0  127.194513  3.700802   77.0  297.396365  18.146854  171.0  332.183529  30.656093   93.0
FAILURE!!!! Some beads might have been misidentified
               x1        y1  area1          x2        y2  area2          x3         y3  area3          x4         y4  area4
range  332.089288  1.201493  107.0  127.503999  3.653269   77.0  297.191587  18.156473  166.0  332.108919  30.744412   94.0
FAILURE!!!! Some beads might have been misidentified
               x1        y1  area1          x2        y2  area2          x3         y3  area3         x4         y4  area4
range  332.306815  1.209798  107.0  127.348489  3.673746   79.0  297.141725  18.147785  164.0  332.29518  30.697981   94.0
FAILURE!!!! Some beads might have been misidentified
               x1   y1  area1          x2        y2  area2          x3        y3  area3          x4         y4  area4
range  331.979519  1.2  106.0  127.447576  3.648992   77.0  297.440022  18.14939  160.0  331.950211  30.729722   95.0
FAILURE!!!! Some beads might have been misidentified
Residual vector length: 210, Jacobian shape: (210, 6)
view   0 | SOD= 560.656 mm | SDD= 761.018 mm | M= 1.357 | incident=2.9645°
[[ 135.26628    -543.5192      -25.000675  ]
 [ -44.027367    195.24854       9.999325  ]
 [   0.14450367    0.03871499    0.        ]
 [   0.            0.            0.1496    ]]
               x1        y1  area1         x2        y2  area2          x3         y3  area3          x4       y4  area4
range  332.089288  1.217484  107.0  127.38887  3.655354   78.0  297.315741  18.164211  160.0  332.138611  30.6982   93.0
FAILURE!!!! Some beads might have been misidentified

iter 24 cost=0.554648 -> 0.587806 |dtheta|=2.529437e-03  lambda=5.000e-06

============================================================
Iteration 25
============================================================
Theta offsets (Unity frame):
  Source   : dSx=   0.000, dSy=   0.000, dSz=   0.000  (mm)
  Object   : dOx= -15.001, dOy= -12.001, dOz= -21.989  (mm)
  Object offset: offset_x=   0.001, offset_z=   0.001  (mm)
  Detector : dDx=   0.000, dDy=   0.000, dDz=   0.000  (mm)
  Obj Stage rotY :   14.999 deg
============================================================

Unity geometry (world coordinates):
  Source   : x= -10.000, y=  55.000, z=   0.000
  Object   : x=  -0.001, y=  29.999, z= 560.011
  Detector : x=   8.000, y=  20.000, z= 760.000
  Obj rotY :   0.0000 deg
view   0 | SOD= 560.659 mm | SDD= 761.018 mm | M= 1.357 | incident=2.9645°
[[ 135.27682    -543.51953     -25.001217  ]
 [ -44.031578    195.24467       9.998783  ]
 [   0.1445029     0.03871788    0.        ]
 [   0.            0.            0.1496    ]]
               x1        y1  area1         x2        y2  area2          x3         y3  area3          x4         y4  area4
range  332.124621  1.217484  106.0  127.38887  3.708569   78.0  297.320437  18.153794  160.0  332.150458  30.693059   93.0
FAILURE!!!! Some beads might have been misidentified
               x1        y1  area1          x2        y2  area2          x3         y3  area3         x4         y4  area4
range  332.149414  1.186837  107.0  127.356637  3.705663   77.0  297.355351  18.183558  167.0  332.12947  30.675925   96.0
FAILURE!!!! Some beads might have been misidentified
               x1        y1  area1          x2        y2  area2          x3         y3  area3          x4      y4  area4
range  332.123816  1.189968  109.0  127.300579  3.656053   80.0  297.259407  18.119769  170.0  332.102829  30.708   94.0
FAILURE!!!! Some beads might have been misidentified
               x1        y1  area1        x2        y2  area2          x3         y3  area3          x4         y4  area4
range  332.172841  1.289237  106.0  127.3257  3.652688   79.0  297.296706  18.125061  165.0  332.105308  30.699155   95.0
FAILURE!!!! Some beads might have been misidentified
               x1        y1  area1          x2        y2  area2          x3         y3  area3          x4         y4  area4
range  332.113699  1.086802  104.0  127.368447  3.595188   84.0  297.340692  18.235131  165.0  332.122056  30.637292  102.0
FAILURE!!!! Some beads might have been misidentified
               x1        y1  area1         x2        y2  area2          x3         y3  area3          x4        y4  area4
range  332.107114  1.217484  107.0  127.38887  3.655354   79.0  297.306186  18.176942  160.0  332.149734  30.69313   94.0
FAILURE!!!! Some beads might have been misidentified
               x1        y1  area1         x2        y2  area2         x3         y3  area3          x4         y4  area4
range  332.138434  1.217484  106.0  127.38887  3.708569   78.0  297.32425  18.153794  160.0  332.167532  30.711112   94.0
FAILURE!!!! Some beads might have been misidentified
               x1        y1  area1         x2       y2  area2          x3         y3  area3          x4        y4  area4
range  332.107114  1.217484  106.0  127.38887  3.69078   79.0  297.320437  18.153614  159.0  332.150458  30.74431   93.0
FAILURE!!!! Some beads might have been misidentified
               x1        y1  area1         x2        y2  area2          x3         y3  area3          x4         y4  area4
range  332.138434  1.189655  106.0  127.38887  3.692825   80.0  297.304136  18.175741  159.0  332.167532  30.707387   95.0
FAILURE!!!! Some beads might have been misidentified
               x1        y1  area1          x2        y2  area2          x3         y3  area3          x4         y4  area4
range  332.187389  1.188098  108.0  127.194513  3.700802   77.0  297.396365  18.146854  171.0  332.183529  30.656093   93.0
FAILURE!!!! Some beads might have been misidentified
               x1        y1  area1          x2        y2  area2          x3         y3  area3          x4         y4  area4
range  332.089288  1.201493  107.0  127.503999  3.653269   77.0  297.191587  18.156473  166.0  332.108919  30.744412   94.0
FAILURE!!!! Some beads might have been misidentified
               x1        y1  area1          x2        y2  area2          x3         y3  area3         x4         y4  area4
range  332.306815  1.209798  107.0  127.348489  3.673746   79.0  297.141725  18.147785  164.0  332.29518  30.697981   94.0
FAILURE!!!! Some beads might have been misidentified
               x1   y1  area1          x2        y2  area2          x3        y3  area3          x4         y4  area4
range  331.979519  1.2  106.0  127.447576  3.648992   77.0  297.440022  18.14939  160.0  331.950211  30.729722   95.0
FAILURE!!!! Some beads might have been misidentified
Residual vector length: 210, Jacobian shape: (210, 6)
view   0 | SOD= 560.656 mm | SDD= 761.018 mm | M= 1.357 | incident=2.9645°
[[ 135.26628    -543.5192      -25.000675  ]
 [ -44.027367    195.24854       9.999325  ]
 [   0.14450367    0.03871499    0.        ]
 [   0.            0.            0.1496    ]]
               x1        y1  area1         x2        y2  area2          x3         y3  area3          x4       y4  area4
range  332.089288  1.217484  107.0  127.38887  3.655354   78.0  297.315741  18.164211  160.0  332.138611  30.6982   93.0
FAILURE!!!! Some beads might have been misidentified

iter 25 cost=0.554648 -> 0.587806 |dtheta|=2.529437e-03  lambda=2.500e-05

============================================================
Iteration 26
============================================================
Theta offsets (Unity frame):
  Source   : dSx=   0.000, dSy=   0.000, dSz=   0.000  (mm)
  Object   : dOx= -15.001, dOy= -12.001, dOz= -21.989  (mm)
  Object offset: offset_x=   0.001, offset_z=   0.001  (mm)
  Detector : dDx=   0.000, dDy=   0.000, dDz=   0.000  (mm)
  Obj Stage rotY :   14.999 deg
============================================================

Unity geometry (world coordinates):
  Source   : x= -10.000, y=  55.000, z=   0.000
  Object   : x=  -0.001, y=  29.999, z= 560.011
  Detector : x=   8.000, y=  20.000, z= 760.000
  Obj rotY :   0.0000 deg
view   0 | SOD= 560.659 mm | SDD= 761.018 mm | M= 1.357 | incident=2.9645°
[[ 135.27682    -543.51953     -25.001217  ]
 [ -44.031578    195.24467       9.998783  ]
 [   0.1445029     0.03871788    0.        ]
 [   0.            0.            0.1496    ]]
               x1        y1  area1         x2        y2  area2          x3         y3  area3          x4         y4  area4
range  332.124621  1.217484  106.0  127.38887  3.708569   78.0  297.320437  18.153794  160.0  332.150458  30.693059   93.0
FAILURE!!!! Some beads might have been misidentified
               x1        y1  area1          x2        y2  area2          x3         y3  area3         x4         y4  area4
range  332.149414  1.186837  107.0  127.356637  3.705663   77.0  297.355351  18.183558  167.0  332.12947  30.675925   96.0
FAILURE!!!! Some beads might have been misidentified
               x1        y1  area1          x2        y2  area2          x3         y3  area3          x4      y4  area4
range  332.123816  1.189968  109.0  127.300579  3.656053   80.0  297.259407  18.119769  170.0  332.102829  30.708   94.0
FAILURE!!!! Some beads might have been misidentified
               x1        y1  area1        x2        y2  area2          x3         y3  area3          x4         y4  area4
range  332.172841  1.289237  106.0  127.3257  3.652688   79.0  297.296706  18.125061  165.0  332.105308  30.699155   95.0
FAILURE!!!! Some beads might have been misidentified
               x1        y1  area1          x2        y2  area2          x3         y3  area3          x4         y4  area4
range  332.113699  1.086802  104.0  127.368447  3.595188   84.0  297.340692  18.235131  165.0  332.122056  30.637292  102.0
FAILURE!!!! Some beads might have been misidentified
               x1        y1  area1         x2        y2  area2          x3         y3  area3          x4        y4  area4
range  332.107114  1.217484  107.0  127.38887  3.655354   79.0  297.306186  18.176942  160.0  332.149734  30.69313   94.0
FAILURE!!!! Some beads might have been misidentified
               x1        y1  area1         x2        y2  area2         x3         y3  area3          x4         y4  area4
range  332.138434  1.217484  106.0  127.38887  3.708569   78.0  297.32425  18.153794  160.0  332.167532  30.711112   94.0
FAILURE!!!! Some beads might have been misidentified
               x1        y1  area1         x2       y2  area2          x3         y3  area3          x4        y4  area4
range  332.107114  1.217484  106.0  127.38887  3.69078   79.0  297.320437  18.153614  159.0  332.150458  30.74431   93.0
FAILURE!!!! Some beads might have been misidentified
               x1        y1  area1         x2        y2  area2          x3         y3  area3          x4         y4  area4
range  332.138434  1.189655  106.0  127.38887  3.692825   80.0  297.304136  18.175741  159.0  332.167532  30.707387   95.0
FAILURE!!!! Some beads might have been misidentified
               x1        y1  area1          x2        y2  area2          x3         y3  area3          x4         y4  area4
range  332.187389  1.188098  108.0  127.194513  3.700802   77.0  297.396365  18.146854  171.0  332.183529  30.656093   93.0
FAILURE!!!! Some beads might have been misidentified
               x1        y1  area1          x2        y2  area2          x3         y3  area3          x4         y4  area4
range  332.089288  1.201493  107.0  127.503999  3.653269   77.0  297.191587  18.156473  166.0  332.108919  30.744412   94.0
FAILURE!!!! Some beads might have been misidentified
               x1        y1  area1          x2        y2  area2          x3         y3  area3         x4         y4  area4
range  332.306815  1.209798  107.0  127.348489  3.673746   79.0  297.141725  18.147785  164.0  332.29518  30.697981   94.0
FAILURE!!!! Some beads might have been misidentified
               x1   y1  area1          x2        y2  area2          x3        y3  area3          x4         y4  area4
range  331.979519  1.2  106.0  127.447576  3.648992   77.0  297.440022  18.14939  160.0  331.950211  30.729722   95.0
FAILURE!!!! Some beads might have been misidentified
Residual vector length: 210, Jacobian shape: (210, 6)
view   0 | SOD= 560.656 mm | SDD= 761.018 mm | M= 1.357 | incident=2.9645°
[[ 135.26628    -543.5192      -25.000675  ]
 [ -44.027367    195.24854       9.999325  ]
 [   0.14450367    0.03871499    0.        ]
 [   0.            0.            0.1496    ]]
               x1        y1  area1         x2        y2  area2          x3         y3  area3          x4       y4  area4
range  332.089288  1.217484  107.0  127.38887  3.655354   78.0  297.315741  18.164211  160.0  332.138611  30.6982   93.0
FAILURE!!!! Some beads might have been misidentified

iter 26 cost=0.554648 -> 0.587806 |dtheta|=2.529436e-03  lambda=1.250e-04

============================================================
Iteration 27
============================================================
Theta offsets (Unity frame):
  Source   : dSx=   0.000, dSy=   0.000, dSz=   0.000  (mm)
  Object   : dOx= -15.001, dOy= -12.001, dOz= -21.989  (mm)
  Object offset: offset_x=   0.001, offset_z=   0.001  (mm)
  Detector : dDx=   0.000, dDy=   0.000, dDz=   0.000  (mm)
  Obj Stage rotY :   14.999 deg
============================================================

Unity geometry (world coordinates):
  Source   : x= -10.000, y=  55.000, z=   0.000
  Object   : x=  -0.001, y=  29.999, z= 560.011
  Detector : x=   8.000, y=  20.000, z= 760.000
  Obj rotY :   0.0000 deg
view   0 | SOD= 560.659 mm | SDD= 761.018 mm | M= 1.357 | incident=2.9645°
[[ 135.27682    -543.51953     -25.001217  ]
 [ -44.031578    195.24467       9.998783  ]
 [   0.1445029     0.03871788    0.        ]
 [   0.            0.            0.1496    ]]
               x1        y1  area1         x2        y2  area2          x3         y3  area3          x4         y4  area4
range  332.124621  1.217484  106.0  127.38887  3.708569   78.0  297.320437  18.153794  160.0  332.150458  30.693059   93.0
FAILURE!!!! Some beads might have been misidentified
               x1        y1  area1          x2        y2  area2          x3         y3  area3         x4         y4  area4
range  332.149414  1.186837  107.0  127.356637  3.705663   77.0  297.355351  18.183558  167.0  332.12947  30.675925   96.0
FAILURE!!!! Some beads might have been misidentified
               x1        y1  area1          x2        y2  area2          x3         y3  area3          x4      y4  area4
range  332.123816  1.189968  109.0  127.300579  3.656053   80.0  297.259407  18.119769  170.0  332.102829  30.708   94.0
FAILURE!!!! Some beads might have been misidentified
               x1        y1  area1        x2        y2  area2          x3         y3  area3          x4         y4  area4
range  332.172841  1.289237  106.0  127.3257  3.652688   79.0  297.296706  18.125061  165.0  332.105308  30.699155   95.0
FAILURE!!!! Some beads might have been misidentified
               x1        y1  area1          x2        y2  area2          x3         y3  area3          x4         y4  area4
range  332.113699  1.086802  104.0  127.368447  3.595188   84.0  297.340692  18.235131  165.0  332.122056  30.637292  102.0
FAILURE!!!! Some beads might have been misidentified
               x1        y1  area1         x2        y2  area2          x3         y3  area3          x4        y4  area4
range  332.107114  1.217484  107.0  127.38887  3.655354   79.0  297.306186  18.176942  160.0  332.149734  30.69313   94.0
FAILURE!!!! Some beads might have been misidentified
               x1        y1  area1         x2        y2  area2         x3         y3  area3          x4         y4  area4
range  332.138434  1.217484  106.0  127.38887  3.708569   78.0  297.32425  18.153794  160.0  332.167532  30.711112   94.0
FAILURE!!!! Some beads might have been misidentified
               x1        y1  area1         x2       y2  area2          x3         y3  area3          x4        y4  area4
range  332.107114  1.217484  106.0  127.38887  3.69078   79.0  297.320437  18.153614  159.0  332.150458  30.74431   93.0
FAILURE!!!! Some beads might have been misidentified
               x1        y1  area1         x2        y2  area2          x3         y3  area3          x4         y4  area4
range  332.138434  1.189655  106.0  127.38887  3.692825   80.0  297.304136  18.175741  159.0  332.167532  30.707387   95.0
FAILURE!!!! Some beads might have been misidentified
               x1        y1  area1          x2        y2  area2          x3         y3  area3          x4         y4  area4
range  332.187389  1.188098  108.0  127.194513  3.700802   77.0  297.396365  18.146854  171.0  332.183529  30.656093   93.0
FAILURE!!!! Some beads might have been misidentified
               x1        y1  area1          x2        y2  area2          x3         y3  area3          x4         y4  area4
range  332.089288  1.201493  107.0  127.503999  3.653269   77.0  297.191587  18.156473  166.0  332.108919  30.744412   94.0
FAILURE!!!! Some beads might have been misidentified
               x1        y1  area1          x2        y2  area2          x3         y3  area3         x4         y4  area4
range  332.306815  1.209798  107.0  127.348489  3.673746   79.0  297.141725  18.147785  164.0  332.29518  30.697981   94.0
FAILURE!!!! Some beads might have been misidentified
               x1   y1  area1          x2        y2  area2          x3        y3  area3          x4         y4  area4
range  331.979519  1.2  106.0  127.447576  3.648992   77.0  297.440022  18.14939  160.0  331.950211  30.729722   95.0
FAILURE!!!! Some beads might have been misidentified
Residual vector length: 210, Jacobian shape: (210, 6)
view   0 | SOD= 560.656 mm | SDD= 761.018 mm | M= 1.357 | incident=2.9645°
[[ 135.26628    -543.5192      -25.000675  ]
 [ -44.027367    195.24854       9.999325  ]
 [   0.14450367    0.03871499    0.        ]
 [   0.            0.            0.1496    ]]
               x1        y1  area1         x2        y2  area2          x3         y3  area3          x4       y4  area4
range  332.089288  1.217484  107.0  127.38887  3.655354   78.0  297.315741  18.164211  160.0  332.138611  30.6982   93.0
FAILURE!!!! Some beads might have been misidentified

iter 27 cost=0.554648 -> 0.587806 |dtheta|=2.529433e-03  lambda=6.250e-04

============================================================
Iteration 28
============================================================
Theta offsets (Unity frame):
  Source   : dSx=   0.000, dSy=   0.000, dSz=   0.000  (mm)
  Object   : dOx= -15.001, dOy= -12.001, dOz= -21.989  (mm)
  Object offset: offset_x=   0.001, offset_z=   0.001  (mm)
  Detector : dDx=   0.000, dDy=   0.000, dDz=   0.000  (mm)
  Obj Stage rotY :   14.999 deg
============================================================

Unity geometry (world coordinates):
  Source   : x= -10.000, y=  55.000, z=   0.000
  Object   : x=  -0.001, y=  29.999, z= 560.011
  Detector : x=   8.000, y=  20.000, z= 760.000
  Obj rotY :   0.0000 deg
view   0 | SOD= 560.659 mm | SDD= 761.018 mm | M= 1.357 | incident=2.9645°
[[ 135.27682    -543.51953     -25.001217  ]
 [ -44.031578    195.24467       9.998783  ]
 [   0.1445029     0.03871788    0.        ]
 [   0.            0.            0.1496    ]]
               x1        y1  area1         x2        y2  area2          x3         y3  area3          x4         y4  area4
range  332.124621  1.217484  106.0  127.38887  3.708569   78.0  297.320437  18.153794  160.0  332.150458  30.693059   93.0
FAILURE!!!! Some beads might have been misidentified
               x1        y1  area1          x2        y2  area2          x3         y3  area3         x4         y4  area4
range  332.149414  1.186837  107.0  127.356637  3.705663   77.0  297.355351  18.183558  167.0  332.12947  30.675925   96.0
FAILURE!!!! Some beads might have been misidentified
               x1        y1  area1          x2        y2  area2          x3         y3  area3          x4      y4  area4
range  332.123816  1.189968  109.0  127.300579  3.656053   80.0  297.259407  18.119769  170.0  332.102829  30.708   94.0
FAILURE!!!! Some beads might have been misidentified
               x1        y1  area1        x2        y2  area2          x3         y3  area3          x4         y4  area4
range  332.172841  1.289237  106.0  127.3257  3.652688   79.0  297.296706  18.125061  165.0  332.105308  30.699155   95.0
FAILURE!!!! Some beads might have been misidentified
               x1        y1  area1          x2        y2  area2          x3         y3  area3          x4         y4  area4
range  332.113699  1.086802  104.0  127.368447  3.595188   84.0  297.340692  18.235131  165.0  332.122056  30.637292  102.0
FAILURE!!!! Some beads might have been misidentified
               x1        y1  area1         x2        y2  area2          x3         y3  area3          x4        y4  area4
range  332.107114  1.217484  107.0  127.38887  3.655354   79.0  297.306186  18.176942  160.0  332.149734  30.69313   94.0
FAILURE!!!! Some beads might have been misidentified
               x1        y1  area1         x2        y2  area2         x3         y3  area3          x4         y4  area4
range  332.138434  1.217484  106.0  127.38887  3.708569   78.0  297.32425  18.153794  160.0  332.167532  30.711112   94.0
FAILURE!!!! Some beads might have been misidentified
               x1        y1  area1         x2       y2  area2          x3         y3  area3          x4        y4  area4
range  332.107114  1.217484  106.0  127.38887  3.69078   79.0  297.320437  18.153614  159.0  332.150458  30.74431   93.0
FAILURE!!!! Some beads might have been misidentified
               x1        y1  area1         x2        y2  area2          x3         y3  area3          x4         y4  area4
range  332.138434  1.189655  106.0  127.38887  3.692825   80.0  297.304136  18.175741  159.0  332.167532  30.707387   95.0
FAILURE!!!! Some beads might have been misidentified
               x1        y1  area1          x2        y2  area2          x3         y3  area3          x4         y4  area4
range  332.187389  1.188098  108.0  127.194513  3.700802   77.0  297.396365  18.146854  171.0  332.183529  30.656093   93.0
FAILURE!!!! Some beads might have been misidentified
               x1        y1  area1          x2        y2  area2          x3         y3  area3          x4         y4  area4
range  332.089288  1.201493  107.0  127.503999  3.653269   77.0  297.191587  18.156473  166.0  332.108919  30.744412   94.0
FAILURE!!!! Some beads might have been misidentified
               x1        y1  area1          x2        y2  area2          x3         y3  area3         x4         y4  area4
range  332.306815  1.209798  107.0  127.348489  3.673746   79.0  297.141725  18.147785  164.0  332.29518  30.697981   94.0
FAILURE!!!! Some beads might have been misidentified
               x1   y1  area1          x2        y2  area2          x3        y3  area3          x4         y4  area4
range  331.979519  1.2  106.0  127.447576  3.648992   77.0  297.440022  18.14939  160.0  331.950211  30.729722   95.0
FAILURE!!!! Some beads might have been misidentified
Residual vector length: 210, Jacobian shape: (210, 6)
view   0 | SOD= 560.656 mm | SDD= 761.018 mm | M= 1.357 | incident=2.9645°
[[ 135.26628    -543.5192      -25.000675  ]
 [ -44.027367    195.24854       9.999325  ]
 [   0.14450367    0.03871499    0.        ]
 [   0.            0.            0.1496    ]]
               x1        y1  area1         x2        y2  area2          x3         y3  area3          x4       y4  area4
range  332.089288  1.217484  107.0  127.38887  3.655354   78.0  297.315741  18.164211  160.0  332.138611  30.6982   93.0
FAILURE!!!! Some beads might have been misidentified

iter 28 cost=0.554648 -> 0.587806 |dtheta|=2.529416e-03  lambda=3.125e-03

============================================================
Iteration 29
============================================================
Theta offsets (Unity frame):
  Source   : dSx=   0.000, dSy=   0.000, dSz=   0.000  (mm)
  Object   : dOx= -15.001, dOy= -12.001, dOz= -21.989  (mm)
  Object offset: offset_x=   0.001, offset_z=   0.001  (mm)
  Detector : dDx=   0.000, dDy=   0.000, dDz=   0.000  (mm)
  Obj Stage rotY :   14.999 deg
============================================================

Unity geometry (world coordinates):
  Source   : x= -10.000, y=  55.000, z=   0.000
  Object   : x=  -0.001, y=  29.999, z= 560.011
  Detector : x=   8.000, y=  20.000, z= 760.000
  Obj rotY :   0.0000 deg
view   0 | SOD= 560.659 mm | SDD= 761.018 mm | M= 1.357 | incident=2.9645°
[[ 135.27682    -543.51953     -25.001217  ]
 [ -44.031578    195.24467       9.998783  ]
 [   0.1445029     0.03871788    0.        ]
 [   0.            0.            0.1496    ]]
               x1        y1  area1         x2        y2  area2          x3         y3  area3          x4         y4  area4
range  332.124621  1.217484  106.0  127.38887  3.708569   78.0  297.320437  18.153794  160.0  332.150458  30.693059   93.0
FAILURE!!!! Some beads might have been misidentified
               x1        y1  area1          x2        y2  area2          x3         y3  area3         x4         y4  area4
range  332.149414  1.186837  107.0  127.356637  3.705663   77.0  297.355351  18.183558  167.0  332.12947  30.675925   96.0
FAILURE!!!! Some beads might have been misidentified
               x1        y1  area1          x2        y2  area2          x3         y3  area3          x4      y4  area4
range  332.123816  1.189968  109.0  127.300579  3.656053   80.0  297.259407  18.119769  170.0  332.102829  30.708   94.0
FAILURE!!!! Some beads might have been misidentified
               x1        y1  area1        x2        y2  area2          x3         y3  area3          x4         y4  area4
range  332.172841  1.289237  106.0  127.3257  3.652688   79.0  297.296706  18.125061  165.0  332.105308  30.699155   95.0
FAILURE!!!! Some beads might have been misidentified
               x1        y1  area1          x2        y2  area2          x3         y3  area3          x4         y4  area4
range  332.113699  1.086802  104.0  127.368447  3.595188   84.0  297.340692  18.235131  165.0  332.122056  30.637292  102.0
FAILURE!!!! Some beads might have been misidentified
               x1        y1  area1         x2        y2  area2          x3         y3  area3          x4        y4  area4
range  332.107114  1.217484  107.0  127.38887  3.655354   79.0  297.306186  18.176942  160.0  332.149734  30.69313   94.0
FAILURE!!!! Some beads might have been misidentified
               x1        y1  area1         x2        y2  area2         x3         y3  area3          x4         y4  area4
range  332.138434  1.217484  106.0  127.38887  3.708569   78.0  297.32425  18.153794  160.0  332.167532  30.711112   94.0
FAILURE!!!! Some beads might have been misidentified
               x1        y1  area1         x2       y2  area2          x3         y3  area3          x4        y4  area4
range  332.107114  1.217484  106.0  127.38887  3.69078   79.0  297.320437  18.153614  159.0  332.150458  30.74431   93.0
FAILURE!!!! Some beads might have been misidentified
               x1        y1  area1         x2        y2  area2          x3         y3  area3          x4         y4  area4
range  332.138434  1.189655  106.0  127.38887  3.692825   80.0  297.304136  18.175741  159.0  332.167532  30.707387   95.0
FAILURE!!!! Some beads might have been misidentified
               x1        y1  area1          x2        y2  area2          x3         y3  area3          x4         y4  area4
range  332.187389  1.188098  108.0  127.194513  3.700802   77.0  297.396365  18.146854  171.0  332.183529  30.656093   93.0
FAILURE!!!! Some beads might have been misidentified
               x1        y1  area1          x2        y2  area2          x3         y3  area3          x4         y4  area4
range  332.089288  1.201493  107.0  127.503999  3.653269   77.0  297.191587  18.156473  166.0  332.108919  30.744412   94.0
FAILURE!!!! Some beads might have been misidentified
               x1        y1  area1          x2        y2  area2          x3         y3  area3         x4         y4  area4
range  332.306815  1.209798  107.0  127.348489  3.673746   79.0  297.141725  18.147785  164.0  332.29518  30.697981   94.0
FAILURE!!!! Some beads might have been misidentified
               x1   y1  area1          x2        y2  area2          x3        y3  area3          x4         y4  area4
range  331.979519  1.2  106.0  127.447576  3.648992   77.0  297.440022  18.14939  160.0  331.950211  30.729722   95.0
FAILURE!!!! Some beads might have been misidentified
Residual vector length: 210, Jacobian shape: (210, 6)
view   0 | SOD= 560.656 mm | SDD= 761.018 mm | M= 1.357 | incident=2.9645°
[[ 135.26628    -543.5192      -25.000675  ]
 [ -44.027367    195.24854       9.999325  ]
 [   0.14450367    0.03871499    0.        ]
 [   0.            0.            0.1496    ]]
               x1        y1  area1         x2        y2  area2          x3         y3  area3          x4       y4  area4
range  332.089288  1.217484  107.0  127.38887  3.655354   78.0  297.315741  18.164211  160.0  332.138611  30.6982   93.0
FAILURE!!!! Some beads might have been misidentified

iter 29 cost=0.554648 -> 0.587806 |dtheta|=2.529332e-03  lambda=1.562e-02

============================================================
Iteration 30
============================================================
Theta offsets (Unity frame):
  Source   : dSx=   0.000, dSy=   0.000, dSz=   0.000  (mm)
  Object   : dOx= -15.001, dOy= -12.001, dOz= -21.989  (mm)
  Object offset: offset_x=   0.001, offset_z=   0.001  (mm)
  Detector : dDx=   0.000, dDy=   0.000, dDz=   0.000  (mm)
  Obj Stage rotY :   14.999 deg
============================================================

Unity geometry (world coordinates):
  Source   : x= -10.000, y=  55.000, z=   0.000
  Object   : x=  -0.001, y=  29.999, z= 560.011
  Detector : x=   8.000, y=  20.000, z= 760.000
  Obj rotY :   0.0000 deg
view   0 | SOD= 560.659 mm | SDD= 761.018 mm | M= 1.357 | incident=2.9645°
[[ 135.27682    -543.51953     -25.001217  ]
 [ -44.031578    195.24467       9.998783  ]
 [   0.1445029     0.03871788    0.        ]
 [   0.            0.            0.1496    ]]
               x1        y1  area1         x2        y2  area2          x3         y3  area3          x4         y4  area4
range  332.124621  1.217484  106.0  127.38887  3.708569   78.0  297.320437  18.153794  160.0  332.150458  30.693059   93.0
FAILURE!!!! Some beads might have been misidentified
               x1        y1  area1          x2        y2  area2          x3         y3  area3         x4         y4  area4
range  332.149414  1.186837  107.0  127.356637  3.705663   77.0  297.355351  18.183558  167.0  332.12947  30.675925   96.0
FAILURE!!!! Some beads might have been misidentified
               x1        y1  area1          x2        y2  area2          x3         y3  area3          x4      y4  area4
range  332.123816  1.189968  109.0  127.300579  3.656053   80.0  297.259407  18.119769  170.0  332.102829  30.708   94.0
FAILURE!!!! Some beads might have been misidentified
               x1        y1  area1        x2        y2  area2          x3         y3  area3          x4         y4  area4
range  332.172841  1.289237  106.0  127.3257  3.652688   79.0  297.296706  18.125061  165.0  332.105308  30.699155   95.0
FAILURE!!!! Some beads might have been misidentified
               x1        y1  area1          x2        y2  area2          x3         y3  area3          x4         y4  area4
range  332.113699  1.086802  104.0  127.368447  3.595188   84.0  297.340692  18.235131  165.0  332.122056  30.637292  102.0
FAILURE!!!! Some beads might have been misidentified
               x1        y1  area1         x2        y2  area2          x3         y3  area3          x4        y4  area4
range  332.107114  1.217484  107.0  127.38887  3.655354   79.0  297.306186  18.176942  160.0  332.149734  30.69313   94.0
FAILURE!!!! Some beads might have been misidentified
               x1        y1  area1         x2        y2  area2         x3         y3  area3          x4         y4  area4
range  332.138434  1.217484  106.0  127.38887  3.708569   78.0  297.32425  18.153794  160.0  332.167532  30.711112   94.0
FAILURE!!!! Some beads might have been misidentified
               x1        y1  area1         x2       y2  area2          x3         y3  area3          x4        y4  area4
range  332.107114  1.217484  106.0  127.38887  3.69078   79.0  297.320437  18.153614  159.0  332.150458  30.74431   93.0
FAILURE!!!! Some beads might have been misidentified
               x1        y1  area1         x2        y2  area2          x3         y3  area3          x4         y4  area4
range  332.138434  1.189655  106.0  127.38887  3.692825   80.0  297.304136  18.175741  159.0  332.167532  30.707387   95.0
FAILURE!!!! Some beads might have been misidentified
               x1        y1  area1          x2        y2  area2          x3         y3  area3          x4         y4  area4
range  332.187389  1.188098  108.0  127.194513  3.700802   77.0  297.396365  18.146854  171.0  332.183529  30.656093   93.0
FAILURE!!!! Some beads might have been misidentified
               x1        y1  area1          x2        y2  area2          x3         y3  area3          x4         y4  area4
range  332.089288  1.201493  107.0  127.503999  3.653269   77.0  297.191587  18.156473  166.0  332.108919  30.744412   94.0
FAILURE!!!! Some beads might have been misidentified
               x1        y1  area1          x2        y2  area2          x3         y3  area3         x4         y4  area4
range  332.306815  1.209798  107.0  127.348489  3.673746   79.0  297.141725  18.147785  164.0  332.29518  30.697981   94.0
FAILURE!!!! Some beads might have been misidentified
               x1   y1  area1          x2        y2  area2          x3        y3  area3          x4         y4  area4
range  331.979519  1.2  106.0  127.447576  3.648992   77.0  297.440022  18.14939  160.0  331.950211  30.729722   95.0
FAILURE!!!! Some beads might have been misidentified
Residual vector length: 210, Jacobian shape: (210, 6)
view   0 | SOD= 560.656 mm | SDD= 761.018 mm | M= 1.357 | incident=2.9645°
[[ 135.26628    -543.5192      -25.000675  ]
 [ -44.027367    195.24854       9.999325  ]
 [   0.14450367    0.03871499    0.        ]
 [   0.            0.            0.1496    ]]
               x1        y1  area1         x2        y2  area2          x3         y3  area3          x4       y4  area4
range  332.089288  1.217484  107.0  127.38887  3.655354   78.0  297.315741  18.164211  160.0  332.138611  30.6982   93.0
FAILURE!!!! Some beads might have been misidentified

iter 30 cost=0.554648 -> 0.589050 |dtheta|=2.528915e-03  lambda=7.812e-02

============================================================
Iteration 31
============================================================
Theta offsets (Unity frame):
  Source   : dSx=   0.000, dSy=   0.000, dSz=   0.000  (mm)
  Object   : dOx= -15.001, dOy= -12.001, dOz= -21.989  (mm)
  Object offset: offset_x=   0.001, offset_z=   0.001  (mm)
  Detector : dDx=   0.000, dDy=   0.000, dDz=   0.000  (mm)
  Obj Stage rotY :   14.999 deg
============================================================

Unity geometry (world coordinates):
  Source   : x= -10.000, y=  55.000, z=   0.000
  Object   : x=  -0.001, y=  29.999, z= 560.011
  Detector : x=   8.000, y=  20.000, z= 760.000
  Obj rotY :   0.0000 deg
view   0 | SOD= 560.659 mm | SDD= 761.018 mm | M= 1.357 | incident=2.9645°
[[ 135.27682    -543.51953     -25.001217  ]
 [ -44.031578    195.24467       9.998783  ]
 [   0.1445029     0.03871788    0.        ]
 [   0.            0.            0.1496    ]]
               x1        y1  area1         x2        y2  area2          x3         y3  area3          x4         y4  area4
range  332.124621  1.217484  106.0  127.38887  3.708569   78.0  297.320437  18.153794  160.0  332.150458  30.693059   93.0
FAILURE!!!! Some beads might have been misidentified
               x1        y1  area1          x2        y2  area2          x3         y3  area3         x4         y4  area4
range  332.149414  1.186837  107.0  127.356637  3.705663   77.0  297.355351  18.183558  167.0  332.12947  30.675925   96.0
FAILURE!!!! Some beads might have been misidentified
               x1        y1  area1          x2        y2  area2          x3         y3  area3          x4      y4  area4
range  332.123816  1.189968  109.0  127.300579  3.656053   80.0  297.259407  18.119769  170.0  332.102829  30.708   94.0
FAILURE!!!! Some beads might have been misidentified
               x1        y1  area1        x2        y2  area2          x3         y3  area3          x4         y4  area4
range  332.172841  1.289237  106.0  127.3257  3.652688   79.0  297.296706  18.125061  165.0  332.105308  30.699155   95.0
FAILURE!!!! Some beads might have been misidentified
               x1        y1  area1          x2        y2  area2          x3         y3  area3          x4         y4  area4
range  332.113699  1.086802  104.0  127.368447  3.595188   84.0  297.340692  18.235131  165.0  332.122056  30.637292  102.0
FAILURE!!!! Some beads might have been misidentified
               x1        y1  area1         x2        y2  area2          x3         y3  area3          x4        y4  area4
range  332.107114  1.217484  107.0  127.38887  3.655354   79.0  297.306186  18.176942  160.0  332.149734  30.69313   94.0
FAILURE!!!! Some beads might have been misidentified
               x1        y1  area1         x2        y2  area2         x3         y3  area3          x4         y4  area4
range  332.138434  1.217484  106.0  127.38887  3.708569   78.0  297.32425  18.153794  160.0  332.167532  30.711112   94.0
FAILURE!!!! Some beads might have been misidentified
               x1        y1  area1         x2       y2  area2          x3         y3  area3          x4        y4  area4
range  332.107114  1.217484  106.0  127.38887  3.69078   79.0  297.320437  18.153614  159.0  332.150458  30.74431   93.0
FAILURE!!!! Some beads might have been misidentified
               x1        y1  area1         x2        y2  area2          x3         y3  area3          x4         y4  area4
range  332.138434  1.189655  106.0  127.38887  3.692825   80.0  297.304136  18.175741  159.0  332.167532  30.707387   95.0
FAILURE!!!! Some beads might have been misidentified
               x1        y1  area1          x2        y2  area2          x3         y3  area3          x4         y4  area4
range  332.187389  1.188098  108.0  127.194513  3.700802   77.0  297.396365  18.146854  171.0  332.183529  30.656093   93.0
FAILURE!!!! Some beads might have been misidentified
               x1        y1  area1          x2        y2  area2          x3         y3  area3          x4         y4  area4
range  332.089288  1.201493  107.0  127.503999  3.653269   77.0  297.191587  18.156473  166.0  332.108919  30.744412   94.0
FAILURE!!!! Some beads might have been misidentified
               x1        y1  area1          x2        y2  area2          x3         y3  area3         x4         y4  area4
range  332.306815  1.209798  107.0  127.348489  3.673746   79.0  297.141725  18.147785  164.0  332.29518  30.697981   94.0
FAILURE!!!! Some beads might have been misidentified
               x1   y1  area1          x2        y2  area2          x3        y3  area3          x4         y4  area4
range  331.979519  1.2  106.0  127.447576  3.648992   77.0  297.440022  18.14939  160.0  331.950211  30.729722   95.0
FAILURE!!!! Some beads might have been misidentified
Residual vector length: 210, Jacobian shape: (210, 6)
view   0 | SOD= 560.656 mm | SDD= 761.018 mm | M= 1.357 | incident=2.9645°
[[ 135.2663     -543.5192      -25.000675  ]
 [ -44.02737     195.24854       9.999325  ]
 [   0.14450367    0.038715      0.        ]
 [   0.            0.            0.1496    ]]
               x1        y1  area1         x2        y2  area2          x3         y3  area3          x4       y4  area4
range  332.089288  1.217484  107.0  127.38887  3.655354   78.0  297.315741  18.164211  160.0  332.138611  30.6982   93.0
FAILURE!!!! Some beads might have been misidentified

iter 31 cost=0.554648 -> 0.589050 |dtheta|=2.526831e-03  lambda=3.906e-01

============================================================
Iteration 32
============================================================
Theta offsets (Unity frame):
  Source   : dSx=   0.000, dSy=   0.000, dSz=   0.000  (mm)
  Object   : dOx= -15.001, dOy= -12.001, dOz= -21.989  (mm)
  Object offset: offset_x=   0.001, offset_z=   0.001  (mm)
  Detector : dDx=   0.000, dDy=   0.000, dDz=   0.000  (mm)
  Obj Stage rotY :   14.999 deg
============================================================

Unity geometry (world coordinates):
  Source   : x= -10.000, y=  55.000, z=   0.000
  Object   : x=  -0.001, y=  29.999, z= 560.011
  Detector : x=   8.000, y=  20.000, z= 760.000
  Obj rotY :   0.0000 deg
view   0 | SOD= 560.659 mm | SDD= 761.018 mm | M= 1.357 | incident=2.9645°
[[ 135.27682    -543.51953     -25.001217  ]
 [ -44.031578    195.24467       9.998783  ]
 [   0.1445029     0.03871788    0.        ]
 [   0.            0.            0.1496    ]]
               x1        y1  area1         x2        y2  area2          x3         y3  area3          x4         y4  area4
range  332.124621  1.217484  106.0  127.38887  3.708569   78.0  297.320437  18.153794  160.0  332.150458  30.693059   93.0
FAILURE!!!! Some beads might have been misidentified
               x1        y1  area1          x2        y2  area2          x3         y3  area3         x4         y4  area4
range  332.149414  1.186837  107.0  127.356637  3.705663   77.0  297.355351  18.183558  167.0  332.12947  30.675925   96.0
FAILURE!!!! Some beads might have been misidentified
               x1        y1  area1          x2        y2  area2          x3         y3  area3          x4      y4  area4
range  332.123816  1.189968  109.0  127.300579  3.656053   80.0  297.259407  18.119769  170.0  332.102829  30.708   94.0
FAILURE!!!! Some beads might have been misidentified
               x1        y1  area1        x2        y2  area2          x3         y3  area3          x4         y4  area4
range  332.172841  1.289237  106.0  127.3257  3.652688   79.0  297.296706  18.125061  165.0  332.105308  30.699155   95.0
FAILURE!!!! Some beads might have been misidentified
               x1        y1  area1          x2        y2  area2          x3         y3  area3          x4         y4  area4
range  332.113699  1.086802  104.0  127.368447  3.595188   84.0  297.340692  18.235131  165.0  332.122056  30.637292  102.0
FAILURE!!!! Some beads might have been misidentified
               x1        y1  area1         x2        y2  area2          x3         y3  area3          x4        y4  area4
range  332.107114  1.217484  107.0  127.38887  3.655354   79.0  297.306186  18.176942  160.0  332.149734  30.69313   94.0
FAILURE!!!! Some beads might have been misidentified
               x1        y1  area1         x2        y2  area2         x3         y3  area3          x4         y4  area4
range  332.138434  1.217484  106.0  127.38887  3.708569   78.0  297.32425  18.153794  160.0  332.167532  30.711112   94.0
FAILURE!!!! Some beads might have been misidentified
               x1        y1  area1         x2       y2  area2          x3         y3  area3          x4        y4  area4
range  332.107114  1.217484  106.0  127.38887  3.69078   79.0  297.320437  18.153614  159.0  332.150458  30.74431   93.0
FAILURE!!!! Some beads might have been misidentified
               x1        y1  area1         x2        y2  area2          x3         y3  area3          x4         y4  area4
range  332.138434  1.189655  106.0  127.38887  3.692825   80.0  297.304136  18.175741  159.0  332.167532  30.707387   95.0
FAILURE!!!! Some beads might have been misidentified
               x1        y1  area1          x2        y2  area2          x3         y3  area3          x4         y4  area4
range  332.187389  1.188098  108.0  127.194513  3.700802   77.0  297.396365  18.146854  171.0  332.183529  30.656093   93.0
FAILURE!!!! Some beads might have been misidentified
               x1        y1  area1          x2        y2  area2          x3         y3  area3          x4         y4  area4
range  332.089288  1.201493  107.0  127.503999  3.653269   77.0  297.191587  18.156473  166.0  332.108919  30.744412   94.0
FAILURE!!!! Some beads might have been misidentified
               x1        y1  area1          x2        y2  area2          x3         y3  area3         x4         y4  area4
range  332.306815  1.209798  107.0  127.348489  3.673746   79.0  297.141725  18.147785  164.0  332.29518  30.697981   94.0
FAILURE!!!! Some beads might have been misidentified
               x1   y1  area1          x2        y2  area2          x3        y3  area3          x4         y4  area4
range  331.979519  1.2  106.0  127.447576  3.648992   77.0  297.440022  18.14939  160.0  331.950211  30.729722   95.0
FAILURE!!!! Some beads might have been misidentified
Residual vector length: 210, Jacobian shape: (210, 6)
view   0 | SOD= 560.656 mm | SDD= 761.018 mm | M= 1.357 | incident=2.9645°
[[ 135.26631    -543.5192      -25.000675  ]
 [ -44.027378    195.24854       9.999325  ]
 [   0.14450367    0.038715      0.        ]
 [   0.            0.            0.1496    ]]
               x1        y1  area1         x2        y2  area2          x3         y3  area3          x4       y4  area4
range  332.089288  1.217484  107.0  127.38887  3.655354   78.0  297.315741  18.164211  160.0  332.138611  30.6982   93.0
FAILURE!!!! Some beads might have been misidentified

iter 32 cost=0.554648 -> 0.589299 |dtheta|=2.516507e-03  lambda=1.953e+00

============================================================
Iteration 33
============================================================
Theta offsets (Unity frame):
  Source   : dSx=   0.000, dSy=   0.000, dSz=   0.000  (mm)
  Object   : dOx= -15.001, dOy= -12.001, dOz= -21.989  (mm)
  Object offset: offset_x=   0.001, offset_z=   0.001  (mm)
  Detector : dDx=   0.000, dDy=   0.000, dDz=   0.000  (mm)
  Obj Stage rotY :   14.999 deg
============================================================

Unity geometry (world coordinates):
  Source   : x= -10.000, y=  55.000, z=   0.000
  Object   : x=  -0.001, y=  29.999, z= 560.011
  Detector : x=   8.000, y=  20.000, z= 760.000
  Obj rotY :   0.0000 deg
view   0 | SOD= 560.659 mm | SDD= 761.018 mm | M= 1.357 | incident=2.9645°
[[ 135.27682    -543.51953     -25.001217  ]
 [ -44.031578    195.24467       9.998783  ]
 [   0.1445029     0.03871788    0.        ]
 [   0.            0.            0.1496    ]]
               x1        y1  area1         x2        y2  area2          x3         y3  area3          x4         y4  area4
range  332.124621  1.217484  106.0  127.38887  3.708569   78.0  297.320437  18.153794  160.0  332.150458  30.693059   93.0
FAILURE!!!! Some beads might have been misidentified
               x1        y1  area1          x2        y2  area2          x3         y3  area3         x4         y4  area4
range  332.149414  1.186837  107.0  127.356637  3.705663   77.0  297.355351  18.183558  167.0  332.12947  30.675925   96.0
FAILURE!!!! Some beads might have been misidentified
               x1        y1  area1          x2        y2  area2          x3         y3  area3          x4      y4  area4
range  332.123816  1.189968  109.0  127.300579  3.656053   80.0  297.259407  18.119769  170.0  332.102829  30.708   94.0
FAILURE!!!! Some beads might have been misidentified
               x1        y1  area1        x2        y2  area2          x3         y3  area3          x4         y4  area4
range  332.172841  1.289237  106.0  127.3257  3.652688   79.0  297.296706  18.125061  165.0  332.105308  30.699155   95.0
FAILURE!!!! Some beads might have been misidentified
               x1        y1  area1          x2        y2  area2          x3         y3  area3          x4         y4  area4
range  332.113699  1.086802  104.0  127.368447  3.595188   84.0  297.340692  18.235131  165.0  332.122056  30.637292  102.0
FAILURE!!!! Some beads might have been misidentified
               x1        y1  area1         x2        y2  area2          x3         y3  area3          x4        y4  area4
range  332.107114  1.217484  107.0  127.38887  3.655354   79.0  297.306186  18.176942  160.0  332.149734  30.69313   94.0
FAILURE!!!! Some beads might have been misidentified
               x1        y1  area1         x2        y2  area2         x3         y3  area3          x4         y4  area4
range  332.138434  1.217484  106.0  127.38887  3.708569   78.0  297.32425  18.153794  160.0  332.167532  30.711112   94.0
FAILURE!!!! Some beads might have been misidentified
               x1        y1  area1         x2       y2  area2          x3         y3  area3          x4        y4  area4
range  332.107114  1.217484  106.0  127.38887  3.69078   79.0  297.320437  18.153614  159.0  332.150458  30.74431   93.0
FAILURE!!!! Some beads might have been misidentified
               x1        y1  area1         x2        y2  area2          x3         y3  area3          x4         y4  area4
range  332.138434  1.189655  106.0  127.38887  3.692825   80.0  297.304136  18.175741  159.0  332.167532  30.707387   95.0
FAILURE!!!! Some beads might have been misidentified
               x1        y1  area1          x2        y2  area2          x3         y3  area3          x4         y4  area4
range  332.187389  1.188098  108.0  127.194513  3.700802   77.0  297.396365  18.146854  171.0  332.183529  30.656093   93.0
FAILURE!!!! Some beads might have been misidentified
               x1        y1  area1          x2        y2  area2          x3         y3  area3          x4         y4  area4
range  332.089288  1.201493  107.0  127.503999  3.653269   77.0  297.191587  18.156473  166.0  332.108919  30.744412   94.0
FAILURE!!!! Some beads might have been misidentified
               x1        y1  area1          x2        y2  area2          x3         y3  area3         x4         y4  area4
range  332.306815  1.209798  107.0  127.348489  3.673746   79.0  297.141725  18.147785  164.0  332.29518  30.697981   94.0
FAILURE!!!! Some beads might have been misidentified
               x1   y1  area1          x2        y2  area2          x3        y3  area3          x4         y4  area4
range  331.979519  1.2  106.0  127.447576  3.648992   77.0  297.440022  18.14939  160.0  331.950211  30.729722   95.0
FAILURE!!!! Some beads might have been misidentified
Residual vector length: 210, Jacobian shape: (210, 6)
view   0 | SOD= 560.656 mm | SDD= 761.018 mm | M= 1.357 | incident=2.9645°
[[ 135.26645    -543.5192      -25.000679  ]
 [ -44.027412    195.24846       9.999321  ]
 [   0.14450365    0.03871503    0.        ]
 [   0.            0.            0.1496    ]]
               x1        y1  area1         x2        y2  area2          x3         y3  area3          x4       y4  area4
range  332.089288  1.217484  107.0  127.38887  3.655354   78.0  297.315741  18.164211  160.0  332.138611  30.6982   93.0
FAILURE!!!! Some beads might have been misidentified

iter 33 cost=0.554648 -> 0.588404 |dtheta|=2.467108e-03  lambda=9.766e+00

============================================================
Iteration 34
============================================================
Theta offsets (Unity frame):
  Source   : dSx=   0.000, dSy=   0.000, dSz=   0.000  (mm)
  Object   : dOx= -15.001, dOy= -12.001, dOz= -21.989  (mm)
  Object offset: offset_x=   0.001, offset_z=   0.001  (mm)
  Detector : dDx=   0.000, dDy=   0.000, dDz=   0.000  (mm)
  Obj Stage rotY :   14.999 deg
============================================================

Unity geometry (world coordinates):
  Source   : x= -10.000, y=  55.000, z=   0.000
  Object   : x=  -0.001, y=  29.999, z= 560.011
  Detector : x=   8.000, y=  20.000, z= 760.000
  Obj rotY :   0.0000 deg
view   0 | SOD= 560.659 mm | SDD= 761.018 mm | M= 1.357 | incident=2.9645°
[[ 135.27682    -543.51953     -25.001217  ]
 [ -44.031578    195.24467       9.998783  ]
 [   0.1445029     0.03871788    0.        ]
 [   0.            0.            0.1496    ]]
               x1        y1  area1         x2        y2  area2          x3         y3  area3          x4         y4  area4
range  332.124621  1.217484  106.0  127.38887  3.708569   78.0  297.320437  18.153794  160.0  332.150458  30.693059   93.0
FAILURE!!!! Some beads might have been misidentified
               x1        y1  area1          x2        y2  area2          x3         y3  area3         x4         y4  area4
range  332.149414  1.186837  107.0  127.356637  3.705663   77.0  297.355351  18.183558  167.0  332.12947  30.675925   96.0
FAILURE!!!! Some beads might have been misidentified
               x1        y1  area1          x2        y2  area2          x3         y3  area3          x4      y4  area4
range  332.123816  1.189968  109.0  127.300579  3.656053   80.0  297.259407  18.119769  170.0  332.102829  30.708   94.0
FAILURE!!!! Some beads might have been misidentified
               x1        y1  area1        x2        y2  area2          x3         y3  area3          x4         y4  area4
range  332.172841  1.289237  106.0  127.3257  3.652688   79.0  297.296706  18.125061  165.0  332.105308  30.699155   95.0
FAILURE!!!! Some beads might have been misidentified
               x1        y1  area1          x2        y2  area2          x3         y3  area3          x4         y4  area4
range  332.113699  1.086802  104.0  127.368447  3.595188   84.0  297.340692  18.235131  165.0  332.122056  30.637292  102.0
FAILURE!!!! Some beads might have been misidentified
               x1        y1  area1         x2        y2  area2          x3         y3  area3          x4        y4  area4
range  332.107114  1.217484  107.0  127.38887  3.655354   79.0  297.306186  18.176942  160.0  332.149734  30.69313   94.0
FAILURE!!!! Some beads might have been misidentified
               x1        y1  area1         x2        y2  area2         x3         y3  area3          x4         y4  area4
range  332.138434  1.217484  106.0  127.38887  3.708569   78.0  297.32425  18.153794  160.0  332.167532  30.711112   94.0
FAILURE!!!! Some beads might have been misidentified
               x1        y1  area1         x2       y2  area2          x3         y3  area3          x4        y4  area4
range  332.107114  1.217484  106.0  127.38887  3.69078   79.0  297.320437  18.153614  159.0  332.150458  30.74431   93.0
FAILURE!!!! Some beads might have been misidentified
               x1        y1  area1         x2        y2  area2          x3         y3  area3          x4         y4  area4
range  332.138434  1.189655  106.0  127.38887  3.692825   80.0  297.304136  18.175741  159.0  332.167532  30.707387   95.0
FAILURE!!!! Some beads might have been misidentified
               x1        y1  area1          x2        y2  area2          x3         y3  area3          x4         y4  area4
range  332.187389  1.188098  108.0  127.194513  3.700802   77.0  297.396365  18.146854  171.0  332.183529  30.656093   93.0
FAILURE!!!! Some beads might have been misidentified
               x1        y1  area1          x2        y2  area2          x3         y3  area3          x4         y4  area4
range  332.089288  1.201493  107.0  127.503999  3.653269   77.0  297.191587  18.156473  166.0  332.108919  30.744412   94.0
FAILURE!!!! Some beads might have been misidentified
               x1        y1  area1          x2        y2  area2          x3         y3  area3         x4         y4  area4
range  332.306815  1.209798  107.0  127.348489  3.673746   79.0  297.141725  18.147785  164.0  332.29518  30.697981   94.0
FAILURE!!!! Some beads might have been misidentified
               x1   y1  area1          x2        y2  area2          x3        y3  area3          x4         y4  area4
range  331.979519  1.2  106.0  127.447576  3.648992   77.0  297.440022  18.14939  160.0  331.950211  30.729722   95.0
FAILURE!!!! Some beads might have been misidentified
Residual vector length: 210, Jacobian shape: (210, 6)
view   0 | SOD= 560.656 mm | SDD= 761.018 mm | M= 1.357 | incident=2.9645°
[[ 135.26706    -543.51935     -25.00069   ]
 [ -44.02758     195.24818       9.99931   ]
 [   0.14450361    0.03871519    0.        ]
 [   0.            0.            0.1496    ]]
               x1        y1  area1         x2        y2  area2          x3         y3  area3          x4         y4  area4
range  332.089288  1.217484  107.0  127.38887  3.655354   78.0  297.315741  18.164211  160.0  332.138611  30.681333   94.0
FAILURE!!!! Some beads might have been misidentified

iter 34 cost=0.554648 -> 0.584810 |dtheta|=2.264776e-03  lambda=4.883e+01

============================================================
Iteration 35
============================================================
Theta offsets (Unity frame):
  Source   : dSx=   0.000, dSy=   0.000, dSz=   0.000  (mm)
  Object   : dOx= -15.001, dOy= -12.001, dOz= -21.989  (mm)
  Object offset: offset_x=   0.001, offset_z=   0.001  (mm)
  Detector : dDx=   0.000, dDy=   0.000, dDz=   0.000  (mm)
  Obj Stage rotY :   14.999 deg
============================================================

Unity geometry (world coordinates):
  Source   : x= -10.000, y=  55.000, z=   0.000
  Object   : x=  -0.001, y=  29.999, z= 560.011
  Detector : x=   8.000, y=  20.000, z= 760.000
  Obj rotY :   0.0000 deg
view   0 | SOD= 560.659 mm | SDD= 761.018 mm | M= 1.357 | incident=2.9645°
[[ 135.27682    -543.51953     -25.001217  ]
 [ -44.031578    195.24467       9.998783  ]
 [   0.1445029     0.03871788    0.        ]
 [   0.            0.            0.1496    ]]
               x1        y1  area1         x2        y2  area2          x3         y3  area3          x4         y4  area4
range  332.124621  1.217484  106.0  127.38887  3.708569   78.0  297.320437  18.153794  160.0  332.150458  30.693059   93.0
FAILURE!!!! Some beads might have been misidentified
               x1        y1  area1          x2        y2  area2          x3         y3  area3         x4         y4  area4
range  332.149414  1.186837  107.0  127.356637  3.705663   77.0  297.355351  18.183558  167.0  332.12947  30.675925   96.0
FAILURE!!!! Some beads might have been misidentified
               x1        y1  area1          x2        y2  area2          x3         y3  area3          x4      y4  area4
range  332.123816  1.189968  109.0  127.300579  3.656053   80.0  297.259407  18.119769  170.0  332.102829  30.708   94.0
FAILURE!!!! Some beads might have been misidentified
               x1        y1  area1        x2        y2  area2          x3         y3  area3          x4         y4  area4
range  332.172841  1.289237  106.0  127.3257  3.652688   79.0  297.296706  18.125061  165.0  332.105308  30.699155   95.0
FAILURE!!!! Some beads might have been misidentified
               x1        y1  area1          x2        y2  area2          x3         y3  area3          x4         y4  area4
range  332.113699  1.086802  104.0  127.368447  3.595188   84.0  297.340692  18.235131  165.0  332.122056  30.637292  102.0
FAILURE!!!! Some beads might have been misidentified
               x1        y1  area1         x2        y2  area2          x3         y3  area3          x4        y4  area4
range  332.107114  1.217484  107.0  127.38887  3.655354   79.0  297.306186  18.176942  160.0  332.149734  30.69313   94.0
FAILURE!!!! Some beads might have been misidentified
               x1        y1  area1         x2        y2  area2         x3         y3  area3          x4         y4  area4
range  332.138434  1.217484  106.0  127.38887  3.708569   78.0  297.32425  18.153794  160.0  332.167532  30.711112   94.0
FAILURE!!!! Some beads might have been misidentified
               x1        y1  area1         x2       y2  area2          x3         y3  area3          x4        y4  area4
range  332.107114  1.217484  106.0  127.38887  3.69078   79.0  297.320437  18.153614  159.0  332.150458  30.74431   93.0
FAILURE!!!! Some beads might have been misidentified
               x1        y1  area1         x2        y2  area2          x3         y3  area3          x4         y4  area4
range  332.138434  1.189655  106.0  127.38887  3.692825   80.0  297.304136  18.175741  159.0  332.167532  30.707387   95.0
FAILURE!!!! Some beads might have been misidentified
               x1        y1  area1          x2        y2  area2          x3         y3  area3          x4         y4  area4
range  332.187389  1.188098  108.0  127.194513  3.700802   77.0  297.396365  18.146854  171.0  332.183529  30.656093   93.0
FAILURE!!!! Some beads might have been misidentified
               x1        y1  area1          x2        y2  area2          x3         y3  area3          x4         y4  area4
range  332.089288  1.201493  107.0  127.503999  3.653269   77.0  297.191587  18.156473  166.0  332.108919  30.744412   94.0
FAILURE!!!! Some beads might have been misidentified
               x1        y1  area1          x2        y2  area2          x3         y3  area3         x4         y4  area4
range  332.306815  1.209798  107.0  127.348489  3.673746   79.0  297.141725  18.147785  164.0  332.29518  30.697981   94.0
FAILURE!!!! Some beads might have been misidentified
               x1   y1  area1          x2        y2  area2          x3        y3  area3          x4         y4  area4
range  331.979519  1.2  106.0  127.447576  3.648992   77.0  297.440022  18.14939  160.0  331.950211  30.729722   95.0
FAILURE!!!! Some beads might have been misidentified
Residual vector length: 210, Jacobian shape: (210, 6)
view   0 | SOD= 560.657 mm | SDD= 761.018 mm | M= 1.357 | incident=2.9645°
[[ 135.26938    -543.5195      -25.000729  ]
 [ -44.02829     195.24733       9.999271  ]
 [   0.14450346    0.03871578    0.        ]
 [   0.            0.            0.1496    ]]
               x1        y1  area1         x2        y2  area2          x3         y3  area3          x4         y4  area4
range  332.107114  1.217484  107.0  127.38887  3.655354   78.0  297.315741  18.164211  160.0  332.138611  30.681333   94.0
FAILURE!!!! Some beads might have been misidentified

iter 35 cost=0.554648 -> 0.573053 |dtheta|=1.758008e-03  lambda=2.441e+02

============================================================
Iteration 36
============================================================
Theta offsets (Unity frame):
  Source   : dSx=   0.000, dSy=   0.000, dSz=   0.000  (mm)
  Object   : dOx= -15.001, dOy= -12.001, dOz= -21.989  (mm)
  Object offset: offset_x=   0.001, offset_z=   0.001  (mm)
  Detector : dDx=   0.000, dDy=   0.000, dDz=   0.000  (mm)
  Obj Stage rotY :   14.999 deg
============================================================

Unity geometry (world coordinates):
  Source   : x= -10.000, y=  55.000, z=   0.000
  Object   : x=  -0.001, y=  29.999, z= 560.011
  Detector : x=   8.000, y=  20.000, z= 760.000
  Obj rotY :   0.0000 deg
view   0 | SOD= 560.659 mm | SDD= 761.018 mm | M= 1.357 | incident=2.9645°
[[ 135.27682    -543.51953     -25.001217  ]
 [ -44.031578    195.24467       9.998783  ]
 [   0.1445029     0.03871788    0.        ]
 [   0.            0.            0.1496    ]]
               x1        y1  area1         x2        y2  area2          x3         y3  area3          x4         y4  area4
range  332.124621  1.217484  106.0  127.38887  3.708569   78.0  297.320437  18.153794  160.0  332.150458  30.693059   93.0
FAILURE!!!! Some beads might have been misidentified
               x1        y1  area1          x2        y2  area2          x3         y3  area3         x4         y4  area4
range  332.149414  1.186837  107.0  127.356637  3.705663   77.0  297.355351  18.183558  167.0  332.12947  30.675925   96.0
FAILURE!!!! Some beads might have been misidentified
               x1        y1  area1          x2        y2  area2          x3         y3  area3          x4      y4  area4
range  332.123816  1.189968  109.0  127.300579  3.656053   80.0  297.259407  18.119769  170.0  332.102829  30.708   94.0
FAILURE!!!! Some beads might have been misidentified
               x1        y1  area1        x2        y2  area2          x3         y3  area3          x4         y4  area4
range  332.172841  1.289237  106.0  127.3257  3.652688   79.0  297.296706  18.125061  165.0  332.105308  30.699155   95.0
FAILURE!!!! Some beads might have been misidentified
               x1        y1  area1          x2        y2  area2          x3         y3  area3          x4         y4  area4
range  332.113699  1.086802  104.0  127.368447  3.595188   84.0  297.340692  18.235131  165.0  332.122056  30.637292  102.0
FAILURE!!!! Some beads might have been misidentified
               x1        y1  area1         x2        y2  area2          x3         y3  area3          x4        y4  area4
range  332.107114  1.217484  107.0  127.38887  3.655354   79.0  297.306186  18.176942  160.0  332.149734  30.69313   94.0
FAILURE!!!! Some beads might have been misidentified
               x1        y1  area1         x2        y2  area2         x3         y3  area3          x4         y4  area4
range  332.138434  1.217484  106.0  127.38887  3.708569   78.0  297.32425  18.153794  160.0  332.167532  30.711112   94.0
FAILURE!!!! Some beads might have been misidentified
               x1        y1  area1         x2       y2  area2          x3         y3  area3          x4        y4  area4
range  332.107114  1.217484  106.0  127.38887  3.69078   79.0  297.320437  18.153614  159.0  332.150458  30.74431   93.0
FAILURE!!!! Some beads might have been misidentified
               x1        y1  area1         x2        y2  area2          x3         y3  area3          x4         y4  area4
range  332.138434  1.189655  106.0  127.38887  3.692825   80.0  297.304136  18.175741  159.0  332.167532  30.707387   95.0
FAILURE!!!! Some beads might have been misidentified
               x1        y1  area1          x2        y2  area2          x3         y3  area3          x4         y4  area4
range  332.187389  1.188098  108.0  127.194513  3.700802   77.0  297.396365  18.146854  171.0  332.183529  30.656093   93.0
FAILURE!!!! Some beads might have been misidentified
               x1        y1  area1          x2        y2  area2          x3         y3  area3          x4         y4  area4
range  332.089288  1.201493  107.0  127.503999  3.653269   77.0  297.191587  18.156473  166.0  332.108919  30.744412   94.0
FAILURE!!!! Some beads might have been misidentified
               x1        y1  area1          x2        y2  area2          x3         y3  area3         x4         y4  area4
range  332.306815  1.209798  107.0  127.348489  3.673746   79.0  297.141725  18.147785  164.0  332.29518  30.697981   94.0
FAILURE!!!! Some beads might have been misidentified
               x1   y1  area1          x2        y2  area2          x3        y3  area3          x4         y4  area4
range  331.979519  1.2  106.0  127.447576  3.648992   77.0  297.440022  18.14939  160.0  331.950211  30.729722   95.0
FAILURE!!!! Some beads might have been misidentified
Residual vector length: 210, Jacobian shape: (210, 6)
view   0 | SOD= 560.658 mm | SDD= 761.018 mm | M= 1.357 | incident=2.9645°
[[ 135.27362    -543.5192      -25.000813  ]
 [ -44.02982     195.24615       9.999187  ]
 [   0.14450315    0.03871691    0.        ]
 [   0.            0.            0.1496    ]]
               x1        y1  area1         x2        y2  area2          x3         y3  area3          x4         y4  area4
range  332.107114  1.217484  107.0  127.38887  3.655354   78.0  297.315741  18.164211  160.0  332.150458  30.670747   94.0
FAILURE!!!! Some beads might have been misidentified

iter 36 cost=0.554648 -> 0.575024 |dtheta|=1.133605e-03  lambda=1.221e+03

============================================================
Iteration 37
============================================================
Theta offsets (Unity frame):
  Source   : dSx=   0.000, dSy=   0.000, dSz=   0.000  (mm)
  Object   : dOx= -15.001, dOy= -12.001, dOz= -21.989  (mm)
  Object offset: offset_x=   0.001, offset_z=   0.001  (mm)
  Detector : dDx=   0.000, dDy=   0.000, dDz=   0.000  (mm)
  Obj Stage rotY :   14.999 deg
============================================================

Unity geometry (world coordinates):
  Source   : x= -10.000, y=  55.000, z=   0.000
  Object   : x=  -0.001, y=  29.999, z= 560.011
  Detector : x=   8.000, y=  20.000, z= 760.000
  Obj rotY :   0.0000 deg
view   0 | SOD= 560.659 mm | SDD= 761.018 mm | M= 1.357 | incident=2.9645°
[[ 135.27682    -543.51953     -25.001217  ]
 [ -44.031578    195.24467       9.998783  ]
 [   0.1445029     0.03871788    0.        ]
 [   0.            0.            0.1496    ]]
               x1        y1  area1         x2        y2  area2          x3         y3  area3          x4         y4  area4
range  332.124621  1.217484  106.0  127.38887  3.708569   78.0  297.320437  18.153794  160.0  332.150458  30.693059   93.0
FAILURE!!!! Some beads might have been misidentified
               x1        y1  area1          x2        y2  area2          x3         y3  area3         x4         y4  area4
range  332.149414  1.186837  107.0  127.356637  3.705663   77.0  297.355351  18.183558  167.0  332.12947  30.675925   96.0
FAILURE!!!! Some beads might have been misidentified
               x1        y1  area1          x2        y2  area2          x3         y3  area3          x4      y4  area4
range  332.123816  1.189968  109.0  127.300579  3.656053   80.0  297.259407  18.119769  170.0  332.102829  30.708   94.0
FAILURE!!!! Some beads might have been misidentified
               x1        y1  area1        x2        y2  area2          x3         y3  area3          x4         y4  area4
range  332.172841  1.289237  106.0  127.3257  3.652688   79.0  297.296706  18.125061  165.0  332.105308  30.699155   95.0
FAILURE!!!! Some beads might have been misidentified
               x1        y1  area1          x2        y2  area2          x3         y3  area3          x4         y4  area4
range  332.113699  1.086802  104.0  127.368447  3.595188   84.0  297.340692  18.235131  165.0  332.122056  30.637292  102.0
FAILURE!!!! Some beads might have been misidentified
               x1        y1  area1         x2        y2  area2          x3         y3  area3          x4        y4  area4
range  332.107114  1.217484  107.0  127.38887  3.655354   79.0  297.306186  18.176942  160.0  332.149734  30.69313   94.0
FAILURE!!!! Some beads might have been misidentified
               x1        y1  area1         x2        y2  area2         x3         y3  area3          x4         y4  area4
range  332.138434  1.217484  106.0  127.38887  3.708569   78.0  297.32425  18.153794  160.0  332.167532  30.711112   94.0
FAILURE!!!! Some beads might have been misidentified
               x1        y1  area1         x2       y2  area2          x3         y3  area3          x4        y4  area4
range  332.107114  1.217484  106.0  127.38887  3.69078   79.0  297.320437  18.153614  159.0  332.150458  30.74431   93.0
FAILURE!!!! Some beads might have been misidentified
               x1        y1  area1         x2        y2  area2          x3         y3  area3          x4         y4  area4
range  332.138434  1.189655  106.0  127.38887  3.692825   80.0  297.304136  18.175741  159.0  332.167532  30.707387   95.0
FAILURE!!!! Some beads might have been misidentified
               x1        y1  area1          x2        y2  area2          x3         y3  area3          x4         y4  area4
range  332.187389  1.188098  108.0  127.194513  3.700802   77.0  297.396365  18.146854  171.0  332.183529  30.656093   93.0
FAILURE!!!! Some beads might have been misidentified
               x1        y1  area1          x2        y2  area2          x3         y3  area3          x4         y4  area4
range  332.089288  1.201493  107.0  127.503999  3.653269   77.0  297.191587  18.156473  166.0  332.108919  30.744412   94.0
FAILURE!!!! Some beads might have been misidentified
               x1        y1  area1          x2        y2  area2          x3         y3  area3         x4         y4  area4
range  332.306815  1.209798  107.0  127.348489  3.673746   79.0  297.141725  18.147785  164.0  332.29518  30.697981   94.0
FAILURE!!!! Some beads might have been misidentified
               x1   y1  area1          x2        y2  area2          x3        y3  area3          x4         y4  area4
range  331.979519  1.2  106.0  127.447576  3.648992   77.0  297.440022  18.14939  160.0  331.950211  30.729722   95.0
FAILURE!!!! Some beads might have been misidentified
Residual vector length: 210, Jacobian shape: (210, 6)
view   0 | SOD= 560.658 mm | SDD= 761.018 mm | M= 1.357 | incident=2.9645°
[[ 135.27614    -543.5192      -25.000984  ]
 [ -44.03097     195.24525       9.999016  ]
 [   0.14450295    0.03871763    0.        ]
 [   0.            0.            0.1496    ]]
               x1        y1  area1         x2        y2  area2          x3         y3  area3          x4         y4  area4
range  332.107114  1.217484  106.0  127.38887  3.655354   79.0  297.315741  18.164211  160.0  332.150458  30.693059   93.0
FAILURE!!!! Some beads might have been misidentified

iter 37 cost=0.554648 -> 0.568571 |dtheta|=5.343547e-04  lambda=6.104e+03

============================================================
Iteration 38
============================================================
Theta offsets (Unity frame):
  Source   : dSx=   0.000, dSy=   0.000, dSz=   0.000  (mm)
  Object   : dOx= -15.001, dOy= -12.001, dOz= -21.989  (mm)
  Object offset: offset_x=   0.001, offset_z=   0.001  (mm)
  Detector : dDx=   0.000, dDy=   0.000, dDz=   0.000  (mm)
  Obj Stage rotY :   14.999 deg
============================================================

Unity geometry (world coordinates):
  Source   : x= -10.000, y=  55.000, z=   0.000
  Object   : x=  -0.001, y=  29.999, z= 560.011
  Detector : x=   8.000, y=  20.000, z= 760.000
  Obj rotY :   0.0000 deg
view   0 | SOD= 560.659 mm | SDD= 761.018 mm | M= 1.357 | incident=2.9645°
[[ 135.27682    -543.51953     -25.001217  ]
 [ -44.031578    195.24467       9.998783  ]
 [   0.1445029     0.03871788    0.        ]
 [   0.            0.            0.1496    ]]
               x1        y1  area1         x2        y2  area2          x3         y3  area3          x4         y4  area4
range  332.124621  1.217484  106.0  127.38887  3.708569   78.0  297.320437  18.153794  160.0  332.150458  30.693059   93.0
FAILURE!!!! Some beads might have been misidentified
               x1        y1  area1          x2        y2  area2          x3         y3  area3         x4         y4  area4
range  332.149414  1.186837  107.0  127.356637  3.705663   77.0  297.355351  18.183558  167.0  332.12947  30.675925   96.0
FAILURE!!!! Some beads might have been misidentified
               x1        y1  area1          x2        y2  area2          x3         y3  area3          x4      y4  area4
range  332.123816  1.189968  109.0  127.300579  3.656053   80.0  297.259407  18.119769  170.0  332.102829  30.708   94.0
FAILURE!!!! Some beads might have been misidentified
               x1        y1  area1        x2        y2  area2          x3         y3  area3          x4         y4  area4
range  332.172841  1.289237  106.0  127.3257  3.652688   79.0  297.296706  18.125061  165.0  332.105308  30.699155   95.0
FAILURE!!!! Some beads might have been misidentified
               x1        y1  area1          x2        y2  area2          x3         y3  area3          x4         y4  area4
range  332.113699  1.086802  104.0  127.368447  3.595188   84.0  297.340692  18.235131  165.0  332.122056  30.637292  102.0
FAILURE!!!! Some beads might have been misidentified
               x1        y1  area1         x2        y2  area2          x3         y3  area3          x4        y4  area4
range  332.107114  1.217484  107.0  127.38887  3.655354   79.0  297.306186  18.176942  160.0  332.149734  30.69313   94.0
FAILURE!!!! Some beads might have been misidentified
               x1        y1  area1         x2        y2  area2         x3         y3  area3          x4         y4  area4
range  332.138434  1.217484  106.0  127.38887  3.708569   78.0  297.32425  18.153794  160.0  332.167532  30.711112   94.0
FAILURE!!!! Some beads might have been misidentified
               x1        y1  area1         x2       y2  area2          x3         y3  area3          x4        y4  area4
range  332.107114  1.217484  106.0  127.38887  3.69078   79.0  297.320437  18.153614  159.0  332.150458  30.74431   93.0
FAILURE!!!! Some beads might have been misidentified
               x1        y1  area1         x2        y2  area2          x3         y3  area3          x4         y4  area4
range  332.138434  1.189655  106.0  127.38887  3.692825   80.0  297.304136  18.175741  159.0  332.167532  30.707387   95.0
FAILURE!!!! Some beads might have been misidentified
               x1        y1  area1          x2        y2  area2          x3         y3  area3          x4         y4  area4
range  332.187389  1.188098  108.0  127.194513  3.700802   77.0  297.396365  18.146854  171.0  332.183529  30.656093   93.0
FAILURE!!!! Some beads might have been misidentified
               x1        y1  area1          x2        y2  area2          x3         y3  area3          x4         y4  area4
range  332.089288  1.201493  107.0  127.503999  3.653269   77.0  297.191587  18.156473  166.0  332.108919  30.744412   94.0
FAILURE!!!! Some beads might have been misidentified
               x1        y1  area1          x2        y2  area2          x3         y3  area3         x4         y4  area4
range  332.306815  1.209798  107.0  127.348489  3.673746   79.0  297.141725  18.147785  164.0  332.29518  30.697981   94.0
FAILURE!!!! Some beads might have been misidentified
               x1   y1  area1          x2        y2  area2          x3        y3  area3          x4         y4  area4
range  331.979519  1.2  106.0  127.447576  3.648992   77.0  297.440022  18.14939  160.0  331.950211  30.729722   95.0
FAILURE!!!! Some beads might have been misidentified
Residual vector length: 210, Jacobian shape: (210, 6)
view   0 | SOD= 560.659 mm | SDD= 761.018 mm | M= 1.357 | incident=2.9645°
[[ 135.2767     -543.5194      -25.00114   ]
 [ -44.031425    195.24483       9.998859  ]
 [   0.14450291    0.03871782    0.        ]
 [   0.            0.            0.1496    ]]
               x1        y1  area1         x2        y2  area2          x3         y3  area3          x4         y4  area4
range  332.107114  1.217484  106.0  127.38887  3.673093   80.0  297.329992  18.169032  160.0  332.150458  30.693059   93.0
FAILURE!!!! Some beads might have been misidentified

iter 38 cost=0.554648 -> 0.568491 |dtheta|=1.563499e-04  lambda=3.052e+04

============================================================
Iteration 39
============================================================
Theta offsets (Unity frame):
  Source   : dSx=   0.000, dSy=   0.000, dSz=   0.000  (mm)
  Object   : dOx= -15.001, dOy= -12.001, dOz= -21.989  (mm)
  Object offset: offset_x=   0.001, offset_z=   0.001  (mm)
  Detector : dDx=   0.000, dDy=   0.000, dDz=   0.000  (mm)
  Obj Stage rotY :   14.999 deg
============================================================

Unity geometry (world coordinates):
  Source   : x= -10.000, y=  55.000, z=   0.000
  Object   : x=  -0.001, y=  29.999, z= 560.011
  Detector : x=   8.000, y=  20.000, z= 760.000
  Obj rotY :   0.0000 deg
view   0 | SOD= 560.659 mm | SDD= 761.018 mm | M= 1.357 | incident=2.9645°
[[ 135.27682    -543.51953     -25.001217  ]
 [ -44.031578    195.24467       9.998783  ]
 [   0.1445029     0.03871788    0.        ]
 [   0.            0.            0.1496    ]]
               x1        y1  area1         x2        y2  area2          x3         y3  area3          x4         y4  area4
range  332.124621  1.217484  106.0  127.38887  3.708569   78.0  297.320437  18.153794  160.0  332.150458  30.693059   93.0
FAILURE!!!! Some beads might have been misidentified
               x1        y1  area1          x2        y2  area2          x3         y3  area3         x4         y4  area4
range  332.149414  1.186837  107.0  127.356637  3.705663   77.0  297.355351  18.183558  167.0  332.12947  30.675925   96.0
FAILURE!!!! Some beads might have been misidentified
               x1        y1  area1          x2        y2  area2          x3         y3  area3          x4      y4  area4
range  332.123816  1.189968  109.0  127.300579  3.656053   80.0  297.259407  18.119769  170.0  332.102829  30.708   94.0
FAILURE!!!! Some beads might have been misidentified
               x1        y1  area1        x2        y2  area2          x3         y3  area3          x4         y4  area4
range  332.172841  1.289237  106.0  127.3257  3.652688   79.0  297.296706  18.125061  165.0  332.105308  30.699155   95.0
FAILURE!!!! Some beads might have been misidentified
               x1        y1  area1          x2        y2  area2          x3         y3  area3          x4         y4  area4
range  332.113699  1.086802  104.0  127.368447  3.595188   84.0  297.340692  18.235131  165.0  332.122056  30.637292  102.0
FAILURE!!!! Some beads might have been misidentified
               x1        y1  area1         x2        y2  area2          x3         y3  area3          x4        y4  area4
range  332.107114  1.217484  107.0  127.38887  3.655354   79.0  297.306186  18.176942  160.0  332.149734  30.69313   94.0
FAILURE!!!! Some beads might have been misidentified
               x1        y1  area1         x2        y2  area2         x3         y3  area3          x4         y4  area4
range  332.138434  1.217484  106.0  127.38887  3.708569   78.0  297.32425  18.153794  160.0  332.167532  30.711112   94.0
FAILURE!!!! Some beads might have been misidentified
               x1        y1  area1         x2       y2  area2          x3         y3  area3          x4        y4  area4
range  332.107114  1.217484  106.0  127.38887  3.69078   79.0  297.320437  18.153614  159.0  332.150458  30.74431   93.0
FAILURE!!!! Some beads might have been misidentified
               x1        y1  area1         x2        y2  area2          x3         y3  area3          x4         y4  area4
range  332.138434  1.189655  106.0  127.38887  3.692825   80.0  297.304136  18.175741  159.0  332.167532  30.707387   95.0
FAILURE!!!! Some beads might have been misidentified
               x1        y1  area1          x2        y2  area2          x3         y3  area3          x4         y4  area4
range  332.187389  1.188098  108.0  127.194513  3.700802   77.0  297.396365  18.146854  171.0  332.183529  30.656093   93.0
FAILURE!!!! Some beads might have been misidentified
               x1        y1  area1          x2        y2  area2          x3         y3  area3          x4         y4  area4
range  332.089288  1.201493  107.0  127.503999  3.653269   77.0  297.191587  18.156473  166.0  332.108919  30.744412   94.0
FAILURE!!!! Some beads might have been misidentified
               x1        y1  area1          x2        y2  area2          x3         y3  area3         x4         y4  area4
range  332.306815  1.209798  107.0  127.348489  3.673746   79.0  297.141725  18.147785  164.0  332.29518  30.697981   94.0
FAILURE!!!! Some beads might have been misidentified
               x1   y1  area1          x2        y2  area2          x3        y3  area3          x4         y4  area4
range  331.979519  1.2  106.0  127.447576  3.648992   77.0  297.440022  18.14939  160.0  331.950211  30.729722   95.0
FAILURE!!!! Some beads might have been misidentified
Residual vector length: 210, Jacobian shape: (210, 6)
view   0 | SOD= 560.659 mm | SDD= 761.018 mm | M= 1.357 | incident=2.9645°
[[ 135.2768     -543.5195      -25.0012    ]
 [ -44.03155     195.24474       9.9988    ]
 [   0.1445029     0.03871787    0.        ]
 [   0.            0.            0.1496    ]]
               x1        y1  area1         x2        y2  area2          x3         y3  area3          x4         y4  area4
range  332.124621  1.217484  106.0  127.38887  3.708569   78.0  297.320437  18.153794  160.0  332.150458  30.693059   93.0
FAILURE!!!! Some beads might have been misidentified

iter 39 cost=0.554648 -> 0.552299 |dtheta|=3.474957e-05  lambda=1.526e+05

============================================================
Iteration 40
============================================================
Theta offsets (Unity frame):
  Source   : dSx=   0.000, dSy=   0.000, dSz=   0.000  (mm)
  Object   : dOx= -15.001, dOy= -12.001, dOz= -21.989  (mm)
  Object offset: offset_x=   0.001, offset_z=   0.001  (mm)
  Detector : dDx=   0.000, dDy=   0.000, dDz=   0.000  (mm)
  Obj Stage rotY :   14.999 deg
============================================================

Unity geometry (world coordinates):
  Source   : x= -10.000, y=  55.000, z=   0.000
  Object   : x=  -0.001, y=  29.999, z= 560.011
  Detector : x=   8.000, y=  20.000, z= 760.000
  Obj rotY :   0.0000 deg
view   0 | SOD= 560.659 mm | SDD= 761.018 mm | M= 1.357 | incident=2.9645°
[[ 135.2768     -543.5195      -25.0012    ]
 [ -44.03155     195.24474       9.9988    ]
 [   0.1445029     0.03871787    0.        ]
 [   0.            0.            0.1496    ]]
               x1        y1  area1         x2        y2  area2          x3         y3  area3          x4         y4  area4
range  332.124621  1.217484  106.0  127.38887  3.708569   78.0  297.320437  18.153794  160.0  332.150458  30.693059   93.0
FAILURE!!!! Some beads might have been misidentified
               x1        y1  area1          x2        y2  area2          x3         y3  area3         x4         y4  area4
range  332.149414  1.186837  106.0  127.356637  3.705663   77.0  297.355351  18.183558  167.0  332.12947  30.675925   96.0
FAILURE!!!! Some beads might have been misidentified
               x1        y1  area1          x2        y2  area2          x3         y3  area3          x4      y4  area4
range  332.123816  1.189968  109.0  127.300579  3.656053   80.0  297.259407  18.119769  170.0  332.102829  30.708   94.0
FAILURE!!!! Some beads might have been misidentified
               x1        y1  area1        x2        y2  area2          x3         y3  area3          x4         y4  area4
range  332.172841  1.289237  103.0  127.3257  3.652688   79.0  297.296706  18.125061  166.0  332.105308  30.698696   92.0
FAILURE!!!! Some beads might have been misidentified
               x1        y1  area1          x2        y2  area2          x3         y3  area3          x4         y4  area4
range  332.113699  1.086802  104.0  127.368447  3.586198   84.0  297.340692  18.235131  165.0  332.122056  30.637292  101.0
FAILURE!!!! Some beads might have been misidentified
               x1        y1  area1         x2        y2  area2          x3         y3  area3          x4         y4  area4
range  332.107114  1.217484  107.0  127.38887  3.655354   79.0  297.306186  18.169032  160.0  332.149734  30.706659   95.0
FAILURE!!!! Some beads might have been misidentified
               x1        y1  area1         x2        y2  area2         x3         y3  area3          x4         y4  area4
range  332.138434  1.217484  106.0  127.38887  3.708569   78.0  297.32425  18.153794  160.0  332.167532  30.711112   94.0
FAILURE!!!! Some beads might have been misidentified
               x1        y1  area1         x2       y2  area2          x3         y3  area3          x4        y4  area4
range  332.107114  1.217484  106.0  127.38887  3.69078   78.0  297.320437  18.153614  159.0  332.150458  30.74431   93.0
FAILURE!!!! Some beads might have been misidentified
               x1        y1  area1         x2        y2  area2          x3         y3  area3          x4         y4  area4
range  332.138434  1.189655  106.0  127.38887  3.692825   80.0  297.304136  18.175741  159.0  332.167532  30.707387   95.0
FAILURE!!!! Some beads might have been misidentified
               x1        y1  area1          x2        y2  area2          x3         y3  area3          x4         y4  area4
range  332.187389  1.188098  108.0  127.194513  3.700802   77.0  297.396365  18.146854  171.0  332.183529  30.656093   93.0
FAILURE!!!! Some beads might have been misidentified
               x1        y1  area1          x2        y2  area2          x3         y3  area3          x4         y4  area4
range  332.089288  1.201493  107.0  127.521052  3.653269   77.0  297.191587  18.156473  166.0  332.108919  30.744412   94.0
FAILURE!!!! Some beads might have been misidentified
               x1        y1  area1          x2        y2  area2          x3         y3  area3         x4         y4  area4
range  332.306815  1.209798  107.0  127.348489  3.673746   79.0  297.141725  18.147785  164.0  332.29518  30.697981   94.0
FAILURE!!!! Some beads might have been misidentified
               x1   y1  area1          x2       y2  area2          x3        y3  area3          x4         y4  area4
range  331.979519  1.2  106.0  127.447576  3.63778   76.0  297.440022  18.14939  160.0  331.950211  30.729722   95.0
FAILURE!!!! Some beads might have been misidentified
Residual vector length: 210, Jacobian shape: (210, 6)
view   0 | SOD= 560.659 mm | SDD= 761.018 mm | M= 1.357 | incident=2.9645°
[[ 135.27686    -543.51935     -25.00115   ]
 [ -44.031498    195.24481       9.99885   ]
 [   0.1445029     0.03871787    0.        ]
 [   0.            0.            0.1496    ]]
               x1        y1  area1         x2        y2  area2          x3         y3  area3          x4         y4  area4
range  332.107114  1.217484  106.0  127.38887  3.673093   80.0  297.329992  18.169032  160.0  332.150458  30.693059   93.0
FAILURE!!!! Some beads might have been misidentified

iter 40 cost=0.552299 -> 0.568491 |dtheta|=9.687156e-05  lambda=5.086e+04

============================================================
Iteration 41
============================================================
Theta offsets (Unity frame):
  Source   : dSx=   0.000, dSy=   0.000, dSz=   0.000  (mm)
  Object   : dOx= -15.001, dOy= -12.001, dOz= -21.989  (mm)
  Object offset: offset_x=   0.001, offset_z=   0.001  (mm)
  Detector : dDx=   0.000, dDy=   0.000, dDz=   0.000  (mm)
  Obj Stage rotY :   14.999 deg
============================================================

Unity geometry (world coordinates):
  Source   : x= -10.000, y=  55.000, z=   0.000
  Object   : x=  -0.001, y=  29.999, z= 560.011
  Detector : x=   8.000, y=  20.000, z= 760.000
  Obj rotY :   0.0000 deg
view   0 | SOD= 560.659 mm | SDD= 761.018 mm | M= 1.357 | incident=2.9645°
[[ 135.2768     -543.5195      -25.0012    ]
 [ -44.03155     195.24474       9.9988    ]
 [   0.1445029     0.03871787    0.        ]
 [   0.            0.            0.1496    ]]
               x1        y1  area1         x2        y2  area2          x3         y3  area3          x4         y4  area4
range  332.124621  1.217484  106.0  127.38887  3.708569   78.0  297.320437  18.153794  160.0  332.150458  30.693059   93.0
FAILURE!!!! Some beads might have been misidentified
               x1        y1  area1          x2        y2  area2          x3         y3  area3         x4         y4  area4
range  332.149414  1.186837  106.0  127.356637  3.705663   77.0  297.355351  18.183558  167.0  332.12947  30.675925   96.0
FAILURE!!!! Some beads might have been misidentified
               x1        y1  area1          x2        y2  area2          x3         y3  area3          x4      y4  area4
range  332.123816  1.189968  109.0  127.300579  3.656053   80.0  297.259407  18.119769  170.0  332.102829  30.708   94.0
FAILURE!!!! Some beads might have been misidentified
               x1        y1  area1        x2        y2  area2          x3         y3  area3          x4         y4  area4
range  332.172841  1.289237  103.0  127.3257  3.652688   79.0  297.296706  18.125061  166.0  332.105308  30.698696   92.0
FAILURE!!!! Some beads might have been misidentified
               x1        y1  area1          x2        y2  area2          x3         y3  area3          x4         y4  area4
range  332.113699  1.086802  104.0  127.368447  3.586198   84.0  297.340692  18.235131  165.0  332.122056  30.637292  101.0
FAILURE!!!! Some beads might have been misidentified
               x1        y1  area1         x2        y2  area2          x3         y3  area3          x4         y4  area4
range  332.107114  1.217484  107.0  127.38887  3.655354   79.0  297.306186  18.169032  160.0  332.149734  30.706659   95.0
FAILURE!!!! Some beads might have been misidentified
               x1        y1  area1         x2        y2  area2         x3         y3  area3          x4         y4  area4
range  332.138434  1.217484  106.0  127.38887  3.708569   78.0  297.32425  18.153794  160.0  332.167532  30.711112   94.0
FAILURE!!!! Some beads might have been misidentified
               x1        y1  area1         x2       y2  area2          x3         y3  area3          x4        y4  area4
range  332.107114  1.217484  106.0  127.38887  3.69078   78.0  297.320437  18.153614  159.0  332.150458  30.74431   93.0
FAILURE!!!! Some beads might have been misidentified
               x1        y1  area1         x2        y2  area2          x3         y3  area3          x4         y4  area4
range  332.138434  1.189655  106.0  127.38887  3.692825   80.0  297.304136  18.175741  159.0  332.167532  30.707387   95.0
FAILURE!!!! Some beads might have been misidentified
               x1        y1  area1          x2        y2  area2          x3         y3  area3          x4         y4  area4
range  332.187389  1.188098  108.0  127.194513  3.700802   77.0  297.396365  18.146854  171.0  332.183529  30.656093   93.0
FAILURE!!!! Some beads might have been misidentified
               x1        y1  area1          x2        y2  area2          x3         y3  area3          x4         y4  area4
range  332.089288  1.201493  107.0  127.521052  3.653269   77.0  297.191587  18.156473  166.0  332.108919  30.744412   94.0
FAILURE!!!! Some beads might have been misidentified
               x1        y1  area1          x2        y2  area2          x3         y3  area3         x4         y4  area4
range  332.306815  1.209798  107.0  127.348489  3.673746   79.0  297.141725  18.147785  164.0  332.29518  30.697981   94.0
FAILURE!!!! Some beads might have been misidentified
               x1   y1  area1          x2       y2  area2          x3        y3  area3          x4         y4  area4
range  331.979519  1.2  106.0  127.447576  3.63778   76.0  297.440022  18.14939  160.0  331.950211  30.729722   95.0
FAILURE!!!! Some beads might have been misidentified
Residual vector length: 210, Jacobian shape: (210, 6)
view   0 | SOD= 560.659 mm | SDD= 761.018 mm | M= 1.357 | incident=2.9645°
[[ 135.27681    -543.5195      -25.00119   ]
 [ -44.03154     195.24474       9.99881   ]
 [   0.1445029     0.03871787    0.        ]
 [   0.            0.            0.1496    ]]
               x1        y1  area1         x2        y2  area2          x3         y3  area3          x4         y4  area4
range  332.124621  1.217484  106.0  127.38887  3.708569   78.0  297.329992  18.153794  160.0  332.150458  30.693059   93.0
FAILURE!!!! Some beads might have been misidentified

iter 41 cost=0.552299 -> 0.565032 |dtheta|=2.065463e-05  lambda=2.543e+05

============================================================
Iteration 42
============================================================
Theta offsets (Unity frame):
  Source   : dSx=   0.000, dSy=   0.000, dSz=   0.000  (mm)
  Object   : dOx= -15.001, dOy= -12.001, dOz= -21.989  (mm)
  Object offset: offset_x=   0.001, offset_z=   0.001  (mm)
  Detector : dDx=   0.000, dDy=   0.000, dDz=   0.000  (mm)
  Obj Stage rotY :   14.999 deg
============================================================

Unity geometry (world coordinates):
  Source   : x= -10.000, y=  55.000, z=   0.000
  Object   : x=  -0.001, y=  29.999, z= 560.011
  Detector : x=   8.000, y=  20.000, z= 760.000
  Obj rotY :   0.0000 deg
view   0 | SOD= 560.659 mm | SDD= 761.018 mm | M= 1.357 | incident=2.9645°
[[ 135.2768     -543.5195      -25.0012    ]
 [ -44.03155     195.24474       9.9988    ]
 [   0.1445029     0.03871787    0.        ]
 [   0.            0.            0.1496    ]]
               x1        y1  area1         x2        y2  area2          x3         y3  area3          x4         y4  area4
range  332.124621  1.217484  106.0  127.38887  3.708569   78.0  297.320437  18.153794  160.0  332.150458  30.693059   93.0
FAILURE!!!! Some beads might have been misidentified
               x1        y1  area1          x2        y2  area2          x3         y3  area3         x4         y4  area4
range  332.149414  1.186837  106.0  127.356637  3.705663   77.0  297.355351  18.183558  167.0  332.12947  30.675925   96.0
FAILURE!!!! Some beads might have been misidentified
               x1        y1  area1          x2        y2  area2          x3         y3  area3          x4      y4  area4
range  332.123816  1.189968  109.0  127.300579  3.656053   80.0  297.259407  18.119769  170.0  332.102829  30.708   94.0
FAILURE!!!! Some beads might have been misidentified
               x1        y1  area1        x2        y2  area2          x3         y3  area3          x4         y4  area4
range  332.172841  1.289237  103.0  127.3257  3.652688   79.0  297.296706  18.125061  166.0  332.105308  30.698696   92.0
FAILURE!!!! Some beads might have been misidentified
               x1        y1  area1          x2        y2  area2          x3         y3  area3          x4         y4  area4
range  332.113699  1.086802  104.0  127.368447  3.586198   84.0  297.340692  18.235131  165.0  332.122056  30.637292  101.0
FAILURE!!!! Some beads might have been misidentified
               x1        y1  area1         x2        y2  area2          x3         y3  area3          x4         y4  area4
range  332.107114  1.217484  107.0  127.38887  3.655354   79.0  297.306186  18.169032  160.0  332.149734  30.706659   95.0
FAILURE!!!! Some beads might have been misidentified
               x1        y1  area1         x2        y2  area2         x3         y3  area3          x4         y4  area4
range  332.138434  1.217484  106.0  127.38887  3.708569   78.0  297.32425  18.153794  160.0  332.167532  30.711112   94.0
FAILURE!!!! Some beads might have been misidentified
               x1        y1  area1         x2       y2  area2          x3         y3  area3          x4        y4  area4
range  332.107114  1.217484  106.0  127.38887  3.69078   78.0  297.320437  18.153614  159.0  332.150458  30.74431   93.0
FAILURE!!!! Some beads might have been misidentified
               x1        y1  area1         x2        y2  area2          x3         y3  area3          x4         y4  area4
range  332.138434  1.189655  106.0  127.38887  3.692825   80.0  297.304136  18.175741  159.0  332.167532  30.707387   95.0
FAILURE!!!! Some beads might have been misidentified
               x1        y1  area1          x2        y2  area2          x3         y3  area3          x4         y4  area4
range  332.187389  1.188098  108.0  127.194513  3.700802   77.0  297.396365  18.146854  171.0  332.183529  30.656093   93.0
FAILURE!!!! Some beads might have been misidentified
               x1        y1  area1          x2        y2  area2          x3         y3  area3          x4         y4  area4
range  332.089288  1.201493  107.0  127.521052  3.653269   77.0  297.191587  18.156473  166.0  332.108919  30.744412   94.0
FAILURE!!!! Some beads might have been misidentified
               x1        y1  area1          x2        y2  area2          x3         y3  area3         x4         y4  area4
range  332.306815  1.209798  107.0  127.348489  3.673746   79.0  297.141725  18.147785  164.0  332.29518  30.697981   94.0
FAILURE!!!! Some beads might have been misidentified
               x1   y1  area1          x2       y2  area2          x3        y3  area3          x4         y4  area4
range  331.979519  1.2  106.0  127.447576  3.63778   76.0  297.440022  18.14939  160.0  331.950211  30.729722   95.0
FAILURE!!!! Some beads might have been misidentified
Residual vector length: 210, Jacobian shape: (210, 6)
view   0 | SOD= 560.659 mm | SDD= 761.018 mm | M= 1.357 | incident=2.9645°
[[ 135.2768     -543.5195      -25.001198  ]
 [ -44.031548    195.24474       9.998802  ]
 [   0.1445029     0.03871787    0.        ]
 [   0.            0.            0.1496    ]]
               x1        y1  area1         x2        y2  area2          x3         y3  area3          x4         y4  area4
range  332.124621  1.217484  106.0  127.38887  3.708569   78.0  297.320437  18.153794  160.0  332.150458  30.693059   93.0
FAILURE!!!! Some beads might have been misidentified

iter 42 cost=0.552299 -> 0.557866 |dtheta|=5.319331e-06  lambda=1.000e+06

============================================================
Iteration 43
============================================================
Theta offsets (Unity frame):
  Source   : dSx=   0.000, dSy=   0.000, dSz=   0.000  (mm)
  Object   : dOx= -15.001, dOy= -12.001, dOz= -21.989  (mm)
  Object offset: offset_x=   0.001, offset_z=   0.001  (mm)
  Detector : dDx=   0.000, dDy=   0.000, dDz=   0.000  (mm)
  Obj Stage rotY :   14.999 deg
============================================================

Unity geometry (world coordinates):
  Source   : x= -10.000, y=  55.000, z=   0.000
  Object   : x=  -0.001, y=  29.999, z= 560.011
  Detector : x=   8.000, y=  20.000, z= 760.000
  Obj rotY :   0.0000 deg
view   0 | SOD= 560.659 mm | SDD= 761.018 mm | M= 1.357 | incident=2.9645°
[[ 135.2768     -543.5195      -25.0012    ]
 [ -44.03155     195.24474       9.9988    ]
 [   0.1445029     0.03871787    0.        ]
 [   0.            0.            0.1496    ]]
               x1        y1  area1         x2        y2  area2          x3         y3  area3          x4         y4  area4
range  332.124621  1.217484  106.0  127.38887  3.708569   78.0  297.320437  18.153794  160.0  332.150458  30.693059   93.0
FAILURE!!!! Some beads might have been misidentified
               x1        y1  area1          x2        y2  area2          x3         y3  area3         x4         y4  area4
range  332.149414  1.186837  106.0  127.356637  3.705663   77.0  297.355351  18.183558  167.0  332.12947  30.675925   96.0
FAILURE!!!! Some beads might have been misidentified
               x1        y1  area1          x2        y2  area2          x3         y3  area3          x4      y4  area4
range  332.123816  1.189968  109.0  127.300579  3.656053   80.0  297.259407  18.119769  170.0  332.102829  30.708   94.0
FAILURE!!!! Some beads might have been misidentified
               x1        y1  area1        x2        y2  area2          x3         y3  area3          x4         y4  area4
range  332.172841  1.289237  103.0  127.3257  3.652688   79.0  297.296706  18.125061  166.0  332.105308  30.698696   92.0
FAILURE!!!! Some beads might have been misidentified
               x1        y1  area1          x2        y2  area2          x3         y3  area3          x4         y4  area4
range  332.113699  1.086802  104.0  127.368447  3.586198   84.0  297.340692  18.235131  165.0  332.122056  30.637292  101.0
FAILURE!!!! Some beads might have been misidentified
               x1        y1  area1         x2        y2  area2          x3         y3  area3          x4         y4  area4
range  332.107114  1.217484  107.0  127.38887  3.655354   79.0  297.306186  18.169032  160.0  332.149734  30.706659   95.0
FAILURE!!!! Some beads might have been misidentified
               x1        y1  area1         x2        y2  area2         x3         y3  area3          x4         y4  area4
range  332.138434  1.217484  106.0  127.38887  3.708569   78.0  297.32425  18.153794  160.0  332.167532  30.711112   94.0
FAILURE!!!! Some beads might have been misidentified
               x1        y1  area1         x2       y2  area2          x3         y3  area3          x4        y4  area4
range  332.107114  1.217484  106.0  127.38887  3.69078   78.0  297.320437  18.153614  159.0  332.150458  30.74431   93.0
FAILURE!!!! Some beads might have been misidentified
               x1        y1  area1         x2        y2  area2          x3         y3  area3          x4         y4  area4
range  332.138434  1.189655  106.0  127.38887  3.692825   80.0  297.304136  18.175741  159.0  332.167532  30.707387   95.0
FAILURE!!!! Some beads might have been misidentified
               x1        y1  area1          x2        y2  area2          x3         y3  area3          x4         y4  area4
range  332.187389  1.188098  108.0  127.194513  3.700802   77.0  297.396365  18.146854  171.0  332.183529  30.656093   93.0
FAILURE!!!! Some beads might have been misidentified
               x1        y1  area1          x2        y2  area2          x3         y3  area3          x4         y4  area4
range  332.089288  1.201493  107.0  127.521052  3.653269   77.0  297.191587  18.156473  166.0  332.108919  30.744412   94.0
FAILURE!!!! Some beads might have been misidentified
               x1        y1  area1          x2        y2  area2          x3         y3  area3         x4         y4  area4
range  332.306815  1.209798  107.0  127.348489  3.673746   79.0  297.141725  18.147785  164.0  332.29518  30.697981   94.0
FAILURE!!!! Some beads might have been misidentified
               x1   y1  area1          x2       y2  area2          x3        y3  area3          x4         y4  area4
range  331.979519  1.2  106.0  127.447576  3.63778   76.0  297.440022  18.14939  160.0  331.950211  30.729722   95.0
FAILURE!!!! Some beads might have been misidentified
Residual vector length: 210, Jacobian shape: (210, 6)
view   0 | SOD= 560.659 mm | SDD= 761.018 mm | M= 1.357 | incident=2.9645°
[[ 135.2768     -543.5195      -25.001198  ]
 [ -44.031548    195.24474       9.998802  ]
 [   0.1445029     0.03871787    0.        ]
 [   0.            0.            0.1496    ]]
               x1        y1  area1         x2        y2  area2          x3         y3  area3          x4         y4  area4
range  332.124621  1.217484  106.0  127.38887  3.708569   78.0  297.320437  18.153794  160.0  332.150458  30.693059   93.0
FAILURE!!!! Some beads might have been misidentified

iter 43 cost=0.552299 -> 0.557866 |dtheta|=5.319331e-06  lambda=1.000e+06

============================================================
Iteration 44
============================================================
Theta offsets (Unity frame):
  Source   : dSx=   0.000, dSy=   0.000, dSz=   0.000  (mm)
  Object   : dOx= -15.001, dOy= -12.001, dOz= -21.989  (mm)
  Object offset: offset_x=   0.001, offset_z=   0.001  (mm)
  Detector : dDx=   0.000, dDy=   0.000, dDz=   0.000  (mm)
  Obj Stage rotY :   14.999 deg
============================================================

Unity geometry (world coordinates):
  Source   : x= -10.000, y=  55.000, z=   0.000
  Object   : x=  -0.001, y=  29.999, z= 560.011
  Detector : x=   8.000, y=  20.000, z= 760.000
  Obj rotY :   0.0000 deg
view   0 | SOD= 560.659 mm | SDD= 761.018 mm | M= 1.357 | incident=2.9645°
[[ 135.2768     -543.5195      -25.0012    ]
 [ -44.03155     195.24474       9.9988    ]
 [   0.1445029     0.03871787    0.        ]
 [   0.            0.            0.1496    ]]
               x1        y1  area1         x2        y2  area2          x3         y3  area3          x4         y4  area4
range  332.124621  1.217484  106.0  127.38887  3.708569   78.0  297.320437  18.153794  160.0  332.150458  30.693059   93.0
FAILURE!!!! Some beads might have been misidentified
               x1        y1  area1          x2        y2  area2          x3         y3  area3         x4         y4  area4
range  332.149414  1.186837  106.0  127.356637  3.705663   77.0  297.355351  18.183558  167.0  332.12947  30.675925   96.0
FAILURE!!!! Some beads might have been misidentified
               x1        y1  area1          x2        y2  area2          x3         y3  area3          x4      y4  area4
range  332.123816  1.189968  109.0  127.300579  3.656053   80.0  297.259407  18.119769  170.0  332.102829  30.708   94.0
FAILURE!!!! Some beads might have been misidentified
               x1        y1  area1        x2        y2  area2          x3         y3  area3          x4         y4  area4
range  332.172841  1.289237  103.0  127.3257  3.652688   79.0  297.296706  18.125061  166.0  332.105308  30.698696   92.0
FAILURE!!!! Some beads might have been misidentified
               x1        y1  area1          x2        y2  area2          x3         y3  area3          x4         y4  area4
range  332.113699  1.086802  104.0  127.368447  3.586198   84.0  297.340692  18.235131  165.0  332.122056  30.637292  101.0
FAILURE!!!! Some beads might have been misidentified
               x1        y1  area1         x2        y2  area2          x3         y3  area3          x4         y4  area4
range  332.107114  1.217484  107.0  127.38887  3.655354   79.0  297.306186  18.169032  160.0  332.149734  30.706659   95.0
FAILURE!!!! Some beads might have been misidentified
               x1        y1  area1         x2        y2  area2         x3         y3  area3          x4         y4  area4
range  332.138434  1.217484  106.0  127.38887  3.708569   78.0  297.32425  18.153794  160.0  332.167532  30.711112   94.0
FAILURE!!!! Some beads might have been misidentified
               x1        y1  area1         x2       y2  area2          x3         y3  area3          x4        y4  area4
range  332.107114  1.217484  106.0  127.38887  3.69078   78.0  297.320437  18.153614  159.0  332.150458  30.74431   93.0
FAILURE!!!! Some beads might have been misidentified
               x1        y1  area1         x2        y2  area2          x3         y3  area3          x4         y4  area4
range  332.138434  1.189655  106.0  127.38887  3.692825   80.0  297.304136  18.175741  159.0  332.167532  30.707387   95.0
FAILURE!!!! Some beads might have been misidentified
               x1        y1  area1          x2        y2  area2          x3         y3  area3          x4         y4  area4
range  332.187389  1.188098  108.0  127.194513  3.700802   77.0  297.396365  18.146854  171.0  332.183529  30.656093   93.0
FAILURE!!!! Some beads might have been misidentified
               x1        y1  area1          x2        y2  area2          x3         y3  area3          x4         y4  area4
range  332.089288  1.201493  107.0  127.521052  3.653269   77.0  297.191587  18.156473  166.0  332.108919  30.744412   94.0
FAILURE!!!! Some beads might have been misidentified
               x1        y1  area1          x2        y2  area2          x3         y3  area3         x4         y4  area4
range  332.306815  1.209798  107.0  127.348489  3.673746   79.0  297.141725  18.147785  164.0  332.29518  30.697981   94.0
FAILURE!!!! Some beads might have been misidentified
               x1   y1  area1          x2       y2  area2          x3        y3  area3          x4         y4  area4
range  331.979519  1.2  106.0  127.447576  3.63778   76.0  297.440022  18.14939  160.0  331.950211  30.729722   95.0
FAILURE!!!! Some beads might have been misidentified
Residual vector length: 210, Jacobian shape: (210, 6)
view   0 | SOD= 560.659 mm | SDD= 761.018 mm | M= 1.357 | incident=2.9645°
[[ 135.2768     -543.5195      -25.001198  ]
 [ -44.031548    195.24474       9.998802  ]
 [   0.1445029     0.03871787    0.        ]
 [   0.            0.            0.1496    ]]
               x1        y1  area1         x2        y2  area2          x3         y3  area3          x4         y4  area4
range  332.124621  1.217484  106.0  127.38887  3.708569   78.0  297.320437  18.153794  160.0  332.150458  30.693059   93.0
FAILURE!!!! Some beads might have been misidentified

iter 44 cost=0.552299 -> 0.557866 |dtheta|=5.319331e-06  lambda=1.000e+06

============================================================
Iteration 45
============================================================
Theta offsets (Unity frame):
  Source   : dSx=   0.000, dSy=   0.000, dSz=   0.000  (mm)
  Object   : dOx= -15.001, dOy= -12.001, dOz= -21.989  (mm)
  Object offset: offset_x=   0.001, offset_z=   0.001  (mm)
  Detector : dDx=   0.000, dDy=   0.000, dDz=   0.000  (mm)
  Obj Stage rotY :   14.999 deg
============================================================

Unity geometry (world coordinates):
  Source   : x= -10.000, y=  55.000, z=   0.000
  Object   : x=  -0.001, y=  29.999, z= 560.011
  Detector : x=   8.000, y=  20.000, z= 760.000
  Obj rotY :   0.0000 deg
view   0 | SOD= 560.659 mm | SDD= 761.018 mm | M= 1.357 | incident=2.9645°
[[ 135.2768     -543.5195      -25.0012    ]
 [ -44.03155     195.24474       9.9988    ]
 [   0.1445029     0.03871787    0.        ]
 [   0.            0.            0.1496    ]]
               x1        y1  area1         x2        y2  area2          x3         y3  area3          x4         y4  area4
range  332.124621  1.217484  106.0  127.38887  3.708569   78.0  297.320437  18.153794  160.0  332.150458  30.693059   93.0
FAILURE!!!! Some beads might have been misidentified
               x1        y1  area1          x2        y2  area2          x3         y3  area3         x4         y4  area4
range  332.149414  1.186837  106.0  127.356637  3.705663   77.0  297.355351  18.183558  167.0  332.12947  30.675925   96.0
FAILURE!!!! Some beads might have been misidentified
               x1        y1  area1          x2        y2  area2          x3         y3  area3          x4      y4  area4
range  332.123816  1.189968  109.0  127.300579  3.656053   80.0  297.259407  18.119769  170.0  332.102829  30.708   94.0
FAILURE!!!! Some beads might have been misidentified
               x1        y1  area1        x2        y2  area2          x3         y3  area3          x4         y4  area4
range  332.172841  1.289237  103.0  127.3257  3.652688   79.0  297.296706  18.125061  166.0  332.105308  30.698696   92.0
FAILURE!!!! Some beads might have been misidentified
               x1        y1  area1          x2        y2  area2          x3         y3  area3          x4         y4  area4
range  332.113699  1.086802  104.0  127.368447  3.586198   84.0  297.340692  18.235131  165.0  332.122056  30.637292  101.0
FAILURE!!!! Some beads might have been misidentified
               x1        y1  area1         x2        y2  area2          x3         y3  area3          x4         y4  area4
range  332.107114  1.217484  107.0  127.38887  3.655354   79.0  297.306186  18.169032  160.0  332.149734  30.706659   95.0
FAILURE!!!! Some beads might have been misidentified
               x1        y1  area1         x2        y2  area2         x3         y3  area3          x4         y4  area4
range  332.138434  1.217484  106.0  127.38887  3.708569   78.0  297.32425  18.153794  160.0  332.167532  30.711112   94.0
FAILURE!!!! Some beads might have been misidentified
               x1        y1  area1         x2       y2  area2          x3         y3  area3          x4        y4  area4
range  332.107114  1.217484  106.0  127.38887  3.69078   78.0  297.320437  18.153614  159.0  332.150458  30.74431   93.0
FAILURE!!!! Some beads might have been misidentified
               x1        y1  area1         x2        y2  area2          x3         y3  area3          x4         y4  area4
range  332.138434  1.189655  106.0  127.38887  3.692825   80.0  297.304136  18.175741  159.0  332.167532  30.707387   95.0
FAILURE!!!! Some beads might have been misidentified
               x1        y1  area1          x2        y2  area2          x3         y3  area3          x4         y4  area4
range  332.187389  1.188098  108.0  127.194513  3.700802   77.0  297.396365  18.146854  171.0  332.183529  30.656093   93.0
FAILURE!!!! Some beads might have been misidentified
               x1        y1  area1          x2        y2  area2          x3         y3  area3          x4         y4  area4
range  332.089288  1.201493  107.0  127.521052  3.653269   77.0  297.191587  18.156473  166.0  332.108919  30.744412   94.0
FAILURE!!!! Some beads might have been misidentified
               x1        y1  area1          x2        y2  area2          x3         y3  area3         x4         y4  area4
range  332.306815  1.209798  107.0  127.348489  3.673746   79.0  297.141725  18.147785  164.0  332.29518  30.697981   94.0
FAILURE!!!! Some beads might have been misidentified
               x1   y1  area1          x2       y2  area2          x3        y3  area3          x4         y4  area4
range  331.979519  1.2  106.0  127.447576  3.63778   76.0  297.440022  18.14939  160.0  331.950211  30.729722   95.0
FAILURE!!!! Some beads might have been misidentified
Residual vector length: 210, Jacobian shape: (210, 6)
view   0 | SOD= 560.659 mm | SDD= 761.018 mm | M= 1.357 | incident=2.9645°
[[ 135.2768     -543.5195      -25.001198  ]
 [ -44.031548    195.24474       9.998802  ]
 [   0.1445029     0.03871787    0.        ]
 [   0.            0.            0.1496    ]]
               x1        y1  area1         x2        y2  area2          x3         y3  area3          x4         y4  area4
range  332.124621  1.217484  106.0  127.38887  3.708569   78.0  297.320437  18.153794  160.0  332.150458  30.693059   93.0
FAILURE!!!! Some beads might have been misidentified

iter 45 cost=0.552299 -> 0.557866 |dtheta|=5.319331e-06  lambda=1.000e+06

============================================================
Iteration 46
============================================================
Theta offsets (Unity frame):
  Source   : dSx=   0.000, dSy=   0.000, dSz=   0.000  (mm)
  Object   : dOx= -15.001, dOy= -12.001, dOz= -21.989  (mm)
  Object offset: offset_x=   0.001, offset_z=   0.001  (mm)
  Detector : dDx=   0.000, dDy=   0.000, dDz=   0.000  (mm)
  Obj Stage rotY :   14.999 deg
============================================================

Unity geometry (world coordinates):
  Source   : x= -10.000, y=  55.000, z=   0.000
  Object   : x=  -0.001, y=  29.999, z= 560.011
  Detector : x=   8.000, y=  20.000, z= 760.000
  Obj rotY :   0.0000 deg
view   0 | SOD= 560.659 mm | SDD= 761.018 mm | M= 1.357 | incident=2.9645°
[[ 135.2768     -543.5195      -25.0012    ]
 [ -44.03155     195.24474       9.9988    ]
 [   0.1445029     0.03871787    0.        ]
 [   0.            0.            0.1496    ]]
               x1        y1  area1         x2        y2  area2          x3         y3  area3          x4         y4  area4
range  332.124621  1.217484  106.0  127.38887  3.708569   78.0  297.320437  18.153794  160.0  332.150458  30.693059   93.0
FAILURE!!!! Some beads might have been misidentified
               x1        y1  area1          x2        y2  area2          x3         y3  area3         x4         y4  area4
range  332.149414  1.186837  106.0  127.356637  3.705663   77.0  297.355351  18.183558  167.0  332.12947  30.675925   96.0
FAILURE!!!! Some beads might have been misidentified
               x1        y1  area1          x2        y2  area2          x3         y3  area3          x4      y4  area4
range  332.123816  1.189968  109.0  127.300579  3.656053   80.0  297.259407  18.119769  170.0  332.102829  30.708   94.0
FAILURE!!!! Some beads might have been misidentified
               x1        y1  area1        x2        y2  area2          x3         y3  area3          x4         y4  area4
range  332.172841  1.289237  103.0  127.3257  3.652688   79.0  297.296706  18.125061  166.0  332.105308  30.698696   92.0
FAILURE!!!! Some beads might have been misidentified
               x1        y1  area1          x2        y2  area2          x3         y3  area3          x4         y4  area4
range  332.113699  1.086802  104.0  127.368447  3.586198   84.0  297.340692  18.235131  165.0  332.122056  30.637292  101.0
FAILURE!!!! Some beads might have been misidentified
               x1        y1  area1         x2        y2  area2          x3         y3  area3          x4         y4  area4
range  332.107114  1.217484  107.0  127.38887  3.655354   79.0  297.306186  18.169032  160.0  332.149734  30.706659   95.0
FAILURE!!!! Some beads might have been misidentified
               x1        y1  area1         x2        y2  area2         x3         y3  area3          x4         y4  area4
range  332.138434  1.217484  106.0  127.38887  3.708569   78.0  297.32425  18.153794  160.0  332.167532  30.711112   94.0
FAILURE!!!! Some beads might have been misidentified
               x1        y1  area1         x2       y2  area2          x3         y3  area3          x4        y4  area4
range  332.107114  1.217484  106.0  127.38887  3.69078   78.0  297.320437  18.153614  159.0  332.150458  30.74431   93.0
FAILURE!!!! Some beads might have been misidentified
               x1        y1  area1         x2        y2  area2          x3         y3  area3          x4         y4  area4
range  332.138434  1.189655  106.0  127.38887  3.692825   80.0  297.304136  18.175741  159.0  332.167532  30.707387   95.0
FAILURE!!!! Some beads might have been misidentified
               x1        y1  area1          x2        y2  area2          x3         y3  area3          x4         y4  area4
range  332.187389  1.188098  108.0  127.194513  3.700802   77.0  297.396365  18.146854  171.0  332.183529  30.656093   93.0
FAILURE!!!! Some beads might have been misidentified
               x1        y1  area1          x2        y2  area2          x3         y3  area3          x4         y4  area4
range  332.089288  1.201493  107.0  127.521052  3.653269   77.0  297.191587  18.156473  166.0  332.108919  30.744412   94.0
FAILURE!!!! Some beads might have been misidentified
               x1        y1  area1          x2        y2  area2          x3         y3  area3         x4         y4  area4
range  332.306815  1.209798  107.0  127.348489  3.673746   79.0  297.141725  18.147785  164.0  332.29518  30.697981   94.0
FAILURE!!!! Some beads might have been misidentified
               x1   y1  area1          x2       y2  area2          x3        y3  area3          x4         y4  area4
range  331.979519  1.2  106.0  127.447576  3.63778   76.0  297.440022  18.14939  160.0  331.950211  30.729722   95.0
FAILURE!!!! Some beads might have been misidentified
Residual vector length: 210, Jacobian shape: (210, 6)
view   0 | SOD= 560.659 mm | SDD= 761.018 mm | M= 1.357 | incident=2.9645°
[[ 135.2768     -543.5195      -25.001198  ]
 [ -44.031548    195.24474       9.998802  ]
 [   0.1445029     0.03871787    0.        ]
 [   0.            0.            0.1496    ]]
               x1        y1  area1         x2        y2  area2          x3         y3  area3          x4         y4  area4
range  332.124621  1.217484  106.0  127.38887  3.708569   78.0  297.320437  18.153794  160.0  332.150458  30.693059   93.0
FAILURE!!!! Some beads might have been misidentified

iter 46 cost=0.552299 -> 0.557866 |dtheta|=5.319331e-06  lambda=1.000e+06

============================================================
Iteration 47
============================================================
Theta offsets (Unity frame):
  Source   : dSx=   0.000, dSy=   0.000, dSz=   0.000  (mm)
  Object   : dOx= -15.001, dOy= -12.001, dOz= -21.989  (mm)
  Object offset: offset_x=   0.001, offset_z=   0.001  (mm)
  Detector : dDx=   0.000, dDy=   0.000, dDz=   0.000  (mm)
  Obj Stage rotY :   14.999 deg
============================================================

Unity geometry (world coordinates):
  Source   : x= -10.000, y=  55.000, z=   0.000
  Object   : x=  -0.001, y=  29.999, z= 560.011
  Detector : x=   8.000, y=  20.000, z= 760.000
  Obj rotY :   0.0000 deg
view   0 | SOD= 560.659 mm | SDD= 761.018 mm | M= 1.357 | incident=2.9645°
[[ 135.2768     -543.5195      -25.0012    ]
 [ -44.03155     195.24474       9.9988    ]
 [   0.1445029     0.03871787    0.        ]
 [   0.            0.            0.1496    ]]
               x1        y1  area1         x2        y2  area2          x3         y3  area3          x4         y4  area4
range  332.124621  1.217484  106.0  127.38887  3.708569   78.0  297.320437  18.153794  160.0  332.150458  30.693059   93.0
FAILURE!!!! Some beads might have been misidentified
               x1        y1  area1          x2        y2  area2          x3         y3  area3         x4         y4  area4
range  332.149414  1.186837  106.0  127.356637  3.705663   77.0  297.355351  18.183558  167.0  332.12947  30.675925   96.0
FAILURE!!!! Some beads might have been misidentified
               x1        y1  area1          x2        y2  area2          x3         y3  area3          x4      y4  area4
range  332.123816  1.189968  109.0  127.300579  3.656053   80.0  297.259407  18.119769  170.0  332.102829  30.708   94.0
FAILURE!!!! Some beads might have been misidentified
               x1        y1  area1        x2        y2  area2          x3         y3  area3          x4         y4  area4
range  332.172841  1.289237  103.0  127.3257  3.652688   79.0  297.296706  18.125061  166.0  332.105308  30.698696   92.0
FAILURE!!!! Some beads might have been misidentified
               x1        y1  area1          x2        y2  area2          x3         y3  area3          x4         y4  area4
range  332.113699  1.086802  104.0  127.368447  3.586198   84.0  297.340692  18.235131  165.0  332.122056  30.637292  101.0
FAILURE!!!! Some beads might have been misidentified
               x1        y1  area1         x2        y2  area2          x3         y3  area3          x4         y4  area4
range  332.107114  1.217484  107.0  127.38887  3.655354   79.0  297.306186  18.169032  160.0  332.149734  30.706659   95.0
FAILURE!!!! Some beads might have been misidentified
               x1        y1  area1         x2        y2  area2         x3         y3  area3          x4         y4  area4
range  332.138434  1.217484  106.0  127.38887  3.708569   78.0  297.32425  18.153794  160.0  332.167532  30.711112   94.0
FAILURE!!!! Some beads might have been misidentified
               x1        y1  area1         x2       y2  area2          x3         y3  area3          x4        y4  area4
range  332.107114  1.217484  106.0  127.38887  3.69078   78.0  297.320437  18.153614  159.0  332.150458  30.74431   93.0
FAILURE!!!! Some beads might have been misidentified
               x1        y1  area1         x2        y2  area2          x3         y3  area3          x4         y4  area4
range  332.138434  1.189655  106.0  127.38887  3.692825   80.0  297.304136  18.175741  159.0  332.167532  30.707387   95.0
FAILURE!!!! Some beads might have been misidentified
               x1        y1  area1          x2        y2  area2          x3         y3  area3          x4         y4  area4
range  332.187389  1.188098  108.0  127.194513  3.700802   77.0  297.396365  18.146854  171.0  332.183529  30.656093   93.0
FAILURE!!!! Some beads might have been misidentified
               x1        y1  area1          x2        y2  area2          x3         y3  area3          x4         y4  area4
range  332.089288  1.201493  107.0  127.521052  3.653269   77.0  297.191587  18.156473  166.0  332.108919  30.744412   94.0
FAILURE!!!! Some beads might have been misidentified
               x1        y1  area1          x2        y2  area2          x3         y3  area3         x4         y4  area4
range  332.306815  1.209798  107.0  127.348489  3.673746   79.0  297.141725  18.147785  164.0  332.29518  30.697981   94.0
FAILURE!!!! Some beads might have been misidentified
               x1   y1  area1          x2       y2  area2          x3        y3  area3          x4         y4  area4
range  331.979519  1.2  106.0  127.447576  3.63778   76.0  297.440022  18.14939  160.0  331.950211  30.729722   95.0
FAILURE!!!! Some beads might have been misidentified
Residual vector length: 210, Jacobian shape: (210, 6)
view   0 | SOD= 560.659 mm | SDD= 761.018 mm | M= 1.357 | incident=2.9645°
[[ 135.2768     -543.5195      -25.001198  ]
 [ -44.031548    195.24474       9.998802  ]
 [   0.1445029     0.03871787    0.        ]
 [   0.            0.            0.1496    ]]
               x1        y1  area1         x2        y2  area2          x3         y3  area3          x4         y4  area4
range  332.124621  1.217484  106.0  127.38887  3.708569   78.0  297.320437  18.153794  160.0  332.150458  30.693059   93.0
FAILURE!!!! Some beads might have been misidentified

iter 47 cost=0.552299 -> 0.557866 |dtheta|=5.319331e-06  lambda=1.000e+06

============================================================
Iteration 48
============================================================
Theta offsets (Unity frame):
  Source   : dSx=   0.000, dSy=   0.000, dSz=   0.000  (mm)
  Object   : dOx= -15.001, dOy= -12.001, dOz= -21.989  (mm)
  Object offset: offset_x=   0.001, offset_z=   0.001  (mm)
  Detector : dDx=   0.000, dDy=   0.000, dDz=   0.000  (mm)
  Obj Stage rotY :   14.999 deg
============================================================

Unity geometry (world coordinates):
  Source   : x= -10.000, y=  55.000, z=   0.000
  Object   : x=  -0.001, y=  29.999, z= 560.011
  Detector : x=   8.000, y=  20.000, z= 760.000
  Obj rotY :   0.0000 deg
view   0 | SOD= 560.659 mm | SDD= 761.018 mm | M= 1.357 | incident=2.9645°
[[ 135.2768     -543.5195      -25.0012    ]
 [ -44.03155     195.24474       9.9988    ]
 [   0.1445029     0.03871787    0.        ]
 [   0.            0.            0.1496    ]]
               x1        y1  area1         x2        y2  area2          x3         y3  area3          x4         y4  area4
range  332.124621  1.217484  106.0  127.38887  3.708569   78.0  297.320437  18.153794  160.0  332.150458  30.693059   93.0
FAILURE!!!! Some beads might have been misidentified
               x1        y1  area1          x2        y2  area2          x3         y3  area3         x4         y4  area4
range  332.149414  1.186837  106.0  127.356637  3.705663   77.0  297.355351  18.183558  167.0  332.12947  30.675925   96.0
FAILURE!!!! Some beads might have been misidentified
               x1        y1  area1          x2        y2  area2          x3         y3  area3          x4      y4  area4
range  332.123816  1.189968  109.0  127.300579  3.656053   80.0  297.259407  18.119769  170.0  332.102829  30.708   94.0
FAILURE!!!! Some beads might have been misidentified
               x1        y1  area1        x2        y2  area2          x3         y3  area3          x4         y4  area4
range  332.172841  1.289237  103.0  127.3257  3.652688   79.0  297.296706  18.125061  166.0  332.105308  30.698696   92.0
FAILURE!!!! Some beads might have been misidentified
               x1        y1  area1          x2        y2  area2          x3         y3  area3          x4         y4  area4
range  332.113699  1.086802  104.0  127.368447  3.586198   84.0  297.340692  18.235131  165.0  332.122056  30.637292  101.0
FAILURE!!!! Some beads might have been misidentified
               x1        y1  area1         x2        y2  area2          x3         y3  area3          x4         y4  area4
range  332.107114  1.217484  107.0  127.38887  3.655354   79.0  297.306186  18.169032  160.0  332.149734  30.706659   95.0
FAILURE!!!! Some beads might have been misidentified
               x1        y1  area1         x2        y2  area2         x3         y3  area3          x4         y4  area4
range  332.138434  1.217484  106.0  127.38887  3.708569   78.0  297.32425  18.153794  160.0  332.167532  30.711112   94.0
FAILURE!!!! Some beads might have been misidentified
               x1        y1  area1         x2       y2  area2          x3         y3  area3          x4        y4  area4
range  332.107114  1.217484  106.0  127.38887  3.69078   78.0  297.320437  18.153614  159.0  332.150458  30.74431   93.0
FAILURE!!!! Some beads might have been misidentified
               x1        y1  area1         x2        y2  area2          x3         y3  area3          x4         y4  area4
range  332.138434  1.189655  106.0  127.38887  3.692825   80.0  297.304136  18.175741  159.0  332.167532  30.707387   95.0
FAILURE!!!! Some beads might have been misidentified
               x1        y1  area1          x2        y2  area2          x3         y3  area3          x4         y4  area4
range  332.187389  1.188098  108.0  127.194513  3.700802   77.0  297.396365  18.146854  171.0  332.183529  30.656093   93.0
FAILURE!!!! Some beads might have been misidentified
               x1        y1  area1          x2        y2  area2          x3         y3  area3          x4         y4  area4
range  332.089288  1.201493  107.0  127.521052  3.653269   77.0  297.191587  18.156473  166.0  332.108919  30.744412   94.0
FAILURE!!!! Some beads might have been misidentified
               x1        y1  area1          x2        y2  area2          x3         y3  area3         x4         y4  area4
range  332.306815  1.209798  107.0  127.348489  3.673746   79.0  297.141725  18.147785  164.0  332.29518  30.697981   94.0
FAILURE!!!! Some beads might have been misidentified
               x1   y1  area1          x2       y2  area2          x3        y3  area3          x4         y4  area4
range  331.979519  1.2  106.0  127.447576  3.63778   76.0  297.440022  18.14939  160.0  331.950211  30.729722   95.0
FAILURE!!!! Some beads might have been misidentified
Residual vector length: 210, Jacobian shape: (210, 6)
view   0 | SOD= 560.659 mm | SDD= 761.018 mm | M= 1.357 | incident=2.9645°
[[ 135.2768     -543.5195      -25.001198  ]
 [ -44.031548    195.24474       9.998802  ]
 [   0.1445029     0.03871787    0.        ]
 [   0.            0.            0.1496    ]]
               x1        y1  area1         x2        y2  area2          x3         y3  area3          x4         y4  area4
range  332.124621  1.217484  106.0  127.38887  3.708569   78.0  297.320437  18.153794  160.0  332.150458  30.693059   93.0
FAILURE!!!! Some beads might have been misidentified

iter 48 cost=0.552299 -> 0.557866 |dtheta|=5.319331e-06  lambda=1.000e+06
Stalled.

Estimated theta:
  dSx: +0.000000
  dSy: +0.000000
  dOx: -15.001042
  dOy: -12.001200
  dOz: -21.989334
  dDx: +0.000000
  dDy: +0.000000
  dDz: +0.000000
alpha: +1.499942e+01 deg)
offset_x: +0.001222
offset_z: +0.001118

Final cost table:
Fake theta: [  0.   0. -15. -12. -22.   0.   0.   0.  15.   0.   0.]
Final estimated theta: [  0.           0.         -15.00104209 -12.00119962 -21.98933398
   0.           0.           0.          14.99942078   0.0012217
   0.00111758]
Diff from Expected: [ 0.          0.         -0.00104209 -0.00119962  0.01066602  0.
  0.          0.         -0.00057922  0.0012217   0.00111758]
################################################################################

