Phantom already exists, skipping: cuboid_phantom_4_normal.npy

################################################################################
Running cuboid=normal scenario=G2 N_ANGLES=10, K=4
view   0 | SOD= 560.647 mm | SDD= 761.018 mm | M= 1.357 | incident=2.9645°
[[ 135.2794     -543.50665     -25.        ]
 [ -44.036404    195.25572      10.        ]
 [   0.1445025     0.03871933    0.        ]
 [   0.            0.            0.1496    ]]
               x1        y1  area1          x2        y2  area2          x3         y3  area3          x4         y4  area4
range  328.960628  1.185149  100.0  124.256828  3.611896   79.0  290.126342  18.318323  169.0  328.846853  30.439516   84.0
FAILURE!!!! Some beads might have been misidentified
          image          x1          y1  area1          x2          y2  area2          x3          y3  area3          x4          y4  area4
0  proj_000.png  473.111702  126.784574    752  388.916053  290.000000    679  540.167732  447.238019    626  473.104762  632.870748    735
1  proj_001.png  368.407967  126.782967    728  414.257732  289.057437    679  591.896764  451.776579    649  368.359781  631.320109    731
2  proj_002.png  296.334734  127.184874    714  452.456845  288.936012    672  589.776371  457.496484    711  296.376404  624.001404    712
3  proj_003.png  284.454006  127.500000    674  488.759259  289.383191    702  531.894667  461.926667    750  284.460177  614.399705    678
4  proj_004.png  334.018405  127.806748    652  509.802797  290.278322    715  439.749686  463.413836    795  334.019969  606.285714    651
5  proj_005.png  424.342029  127.968116    690  507.482853  291.448560    729  351.330070  461.198601    715  424.316619  602.431232    698
6  proj_006.png  523.000000  127.886463    687  482.135819  292.291611    751  301.770423  456.264789    710  523.007225  604.052023    692
7  proj_007.png  595.199430  127.658120    702  443.187584  292.547908    741  309.294618  450.603399    706  595.263158  610.736842    703
8  proj_008.png  613.414634  127.282640    697  406.209016  292.105191    732  368.049563  446.403790    686  613.307030  620.121951    697
9  proj_009.png  567.308588  126.982533    687  385.545969  291.164074    707  455.463097  445.095514    691  567.301587  628.769120    693

============================================================
Iteration 0
============================================================
Theta offsets (Unity frame):
  Source   : dSx=   0.000, dSy=   0.000, dSz=   0.000  (mm)
  Object   : dOx=   0.000, dOy=   0.000, dOz=   0.000  (mm)
  Object offset: offset_x=   0.000, offset_z=   0.000  (mm)
  Detector : dDx=   0.000, dDy=   0.000, dDz=   0.000  (mm)
  Obj Stage rotY :    0.000 deg
============================================================

Unity geometry (world coordinates):
  Source   : x= -10.000, y=  55.000, z=   0.000
  Object   : x=  15.000, y=  42.000, z= 582.000
  Detector : x=   8.000, y=  20.000, z= 760.000
  Obj rotY :   0.0000 deg
view   0 | SOD= 582.682 mm | SDD= 761.018 mm | M= 1.306 | incident=2.9645°
[[ -25.     -582.      -13.    ]
 [  -7.      178.       22.    ]
 [   0.1496    0.        0.    ]
 [   0.        0.        0.1496]]
Residual vector length: 140, Jacobian shape: (140, 6)
view   0 | SOD= 594.374 mm | SDD= 761.018 mm | M= 1.280 | incident=2.9645°
[[  40.268337   -592.5438      -23.461344  ]
 [  -8.625903    166.0953       11.538656  ]
 [   0.14902058    0.01315388    0.        ]
 [   0.            0.            0.1496    ]]

iter 00 cost=616908.442631 -> 40592.732979 |dtheta|=2.057608e+01  lambda=1.000e-02

============================================================
Iteration 1
============================================================
Theta offsets (Unity frame):
  Source   : dSx=   0.000, dSy=   0.000, dSz=   0.000  (mm)
  Object   : dOx= -12.780, dOy= -10.461, dOz=  11.168  (mm)
  Object offset: offset_x=  -0.232, offset_z=   0.621  (mm)
  Detector : dDx=   0.000, dDy=   0.000, dDz=   0.000  (mm)
  Obj Stage rotY :    5.044 deg
============================================================

Unity geometry (world coordinates):
  Source   : x= -10.000, y=  55.000, z=   0.000
  Object   : x=   2.220, y=  31.539, z= 593.168
  Detector : x=   8.000, y=  20.000, z= 760.000
  Obj rotY :   0.0000 deg
view   0 | SOD= 594.374 mm | SDD= 761.018 mm | M= 1.280 | incident=2.9645°
[[  40.268337   -592.5438      -23.461344  ]
 [  -8.625903    166.0953       11.538656  ]
 [   0.14902058    0.01315388    0.        ]
 [   0.            0.            0.1496    ]]
Residual vector length: 140, Jacobian shape: (140, 6)
view   0 | SOD= 588.870 mm | SDD= 761.018 mm | M= 1.292 | incident=2.9645°
[[ 101.32317    -579.5188      -25.688025  ]
 [ -25.843052    169.9829        9.3119755 ]
 [   0.14685825    0.02850989    0.        ]
 [   0.            0.            0.1496    ]]

iter 01 cost=40592.732979 -> 12431.998829 |dtheta|=8.146878e+00  lambda=3.333e-03

============================================================
Iteration 2
============================================================
Theta offsets (Unity frame):
  Source   : dSx=   0.000, dSy=   0.000, dSz=   0.000  (mm)
  Object   : dOx= -14.228, dOy= -12.688, dOz=   6.347  (mm)
  Object offset: offset_x=   0.203, offset_z=  -0.140  (mm)
  Detector : dDx=   0.000, dDy=   0.000, dDz=   0.000  (mm)
  Obj Stage rotY :   10.986 deg
============================================================

Unity geometry (world coordinates):
  Source   : x= -10.000, y=  55.000, z=   0.000
  Object   : x=   0.772, y=  29.312, z= 588.347
  Detector : x=   8.000, y=  20.000, z= 760.000
  Obj rotY :   0.0000 deg
view   0 | SOD= 588.870 mm | SDD= 761.018 mm | M= 1.292 | incident=2.9645°
[[ 101.32317    -579.5188      -25.688025  ]
 [ -25.843052    169.9829        9.3119755 ]
 [   0.14685825    0.02850989    0.        ]
 [   0.            0.            0.1496    ]]
Residual vector length: 140, Jacobian shape: (140, 6)
view   0 | SOD= 587.108 mm | SDD= 761.018 mm | M= 1.296 | incident=2.9645°
[[ 130.40012    -571.8501      -26.067177  ]
 [ -34.001457    170.37366       8.932823  ]
 [   0.14525296    0.03580135    0.        ]
 [   0.            0.            0.1496    ]]

iter 02 cost=12431.998829 -> 8698.940689 |dtheta|=3.697480e+00  lambda=1.111e-03

============================================================
Iteration 3
============================================================
Theta offsets (Unity frame):
  Source   : dSx=   0.000, dSy=   0.000, dSz=   0.000  (mm)
  Object   : dOx= -14.805, dOy= -13.067, dOz=   4.154  (mm)
  Object offset: offset_x=   0.045, offset_z=   0.286  (mm)
  Detector : dDx=   0.000, dDy=   0.000, dDz=   0.000  (mm)
  Obj Stage rotY :   13.846 deg
============================================================

Unity geometry (world coordinates):
  Source   : x= -10.000, y=  55.000, z=   0.000
  Object   : x=   0.195, y=  28.933, z= 586.154
  Detector : x=   8.000, y=  20.000, z= 760.000
  Obj rotY :   0.0000 deg
view   0 | SOD= 587.108 mm | SDD= 761.018 mm | M= 1.296 | incident=2.9645°
[[ 130.40012    -571.8501      -26.067177  ]
 [ -34.001457    170.37366       8.932823  ]
 [   0.14525296    0.03580135    0.        ]
 [   0.            0.            0.1496    ]]
Residual vector length: 140, Jacobian shape: (140, 6)
view   0 | SOD= 576.418 mm | SDD= 761.018 mm | M= 1.320 | incident=2.9645°
[[ 122.11603    -562.7524      -25.600998  ]
 [ -34.463383    181.16084       9.399002  ]
 [   0.14562178    0.03427036    0.        ]
 [   0.            0.            0.1496    ]]

iter 03 cost=8698.940689 -> 3464.335762 |dtheta|=1.054699e+01  lambda=3.704e-04

============================================================
Iteration 4
============================================================
Theta offsets (Unity frame):
  Source   : dSx=   0.000, dSy=   0.000, dSz=   0.000  (mm)
  Object   : dOx= -14.739, dOy= -12.601, dOz=  -6.361  (mm)
  Object offset: offset_x=  -0.215, offset_z=   0.123  (mm)
  Detector : dDx=   0.000, dDy=   0.000, dDz=   0.000  (mm)
  Obj Stage rotY :   13.243 deg
============================================================

Unity geometry (world coordinates):
  Source   : x= -10.000, y=  55.000, z=   0.000
  Object   : x=   0.261, y=  29.399, z= 575.639
  Detector : x=   8.000, y=  20.000, z= 760.000
  Obj rotY :   0.0000 deg
view   0 | SOD= 576.418 mm | SDD= 761.018 mm | M= 1.320 | incident=2.9645°
[[ 122.11603    -562.7524      -25.600998  ]
 [ -34.463383    181.16084       9.399002  ]
 [   0.14562178    0.03427036    0.        ]
 [   0.            0.            0.1496    ]]
Residual vector length: 140, Jacobian shape: (140, 6)
view   0 | SOD= 572.389 mm | SDD= 761.018 mm | M= 1.330 | incident=2.9645°
[[ 130.15347    -556.81964     -25.312717  ]
 [ -38.23154     184.51056       9.687283  ]
 [   0.14505862    0.03658086    0.        ]
 [   0.            0.            0.1496    ]]

iter 04 cost=3464.335762 -> 1894.893112 |dtheta|=4.359871e+00  lambda=1.235e-04

============================================================
Iteration 5
============================================================
Theta offsets (Unity frame):
  Source   : dSx=   0.000, dSy=   0.000, dSz=   0.000  (mm)
  Object   : dOx= -14.918, dOy= -12.313, dOz= -10.604  (mm)
  Object offset: offset_x=  -0.129, offset_z=   0.346  (mm)
  Detector : dDx=   0.000, dDy=   0.000, dDz=   0.000  (mm)
  Obj Stage rotY :   14.154 deg
============================================================

Unity geometry (world coordinates):
  Source   : x= -10.000, y=  55.000, z=   0.000
  Object   : x=   0.082, y=  29.687, z= 571.396
  Detector : x=   8.000, y=  20.000, z= 760.000
  Obj rotY :   0.0000 deg
view   0 | SOD= 572.389 mm | SDD= 761.018 mm | M= 1.330 | incident=2.9645°
[[ 130.15347    -556.81964     -25.312717  ]
 [ -38.23154     184.51056       9.687283  ]
 [   0.14505862    0.03658086    0.        ]
 [   0.            0.            0.1496    ]]
Residual vector length: 140, Jacobian shape: (140, 6)
view   0 | SOD= 569.304 mm | SDD= 761.018 mm | M= 1.337 | incident=2.9645°
[[ 129.97437    -553.68964     -25.333733  ]
 [ -39.561764    187.3782        9.666267  ]
 [   0.14500162    0.0368061     0.        ]
 [   0.            0.            0.1496    ]]

iter 05 cost=1894.893112 -> 1019.297277 |dtheta|=2.931349e+00  lambda=4.115e-05

============================================================
Iteration 6
============================================================
Theta offsets (Unity frame):
  Source   : dSx=   0.000, dSy=   0.000, dSz=   0.000  (mm)
  Object   : dOx= -14.797, dOy= -12.334, dOz= -13.521  (mm)
  Object offset: offset_x=   0.042, offset_z=   0.169  (mm)
  Detector : dDx=   0.000, dDy=   0.000, dDz=   0.000  (mm)
  Obj Stage rotY :   14.243 deg
============================================================

Unity geometry (world coordinates):
  Source   : x= -10.000, y=  55.000, z=   0.000
  Object   : x=   0.203, y=  29.666, z= 568.479
  Detector : x=   8.000, y=  20.000, z= 760.000
  Obj rotY :   0.0000 deg
view   0 | SOD= 569.304 mm | SDD= 761.018 mm | M= 1.337 | incident=2.9645°
[[ 129.97437    -553.68964     -25.333733  ]
 [ -39.561764    187.3782        9.666267  ]
 [   0.14500162    0.0368061     0.        ]
 [   0.            0.            0.1496    ]]
Residual vector length: 140, Jacobian shape: (140, 6)
view   0 | SOD= 567.017 mm | SDD= 761.018 mm | M= 1.342 | incident=2.9645°
[[ 132.77036    -550.6677      -25.396656  ]
 [ -40.96659     189.42653       9.603344  ]
 [   0.14479052    0.037628      0.        ]
 [   0.            0.            0.1496    ]]
               x1      y1  area1          x2        y2  area2          x3         y3  area3          x4         y4  area4
range  326.195247  1.0004  101.0  123.490886  3.576202   78.0  284.402227  18.258246  162.0  326.260069  30.001673   91.0
FAILURE!!!! Some beads might have been misidentified

iter 06 cost=1019.297277 -> 570.757909 |dtheta|=2.215881e+00  lambda=1.372e-05

============================================================
Iteration 7
============================================================
Theta offsets (Unity frame):
  Source   : dSx=   0.000, dSy=   0.000, dSz=   0.000  (mm)
  Object   : dOx= -14.915, dOy= -12.397, dOz= -15.703  (mm)
  Object offset: offset_x=  -0.080, offset_z=   0.062  (mm)
  Detector : dDx=   0.000, dDy=   0.000, dDz=   0.000  (mm)
  Obj Stage rotY :   14.568 deg
============================================================

Unity geometry (world coordinates):
  Source   : x= -10.000, y=  55.000, z=   0.000
  Object   : x=   0.085, y=  29.603, z= 566.297
  Detector : x=   8.000, y=  20.000, z= 760.000
  Obj rotY :   0.0000 deg
view   0 | SOD= 567.017 mm | SDD= 761.018 mm | M= 1.342 | incident=2.9645°
[[ 132.77036    -550.6677      -25.396656  ]
 [ -40.96659     189.42653       9.603344  ]
 [   0.14479052    0.037628      0.        ]
 [   0.            0.            0.1496    ]]
               x1      y1  area1          x2        y2  area2          x3         y3  area3          x4         y4  area4
range  326.195247  1.0004  101.0  123.490886  3.576202   78.0  284.402227  18.258246  162.0  326.260069  30.001673   91.0
FAILURE!!!! Some beads might have been misidentified
               x1        y1  area1          x2        y2  area2          x3         y3  area3          x4         y4  area4
range  326.148934  0.915082  101.0  123.512604  3.603096   75.0  284.468864  18.222748  166.0  326.256167  30.002053   89.0
FAILURE!!!! Some beads might have been misidentified
               x1        y1  area1          x2        y2  area2          x3         y3  area3          x4        y4  area4
range  326.195247  0.983841  101.0  123.490886  3.576202   78.0  284.389944  18.258246  162.0  326.247998  30.00281   92.0
FAILURE!!!! Some beads might have been misidentified
               x1        y1  area1          x2        y2  area2          x3         y3  area3          x4         y4  area4
range  326.186757  1.010026   98.0  123.512166  3.570425   76.0  284.435759  18.232951  163.0  326.247998  30.001673   91.0
FAILURE!!!! Some beads might have been misidentified
              x1        y1  area1          x2        y2  area2          x3         y3  area3          x4         y4  area4
range  326.12319  0.996852  101.0  123.623569  3.610249   82.0  284.265206  18.246878  163.0  326.182946  30.000682   92.0
FAILURE!!!! Some beads might have been misidentified
               x1        y1  area1          x2        y2  area2          x3         y3  area3          x4        y4  area4
range  325.923307  0.990142  101.0  123.605016  3.580082   74.0  284.526678  18.281459  165.0  325.960749  30.00281   90.0
FAILURE!!!! Some beads might have been misidentified
Residual vector length: 140, Jacobian shape: (140, 6)
view   0 | SOD= 565.465 mm | SDD= 761.018 mm | M= 1.346 | incident=2.9645°
[[ 136.14716    -548.2512      -25.208984  ]
 [ -42.7402      190.61502       9.791016  ]
 [   0.14452493    0.03863552    0.        ]
 [   0.            0.            0.1496    ]]

iter 07 cost=570.757909 -> 303.961949 |dtheta|=1.637094e+00  lambda=4.572e-06

============================================================
Iteration 8
============================================================
Theta offsets (Unity frame):
  Source   : dSx=   0.000, dSy=   0.000, dSz=   0.000  (mm)
  Object   : dOx= -14.932, dOy= -12.209, dOz= -17.278  (mm)
  Object offset: offset_x=  -0.006, offset_z=   0.091  (mm)
  Detector : dDx=   0.000, dDy=   0.000, dDz=   0.000  (mm)
  Obj Stage rotY :   14.967 deg
============================================================

Unity geometry (world coordinates):
  Source   : x= -10.000, y=  55.000, z=   0.000
  Object   : x=   0.068, y=  29.791, z= 564.722
  Detector : x=   8.000, y=  20.000, z= 760.000
  Obj rotY :   0.0000 deg
view   0 | SOD= 565.465 mm | SDD= 761.018 mm | M= 1.346 | incident=2.9645°
[[ 136.14716    -548.2512      -25.208984  ]
 [ -42.7402      190.61502       9.791016  ]
 [   0.14452493    0.03863552    0.        ]
 [   0.            0.            0.1496    ]]
Residual vector length: 140, Jacobian shape: (140, 6)
view   0 | SOD= 564.128 mm | SDD= 761.018 mm | M= 1.349 | incident=2.9645°
[[ 136.15784    -546.87067     -25.172262  ]
 [ -43.229156    191.87442       9.827738  ]
 [   0.14449877    0.03873325    0.        ]
 [   0.            0.            0.1496    ]]
            x1        y1  area1          x2        y2  area2          x3         y3  area3          x4         y4  area4
range  327.092  1.187948  101.0  123.278622  3.690639   82.0  288.758904  18.123016  164.0  327.090081  30.289225   84.0
FAILURE!!!! Some beads might have been misidentified

iter 08 cost=303.961949 -> 165.227570 |dtheta|=1.249934e+00  lambda=1.524e-06

============================================================
Iteration 9
============================================================
Theta offsets (Unity frame):
  Source   : dSx=   0.000, dSy=   0.000, dSz=   0.000  (mm)
  Object   : dOx= -14.963, dOy= -12.172, dOz= -18.522  (mm)
  Object offset: offset_x=   0.039, offset_z=  -0.003  (mm)
  Detector : dDx=   0.000, dDy=   0.000, dDz=   0.000  (mm)
  Obj Stage rotY :   15.006 deg
============================================================

Unity geometry (world coordinates):
  Source   : x= -10.000, y=  55.000, z=   0.000
  Object   : x=   0.037, y=  29.828, z= 563.478
  Detector : x=   8.000, y=  20.000, z= 760.000
  Obj rotY :   0.0000 deg
view   0 | SOD= 564.128 mm | SDD= 761.018 mm | M= 1.349 | incident=2.9645°
[[ 136.15784    -546.87067     -25.172262  ]
 [ -43.229156    191.87442       9.827738  ]
 [   0.14449877    0.03873325    0.        ]
 [   0.            0.            0.1496    ]]
            x1        y1  area1          x2        y2  area2          x3         y3  area3          x4         y4  area4
range  327.092  1.187948  101.0  123.278622  3.690639   82.0  288.758904  18.123016  164.0  327.090081  30.289225   84.0
FAILURE!!!! Some beads might have been misidentified
               x1        y1  area1          x2        y2  area2          x3         y3  area3          x4         y4  area4
range  327.097582  1.186068  102.0  123.235836  3.728907   79.0  288.753649  18.116633  165.0  327.140126  30.254638   87.0
FAILURE!!!! Some beads might have been misidentified
               x1       y1  area1          x2        y2  area2         x3         y3  area3          x4         y4  area4
range  327.029547  1.15117  104.0  123.224685  3.690916   81.0  288.82572  18.086489  159.0  327.105759  30.353346   89.0
FAILURE!!!! Some beads might have been misidentified
               x1        y1  area1          x2        y2  area2          x3         y3  area3          x4         y4  area4
range  327.034033  1.047158  101.0  123.209799  3.674048   80.0  288.774895  18.123052  167.0  327.052509  30.339572   84.0
FAILURE!!!! Some beads might have been misidentified
               x1        y1  area1          x2        y2  area2          x3         y3  area3          x4         y4  area4
range  327.089586  1.109097  100.0  123.278003  3.625259   79.0  288.795205  18.043201  166.0  327.102682  30.342248   84.0
FAILURE!!!! Some beads might have been misidentified
               x1        y1  area1          x2        y2  area2          x3        y3  area3         x4         y4  area4
range  327.050993  1.187948  101.0  123.278622  3.690639   82.0  288.758904  18.14177  164.0  327.07873  30.276922   83.0
FAILURE!!!! Some beads might have been misidentified
            x1        y1  area1          x2        y2  area2          x3         y3  area3          x4         y4  area4
range  327.092  1.201165  102.0  123.278622  3.700221   80.0  288.764681  18.123016  164.0  327.106508  30.289225   85.0
FAILURE!!!! Some beads might have been misidentified
               x1        y1  area1          x2       y2  area2          x3         y3  area3          x4         y4  area4
range  327.050993  1.165262  103.0  123.278622  3.69786   79.0  288.795978  18.097179  161.0  327.090081  30.283763   84.0
FAILURE!!!! Some beads might have been misidentified
            x1        y1  area1          x2       y2  area2          x3         y3  area3          x4         y4  area4
range  327.092  1.181188  103.0  123.278622  3.71612   79.0  288.759084  18.123016  164.0  327.090081  30.283633   84.0
FAILURE!!!! Some beads might have been misidentified
               x1        y1  area1          x2        y2  area2          x3         y3  area3          x4         y4  area4
range  327.153086  1.171791  105.0  122.994416  3.699198   78.0  288.874962  18.092146  159.0  327.136622  30.329867   85.0
FAILURE!!!! Some beads might have been misidentified
               x1        y1  area1          x2        y2  area2          x3         y3  area3          x4         y4  area4
range  326.994971  1.165447  101.0  123.429703  3.697561   82.0  288.708123  18.125935  165.0  327.044745  30.278117   90.0
FAILURE!!!! Some beads might have been misidentified
               x1        y1  area1          x2        y2  area2          x3         y3  area3          x4         y4  area4
range  327.213238  1.187948  104.0  123.025624  3.700865   83.0  288.725494  18.127878  160.0  327.280009  30.276922   85.0
FAILURE!!!! Some beads might have been misidentified
               x1        y1  area1          x2        y2  area2          x3         y3  area3          x4         y4  area4
range  326.913891  1.201165  104.0  123.404796  3.718958   78.0  288.844842  18.109731  165.0  326.965875  30.289225   87.0
FAILURE!!!! Some beads might have been misidentified
Residual vector length: 140, Jacobian shape: (140, 6)
view   0 | SOD= 562.751 mm | SDD= 761.018 mm | M= 1.352 | incident=2.9645°
[[ 136.30966    -545.41534     -25.099342  ]
 [ -43.67501     193.18433       9.900658  ]
 [   0.14446738    0.03885016    0.        ]
 [   0.            0.            0.1496    ]]
               x1        y1  area1          x2        y2  area2          x3       y3  area3          x4         y4  area4
range  326.838508  1.184207   96.0  124.658815  3.618883   84.0  289.042073  18.0617  170.0  326.792999  30.418608   90.0
FAILURE!!!! Some beads might have been misidentified

iter 09 cost=165.227570 -> 65.255158 |dtheta|=1.342469e+00  lambda=1.000e-06

============================================================
Iteration 10
============================================================
Theta offsets (Unity frame):
  Source   : dSx=   0.000, dSy=   0.000, dSz=   0.000  (mm)
  Object   : dOx= -14.972, dOy= -12.099, dOz= -19.859  (mm)
  Object offset: offset_x=  -0.020, offset_z=  -0.039  (mm)
  Detector : dDx=   0.000, dDy=   0.000, dDz=   0.000  (mm)
  Obj Stage rotY :   15.052 deg
============================================================

Unity geometry (world coordinates):
  Source   : x= -10.000, y=  55.000, z=   0.000
  Object   : x=   0.028, y=  29.901, z= 562.141
  Detector : x=   8.000, y=  20.000, z= 760.000
  Obj rotY :   0.0000 deg
view   0 | SOD= 562.751 mm | SDD= 761.018 mm | M= 1.352 | incident=2.9645°
[[ 136.30966    -545.41534     -25.099342  ]
 [ -43.67501     193.18433       9.900658  ]
 [   0.14446738    0.03885016    0.        ]
 [   0.            0.            0.1496    ]]
               x1        y1  area1          x2        y2  area2          x3       y3  area3          x4         y4  area4
range  326.838508  1.184207   96.0  124.658815  3.618883   84.0  289.042073  18.0617  170.0  326.792999  30.418608   90.0
FAILURE!!!! Some beads might have been misidentified
               x1        y1  area1          x2        y2  area2          x3       y3  area3          x4         y4  area4
range  326.794772  1.125297  101.0  124.696355  3.597686   77.0  289.055748  18.0917  170.0  326.775655  30.407304   91.0
FAILURE!!!! Some beads might have been misidentified
               x1        y1  area1          x2       y2  area2          x3         y3  area3          x4         y4  area4
range  326.769668  1.180442   99.0  124.567613  3.61815   79.0  289.031155  18.040872  162.0  326.788012  30.444041   91.0
FAILURE!!!! Some beads might have been misidentified
               x1        y1  area1          x2        y2  area2          x3         y3  area3          x4         y4  area4
range  326.830387  1.185147  102.0  124.633872  3.627649   82.0  289.068026  18.057346  167.0  326.821145  30.420715   86.0
FAILURE!!!! Some beads might have been misidentified
               x1        y1  area1          x2        y2  area2          x3         y3  area3         x4         y4  area4
range  326.811976  1.153846  100.0  124.621952  3.667866   76.0  289.005834  18.088019  166.0  326.75887  30.432166   90.0
FAILURE!!!! Some beads might have been misidentified
               x1        y1  area1          x2        y2  area2          x3       y3  area3         x4         y4  area4
range  326.825368  1.184207   96.0  124.658815  3.619383   83.0  289.056994  18.0617  170.0  326.78052  30.455818   83.0
FAILURE!!!! Some beads might have been misidentified
               x1        y1  area1          x2        y2  area2         x3       y3  area3          x4         y4  area4
range  326.838508  1.184207   96.0  124.629138  3.607466   83.0  289.04756  18.0617  168.0  326.792999  30.422212   88.0
FAILURE!!!! Some beads might have been misidentified
               x1        y1  area1          x2        y2  area2          x3         y3  area3          x4         y4  area4
range  326.825368  1.158509  100.0  124.629138  3.622689   82.0  289.042073  18.046502  168.0  326.792999  30.433608   92.0
FAILURE!!!! Some beads might have been misidentified
               x1        y1  area1          x2        y2  area2         x3         y3  area3          x4         y4  area4
range  326.838508  1.169441  103.0  124.629138  3.612432   82.0  289.03223  18.107409  163.0  326.792999  30.480711   92.0
FAILURE!!!! Some beads might have been misidentified
               x1        y1  area1          x2        y2  area2          x3        y3  area3          x4         y4  area4
range  326.838508  1.138343  104.0  124.465242  3.653864   80.0  289.198292  18.00955  168.0  326.790705  30.488923   94.0
FAILURE!!!! Some beads might have been misidentified
               x1        y1  area1          x2        y2  area2          x3         y3  area3        x4         y4  area4
range  326.807293  1.167396   96.0  124.785821  3.576487   80.0  288.893629  18.106832  164.0  326.7466  30.362422   89.0
FAILURE!!!! Some beads might have been misidentified
               x1        y1  area1          x2        y2  area2          x3         y3  area3          x4         y4  area4
range  326.910422  1.184207  100.0  124.510846  3.582289   80.0  288.939529  17.993394  168.0  326.899691  30.383465   92.0
FAILURE!!!! Some beads might have been misidentified
               x1        y1  area1          x2        y2  area2          x3         y3  area3          x4         y4  area4
range  326.654018  1.184207   99.0  124.723545  3.650431   78.0  289.143877  18.098771  167.0  326.659528  30.494565   88.0
FAILURE!!!! Some beads might have been misidentified
Residual vector length: 140, Jacobian shape: (140, 6)
view   0 | SOD= 562.363 mm | SDD= 761.018 mm | M= 1.353 | incident=2.9645°
[[ 135.38304    -545.24774     -25.078556  ]
 [ -43.487736    193.6225        9.921444  ]
 [   0.1445258     0.03863228    0.        ]
 [   0.            0.            0.1496    ]]
              x1        y1  area1          x2       y2  area2          x3         y3  area3          x4         y4  area4
range  327.37652  1.125676  100.0  124.675303  3.52443   81.0  288.843518  18.082612  166.0  327.394491  30.416716   89.0
FAILURE!!!! Some beads might have been misidentified

iter 10 cost=65.255158 -> 42.244786 |dtheta|=4.149821e-01  lambda=1.000e-06

============================================================
Iteration 11
============================================================
Theta offsets (Unity frame):
  Source   : dSx=   0.000, dSy=   0.000, dSz=   0.000  (mm)
  Object   : dOx= -14.957, dOy= -12.079, dOz= -20.264  (mm)
  Object offset: offset_x=  -0.031, offset_z=  -0.021  (mm)
  Detector : dDx=   0.000, dDy=   0.000, dDz=   0.000  (mm)
  Obj Stage rotY :   14.965 deg
============================================================

Unity geometry (world coordinates):
  Source   : x= -10.000, y=  55.000, z=   0.000
  Object   : x=   0.043, y=  29.921, z= 561.736
  Detector : x=   8.000, y=  20.000, z= 760.000
  Obj rotY :   0.0000 deg
view   0 | SOD= 562.363 mm | SDD= 761.018 mm | M= 1.353 | incident=2.9645°
[[ 135.38304    -545.24774     -25.078556  ]
 [ -43.487736    193.6225        9.921444  ]
 [   0.1445258     0.03863228    0.        ]
 [   0.            0.            0.1496    ]]
              x1        y1  area1          x2       y2  area2          x3         y3  area3          x4         y4  area4
range  327.37652  1.125676  100.0  124.675303  3.52443   81.0  288.843518  18.082612  166.0  327.394491  30.416716   89.0
FAILURE!!!! Some beads might have been misidentified
               x1        y1  area1          x2        y2  area2          x3         y3  area3          x4         y4  area4
range  327.346119  1.180858  101.0  124.771582  3.608246   77.0  288.940127  18.051864  172.0  327.411551  30.363272   94.0
FAILURE!!!! Some beads might have been misidentified
               x1        y1  area1          x2        y2  area2          x3         y3  area3          x4         y4  area4
range  327.332287  1.163944  100.0  124.702386  3.585734   81.0  288.840715  18.113027  161.0  327.346263  30.445188   96.0
FAILURE!!!! Some beads might have been misidentified
               x1      y1  area1          x2        y2  area2          x3         y3  area3          x4         y4  area4
range  327.425182  1.2042   99.0  124.698177  3.570826   86.0  288.860767  18.125436  166.0  327.356549  30.393053   98.0
FAILURE!!!! Some beads might have been misidentified
               x1        y1  area1        x2        y2  area2          x3         y3  area3          x4         y4  area4
range  327.281471  1.125021  106.0  124.7105  3.583438   80.0  288.817377  18.075275  158.0  327.371866  30.381357   88.0
FAILURE!!!! Some beads might have been misidentified
               x1        y1  area1          x2       y2  area2          x3         y3  area3          x4         y4  area4
range  327.384565  1.138837   99.0  124.656949  3.52443   81.0  288.843518  18.082612  166.0  327.369999  30.419692   91.0
FAILURE!!!! Some beads might have been misidentified
              x1        y1  area1          x2        y2  area2          x3         y3  area3          x4         y4  area4
range  327.37652  1.134789  100.0  124.675303  3.542958   82.0  288.896325  18.082612  166.0  327.395355  30.399131   87.0
FAILURE!!!! Some beads might have been misidentified
               x1        y1  area1          x2        y2  area2          x3         y3  area3          x4         y4  area4
range  327.370523  1.108023  107.0  124.675303  3.508828   81.0  288.877752  18.094802  163.0  327.371054  30.368512   94.0
FAILURE!!!! Some beads might have been misidentified
              x1        y1  area1          x2       y2  area2          x3         y3  area3          x4         y4  area4
range  327.37652  1.171028   97.0  124.656949  3.52443   82.0  288.854756  18.082612  166.0  327.394491  30.384486   89.0
FAILURE!!!! Some beads might have been misidentified
              x1        y1  area1          x2       y2  area2          x3         y3  area3          x4         y4  area4
range  327.43424  1.149546   99.0  124.587787  3.54498   87.0  289.019893  18.108495  164.0  327.420671  30.387481   97.0
FAILURE!!!! Some beads might have been misidentified
               x1        y1  area1          x2        y2  area2          x3         y3  area3        x4         y4  area4
range  327.274084  1.195256  101.0  124.868193  3.507933   81.0  288.716438  18.078357  167.0  327.3095  30.420978   93.0
FAILURE!!!! Some beads might have been misidentified
               x1        y1  area1          x2       y2  area2          x3         y3  area3          x4        y4  area4
range  327.508117  1.143467   95.0  124.622212  3.57645   83.0  288.739187  18.085646  163.0  327.479037  30.38509   88.0
FAILURE!!!! Some beads might have been misidentified
               x1        y1  area1          x2        y2  area2         x3         y3  area3          x4         y4  area4
range  327.185728  1.134789  101.0  124.816141  3.635447   83.0  288.96659  18.085471  167.0  327.265727  30.433734   90.0
FAILURE!!!! Some beads might have been misidentified
Residual vector length: 140, Jacobian shape: (140, 6)
view   0 | SOD= 561.849 mm | SDD= 761.018 mm | M= 1.354 | incident=2.9645°
[[ 135.82874    -544.60675     -25.057617  ]
 [ -43.82498     194.07353       9.942383  ]
 [   0.14448477    0.03878542    0.        ]
 [   0.            0.            0.1496    ]]
               x1        y1  area1          x2        y2  area2          x3         y3  area3          x4         y4  area4
range  328.922014  1.222145  105.0  123.901838  3.652873   79.0  288.982417  18.093182  171.0  328.877582  30.440643   82.0
FAILURE!!!! Some beads might have been misidentified

iter 11 cost=42.244786 -> 18.763679 |dtheta|=5.816707e-01  lambda=1.000e-06

============================================================
Iteration 12
============================================================
Theta offsets (Unity frame):
  Source   : dSx=   0.000, dSy=   0.000, dSz=   0.000  (mm)
  Object   : dOx= -14.984, dOy= -12.058, dOz= -20.838  (mm)
  Object offset: offset_x=  -0.005, offset_z=   0.038  (mm)
  Detector : dDx=   0.000, dDy=   0.000, dDz=   0.000  (mm)
  Obj Stage rotY :   15.026 deg
============================================================

Unity geometry (world coordinates):
  Source   : x= -10.000, y=  55.000, z=   0.000
  Object   : x=   0.016, y=  29.942, z= 561.162
  Detector : x=   8.000, y=  20.000, z= 760.000
  Obj rotY :   0.0000 deg
view   0 | SOD= 561.849 mm | SDD= 761.018 mm | M= 1.354 | incident=2.9645°
[[ 135.82874    -544.60675     -25.057617  ]
 [ -43.82498     194.07353       9.942383  ]
 [   0.14448477    0.03878542    0.        ]
 [   0.            0.            0.1496    ]]
               x1        y1  area1          x2        y2  area2          x3         y3  area3          x4         y4  area4
range  328.922014  1.222145  105.0  123.901838  3.652873   79.0  288.982417  18.093182  171.0  328.877582  30.440643   82.0
FAILURE!!!! Some beads might have been misidentified
               x1       y1  area1          x2        y2  area2          x3         y3  area3          x4         y4  area4
range  328.714857  1.27053  110.0  123.895407  3.638209   79.0  288.957712  18.102777  168.0  328.728222  30.400853   85.0
FAILURE!!!! Some beads might have been misidentified
               x1        y1  area1          x2        y2  area2          x3         y3  area3          x4         y4  area4
range  328.912991  1.171751  110.0  123.880574  3.644274   81.0  288.850189  18.084198  168.0  328.931619  30.416672   89.0
FAILURE!!!! Some beads might have been misidentified
               x1        y1  area1          x2        y2  area2          x3         y3  area3          x4         y4  area4
range  328.928867  1.202531  109.0  123.952982  3.625536   78.0  288.895239  18.046078  167.0  328.827732  30.436891   89.0
FAILURE!!!! Some beads might have been misidentified
               x1        y1  area1          x2        y2  area2          x3         y3  area3          x4         y4  area4
range  328.883474  1.152299  104.0  123.873467  3.640843   77.0  288.968379  18.128365  172.0  328.897702  30.440516   83.0
FAILURE!!!! Some beads might have been misidentified
               x1        y1  area1          x2        y2  area2          x3         y3  area3          x4         y4  area4
range  328.922014  1.210241  104.0  123.898864  3.634325   80.0  288.982417  18.084205  171.0  328.848486  30.427357   84.0
FAILURE!!!! Some beads might have been misidentified
               x1        y1  area1          x2        y2  area2          x3         y3  area3          x4         y4  area4
range  328.922014  1.225612  106.0  123.916606  3.621545   79.0  288.982059  18.093182  171.0  328.874526  30.454038   83.0
FAILURE!!!! Some beads might have been misidentified
               x1        y1  area1          x2        y2  area2          x3         y3  area3          x4         y4  area4
range  328.922014  1.214773  106.0  123.903218  3.648246   78.0  288.982417  18.105143  171.0  328.859817  30.444917   82.0
FAILURE!!!! Some beads might have been misidentified
               x1        y1  area1         x2        y2  area2         x3         y3  area3          x4         y4  area4
range  328.922014  1.229557  106.0  123.89243  3.641371   78.0  288.96171  18.099387  171.0  328.895305  30.418296   86.0
FAILURE!!!! Some beads might have been misidentified
               x1        y1  area1          x2        y2  area2          x3         y3  area3          x4        y4  area4
range  329.028412  1.274114  111.0  123.738956  3.627907   80.0  289.026287  18.109876  168.0  328.981877  30.37083   89.0
FAILURE!!!! Some beads might have been misidentified
               x1        y1  area1         x2        y2  area2          x3         y3  area3          x4         y4  area4
range  328.793731  1.168167  111.0  124.01829  3.620038   81.0  288.830087  18.066643  170.0  328.781138  30.446695   85.0
FAILURE!!!! Some beads might have been misidentified
               x1        y1  area1          x2        y2  area2          x3         y3  area3         x4         y4  area4
range  329.086677  1.210241  103.0  123.761394  3.670564   81.0  288.861099  18.109472  170.0  329.07687  30.427357   83.0
FAILURE!!!! Some beads might have been misidentified
               x1        y1  area1          x2        y2  area2          x3         y3  area3          x4         y4  area4
range  328.541172  1.225612  112.0  124.002074  3.611918   79.0  289.012868  18.064547  170.0  328.586074  30.454038   85.0
FAILURE!!!! Some beads might have been misidentified
Residual vector length: 140, Jacobian shape: (140, 6)
view   0 | SOD= 561.393 mm | SDD= 761.018 mm | M= 1.356 | incident=2.9645°
[[ 135.29698    -544.27        -25.029705  ]
 [ -43.793007    194.54712       9.970295  ]
 [   0.14451434    0.03867516    0.        ]
 [   0.            0.            0.1496    ]]
               x1        y1  area1          x2        y2  area2          x3         y3  area3          x4         y4  area4
range  328.802042  1.145517  106.0  124.064444  3.615379   76.0  289.633837  18.119348  167.0  328.884753  30.429844   87.0
FAILURE!!!! Some beads might have been misidentified

iter 12 cost=18.763679 -> 7.557275 |dtheta|=4.358142e-01  lambda=1.000e-06

============================================================
Iteration 13
============================================================
Theta offsets (Unity frame):
  Source   : dSx=   0.000, dSy=   0.000, dSz=   0.000  (mm)
  Object   : dOx= -14.996, dOy= -12.030, dOz= -21.270  (mm)
  Object offset: offset_x=   0.005, offset_z=   0.015  (mm)
  Detector : dDx=   0.000, dDy=   0.000, dDz=   0.000  (mm)
  Obj Stage rotY :   14.982 deg
============================================================

Unity geometry (world coordinates):
  Source   : x= -10.000, y=  55.000, z=   0.000
  Object   : x=   0.004, y=  29.970, z= 560.730
  Detector : x=   8.000, y=  20.000, z= 760.000
  Obj rotY :   0.0000 deg
view   0 | SOD= 561.393 mm | SDD= 761.018 mm | M= 1.356 | incident=2.9645°
[[ 135.29698    -544.27        -25.029705  ]
 [ -43.793007    194.54712       9.970295  ]
 [   0.14451434    0.03867516    0.        ]
 [   0.            0.            0.1496    ]]
               x1        y1  area1          x2        y2  area2          x3         y3  area3          x4         y4  area4
range  328.802042  1.145517  106.0  124.064444  3.615379   76.0  289.633837  18.119348  167.0  328.884753  30.429844   87.0
FAILURE!!!! Some beads might have been misidentified
               x1        y1  area1          x2        y2  area2          x3         y3  area3          x4         y4  area4
range  328.723995  1.135018  107.0  124.090184  3.637361   79.0  289.493985  18.114641  163.0  328.692484  30.456695   91.0
FAILURE!!!! Some beads might have been misidentified
               x1        y1  area1          x2        y2  area2          x3         y3  area3          x4         y4  area4
range  328.859066  1.191933  104.0  124.029133  3.617123   78.0  289.628305  18.112336  169.0  328.848211  30.500317   88.0
FAILURE!!!! Some beads might have been misidentified
               x1        y1  area1          x2      y2  area2          x3         y3  area3          x4         y4  area4
range  328.757404  1.133256   99.0  124.026601  3.6409   74.0  289.588155  18.123002  167.0  328.826787  30.462603   88.0
FAILURE!!!! Some beads might have been misidentified
               x1        y1  area1       x2        y2  area2          x3         y3  area3          x4         y4  area4
range  328.855004  1.123913  108.0  124.074  3.611188   77.0  289.603224  18.126855  169.0  328.861926  30.482677   90.0
FAILURE!!!! Some beads might have been misidentified
               x1        y1  area1          x2        y2  area2        x3         y3  area3          x4         y4  area4
range  328.802042  1.145517  106.0  124.052729  3.615379   76.0  289.6272  18.119348  167.0  328.859169  30.444962   88.0
FAILURE!!!! Some beads might have been misidentified
               x1        y1  area1          x2        y2  area2          x3         y3  area3          x4         y4  area4
range  328.810593  1.145517  106.0  124.064444  3.615379   76.0  289.619501  18.121373  168.0  328.896723  30.429844   87.0
FAILURE!!!! Some beads might have been misidentified
               x1        y1  area1          x2        y2  area2          x3         y3  area3          x4         y4  area4
range  328.802042  1.140659  106.0  124.046763  3.625801   78.0  289.652541  18.101723  168.0  328.868211  30.469321   86.0
FAILURE!!!! Some beads might have been misidentified
               x1        y1  area1          x2        y2  area2          x3         y3  area3          x4         y4  area4
range  328.810593  1.164558  104.0  124.046763  3.625878   79.0  289.587049  18.130061  168.0  328.884753  30.456589   88.0
FAILURE!!!! Some beads might have been misidentified
               x1        y1  area1          x2        y2  area2          x3         y3  area3         x4         y4  area4
range  328.880774  1.149951  106.0  123.930995  3.621309   79.0  289.787967  18.062468  167.0  328.94535  30.448547   89.0
FAILURE!!!! Some beads might have been misidentified
               x1        y1  area1          x2        y2  area2          x3        y3  area3          x4         y4  area4
range  328.706346  1.176999  105.0  124.221767  3.609563   76.0  289.410653  18.16566  164.0  328.756016  30.508465   87.0
FAILURE!!!! Some beads might have been misidentified
               x1        y1  area1          x2        y2  area2          x3         y3  area3          x4         y4  area4
range  329.005218  1.145517  107.0  123.970243  3.612792   78.0  289.408177  18.103466  168.0  329.023464  30.429844   87.0
FAILURE!!!! Some beads might have been misidentified
               x1        y1  area1         x2        y2  area2          x3         y3  area3          x4         y4  area4
range  328.577844  1.145517  110.0  124.13039  3.660355   79.0  289.746633  18.139899  164.0  328.570305  30.444962   89.0
FAILURE!!!! Some beads might have been misidentified
Residual vector length: 140, Jacobian shape: (140, 6)
view   0 | SOD= 561.203 mm | SDD= 761.018 mm | M= 1.356 | incident=2.9645°
[[ 135.76642    -543.9573      -25.03012   ]
 [ -44.014965    194.69194       9.969879  ]
 [   0.14447807    0.03881039    0.        ]
 [   0.            0.            0.1496    ]]
               x1        y1  area1          x2        y2  area2          x3         y3  area3          x4         y4  area4
range  328.497404  1.192233  104.0  124.327438  3.553949   86.0  289.823071  18.115755  171.0  328.453806  30.582469   93.0
FAILURE!!!! Some beads might have been misidentified

iter 13 cost=7.557275 -> 4.546539 |dtheta|=1.855804e-01  lambda=1.000e-06

============================================================
Iteration 14
============================================================
Theta offsets (Unity frame):
  Source   : dSx=   0.000, dSy=   0.000, dSz=   0.000  (mm)
  Object   : dOx= -14.997, dOy= -12.030, dOz= -21.447  (mm)
  Object offset: offset_x=  -0.004, offset_z=   0.002  (mm)
  Detector : dDx=   0.000, dDy=   0.000, dDz=   0.000  (mm)
  Obj Stage rotY :   15.036 deg
============================================================

Unity geometry (world coordinates):
  Source   : x= -10.000, y=  55.000, z=   0.000
  Object   : x=   0.003, y=  29.970, z= 560.553
  Detector : x=   8.000, y=  20.000, z= 760.000
  Obj rotY :   0.0000 deg
view   0 | SOD= 561.203 mm | SDD= 761.018 mm | M= 1.356 | incident=2.9645°
[[ 135.76642    -543.9573      -25.03012   ]
 [ -44.014965    194.69194       9.969879  ]
 [   0.14447807    0.03881039    0.        ]
 [   0.            0.            0.1496    ]]
               x1        y1  area1          x2        y2  area2          x3         y3  area3          x4         y4  area4
range  328.497404  1.192233  104.0  124.327438  3.553949   86.0  289.823071  18.115755  171.0  328.453806  30.582469   93.0
FAILURE!!!! Some beads might have been misidentified
               x1        y1  area1          x2        y2  area2          x3         y3  area3          x4         y4  area4
range  328.453203  1.173443  108.0  124.350972  3.653722   87.0  289.653913  18.170706  159.0  328.476078  30.552264   97.0
FAILURE!!!! Some beads might have been misidentified
               x1        y1  area1          x2       y2  area2          x3         y3  area3          x4        y4  area4
range  328.504873  1.087068  106.0  124.290563  3.61709   82.0  289.804544  18.057415  175.0  328.543649  30.56397   91.0
FAILURE!!!! Some beads might have been misidentified
               x1        y1  area1          x2        y2  area2          x3         y3  area3          x4         y4  area4
range  328.465894  1.147629  104.0  124.303367  3.667592   83.0  289.793058  18.135386  171.0  328.449173  30.505485   85.0
FAILURE!!!! Some beads might have been misidentified
               x1        y1  area1          x2        y2  area2          x3         y3  area3         x4         y4  area4
range  328.446569  1.135981  104.0  124.352557  3.575398   82.0  289.780255  18.163383  173.0  328.49506  30.588609   96.0
FAILURE!!!! Some beads might have been misidentified
               x1        y1  area1          x2        y2  area2          x3         y3  area3          x4         y4  area4
range  328.497404  1.192233  104.0  124.327438  3.553949   85.0  289.823071  18.098365  172.0  328.434967  30.568016   92.0
FAILURE!!!! Some beads might have been misidentified
               x1        y1  area1         x2        y2  area2          x3         y3  area3          x4         y4  area4
range  328.497404  1.192233  104.0  124.35936  3.553949   86.0  289.823071  18.155323  171.0  328.453806  30.617852   95.0
FAILURE!!!! Some beads might have been misidentified
               x1        y1  area1          x2        y2  area2          x3         y3  area3          x4         y4  area4
range  328.497404  1.143138  100.0  124.341599  3.553949   85.0  289.823071  18.125952  174.0  328.434967  30.616072   95.0
FAILURE!!!! Some beads might have been misidentified
               x1        y1  area1        x2      y2  area2          x3         y3  area3          x4         y4  area4
range  328.520422  1.163612  103.0  124.3452  3.5634   84.0  289.806424  18.131943  170.0  328.473282  30.572564   93.0
FAILURE!!!! Some beads might have been misidentified
               x1        y1  area1          x2        y2  area2          x3         y3  area3          x4         y4  area4
range  328.569842  1.143454  106.0  124.243011  3.579726   85.0  289.898789  18.127648  167.0  328.527687  30.559732   92.0
FAILURE!!!! Some beads might have been misidentified
               x1        y1  area1          x2        y2  area2          x3         y3  area3          x4         y4  area4
range  328.414778  1.127224  107.0  124.421078  3.577716   81.0  289.600861  18.122904  168.0  328.421926  30.556501   96.0
FAILURE!!!! Some beads might have been misidentified
               x1        y1  area1          x2        y2  area2          x3         y3  area3          x4         y4  area4
range  328.728036  1.192233  104.0  124.242494  3.601638   81.0  289.651275  18.100006  175.0  328.721771  30.532343   91.0
FAILURE!!!! Some beads might have been misidentified
               x1        y1  area1          x2        y2  area2          x3         y3  area3          x4         y4  area4
range  328.206236  1.192233  106.0  124.385197  3.669173   87.0  289.861936  18.104872  165.0  328.259362  30.653525   98.0
FAILURE!!!! Some beads might have been misidentified
Residual vector length: 140, Jacobian shape: (140, 6)
view   0 | SOD= 561.086 mm | SDD= 761.018 mm | M= 1.356 | incident=2.9645°
[[ 135.66457    -543.86304     -25.01801   ]
 [ -44.027447    194.80792       9.981991  ]
 [   0.14448276    0.03879292    0.        ]
 [   0.            0.            0.1496    ]]
              x1        y1  area1          x2       y2  area2          x3         y3  area3          x4         y4  area4
range  328.72792  1.104046  100.0  124.229607  3.66181   76.0  289.818474  18.096155  166.0  328.736748  30.525324   89.0
FAILURE!!!! Some beads might have been misidentified

iter 14 cost=4.546539 -> 2.988002 |dtheta|=1.231255e-01  lambda=1.000e-06

============================================================
Iteration 15
============================================================
Theta offsets (Unity frame):
  Source   : dSx=   0.000, dSy=   0.000, dSz=   0.000  (mm)
  Object   : dOx= -14.996, dOy= -12.018, dOz= -21.569  (mm)
  Object offset: offset_x=   0.001, offset_z=   0.008  (mm)
  Detector : dDx=   0.000, dDy=   0.000, dDz=   0.000  (mm)
  Obj Stage rotY :   15.029 deg
============================================================

Unity geometry (world coordinates):
  Source   : x= -10.000, y=  55.000, z=   0.000
  Object   : x=   0.004, y=  29.982, z= 560.431
  Detector : x=   8.000, y=  20.000, z= 760.000
  Obj rotY :   0.0000 deg
view   0 | SOD= 561.086 mm | SDD= 761.018 mm | M= 1.356 | incident=2.9645°
[[ 135.66457    -543.86304     -25.01801   ]
 [ -44.027447    194.80792       9.981991  ]
 [   0.14448276    0.03879292    0.        ]
 [   0.            0.            0.1496    ]]
              x1        y1  area1          x2       y2  area2          x3         y3  area3          x4         y4  area4
range  328.72792  1.104046  100.0  124.229607  3.66181   76.0  289.818474  18.096155  166.0  328.736748  30.525324   89.0
FAILURE!!!! Some beads might have been misidentified
               x1        y1  area1          x2        y2  area2          x3         y3  area3         x4         y4  area4
range  328.662867  1.106358  104.0  124.265565  3.649369   77.0  289.747827  18.168017  163.0  328.66512  30.513756   89.0
FAILURE!!!! Some beads might have been misidentified
              x1        y1  area1          x2       y2  area2          x3         y3  area3          x4         y4  area4
range  328.82934  1.096519   99.0  124.203685  3.62566   80.0  289.851081  18.102408  173.0  328.828461  30.594989   92.0
FAILURE!!!! Some beads might have been misidentified
               x1        y1  area1          x2        y2  area2          x3        y3  area3          x4         y4  area4
range  328.759218  1.148925  103.0  124.220053  3.665101   79.0  289.877236  18.05388  167.0  328.764811  30.534897   87.0
FAILURE!!!! Some beads might have been misidentified
               x1        y1  area1          x2        y2  area2          x3         y3  area3          x4         y4  area4
range  328.760723  1.180374  103.0  124.258466  3.616469   78.0  289.825088  18.149319  166.0  328.800166  30.548086   95.0
FAILURE!!!! Some beads might have been misidentified
               x1        y1  area1          x2        y2  area2          x3         y3  area3          x4         y4  area4
range  328.717417  1.104046  100.0  124.229607  3.650625   76.0  289.830485  18.096155  166.0  328.780165  30.497723   89.0
FAILURE!!!! Some beads might have been misidentified
              x1        y1  area1          x2        y2  area2          x3         y3  area3          x4         y4  area4
range  328.72792  1.104046  100.0  124.229607  3.644247   75.0  289.831431  18.111833  168.0  328.747598  30.532482   89.0
FAILURE!!!! Some beads might have been misidentified
               x1        y1  area1          x2        y2  area2         x3        y3  area3          x4         y4  area4
range  328.701483  1.122685  105.0  124.262819  3.633062   76.0  289.84578  18.07598  164.0  328.736748  30.545945   93.0
FAILURE!!!! Some beads might have been misidentified
               x1        y1  area1          x2        y2  area2          x3         y3  area3          x4         y4  area4
range  328.735387  1.095017  101.0  124.229607  3.661972   76.0  289.818474  18.112133  168.0  328.755655  30.536896   87.0
FAILURE!!!! Some beads might have been misidentified
               x1        y1  area1          x2        y2  area2          x3         y3  area3          x4         y4  area4
range  328.786836  1.079677   99.0  124.131954  3.647128   81.0  289.943279  18.115384  168.0  328.812405  30.515666   86.0
FAILURE!!!! Some beads might have been misidentified
               x1        y1  area1         x2        y2  area2          x3         y3  area3          x4         y4  area4
range  328.682697  1.128082  105.0  124.32937  3.656753   76.0  289.639186  18.118875  168.0  328.650425  30.593079   96.0
FAILURE!!!! Some beads might have been misidentified
               x1        y1  area1         x2        y2  area2          x3         y3  area3          x4         y4  area4
range  328.975806  1.104046  100.0  124.18508  3.658165   76.0  289.717179  18.115384  167.0  329.017248  30.497723   89.0
FAILURE!!!! Some beads might have been misidentified
               x1        y1  area1          x2        y2  area2          x3         y3  area3          x4         y4  area4
range  328.516401  1.104046  104.0  124.301962  3.619191   82.0  289.923204  18.104237  166.0  328.494015  30.532482   93.0
FAILURE!!!! Some beads might have been misidentified
Residual vector length: 140, Jacobian shape: (140, 6)
view   0 | SOD= 561.031 mm | SDD= 761.018 mm | M= 1.356 | incident=2.9645°
[[ 135.45396    -543.8584      -25.018486  ]
 [ -43.961845    194.87967       9.981514  ]
 [   0.14449726    0.03873889    0.        ]
 [   0.            0.            0.1496    ]]
               x1        y1  area1          x2        y2  area2          x3         y3  area3          x4         y4  area4
range  328.727928  1.095017  101.0  124.318684  3.620274   74.0  289.776799  18.161422  167.0  328.759697  30.545262   92.0
FAILURE!!!! Some beads might have been misidentified

iter 15 cost=2.988002 -> 2.361663 |dtheta|=5.859076e-02  lambda=1.000e-06

============================================================
Iteration 16
============================================================
Theta offsets (Unity frame):
  Source   : dSx=   0.000, dSy=   0.000, dSz=   0.000  (mm)
  Object   : dOx= -14.998, dOy= -12.018, dOz= -21.623  (mm)
  Object offset: offset_x=  -0.004, offset_z=   0.007  (mm)
  Detector : dDx=   0.000, dDy=   0.000, dDz=   0.000  (mm)
  Obj Stage rotY :   15.008 deg
============================================================

Unity geometry (world coordinates):
  Source   : x= -10.000, y=  55.000, z=   0.000
  Object   : x=   0.002, y=  29.982, z= 560.377
  Detector : x=   8.000, y=  20.000, z= 760.000
  Obj rotY :   0.0000 deg
view   0 | SOD= 561.031 mm | SDD= 761.018 mm | M= 1.356 | incident=2.9645°
[[ 135.45396    -543.8584      -25.018486  ]
 [ -43.961845    194.87967       9.981514  ]
 [   0.14449726    0.03873889    0.        ]
 [   0.            0.            0.1496    ]]
               x1        y1  area1          x2        y2  area2          x3         y3  area3          x4         y4  area4
range  328.727928  1.095017  101.0  124.318684  3.620274   74.0  289.776799  18.161422  167.0  328.759697  30.545262   92.0
FAILURE!!!! Some beads might have been misidentified
               x1        y1  area1          x2        y2  area2          x3        y3  area3          x4         y4  area4
range  328.674335  1.114583  102.0  124.423013  3.605026   81.0  289.616592  18.21263  163.0  328.698467  30.553566   95.0
FAILURE!!!! Some beads might have been misidentified
              x1        y1  area1          x2        y2  area2          x3         y3  area3          x4         y4  area4
range  328.82934  1.119613   99.0  124.316563  3.655354   76.0  289.786196  18.111827  176.0  328.794694  30.566068   92.0
FAILURE!!!! Some beads might have been misidentified
               x1        y1  area1          x2        y2  area2          x3         y3  area3          x4         y4  area4
range  328.778162  1.137137  105.0  124.270476  3.658008   73.0  289.786701  18.127431  168.0  328.777468  30.516324   90.0
FAILURE!!!! Some beads might have been misidentified
               x1        y1  area1          x2       y2  area2          x3         y3  area3          x4         y4  area4
range  328.779754  1.170875  105.0  124.335879  3.58764   77.0  289.777951  18.198349  170.0  328.737229  30.595573   96.0
FAILURE!!!! Some beads might have been misidentified
               x1        y1  area1          x2        y2  area2          x3         y3  area3          x4        y4  area4
range  328.717425  1.095017  101.0  124.318684  3.630241   74.0  289.776799  18.143427  167.0  328.750419  30.54892   91.0
FAILURE!!!! Some beads might have been misidentified
               x1        y1  area1          x2        y2  area2          x3         y3  area3          x4        y4  area4
range  328.727928  1.104167  101.0  124.318684  3.631604   74.0  289.776799  18.161422  167.0  328.771973  30.55454   92.0
FAILURE!!!! Some beads might have been misidentified
               x1        y1  area1          x2        y2  area2          x3         y3  area3          x4        y4  area4
range  328.717425  1.122827  106.0  124.297345  3.627828   77.0  289.776799  18.132723  166.0  328.750419  30.57877   95.0
FAILURE!!!! Some beads might have been misidentified
               x1        y1  area1          x2        y2  area2          x3         y3  area3          x4       y4  area4
range  328.769563  1.106481  100.0  124.318684  3.659242   74.0  289.776799  18.140899  168.0  328.753415  30.5468   90.0
FAILURE!!!! Some beads might have been misidentified
              x1        y1  area1          x2        y2  area2          x3         y3  area3          x4         y4  area4
range  328.85642  1.102771   98.0  124.229607  3.627888   77.0  289.874486  18.110375  169.0  328.870928  30.535154   91.0
FAILURE!!!! Some beads might have been misidentified
               x1        y1  area1         x2        y2  area2         x3         y3  area3          x4        y4  area4
range  328.682697  1.131425  105.0  124.42346  3.648858   72.0  289.59654  18.172202  166.0  328.697433  30.58448   97.0
FAILURE!!!! Some beads might have been misidentified
               x1        y1  area1          x2        y2  area2          x3         y3  area3         x4        y4  area4
range  328.968361  1.104167   99.0  124.240233  3.648895   75.0  289.665912  18.156436  171.0  328.96711  30.50193   89.0
FAILURE!!!! Some beads might have been misidentified
               x1        y1  area1          x2        y2  area2          x3        y3  area3          x4         y4  area4
range  328.535314  1.095017  104.0  124.372453  3.604407   84.0  289.858196  18.14759  163.0  328.510133  30.601531   97.0
FAILURE!!!! Some beads might have been misidentified
Residual vector length: 140, Jacobian shape: (140, 6)
view   0 | SOD= 560.914 mm | SDD= 761.018 mm | M= 1.357 | incident=2.9645°
[[ 135.57033   -543.7093     -25.015007 ]
 [ -44.0485     194.97948      9.984993 ]
 [   0.1444866    0.0387786    0.       ]
 [   0.           0.           0.1496   ]]
               x1        y1  area1          x2        y2  area2          x3         y3  area3          x4         y4  area4
range  328.845139  1.111859  106.0  124.297345  3.670856   78.0  289.864929  18.131299  166.0  328.852527  30.611345   95.0
FAILURE!!!! Some beads might have been misidentified

iter 16 cost=2.361663 -> 1.346337 |dtheta|=1.191299e-01  lambda=1.000e-06

============================================================
Iteration 17
============================================================
Theta offsets (Unity frame):
  Source   : dSx=   0.000, dSy=   0.000, dSz=   0.000  (mm)
  Object   : dOx= -14.998, dOy= -12.015, dOz= -21.741  (mm)
  Object offset: offset_x=  -0.000, offset_z=   0.008  (mm)
  Detector : dDx=   0.000, dDy=   0.000, dDz=   0.000  (mm)
  Obj Stage rotY :   15.024 deg
============================================================

Unity geometry (world coordinates):
  Source   : x= -10.000, y=  55.000, z=   0.000
  Object   : x=   0.002, y=  29.985, z= 560.259
  Detector : x=   8.000, y=  20.000, z= 760.000
  Obj rotY :   0.0000 deg
view   0 | SOD= 560.914 mm | SDD= 761.018 mm | M= 1.357 | incident=2.9645°
[[ 135.57033   -543.7093     -25.015007 ]
 [ -44.0485     194.97948      9.984993 ]
 [   0.1444866    0.0387786    0.       ]
 [   0.           0.           0.1496   ]]
               x1        y1  area1          x2        y2  area2          x3         y3  area3          x4         y4  area4
range  328.845139  1.111859  106.0  124.297345  3.670856   78.0  289.864929  18.131299  166.0  328.852527  30.611345   95.0
FAILURE!!!! Some beads might have been misidentified
               x1        y1  area1          x2        y2  area2          x3         y3  area3          x4         y4  area4
range  328.778246  1.129603  105.0  124.301944  3.605026   83.0  289.888303  18.205579  156.0  328.805746  30.526408  102.0
FAILURE!!!! Some beads might have been misidentified
               x1        y1  area1         x2      y2  area2         x3         y3  area3        x4         y4  area4
range  328.877917  1.096519  103.0  124.25337  3.6495   74.0  289.86109  18.151408  171.0  328.8372  30.585961   95.0
FAILURE!!!! Some beads might have been misidentified
               x1        y1  area1          x2        y2  area2          x3         y3  area3          x4         y4  area4
range  328.892362  1.150396  107.0  124.270476  3.699512   79.0  289.895622  18.083181  166.0  328.900054  30.541493   92.0
FAILURE!!!! Some beads might have been misidentified
               x1        y1  area1          x2        y2  area2          x3         y3  area3          x4         y4  area4
range  328.863451  1.124689  104.0  124.335879  3.610153   80.0  289.846674  18.184121  167.0  328.903582  30.608842   95.0
FAILURE!!!! Some beads might have been misidentified
               x1        y1  area1          x2        y2  area2          x3         y3  area3          x4        y4  area4
range  328.845139  1.111859  106.0  124.301962  3.670856   78.0  289.864929  18.131299  166.0  328.858856  30.57557   98.0
FAILURE!!!! Some beads might have been misidentified
               x1        y1  area1          x2       y2  area2          x3         y3  area3          x4         y4  area4
range  328.871389  1.111859  106.0  124.297345  3.68207   78.0  289.864929  18.131299  166.0  328.876367  30.611345   95.0
FAILURE!!!! Some beads might have been misidentified
               x1        y1  area1          x2        y2  area2          x3        y3  area3          x4         y4  area4
range  328.845139  1.105962  101.0  124.318684  3.684402   78.0  289.864929  18.15553  166.0  328.858856  30.571016   96.0
FAILURE!!!! Some beads might have been misidentified
               x1        y1  area1          x2        y2  area2          x3         y3  area3          x4        y4  area4
range  328.871389  1.095017  102.0  124.269441  3.667968   76.0  289.864929  18.131157  165.0  328.852527  30.58323   93.0
FAILURE!!!! Some beads might have been misidentified
               x1        y1  area1          x2        y2  area2          x3         y3  area3          x4         y4  area4
range  328.946682  1.113325  104.0  124.164085  3.669208   81.0  290.037233  18.164576  164.0  328.937946  30.552529   97.0
FAILURE!!!! Some beads might have been misidentified
               x1        y1  area1          x2        y2  area2         x3         y3  area3          x4        y4  area4
range  328.772776  1.112796  104.0  124.390016  3.683021   78.0  289.73623  18.169502  165.0  328.824942  30.55984   99.0
FAILURE!!!! Some beads might have been misidentified
               x1        y1  area1          x2        y2  area2          x3         y3  area3          x4        y4  area4
range  328.992489  1.111859  103.0  124.223342  3.643041   75.0  289.760649  18.152092  166.0  328.969742  30.57557   97.0
FAILURE!!!! Some beads might have been misidentified
               x1        y1  area1          x2        y2  area2          x3         y3  area3          x4         y4  area4
range  328.663674  1.111859  105.0  124.360888  3.604391   83.0  290.038906  18.120017  162.0  328.670867  30.611345   98.0
FAILURE!!!! Some beads might have been misidentified
Residual vector length: 140, Jacobian shape: (140, 6)
view   0 | SOD= 560.847 mm | SDD= 761.018 mm | M= 1.357 | incident=2.9645°
[[ 135.54742    -543.6453      -25.01261   ]
 [ -44.06723     195.04442       9.9873905 ]
 [   0.14448683    0.03877778    0.        ]
 [   0.            0.            0.1496    ]]
               x1        y1  area1          x2        y2  area2         x3         y3  area3          x4         y4  area4
range  328.777218  1.095134  106.0  124.350325  3.623487   80.0  290.02273  18.164238  161.0  328.749518  30.595173   97.0
FAILURE!!!! Some beads might have been misidentified

iter 17 cost=1.346337 -> 0.944442 |dtheta|=6.073017e-02  lambda=1.000e-06

============================================================
Iteration 18
============================================================
Theta offsets (Unity frame):
  Source   : dSx=   0.000, dSy=   0.000, dSz=   0.000  (mm)
  Object   : dOx= -14.996, dOy= -12.013, dOz= -21.801  (mm)
  Object offset: offset_x=   0.000, offset_z=   0.001  (mm)
  Detector : dDx=   0.000, dDy=   0.000, dDz=   0.000  (mm)
  Obj Stage rotY :   15.023 deg
============================================================

Unity geometry (world coordinates):
  Source   : x= -10.000, y=  55.000, z=   0.000
  Object   : x=   0.004, y=  29.987, z= 560.199
  Detector : x=   8.000, y=  20.000, z= 760.000
  Obj rotY :   0.0000 deg
view   0 | SOD= 560.847 mm | SDD= 761.018 mm | M= 1.357 | incident=2.9645°
[[ 135.54742    -543.6453      -25.01261   ]
 [ -44.06723     195.04442       9.9873905 ]
 [   0.14448683    0.03877778    0.        ]
 [   0.            0.            0.1496    ]]
               x1        y1  area1          x2        y2  area2         x3         y3  area3          x4         y4  area4
range  328.777218  1.095134  106.0  124.350325  3.623487   80.0  290.02273  18.164238  161.0  328.749518  30.595173   97.0
FAILURE!!!! Some beads might have been misidentified
               x1        y1  area1          x2       y2  area2         x3         y3  area3          x4         y4  area4
range  328.690755  1.085818  104.0  124.488947  3.65521   80.0  290.02627  18.207612  161.0  328.705617  30.534794   99.0
FAILURE!!!! Some beads might have been misidentified
               x1        y1  area1          x2        y2  area2          x3         y3  area3          x4         y4  area4
range  328.820722  1.098505  102.0  124.333278  3.707031   82.0  289.963067  18.143916  170.0  328.775597  30.614946   92.0
FAILURE!!!! Some beads might have been misidentified
               x1        y1  area1          x2      y2  area2          x3         y3  area3          x4         y4  area4
range  328.773141  1.105152  106.0  124.316659  3.7171   77.0  290.007057  18.179749  164.0  328.766263  30.596151   97.0
FAILURE!!!! Some beads might have been misidentified
               x1        y1  area1          x2       y2  area2         x3        y3  area3          x4        y4  area4
range  328.726241  1.132184  104.0  124.372343  3.58997   85.0  290.01265  18.23154  164.0  328.734919  30.57257  100.0
FAILURE!!!! Some beads might have been misidentified
               x1        y1  area1          x2        y2  area2          x3         y3  area3          x4         y4  area4
range  328.759047  1.095205  106.0  124.350325  3.623487   80.0  289.926053  18.150727  162.0  328.749518  30.611702   96.0
FAILURE!!!! Some beads might have been misidentified
               x1        y1  area1          x2        y2  area2         x3         y3  area3          x4         y4  area4
range  328.777218  1.095134  106.0  124.350325  3.623487   80.0  290.02273  18.164238  161.0  328.757176  30.595173   98.0
FAILURE!!!! Some beads might have been misidentified
               x1        y1  area1          x2        y2  area2         x3         y3  area3          x4         y4  area4
range  328.759047  1.104169  106.0  124.350325  3.649832   77.0  290.02273  18.135465  168.0  328.749518  30.605942   97.0
FAILURE!!!! Some beads might have been misidentified
               x1        y1  area1          x2        y2  area2         x3         y3  area3          x4        y4  area4
range  328.777218  1.146596  105.0  124.333048  3.623487   80.0  290.02273  18.172722  160.0  328.768414  30.56712   95.0
FAILURE!!!! Some beads might have been misidentified
               x1        y1  area1          x2        y2  area2          x3        y3  area3          x4         y4  area4
range  328.802191  1.098505  103.0  124.274058  3.650999   78.0  290.118299  18.16048  166.0  328.865238  30.571703   96.0
FAILURE!!!! Some beads might have been misidentified
               x1        y1  area1          x2       y2  area2          x3         y3  area3          x4         y4  area4
range  328.717497  1.085818  103.0  124.542459  3.61013   80.0  289.829028  18.193554  161.0  328.696857  30.578037   97.0
FAILURE!!!! Some beads might have been misidentified
               x1        y1  area1         x2        y2  area2          x3         y3  area3          x4         y4  area4
range  328.952209  1.095134  105.0  124.29078  3.686557   78.0  289.863206  18.163904  167.0  328.898228  30.595173   96.0
FAILURE!!!! Some beads might have been misidentified
               x1        y1  area1          x2        y2  area2          x3        y3  area3          x4         y4  area4
range  328.559268  1.095134  105.0  124.496716  3.670933   79.0  290.088782  18.18829  159.0  328.559186  30.611702   99.0
FAILURE!!!! Some beads might have been misidentified
Residual vector length: 140, Jacobian shape: (140, 6)
view   0 | SOD= 560.779 mm | SDD= 761.018 mm | M= 1.357 | incident=2.9645°
[[ 135.46849    -543.5958      -25.009037  ]
 [ -44.053364    195.11649       9.990963  ]
 [   0.1444917     0.03875963    0.        ]
 [   0.            0.            0.1496    ]]
               x1        y1  area1          x2        y2  area2          x3        y3  area3          x4         y4  area4
range  328.796089  1.150239  105.0  124.398308  3.659475   81.0  289.935104  18.17676  160.0  328.859622  30.579081   97.0
FAILURE!!!! Some beads might have been misidentified

iter 18 cost=0.944442 -> 0.626044 |dtheta|=6.949871e-02  lambda=1.000e-06

============================================================
Iteration 19
============================================================
Theta offsets (Unity frame):
  Source   : dSx=   0.000, dSy=   0.000, dSz=   0.000  (mm)
  Object   : dOx= -14.999, dOy= -12.009, dOz= -21.870  (mm)
  Object offset: offset_x=  -0.005, offset_z=   0.002  (mm)
  Detector : dDx=   0.000, dDy=   0.000, dDz=   0.000  (mm)
  Obj Stage rotY :   15.016 deg
============================================================

Unity geometry (world coordinates):
  Source   : x= -10.000, y=  55.000, z=   0.000
  Object   : x=   0.001, y=  29.991, z= 560.130
  Detector : x=   8.000, y=  20.000, z= 760.000
  Obj rotY :   0.0000 deg
view   0 | SOD= 560.779 mm | SDD= 761.018 mm | M= 1.357 | incident=2.9645°
[[ 135.46849    -543.5958      -25.009037  ]
 [ -44.053364    195.11649       9.990963  ]
 [   0.1444917     0.03875963    0.        ]
 [   0.            0.            0.1496    ]]
               x1        y1  area1          x2        y2  area2          x3        y3  area3          x4         y4  area4
range  328.796089  1.150239  105.0  124.398308  3.659475   81.0  289.935104  18.17676  160.0  328.859622  30.579081   97.0
FAILURE!!!! Some beads might have been misidentified
               x1        y1  area1          x2        y2  area2          x3         y3  area3        x4         y4  area4
range  328.745798  1.087855  105.0  124.560832  3.653429   76.0  289.952032  18.217183  163.0  328.7359  30.551381   97.0
FAILURE!!!! Some beads might have been misidentified
               x1        y1  area1          x2        y2  area2          x3         y3  area3          x4         y4  area4
range  328.844825  1.119169  105.0  124.361113  3.683664   78.0  289.874108  18.135597  170.0  328.808568  30.653153   95.0
FAILURE!!!! Some beads might have been misidentified
               x1        y1  area1          x2        y2  area2         x3         y3  area3          x4         y4  area4
range  328.810985  1.131986  104.0  124.350247  3.701285   79.0  289.95078  18.161135  162.0  328.811937  30.559635   99.0
FAILURE!!!! Some beads might have been misidentified
               x1        y1  area1          x2        y2  area2        x3         y3  area3          x4         y4  area4
range  328.785413  1.121923  105.0  124.420925  3.640901   81.0  289.8864  18.222653  164.0  328.859709  30.502367  101.0
FAILURE!!!! Some beads might have been misidentified
               x1        y1  area1          x2        y2  area2          x3        y3  area3          x4         y4  area4
range  328.777902  1.150239  105.0  124.398308  3.679011   81.0  289.900946  18.17676  160.0  328.863581  30.590195   97.0
FAILURE!!!! Some beads might have been misidentified
               x1        y1  area1          x2        y2  area2          x3        y3  area3          x4         y4  area4
range  328.796089  1.150239  105.0  124.425446  3.659475   81.0  289.992213  18.17676  160.0  328.871084  30.614039   97.0
FAILURE!!!! Some beads might have been misidentified
               x1        y1  area1          x2        y2  area2          x3         y3  area3          x4         y4  area4
range  328.777902  1.122171  105.0  124.398308  3.643628   81.0  289.992213  18.161735  161.0  328.854436  30.620152   97.0
FAILURE!!!! Some beads might have been misidentified
               x1        y1  area1          x2        y2  area2          x3         y3  area3          x4         y4  area4
range  328.802576  1.166709  106.0  124.398308  3.674721   80.0  289.881779  18.173825  160.0  328.839921  30.577896   95.0
FAILURE!!!! Some beads might have been misidentified
               x1        y1  area1          x2        y2  area2          x3         y3  area3          x4         y4  area4
range  328.840196  1.119169  106.0  124.301406  3.639934   85.0  290.097718  18.153004  168.0  328.877116  30.587475   94.0
FAILURE!!!! Some beads might have been misidentified
               x1        y1  area1          x2        y2  area2          x3         y3  area3          x4         y4  area4
range  328.783632  1.087855  105.0  124.591439  3.688291   78.0  289.741658  18.159224  167.0  328.732438  30.617059   96.0
FAILURE!!!! Some beads might have been misidentified
               x1        y1  area1          x2        y2  area2          x3         y3  area3          x4         y4  area4
range  328.989611  1.150239  106.0  124.318684  3.661678   79.0  289.824355  18.165612  163.0  328.954999  30.579081   94.0
FAILURE!!!! Some beads might have been misidentified
               x1        y1  area1          x2       y2  area2          x3         y3  area3        x4         y4  area4
range  328.601011  1.150239  106.0  124.543548  3.66832   80.0  290.041262  18.138923  160.0  328.5959  30.625152   97.0
FAILURE!!!! Some beads might have been misidentified
Residual vector length: 140, Jacobian shape: (140, 6)
view   0 | SOD= 560.746 mm | SDD= 761.018 mm | M= 1.357 | incident=2.9645°
[[ 135.41315    -543.5755      -25.006306  ]
 [ -44.048374    195.15146       9.993694  ]
 [   0.14449486    0.03874783    0.        ]
 [   0.            0.            0.1496    ]]
               x1        y1  area1          x2        y2  area2         x3        y3  area3          x4         y4  area4
range  328.800448  1.150396  107.0  124.398308  3.659364   80.0  290.02273  18.17676  160.0  328.839921  30.577896   95.0
FAILURE!!!! Some beads might have been misidentified

iter 19 cost=0.626044 -> 0.508578 |dtheta|=3.219378e-02  lambda=1.000e-06

============================================================
Iteration 20
============================================================
Theta offsets (Unity frame):
  Source   : dSx=   0.000, dSy=   0.000, dSz=   0.000  (mm)
  Object   : dOx= -14.999, dOy= -12.006, dOz= -21.902  (mm)
  Object offset: offset_x=  -0.002, offset_z=   0.001  (mm)
  Detector : dDx=   0.000, dDy=   0.000, dDz=   0.000  (mm)
  Obj Stage rotY :   15.011 deg
============================================================

Unity geometry (world coordinates):
  Source   : x= -10.000, y=  55.000, z=   0.000
  Object   : x=   0.001, y=  29.994, z= 560.098
  Detector : x=   8.000, y=  20.000, z= 760.000
  Obj rotY :   0.0000 deg
view   0 | SOD= 560.746 mm | SDD= 761.018 mm | M= 1.357 | incident=2.9645°
[[ 135.41315    -543.5755      -25.006306  ]
 [ -44.048374    195.15146       9.993694  ]
 [   0.14449486    0.03874783    0.        ]
 [   0.            0.            0.1496    ]]
               x1        y1  area1          x2        y2  area2         x3        y3  area3          x4         y4  area4
range  328.800448  1.150396  107.0  124.398308  3.659364   80.0  290.02273  18.17676  160.0  328.839921  30.577896   95.0
FAILURE!!!! Some beads might have been misidentified
              x1        y1  area1          x2        y2  area2         x3         y3  area3          x4         y4  area4
range  328.78639  1.152127  107.0  124.560832  3.683981   75.0  290.02627  18.200608  165.0  328.752985  30.561339   98.0
FAILURE!!!! Some beads might have been misidentified
               x1        y1  area1          x2        y2  area2          x3         y3  area3          x4         y4  area4
range  328.877508  1.154921  108.0  124.340165  3.680995   78.0  289.933211  18.121146  171.0  328.800098  30.643801   94.0
FAILURE!!!! Some beads might have been misidentified
               x1        y1  area1          x2        y2  area2          x3         y3  area3          x4         y4  area4
range  328.872772  1.104585  107.0  124.343805  3.684588   77.0  290.063696  18.161135  163.0  328.817064  30.583764  100.0
FAILURE!!!! Some beads might have been misidentified
               x1        y1  area1          x2        y2  area2          x3         y3  area3          x4         y4  area4
range  328.776991  1.111859  106.0  124.403206  3.596862   85.0  289.994225  18.240295  165.0  328.811786  30.521264  100.0
FAILURE!!!! Some beads might have been misidentified
               x1        y1  area1          x2        y2  area2          x3        y3  area3          x4         y4  area4
range  328.800448  1.150396  107.0  124.384067  3.659364   80.0  290.007643  18.17676  160.0  328.855773  30.595573   96.0
FAILURE!!!! Some beads might have been misidentified
               x1        y1  area1          x2        y2  area2          x3        y3  area3          x4         y4  area4
range  328.800448  1.150396  107.0  124.398308  3.658758   80.0  290.007643  18.17676  160.0  328.839921  30.577896   95.0
FAILURE!!!! Some beads might have been misidentified
               x1        y1  area1          x2        y2  area2         x3         y3  area3          x4         y4  area4
range  328.800448  1.123736  107.0  124.398308  3.659225   80.0  290.02273  18.164238  161.0  328.839921  30.579081   97.0
FAILURE!!!! Some beads might have been misidentified
               x1        y1  area1          x2       y2  area2          x3         y3  area3          x4         y4  area4
range  328.819392  1.139915  107.0  124.384067  3.66818   74.0  290.007643  18.173825  159.0  328.851815  30.581704   93.0
FAILURE!!!! Some beads might have been misidentified
               x1        y1  area1          x2        y2  area2          x3         y3  area3          x4         y4  area4
range  328.851481  1.192626  110.0  124.262819  3.670315   77.0  290.106628  18.169347  169.0  328.874307  30.592108   97.0
FAILURE!!!! Some beads might have been misidentified
               x1        y1  area1          x2        y2  area2          x3         y3  area3          x4         y4  area4
range  328.781706  1.114422  106.0  124.576258  3.668871   79.0  289.829028  18.176029  167.0  328.802219  30.613032   96.0
FAILURE!!!! Some beads might have been misidentified
             x1        y1  area1         x2        y2  area2          x3         y3  area3          x4         y4  area4
range  329.0145  1.150396  107.0  124.29078  3.691308   76.0  289.881779  18.150103  164.0  328.972083  30.577896   93.0
FAILURE!!!! Some beads might have been misidentified
               x1        y1  area1          x2        y2  area2          x3         y3  area3          x4         y4  area4
range  328.649398  1.150396  106.0  124.543548  3.673668   75.0  290.088782  18.138923  160.0  328.563395  30.595573   96.0
FAILURE!!!! Some beads might have been misidentified
Residual vector length: 140, Jacobian shape: (140, 6)
view   0 | SOD= 560.713 mm | SDD= 761.018 mm | M= 1.357 | incident=2.9645°
[[ 135.36433    -543.55334     -25.004354  ]
 [ -44.045113    195.18631       9.9956455 ]
 [   0.14449759    0.03873764    0.        ]
 [   0.            0.            0.1496    ]]
               x1        y1  area1          x2        y2  area2         x3        y3  area3          x4         y4  area4
range  328.826233  1.168092  106.0  124.436561  3.679632   75.0  290.02273  18.18829  159.0  328.870349  30.564027   94.0
FAILURE!!!! Some beads might have been misidentified

iter 20 cost=0.508578 -> 0.411782 |dtheta|=3.321908e-02  lambda=1.000e-06

============================================================
Iteration 21
============================================================
Theta offsets (Unity frame):
  Source   : dSx=   0.000, dSy=   0.000, dSz=   0.000  (mm)
  Object   : dOx= -14.998, dOy= -12.004, dOz= -21.934  (mm)
  Object offset: offset_x=  -0.001, offset_z=   0.000  (mm)
  Detector : dDx=   0.000, dDy=   0.000, dDz=   0.000  (mm)
  Obj Stage rotY :   15.007 deg
============================================================

Unity geometry (world coordinates):
  Source   : x= -10.000, y=  55.000, z=   0.000
  Object   : x=   0.002, y=  29.996, z= 560.066
  Detector : x=   8.000, y=  20.000, z= 760.000
  Obj rotY :   0.0000 deg
view   0 | SOD= 560.713 mm | SDD= 761.018 mm | M= 1.357 | incident=2.9645°
[[ 135.36433    -543.55334     -25.004354  ]
 [ -44.045113    195.18631       9.9956455 ]
 [   0.14449759    0.03873764    0.        ]
 [   0.            0.            0.1496    ]]
               x1        y1  area1          x2        y2  area2         x3        y3  area3          x4         y4  area4
range  328.826233  1.168092  106.0  124.436561  3.679632   75.0  290.02273  18.18829  159.0  328.870349  30.564027   94.0
FAILURE!!!! Some beads might have been misidentified
              x1       y1  area1          x2        y2  area2          x3         y3  area3          x4         y4  area4
range  328.83867  1.12782  104.0  124.578031  3.673447   77.0  290.017857  18.222625  165.0  328.789428  30.509294   95.0
FAILURE!!!! Some beads might have been misidentified
               x1        y1  area1          x2        y2  area2          x3         y3  area3          x4         y4  area4
range  328.877508  1.120199  108.0  124.325574  3.674477   79.0  289.950061  18.139324  170.0  328.851905  30.633242   93.0
FAILURE!!!! Some beads might have been misidentified
               x1        y1  area1          x2        y2  area2          x3         y3  area3          x4         y4  area4
range  328.908699  1.098323  105.0  124.416128  3.687805   78.0  290.104469  18.140855  166.0  328.837015  30.562404   97.0
FAILURE!!!! Some beads might have been misidentified
               x1        y1  area1          x2        y2  area2          x3         y3  area3         x4         y4  area4
range  328.818051  1.093408  105.0  124.427622  3.611349   87.0  289.994225  18.232771  166.0  328.87893  30.502217  100.0
FAILURE!!!! Some beads might have been misidentified
               x1        y1  area1         x2        y2  area2         x3        y3  area3          x4         y4  area4
range  328.845177  1.168092  106.0  124.42231  3.685622   75.0  290.02273  18.18829  158.0  328.837778  30.581704   94.0
FAILURE!!!! Some beads might have been misidentified
               x1        y1  area1          x2        y2  area2         x3        y3  area3          x4         y4  area4
range  328.826233  1.168092  106.0  124.425446  3.679632   75.0  290.02273  18.18829  159.0  328.880736  30.582134   94.0
FAILURE!!!! Some beads might have been misidentified
               x1        y1  area1          x2        y2  area2         x3        y3  area3          x4         y4  area4
range  328.826233  1.123736  106.0  124.436561  3.679971   82.0  290.02273  18.17676  158.0  328.851476  30.592434   97.0
FAILURE!!!! Some beads might have been misidentified
               x1        y1  area1          x2        y2  area2         x3         y3  area3          x4         y4  area4
range  328.826233  1.161376  107.0  124.411735  3.703027   75.0  290.02273  18.183427  160.0  328.870349  30.596714   95.0
FAILURE!!!! Some beads might have been misidentified
               x1        y1  area1          x2        y2  area2          x3         y3  area3         x4         y4  area4
range  328.929477  1.137364  106.0  124.272363  3.686329   74.0  290.154232  18.137893  167.0  328.88021  30.555784   93.0
FAILURE!!!! Some beads might have been misidentified
               x1        y1  area1          x2        y2  area2          x3         y3  area3          x4         y4  area4
range  328.800448  1.105152  105.0  124.559554  3.668749   78.0  289.865704  18.200095  165.0  328.802219  30.586752   97.0
FAILURE!!!! Some beads might have been misidentified
               x1        y1  area1          x2        y2  area2          x3        y3  area3         x4         y4  area4
range  329.050581  1.168092  108.0  124.316309  3.688749   77.0  289.992213  18.16807  160.0  329.00395  30.564027   92.0
FAILURE!!!! Some beads might have been misidentified
               x1        y1  area1          x2        y2  area2          x3         y3  area3          x4         y4  area4
range  328.649398  1.168092  106.0  124.558984  3.659175   75.0  290.118299  18.160979  162.0  328.619773  30.599811   97.0
FAILURE!!!! Some beads might have been misidentified
Residual vector length: 140, Jacobian shape: (140, 6)
view   0 | SOD= 560.695 mm | SDD= 761.018 mm | M= 1.357 | incident=2.9645°
[[ 135.3312     -543.5435      -25.003748  ]
 [ -44.03949     195.20552       9.996252  ]
 [   0.14449963    0.03873007    0.        ]
 [   0.            0.            0.1496    ]]
               x1        y1  area1          x2        y2  area2         x3         y3  area3          x4         y4  area4
range  328.835946  1.154165  104.0  124.476383  3.685622   75.0  290.02273  18.212856  164.0  328.880736  30.582134   92.0
FAILURE!!!! Some beads might have been misidentified

iter 21 cost=0.411782 -> 0.399049 |dtheta|=1.775498e-02  lambda=1.000e-06

============================================================
Iteration 22
============================================================
Theta offsets (Unity frame):
  Source   : dSx=   0.000, dSy=   0.000, dSz=   0.000  (mm)
  Object   : dOx= -14.998, dOy= -12.004, dOz= -21.952  (mm)
  Object offset: offset_x=  -0.001, offset_z=   0.000  (mm)
  Detector : dDx=   0.000, dDy=   0.000, dDz=   0.000  (mm)
  Obj Stage rotY :   15.004 deg
============================================================

Unity geometry (world coordinates):
  Source   : x= -10.000, y=  55.000, z=   0.000
  Object   : x=   0.002, y=  29.996, z= 560.048
  Detector : x=   8.000, y=  20.000, z= 760.000
  Obj rotY :   0.0000 deg
view   0 | SOD= 560.695 mm | SDD= 761.018 mm | M= 1.357 | incident=2.9645°
[[ 135.3312     -543.5435      -25.003748  ]
 [ -44.03949     195.20552       9.996252  ]
 [   0.14449963    0.03873007    0.        ]
 [   0.            0.            0.1496    ]]
               x1        y1  area1          x2        y2  area2         x3         y3  area3          x4         y4  area4
range  328.835946  1.154165  104.0  124.476383  3.685622   75.0  290.02273  18.212856  164.0  328.880736  30.582134   92.0
FAILURE!!!! Some beads might have been misidentified
              x1       y1  area1          x2        y2  area2          x3         y3  area3          x4         y4  area4
range  328.83867  1.12782  103.0  124.552033  3.646612   77.0  290.050785  18.251586  164.0  328.856999  30.518015   98.0
FAILURE!!!! Some beads might have been misidentified
               x1        y1  area1          x2        y2  area2          x3        y3  area3          x4         y4  area4
range  328.872734  1.105152  107.0  124.325574  3.674477   79.0  289.950061  18.13029  170.0  328.857508  30.649763   93.0
FAILURE!!!! Some beads might have been misidentified
               x1        y1  area1          x2        y2  area2          x3         y3  area3          x4         y4  area4
range  328.957844  1.166445  107.0  124.368673  3.687805   78.0  290.104469  18.208999  160.0  328.855843  30.588186  101.0
FAILURE!!!! Some beads might have been misidentified
               x1       y1  area1          x2        y2  area2          x3         y3  area3         x4         y4  area4
range  328.818051  1.11134  103.0  124.425938  3.611349   87.0  290.013199  18.246441  166.0  328.88489  30.502217  100.0
FAILURE!!!! Some beads might have been misidentified
               x1        y1  area1         x2        y2  area2         x3        y3  area3          x4         y4  area4
range  328.835946  1.154165  106.0  124.42231  3.696064   76.0  290.02273  18.18829  159.0  328.870349  30.581704   93.0
FAILURE!!!! Some beads might have been misidentified
               x1        y1  area1          x2        y2  area2          x3         y3  area3          x4         y4  area4
range  328.835946  1.161376  105.0  124.465268  3.685622   75.0  290.041377  18.224376  163.0  328.879711  30.599022   91.0
FAILURE!!!! Some beads might have been misidentified
               x1        y1  area1         x2        y2  area2          x3        y3  area3          x4         y4  area4
range  328.835946  1.141454  106.0  124.42231  3.670887   75.0  290.041377  18.17676  158.0  328.880736  30.614309   95.0
FAILURE!!!! Some beads might have been misidentified
              x1        y1  area1          x2        y2  area2         x3         y3  area3          x4         y4  area4
range  328.85489  1.161376  108.0  124.411735  3.703027   75.0  290.02273  18.164327  160.0  328.878987  30.605566   95.0
FAILURE!!!! Some beads might have been misidentified
               x1       y1  area1          x2        y2  area2          x3         y3  area3          x4         y4  area4
range  328.937177  1.12782  106.0  124.272363  3.686329   74.0  290.154232  18.137893  167.0  328.878458  30.581026   94.0
FAILURE!!!! Some beads might have been misidentified
               x1        y1  area1          x2        y2  area2          x3         y3  area3          x4         y4  area4
range  328.800223  1.105152  105.0  124.559554  3.668749   78.0  289.883649  18.198046  164.0  328.831679  30.586752   98.0
FAILURE!!!! Some beads might have been misidentified
               x1        y1  area1          x2       y2  area2          x3         y3  area3          x4         y4  area4
range  329.066781  1.154165  107.0  124.316309  3.67211   77.0  289.992213  18.164238  161.0  329.015286  30.564027   92.0
FAILURE!!!! Some beads might have been misidentified
               x1        y1  area1          x2        y2  area2          x3         y3  area3          x4         y4  area4
range  328.644623  1.161376  107.0  124.543403  3.673047   74.0  290.118299  18.146005  163.0  328.677739  30.616699   96.0
FAILURE!!!! Some beads might have been misidentified
Residual vector length: 140, Jacobian shape: (140, 6)
view   0 | SOD= 560.688 mm | SDD= 761.018 mm | M= 1.357 | incident=2.9645°
[[ 135.3774     -543.5244      -25.002941  ]
 [ -44.0585      195.2088        9.997059  ]
 [   0.1444962     0.03874282    0.        ]
 [   0.            0.            0.1496    ]]
              x1        y1  area1          x2        y2  area2         x3        y3  area3          x4         y4  area4
range  328.87379  1.135647  107.0  124.365436  3.696064   77.0  290.02273  18.17676  159.0  328.882942  30.564027   93.0
FAILURE!!!! Some beads might have been misidentified

iter 22 cost=0.399049 -> 0.348316 |dtheta|=9.403355e-03  lambda=1.000e-06

============================================================
Iteration 23
============================================================
Theta offsets (Unity frame):
  Source   : dSx=   0.000, dSy=   0.000, dSz=   0.000  (mm)
  Object   : dOx= -14.999, dOy= -12.003, dOz= -21.960  (mm)
  Object offset: offset_x=   0.000, offset_z=   0.001  (mm)
  Detector : dDx=   0.000, dDy=   0.000, dDz=   0.000  (mm)
  Obj Stage rotY :   15.009 deg
============================================================

Unity geometry (world coordinates):
  Source   : x= -10.000, y=  55.000, z=   0.000
  Object   : x=   0.001, y=  29.997, z= 560.040
  Detector : x=   8.000, y=  20.000, z= 760.000
  Obj rotY :   0.0000 deg
view   0 | SOD= 560.688 mm | SDD= 761.018 mm | M= 1.357 | incident=2.9645°
[[ 135.3774     -543.5244      -25.002941  ]
 [ -44.0585      195.2088        9.997059  ]
 [   0.1444962     0.03874282    0.        ]
 [   0.            0.            0.1496    ]]
              x1        y1  area1          x2        y2  area2         x3        y3  area3          x4         y4  area4
range  328.87379  1.135647  107.0  124.365436  3.696064   77.0  290.02273  18.17676  159.0  328.882942  30.564027   93.0
FAILURE!!!! Some beads might have been misidentified
               x1        y1  area1          x2        y2  area2          x3         y3  area3          x4        y4  area4
range  328.860664  1.135789  104.0  124.478895  3.665884   75.0  290.086866  18.220051  167.0  328.856999  30.52615   96.0
FAILURE!!!! Some beads might have been misidentified
               x1        y1  area1          x2        y2  area2         x3         y3  area3          x4         y4  area4
range  328.872734  1.120798  107.0  124.308754  3.705551   79.0  290.01519  18.139324  169.0  328.819962  30.598929   93.0
FAILURE!!!! Some beads might have been misidentified
               x1        y1  area1          x2       y2  area2          x3         y3  area3          x4         y4  area4
range  328.898738  1.192747  108.0  124.333415  3.67115   79.0  290.113059  18.148149  164.0  328.890285  30.588186  100.0
FAILURE!!!! Some beads might have been misidentified
              x1        y1  area1          x2        y2  area2          x3         y3  area3         x4         y4  area4
range  328.83402  1.128145  104.0  124.364441  3.619099   87.0  290.029821  18.218496  164.0  328.88489  30.502217  100.0
FAILURE!!!! Some beads might have been misidentified
              x1        y1  area1          x2        y2  area2          x3        y3  area3          x4         y4  area4
range  328.87379  1.135647  107.0  124.365436  3.702888   75.0  290.037233  18.17676  159.0  328.875363  30.581704   93.0
FAILURE!!!! Some beads might have been misidentified
              x1        y1  area1          x2        y2  area2          x3        y3  area3          x4         y4  area4
range  328.87379  1.135647  107.0  124.365999  3.696064   77.0  290.041377  18.17676  158.0  328.883667  30.617091   94.0
FAILURE!!!! Some beads might have been misidentified
              x1        y1  area1          x2        y2  area2         x3         y3  area3         x4         y4  area4
range  328.85489  1.107209  105.0  124.365436  3.680522   74.0  290.05588  18.150727  163.0  328.88146  30.627715   95.0
FAILURE!!!! Some beads might have been misidentified
               x1        y1  area1          x2       y2  area2         x3         y3  area3          x4         y4  area4
range  328.892777  1.142857  108.0  124.365999  3.70505   74.0  290.02273  18.186158  159.0  328.878987  30.605566   94.0
FAILURE!!!! Some beads might have been misidentified
               x1        y1  area1          x2        y2  area2          x3         y3  area3          x4         y4  area4
range  328.959066  1.135789  105.0  124.235555  3.686329   74.0  290.157287  18.183347  171.0  328.919545  30.538327   91.0
FAILURE!!!! Some beads might have been misidentified
              x1        y1  area1         x2        y2  area2          x3         y3  area3          x4         y4  area4
range  328.81355  1.120798  106.0  124.55901  3.668749   78.0  289.973221  18.173858  164.0  328.819322  30.586752   97.0
FAILURE!!!! Some beads might have been misidentified
               x1        y1  area1          x2        y2  area2          x3         y3  area3          x4         y4  area4
range  329.045646  1.135647  106.0  124.288481  3.667313   78.0  289.992213  18.169657  165.0  329.012313  30.564027   92.0
FAILURE!!!! Some beads might have been misidentified
               x1        y1  area1          x2        y2  area2          x3         y3  area3          x4         y4  area4
range  328.701847  1.135647  106.0  124.543403  3.704121   77.0  290.154232  18.157605  158.0  328.664647  30.634768   97.0
FAILURE!!!! Some beads might have been misidentified
Residual vector length: 140, Jacobian shape: (140, 6)
view   0 | SOD= 560.680 mm | SDD= 761.018 mm | M= 1.357 | incident=2.9645°
[[ 135.36337    -543.51965     -25.003452  ]
 [ -44.05577     195.21762       9.996548  ]
 [   0.14449708    0.03873954    0.        ]
 [   0.            0.            0.1496    ]]
              x1        y1  area1          x2        y2  area2         x3         y3  area3          x4         y4  area4
range  328.85489  1.154165  105.0  124.465464  3.679632   76.0  290.02273  18.213868  164.0  328.867863  30.617091   92.0
FAILURE!!!! Some beads might have been misidentified

iter 23 cost=0.348316 -> 0.387872 |dtheta|=7.439960e-03  lambda=1.000e-06

============================================================
Iteration 24
============================================================
Theta offsets (Unity frame):
  Source   : dSx=   0.000, dSy=   0.000, dSz=   0.000  (mm)
  Object   : dOx= -14.999, dOy= -12.003, dOz= -21.960  (mm)
  Object offset: offset_x=   0.000, offset_z=   0.001  (mm)
  Detector : dDx=   0.000, dDy=   0.000, dDz=   0.000  (mm)
  Obj Stage rotY :   15.009 deg
============================================================

Unity geometry (world coordinates):
  Source   : x= -10.000, y=  55.000, z=   0.000
  Object   : x=   0.001, y=  29.997, z= 560.040
  Detector : x=   8.000, y=  20.000, z= 760.000
  Obj rotY :   0.0000 deg
view   0 | SOD= 560.688 mm | SDD= 761.018 mm | M= 1.357 | incident=2.9645°
[[ 135.3774     -543.5244      -25.002941  ]
 [ -44.0585      195.2088        9.997059  ]
 [   0.1444962     0.03874282    0.        ]
 [   0.            0.            0.1496    ]]
              x1        y1  area1          x2        y2  area2         x3        y3  area3          x4         y4  area4
range  328.87379  1.135647  107.0  124.365436  3.696064   77.0  290.02273  18.17676  159.0  328.882942  30.564027   93.0
FAILURE!!!! Some beads might have been misidentified
               x1        y1  area1          x2        y2  area2          x3         y3  area3          x4        y4  area4
range  328.860664  1.135789  104.0  124.478895  3.665884   75.0  290.086866  18.220051  167.0  328.856999  30.52615   96.0
FAILURE!!!! Some beads might have been misidentified
               x1        y1  area1          x2        y2  area2         x3         y3  area3          x4         y4  area4
range  328.872734  1.120798  107.0  124.308754  3.705551   79.0  290.01519  18.139324  169.0  328.819962  30.598929   93.0
FAILURE!!!! Some beads might have been misidentified
               x1        y1  area1          x2       y2  area2          x3         y3  area3          x4         y4  area4
range  328.898738  1.192747  108.0  124.333415  3.67115   79.0  290.113059  18.148149  164.0  328.890285  30.588186  100.0
FAILURE!!!! Some beads might have been misidentified
              x1        y1  area1          x2        y2  area2          x3         y3  area3         x4         y4  area4
range  328.83402  1.128145  104.0  124.364441  3.619099   87.0  290.029821  18.218496  164.0  328.88489  30.502217  100.0
FAILURE!!!! Some beads might have been misidentified
              x1        y1  area1          x2        y2  area2          x3        y3  area3          x4         y4  area4
range  328.87379  1.135647  107.0  124.365436  3.702888   75.0  290.037233  18.17676  159.0  328.875363  30.581704   93.0
FAILURE!!!! Some beads might have been misidentified
              x1        y1  area1          x2        y2  area2          x3        y3  area3          x4         y4  area4
range  328.87379  1.135647  107.0  124.365999  3.696064   77.0  290.041377  18.17676  158.0  328.883667  30.617091   94.0
FAILURE!!!! Some beads might have been misidentified
              x1        y1  area1          x2        y2  area2         x3         y3  area3         x4         y4  area4
range  328.85489  1.107209  105.0  124.365436  3.680522   74.0  290.05588  18.150727  163.0  328.88146  30.627715   95.0
FAILURE!!!! Some beads might have been misidentified
               x1        y1  area1          x2       y2  area2         x3         y3  area3          x4         y4  area4
range  328.892777  1.142857  108.0  124.365999  3.70505   74.0  290.02273  18.186158  159.0  328.878987  30.605566   94.0
FAILURE!!!! Some beads might have been misidentified
               x1        y1  area1          x2        y2  area2          x3         y3  area3          x4         y4  area4
range  328.959066  1.135789  105.0  124.235555  3.686329   74.0  290.157287  18.183347  171.0  328.919545  30.538327   91.0
FAILURE!!!! Some beads might have been misidentified
              x1        y1  area1         x2        y2  area2          x3         y3  area3          x4         y4  area4
range  328.81355  1.120798  106.0  124.55901  3.668749   78.0  289.973221  18.173858  164.0  328.819322  30.586752   97.0
FAILURE!!!! Some beads might have been misidentified
               x1        y1  area1          x2        y2  area2          x3         y3  area3          x4         y4  area4
range  329.045646  1.135647  106.0  124.288481  3.667313   78.0  289.992213  18.169657  165.0  329.012313  30.564027   92.0
FAILURE!!!! Some beads might have been misidentified
               x1        y1  area1          x2        y2  area2          x3         y3  area3          x4         y4  area4
range  328.701847  1.135647  106.0  124.543403  3.704121   77.0  290.154232  18.157605  158.0  328.664647  30.634768   97.0
FAILURE!!!! Some beads might have been misidentified
Residual vector length: 140, Jacobian shape: (140, 6)
view   0 | SOD= 560.680 mm | SDD= 761.018 mm | M= 1.357 | incident=2.9645°
[[ 135.36337    -543.51965     -25.003452  ]
 [ -44.05577     195.21762       9.996548  ]
 [   0.14449708    0.03873954    0.        ]
 [   0.            0.            0.1496    ]]
              x1        y1  area1          x2        y2  area2         x3         y3  area3          x4         y4  area4
range  328.85489  1.154165  105.0  124.465464  3.679632   76.0  290.02273  18.213868  164.0  328.867863  30.617091   92.0
FAILURE!!!! Some beads might have been misidentified

iter 24 cost=0.348316 -> 0.387872 |dtheta|=7.439960e-03  lambda=5.000e-06

============================================================
Iteration 25
============================================================
Theta offsets (Unity frame):
  Source   : dSx=   0.000, dSy=   0.000, dSz=   0.000  (mm)
  Object   : dOx= -14.999, dOy= -12.003, dOz= -21.960  (mm)
  Object offset: offset_x=   0.000, offset_z=   0.001  (mm)
  Detector : dDx=   0.000, dDy=   0.000, dDz=   0.000  (mm)
  Obj Stage rotY :   15.009 deg
============================================================

Unity geometry (world coordinates):
  Source   : x= -10.000, y=  55.000, z=   0.000
  Object   : x=   0.001, y=  29.997, z= 560.040
  Detector : x=   8.000, y=  20.000, z= 760.000
  Obj rotY :   0.0000 deg
view   0 | SOD= 560.688 mm | SDD= 761.018 mm | M= 1.357 | incident=2.9645°
[[ 135.3774     -543.5244      -25.002941  ]
 [ -44.0585      195.2088        9.997059  ]
 [   0.1444962     0.03874282    0.        ]
 [   0.            0.            0.1496    ]]
              x1        y1  area1          x2        y2  area2         x3        y3  area3          x4         y4  area4
range  328.87379  1.135647  107.0  124.365436  3.696064   77.0  290.02273  18.17676  159.0  328.882942  30.564027   93.0
FAILURE!!!! Some beads might have been misidentified
               x1        y1  area1          x2        y2  area2          x3         y3  area3          x4        y4  area4
range  328.860664  1.135789  104.0  124.478895  3.665884   75.0  290.086866  18.220051  167.0  328.856999  30.52615   96.0
FAILURE!!!! Some beads might have been misidentified
               x1        y1  area1          x2        y2  area2         x3         y3  area3          x4         y4  area4
range  328.872734  1.120798  107.0  124.308754  3.705551   79.0  290.01519  18.139324  169.0  328.819962  30.598929   93.0
FAILURE!!!! Some beads might have been misidentified
               x1        y1  area1          x2       y2  area2          x3         y3  area3          x4         y4  area4
range  328.898738  1.192747  108.0  124.333415  3.67115   79.0  290.113059  18.148149  164.0  328.890285  30.588186  100.0
FAILURE!!!! Some beads might have been misidentified
              x1        y1  area1          x2        y2  area2          x3         y3  area3         x4         y4  area4
range  328.83402  1.128145  104.0  124.364441  3.619099   87.0  290.029821  18.218496  164.0  328.88489  30.502217  100.0
FAILURE!!!! Some beads might have been misidentified
              x1        y1  area1          x2        y2  area2          x3        y3  area3          x4         y4  area4
range  328.87379  1.135647  107.0  124.365436  3.702888   75.0  290.037233  18.17676  159.0  328.875363  30.581704   93.0
FAILURE!!!! Some beads might have been misidentified
              x1        y1  area1          x2        y2  area2          x3        y3  area3          x4         y4  area4
range  328.87379  1.135647  107.0  124.365999  3.696064   77.0  290.041377  18.17676  158.0  328.883667  30.617091   94.0
FAILURE!!!! Some beads might have been misidentified
              x1        y1  area1          x2        y2  area2         x3         y3  area3         x4         y4  area4
range  328.85489  1.107209  105.0  124.365436  3.680522   74.0  290.05588  18.150727  163.0  328.88146  30.627715   95.0
FAILURE!!!! Some beads might have been misidentified
               x1        y1  area1          x2       y2  area2         x3         y3  area3          x4         y4  area4
range  328.892777  1.142857  108.0  124.365999  3.70505   74.0  290.02273  18.186158  159.0  328.878987  30.605566   94.0
FAILURE!!!! Some beads might have been misidentified
               x1        y1  area1          x2        y2  area2          x3         y3  area3          x4         y4  area4
range  328.959066  1.135789  105.0  124.235555  3.686329   74.0  290.157287  18.183347  171.0  328.919545  30.538327   91.0
FAILURE!!!! Some beads might have been misidentified
              x1        y1  area1         x2        y2  area2          x3         y3  area3          x4         y4  area4
range  328.81355  1.120798  106.0  124.55901  3.668749   78.0  289.973221  18.173858  164.0  328.819322  30.586752   97.0
FAILURE!!!! Some beads might have been misidentified
               x1        y1  area1          x2        y2  area2          x3         y3  area3          x4         y4  area4
range  329.045646  1.135647  106.0  124.288481  3.667313   78.0  289.992213  18.169657  165.0  329.012313  30.564027   92.0
FAILURE!!!! Some beads might have been misidentified
               x1        y1  area1          x2        y2  area2          x3         y3  area3          x4         y4  area4
range  328.701847  1.135647  106.0  124.543403  3.704121   77.0  290.154232  18.157605  158.0  328.664647  30.634768   97.0
FAILURE!!!! Some beads might have been misidentified
Residual vector length: 140, Jacobian shape: (140, 6)
view   0 | SOD= 560.680 mm | SDD= 761.018 mm | M= 1.357 | incident=2.9645°
[[ 135.36337    -543.51965     -25.003452  ]
 [ -44.05577     195.21762       9.996548  ]
 [   0.14449708    0.03873954    0.        ]
 [   0.            0.            0.1496    ]]
              x1        y1  area1          x2        y2  area2         x3         y3  area3          x4         y4  area4
range  328.85489  1.154165  105.0  124.465464  3.679632   76.0  290.02273  18.213868  164.0  328.867863  30.617091   92.0
FAILURE!!!! Some beads might have been misidentified

iter 25 cost=0.348316 -> 0.387872 |dtheta|=7.439958e-03  lambda=2.500e-05

============================================================
Iteration 26
============================================================
Theta offsets (Unity frame):
  Source   : dSx=   0.000, dSy=   0.000, dSz=   0.000  (mm)
  Object   : dOx= -14.999, dOy= -12.003, dOz= -21.960  (mm)
  Object offset: offset_x=   0.000, offset_z=   0.001  (mm)
  Detector : dDx=   0.000, dDy=   0.000, dDz=   0.000  (mm)
  Obj Stage rotY :   15.009 deg
============================================================

Unity geometry (world coordinates):
  Source   : x= -10.000, y=  55.000, z=   0.000
  Object   : x=   0.001, y=  29.997, z= 560.040
  Detector : x=   8.000, y=  20.000, z= 760.000
  Obj rotY :   0.0000 deg
view   0 | SOD= 560.688 mm | SDD= 761.018 mm | M= 1.357 | incident=2.9645°
[[ 135.3774     -543.5244      -25.002941  ]
 [ -44.0585      195.2088        9.997059  ]
 [   0.1444962     0.03874282    0.        ]
 [   0.            0.            0.1496    ]]
              x1        y1  area1          x2        y2  area2         x3        y3  area3          x4         y4  area4
range  328.87379  1.135647  107.0  124.365436  3.696064   77.0  290.02273  18.17676  159.0  328.882942  30.564027   93.0
FAILURE!!!! Some beads might have been misidentified
               x1        y1  area1          x2        y2  area2          x3         y3  area3          x4        y4  area4
range  328.860664  1.135789  104.0  124.478895  3.665884   75.0  290.086866  18.220051  167.0  328.856999  30.52615   96.0
FAILURE!!!! Some beads might have been misidentified
               x1        y1  area1          x2        y2  area2         x3         y3  area3          x4         y4  area4
range  328.872734  1.120798  107.0  124.308754  3.705551   79.0  290.01519  18.139324  169.0  328.819962  30.598929   93.0
FAILURE!!!! Some beads might have been misidentified
               x1        y1  area1          x2       y2  area2          x3         y3  area3          x4         y4  area4
range  328.898738  1.192747  108.0  124.333415  3.67115   79.0  290.113059  18.148149  164.0  328.890285  30.588186  100.0
FAILURE!!!! Some beads might have been misidentified
              x1        y1  area1          x2        y2  area2          x3         y3  area3         x4         y4  area4
range  328.83402  1.128145  104.0  124.364441  3.619099   87.0  290.029821  18.218496  164.0  328.88489  30.502217  100.0
FAILURE!!!! Some beads might have been misidentified
              x1        y1  area1          x2        y2  area2          x3        y3  area3          x4         y4  area4
range  328.87379  1.135647  107.0  124.365436  3.702888   75.0  290.037233  18.17676  159.0  328.875363  30.581704   93.0
FAILURE!!!! Some beads might have been misidentified
              x1        y1  area1          x2        y2  area2          x3        y3  area3          x4         y4  area4
range  328.87379  1.135647  107.0  124.365999  3.696064   77.0  290.041377  18.17676  158.0  328.883667  30.617091   94.0
FAILURE!!!! Some beads might have been misidentified
              x1        y1  area1          x2        y2  area2         x3         y3  area3         x4         y4  area4
range  328.85489  1.107209  105.0  124.365436  3.680522   74.0  290.05588  18.150727  163.0  328.88146  30.627715   95.0
FAILURE!!!! Some beads might have been misidentified
               x1        y1  area1          x2       y2  area2         x3         y3  area3          x4         y4  area4
range  328.892777  1.142857  108.0  124.365999  3.70505   74.0  290.02273  18.186158  159.0  328.878987  30.605566   94.0
FAILURE!!!! Some beads might have been misidentified
               x1        y1  area1          x2        y2  area2          x3         y3  area3          x4         y4  area4
range  328.959066  1.135789  105.0  124.235555  3.686329   74.0  290.157287  18.183347  171.0  328.919545  30.538327   91.0
FAILURE!!!! Some beads might have been misidentified
              x1        y1  area1         x2        y2  area2          x3         y3  area3          x4         y4  area4
range  328.81355  1.120798  106.0  124.55901  3.668749   78.0  289.973221  18.173858  164.0  328.819322  30.586752   97.0
FAILURE!!!! Some beads might have been misidentified
               x1        y1  area1          x2        y2  area2          x3         y3  area3          x4         y4  area4
range  329.045646  1.135647  106.0  124.288481  3.667313   78.0  289.992213  18.169657  165.0  329.012313  30.564027   92.0
FAILURE!!!! Some beads might have been misidentified
               x1        y1  area1          x2        y2  area2          x3         y3  area3          x4         y4  area4
range  328.701847  1.135647  106.0  124.543403  3.704121   77.0  290.154232  18.157605  158.0  328.664647  30.634768   97.0
FAILURE!!!! Some beads might have been misidentified
Residual vector length: 140, Jacobian shape: (140, 6)
view   0 | SOD= 560.680 mm | SDD= 761.018 mm | M= 1.357 | incident=2.9645°
[[ 135.36337    -543.51965     -25.003452  ]
 [ -44.05577     195.21762       9.996548  ]
 [   0.14449708    0.03873954    0.        ]
 [   0.            0.            0.1496    ]]
              x1        y1  area1          x2        y2  area2         x3         y3  area3          x4         y4  area4
range  328.85489  1.154165  105.0  124.465464  3.679632   76.0  290.02273  18.213868  164.0  328.867863  30.617091   92.0
FAILURE!!!! Some beads might have been misidentified

iter 26 cost=0.348316 -> 0.387872 |dtheta|=7.439949e-03  lambda=1.250e-04

============================================================
Iteration 27
============================================================
Theta offsets (Unity frame):
  Source   : dSx=   0.000, dSy=   0.000, dSz=   0.000  (mm)
  Object   : dOx= -14.999, dOy= -12.003, dOz= -21.960  (mm)
  Object offset: offset_x=   0.000, offset_z=   0.001  (mm)
  Detector : dDx=   0.000, dDy=   0.000, dDz=   0.000  (mm)
  Obj Stage rotY :   15.009 deg
============================================================

Unity geometry (world coordinates):
  Source   : x= -10.000, y=  55.000, z=   0.000
  Object   : x=   0.001, y=  29.997, z= 560.040
  Detector : x=   8.000, y=  20.000, z= 760.000
  Obj rotY :   0.0000 deg
view   0 | SOD= 560.688 mm | SDD= 761.018 mm | M= 1.357 | incident=2.9645°
[[ 135.3774     -543.5244      -25.002941  ]
 [ -44.0585      195.2088        9.997059  ]
 [   0.1444962     0.03874282    0.        ]
 [   0.            0.            0.1496    ]]
              x1        y1  area1          x2        y2  area2         x3        y3  area3          x4         y4  area4
range  328.87379  1.135647  107.0  124.365436  3.696064   77.0  290.02273  18.17676  159.0  328.882942  30.564027   93.0
FAILURE!!!! Some beads might have been misidentified
               x1        y1  area1          x2        y2  area2          x3         y3  area3          x4        y4  area4
range  328.860664  1.135789  104.0  124.478895  3.665884   75.0  290.086866  18.220051  167.0  328.856999  30.52615   96.0
FAILURE!!!! Some beads might have been misidentified
               x1        y1  area1          x2        y2  area2         x3         y3  area3          x4         y4  area4
range  328.872734  1.120798  107.0  124.308754  3.705551   79.0  290.01519  18.139324  169.0  328.819962  30.598929   93.0
FAILURE!!!! Some beads might have been misidentified
               x1        y1  area1          x2       y2  area2          x3         y3  area3          x4         y4  area4
range  328.898738  1.192747  108.0  124.333415  3.67115   79.0  290.113059  18.148149  164.0  328.890285  30.588186  100.0
FAILURE!!!! Some beads might have been misidentified
              x1        y1  area1          x2        y2  area2          x3         y3  area3         x4         y4  area4
range  328.83402  1.128145  104.0  124.364441  3.619099   87.0  290.029821  18.218496  164.0  328.88489  30.502217  100.0
FAILURE!!!! Some beads might have been misidentified
              x1        y1  area1          x2        y2  area2          x3        y3  area3          x4         y4  area4
range  328.87379  1.135647  107.0  124.365436  3.702888   75.0  290.037233  18.17676  159.0  328.875363  30.581704   93.0
FAILURE!!!! Some beads might have been misidentified
              x1        y1  area1          x2        y2  area2          x3        y3  area3          x4         y4  area4
range  328.87379  1.135647  107.0  124.365999  3.696064   77.0  290.041377  18.17676  158.0  328.883667  30.617091   94.0
FAILURE!!!! Some beads might have been misidentified
              x1        y1  area1          x2        y2  area2         x3         y3  area3         x4         y4  area4
range  328.85489  1.107209  105.0  124.365436  3.680522   74.0  290.05588  18.150727  163.0  328.88146  30.627715   95.0
FAILURE!!!! Some beads might have been misidentified
               x1        y1  area1          x2       y2  area2         x3         y3  area3          x4         y4  area4
range  328.892777  1.142857  108.0  124.365999  3.70505   74.0  290.02273  18.186158  159.0  328.878987  30.605566   94.0
FAILURE!!!! Some beads might have been misidentified
               x1        y1  area1          x2        y2  area2          x3         y3  area3          x4         y4  area4
range  328.959066  1.135789  105.0  124.235555  3.686329   74.0  290.157287  18.183347  171.0  328.919545  30.538327   91.0
FAILURE!!!! Some beads might have been misidentified
              x1        y1  area1         x2        y2  area2          x3         y3  area3          x4         y4  area4
range  328.81355  1.120798  106.0  124.55901  3.668749   78.0  289.973221  18.173858  164.0  328.819322  30.586752   97.0
FAILURE!!!! Some beads might have been misidentified
               x1        y1  area1          x2        y2  area2          x3         y3  area3          x4         y4  area4
range  329.045646  1.135647  106.0  124.288481  3.667313   78.0  289.992213  18.169657  165.0  329.012313  30.564027   92.0
FAILURE!!!! Some beads might have been misidentified
               x1        y1  area1          x2        y2  area2          x3         y3  area3          x4         y4  area4
range  328.701847  1.135647  106.0  124.543403  3.704121   77.0  290.154232  18.157605  158.0  328.664647  30.634768   97.0
FAILURE!!!! Some beads might have been misidentified
Residual vector length: 140, Jacobian shape: (140, 6)
view   0 | SOD= 560.680 mm | SDD= 761.018 mm | M= 1.357 | incident=2.9645°
[[ 135.36337    -543.51965     -25.003452  ]
 [ -44.05577     195.21762       9.996548  ]
 [   0.14449708    0.03873954    0.        ]
 [   0.            0.            0.1496    ]]
              x1        y1  area1          x2        y2  area2         x3         y3  area3          x4         y4  area4
range  328.85489  1.154165  105.0  124.465464  3.679632   76.0  290.02273  18.213868  164.0  328.867863  30.617091   92.0
FAILURE!!!! Some beads might have been misidentified

iter 27 cost=0.348316 -> 0.387872 |dtheta|=7.439903e-03  lambda=6.250e-04

============================================================
Iteration 28
============================================================
Theta offsets (Unity frame):
  Source   : dSx=   0.000, dSy=   0.000, dSz=   0.000  (mm)
  Object   : dOx= -14.999, dOy= -12.003, dOz= -21.960  (mm)
  Object offset: offset_x=   0.000, offset_z=   0.001  (mm)
  Detector : dDx=   0.000, dDy=   0.000, dDz=   0.000  (mm)
  Obj Stage rotY :   15.009 deg
============================================================

Unity geometry (world coordinates):
  Source   : x= -10.000, y=  55.000, z=   0.000
  Object   : x=   0.001, y=  29.997, z= 560.040
  Detector : x=   8.000, y=  20.000, z= 760.000
  Obj rotY :   0.0000 deg
view   0 | SOD= 560.688 mm | SDD= 761.018 mm | M= 1.357 | incident=2.9645°
[[ 135.3774     -543.5244      -25.002941  ]
 [ -44.0585      195.2088        9.997059  ]
 [   0.1444962     0.03874282    0.        ]
 [   0.            0.            0.1496    ]]
              x1        y1  area1          x2        y2  area2         x3        y3  area3          x4         y4  area4
range  328.87379  1.135647  107.0  124.365436  3.696064   77.0  290.02273  18.17676  159.0  328.882942  30.564027   93.0
FAILURE!!!! Some beads might have been misidentified
               x1        y1  area1          x2        y2  area2          x3         y3  area3          x4        y4  area4
range  328.860664  1.135789  104.0  124.478895  3.665884   75.0  290.086866  18.220051  167.0  328.856999  30.52615   96.0
FAILURE!!!! Some beads might have been misidentified
               x1        y1  area1          x2        y2  area2         x3         y3  area3          x4         y4  area4
range  328.872734  1.120798  107.0  124.308754  3.705551   79.0  290.01519  18.139324  169.0  328.819962  30.598929   93.0
FAILURE!!!! Some beads might have been misidentified
               x1        y1  area1          x2       y2  area2          x3         y3  area3          x4         y4  area4
range  328.898738  1.192747  108.0  124.333415  3.67115   79.0  290.113059  18.148149  164.0  328.890285  30.588186  100.0
FAILURE!!!! Some beads might have been misidentified
              x1        y1  area1          x2        y2  area2          x3         y3  area3         x4         y4  area4
range  328.83402  1.128145  104.0  124.364441  3.619099   87.0  290.029821  18.218496  164.0  328.88489  30.502217  100.0
FAILURE!!!! Some beads might have been misidentified
              x1        y1  area1          x2        y2  area2          x3        y3  area3          x4         y4  area4
range  328.87379  1.135647  107.0  124.365436  3.702888   75.0  290.037233  18.17676  159.0  328.875363  30.581704   93.0
FAILURE!!!! Some beads might have been misidentified
              x1        y1  area1          x2        y2  area2          x3        y3  area3          x4         y4  area4
range  328.87379  1.135647  107.0  124.365999  3.696064   77.0  290.041377  18.17676  158.0  328.883667  30.617091   94.0
FAILURE!!!! Some beads might have been misidentified
              x1        y1  area1          x2        y2  area2         x3         y3  area3         x4         y4  area4
range  328.85489  1.107209  105.0  124.365436  3.680522   74.0  290.05588  18.150727  163.0  328.88146  30.627715   95.0
FAILURE!!!! Some beads might have been misidentified
               x1        y1  area1          x2       y2  area2         x3         y3  area3          x4         y4  area4
range  328.892777  1.142857  108.0  124.365999  3.70505   74.0  290.02273  18.186158  159.0  328.878987  30.605566   94.0
FAILURE!!!! Some beads might have been misidentified
               x1        y1  area1          x2        y2  area2          x3         y3  area3          x4         y4  area4
range  328.959066  1.135789  105.0  124.235555  3.686329   74.0  290.157287  18.183347  171.0  328.919545  30.538327   91.0
FAILURE!!!! Some beads might have been misidentified
              x1        y1  area1         x2        y2  area2          x3         y3  area3          x4         y4  area4
range  328.81355  1.120798  106.0  124.55901  3.668749   78.0  289.973221  18.173858  164.0  328.819322  30.586752   97.0
FAILURE!!!! Some beads might have been misidentified
               x1        y1  area1          x2        y2  area2          x3         y3  area3          x4         y4  area4
range  329.045646  1.135647  106.0  124.288481  3.667313   78.0  289.992213  18.169657  165.0  329.012313  30.564027   92.0
FAILURE!!!! Some beads might have been misidentified
               x1        y1  area1          x2        y2  area2          x3         y3  area3          x4         y4  area4
range  328.701847  1.135647  106.0  124.543403  3.704121   77.0  290.154232  18.157605  158.0  328.664647  30.634768   97.0
FAILURE!!!! Some beads might have been misidentified
Residual vector length: 140, Jacobian shape: (140, 6)
view   0 | SOD= 560.680 mm | SDD= 761.018 mm | M= 1.357 | incident=2.9645°
[[ 135.36337    -543.51965     -25.003452  ]
 [ -44.05577     195.21762       9.996548  ]
 [   0.14449708    0.03873954    0.        ]
 [   0.            0.            0.1496    ]]
              x1        y1  area1          x2        y2  area2         x3         y3  area3          x4         y4  area4
range  328.85489  1.154165  105.0  124.465464  3.679632   76.0  290.02273  18.213868  164.0  328.867863  30.617091   92.0
FAILURE!!!! Some beads might have been misidentified

iter 28 cost=0.348316 -> 0.387872 |dtheta|=7.439676e-03  lambda=3.125e-03

============================================================
Iteration 29
============================================================
Theta offsets (Unity frame):
  Source   : dSx=   0.000, dSy=   0.000, dSz=   0.000  (mm)
  Object   : dOx= -14.999, dOy= -12.003, dOz= -21.960  (mm)
  Object offset: offset_x=   0.000, offset_z=   0.001  (mm)
  Detector : dDx=   0.000, dDy=   0.000, dDz=   0.000  (mm)
  Obj Stage rotY :   15.009 deg
============================================================

Unity geometry (world coordinates):
  Source   : x= -10.000, y=  55.000, z=   0.000
  Object   : x=   0.001, y=  29.997, z= 560.040
  Detector : x=   8.000, y=  20.000, z= 760.000
  Obj rotY :   0.0000 deg
view   0 | SOD= 560.688 mm | SDD= 761.018 mm | M= 1.357 | incident=2.9645°
[[ 135.3774     -543.5244      -25.002941  ]
 [ -44.0585      195.2088        9.997059  ]
 [   0.1444962     0.03874282    0.        ]
 [   0.            0.            0.1496    ]]
              x1        y1  area1          x2        y2  area2         x3        y3  area3          x4         y4  area4
range  328.87379  1.135647  107.0  124.365436  3.696064   77.0  290.02273  18.17676  159.0  328.882942  30.564027   93.0
FAILURE!!!! Some beads might have been misidentified
               x1        y1  area1          x2        y2  area2          x3         y3  area3          x4        y4  area4
range  328.860664  1.135789  104.0  124.478895  3.665884   75.0  290.086866  18.220051  167.0  328.856999  30.52615   96.0
FAILURE!!!! Some beads might have been misidentified
               x1        y1  area1          x2        y2  area2         x3         y3  area3          x4         y4  area4
range  328.872734  1.120798  107.0  124.308754  3.705551   79.0  290.01519  18.139324  169.0  328.819962  30.598929   93.0
FAILURE!!!! Some beads might have been misidentified
               x1        y1  area1          x2       y2  area2          x3         y3  area3          x4         y4  area4
range  328.898738  1.192747  108.0  124.333415  3.67115   79.0  290.113059  18.148149  164.0  328.890285  30.588186  100.0
FAILURE!!!! Some beads might have been misidentified
              x1        y1  area1          x2        y2  area2          x3         y3  area3         x4         y4  area4
range  328.83402  1.128145  104.0  124.364441  3.619099   87.0  290.029821  18.218496  164.0  328.88489  30.502217  100.0
FAILURE!!!! Some beads might have been misidentified
              x1        y1  area1          x2        y2  area2          x3        y3  area3          x4         y4  area4
range  328.87379  1.135647  107.0  124.365436  3.702888   75.0  290.037233  18.17676  159.0  328.875363  30.581704   93.0
FAILURE!!!! Some beads might have been misidentified
              x1        y1  area1          x2        y2  area2          x3        y3  area3          x4         y4  area4
range  328.87379  1.135647  107.0  124.365999  3.696064   77.0  290.041377  18.17676  158.0  328.883667  30.617091   94.0
FAILURE!!!! Some beads might have been misidentified
              x1        y1  area1          x2        y2  area2         x3         y3  area3         x4         y4  area4
range  328.85489  1.107209  105.0  124.365436  3.680522   74.0  290.05588  18.150727  163.0  328.88146  30.627715   95.0
FAILURE!!!! Some beads might have been misidentified
               x1        y1  area1          x2       y2  area2         x3         y3  area3          x4         y4  area4
range  328.892777  1.142857  108.0  124.365999  3.70505   74.0  290.02273  18.186158  159.0  328.878987  30.605566   94.0
FAILURE!!!! Some beads might have been misidentified
               x1        y1  area1          x2        y2  area2          x3         y3  area3          x4         y4  area4
range  328.959066  1.135789  105.0  124.235555  3.686329   74.0  290.157287  18.183347  171.0  328.919545  30.538327   91.0
FAILURE!!!! Some beads might have been misidentified
              x1        y1  area1         x2        y2  area2          x3         y3  area3          x4         y4  area4
range  328.81355  1.120798  106.0  124.55901  3.668749   78.0  289.973221  18.173858  164.0  328.819322  30.586752   97.0
FAILURE!!!! Some beads might have been misidentified
               x1        y1  area1          x2        y2  area2          x3         y3  area3          x4         y4  area4
range  329.045646  1.135647  106.0  124.288481  3.667313   78.0  289.992213  18.169657  165.0  329.012313  30.564027   92.0
FAILURE!!!! Some beads might have been misidentified
               x1        y1  area1          x2        y2  area2          x3         y3  area3          x4         y4  area4
range  328.701847  1.135647  106.0  124.543403  3.704121   77.0  290.154232  18.157605  158.0  328.664647  30.634768   97.0
FAILURE!!!! Some beads might have been misidentified
Residual vector length: 140, Jacobian shape: (140, 6)
view   0 | SOD= 560.680 mm | SDD= 761.018 mm | M= 1.357 | incident=2.9645°
[[ 135.36337    -543.51965     -25.003452  ]
 [ -44.05577     195.21762       9.996548  ]
 [   0.14449708    0.03873954    0.        ]
 [   0.            0.            0.1496    ]]
              x1        y1  area1          x2        y2  area2         x3         y3  area3          x4         y4  area4
range  328.85489  1.154165  105.0  124.465464  3.679632   76.0  290.02273  18.213868  164.0  328.867863  30.617091   92.0
FAILURE!!!! Some beads might have been misidentified

iter 29 cost=0.348316 -> 0.387872 |dtheta|=7.438541e-03  lambda=1.562e-02

============================================================
Iteration 30
============================================================
Theta offsets (Unity frame):
  Source   : dSx=   0.000, dSy=   0.000, dSz=   0.000  (mm)
  Object   : dOx= -14.999, dOy= -12.003, dOz= -21.960  (mm)
  Object offset: offset_x=   0.000, offset_z=   0.001  (mm)
  Detector : dDx=   0.000, dDy=   0.000, dDz=   0.000  (mm)
  Obj Stage rotY :   15.009 deg
============================================================

Unity geometry (world coordinates):
  Source   : x= -10.000, y=  55.000, z=   0.000
  Object   : x=   0.001, y=  29.997, z= 560.040
  Detector : x=   8.000, y=  20.000, z= 760.000
  Obj rotY :   0.0000 deg
view   0 | SOD= 560.688 mm | SDD= 761.018 mm | M= 1.357 | incident=2.9645°
[[ 135.3774     -543.5244      -25.002941  ]
 [ -44.0585      195.2088        9.997059  ]
 [   0.1444962     0.03874282    0.        ]
 [   0.            0.            0.1496    ]]
              x1        y1  area1          x2        y2  area2         x3        y3  area3          x4         y4  area4
range  328.87379  1.135647  107.0  124.365436  3.696064   77.0  290.02273  18.17676  159.0  328.882942  30.564027   93.0
FAILURE!!!! Some beads might have been misidentified
               x1        y1  area1          x2        y2  area2          x3         y3  area3          x4        y4  area4
range  328.860664  1.135789  104.0  124.478895  3.665884   75.0  290.086866  18.220051  167.0  328.856999  30.52615   96.0
FAILURE!!!! Some beads might have been misidentified
               x1        y1  area1          x2        y2  area2         x3         y3  area3          x4         y4  area4
range  328.872734  1.120798  107.0  124.308754  3.705551   79.0  290.01519  18.139324  169.0  328.819962  30.598929   93.0
FAILURE!!!! Some beads might have been misidentified
               x1        y1  area1          x2       y2  area2          x3         y3  area3          x4         y4  area4
range  328.898738  1.192747  108.0  124.333415  3.67115   79.0  290.113059  18.148149  164.0  328.890285  30.588186  100.0
FAILURE!!!! Some beads might have been misidentified
              x1        y1  area1          x2        y2  area2          x3         y3  area3         x4         y4  area4
range  328.83402  1.128145  104.0  124.364441  3.619099   87.0  290.029821  18.218496  164.0  328.88489  30.502217  100.0
FAILURE!!!! Some beads might have been misidentified
              x1        y1  area1          x2        y2  area2          x3        y3  area3          x4         y4  area4
range  328.87379  1.135647  107.0  124.365436  3.702888   75.0  290.037233  18.17676  159.0  328.875363  30.581704   93.0
FAILURE!!!! Some beads might have been misidentified
              x1        y1  area1          x2        y2  area2          x3        y3  area3          x4         y4  area4
range  328.87379  1.135647  107.0  124.365999  3.696064   77.0  290.041377  18.17676  158.0  328.883667  30.617091   94.0
FAILURE!!!! Some beads might have been misidentified
              x1        y1  area1          x2        y2  area2         x3         y3  area3         x4         y4  area4
range  328.85489  1.107209  105.0  124.365436  3.680522   74.0  290.05588  18.150727  163.0  328.88146  30.627715   95.0
FAILURE!!!! Some beads might have been misidentified
               x1        y1  area1          x2       y2  area2         x3         y3  area3          x4         y4  area4
range  328.892777  1.142857  108.0  124.365999  3.70505   74.0  290.02273  18.186158  159.0  328.878987  30.605566   94.0
FAILURE!!!! Some beads might have been misidentified
               x1        y1  area1          x2        y2  area2          x3         y3  area3          x4         y4  area4
range  328.959066  1.135789  105.0  124.235555  3.686329   74.0  290.157287  18.183347  171.0  328.919545  30.538327   91.0
FAILURE!!!! Some beads might have been misidentified
              x1        y1  area1         x2        y2  area2          x3         y3  area3          x4         y4  area4
range  328.81355  1.120798  106.0  124.55901  3.668749   78.0  289.973221  18.173858  164.0  328.819322  30.586752   97.0
FAILURE!!!! Some beads might have been misidentified
               x1        y1  area1          x2        y2  area2          x3         y3  area3          x4         y4  area4
range  329.045646  1.135647  106.0  124.288481  3.667313   78.0  289.992213  18.169657  165.0  329.012313  30.564027   92.0
FAILURE!!!! Some beads might have been misidentified
               x1        y1  area1          x2        y2  area2          x3         y3  area3          x4         y4  area4
range  328.701847  1.135647  106.0  124.543403  3.704121   77.0  290.154232  18.157605  158.0  328.664647  30.634768   97.0
FAILURE!!!! Some beads might have been misidentified
Residual vector length: 140, Jacobian shape: (140, 6)
view   0 | SOD= 560.680 mm | SDD= 761.018 mm | M= 1.357 | incident=2.9645°
[[ 135.36337    -543.51965     -25.003452  ]
 [ -44.055775    195.21762       9.996548  ]
 [   0.14449708    0.03873954    0.        ]
 [   0.            0.            0.1496    ]]
              x1        y1  area1          x2        y2  area2         x3         y3  area3          x4         y4  area4
range  328.85489  1.154165  105.0  124.465464  3.679632   76.0  290.02273  18.213868  164.0  328.867863  30.617091   92.0
FAILURE!!!! Some beads might have been misidentified

iter 30 cost=0.348316 -> 0.387872 |dtheta|=7.432873e-03  lambda=7.812e-02

============================================================
Iteration 31
============================================================
Theta offsets (Unity frame):
  Source   : dSx=   0.000, dSy=   0.000, dSz=   0.000  (mm)
  Object   : dOx= -14.999, dOy= -12.003, dOz= -21.960  (mm)
  Object offset: offset_x=   0.000, offset_z=   0.001  (mm)
  Detector : dDx=   0.000, dDy=   0.000, dDz=   0.000  (mm)
  Obj Stage rotY :   15.009 deg
============================================================

Unity geometry (world coordinates):
  Source   : x= -10.000, y=  55.000, z=   0.000
  Object   : x=   0.001, y=  29.997, z= 560.040
  Detector : x=   8.000, y=  20.000, z= 760.000
  Obj rotY :   0.0000 deg
view   0 | SOD= 560.688 mm | SDD= 761.018 mm | M= 1.357 | incident=2.9645°
[[ 135.3774     -543.5244      -25.002941  ]
 [ -44.0585      195.2088        9.997059  ]
 [   0.1444962     0.03874282    0.        ]
 [   0.            0.            0.1496    ]]
              x1        y1  area1          x2        y2  area2         x3        y3  area3          x4         y4  area4
range  328.87379  1.135647  107.0  124.365436  3.696064   77.0  290.02273  18.17676  159.0  328.882942  30.564027   93.0
FAILURE!!!! Some beads might have been misidentified
               x1        y1  area1          x2        y2  area2          x3         y3  area3          x4        y4  area4
range  328.860664  1.135789  104.0  124.478895  3.665884   75.0  290.086866  18.220051  167.0  328.856999  30.52615   96.0
FAILURE!!!! Some beads might have been misidentified
               x1        y1  area1          x2        y2  area2         x3         y3  area3          x4         y4  area4
range  328.872734  1.120798  107.0  124.308754  3.705551   79.0  290.01519  18.139324  169.0  328.819962  30.598929   93.0
FAILURE!!!! Some beads might have been misidentified
               x1        y1  area1          x2       y2  area2          x3         y3  area3          x4         y4  area4
range  328.898738  1.192747  108.0  124.333415  3.67115   79.0  290.113059  18.148149  164.0  328.890285  30.588186  100.0
FAILURE!!!! Some beads might have been misidentified
              x1        y1  area1          x2        y2  area2          x3         y3  area3         x4         y4  area4
range  328.83402  1.128145  104.0  124.364441  3.619099   87.0  290.029821  18.218496  164.0  328.88489  30.502217  100.0
FAILURE!!!! Some beads might have been misidentified
              x1        y1  area1          x2        y2  area2          x3        y3  area3          x4         y4  area4
range  328.87379  1.135647  107.0  124.365436  3.702888   75.0  290.037233  18.17676  159.0  328.875363  30.581704   93.0
FAILURE!!!! Some beads might have been misidentified
              x1        y1  area1          x2        y2  area2          x3        y3  area3          x4         y4  area4
range  328.87379  1.135647  107.0  124.365999  3.696064   77.0  290.041377  18.17676  158.0  328.883667  30.617091   94.0
FAILURE!!!! Some beads might have been misidentified
              x1        y1  area1          x2        y2  area2         x3         y3  area3         x4         y4  area4
range  328.85489  1.107209  105.0  124.365436  3.680522   74.0  290.05588  18.150727  163.0  328.88146  30.627715   95.0
FAILURE!!!! Some beads might have been misidentified
               x1        y1  area1          x2       y2  area2         x3         y3  area3          x4         y4  area4
range  328.892777  1.142857  108.0  124.365999  3.70505   74.0  290.02273  18.186158  159.0  328.878987  30.605566   94.0
FAILURE!!!! Some beads might have been misidentified
               x1        y1  area1          x2        y2  area2          x3         y3  area3          x4         y4  area4
range  328.959066  1.135789  105.0  124.235555  3.686329   74.0  290.157287  18.183347  171.0  328.919545  30.538327   91.0
FAILURE!!!! Some beads might have been misidentified
              x1        y1  area1         x2        y2  area2          x3         y3  area3          x4         y4  area4
range  328.81355  1.120798  106.0  124.55901  3.668749   78.0  289.973221  18.173858  164.0  328.819322  30.586752   97.0
FAILURE!!!! Some beads might have been misidentified
               x1        y1  area1          x2        y2  area2          x3         y3  area3          x4         y4  area4
range  329.045646  1.135647  106.0  124.288481  3.667313   78.0  289.992213  18.169657  165.0  329.012313  30.564027   92.0
FAILURE!!!! Some beads might have been misidentified
               x1        y1  area1          x2        y2  area2          x3         y3  area3          x4         y4  area4
range  328.701847  1.135647  106.0  124.543403  3.704121   77.0  290.154232  18.157605  158.0  328.664647  30.634768   97.0
FAILURE!!!! Some beads might have been misidentified
Residual vector length: 140, Jacobian shape: (140, 6)
view   0 | SOD= 560.680 mm | SDD= 761.018 mm | M= 1.357 | incident=2.9645°
[[ 135.36342    -543.5197      -25.003454  ]
 [ -44.055767    195.21756       9.996546  ]
 [   0.14449708    0.03873955    0.        ]
 [   0.            0.            0.1496    ]]
              x1        y1  area1          x2        y2  area2         x3         y3  area3          x4         y4  area4
range  328.85489  1.154165  104.0  124.465464  3.679632   76.0  290.02273  18.213868  164.0  328.867863  30.617091   92.0
FAILURE!!!! Some beads might have been misidentified

iter 31 cost=0.348316 -> 0.386672 |dtheta|=7.404670e-03  lambda=3.906e-01

============================================================
Iteration 32
============================================================
Theta offsets (Unity frame):
  Source   : dSx=   0.000, dSy=   0.000, dSz=   0.000  (mm)
  Object   : dOx= -14.999, dOy= -12.003, dOz= -21.960  (mm)
  Object offset: offset_x=   0.000, offset_z=   0.001  (mm)
  Detector : dDx=   0.000, dDy=   0.000, dDz=   0.000  (mm)
  Obj Stage rotY :   15.009 deg
============================================================

Unity geometry (world coordinates):
  Source   : x= -10.000, y=  55.000, z=   0.000
  Object   : x=   0.001, y=  29.997, z= 560.040
  Detector : x=   8.000, y=  20.000, z= 760.000
  Obj rotY :   0.0000 deg
view   0 | SOD= 560.688 mm | SDD= 761.018 mm | M= 1.357 | incident=2.9645°
[[ 135.3774     -543.5244      -25.002941  ]
 [ -44.0585      195.2088        9.997059  ]
 [   0.1444962     0.03874282    0.        ]
 [   0.            0.            0.1496    ]]
              x1        y1  area1          x2        y2  area2         x3        y3  area3          x4         y4  area4
range  328.87379  1.135647  107.0  124.365436  3.696064   77.0  290.02273  18.17676  159.0  328.882942  30.564027   93.0
FAILURE!!!! Some beads might have been misidentified
               x1        y1  area1          x2        y2  area2          x3         y3  area3          x4        y4  area4
range  328.860664  1.135789  104.0  124.478895  3.665884   75.0  290.086866  18.220051  167.0  328.856999  30.52615   96.0
FAILURE!!!! Some beads might have been misidentified
               x1        y1  area1          x2        y2  area2         x3         y3  area3          x4         y4  area4
range  328.872734  1.120798  107.0  124.308754  3.705551   79.0  290.01519  18.139324  169.0  328.819962  30.598929   93.0
FAILURE!!!! Some beads might have been misidentified
               x1        y1  area1          x2       y2  area2          x3         y3  area3          x4         y4  area4
range  328.898738  1.192747  108.0  124.333415  3.67115   79.0  290.113059  18.148149  164.0  328.890285  30.588186  100.0
FAILURE!!!! Some beads might have been misidentified
              x1        y1  area1          x2        y2  area2          x3         y3  area3         x4         y4  area4
range  328.83402  1.128145  104.0  124.364441  3.619099   87.0  290.029821  18.218496  164.0  328.88489  30.502217  100.0
FAILURE!!!! Some beads might have been misidentified
              x1        y1  area1          x2        y2  area2          x3        y3  area3          x4         y4  area4
range  328.87379  1.135647  107.0  124.365436  3.702888   75.0  290.037233  18.17676  159.0  328.875363  30.581704   93.0
FAILURE!!!! Some beads might have been misidentified
              x1        y1  area1          x2        y2  area2          x3        y3  area3          x4         y4  area4
range  328.87379  1.135647  107.0  124.365999  3.696064   77.0  290.041377  18.17676  158.0  328.883667  30.617091   94.0
FAILURE!!!! Some beads might have been misidentified
              x1        y1  area1          x2        y2  area2         x3         y3  area3         x4         y4  area4
range  328.85489  1.107209  105.0  124.365436  3.680522   74.0  290.05588  18.150727  163.0  328.88146  30.627715   95.0
FAILURE!!!! Some beads might have been misidentified
               x1        y1  area1          x2       y2  area2         x3         y3  area3          x4         y4  area4
range  328.892777  1.142857  108.0  124.365999  3.70505   74.0  290.02273  18.186158  159.0  328.878987  30.605566   94.0
FAILURE!!!! Some beads might have been misidentified
               x1        y1  area1          x2        y2  area2          x3         y3  area3          x4         y4  area4
range  328.959066  1.135789  105.0  124.235555  3.686329   74.0  290.157287  18.183347  171.0  328.919545  30.538327   91.0
FAILURE!!!! Some beads might have been misidentified
              x1        y1  area1         x2        y2  area2          x3         y3  area3          x4         y4  area4
range  328.81355  1.120798  106.0  124.55901  3.668749   78.0  289.973221  18.173858  164.0  328.819322  30.586752   97.0
FAILURE!!!! Some beads might have been misidentified
               x1        y1  area1          x2        y2  area2          x3         y3  area3          x4         y4  area4
range  329.045646  1.135647  106.0  124.288481  3.667313   78.0  289.992213  18.169657  165.0  329.012313  30.564027   92.0
FAILURE!!!! Some beads might have been misidentified
               x1        y1  area1          x2        y2  area2          x3         y3  area3          x4         y4  area4
range  328.701847  1.135647  106.0  124.543403  3.704121   77.0  290.154232  18.157605  158.0  328.664647  30.634768   97.0
FAILURE!!!! Some beads might have been misidentified
Residual vector length: 140, Jacobian shape: (140, 6)
view   0 | SOD= 560.680 mm | SDD= 761.018 mm | M= 1.357 | incident=2.9645°
[[ 135.36357    -543.5198      -25.003464  ]
 [ -44.05579     195.21744       9.996536  ]
 [   0.14449707    0.03873958    0.        ]
 [   0.            0.            0.1496    ]]
              x1        y1  area1          x2        y2  area2         x3         y3  area3          x4         y4  area4
range  328.85489  1.154165  104.0  124.465464  3.679632   76.0  290.02273  18.213868  164.0  328.867863  30.617091   92.0
FAILURE!!!! Some beads might have been misidentified

iter 32 cost=0.348316 -> 0.386672 |dtheta|=7.266993e-03  lambda=1.953e+00

============================================================
Iteration 33
============================================================
Theta offsets (Unity frame):
  Source   : dSx=   0.000, dSy=   0.000, dSz=   0.000  (mm)
  Object   : dOx= -14.999, dOy= -12.003, dOz= -21.960  (mm)
  Object offset: offset_x=   0.000, offset_z=   0.001  (mm)
  Detector : dDx=   0.000, dDy=   0.000, dDz=   0.000  (mm)
  Obj Stage rotY :   15.009 deg
============================================================

Unity geometry (world coordinates):
  Source   : x= -10.000, y=  55.000, z=   0.000
  Object   : x=   0.001, y=  29.997, z= 560.040
  Detector : x=   8.000, y=  20.000, z= 760.000
  Obj rotY :   0.0000 deg
view   0 | SOD= 560.688 mm | SDD= 761.018 mm | M= 1.357 | incident=2.9645°
[[ 135.3774     -543.5244      -25.002941  ]
 [ -44.0585      195.2088        9.997059  ]
 [   0.1444962     0.03874282    0.        ]
 [   0.            0.            0.1496    ]]
              x1        y1  area1          x2        y2  area2         x3        y3  area3          x4         y4  area4
range  328.87379  1.135647  107.0  124.365436  3.696064   77.0  290.02273  18.17676  159.0  328.882942  30.564027   93.0
FAILURE!!!! Some beads might have been misidentified
               x1        y1  area1          x2        y2  area2          x3         y3  area3          x4        y4  area4
range  328.860664  1.135789  104.0  124.478895  3.665884   75.0  290.086866  18.220051  167.0  328.856999  30.52615   96.0
FAILURE!!!! Some beads might have been misidentified
               x1        y1  area1          x2        y2  area2         x3         y3  area3          x4         y4  area4
range  328.872734  1.120798  107.0  124.308754  3.705551   79.0  290.01519  18.139324  169.0  328.819962  30.598929   93.0
FAILURE!!!! Some beads might have been misidentified
               x1        y1  area1          x2       y2  area2          x3         y3  area3          x4         y4  area4
range  328.898738  1.192747  108.0  124.333415  3.67115   79.0  290.113059  18.148149  164.0  328.890285  30.588186  100.0
FAILURE!!!! Some beads might have been misidentified
              x1        y1  area1          x2        y2  area2          x3         y3  area3         x4         y4  area4
range  328.83402  1.128145  104.0  124.364441  3.619099   87.0  290.029821  18.218496  164.0  328.88489  30.502217  100.0
FAILURE!!!! Some beads might have been misidentified
              x1        y1  area1          x2        y2  area2          x3        y3  area3          x4         y4  area4
range  328.87379  1.135647  107.0  124.365436  3.702888   75.0  290.037233  18.17676  159.0  328.875363  30.581704   93.0
FAILURE!!!! Some beads might have been misidentified
              x1        y1  area1          x2        y2  area2          x3        y3  area3          x4         y4  area4
range  328.87379  1.135647  107.0  124.365999  3.696064   77.0  290.041377  18.17676  158.0  328.883667  30.617091   94.0
FAILURE!!!! Some beads might have been misidentified
              x1        y1  area1          x2        y2  area2         x3         y3  area3         x4         y4  area4
range  328.85489  1.107209  105.0  124.365436  3.680522   74.0  290.05588  18.150727  163.0  328.88146  30.627715   95.0
FAILURE!!!! Some beads might have been misidentified
               x1        y1  area1          x2       y2  area2         x3         y3  area3          x4         y4  area4
range  328.892777  1.142857  108.0  124.365999  3.70505   74.0  290.02273  18.186158  159.0  328.878987  30.605566   94.0
FAILURE!!!! Some beads might have been misidentified
               x1        y1  area1          x2        y2  area2          x3         y3  area3          x4         y4  area4
range  328.959066  1.135789  105.0  124.235555  3.686329   74.0  290.157287  18.183347  171.0  328.919545  30.538327   91.0
FAILURE!!!! Some beads might have been misidentified
              x1        y1  area1         x2        y2  area2          x3         y3  area3          x4         y4  area4
range  328.81355  1.120798  106.0  124.55901  3.668749   78.0  289.973221  18.173858  164.0  328.819322  30.586752   97.0
FAILURE!!!! Some beads might have been misidentified
               x1        y1  area1          x2        y2  area2          x3         y3  area3          x4         y4  area4
range  329.045646  1.135647  106.0  124.288481  3.667313   78.0  289.992213  18.169657  165.0  329.012313  30.564027   92.0
FAILURE!!!! Some beads might have been misidentified
               x1        y1  area1          x2        y2  area2          x3         y3  area3          x4         y4  area4
range  328.701847  1.135647  106.0  124.543403  3.704121   77.0  290.154232  18.157605  158.0  328.664647  30.634768   97.0
FAILURE!!!! Some beads might have been misidentified
Residual vector length: 140, Jacobian shape: (140, 6)
view   0 | SOD= 560.681 mm | SDD= 761.018 mm | M= 1.357 | incident=2.9645°
[[ 135.3643     -543.52026     -25.003498  ]
 [ -44.05587     195.21678       9.996502  ]
 [   0.14449704    0.03873974    0.        ]
 [   0.            0.            0.1496    ]]
              x1        y1  area1          x2        y2  area2         x3         y3  area3          x4         y4  area4
range  328.85489  1.154165  104.0  124.464911  3.679632   76.0  290.02273  18.213868  164.0  328.867863  30.617091   92.0
FAILURE!!!! Some beads might have been misidentified

iter 33 cost=0.348316 -> 0.384699 |dtheta|=6.652968e-03  lambda=9.766e+00

============================================================
Iteration 34
============================================================
Theta offsets (Unity frame):
  Source   : dSx=   0.000, dSy=   0.000, dSz=   0.000  (mm)
  Object   : dOx= -14.999, dOy= -12.003, dOz= -21.960  (mm)
  Object offset: offset_x=   0.000, offset_z=   0.001  (mm)
  Detector : dDx=   0.000, dDy=   0.000, dDz=   0.000  (mm)
  Obj Stage rotY :   15.009 deg
============================================================

Unity geometry (world coordinates):
  Source   : x= -10.000, y=  55.000, z=   0.000
  Object   : x=   0.001, y=  29.997, z= 560.040
  Detector : x=   8.000, y=  20.000, z= 760.000
  Obj rotY :   0.0000 deg
view   0 | SOD= 560.688 mm | SDD= 761.018 mm | M= 1.357 | incident=2.9645°
[[ 135.3774     -543.5244      -25.002941  ]
 [ -44.0585      195.2088        9.997059  ]
 [   0.1444962     0.03874282    0.        ]
 [   0.            0.            0.1496    ]]
              x1        y1  area1          x2        y2  area2         x3        y3  area3          x4         y4  area4
range  328.87379  1.135647  107.0  124.365436  3.696064   77.0  290.02273  18.17676  159.0  328.882942  30.564027   93.0
FAILURE!!!! Some beads might have been misidentified
               x1        y1  area1          x2        y2  area2          x3         y3  area3          x4        y4  area4
range  328.860664  1.135789  104.0  124.478895  3.665884   75.0  290.086866  18.220051  167.0  328.856999  30.52615   96.0
FAILURE!!!! Some beads might have been misidentified
               x1        y1  area1          x2        y2  area2         x3         y3  area3          x4         y4  area4
range  328.872734  1.120798  107.0  124.308754  3.705551   79.0  290.01519  18.139324  169.0  328.819962  30.598929   93.0
FAILURE!!!! Some beads might have been misidentified
               x1        y1  area1          x2       y2  area2          x3         y3  area3          x4         y4  area4
range  328.898738  1.192747  108.0  124.333415  3.67115   79.0  290.113059  18.148149  164.0  328.890285  30.588186  100.0
FAILURE!!!! Some beads might have been misidentified
              x1        y1  area1          x2        y2  area2          x3         y3  area3         x4         y4  area4
range  328.83402  1.128145  104.0  124.364441  3.619099   87.0  290.029821  18.218496  164.0  328.88489  30.502217  100.0
FAILURE!!!! Some beads might have been misidentified
              x1        y1  area1          x2        y2  area2          x3        y3  area3          x4         y4  area4
range  328.87379  1.135647  107.0  124.365436  3.702888   75.0  290.037233  18.17676  159.0  328.875363  30.581704   93.0
FAILURE!!!! Some beads might have been misidentified
              x1        y1  area1          x2        y2  area2          x3        y3  area3          x4         y4  area4
range  328.87379  1.135647  107.0  124.365999  3.696064   77.0  290.041377  18.17676  158.0  328.883667  30.617091   94.0
FAILURE!!!! Some beads might have been misidentified
              x1        y1  area1          x2        y2  area2         x3         y3  area3         x4         y4  area4
range  328.85489  1.107209  105.0  124.365436  3.680522   74.0  290.05588  18.150727  163.0  328.88146  30.627715   95.0
FAILURE!!!! Some beads might have been misidentified
               x1        y1  area1          x2       y2  area2         x3         y3  area3          x4         y4  area4
range  328.892777  1.142857  108.0  124.365999  3.70505   74.0  290.02273  18.186158  159.0  328.878987  30.605566   94.0
FAILURE!!!! Some beads might have been misidentified
               x1        y1  area1          x2        y2  area2          x3         y3  area3          x4         y4  area4
range  328.959066  1.135789  105.0  124.235555  3.686329   74.0  290.157287  18.183347  171.0  328.919545  30.538327   91.0
FAILURE!!!! Some beads might have been misidentified
              x1        y1  area1         x2        y2  area2          x3         y3  area3          x4         y4  area4
range  328.81355  1.120798  106.0  124.55901  3.668749   78.0  289.973221  18.173858  164.0  328.819322  30.586752   97.0
FAILURE!!!! Some beads might have been misidentified
               x1        y1  area1          x2        y2  area2          x3         y3  area3          x4         y4  area4
range  329.045646  1.135647  106.0  124.288481  3.667313   78.0  289.992213  18.169657  165.0  329.012313  30.564027   92.0
FAILURE!!!! Some beads might have been misidentified
               x1        y1  area1          x2        y2  area2          x3         y3  area3          x4         y4  area4
range  328.701847  1.135647  106.0  124.543403  3.704121   77.0  290.154232  18.157605  158.0  328.664647  30.634768   97.0
FAILURE!!!! Some beads might have been misidentified
Residual vector length: 140, Jacobian shape: (140, 6)
view   0 | SOD= 560.683 mm | SDD= 761.018 mm | M= 1.357 | incident=2.9645°
[[ 135.36682    -543.5216      -25.003605  ]
 [ -44.05619     195.2147        9.996395  ]
 [   0.14449689    0.0387403     0.        ]
 [   0.            0.            0.1496    ]]
              x1        y1  area1          x2        y2  area2         x3         y3  area3          x4         y4  area4
range  328.85489  1.154165  104.0  124.447353  3.679494   76.0  290.02273  18.213868  164.0  328.867863  30.617091   92.0
FAILURE!!!! Some beads might have been misidentified

iter 34 cost=0.348316 -> 0.375221 |dtheta|=4.732712e-03  lambda=4.883e+01

============================================================
Iteration 35
============================================================
Theta offsets (Unity frame):
  Source   : dSx=   0.000, dSy=   0.000, dSz=   0.000  (mm)
  Object   : dOx= -14.999, dOy= -12.003, dOz= -21.960  (mm)
  Object offset: offset_x=   0.000, offset_z=   0.001  (mm)
  Detector : dDx=   0.000, dDy=   0.000, dDz=   0.000  (mm)
  Obj Stage rotY :   15.009 deg
============================================================

Unity geometry (world coordinates):
  Source   : x= -10.000, y=  55.000, z=   0.000
  Object   : x=   0.001, y=  29.997, z= 560.040
  Detector : x=   8.000, y=  20.000, z= 760.000
  Obj rotY :   0.0000 deg
view   0 | SOD= 560.688 mm | SDD= 761.018 mm | M= 1.357 | incident=2.9645°
[[ 135.3774     -543.5244      -25.002941  ]
 [ -44.0585      195.2088        9.997059  ]
 [   0.1444962     0.03874282    0.        ]
 [   0.            0.            0.1496    ]]
              x1        y1  area1          x2        y2  area2         x3        y3  area3          x4         y4  area4
range  328.87379  1.135647  107.0  124.365436  3.696064   77.0  290.02273  18.17676  159.0  328.882942  30.564027   93.0
FAILURE!!!! Some beads might have been misidentified
               x1        y1  area1          x2        y2  area2          x3         y3  area3          x4        y4  area4
range  328.860664  1.135789  104.0  124.478895  3.665884   75.0  290.086866  18.220051  167.0  328.856999  30.52615   96.0
FAILURE!!!! Some beads might have been misidentified
               x1        y1  area1          x2        y2  area2         x3         y3  area3          x4         y4  area4
range  328.872734  1.120798  107.0  124.308754  3.705551   79.0  290.01519  18.139324  169.0  328.819962  30.598929   93.0
FAILURE!!!! Some beads might have been misidentified
               x1        y1  area1          x2       y2  area2          x3         y3  area3          x4         y4  area4
range  328.898738  1.192747  108.0  124.333415  3.67115   79.0  290.113059  18.148149  164.0  328.890285  30.588186  100.0
FAILURE!!!! Some beads might have been misidentified
              x1        y1  area1          x2        y2  area2          x3         y3  area3         x4         y4  area4
range  328.83402  1.128145  104.0  124.364441  3.619099   87.0  290.029821  18.218496  164.0  328.88489  30.502217  100.0
FAILURE!!!! Some beads might have been misidentified
              x1        y1  area1          x2        y2  area2          x3        y3  area3          x4         y4  area4
range  328.87379  1.135647  107.0  124.365436  3.702888   75.0  290.037233  18.17676  159.0  328.875363  30.581704   93.0
FAILURE!!!! Some beads might have been misidentified
              x1        y1  area1          x2        y2  area2          x3        y3  area3          x4         y4  area4
range  328.87379  1.135647  107.0  124.365999  3.696064   77.0  290.041377  18.17676  158.0  328.883667  30.617091   94.0
FAILURE!!!! Some beads might have been misidentified
              x1        y1  area1          x2        y2  area2         x3         y3  area3         x4         y4  area4
range  328.85489  1.107209  105.0  124.365436  3.680522   74.0  290.05588  18.150727  163.0  328.88146  30.627715   95.0
FAILURE!!!! Some beads might have been misidentified
               x1        y1  area1          x2       y2  area2         x3         y3  area3          x4         y4  area4
range  328.892777  1.142857  108.0  124.365999  3.70505   74.0  290.02273  18.186158  159.0  328.878987  30.605566   94.0
FAILURE!!!! Some beads might have been misidentified
               x1        y1  area1          x2        y2  area2          x3         y3  area3          x4         y4  area4
range  328.959066  1.135789  105.0  124.235555  3.686329   74.0  290.157287  18.183347  171.0  328.919545  30.538327   91.0
FAILURE!!!! Some beads might have been misidentified
              x1        y1  area1         x2        y2  area2          x3         y3  area3          x4         y4  area4
range  328.81355  1.120798  106.0  124.55901  3.668749   78.0  289.973221  18.173858  164.0  328.819322  30.586752   97.0
FAILURE!!!! Some beads might have been misidentified
               x1        y1  area1          x2        y2  area2          x3         y3  area3          x4         y4  area4
range  329.045646  1.135647  106.0  124.288481  3.667313   78.0  289.992213  18.169657  165.0  329.012313  30.564027   92.0
FAILURE!!!! Some beads might have been misidentified
               x1        y1  area1          x2        y2  area2          x3         y3  area3          x4         y4  area4
range  328.701847  1.135647  106.0  124.543403  3.704121   77.0  290.154232  18.157605  158.0  328.664647  30.634768   97.0
FAILURE!!!! Some beads might have been misidentified
Residual vector length: 140, Jacobian shape: (140, 6)
view   0 | SOD= 560.685 mm | SDD= 761.018 mm | M= 1.357 | incident=2.9645°
[[ 135.37141    -543.52325     -25.003727  ]
 [ -44.05704     195.21176       9.996273  ]
 [   0.14449659    0.03874137    0.        ]
 [   0.            0.            0.1496    ]]
              x1        y1  area1          x2        y2  area2         x3         y3  area3          x4         y4  area4
range  328.85489  1.154165  104.0  124.447353  3.679494   76.0  290.02273  18.213868  164.0  328.867863  30.617091   92.0
FAILURE!!!! Some beads might have been misidentified

iter 35 cost=0.348316 -> 0.376307 |dtheta|=2.233420e-03  lambda=2.441e+02

============================================================
Iteration 36
============================================================
Theta offsets (Unity frame):
  Source   : dSx=   0.000, dSy=   0.000, dSz=   0.000  (mm)
  Object   : dOx= -14.999, dOy= -12.003, dOz= -21.960  (mm)
  Object offset: offset_x=   0.000, offset_z=   0.001  (mm)
  Detector : dDx=   0.000, dDy=   0.000, dDz=   0.000  (mm)
  Obj Stage rotY :   15.009 deg
============================================================

Unity geometry (world coordinates):
  Source   : x= -10.000, y=  55.000, z=   0.000
  Object   : x=   0.001, y=  29.997, z= 560.040
  Detector : x=   8.000, y=  20.000, z= 760.000
  Obj rotY :   0.0000 deg
view   0 | SOD= 560.688 mm | SDD= 761.018 mm | M= 1.357 | incident=2.9645°
[[ 135.3774     -543.5244      -25.002941  ]
 [ -44.0585      195.2088        9.997059  ]
 [   0.1444962     0.03874282    0.        ]
 [   0.            0.            0.1496    ]]
              x1        y1  area1          x2        y2  area2         x3        y3  area3          x4         y4  area4
range  328.87379  1.135647  107.0  124.365436  3.696064   77.0  290.02273  18.17676  159.0  328.882942  30.564027   93.0
FAILURE!!!! Some beads might have been misidentified
               x1        y1  area1          x2        y2  area2          x3         y3  area3          x4        y4  area4
range  328.860664  1.135789  104.0  124.478895  3.665884   75.0  290.086866  18.220051  167.0  328.856999  30.52615   96.0
FAILURE!!!! Some beads might have been misidentified
               x1        y1  area1          x2        y2  area2         x3         y3  area3          x4         y4  area4
range  328.872734  1.120798  107.0  124.308754  3.705551   79.0  290.01519  18.139324  169.0  328.819962  30.598929   93.0
FAILURE!!!! Some beads might have been misidentified
               x1        y1  area1          x2       y2  area2          x3         y3  area3          x4         y4  area4
range  328.898738  1.192747  108.0  124.333415  3.67115   79.0  290.113059  18.148149  164.0  328.890285  30.588186  100.0
FAILURE!!!! Some beads might have been misidentified
              x1        y1  area1          x2        y2  area2          x3         y3  area3         x4         y4  area4
range  328.83402  1.128145  104.0  124.364441  3.619099   87.0  290.029821  18.218496  164.0  328.88489  30.502217  100.0
FAILURE!!!! Some beads might have been misidentified
              x1        y1  area1          x2        y2  area2          x3        y3  area3          x4         y4  area4
range  328.87379  1.135647  107.0  124.365436  3.702888   75.0  290.037233  18.17676  159.0  328.875363  30.581704   93.0
FAILURE!!!! Some beads might have been misidentified
              x1        y1  area1          x2        y2  area2          x3        y3  area3          x4         y4  area4
range  328.87379  1.135647  107.0  124.365999  3.696064   77.0  290.041377  18.17676  158.0  328.883667  30.617091   94.0
FAILURE!!!! Some beads might have been misidentified
              x1        y1  area1          x2        y2  area2         x3         y3  area3         x4         y4  area4
range  328.85489  1.107209  105.0  124.365436  3.680522   74.0  290.05588  18.150727  163.0  328.88146  30.627715   95.0
FAILURE!!!! Some beads might have been misidentified
               x1        y1  area1          x2       y2  area2         x3         y3  area3          x4         y4  area4
range  328.892777  1.142857  108.0  124.365999  3.70505   74.0  290.02273  18.186158  159.0  328.878987  30.605566   94.0
FAILURE!!!! Some beads might have been misidentified
               x1        y1  area1          x2        y2  area2          x3         y3  area3          x4         y4  area4
range  328.959066  1.135789  105.0  124.235555  3.686329   74.0  290.157287  18.183347  171.0  328.919545  30.538327   91.0
FAILURE!!!! Some beads might have been misidentified
              x1        y1  area1         x2        y2  area2          x3         y3  area3          x4         y4  area4
range  328.81355  1.120798  106.0  124.55901  3.668749   78.0  289.973221  18.173858  164.0  328.819322  30.586752   97.0
FAILURE!!!! Some beads might have been misidentified
               x1        y1  area1          x2        y2  area2          x3         y3  area3          x4         y4  area4
range  329.045646  1.135647  106.0  124.288481  3.667313   78.0  289.992213  18.169657  165.0  329.012313  30.564027   92.0
FAILURE!!!! Some beads might have been misidentified
               x1        y1  area1          x2        y2  area2          x3         y3  area3          x4         y4  area4
range  328.701847  1.135647  106.0  124.543403  3.704121   77.0  290.154232  18.157605  158.0  328.664647  30.634768   97.0
FAILURE!!!! Some beads might have been misidentified
Residual vector length: 140, Jacobian shape: (140, 6)
view   0 | SOD= 560.687 mm | SDD= 761.018 mm | M= 1.357 | incident=2.9645°
[[ 135.37529    -543.52386     -25.003666  ]
 [ -44.058       195.20998       9.996334  ]
 [   0.14449634    0.03874231    0.        ]
 [   0.            0.            0.1496    ]]
              x1        y1  area1          x2        y2  area2         x3        y3  area3          x4         y4  area4
range  328.85489  1.154165  107.0  124.384619  3.679494   76.0  290.02273  18.17676  160.0  328.867863  30.617091   94.0
FAILURE!!!! Some beads might have been misidentified

iter 36 cost=0.348316 -> 0.366883 |dtheta|=1.120101e-03  lambda=1.221e+03

============================================================
Iteration 37
============================================================
Theta offsets (Unity frame):
  Source   : dSx=   0.000, dSy=   0.000, dSz=   0.000  (mm)
  Object   : dOx= -14.999, dOy= -12.003, dOz= -21.960  (mm)
  Object offset: offset_x=   0.000, offset_z=   0.001  (mm)
  Detector : dDx=   0.000, dDy=   0.000, dDz=   0.000  (mm)
  Obj Stage rotY :   15.009 deg
============================================================

Unity geometry (world coordinates):
  Source   : x= -10.000, y=  55.000, z=   0.000
  Object   : x=   0.001, y=  29.997, z= 560.040
  Detector : x=   8.000, y=  20.000, z= 760.000
  Obj rotY :   0.0000 deg
view   0 | SOD= 560.688 mm | SDD= 761.018 mm | M= 1.357 | incident=2.9645°
[[ 135.3774     -543.5244      -25.002941  ]
 [ -44.0585      195.2088        9.997059  ]
 [   0.1444962     0.03874282    0.        ]
 [   0.            0.            0.1496    ]]
              x1        y1  area1          x2        y2  area2         x3        y3  area3          x4         y4  area4
range  328.87379  1.135647  107.0  124.365436  3.696064   77.0  290.02273  18.17676  159.0  328.882942  30.564027   93.0
FAILURE!!!! Some beads might have been misidentified
               x1        y1  area1          x2        y2  area2          x3         y3  area3          x4        y4  area4
range  328.860664  1.135789  104.0  124.478895  3.665884   75.0  290.086866  18.220051  167.0  328.856999  30.52615   96.0
FAILURE!!!! Some beads might have been misidentified
               x1        y1  area1          x2        y2  area2         x3         y3  area3          x4         y4  area4
range  328.872734  1.120798  107.0  124.308754  3.705551   79.0  290.01519  18.139324  169.0  328.819962  30.598929   93.0
FAILURE!!!! Some beads might have been misidentified
               x1        y1  area1          x2       y2  area2          x3         y3  area3          x4         y4  area4
range  328.898738  1.192747  108.0  124.333415  3.67115   79.0  290.113059  18.148149  164.0  328.890285  30.588186  100.0
FAILURE!!!! Some beads might have been misidentified
              x1        y1  area1          x2        y2  area2          x3         y3  area3         x4         y4  area4
range  328.83402  1.128145  104.0  124.364441  3.619099   87.0  290.029821  18.218496  164.0  328.88489  30.502217  100.0
FAILURE!!!! Some beads might have been misidentified
              x1        y1  area1          x2        y2  area2          x3        y3  area3          x4         y4  area4
range  328.87379  1.135647  107.0  124.365436  3.702888   75.0  290.037233  18.17676  159.0  328.875363  30.581704   93.0
FAILURE!!!! Some beads might have been misidentified
              x1        y1  area1          x2        y2  area2          x3        y3  area3          x4         y4  area4
range  328.87379  1.135647  107.0  124.365999  3.696064   77.0  290.041377  18.17676  158.0  328.883667  30.617091   94.0
FAILURE!!!! Some beads might have been misidentified
              x1        y1  area1          x2        y2  area2         x3         y3  area3         x4         y4  area4
range  328.85489  1.107209  105.0  124.365436  3.680522   74.0  290.05588  18.150727  163.0  328.88146  30.627715   95.0
FAILURE!!!! Some beads might have been misidentified
               x1        y1  area1          x2       y2  area2         x3         y3  area3          x4         y4  area4
range  328.892777  1.142857  108.0  124.365999  3.70505   74.0  290.02273  18.186158  159.0  328.878987  30.605566   94.0
FAILURE!!!! Some beads might have been misidentified
               x1        y1  area1          x2        y2  area2          x3         y3  area3          x4         y4  area4
range  328.959066  1.135789  105.0  124.235555  3.686329   74.0  290.157287  18.183347  171.0  328.919545  30.538327   91.0
FAILURE!!!! Some beads might have been misidentified
              x1        y1  area1         x2        y2  area2          x3         y3  area3          x4         y4  area4
range  328.81355  1.120798  106.0  124.55901  3.668749   78.0  289.973221  18.173858  164.0  328.819322  30.586752   97.0
FAILURE!!!! Some beads might have been misidentified
               x1        y1  area1          x2        y2  area2          x3         y3  area3          x4         y4  area4
range  329.045646  1.135647  106.0  124.288481  3.667313   78.0  289.992213  18.169657  165.0  329.012313  30.564027   92.0
FAILURE!!!! Some beads might have been misidentified
               x1        y1  area1          x2        y2  area2          x3         y3  area3          x4         y4  area4
range  328.701847  1.135647  106.0  124.543403  3.704121   77.0  290.154232  18.157605  158.0  328.664647  30.634768   97.0
FAILURE!!!! Some beads might have been misidentified
Residual vector length: 140, Jacobian shape: (140, 6)
view   0 | SOD= 560.688 mm | SDD= 761.018 mm | M= 1.357 | incident=2.9645°
[[ 135.37685    -543.5242      -25.00335   ]
 [ -44.058395    195.2092        9.996651  ]
 [   0.14449625    0.03874269    0.        ]
 [   0.            0.            0.1496    ]]
              x1        y1  area1          x2        y2  area2         x3        y3  area3          x4         y4  area4
range  328.85489  1.154165  107.0  124.365999  3.679494   76.0  290.02273  18.17676  159.0  328.867863  30.617091   94.0
FAILURE!!!! Some beads might have been misidentified

iter 37 cost=0.348316 -> 0.363053 |dtheta|=5.225792e-04  lambda=6.104e+03

============================================================
Iteration 38
============================================================
Theta offsets (Unity frame):
  Source   : dSx=   0.000, dSy=   0.000, dSz=   0.000  (mm)
  Object   : dOx= -14.999, dOy= -12.003, dOz= -21.960  (mm)
  Object offset: offset_x=   0.000, offset_z=   0.001  (mm)
  Detector : dDx=   0.000, dDy=   0.000, dDz=   0.000  (mm)
  Obj Stage rotY :   15.009 deg
============================================================

Unity geometry (world coordinates):
  Source   : x= -10.000, y=  55.000, z=   0.000
  Object   : x=   0.001, y=  29.997, z= 560.040
  Detector : x=   8.000, y=  20.000, z= 760.000
  Obj rotY :   0.0000 deg
view   0 | SOD= 560.688 mm | SDD= 761.018 mm | M= 1.357 | incident=2.9645°
[[ 135.3774     -543.5244      -25.002941  ]
 [ -44.0585      195.2088        9.997059  ]
 [   0.1444962     0.03874282    0.        ]
 [   0.            0.            0.1496    ]]
              x1        y1  area1          x2        y2  area2         x3        y3  area3          x4         y4  area4
range  328.87379  1.135647  107.0  124.365436  3.696064   77.0  290.02273  18.17676  159.0  328.882942  30.564027   93.0
FAILURE!!!! Some beads might have been misidentified
               x1        y1  area1          x2        y2  area2          x3         y3  area3          x4        y4  area4
range  328.860664  1.135789  104.0  124.478895  3.665884   75.0  290.086866  18.220051  167.0  328.856999  30.52615   96.0
FAILURE!!!! Some beads might have been misidentified
               x1        y1  area1          x2        y2  area2         x3         y3  area3          x4         y4  area4
range  328.872734  1.120798  107.0  124.308754  3.705551   79.0  290.01519  18.139324  169.0  328.819962  30.598929   93.0
FAILURE!!!! Some beads might have been misidentified
               x1        y1  area1          x2       y2  area2          x3         y3  area3          x4         y4  area4
range  328.898738  1.192747  108.0  124.333415  3.67115   79.0  290.113059  18.148149  164.0  328.890285  30.588186  100.0
FAILURE!!!! Some beads might have been misidentified
              x1        y1  area1          x2        y2  area2          x3         y3  area3         x4         y4  area4
range  328.83402  1.128145  104.0  124.364441  3.619099   87.0  290.029821  18.218496  164.0  328.88489  30.502217  100.0
FAILURE!!!! Some beads might have been misidentified
              x1        y1  area1          x2        y2  area2          x3        y3  area3          x4         y4  area4
range  328.87379  1.135647  107.0  124.365436  3.702888   75.0  290.037233  18.17676  159.0  328.875363  30.581704   93.0
FAILURE!!!! Some beads might have been misidentified
              x1        y1  area1          x2        y2  area2          x3        y3  area3          x4         y4  area4
range  328.87379  1.135647  107.0  124.365999  3.696064   77.0  290.041377  18.17676  158.0  328.883667  30.617091   94.0
FAILURE!!!! Some beads might have been misidentified
              x1        y1  area1          x2        y2  area2         x3         y3  area3         x4         y4  area4
range  328.85489  1.107209  105.0  124.365436  3.680522   74.0  290.05588  18.150727  163.0  328.88146  30.627715   95.0
FAILURE!!!! Some beads might have been misidentified
               x1        y1  area1          x2       y2  area2         x3         y3  area3          x4         y4  area4
range  328.892777  1.142857  108.0  124.365999  3.70505   74.0  290.02273  18.186158  159.0  328.878987  30.605566   94.0
FAILURE!!!! Some beads might have been misidentified
               x1        y1  area1          x2        y2  area2          x3         y3  area3          x4         y4  area4
range  328.959066  1.135789  105.0  124.235555  3.686329   74.0  290.157287  18.183347  171.0  328.919545  30.538327   91.0
FAILURE!!!! Some beads might have been misidentified
              x1        y1  area1         x2        y2  area2          x3         y3  area3          x4         y4  area4
range  328.81355  1.120798  106.0  124.55901  3.668749   78.0  289.973221  18.173858  164.0  328.819322  30.586752   97.0
FAILURE!!!! Some beads might have been misidentified
               x1        y1  area1          x2        y2  area2          x3         y3  area3          x4         y4  area4
range  329.045646  1.135647  106.0  124.288481  3.667313   78.0  289.992213  18.169657  165.0  329.012313  30.564027   92.0
FAILURE!!!! Some beads might have been misidentified
               x1        y1  area1          x2        y2  area2          x3         y3  area3          x4         y4  area4
range  328.701847  1.135647  106.0  124.543403  3.704121   77.0  290.154232  18.157605  158.0  328.664647  30.634768   97.0
FAILURE!!!! Some beads might have been misidentified
Residual vector length: 140, Jacobian shape: (140, 6)
view   0 | SOD= 560.688 mm | SDD= 761.018 mm | M= 1.357 | incident=2.9645°
[[ 135.37726    -543.5243      -25.003065  ]
 [ -44.058487    195.20894       9.996935  ]
 [   0.14449622    0.03874279    0.        ]
 [   0.            0.            0.1496    ]]
              x1        y1  area1          x2        y2  area2         x3        y3  area3          x4         y4  area4
range  328.87379  1.135647  107.0  124.365999  3.696064   77.0  290.02273  18.17676  159.0  328.882942  30.582134   94.0
FAILURE!!!! Some beads might have been misidentified

iter 38 cost=0.348316 -> 0.340234 |dtheta|=1.514416e-04  lambda=3.052e+04

============================================================
Iteration 39
============================================================
Theta offsets (Unity frame):
  Source   : dSx=   0.000, dSy=   0.000, dSz=   0.000  (mm)
  Object   : dOx= -14.999, dOy= -12.003, dOz= -21.960  (mm)
  Object offset: offset_x=   0.000, offset_z=   0.000  (mm)
  Detector : dDx=   0.000, dDy=   0.000, dDz=   0.000  (mm)
  Obj Stage rotY :   15.009 deg
============================================================

Unity geometry (world coordinates):
  Source   : x= -10.000, y=  55.000, z=   0.000
  Object   : x=   0.001, y=  29.997, z= 560.040
  Detector : x=   8.000, y=  20.000, z= 760.000
  Obj rotY :   0.0000 deg
view   0 | SOD= 560.688 mm | SDD= 761.018 mm | M= 1.357 | incident=2.9645°
[[ 135.37726    -543.5243      -25.003065  ]
 [ -44.058487    195.20894       9.996935  ]
 [   0.14449622    0.03874279    0.        ]
 [   0.            0.            0.1496    ]]
              x1        y1  area1          x2        y2  area2         x3        y3  area3          x4         y4  area4
range  328.87379  1.135647  107.0  124.365999  3.696064   77.0  290.02273  18.17676  159.0  328.882942  30.582134   94.0
FAILURE!!!! Some beads might have been misidentified
               x1        y1  area1          x2        y2  area2          x3         y3  area3          x4         y4  area4
range  328.860664  1.135789  104.0  124.478895  3.665884   75.0  290.086866  18.220051  167.0  328.856999  30.537926   97.0
FAILURE!!!! Some beads might have been misidentified
               x1        y1  area1          x2        y2  area2         x3         y3  area3          x4         y4  area4
range  328.872734  1.120798  107.0  124.325049  3.705551   79.0  290.01519  18.122216  169.0  328.819962  30.649763   93.0
FAILURE!!!! Some beads might have been misidentified
               x1        y1  area1          x2        y2  area2          x3         y3  area3          x4         y4  area4
range  328.898738  1.179073  105.0  124.323065  3.672051   78.0  290.113059  18.145738  164.0  328.890285  30.588186   95.0
FAILURE!!!! Some beads might have been misidentified
              x1        y1  area1          x2        y2  area2          x3         y3  area3         x4         y4  area4
range  328.83402  1.128145  104.0  124.382254  3.619099   87.0  290.029821  18.222087  165.0  328.88489  30.502217  101.0
FAILURE!!!! Some beads might have been misidentified
              x1        y1  area1          x2        y2  area2          x3        y3  area3          x4         y4  area4
range  328.87379  1.135647  107.0  124.365436  3.696064   76.0  290.037233  18.17676  159.0  328.856549  30.581704   93.0
FAILURE!!!! Some beads might have been misidentified
              x1        y1  area1          x2        y2  area2          x3        y3  area3          x4         y4  area4
range  328.85489  1.135647  107.0  124.365999  3.679632   76.0  290.041377  18.17676  159.0  328.879711  30.617091   94.0
FAILURE!!!! Some beads might have been misidentified
              x1        y1  area1          x2        y2  area2         x3         y3  area3          x4         y4  area4
range  328.85489  1.107209  105.0  124.365436  3.680522   74.0  290.05588  18.164238  162.0  328.869613  30.627715   95.0
FAILURE!!!! Some beads might have been misidentified
               x1        y1  area1          x2       y2  area2         x3         y3  area3          x4         y4  area4
range  328.892777  1.142857  108.0  124.365999  3.70505   74.0  290.02273  18.186158  159.0  328.878987  30.605566   94.0
FAILURE!!!! Some beads might have been misidentified
               x1        y1  area1          x2        y2  area2          x3         y3  area3          x4         y4  area4
range  328.959066  1.135789  105.0  124.227622  3.686329   74.0  290.157287  18.183347  171.0  328.919545  30.600936   92.0
FAILURE!!!! Some beads might have been misidentified
               x1        y1  area1         x2        y2  area2          x3         y3  area3          x4         y4  area4
range  328.800223  1.120798  106.0  124.55901  3.668749   78.0  289.973221  18.173858  164.0  328.850485  30.586752   97.0
FAILURE!!!! Some beads might have been misidentified
               x1        y1  area1          x2        y2  area2          x3         y3  area3          x4         y4  area4
range  329.050581  1.135647  106.0  124.288481  3.667313   78.0  289.992213  18.169657  165.0  329.015286  30.564027   92.0
FAILURE!!!! Some beads might have been misidentified
               x1        y1  area1          x2        y2  area2          x3         y3  area3          x4         y4  area4
range  328.720835  1.135647  106.0  124.543403  3.704121   77.0  290.154232  18.157605  159.0  328.664647  30.634768   97.0
FAILURE!!!! Some beads might have been misidentified
Residual vector length: 140, Jacobian shape: (140, 6)
view   0 | SOD= 560.688 mm | SDD= 761.018 mm | M= 1.357 | incident=2.9645°
[[ 135.3773     -543.5241      -25.003286  ]
 [ -44.058582    195.20909       9.996714  ]
 [   0.1444962     0.03874281    0.        ]
 [   0.            0.            0.1496    ]]
              x1        y1  area1          x2        y2  area2         x3        y3  area3          x4         y4  area4
range  328.85489  1.154165  107.0  124.365999  3.696064   77.0  290.02273  18.17676  159.0  328.879711  30.599022   93.0
FAILURE!!!! Some beads might have been misidentified

iter 39 cost=0.340234 -> 0.366621 |dtheta|=3.728110e-04  lambda=1.017e+04

============================================================
Iteration 40
============================================================
Theta offsets (Unity frame):
  Source   : dSx=   0.000, dSy=   0.000, dSz=   0.000  (mm)
  Object   : dOx= -14.999, dOy= -12.003, dOz= -21.960  (mm)
  Object offset: offset_x=   0.000, offset_z=   0.000  (mm)
  Detector : dDx=   0.000, dDy=   0.000, dDz=   0.000  (mm)
  Obj Stage rotY :   15.009 deg
============================================================

Unity geometry (world coordinates):
  Source   : x= -10.000, y=  55.000, z=   0.000
  Object   : x=   0.001, y=  29.997, z= 560.040
  Detector : x=   8.000, y=  20.000, z= 760.000
  Obj rotY :   0.0000 deg
view   0 | SOD= 560.688 mm | SDD= 761.018 mm | M= 1.357 | incident=2.9645°
[[ 135.37726    -543.5243      -25.003065  ]
 [ -44.058487    195.20894       9.996935  ]
 [   0.14449622    0.03874279    0.        ]
 [   0.            0.            0.1496    ]]
              x1        y1  area1          x2        y2  area2         x3        y3  area3          x4         y4  area4
range  328.87379  1.135647  107.0  124.365999  3.696064   77.0  290.02273  18.17676  159.0  328.882942  30.582134   94.0
FAILURE!!!! Some beads might have been misidentified
               x1        y1  area1          x2        y2  area2          x3         y3  area3          x4         y4  area4
range  328.860664  1.135789  104.0  124.478895  3.665884   75.0  290.086866  18.220051  167.0  328.856999  30.537926   97.0
FAILURE!!!! Some beads might have been misidentified
               x1        y1  area1          x2        y2  area2         x3         y3  area3          x4         y4  area4
range  328.872734  1.120798  107.0  124.325049  3.705551   79.0  290.01519  18.122216  169.0  328.819962  30.649763   93.0
FAILURE!!!! Some beads might have been misidentified
               x1        y1  area1          x2        y2  area2          x3         y3  area3          x4         y4  area4
range  328.898738  1.179073  105.0  124.323065  3.672051   78.0  290.113059  18.145738  164.0  328.890285  30.588186   95.0
FAILURE!!!! Some beads might have been misidentified
              x1        y1  area1          x2        y2  area2          x3         y3  area3         x4         y4  area4
range  328.83402  1.128145  104.0  124.382254  3.619099   87.0  290.029821  18.222087  165.0  328.88489  30.502217  101.0
FAILURE!!!! Some beads might have been misidentified
              x1        y1  area1          x2        y2  area2          x3        y3  area3          x4         y4  area4
range  328.87379  1.135647  107.0  124.365436  3.696064   76.0  290.037233  18.17676  159.0  328.856549  30.581704   93.0
FAILURE!!!! Some beads might have been misidentified
              x1        y1  area1          x2        y2  area2          x3        y3  area3          x4         y4  area4
range  328.85489  1.135647  107.0  124.365999  3.679632   76.0  290.041377  18.17676  159.0  328.879711  30.617091   94.0
FAILURE!!!! Some beads might have been misidentified
              x1        y1  area1          x2        y2  area2         x3         y3  area3          x4         y4  area4
range  328.85489  1.107209  105.0  124.365436  3.680522   74.0  290.05588  18.164238  162.0  328.869613  30.627715   95.0
FAILURE!!!! Some beads might have been misidentified
               x1        y1  area1          x2       y2  area2         x3         y3  area3          x4         y4  area4
range  328.892777  1.142857  108.0  124.365999  3.70505   74.0  290.02273  18.186158  159.0  328.878987  30.605566   94.0
FAILURE!!!! Some beads might have been misidentified
               x1        y1  area1          x2        y2  area2          x3         y3  area3          x4         y4  area4
range  328.959066  1.135789  105.0  124.227622  3.686329   74.0  290.157287  18.183347  171.0  328.919545  30.600936   92.0
FAILURE!!!! Some beads might have been misidentified
               x1        y1  area1         x2        y2  area2          x3         y3  area3          x4         y4  area4
range  328.800223  1.120798  106.0  124.55901  3.668749   78.0  289.973221  18.173858  164.0  328.850485  30.586752   97.0
FAILURE!!!! Some beads might have been misidentified
               x1        y1  area1          x2        y2  area2          x3         y3  area3          x4         y4  area4
range  329.050581  1.135647  106.0  124.288481  3.667313   78.0  289.992213  18.169657  165.0  329.015286  30.564027   92.0
FAILURE!!!! Some beads might have been misidentified
               x1        y1  area1          x2        y2  area2          x3         y3  area3          x4         y4  area4
range  328.720835  1.135647  106.0  124.543403  3.704121   77.0  290.154232  18.157605  159.0  328.664647  30.634768   97.0
FAILURE!!!! Some beads might have been misidentified
Residual vector length: 140, Jacobian shape: (140, 6)
view   0 | SOD= 560.688 mm | SDD= 761.018 mm | M= 1.357 | incident=2.9645°
[[ 135.37727    -543.5243      -25.003124  ]
 [ -44.0585      195.20892       9.996876  ]
 [   0.14449622    0.03874279    0.        ]
 [   0.            0.            0.1496    ]]
              x1        y1  area1          x2        y2  area2         x3        y3  area3         x4         y4  area4
range  328.87379  1.135647  107.0  124.365999  3.677966   81.0  290.02273  18.17676  159.0  328.86411  30.582134   94.0
FAILURE!!!! Some beads might have been misidentified

iter 40 cost=0.340234 -> 0.341495 |dtheta|=9.492847e-05  lambda=5.086e+04

============================================================
Iteration 41
============================================================
Theta offsets (Unity frame):
  Source   : dSx=   0.000, dSy=   0.000, dSz=   0.000  (mm)
  Object   : dOx= -14.999, dOy= -12.003, dOz= -21.960  (mm)
  Object offset: offset_x=   0.000, offset_z=   0.000  (mm)
  Detector : dDx=   0.000, dDy=   0.000, dDz=   0.000  (mm)
  Obj Stage rotY :   15.009 deg
============================================================

Unity geometry (world coordinates):
  Source   : x= -10.000, y=  55.000, z=   0.000
  Object   : x=   0.001, y=  29.997, z= 560.040
  Detector : x=   8.000, y=  20.000, z= 760.000
  Obj rotY :   0.0000 deg
view   0 | SOD= 560.688 mm | SDD= 761.018 mm | M= 1.357 | incident=2.9645°
[[ 135.37726    -543.5243      -25.003065  ]
 [ -44.058487    195.20894       9.996935  ]
 [   0.14449622    0.03874279    0.        ]
 [   0.            0.            0.1496    ]]
              x1        y1  area1          x2        y2  area2         x3        y3  area3          x4         y4  area4
range  328.87379  1.135647  107.0  124.365999  3.696064   77.0  290.02273  18.17676  159.0  328.882942  30.582134   94.0
FAILURE!!!! Some beads might have been misidentified
               x1        y1  area1          x2        y2  area2          x3         y3  area3          x4         y4  area4
range  328.860664  1.135789  104.0  124.478895  3.665884   75.0  290.086866  18.220051  167.0  328.856999  30.537926   97.0
FAILURE!!!! Some beads might have been misidentified
               x1        y1  area1          x2        y2  area2         x3         y3  area3          x4         y4  area4
range  328.872734  1.120798  107.0  124.325049  3.705551   79.0  290.01519  18.122216  169.0  328.819962  30.649763   93.0
FAILURE!!!! Some beads might have been misidentified
               x1        y1  area1          x2        y2  area2          x3         y3  area3          x4         y4  area4
range  328.898738  1.179073  105.0  124.323065  3.672051   78.0  290.113059  18.145738  164.0  328.890285  30.588186   95.0
FAILURE!!!! Some beads might have been misidentified
              x1        y1  area1          x2        y2  area2          x3         y3  area3         x4         y4  area4
range  328.83402  1.128145  104.0  124.382254  3.619099   87.0  290.029821  18.222087  165.0  328.88489  30.502217  101.0
FAILURE!!!! Some beads might have been misidentified
              x1        y1  area1          x2        y2  area2          x3        y3  area3          x4         y4  area4
range  328.87379  1.135647  107.0  124.365436  3.696064   76.0  290.037233  18.17676  159.0  328.856549  30.581704   93.0
FAILURE!!!! Some beads might have been misidentified
              x1        y1  area1          x2        y2  area2          x3        y3  area3          x4         y4  area4
range  328.85489  1.135647  107.0  124.365999  3.679632   76.0  290.041377  18.17676  159.0  328.879711  30.617091   94.0
FAILURE!!!! Some beads might have been misidentified
              x1        y1  area1          x2        y2  area2         x3         y3  area3          x4         y4  area4
range  328.85489  1.107209  105.0  124.365436  3.680522   74.0  290.05588  18.164238  162.0  328.869613  30.627715   95.0
FAILURE!!!! Some beads might have been misidentified
               x1        y1  area1          x2       y2  area2         x3         y3  area3          x4         y4  area4
range  328.892777  1.142857  108.0  124.365999  3.70505   74.0  290.02273  18.186158  159.0  328.878987  30.605566   94.0
FAILURE!!!! Some beads might have been misidentified
               x1        y1  area1          x2        y2  area2          x3         y3  area3          x4         y4  area4
range  328.959066  1.135789  105.0  124.227622  3.686329   74.0  290.157287  18.183347  171.0  328.919545  30.600936   92.0
FAILURE!!!! Some beads might have been misidentified
               x1        y1  area1         x2        y2  area2          x3         y3  area3          x4         y4  area4
range  328.800223  1.120798  106.0  124.55901  3.668749   78.0  289.973221  18.173858  164.0  328.850485  30.586752   97.0
FAILURE!!!! Some beads might have been misidentified
               x1        y1  area1          x2        y2  area2          x3         y3  area3          x4         y4  area4
range  329.050581  1.135647  106.0  124.288481  3.667313   78.0  289.992213  18.169657  165.0  329.015286  30.564027   92.0
FAILURE!!!! Some beads might have been misidentified
               x1        y1  area1          x2        y2  area2          x3         y3  area3          x4         y4  area4
range  328.720835  1.135647  106.0  124.543403  3.704121   77.0  290.154232  18.157605  159.0  328.664647  30.634768   97.0
FAILURE!!!! Some beads might have been misidentified
Residual vector length: 140, Jacobian shape: (140, 6)
view   0 | SOD= 560.688 mm | SDD= 761.018 mm | M= 1.357 | incident=2.9645°
[[ 135.37726    -543.5243      -25.003078  ]
 [ -44.05849     195.20894       9.996922  ]
 [   0.14449622    0.03874279    0.        ]
 [   0.            0.            0.1496    ]]
              x1        y1  area1          x2        y2  area2         x3        y3  area3          x4         y4  area4
range  328.87379  1.135647  107.0  124.365999  3.696064   77.0  290.02273  18.17676  159.0  328.882942  30.582134   94.0
FAILURE!!!! Some beads might have been misidentified

iter 41 cost=0.340234 -> 0.340234 |dtheta|=2.011088e-05  lambda=2.543e+05

============================================================
Iteration 42
============================================================
Theta offsets (Unity frame):
  Source   : dSx=   0.000, dSy=   0.000, dSz=   0.000  (mm)
  Object   : dOx= -14.999, dOy= -12.003, dOz= -21.960  (mm)
  Object offset: offset_x=   0.000, offset_z=   0.000  (mm)
  Detector : dDx=   0.000, dDy=   0.000, dDz=   0.000  (mm)
  Obj Stage rotY :   15.009 deg
============================================================

Unity geometry (world coordinates):
  Source   : x= -10.000, y=  55.000, z=   0.000
  Object   : x=   0.001, y=  29.997, z= 560.040
  Detector : x=   8.000, y=  20.000, z= 760.000
  Obj rotY :   0.0000 deg
view   0 | SOD= 560.688 mm | SDD= 761.018 mm | M= 1.357 | incident=2.9645°
[[ 135.37726    -543.5243      -25.003065  ]
 [ -44.058487    195.20894       9.996935  ]
 [   0.14449622    0.03874279    0.        ]
 [   0.            0.            0.1496    ]]
              x1        y1  area1          x2        y2  area2         x3        y3  area3          x4         y4  area4
range  328.87379  1.135647  107.0  124.365999  3.696064   77.0  290.02273  18.17676  159.0  328.882942  30.582134   94.0
FAILURE!!!! Some beads might have been misidentified
               x1        y1  area1          x2        y2  area2          x3         y3  area3          x4         y4  area4
range  328.860664  1.135789  104.0  124.478895  3.665884   75.0  290.086866  18.220051  167.0  328.856999  30.537926   97.0
FAILURE!!!! Some beads might have been misidentified
               x1        y1  area1          x2        y2  area2         x3         y3  area3          x4         y4  area4
range  328.872734  1.120798  107.0  124.325049  3.705551   79.0  290.01519  18.122216  169.0  328.819962  30.649763   93.0
FAILURE!!!! Some beads might have been misidentified
               x1        y1  area1          x2        y2  area2          x3         y3  area3          x4         y4  area4
range  328.898738  1.179073  105.0  124.323065  3.672051   78.0  290.113059  18.145738  164.0  328.890285  30.588186   95.0
FAILURE!!!! Some beads might have been misidentified
              x1        y1  area1          x2        y2  area2          x3         y3  area3         x4         y4  area4
range  328.83402  1.128145  104.0  124.382254  3.619099   87.0  290.029821  18.222087  165.0  328.88489  30.502217  101.0
FAILURE!!!! Some beads might have been misidentified
              x1        y1  area1          x2        y2  area2          x3        y3  area3          x4         y4  area4
range  328.87379  1.135647  107.0  124.365436  3.696064   76.0  290.037233  18.17676  159.0  328.856549  30.581704   93.0
FAILURE!!!! Some beads might have been misidentified
              x1        y1  area1          x2        y2  area2          x3        y3  area3          x4         y4  area4
range  328.85489  1.135647  107.0  124.365999  3.679632   76.0  290.041377  18.17676  159.0  328.879711  30.617091   94.0
FAILURE!!!! Some beads might have been misidentified
              x1        y1  area1          x2        y2  area2         x3         y3  area3          x4         y4  area4
range  328.85489  1.107209  105.0  124.365436  3.680522   74.0  290.05588  18.164238  162.0  328.869613  30.627715   95.0
FAILURE!!!! Some beads might have been misidentified
               x1        y1  area1          x2       y2  area2         x3         y3  area3          x4         y4  area4
range  328.892777  1.142857  108.0  124.365999  3.70505   74.0  290.02273  18.186158  159.0  328.878987  30.605566   94.0
FAILURE!!!! Some beads might have been misidentified
               x1        y1  area1          x2        y2  area2          x3         y3  area3          x4         y4  area4
range  328.959066  1.135789  105.0  124.227622  3.686329   74.0  290.157287  18.183347  171.0  328.919545  30.600936   92.0
FAILURE!!!! Some beads might have been misidentified
               x1        y1  area1         x2        y2  area2          x3         y3  area3          x4         y4  area4
range  328.800223  1.120798  106.0  124.55901  3.668749   78.0  289.973221  18.173858  164.0  328.850485  30.586752   97.0
FAILURE!!!! Some beads might have been misidentified
               x1        y1  area1          x2        y2  area2          x3         y3  area3          x4         y4  area4
range  329.050581  1.135647  106.0  124.288481  3.667313   78.0  289.992213  18.169657  165.0  329.015286  30.564027   92.0
FAILURE!!!! Some beads might have been misidentified
               x1        y1  area1          x2        y2  area2          x3         y3  area3          x4         y4  area4
range  328.720835  1.135647  106.0  124.543403  3.704121   77.0  290.154232  18.157605  159.0  328.664647  30.634768   97.0
FAILURE!!!! Some beads might have been misidentified
Residual vector length: 140, Jacobian shape: (140, 6)
view   0 | SOD= 560.688 mm | SDD= 761.018 mm | M= 1.357 | incident=2.9645°
[[ 135.37726    -543.5243      -25.003069  ]
 [ -44.058487    195.20894       9.996931  ]
 [   0.14449622    0.03874279    0.        ]
 [   0.            0.            0.1496    ]]
              x1        y1  area1          x2        y2  area2         x3        y3  area3          x4         y4  area4
range  328.87379  1.135647  107.0  124.365999  3.696064   77.0  290.02273  18.17676  159.0  328.882942  30.582134   94.0
FAILURE!!!! Some beads might have been misidentified

iter 42 cost=0.340234 -> 0.340234 |dtheta|=5.171912e-06  lambda=1.000e+06

============================================================
Iteration 43
============================================================
Theta offsets (Unity frame):
  Source   : dSx=   0.000, dSy=   0.000, dSz=   0.000  (mm)
  Object   : dOx= -14.999, dOy= -12.003, dOz= -21.960  (mm)
  Object offset: offset_x=   0.000, offset_z=   0.000  (mm)
  Detector : dDx=   0.000, dDy=   0.000, dDz=   0.000  (mm)
  Obj Stage rotY :   15.009 deg
============================================================

Unity geometry (world coordinates):
  Source   : x= -10.000, y=  55.000, z=   0.000
  Object   : x=   0.001, y=  29.997, z= 560.040
  Detector : x=   8.000, y=  20.000, z= 760.000
  Obj rotY :   0.0000 deg
view   0 | SOD= 560.688 mm | SDD= 761.018 mm | M= 1.357 | incident=2.9645°
[[ 135.37726    -543.5243      -25.003065  ]
 [ -44.058487    195.20894       9.996935  ]
 [   0.14449622    0.03874279    0.        ]
 [   0.            0.            0.1496    ]]
              x1        y1  area1          x2        y2  area2         x3        y3  area3          x4         y4  area4
range  328.87379  1.135647  107.0  124.365999  3.696064   77.0  290.02273  18.17676  159.0  328.882942  30.582134   94.0
FAILURE!!!! Some beads might have been misidentified
               x1        y1  area1          x2        y2  area2          x3         y3  area3          x4         y4  area4
range  328.860664  1.135789  104.0  124.478895  3.665884   75.0  290.086866  18.220051  167.0  328.856999  30.537926   97.0
FAILURE!!!! Some beads might have been misidentified
               x1        y1  area1          x2        y2  area2         x3         y3  area3          x4         y4  area4
range  328.872734  1.120798  107.0  124.325049  3.705551   79.0  290.01519  18.122216  169.0  328.819962  30.649763   93.0
FAILURE!!!! Some beads might have been misidentified
               x1        y1  area1          x2        y2  area2          x3         y3  area3          x4         y4  area4
range  328.898738  1.179073  105.0  124.323065  3.672051   78.0  290.113059  18.145738  164.0  328.890285  30.588186   95.0
FAILURE!!!! Some beads might have been misidentified
              x1        y1  area1          x2        y2  area2          x3         y3  area3         x4         y4  area4
range  328.83402  1.128145  104.0  124.382254  3.619099   87.0  290.029821  18.222087  165.0  328.88489  30.502217  101.0
FAILURE!!!! Some beads might have been misidentified
              x1        y1  area1          x2        y2  area2          x3        y3  area3          x4         y4  area4
range  328.87379  1.135647  107.0  124.365436  3.696064   76.0  290.037233  18.17676  159.0  328.856549  30.581704   93.0
FAILURE!!!! Some beads might have been misidentified
              x1        y1  area1          x2        y2  area2          x3        y3  area3          x4         y4  area4
range  328.85489  1.135647  107.0  124.365999  3.679632   76.0  290.041377  18.17676  159.0  328.879711  30.617091   94.0
FAILURE!!!! Some beads might have been misidentified
              x1        y1  area1          x2        y2  area2         x3         y3  area3          x4         y4  area4
range  328.85489  1.107209  105.0  124.365436  3.680522   74.0  290.05588  18.164238  162.0  328.869613  30.627715   95.0
FAILURE!!!! Some beads might have been misidentified
               x1        y1  area1          x2       y2  area2         x3         y3  area3          x4         y4  area4
range  328.892777  1.142857  108.0  124.365999  3.70505   74.0  290.02273  18.186158  159.0  328.878987  30.605566   94.0
FAILURE!!!! Some beads might have been misidentified
               x1        y1  area1          x2        y2  area2          x3         y3  area3          x4         y4  area4
range  328.959066  1.135789  105.0  124.227622  3.686329   74.0  290.157287  18.183347  171.0  328.919545  30.600936   92.0
FAILURE!!!! Some beads might have been misidentified
               x1        y1  area1         x2        y2  area2          x3         y3  area3          x4         y4  area4
range  328.800223  1.120798  106.0  124.55901  3.668749   78.0  289.973221  18.173858  164.0  328.850485  30.586752   97.0
FAILURE!!!! Some beads might have been misidentified
               x1        y1  area1          x2        y2  area2          x3         y3  area3          x4         y4  area4
range  329.050581  1.135647  106.0  124.288481  3.667313   78.0  289.992213  18.169657  165.0  329.015286  30.564027   92.0
FAILURE!!!! Some beads might have been misidentified
               x1        y1  area1          x2        y2  area2          x3         y3  area3          x4         y4  area4
range  328.720835  1.135647  106.0  124.543403  3.704121   77.0  290.154232  18.157605  159.0  328.664647  30.634768   97.0
FAILURE!!!! Some beads might have been misidentified
Residual vector length: 140, Jacobian shape: (140, 6)
view   0 | SOD= 560.688 mm | SDD= 761.018 mm | M= 1.357 | incident=2.9645°
[[ 135.37726    -543.5243      -25.003069  ]
 [ -44.058487    195.20894       9.996931  ]
 [   0.14449622    0.03874279    0.        ]
 [   0.            0.            0.1496    ]]
              x1        y1  area1          x2        y2  area2         x3        y3  area3          x4         y4  area4
range  328.87379  1.135647  107.0  124.365999  3.696064   77.0  290.02273  18.17676  159.0  328.882942  30.582134   94.0
FAILURE!!!! Some beads might have been misidentified

iter 43 cost=0.340234 -> 0.340234 |dtheta|=5.171912e-06  lambda=1.000e+06

============================================================
Iteration 44
============================================================
Theta offsets (Unity frame):
  Source   : dSx=   0.000, dSy=   0.000, dSz=   0.000  (mm)
  Object   : dOx= -14.999, dOy= -12.003, dOz= -21.960  (mm)
  Object offset: offset_x=   0.000, offset_z=   0.000  (mm)
  Detector : dDx=   0.000, dDy=   0.000, dDz=   0.000  (mm)
  Obj Stage rotY :   15.009 deg
============================================================

Unity geometry (world coordinates):
  Source   : x= -10.000, y=  55.000, z=   0.000
  Object   : x=   0.001, y=  29.997, z= 560.040
  Detector : x=   8.000, y=  20.000, z= 760.000
  Obj rotY :   0.0000 deg
view   0 | SOD= 560.688 mm | SDD= 761.018 mm | M= 1.357 | incident=2.9645°
[[ 135.37726    -543.5243      -25.003065  ]
 [ -44.058487    195.20894       9.996935  ]
 [   0.14449622    0.03874279    0.        ]
 [   0.            0.            0.1496    ]]
              x1        y1  area1          x2        y2  area2         x3        y3  area3          x4         y4  area4
range  328.87379  1.135647  107.0  124.365999  3.696064   77.0  290.02273  18.17676  159.0  328.882942  30.582134   94.0
FAILURE!!!! Some beads might have been misidentified
               x1        y1  area1          x2        y2  area2          x3         y3  area3          x4         y4  area4
range  328.860664  1.135789  104.0  124.478895  3.665884   75.0  290.086866  18.220051  167.0  328.856999  30.537926   97.0
FAILURE!!!! Some beads might have been misidentified
               x1        y1  area1          x2        y2  area2         x3         y3  area3          x4         y4  area4
range  328.872734  1.120798  107.0  124.325049  3.705551   79.0  290.01519  18.122216  169.0  328.819962  30.649763   93.0
FAILURE!!!! Some beads might have been misidentified
               x1        y1  area1          x2        y2  area2          x3         y3  area3          x4         y4  area4
range  328.898738  1.179073  105.0  124.323065  3.672051   78.0  290.113059  18.145738  164.0  328.890285  30.588186   95.0
FAILURE!!!! Some beads might have been misidentified
              x1        y1  area1          x2        y2  area2          x3         y3  area3         x4         y4  area4
range  328.83402  1.128145  104.0  124.382254  3.619099   87.0  290.029821  18.222087  165.0  328.88489  30.502217  101.0
FAILURE!!!! Some beads might have been misidentified
              x1        y1  area1          x2        y2  area2          x3        y3  area3          x4         y4  area4
range  328.87379  1.135647  107.0  124.365436  3.696064   76.0  290.037233  18.17676  159.0  328.856549  30.581704   93.0
FAILURE!!!! Some beads might have been misidentified
              x1        y1  area1          x2        y2  area2          x3        y3  area3          x4         y4  area4
range  328.85489  1.135647  107.0  124.365999  3.679632   76.0  290.041377  18.17676  159.0  328.879711  30.617091   94.0
FAILURE!!!! Some beads might have been misidentified
              x1        y1  area1          x2        y2  area2         x3         y3  area3          x4         y4  area4
range  328.85489  1.107209  105.0  124.365436  3.680522   74.0  290.05588  18.164238  162.0  328.869613  30.627715   95.0
FAILURE!!!! Some beads might have been misidentified
               x1        y1  area1          x2       y2  area2         x3         y3  area3          x4         y4  area4
range  328.892777  1.142857  108.0  124.365999  3.70505   74.0  290.02273  18.186158  159.0  328.878987  30.605566   94.0
FAILURE!!!! Some beads might have been misidentified
               x1        y1  area1          x2        y2  area2          x3         y3  area3          x4         y4  area4
range  328.959066  1.135789  105.0  124.227622  3.686329   74.0  290.157287  18.183347  171.0  328.919545  30.600936   92.0
FAILURE!!!! Some beads might have been misidentified
               x1        y1  area1         x2        y2  area2          x3         y3  area3          x4         y4  area4
range  328.800223  1.120798  106.0  124.55901  3.668749   78.0  289.973221  18.173858  164.0  328.850485  30.586752   97.0
FAILURE!!!! Some beads might have been misidentified
               x1        y1  area1          x2        y2  area2          x3         y3  area3          x4         y4  area4
range  329.050581  1.135647  106.0  124.288481  3.667313   78.0  289.992213  18.169657  165.0  329.015286  30.564027   92.0
FAILURE!!!! Some beads might have been misidentified
               x1        y1  area1          x2        y2  area2          x3         y3  area3          x4         y4  area4
range  328.720835  1.135647  106.0  124.543403  3.704121   77.0  290.154232  18.157605  159.0  328.664647  30.634768   97.0
FAILURE!!!! Some beads might have been misidentified
Residual vector length: 140, Jacobian shape: (140, 6)
view   0 | SOD= 560.688 mm | SDD= 761.018 mm | M= 1.357 | incident=2.9645°
[[ 135.37726    -543.5243      -25.003069  ]
 [ -44.058487    195.20894       9.996931  ]
 [   0.14449622    0.03874279    0.        ]
 [   0.            0.            0.1496    ]]
              x1        y1  area1          x2        y2  area2         x3        y3  area3          x4         y4  area4
range  328.87379  1.135647  107.0  124.365999  3.696064   77.0  290.02273  18.17676  159.0  328.882942  30.582134   94.0
FAILURE!!!! Some beads might have been misidentified

iter 44 cost=0.340234 -> 0.340234 |dtheta|=5.171912e-06  lambda=1.000e+06

============================================================
Iteration 45
============================================================
Theta offsets (Unity frame):
  Source   : dSx=   0.000, dSy=   0.000, dSz=   0.000  (mm)
  Object   : dOx= -14.999, dOy= -12.003, dOz= -21.960  (mm)
  Object offset: offset_x=   0.000, offset_z=   0.000  (mm)
  Detector : dDx=   0.000, dDy=   0.000, dDz=   0.000  (mm)
  Obj Stage rotY :   15.009 deg
============================================================

Unity geometry (world coordinates):
  Source   : x= -10.000, y=  55.000, z=   0.000
  Object   : x=   0.001, y=  29.997, z= 560.040
  Detector : x=   8.000, y=  20.000, z= 760.000
  Obj rotY :   0.0000 deg
view   0 | SOD= 560.688 mm | SDD= 761.018 mm | M= 1.357 | incident=2.9645°
[[ 135.37726    -543.5243      -25.003065  ]
 [ -44.058487    195.20894       9.996935  ]
 [   0.14449622    0.03874279    0.        ]
 [   0.            0.            0.1496    ]]
              x1        y1  area1          x2        y2  area2         x3        y3  area3          x4         y4  area4
range  328.87379  1.135647  107.0  124.365999  3.696064   77.0  290.02273  18.17676  159.0  328.882942  30.582134   94.0
FAILURE!!!! Some beads might have been misidentified
               x1        y1  area1          x2        y2  area2          x3         y3  area3          x4         y4  area4
range  328.860664  1.135789  104.0  124.478895  3.665884   75.0  290.086866  18.220051  167.0  328.856999  30.537926   97.0
FAILURE!!!! Some beads might have been misidentified
               x1        y1  area1          x2        y2  area2         x3         y3  area3          x4         y4  area4
range  328.872734  1.120798  107.0  124.325049  3.705551   79.0  290.01519  18.122216  169.0  328.819962  30.649763   93.0
FAILURE!!!! Some beads might have been misidentified
               x1        y1  area1          x2        y2  area2          x3         y3  area3          x4         y4  area4
range  328.898738  1.179073  105.0  124.323065  3.672051   78.0  290.113059  18.145738  164.0  328.890285  30.588186   95.0
FAILURE!!!! Some beads might have been misidentified
              x1        y1  area1          x2        y2  area2          x3         y3  area3         x4         y4  area4
range  328.83402  1.128145  104.0  124.382254  3.619099   87.0  290.029821  18.222087  165.0  328.88489  30.502217  101.0
FAILURE!!!! Some beads might have been misidentified
              x1        y1  area1          x2        y2  area2          x3        y3  area3          x4         y4  area4
range  328.87379  1.135647  107.0  124.365436  3.696064   76.0  290.037233  18.17676  159.0  328.856549  30.581704   93.0
FAILURE!!!! Some beads might have been misidentified
              x1        y1  area1          x2        y2  area2          x3        y3  area3          x4         y4  area4
range  328.85489  1.135647  107.0  124.365999  3.679632   76.0  290.041377  18.17676  159.0  328.879711  30.617091   94.0
FAILURE!!!! Some beads might have been misidentified
              x1        y1  area1          x2        y2  area2         x3         y3  area3          x4         y4  area4
range  328.85489  1.107209  105.0  124.365436  3.680522   74.0  290.05588  18.164238  162.0  328.869613  30.627715   95.0
FAILURE!!!! Some beads might have been misidentified
               x1        y1  area1          x2       y2  area2         x3         y3  area3          x4         y4  area4
range  328.892777  1.142857  108.0  124.365999  3.70505   74.0  290.02273  18.186158  159.0  328.878987  30.605566   94.0
FAILURE!!!! Some beads might have been misidentified
               x1        y1  area1          x2        y2  area2          x3         y3  area3          x4         y4  area4
range  328.959066  1.135789  105.0  124.227622  3.686329   74.0  290.157287  18.183347  171.0  328.919545  30.600936   92.0
FAILURE!!!! Some beads might have been misidentified
               x1        y1  area1         x2        y2  area2          x3         y3  area3          x4         y4  area4
range  328.800223  1.120798  106.0  124.55901  3.668749   78.0  289.973221  18.173858  164.0  328.850485  30.586752   97.0
FAILURE!!!! Some beads might have been misidentified
               x1        y1  area1          x2        y2  area2          x3         y3  area3          x4         y4  area4
range  329.050581  1.135647  106.0  124.288481  3.667313   78.0  289.992213  18.169657  165.0  329.015286  30.564027   92.0
FAILURE!!!! Some beads might have been misidentified
               x1        y1  area1          x2        y2  area2          x3         y3  area3          x4         y4  area4
range  328.720835  1.135647  106.0  124.543403  3.704121   77.0  290.154232  18.157605  159.0  328.664647  30.634768   97.0
FAILURE!!!! Some beads might have been misidentified
Residual vector length: 140, Jacobian shape: (140, 6)
view   0 | SOD= 560.688 mm | SDD= 761.018 mm | M= 1.357 | incident=2.9645°
[[ 135.37726    -543.5243      -25.003069  ]
 [ -44.058487    195.20894       9.996931  ]
 [   0.14449622    0.03874279    0.        ]
 [   0.            0.            0.1496    ]]
              x1        y1  area1          x2        y2  area2         x3        y3  area3          x4         y4  area4
range  328.87379  1.135647  107.0  124.365999  3.696064   77.0  290.02273  18.17676  159.0  328.882942  30.582134   94.0
FAILURE!!!! Some beads might have been misidentified

iter 45 cost=0.340234 -> 0.340234 |dtheta|=5.171912e-06  lambda=1.000e+06

============================================================
Iteration 46
============================================================
Theta offsets (Unity frame):
  Source   : dSx=   0.000, dSy=   0.000, dSz=   0.000  (mm)
  Object   : dOx= -14.999, dOy= -12.003, dOz= -21.960  (mm)
  Object offset: offset_x=   0.000, offset_z=   0.000  (mm)
  Detector : dDx=   0.000, dDy=   0.000, dDz=   0.000  (mm)
  Obj Stage rotY :   15.009 deg
============================================================

Unity geometry (world coordinates):
  Source   : x= -10.000, y=  55.000, z=   0.000
  Object   : x=   0.001, y=  29.997, z= 560.040
  Detector : x=   8.000, y=  20.000, z= 760.000
  Obj rotY :   0.0000 deg
view   0 | SOD= 560.688 mm | SDD= 761.018 mm | M= 1.357 | incident=2.9645°
[[ 135.37726    -543.5243      -25.003065  ]
 [ -44.058487    195.20894       9.996935  ]
 [   0.14449622    0.03874279    0.        ]
 [   0.            0.            0.1496    ]]
              x1        y1  area1          x2        y2  area2         x3        y3  area3          x4         y4  area4
range  328.87379  1.135647  107.0  124.365999  3.696064   77.0  290.02273  18.17676  159.0  328.882942  30.582134   94.0
FAILURE!!!! Some beads might have been misidentified
               x1        y1  area1          x2        y2  area2          x3         y3  area3          x4         y4  area4
range  328.860664  1.135789  104.0  124.478895  3.665884   75.0  290.086866  18.220051  167.0  328.856999  30.537926   97.0
FAILURE!!!! Some beads might have been misidentified
               x1        y1  area1          x2        y2  area2         x3         y3  area3          x4         y4  area4
range  328.872734  1.120798  107.0  124.325049  3.705551   79.0  290.01519  18.122216  169.0  328.819962  30.649763   93.0
FAILURE!!!! Some beads might have been misidentified
               x1        y1  area1          x2        y2  area2          x3         y3  area3          x4         y4  area4
range  328.898738  1.179073  105.0  124.323065  3.672051   78.0  290.113059  18.145738  164.0  328.890285  30.588186   95.0
FAILURE!!!! Some beads might have been misidentified
              x1        y1  area1          x2        y2  area2          x3         y3  area3         x4         y4  area4
range  328.83402  1.128145  104.0  124.382254  3.619099   87.0  290.029821  18.222087  165.0  328.88489  30.502217  101.0
FAILURE!!!! Some beads might have been misidentified
              x1        y1  area1          x2        y2  area2          x3        y3  area3          x4         y4  area4
range  328.87379  1.135647  107.0  124.365436  3.696064   76.0  290.037233  18.17676  159.0  328.856549  30.581704   93.0
FAILURE!!!! Some beads might have been misidentified
              x1        y1  area1          x2        y2  area2          x3        y3  area3          x4         y4  area4
range  328.85489  1.135647  107.0  124.365999  3.679632   76.0  290.041377  18.17676  159.0  328.879711  30.617091   94.0
FAILURE!!!! Some beads might have been misidentified
              x1        y1  area1          x2        y2  area2         x3         y3  area3          x4         y4  area4
range  328.85489  1.107209  105.0  124.365436  3.680522   74.0  290.05588  18.164238  162.0  328.869613  30.627715   95.0
FAILURE!!!! Some beads might have been misidentified
               x1        y1  area1          x2       y2  area2         x3         y3  area3          x4         y4  area4
range  328.892777  1.142857  108.0  124.365999  3.70505   74.0  290.02273  18.186158  159.0  328.878987  30.605566   94.0
FAILURE!!!! Some beads might have been misidentified
               x1        y1  area1          x2        y2  area2          x3         y3  area3          x4         y4  area4
range  328.959066  1.135789  105.0  124.227622  3.686329   74.0  290.157287  18.183347  171.0  328.919545  30.600936   92.0
FAILURE!!!! Some beads might have been misidentified
               x1        y1  area1         x2        y2  area2          x3         y3  area3          x4         y4  area4
range  328.800223  1.120798  106.0  124.55901  3.668749   78.0  289.973221  18.173858  164.0  328.850485  30.586752   97.0
FAILURE!!!! Some beads might have been misidentified
               x1        y1  area1          x2        y2  area2          x3         y3  area3          x4         y4  area4
range  329.050581  1.135647  106.0  124.288481  3.667313   78.0  289.992213  18.169657  165.0  329.015286  30.564027   92.0
FAILURE!!!! Some beads might have been misidentified
               x1        y1  area1          x2        y2  area2          x3         y3  area3          x4         y4  area4
range  328.720835  1.135647  106.0  124.543403  3.704121   77.0  290.154232  18.157605  159.0  328.664647  30.634768   97.0
FAILURE!!!! Some beads might have been misidentified
Residual vector length: 140, Jacobian shape: (140, 6)
view   0 | SOD= 560.688 mm | SDD= 761.018 mm | M= 1.357 | incident=2.9645°
[[ 135.37726    -543.5243      -25.003069  ]
 [ -44.058487    195.20894       9.996931  ]
 [   0.14449622    0.03874279    0.        ]
 [   0.            0.            0.1496    ]]
              x1        y1  area1          x2        y2  area2         x3        y3  area3          x4         y4  area4
range  328.87379  1.135647  107.0  124.365999  3.696064   77.0  290.02273  18.17676  159.0  328.882942  30.582134   94.0
FAILURE!!!! Some beads might have been misidentified

iter 46 cost=0.340234 -> 0.340234 |dtheta|=5.171912e-06  lambda=1.000e+06

============================================================
Iteration 47
============================================================
Theta offsets (Unity frame):
  Source   : dSx=   0.000, dSy=   0.000, dSz=   0.000  (mm)
  Object   : dOx= -14.999, dOy= -12.003, dOz= -21.960  (mm)
  Object offset: offset_x=   0.000, offset_z=   0.000  (mm)
  Detector : dDx=   0.000, dDy=   0.000, dDz=   0.000  (mm)
  Obj Stage rotY :   15.009 deg
============================================================

Unity geometry (world coordinates):
  Source   : x= -10.000, y=  55.000, z=   0.000
  Object   : x=   0.001, y=  29.997, z= 560.040
  Detector : x=   8.000, y=  20.000, z= 760.000
  Obj rotY :   0.0000 deg
view   0 | SOD= 560.688 mm | SDD= 761.018 mm | M= 1.357 | incident=2.9645°
[[ 135.37726    -543.5243      -25.003065  ]
 [ -44.058487    195.20894       9.996935  ]
 [   0.14449622    0.03874279    0.        ]
 [   0.            0.            0.1496    ]]
              x1        y1  area1          x2        y2  area2         x3        y3  area3          x4         y4  area4
range  328.87379  1.135647  107.0  124.365999  3.696064   77.0  290.02273  18.17676  159.0  328.882942  30.582134   94.0
FAILURE!!!! Some beads might have been misidentified
               x1        y1  area1          x2        y2  area2          x3         y3  area3          x4         y4  area4
range  328.860664  1.135789  104.0  124.478895  3.665884   75.0  290.086866  18.220051  167.0  328.856999  30.537926   97.0
FAILURE!!!! Some beads might have been misidentified
               x1        y1  area1          x2        y2  area2         x3         y3  area3          x4         y4  area4
range  328.872734  1.120798  107.0  124.325049  3.705551   79.0  290.01519  18.122216  169.0  328.819962  30.649763   93.0
FAILURE!!!! Some beads might have been misidentified
               x1        y1  area1          x2        y2  area2          x3         y3  area3          x4         y4  area4
range  328.898738  1.179073  105.0  124.323065  3.672051   78.0  290.113059  18.145738  164.0  328.890285  30.588186   95.0
FAILURE!!!! Some beads might have been misidentified
              x1        y1  area1          x2        y2  area2          x3         y3  area3         x4         y4  area4
range  328.83402  1.128145  104.0  124.382254  3.619099   87.0  290.029821  18.222087  165.0  328.88489  30.502217  101.0
FAILURE!!!! Some beads might have been misidentified
              x1        y1  area1          x2        y2  area2          x3        y3  area3          x4         y4  area4
range  328.87379  1.135647  107.0  124.365436  3.696064   76.0  290.037233  18.17676  159.0  328.856549  30.581704   93.0
FAILURE!!!! Some beads might have been misidentified
              x1        y1  area1          x2        y2  area2          x3        y3  area3          x4         y4  area4
range  328.85489  1.135647  107.0  124.365999  3.679632   76.0  290.041377  18.17676  159.0  328.879711  30.617091   94.0
FAILURE!!!! Some beads might have been misidentified
              x1        y1  area1          x2        y2  area2         x3         y3  area3          x4         y4  area4
range  328.85489  1.107209  105.0  124.365436  3.680522   74.0  290.05588  18.164238  162.0  328.869613  30.627715   95.0
FAILURE!!!! Some beads might have been misidentified
               x1        y1  area1          x2       y2  area2         x3         y3  area3          x4         y4  area4
range  328.892777  1.142857  108.0  124.365999  3.70505   74.0  290.02273  18.186158  159.0  328.878987  30.605566   94.0
FAILURE!!!! Some beads might have been misidentified
               x1        y1  area1          x2        y2  area2          x3         y3  area3          x4         y4  area4
range  328.959066  1.135789  105.0  124.227622  3.686329   74.0  290.157287  18.183347  171.0  328.919545  30.600936   92.0
FAILURE!!!! Some beads might have been misidentified
               x1        y1  area1         x2        y2  area2          x3         y3  area3          x4         y4  area4
range  328.800223  1.120798  106.0  124.55901  3.668749   78.0  289.973221  18.173858  164.0  328.850485  30.586752   97.0
FAILURE!!!! Some beads might have been misidentified
               x1        y1  area1          x2        y2  area2          x3         y3  area3          x4         y4  area4
range  329.050581  1.135647  106.0  124.288481  3.667313   78.0  289.992213  18.169657  165.0  329.015286  30.564027   92.0
FAILURE!!!! Some beads might have been misidentified
               x1        y1  area1          x2        y2  area2          x3         y3  area3          x4         y4  area4
range  328.720835  1.135647  106.0  124.543403  3.704121   77.0  290.154232  18.157605  159.0  328.664647  30.634768   97.0
FAILURE!!!! Some beads might have been misidentified
Residual vector length: 140, Jacobian shape: (140, 6)
view   0 | SOD= 560.688 mm | SDD= 761.018 mm | M= 1.357 | incident=2.9645°
[[ 135.37726    -543.5243      -25.003069  ]
 [ -44.058487    195.20894       9.996931  ]
 [   0.14449622    0.03874279    0.        ]
 [   0.            0.            0.1496    ]]
              x1        y1  area1          x2        y2  area2         x3        y3  area3          x4         y4  area4
range  328.87379  1.135647  107.0  124.365999  3.696064   77.0  290.02273  18.17676  159.0  328.882942  30.582134   94.0
FAILURE!!!! Some beads might have been misidentified

iter 47 cost=0.340234 -> 0.340234 |dtheta|=5.171912e-06  lambda=1.000e+06

============================================================
Iteration 48
============================================================
Theta offsets (Unity frame):
  Source   : dSx=   0.000, dSy=   0.000, dSz=   0.000  (mm)
  Object   : dOx= -14.999, dOy= -12.003, dOz= -21.960  (mm)
  Object offset: offset_x=   0.000, offset_z=   0.000  (mm)
  Detector : dDx=   0.000, dDy=   0.000, dDz=   0.000  (mm)
  Obj Stage rotY :   15.009 deg
============================================================

Unity geometry (world coordinates):
  Source   : x= -10.000, y=  55.000, z=   0.000
  Object   : x=   0.001, y=  29.997, z= 560.040
  Detector : x=   8.000, y=  20.000, z= 760.000
  Obj rotY :   0.0000 deg
view   0 | SOD= 560.688 mm | SDD= 761.018 mm | M= 1.357 | incident=2.9645°
[[ 135.37726    -543.5243      -25.003065  ]
 [ -44.058487    195.20894       9.996935  ]
 [   0.14449622    0.03874279    0.        ]
 [   0.            0.            0.1496    ]]
              x1        y1  area1          x2        y2  area2         x3        y3  area3          x4         y4  area4
range  328.87379  1.135647  107.0  124.365999  3.696064   77.0  290.02273  18.17676  159.0  328.882942  30.582134   94.0
FAILURE!!!! Some beads might have been misidentified
               x1        y1  area1          x2        y2  area2          x3         y3  area3          x4         y4  area4
range  328.860664  1.135789  104.0  124.478895  3.665884   75.0  290.086866  18.220051  167.0  328.856999  30.537926   97.0
FAILURE!!!! Some beads might have been misidentified
               x1        y1  area1          x2        y2  area2         x3         y3  area3          x4         y4  area4
range  328.872734  1.120798  107.0  124.325049  3.705551   79.0  290.01519  18.122216  169.0  328.819962  30.649763   93.0
FAILURE!!!! Some beads might have been misidentified
               x1        y1  area1          x2        y2  area2          x3         y3  area3          x4         y4  area4
range  328.898738  1.179073  105.0  124.323065  3.672051   78.0  290.113059  18.145738  164.0  328.890285  30.588186   95.0
FAILURE!!!! Some beads might have been misidentified
              x1        y1  area1          x2        y2  area2          x3         y3  area3         x4         y4  area4
range  328.83402  1.128145  104.0  124.382254  3.619099   87.0  290.029821  18.222087  165.0  328.88489  30.502217  101.0
FAILURE!!!! Some beads might have been misidentified
              x1        y1  area1          x2        y2  area2          x3        y3  area3          x4         y4  area4
range  328.87379  1.135647  107.0  124.365436  3.696064   76.0  290.037233  18.17676  159.0  328.856549  30.581704   93.0
FAILURE!!!! Some beads might have been misidentified
              x1        y1  area1          x2        y2  area2          x3        y3  area3          x4         y4  area4
range  328.85489  1.135647  107.0  124.365999  3.679632   76.0  290.041377  18.17676  159.0  328.879711  30.617091   94.0
FAILURE!!!! Some beads might have been misidentified
              x1        y1  area1          x2        y2  area2         x3         y3  area3          x4         y4  area4
range  328.85489  1.107209  105.0  124.365436  3.680522   74.0  290.05588  18.164238  162.0  328.869613  30.627715   95.0
FAILURE!!!! Some beads might have been misidentified
               x1        y1  area1          x2       y2  area2         x3         y3  area3          x4         y4  area4
range  328.892777  1.142857  108.0  124.365999  3.70505   74.0  290.02273  18.186158  159.0  328.878987  30.605566   94.0
FAILURE!!!! Some beads might have been misidentified
               x1        y1  area1          x2        y2  area2          x3         y3  area3          x4         y4  area4
range  328.959066  1.135789  105.0  124.227622  3.686329   74.0  290.157287  18.183347  171.0  328.919545  30.600936   92.0
FAILURE!!!! Some beads might have been misidentified
               x1        y1  area1         x2        y2  area2          x3         y3  area3          x4         y4  area4
range  328.800223  1.120798  106.0  124.55901  3.668749   78.0  289.973221  18.173858  164.0  328.850485  30.586752   97.0
FAILURE!!!! Some beads might have been misidentified
               x1        y1  area1          x2        y2  area2          x3         y3  area3          x4         y4  area4
range  329.050581  1.135647  106.0  124.288481  3.667313   78.0  289.992213  18.169657  165.0  329.015286  30.564027   92.0
FAILURE!!!! Some beads might have been misidentified
               x1        y1  area1          x2        y2  area2          x3         y3  area3          x4         y4  area4
range  328.720835  1.135647  106.0  124.543403  3.704121   77.0  290.154232  18.157605  159.0  328.664647  30.634768   97.0
FAILURE!!!! Some beads might have been misidentified
Residual vector length: 140, Jacobian shape: (140, 6)
view   0 | SOD= 560.688 mm | SDD= 761.018 mm | M= 1.357 | incident=2.9645°
[[ 135.37726    -543.5243      -25.003069  ]
 [ -44.058487    195.20894       9.996931  ]
 [   0.14449622    0.03874279    0.        ]
 [   0.            0.            0.1496    ]]
              x1        y1  area1          x2        y2  area2         x3        y3  area3          x4         y4  area4
range  328.87379  1.135647  107.0  124.365999  3.696064   77.0  290.02273  18.17676  159.0  328.882942  30.582134   94.0
FAILURE!!!! Some beads might have been misidentified

iter 48 cost=0.340234 -> 0.340234 |dtheta|=5.171912e-06  lambda=1.000e+06
Stalled.

Estimated theta:
  dSx: +0.000000
  dSy: +0.000000
  dOx: -14.999384
  dOy: -12.003066
  dOz: -21.959635
  dDx: +0.000000
  dDy: +0.000000
  dDz: +0.000000
alpha: +1.500930e+01 deg)
offset_x: +0.000361
offset_z: +0.000448

Final cost table:
Fake theta: [  0.   0. -15. -12. -22.   0.   0.   0.  15.   0.   0.]
Final estimated theta: [  0.           0.         -14.99938367 -12.00306559 -21.95963466
   0.           0.           0.          15.00930217   0.00036061
   0.00044763]
Diff from Expected: [ 0.          0.          0.00061633 -0.00306559  0.04036534  0.
  0.          0.          0.00930217  0.00036061  0.00044763]
################################################################################

