Phantom already exists, skipping: cuboid_phantom_6_normal.npy

################################################################################
Running cuboid=normal scenario=G1 N_ANGLES=24, K=6
view   0 | SOD= 565.750 mm | SDD= 721.227 mm | M= 1.275 | incident=3.3432°
[[  57.21255    -562.1528      -28.        ]
 [ -18.490114    153.9744       12.        ]
 [   0.14903073    0.0130385     0.        ]
 [   0.            0.            0.1496    ]]
               x1        y1  area1          x2       y2  area2          x3        y3  area3          x4         y4  area4          x5        y5  area5          x6         y6  area6
range  312.808919  0.653207  110.0  232.313547  4.79525   97.0  172.329226  6.967422   71.0  293.068413  17.431479   98.0  124.403866  9.665789   43.0  312.721649  30.061663   86.0
FAILURE!!!! Some beads might have been misidentified
           image          x1          y1  area1          x2          y2  area2          x3          y3  area3          x4          y4  area4          x5          y5  area5          x6          y6  area6
0   proj_000.png  542.283898  120.894068    472  425.628118  214.643991    441  444.021127  301.983568    426  531.932692  388.461538    416  557.300000  487.538636    440  542.425056  595.194631    447
1   proj_001.png  500.768145  121.000000    496  403.450363  214.130751    413  463.673423  301.466216    444  566.435000  389.272500    400  558.468531  488.853147    429  500.627119  595.970339    472
2   proj_002.png  458.863445  120.943277    476  388.081281  213.541872    406  484.956522  301.237986    437  596.619537  390.532134    389  555.790805  490.009195    435  458.732334  595.644540    467
3   proj_003.png  419.520256  120.884861    469  380.337995  213.053613    429  507.309302  301.227907    430  620.349754  392.199507    406  548.771111  491.308889    450  419.466102  594.497881    472
4   proj_004.png  385.919740  120.702820    461  380.316742  212.466063    442  528.718970  301.430913    427  636.109264  394.116390    421  538.215078  492.310421    451  385.956897  592.127155    464
5   proj_005.png  360.420354  120.783186    452  388.467136  211.863850    426  548.201422  301.864929    422  642.706422  396.500000    436  524.569196  493.040179    448  360.426696  588.864333    457
6   proj_006.png  344.764302  120.675057    437  403.546318  211.118765    421  564.251765  302.494118    425  639.169336  398.654462    437  509.051685  493.447191    445  344.733032  585.253394    442
7   proj_007.png  339.591549  120.659624    426  424.896552  210.795402    435  575.769752  303.291196    443  625.560086  400.875536    466  492.521552  493.543103    464  339.703529  581.171765    425
8   proj_008.png  345.000000  120.500000    406  450.512528  210.523918    439  582.035477  304.184035    451  602.900648  402.654428    463  476.227176  493.460722    471  345.116337  577.351485    404
9   proj_009.png  360.769231  120.500000    390  479.431767  210.310962    447  582.346847  305.002252    444  572.439655  404.202586    464  461.518047  492.723992    471  360.687179  573.605128    390
10  proj_010.png  385.235751  120.419689    386  509.026374  210.331868    455  576.881671  305.930394    431  536.453799  405.227926    487  449.293478  492.041304    460  385.189119  570.445596    386
11  proj_011.png  416.718274  120.350254    394  538.095890  210.376712    438  565.656885  306.686230    443  497.549587  405.623967    484  440.208602  490.879570    465  416.698492  568.077889    398
12  proj_012.png  452.899281  120.388489    417  564.243437  210.768496    419  549.936819  307.464052    459  458.475584  405.337580    471  435.034014  489.612245    441  452.969048  566.538095    420
13  proj_013.png  492.098655  120.381166    446  586.201493  211.129353    402  529.995885  307.903292    486  422.266219  404.456376    447  434.064665  488.415704    433  492.082192  565.908676    438
14  proj_014.png  531.475862  120.370115    435  602.383085  211.594527    402  508.006211  308.105590    483  391.379630  402.990741    432  437.275000  487.138636    440  531.431871  566.136259    433
15  proj_015.png  568.859857  120.346793    421  611.248826  212.244131    426  484.842887  308.195329    471  368.163218  401.216092    435  444.362812  486.022676    441  568.619159  567.523364    428
16  proj_016.png  601.452656  120.484988    433  612.630290  212.801782    449  462.591880  307.959402    468  353.988558  399.052632    437  455.115909  485.025000    440  601.458525  569.642857    434
17  proj_017.png  627.318707  120.484988    433  605.895323  213.494432    449  442.738938  307.504425    452  349.638009  396.873303    442  468.559091  484.400000    440  627.341860  572.555814    430
18  proj_018.png  644.914352  120.590278    432  591.563877  214.136564    454  426.728477  306.750552    453  355.422018  394.552752    436  483.876168  483.932243    428  644.898148  576.127315    432
19  proj_019.png  652.400468  120.662763    427  570.444685  214.514100    461  415.520697  306.030501    459  370.633641  392.483871    434  499.879630  483.877315    432  652.425178  579.988124    421
20  proj_020.png  649.496314  120.751843    407  543.987368  214.858947    475  410.017621  305.176211    454  394.026128  390.836105    421  515.742597  483.993166    439  649.584541  583.961353    414
21  proj_021.png  635.973366  120.707022    413  513.965092  215.082136    487  410.532258  304.214286    434  423.887290  389.405276    417  530.333333  484.596026    453  635.973236  587.785888    411
22  proj_022.png  612.467662  120.776119    402  482.847695  215.106212    499  416.693976  303.281928    415  458.371230  388.624130    431  542.469388  485.362812    441  612.415865  591.127404    416
23  proj_023.png  580.264775  120.893617    423  452.398734  214.911392    474  428.324766  302.581776    428  495.004695  388.192488    426  551.679458  486.480813    443  580.292056  593.864486    428

============================================================
Iteration 0
============================================================
Theta offsets (Unity frame):
  Source   : dSx=   0.000, dSy=   0.000, dSz=   0.000  (mm)
  Object   : dOx=   0.000, dOy=   0.000, dOz=   0.000  (mm)
  Object offset: offset_x=   0.000, offset_z=   0.000  (mm)
  Detector : dDx=   0.000, dDy=   0.000, dDz=   0.000  (mm)
  Obj Stage rotY :    0.000 deg
============================================================

Unity geometry (world coordinates):
  Source   : x=   8.000, y=  50.000, z=   0.000
  Object   : x=   6.000, y=  28.000, z= 577.000
  Detector : x=  -5.000, y=  10.000, z= 720.000
  Obj rotY :   0.0000 deg
view   0 | SOD= 577.423 mm | SDD= 721.227 mm | M= 1.249 | incident=3.3432°
[[   2.     -577.      -22.    ]
 [ -11.      143.       18.    ]
 [   0.1496    0.        0.    ]
 [   0.        0.        0.1496]]
Residual vector length: 648, Jacobian shape: (648, 6)
view   0 | SOD= 577.907 mm | SDD= 721.227 mm | M= 1.248 | incident=3.3432°
[[  35.25568    -576.2401      -26.090202  ]
 [ -13.836866    142.20192      13.909798  ]
 [   0.14941175    0.00750263    0.        ]
 [   0.            0.            0.1496    ]]

iter 00 cost=428275.474817 -> 64173.088479 |dtheta|=6.425243e+00  lambda=1.000e-02

============================================================
Iteration 1
============================================================
Theta offsets (Unity frame):
  Source   : dSx=   0.000, dSy=   0.000, dSz=   0.000  (mm)
  Object   : dOx=  -4.021, dOy=  -4.090, dOz=   0.150  (mm)
  Object offset: offset_x=  -0.292, offset_z=   0.134  (mm)
  Detector : dDx=   0.000, dDy=   0.000, dDz=   0.000  (mm)
  Obj Stage rotY :    2.875 deg
============================================================

Unity geometry (world coordinates):
  Source   : x=   8.000, y=  50.000, z=   0.000
  Object   : x=   1.979, y=  23.910, z= 577.150
  Detector : x=  -5.000, y=  10.000, z= 720.000
  Obj rotY :   0.0000 deg
view   0 | SOD= 577.907 mm | SDD= 721.227 mm | M= 1.248 | incident=3.3432°
[[  35.25568    -576.2401      -26.090202  ]
 [ -13.836866    142.20192      13.909798  ]
 [   0.14941175    0.00750263    0.        ]
 [   0.            0.            0.1496    ]]
Residual vector length: 648, Jacobian shape: (648, 6)
view   0 | SOD= 576.171 mm | SDD= 721.227 mm | M= 1.252 | incident=3.3432°
[[  49.987644   -573.3321      -27.643248  ]
 [ -16.185673    143.7384       12.356752  ]
 [   0.14919093    0.01105562    0.        ]
 [   0.            0.            0.1496    ]]

iter 01 cost=64173.088479 -> 13436.078734 |dtheta|=2.914101e+00  lambda=3.333e-03

============================================================
Iteration 2
============================================================
Theta offsets (Unity frame):
  Source   : dSx=   0.000, dSy=   0.000, dSz=   0.000  (mm)
  Object   : dOx=  -5.297, dOy=  -5.643, dOz=  -1.439  (mm)
  Object offset: offset_x=  -0.184, offset_z=  -0.102  (mm)
  Detector : dDx=   0.000, dDy=   0.000, dDz=   0.000  (mm)
  Obj Stage rotY :    4.238 deg
============================================================

Unity geometry (world coordinates):
  Source   : x=   8.000, y=  50.000, z=   0.000
  Object   : x=   0.703, y=  22.357, z= 575.561
  Detector : x=  -5.000, y=  10.000, z= 720.000
  Obj rotY :   0.0000 deg
view   0 | SOD= 576.171 mm | SDD= 721.227 mm | M= 1.252 | incident=3.3432°
[[  49.987644   -573.3321      -27.643248  ]
 [ -16.185673    143.7384       12.356752  ]
 [   0.14919093    0.01105562    0.        ]
 [   0.            0.            0.1496    ]]
Residual vector length: 648, Jacobian shape: (648, 6)
view   0 | SOD= 574.712 mm | SDD= 721.227 mm | M= 1.255 | incident=3.3432°
[[  54.584026   -571.4251      -28.075346  ]
 [ -16.887089    145.13673      11.924654  ]
 [   0.14910515    0.01215793    0.        ]
 [   0.            0.            0.1496    ]]

iter 02 cost=13436.078734 -> 5047.315997 |dtheta|=1.864173e+00  lambda=1.111e-03

============================================================
Iteration 3
============================================================
Theta offsets (Unity frame):
  Source   : dSx=   0.000, dSy=   0.000, dSz=   0.000  (mm)
  Object   : dOx=  -5.842, dOy=  -6.075, dOz=  -3.106  (mm)
  Object offset: offset_x=  -0.122, offset_z=   0.076  (mm)
  Detector : dDx=   0.000, dDy=   0.000, dDz=   0.000  (mm)
  Obj Stage rotY :    4.662 deg
============================================================

Unity geometry (world coordinates):
  Source   : x=   8.000, y=  50.000, z=   0.000
  Object   : x=   0.158, y=  21.925, z= 573.894
  Detector : x=  -5.000, y=  10.000, z= 720.000
  Obj rotY :   0.0000 deg
view   0 | SOD= 574.712 mm | SDD= 721.227 mm | M= 1.255 | incident=3.3432°
[[  54.584026   -571.4251      -28.075346  ]
 [ -16.887089    145.13673      11.924654  ]
 [   0.14910515    0.01215793    0.        ]
 [   0.            0.            0.1496    ]]
Residual vector length: 648, Jacobian shape: (648, 6)
view   0 | SOD= 572.997 mm | SDD= 721.227 mm | M= 1.259 | incident=3.3432°
[[  54.927555   -569.6598      -28.222075  ]
 [ -16.908287    146.8656       11.7779255 ]
 [   0.14909893    0.01223383    0.        ]
 [   0.            0.            0.1496    ]]

iter 03 cost=5047.315997 -> 2723.117730 |dtheta|=1.713713e+00  lambda=3.704e-04

============================================================
Iteration 4
============================================================
Theta offsets (Unity frame):
  Source   : dSx=   0.000, dSy=   0.000, dSz=   0.000  (mm)
  Object   : dOx=  -6.056, dOy=  -6.222, dOz=  -4.799  (mm)
  Object offset: offset_x=  -0.103, offset_z=   0.042  (mm)
  Detector : dDx=   0.000, dDy=   0.000, dDz=   0.000  (mm)
  Obj Stage rotY :    4.691 deg
============================================================

Unity geometry (world coordinates):
  Source   : x=   8.000, y=  50.000, z=   0.000
  Object   : x=  -0.056, y=  21.778, z= 572.201
  Detector : x=  -5.000, y=  10.000, z= 720.000
  Obj rotY :   0.0000 deg
view   0 | SOD= 572.997 mm | SDD= 721.227 mm | M= 1.259 | incident=3.3432°
[[  54.927555   -569.6598      -28.222075  ]
 [ -16.908287    146.8656       11.7779255 ]
 [   0.14909893    0.01223383    0.        ]
 [   0.            0.            0.1496    ]]
Residual vector length: 648, Jacobian shape: (648, 6)
view   0 | SOD= 571.315 mm | SDD= 721.227 mm | M= 1.262 | incident=3.3432°
[[  56.70423    -567.79205     -28.245108  ]
 [ -17.554169    148.48633      11.754892  ]
 [   0.14905672    0.01273794    0.        ]
 [   0.            0.            0.1496    ]]

iter 04 cost=2723.117730 -> 1536.356617 |dtheta|=1.683266e+00  lambda=1.235e-04

============================================================
Iteration 5
============================================================
Theta offsets (Unity frame):
  Source   : dSx=   0.000, dSy=   0.000, dSz=   0.000  (mm)
  Object   : dOx=  -6.089, dOy=  -6.245, dOz=  -6.470  (mm)
  Object offset: offset_x=  -0.063, offset_z=   0.028  (mm)
  Detector : dDx=   0.000, dDy=   0.000, dDz=   0.000  (mm)
  Obj Stage rotY :    4.884 deg
============================================================

Unity geometry (world coordinates):
  Source   : x=   8.000, y=  50.000, z=   0.000
  Object   : x=  -0.089, y=  21.755, z= 570.530
  Detector : x=  -5.000, y=  10.000, z= 720.000
  Obj rotY :   0.0000 deg
view   0 | SOD= 571.315 mm | SDD= 721.227 mm | M= 1.262 | incident=3.3432°
[[  56.70423    -567.79205     -28.245108  ]
 [ -17.554169    148.48633      11.754892  ]
 [   0.14905672    0.01273794    0.        ]
 [   0.            0.            0.1496    ]]
Residual vector length: 648, Jacobian shape: (648, 6)
view   0 | SOD= 570.561 mm | SDD= 721.227 mm | M= 1.264 | incident=3.3432°
[[  56.2095     -567.0855      -28.189539  ]
 [ -17.591967    149.24005      11.810461  ]
 [   0.14906481    0.01264286    0.        ]
 [   0.            0.            0.1496    ]]

iter 05 cost=1536.356617 -> 1166.098702 |dtheta|=7.319249e-01  lambda=4.115e-05

============================================================
Iteration 6
============================================================
Theta offsets (Unity frame):
  Source   : dSx=   0.000, dSy=   0.000, dSz=   0.000  (mm)
  Object   : dOx=  -6.058, dOy=  -6.190, dOz=  -7.197  (mm)
  Object offset: offset_x=  -0.025, offset_z=   0.004  (mm)
  Detector : dDx=   0.000, dDy=   0.000, dDz=   0.000  (mm)
  Obj Stage rotY :    4.848 deg
============================================================

Unity geometry (world coordinates):
  Source   : x=   8.000, y=  50.000, z=   0.000
  Object   : x=  -0.058, y=  21.810, z= 569.803
  Detector : x=  -5.000, y=  10.000, z= 720.000
  Obj rotY :   0.0000 deg
view   0 | SOD= 570.561 mm | SDD= 721.227 mm | M= 1.264 | incident=3.3432°
[[  56.2095     -567.0855      -28.189539  ]
 [ -17.591967    149.24005      11.810461  ]
 [   0.14906481    0.01264286    0.        ]
 [   0.            0.            0.1496    ]]
Residual vector length: 648, Jacobian shape: (648, 6)
view   0 | SOD= 569.869 mm | SDD= 721.227 mm | M= 1.266 | incident=3.3432°
[[  56.648373   -566.34674     -28.155245  ]
 [ -17.830381    149.90877      11.844755  ]
 [   0.14905278    0.0127838     0.        ]
 [   0.            0.            0.1496    ]]

iter 06 cost=1166.098702 -> 854.950373 |dtheta|=7.040971e-01  lambda=1.372e-05

============================================================
Iteration 7
============================================================
Theta offsets (Unity frame):
  Source   : dSx=   0.000, dSy=   0.000, dSz=   0.000  (mm)
  Object   : dOx=  -6.068, dOy=  -6.155, dOz=  -7.896  (mm)
  Object offset: offset_x=   0.023, offset_z=   0.012  (mm)
  Detector : dDx=   0.000, dDy=   0.000, dDz=   0.000  (mm)
  Obj Stage rotY :    4.902 deg
============================================================

Unity geometry (world coordinates):
  Source   : x=   8.000, y=  50.000, z=   0.000
  Object   : x=  -0.068, y=  21.845, z= 569.104
  Detector : x=  -5.000, y=  10.000, z= 720.000
  Obj rotY :   0.0000 deg
view   0 | SOD= 569.869 mm | SDD= 721.227 mm | M= 1.266 | incident=3.3432°
[[  56.648373   -566.34674     -28.155245  ]
 [ -17.830381    149.90877      11.844755  ]
 [   0.14905278    0.0127838     0.        ]
 [   0.            0.            0.1496    ]]
Residual vector length: 648, Jacobian shape: (648, 6)
view   0 | SOD= 569.387 mm | SDD= 721.227 mm | M= 1.267 | incident=3.3432°
[[  57.39175    -565.7855      -28.183344  ]
 [ -18.093752    150.36456      11.816656  ]
 [   0.14903468    0.01299331    0.        ]
 [   0.            0.            0.1496    ]]

iter 07 cost=854.950373 -> 650.329577 |dtheta|=5.040704e-01  lambda=4.572e-06

============================================================
Iteration 8
============================================================
Theta offsets (Unity frame):
  Source   : dSx=   0.000, dSy=   0.000, dSz=   0.000  (mm)
  Object   : dOx=  -6.074, dOy=  -6.183, dOz=  -8.392  (mm)
  Object offset: offset_x=   0.039, offset_z=   0.025  (mm)
  Detector : dDx=   0.000, dDy=   0.000, dDz=   0.000  (mm)
  Obj Stage rotY :    4.983 deg
============================================================

Unity geometry (world coordinates):
  Source   : x=   8.000, y=  50.000, z=   0.000
  Object   : x=  -0.074, y=  21.817, z= 568.608
  Detector : x=  -5.000, y=  10.000, z= 720.000
  Obj rotY :   0.0000 deg
view   0 | SOD= 569.387 mm | SDD= 721.227 mm | M= 1.267 | incident=3.3432°
[[  57.39175    -565.7855      -28.183344  ]
 [ -18.093752    150.36456      11.816656  ]
 [   0.14903468    0.01299331    0.        ]
 [   0.            0.            0.1496    ]]
Residual vector length: 648, Jacobian shape: (648, 6)
view   0 | SOD= 568.839 mm | SDD= 721.227 mm | M= 1.268 | incident=3.3432°
[[  57.090813   -565.2666      -28.145752  ]
 [ -18.073694    150.91724      11.854248  ]
 [   0.14904048    0.0129265     0.        ]
 [   0.            0.            0.1496    ]]

iter 08 cost=650.329577 -> 466.172984 |dtheta|=5.601822e-01  lambda=1.524e-06

============================================================
Iteration 9
============================================================
Theta offsets (Unity frame):
  Source   : dSx=   0.000, dSy=   0.000, dSz=   0.000  (mm)
  Object   : dOx=  -6.044, dOy=  -6.146, dOz=  -8.949  (mm)
  Object offset: offset_x=   0.010, offset_z=   0.035  (mm)
  Detector : dDx=   0.000, dDy=   0.000, dDz=   0.000  (mm)
  Obj Stage rotY :    4.957 deg
============================================================

Unity geometry (world coordinates):
  Source   : x=   8.000, y=  50.000, z=   0.000
  Object   : x=  -0.044, y=  21.854, z= 568.051
  Detector : x=  -5.000, y=  10.000, z= 720.000
  Obj rotY :   0.0000 deg
view   0 | SOD= 568.839 mm | SDD= 721.227 mm | M= 1.268 | incident=3.3432°
[[  57.090813   -565.2666      -28.145752  ]
 [ -18.073694    150.91724      11.854248  ]
 [   0.14904048    0.0129265     0.        ]
 [   0.            0.            0.1496    ]]
Residual vector length: 648, Jacobian shape: (648, 6)
view   0 | SOD= 568.519 mm | SDD= 721.227 mm | M= 1.269 | incident=3.3432°
[[  57.72674   -564.87933    -28.149294 ]
 [ -18.251764   151.21861     11.850706 ]
 [   0.1490257    0.0130959    0.       ]
 [   0.           0.           0.1496   ]]

iter 09 cost=466.172984 -> 377.409915 |dtheta|=3.116915e-01  lambda=1.000e-06

============================================================
Iteration 10
============================================================
Theta offsets (Unity frame):
  Source   : dSx=   0.000, dSy=   0.000, dSz=   0.000  (mm)
  Object   : dOx=  -6.043, dOy=  -6.149, dOz=  -9.252  (mm)
  Object offset: offset_x=  -0.013, offset_z=   0.017  (mm)
  Detector : dDx=   0.000, dDy=   0.000, dDz=   0.000  (mm)
  Obj Stage rotY :    5.022 deg
============================================================

Unity geometry (world coordinates):
  Source   : x=   8.000, y=  50.000, z=   0.000
  Object   : x=  -0.043, y=  21.851, z= 567.747
  Detector : x=  -5.000, y=  10.000, z= 720.000
  Obj rotY :   0.0000 deg
view   0 | SOD= 568.519 mm | SDD= 721.227 mm | M= 1.269 | incident=3.3432°
[[  57.72674   -564.87933    -28.149294 ]
 [ -18.251764   151.21861     11.850706 ]
 [   0.1490257    0.0130959    0.       ]
 [   0.           0.           0.1496   ]]
Residual vector length: 648, Jacobian shape: (648, 6)
view   0 | SOD= 568.015 mm | SDD= 721.227 mm | M= 1.270 | incident=3.3432°
[[  57.210117   -564.4261      -28.120445  ]
 [ -18.173805    151.73471      11.879555  ]
 [   0.14903651    0.01297217    0.        ]
 [   0.            0.            0.1496    ]]
               x1        y1  area1          x2       y2  area2          x3      y3  area3          x4         y4  area4          x5        y5  area5          x6         y6  area6
range  311.870646  0.722576  103.0  231.736796  4.87872   98.0  171.546429  6.9122   71.0  291.516596  17.301028  114.0  123.816827  9.871952   48.0  311.825258  30.091862   93.0
FAILURE!!!! Some beads might have been misidentified

iter 10 cost=377.409915 -> 252.388073 |dtheta|=5.050808e-01  lambda=1.000e-06

============================================================
Iteration 11
============================================================
Theta offsets (Unity frame):
  Source   : dSx=   0.000, dSy=   0.000, dSz=   0.000  (mm)
  Object   : dOx=  -6.037, dOy=  -6.120, dOz=  -9.754  (mm)
  Object offset: offset_x=  -0.015, offset_z=   0.015  (mm)
  Detector : dDx=   0.000, dDy=   0.000, dDz=   0.000  (mm)
  Obj Stage rotY :    4.974 deg
============================================================

Unity geometry (world coordinates):
  Source   : x=   8.000, y=  50.000, z=   0.000
  Object   : x=  -0.037, y=  21.880, z= 567.246
  Detector : x=  -5.000, y=  10.000, z= 720.000
  Obj rotY :   0.0000 deg
view   0 | SOD= 568.015 mm | SDD= 721.227 mm | M= 1.270 | incident=3.3432°
[[  57.210117   -564.4261      -28.120445  ]
 [ -18.173805    151.73471      11.879555  ]
 [   0.14903651    0.01297217    0.        ]
 [   0.            0.            0.1496    ]]
               x1        y1  area1          x2       y2  area2          x3      y3  area3          x4         y4  area4          x5        y5  area5          x6         y6  area6
range  311.870646  0.722576  103.0  231.736796  4.87872   98.0  171.546429  6.9122   71.0  291.516596  17.301028  114.0  123.816827  9.871952   48.0  311.825258  30.091862   93.0
FAILURE!!!! Some beads might have been misidentified
               x1        y1  area1         x2        y2  area2          x3        y3  area3          x4        y4  area4          x5        y5  area5          x6         y6  area6
range  311.892978  0.763066  108.0  231.61247  4.840649   99.0  171.607163  6.952788   71.0  291.448176  17.25555  113.0  123.776137  9.799448   49.0  311.840847  30.070755   93.0
FAILURE!!!! Some beads might have been misidentified
               x1        y1  area1          x2        y2  area2          x3        y3  area3          x4         y4  area4          x5        y5  area5         x6         y6  area6
range  311.857909  0.646937  105.0  231.953028  4.837272   99.0  171.476705  6.912898   71.0  291.448034  17.338858  115.0  123.902368  9.839233   43.0  311.85665  30.110964   91.0
FAILURE!!!! Some beads might have been misidentified
               x1        y1  area1          x2        y2  area2          x3        y3  area3         x4         y4  area4          x5        y5  area5          x6         y6  area6
range  311.800562  0.673865  107.0  231.694672  4.855142  100.0  171.527589  6.984722   72.0  291.41051  17.238585  117.0  123.756681  9.777962   46.0  311.863215  30.025153   93.0
FAILURE!!!! Some beads might have been misidentified
               x1      y1  area1          x2        y2  area2          x3        y3  area3          x4         y4  area4          x5        y5  area5          x6         y6  area6
range  311.839846  0.6496  100.0  231.793926  4.830458   94.0  171.538953  6.873945   72.0  291.474265  17.296453  118.0  123.779487  9.771826   51.0  311.830071  30.032669   89.0
FAILURE!!!! Some beads might have been misidentified
               x1        y1  area1          x2       y2  area2          x3      y3  area3          x4         y4  area4          x5        y5  area5          x6         y6  area6
range  311.870646  0.722576  103.0  231.759505  4.87872   98.0  171.546429  6.9122   74.0  291.516596  17.301028  114.0  123.816954  9.861947   47.0  311.825258  30.069572   93.0
FAILURE!!!! Some beads might have been misidentified
               x1        y1  area1          x2        y2  area2          x3       y3  area3          x4         y4  area4          x5        y5  area5          x6         y6  area6
range  311.870646  0.722576  100.0  231.736796  4.881075   98.0  171.546429  6.90827   71.0  291.497436  17.301028  118.0  123.824055  9.849281   47.0  311.807875  30.091862   87.0
FAILURE!!!! Some beads might have been misidentified
               x1        y1  area1          x2        y2  area2          x3       y3  area3          x4         y4  area4          x5        y5  area5          x6        y6  area6
range  311.870646  0.690522   98.0  231.718698  4.922276   98.0  171.548247  6.92142   70.0  291.496338  17.310835  117.0  123.816827  9.859379   54.0  311.825258  30.04895   85.0
FAILURE!!!! Some beads might have been misidentified
               x1        y1  area1          x2       y2  area2          x3        y3  area3          x4         y4  area4          x5        y5  area5          x6         y6  area6
range  311.870646  0.684458  103.0  231.784607  4.86502   95.0  171.546429  6.915401   75.0  291.516596  17.322374  116.0  123.816827  9.861947   47.0  311.825258  30.091862   93.0
FAILURE!!!! Some beads might have been misidentified
               x1        y1  area1          x2        y2  area2          x3        y3  area3          x4         y4  area4          x5        y5  area5          x6         y6  area6
range  311.870646  0.704626  107.0  231.507073  4.840474   95.0  171.498781  6.944852   72.0  291.528128  17.251684  115.0  123.953417  9.853209   48.0  311.845643  30.111571   95.0
FAILURE!!!! Some beads might have been misidentified
               x1        y1  area1          x2        y2  area2          x3        y3  area3          x4         y4  area4          x5        y5  area5          x6         y6  area6
range  311.838132  0.669517  104.0  231.990806  4.870466  102.0  171.600125  6.904673   71.0  291.421085  17.342724  114.0  123.745189  9.861947   47.0  311.790967  30.070148   89.0
FAILURE!!!! Some beads might have been misidentified
               x1        y1  area1          x2        y2  area2          x3        y3  area3         x4         y4  area4          x5        y5  area5          x6         y6  area6
range  311.986213  0.722542  101.0  232.026975  4.825775   98.0  171.515667  6.919437   72.0  291.26954  17.310835  115.0  123.797898  9.829497   48.0  311.976109  30.054052   94.0
FAILURE!!!! Some beads might have been misidentified
               x1        y1  area1          x2        y2  area2          x3        y3  area3          x4         y4  area4          x5        y5  area5          x6         y6  area6
range  311.744387  0.704555   98.0  231.489176  4.931937   97.0  171.600125  6.944852   71.0  291.639188  17.301028  117.0  123.816827  9.809183   46.0  311.725096  30.091862   86.0
FAILURE!!!! Some beads might have been misidentified
Residual vector length: 648, Jacobian shape: (648, 6)
view   0 | SOD= 567.766 mm | SDD= 721.227 mm | M= 1.270 | incident=3.3432°
[[  56.822857   -564.21643     -28.096548  ]
 [ -18.102219    151.99252      11.903452  ]
 [   0.1490448     0.01287668    0.        ]
 [   0.            0.            0.1496    ]]
               x1        y1  area1          x2        y2  area2          x3        y3  area3          x4         y4  area4          x5        y5  area5          x6         y6  area6
range  311.911917  0.635615  109.0  231.715853  4.827968   96.0  171.701102  7.041908   73.0  291.712753  17.249306  112.0  123.902673  9.837773   49.0  311.871184  30.119698   92.0
FAILURE!!!! Some beads might have been misidentified

iter 11 cost=252.388073 -> 202.096809 |dtheta|=2.432359e-01  lambda=1.000e-06

============================================================
Iteration 12
============================================================
Theta offsets (Unity frame):
  Source   : dSx=   0.000, dSy=   0.000, dSz=   0.000  (mm)
  Object   : dOx=  -6.035, dOy=  -6.097, dOz=  -9.994  (mm)
  Object offset: offset_x=  -0.013, offset_z=   0.007  (mm)
  Detector : dDx=   0.000, dDy=   0.000, dDz=   0.000  (mm)
  Obj Stage rotY :    4.938 deg
============================================================

Unity geometry (world coordinates):
  Source   : x=   8.000, y=  50.000, z=   0.000
  Object   : x=  -0.035, y=  21.903, z= 567.006
  Detector : x=  -5.000, y=  10.000, z= 720.000
  Obj rotY :   0.0000 deg
view   0 | SOD= 567.766 mm | SDD= 721.227 mm | M= 1.270 | incident=3.3432°
[[  56.822857   -564.21643     -28.096548  ]
 [ -18.102219    151.99252      11.903452  ]
 [   0.1490448     0.01287668    0.        ]
 [   0.            0.            0.1496    ]]
               x1        y1  area1          x2        y2  area2          x3        y3  area3          x4         y4  area4          x5        y5  area5          x6         y6  area6
range  311.911917  0.635615  109.0  231.715853  4.827968   96.0  171.701102  7.041908   73.0  291.712753  17.249306  112.0  123.902673  9.837773   49.0  311.871184  30.119698   92.0
FAILURE!!!! Some beads might have been misidentified
               x1       y1  area1          x2        y2  area2          x3        y3  area3          x4         y4  area4          x5        y5  area5          x6        y6  area6
range  311.918912  0.65384  108.0  231.622348  4.826426   94.0  171.665873  6.967492   76.0  291.745758  17.203699  108.0  123.882939  9.795833   53.0  311.825533  30.06439   90.0
FAILURE!!!! Some beads might have been misidentified
              x1        y1  area1          x2        y2  area2          x3        y3  area3          x4         y4  area4          x5        y5  area5          x6         y6  area6
range  311.83218  0.643812  110.0  231.787794  4.825433  104.0  171.626922  6.958254   71.0  291.706619  17.306886  116.0  123.910786  9.794727   49.0  311.848622  30.092373   91.0
FAILURE!!!! Some beads might have been misidentified
               x1        y1  area1          x2        y2  area2          x3        y3  area3          x4         y4  area4          x5        y5  area5          x6         y6  area6
range  311.873885  0.588719  108.0  231.783879  4.855959  100.0  171.651619  7.046929   72.0  291.706445  17.188963  108.0  123.933252  9.734848   48.0  311.831794  30.015649   94.0
FAILURE!!!! Some beads might have been misidentified
               x1        y1  area1          x2       y2  area2          x3       y3  area3          x4         y4  area4          x5        y5  area5          x6         y6  area6
range  311.881533  0.686177  111.0  231.651204  4.87721   95.0  171.612422  6.92691   72.0  291.730821  17.364923  111.0  123.924075  9.847625   46.0  311.860624  30.069205   93.0
FAILURE!!!! Some beads might have been misidentified
               x1        y1  area1          x2        y2  area2          x3        y3  area3          x4         y4  area4          x5        y5  area5          x6         y6  area6
range  311.911917  0.635615  109.0  231.715853  4.847247   96.0  171.658523  7.041908   73.0  291.712753  17.249306  111.0  123.902673  9.837773   48.0  311.871184  30.119698   92.0
FAILURE!!!! Some beads might have been misidentified
               x1        y1  area1          x2        y2  area2          x3       y3  area3          x4        y4  area4          x5        y5  area5          x6         y6  area6
range  311.911917  0.635615  109.0  231.715853  4.827968   96.0  171.701102  7.03392   73.0  291.712753  17.26711  112.0  123.902673  9.837773   49.0  311.871184  30.132054   92.0
FAILURE!!!! Some beads might have been misidentified
               x1        y1  area1          x2        y2  area2          x3        y3  area3          x4         y4  area4          x5        y5  area5          x6         y6  area6
range  311.911917  0.627511  109.0  231.715853  4.860544   97.0  171.679245  7.033008   73.0  291.712753  17.254419  113.0  123.902673  9.832731   48.0  311.871184  30.132054   92.0
FAILURE!!!! Some beads might have been misidentified
               x1        y1  area1          x2        y2  area2          x3        y3  area3          x4         y4  area4          x5        y5  area5          x6         y6  area6
range  311.911917  0.661508  108.0  231.715853  4.808699   98.0  171.701102  7.020956   73.0  291.712753  17.258971  112.0  123.902673  9.837773   49.0  311.871184  30.111614   92.0
FAILURE!!!! Some beads might have been misidentified
               x1       y1  area1          x2        y2  area2          x3        y3  area3          x4         y4  area4          x5        y5  area5          x6         y6  area6
range  311.884315  0.65712  108.0  231.641129  4.822782   98.0  171.553109  6.981362   72.0  291.797326  17.259426  113.0  124.053153  9.798104   47.0  311.881604  30.041834   91.0
FAILURE!!!! Some beads might have been misidentified
               x1        y1  area1          x2        y2  area2          x3        y3  area3          x4         y4  area4          x5        y5  area5          x6         y6  area6
range  311.887543  0.649511  113.0  231.904356  4.855677   99.0  171.719786  6.996829   76.0  291.668199  17.280722  112.0  123.794482  9.847717   48.0  311.857633  30.092373   93.0
FAILURE!!!! Some beads might have been misidentified
               x1        y1  area1          x2        y2  area2          x3        y3  area3          x4         y4  area4          x5        y5  area5          x6         y6  area6
range  311.984429  0.627511  107.0  231.882532  4.808699   97.0  171.585187  7.022551   73.0  291.540523  17.254419  114.0  123.858606  9.811038   54.0  311.957087  30.132054   92.0
FAILURE!!!! Some beads might have been misidentified
               x1       y1  area1          x2        y2  area2          x3        y3  area3          x4         y4  area4          x5        y5  area5          x6         y6  area6
range  311.766663  0.62369  111.0  231.624184  4.865741   99.0  171.738408  6.995117   73.0  291.913932  17.258971  110.0  123.904265  9.779522   47.0  311.735705  30.111614   93.0
FAILURE!!!! Some beads might have been misidentified
Residual vector length: 648, Jacobian shape: (648, 6)
view   0 | SOD= 567.386 mm | SDD= 721.227 mm | M= 1.271 | incident=3.3432°
[[  56.874256   -563.8296      -28.083138  ]
 [ -18.160389    152.36784      11.9168625 ]
 [   0.14904283    0.01289948    0.        ]
 [   0.            0.            0.1496    ]]
               x1        y1  area1          x2        y2  area2          x3       y3  area3          x4         y4  area4          x5        y5  area5          x6         y6  area6
range  312.046582  0.618454  112.0  231.977245  4.835926  100.0  171.751905  7.03392   74.0  291.971738  17.374392  113.0  123.944173  9.819269   48.0  311.991668  30.068579   89.0
FAILURE!!!! Some beads might have been misidentified

iter 12 cost=202.096809 -> 134.437692 |dtheta|=3.798138e-01  lambda=1.000e-06

============================================================
Iteration 13
============================================================
Theta offsets (Unity frame):
  Source   : dSx=   0.000, dSy=   0.000, dSz=   0.000  (mm)
  Object   : dOx=  -6.030, dOy=  -6.083, dOz= -10.373  (mm)
  Object offset: offset_x=  -0.015, offset_z=   0.007  (mm)
  Detector : dDx=   0.000, dDy=   0.000, dDz=   0.000  (mm)
  Obj Stage rotY :    4.947 deg
============================================================

Unity geometry (world coordinates):
  Source   : x=   8.000, y=  50.000, z=   0.000
  Object   : x=  -0.030, y=  21.917, z= 566.627
  Detector : x=  -5.000, y=  10.000, z= 720.000
  Obj rotY :   0.0000 deg
view   0 | SOD= 567.386 mm | SDD= 721.227 mm | M= 1.271 | incident=3.3432°
[[  56.874256   -563.8296      -28.083138  ]
 [ -18.160389    152.36784      11.9168625 ]
 [   0.14904283    0.01289948    0.        ]
 [   0.            0.            0.1496    ]]
               x1        y1  area1          x2        y2  area2          x3       y3  area3          x4         y4  area4          x5        y5  area5          x6         y6  area6
range  312.046582  0.618454  112.0  231.977245  4.835926  100.0  171.751905  7.03392   74.0  291.971738  17.374392  113.0  123.944173  9.819269   48.0  311.991668  30.068579   89.0
FAILURE!!!! Some beads might have been misidentified
               x1        y1  area1          x2        y2  area2          x3        y3  area3          x4         y4  area4          x5        y5  area5          x6         y6  area6
range  312.022599  0.617431  108.0  231.984989  4.809283   98.0  171.786017  6.979373   75.0  291.909968  17.258056  113.0  123.929402  9.799595   50.0  311.969125  30.067727   89.0
FAILURE!!!! Some beads might have been misidentified
               x1        y1  area1          x2        y2  area2         x3        y3  area3          x4         y4  area4          x5        y5  area5          x6        y6  area6
range  311.982409  0.613098  112.0  232.074435  4.855862  104.0  171.75421  6.938618   73.0  291.901207  17.373927  113.0  123.959317  9.774321   45.0  311.955704  30.06257   88.0
FAILURE!!!! Some beads might have been misidentified
               x1      y1  area1          x2        y2  area2          x3        y3  area3          x4         y4  area4         x5        y5  area5          x6         y6  area6
range  312.049658  0.5633  106.0  231.998469  4.872444   99.0  171.777413  7.042953   73.0  291.995379  17.261518  110.0  123.93319  9.876701   47.0  311.939992  30.078233   92.0
FAILURE!!!! Some beads might have been misidentified
               x1        y1  area1          x2        y2  area2          x3        y3  area3          x4         y4  area4          x5        y5  area5          x6         y6  area6
range  311.982729  0.620489  106.0  231.949657  4.858803   99.0  171.743371  6.917927   73.0  291.935411  17.378308  116.0  123.933726  9.818416   51.0  312.048554  30.065961   86.0
FAILURE!!!! Some beads might have been misidentified
               x1        y1  area1          x2        y2  area2          x3       y3  area3          x4         y4  area4          x5        y5  area5          x6         y6  area6
range  312.046582  0.618454  112.0  231.977245  4.794767  100.0  171.738408  7.03392   74.0  291.971738  17.374392  113.0  123.954327  9.800402   46.0  311.983001  30.061376   90.0
FAILURE!!!! Some beads might have been misidentified
               x1        y1  area1          x2        y2  area2          x3       y3  area3          x4         y4  area4          x5        y5  area5          x6         y6  area6
range  312.046582  0.631273  113.0  231.977245  4.835926  100.0  171.742221  7.03392   74.0  291.971738  17.365021  113.0  123.902193  9.797954   46.0  312.013876  30.068579   90.0
FAILURE!!!! Some beads might have been misidentified
               x1        y1  area1          x2        y2  area2          x3        y3  area3          x4         y4  area4          x5        y5  area5          x6         y6  area6
range  312.046582  0.619084  112.0  231.977245  4.806962  100.0  171.748092  7.030401   74.0  291.971738  17.376422  114.0  123.944173  9.803218   47.0  312.013876  30.055087   90.0
FAILURE!!!! Some beads might have been misidentified
               x1        y1  area1          x2       y2  area2          x3        y3  area3          x4         y4  area4         x5        y5  area5          x6         y6  area6
range  312.046582  0.606759  109.0  231.969198  4.82939   99.0  171.742221  7.010927   73.0  291.971738  17.365231  111.0  123.93415  9.805629   46.0  311.991668  30.090044   90.0
FAILURE!!!! Some beads might have been misidentified
              x1        y1  area1          x2        y2  area2          x3        y3  area3          x4         y4  area4          x5       y5  area5          x6         y6  area6
range  312.08099  0.626111  109.0  231.874432  4.847785  100.0  171.701102  6.983731   75.0  291.971738  17.322374  115.0  124.076365  9.81564   46.0  312.068667  30.068889   92.0
FAILURE!!!! Some beads might have been misidentified
               x1        y1  area1          x2        y2  area2          x3        y3  area3          x4        y4  area4          x5        y5  area5          x6         y6  area6
range  311.982663  0.613375  109.0  232.188182  4.857054  101.0  171.768814  6.933072   73.0  291.883537  17.31641  110.0  123.795181  9.805629   47.0  311.983001  30.061408   87.0
FAILURE!!!! Some beads might have been misidentified
               x1        y1  area1          x2        y2  area2          x3        y3  area3          x4         y4  area4          x5        y5  area5          x6         y6  area6
range  312.155008  0.613828  110.0  232.236956  4.861402  100.0  171.685708  6.967641   73.0  291.780014  17.376422  112.0  123.902193  9.789601   48.0  312.128153  30.055087   90.0
FAILURE!!!! Some beads might have been misidentified
           x1        y1  area1          x2        y2  area2          x3        y3  area3         x4         y4  area4          x5        y5  area5          x6         y6  area6
range  311.85  0.621914  111.0  231.852015  4.836462  105.0  171.884873  7.024667   75.0  292.03116  17.365231  112.0  123.962329  9.784315   46.0  311.816053  30.103228   90.0
FAILURE!!!! Some beads might have been misidentified
Residual vector length: 648, Jacobian shape: (648, 6)
view   0 | SOD= 567.107 mm | SDD= 721.227 mm | M= 1.272 | incident=3.3432°
[[  57.013725   -563.5349      -28.07219   ]
 [ -18.223682    152.6413       11.927811  ]
 [   0.14903916    0.01294168    0.        ]
 [   0.            0.            0.1496    ]]

iter 13 cost=134.437692 -> 92.492130 |dtheta|=2.786507e-01  lambda=1.000e-06

============================================================
Iteration 14
============================================================
Theta offsets (Unity frame):
  Source   : dSx=   0.000, dSy=   0.000, dSz=   0.000  (mm)
  Object   : dOx=  -6.034, dOy=  -6.072, dOz= -10.651  (mm)
  Object offset: offset_x=  -0.015, offset_z=   0.005  (mm)
  Detector : dDx=   0.000, dDy=   0.000, dDz=   0.000  (mm)
  Obj Stage rotY :    4.963 deg
============================================================

Unity geometry (world coordinates):
  Source   : x=   8.000, y=  50.000, z=   0.000
  Object   : x=  -0.034, y=  21.928, z= 566.349
  Detector : x=  -5.000, y=  10.000, z= 720.000
  Obj rotY :   0.0000 deg
view   0 | SOD= 567.107 mm | SDD= 721.227 mm | M= 1.272 | incident=3.3432°
[[  57.013725   -563.5349      -28.07219   ]
 [ -18.223682    152.6413       11.927811  ]
 [   0.14903916    0.01294168    0.        ]
 [   0.            0.            0.1496    ]]
               x1        y1  area1          x2        y2  area2          x3        y3  area3          x4         y4  area4          x5        y5  area5          x6         y6  area6
range  312.165322  0.584819  107.0  232.218071  4.855298  104.0  171.840756  7.047935   75.0  292.035706  17.334926  117.0  124.028696  9.812563   52.0  312.099882  30.008079   86.0
FAILURE!!!! Some beads might have been misidentified
               x1        y1  area1          x2        y2  area2          x3        y3  area3          x4         y4  area4          x5        y5  area5          x6         y6  area6
range  312.105974  0.634137  109.0  232.156117  4.791094  102.0  171.955237  6.999305   73.0  292.162459  17.353456  114.0  123.930436  9.780599   50.0  312.153714  30.081846   94.0
FAILURE!!!! Some beads might have been misidentified
               x1        y1  area1          x2        y2  area2          x3        y3  area3          x4        y4  area4          x5        y5  area5          x6         y6  area6
range  312.094443  0.619794  106.0  232.155249  4.916019  102.0  171.941965  7.025357   72.0  292.158089  17.38352  112.0  123.983267  9.805543   48.0  312.121503  30.076302   90.0
FAILURE!!!! Some beads might have been misidentified
               x1        y1  area1          x2        y2  area2         x3        y3  area3          x4         y4  area4          x5        y5  area5          x6         y6  area6
range  312.135337  0.656442  112.0  232.191455  4.899615  105.0  171.94754  6.906349   76.0  292.124789  17.391676  115.0  124.007663  9.783661   43.0  312.206861  30.044025   93.0
FAILURE!!!! Some beads might have been misidentified
               x1        y1  area1          x2        y2  area2          x3        y3  area3          x4         y4  area4          x5       y5  area5          x6         y6  area6
range  312.117241  0.572589  104.0  232.144813  4.859617  104.0  171.893221  6.918787   73.0  292.124798  17.371384  114.0  124.002685  9.82868   52.0  312.165535  30.023207   86.0
FAILURE!!!! Some beads might have been misidentified
               x1        y1  area1          x2        y2  area2          x3        y3  area3          x4         y4  area4          x5        y5  area5          x6         y6  area6
range  312.139896  0.599687  104.0  232.144813  4.858335  100.0  171.947221  6.928103   74.0  292.131354  17.336191  116.0  123.933726  9.829245   51.0  312.165535  30.067192   87.0
FAILURE!!!! Some beads might have been misidentified
               x1        y1  area1          x2       y2  area2          x3        y3  area3          x4         y4  area4          x5       y5  area5          x6         y6  area6
range  312.139896  0.559477  106.0  232.182546  4.84661  106.0  171.893221  6.936838   75.0  292.131354  17.371384  114.0  124.002685  9.82868   51.0  312.165535  30.013252   87.0
FAILURE!!!! Some beads might have been misidentified
               x1        y1  area1         x2        y2  area2          x3        y3  area3          x4         y4  area4          x5        y5  area5          x6         y6  area6
range  312.139896  0.586199  109.0  232.07269  4.797694  105.0  171.774237  7.056107   70.0  292.154526  17.296686  119.0  124.100653  9.829245   51.0  312.165535  30.033506   90.0
FAILURE!!!! Some beads might have been misidentified
               x1        y1  area1          x2        y2  area2          x3        y3  area3          x4         y4  area4          x5       y5  area5          x6         y6  area6
range  312.061876  0.632757  107.0  232.271871  4.812589  102.0  172.009868  6.993142   74.0  292.038783  17.391697  115.0  123.868965  9.81438   50.0  312.121032  30.056419   89.0
FAILURE!!!! Some beads might have been misidentified
               x1        y1  area1          x2        y2  area2          x3        y3  area3          x4         y4  area4          x5        y5  area5          x6         y6  area6
range  312.038964  0.579218  105.0  232.050746  4.835301  103.0  172.055056  7.018008   71.0  292.290603  17.371384  115.0  123.960448  9.789706   52.0  312.018634  30.089705   87.0
FAILURE!!!! Some beads might have been misidentified
Residual vector length: 648, Jacobian shape: (648, 6)
view   0 | SOD= 566.771 mm | SDD= 721.227 mm | M= 1.273 | incident=3.3432°
[[  57.00889    -563.1982      -28.051426  ]
 [ -18.286955    152.97186      11.948574  ]
 [   0.1490381     0.01295384    0.        ]
 [   0.            0.            0.1496    ]]
               x1        y1  area1          x2        y2  area2          x3        y3  area3          x4         y4  area4          x5        y5  area5          x6        y6  area6
range  312.082351  0.634396  108.0  231.818488  4.925574  102.0  172.091929  7.011904   74.0  292.512602  17.306661  117.0  124.274279  9.713399   50.0  312.134889  30.04801   90.0
FAILURE!!!! Some beads might have been misidentified

iter 14 cost=92.492130 -> 55.865107 |dtheta|=3.221211e-01  lambda=1.000e-06

============================================================
Iteration 15
============================================================
Theta offsets (Unity frame):
  Source   : dSx=   0.000, dSy=   0.000, dSz=   0.000  (mm)
  Object   : dOx=  -6.024, dOy=  -6.051, dOz= -10.972  (mm)
  Object offset: offset_x=  -0.003, offset_z=  -0.009  (mm)
  Detector : dDx=   0.000, dDy=   0.000, dDz=   0.000  (mm)
  Obj Stage rotY :    4.967 deg
============================================================

Unity geometry (world coordinates):
  Source   : x=   8.000, y=  50.000, z=   0.000
  Object   : x=  -0.024, y=  21.949, z= 566.028
  Detector : x=  -5.000, y=  10.000, z= 720.000
  Obj rotY :   0.0000 deg
view   0 | SOD= 566.771 mm | SDD= 721.227 mm | M= 1.273 | incident=3.3432°
[[  57.00889    -563.1982      -28.051426  ]
 [ -18.286955    152.97186      11.948574  ]
 [   0.1490381     0.01295384    0.        ]
 [   0.            0.            0.1496    ]]
               x1        y1  area1          x2        y2  area2          x3        y3  area3          x4         y4  area4          x5        y5  area5          x6        y6  area6
range  312.082351  0.634396  108.0  231.818488  4.925574  102.0  172.091929  7.011904   74.0  292.512602  17.306661  117.0  124.274279  9.713399   50.0  312.134889  30.04801   90.0
FAILURE!!!! Some beads might have been misidentified
               x1        y1  area1          x2        y2  area2          x3        y3  area3         x4         y4  area4          x5        y5  area5          x6         y6  area6
range  312.106311  0.645196  102.0  231.917129  4.948758  100.0  172.136434  7.021176   75.0  292.59264  17.328658  115.0  124.338542  9.796884   51.0  312.071889  30.002668   89.0
FAILURE!!!! Some beads might have been misidentified
            x1        y1  area1          x2        y2  area2          x3        y3  area3          x4         y4  area4          x5        y5  area5          x6         y6  area6
range  312.125  0.662966  109.0  231.987272  4.889217  103.0  172.117112  7.011546   75.0  292.436321  17.305495  117.0  124.222359  9.801347   48.0  312.197993  30.027575   89.0
FAILURE!!!! Some beads might have been misidentified
               x1        y1  area1          x2        y2  area2          x3        y3  area3          x4         y4  area4          x5        y5  area5          x6        y6  area6
range  312.058219  0.670251  107.0  231.830286  4.968882  103.0  172.115279  7.029296   72.0  292.579441  17.287108  119.0  124.211867  9.747934   48.0  312.101924  30.01736   90.0
FAILURE!!!! Some beads might have been misidentified
               x1        y1  area1          x2        y2  area2         x3        y3  area3          x4         y4  area4          x5       y5  area5          x6        y6  area6
range  312.082351  0.634396  108.0  231.818488  4.925574  101.0  172.12338  7.011904   74.0  292.512602  17.318118  116.0  124.274279  9.73653   51.0  312.134889  30.04801   90.0
FAILURE!!!! Some beads might have been misidentified
              x1        y1  area1          x2        y2  area2          x3        y3  area3          x4         y4  area4          x5        y5  area5          x6         y6  area6
range  312.05137  0.634396  108.0  231.818488  4.925574   99.0  172.091929  7.011904   74.0  292.512602  17.318118  115.0  124.286227  9.796476   50.0  312.152442  30.036951   91.0
FAILURE!!!! Some beads might have been misidentified
               x1        y1  area1          x2       y2  area2          x3        y3  area3          x4         y4  area4          x5       y5  area5          x6         y6  area6
range  312.082351  0.642242  108.0  231.818488  4.93622  101.0  172.091929  7.011904   71.0  292.512602  17.330736  116.0  124.274279  9.73653   50.0  312.134889  30.035032   86.0
FAILURE!!!! Some beads might have been misidentified
               x1        y1  area1          x2        y2  area2          x3        y3  area3          x4        y4  area4          x5        y5  area5          x6         y6  area6
range  312.082351  0.624173  109.0  231.840475  4.925574   99.0  172.091929  7.035137   73.0  292.512602  17.30213  117.0  124.274279  9.713399   50.0  312.119124  30.051822   89.0
FAILURE!!!! Some beads might have been misidentified
               x1        y1  area1          x2        y2  area2          x3        y3  area3         x4         y4  area4         x5       y5  area5         x6         y6  area6
range  312.070097  0.680602  108.0  231.768344  4.906884   94.0  172.051738  7.021509   73.0  292.57576  17.282647  116.0  124.44218  9.80807   54.0  312.19339  30.020503   88.0
FAILURE!!!! Some beads might have been misidentified
              x1        y1  area1          x2        y2  area2          x3        y3  area3         x4         y4  area4          x5        y5  area5         x6         y6  area6
range  312.05137  0.608056  104.0  232.119469  4.934646  106.0  172.218341  7.013652   72.0  292.47652  17.351505  116.0  124.118721  9.769474   47.0  312.07915  30.009739   88.0
FAILURE!!!! Some beads might have been misidentified
               x1        y1  area1          x2        y2  area2          x3        y3  area3          x4         y4  area4          x5        y5  area5          x6         y6  area6
range  312.226304  0.630365  110.0  232.144644  4.906884   99.0  172.008477  7.041192   74.0  292.371946  17.330736  118.0  124.232582  9.821077   49.0  312.250985  30.042698   92.0
FAILURE!!!! Some beads might have been misidentified
               x1        y1  area1          x2        y2  area2          x3        y3  area3          x4        y4  area4          x5        y5  area5          x6         y6  area6
range  311.986278  0.640475  107.0  231.772796  4.934646  103.0  172.253052  7.021509   71.0  292.634376  17.30213  117.0  124.292716  9.787436   46.0  312.041281  30.066557   88.0
FAILURE!!!! Some beads might have been misidentified
Residual vector length: 648, Jacobian shape: (648, 6)
view   0 | SOD= 566.660 mm | SDD= 721.227 mm | M= 1.273 | incident=3.3432°
[[  57.2517     -563.0626      -28.046635  ]
 [ -18.366882    153.07343      11.953365  ]
 [   0.14903225    0.013021      0.        ]
 [   0.            0.            0.1496    ]]
              x1        y1  area1          x2        y2  area2          x3        y3  area3         x4         y4  area4         x5        y5  area5          x6         y6  area6
range  312.15499  0.664409  112.0  232.108057  4.938748  103.0  172.198169  7.023615   78.0  292.63957  17.302617  116.0  124.16806  9.753738   44.0  312.132581  30.012658   95.0
FAILURE!!!! Some beads might have been misidentified

iter 15 cost=55.865107 -> 43.342896 |dtheta|=1.133842e-01  lambda=1.000e-06

============================================================
Iteration 16
============================================================
Theta offsets (Unity frame):
  Source   : dSx=   0.000, dSy=   0.000, dSz=   0.000  (mm)
  Object   : dOx=  -6.018, dOy=  -6.047, dOz= -11.082  (mm)
  Object offset: offset_x=  -0.008, offset_z=  -0.009  (mm)
  Detector : dDx=   0.000, dDy=   0.000, dDz=   0.000  (mm)
  Obj Stage rotY :    4.993 deg
============================================================

Unity geometry (world coordinates):
  Source   : x=   8.000, y=  50.000, z=   0.000
  Object   : x=  -0.018, y=  21.953, z= 565.918
  Detector : x=  -5.000, y=  10.000, z= 720.000
  Obj rotY :   0.0000 deg
view   0 | SOD= 566.660 mm | SDD= 721.227 mm | M= 1.273 | incident=3.3432°
[[  57.2517     -563.0626      -28.046635  ]
 [ -18.366882    153.07343      11.953365  ]
 [   0.14903225    0.013021      0.        ]
 [   0.            0.            0.1496    ]]
              x1        y1  area1          x2        y2  area2          x3        y3  area3         x4         y4  area4         x5        y5  area5          x6         y6  area6
range  312.15499  0.664409  112.0  232.108057  4.938748  103.0  172.198169  7.023615   78.0  292.63957  17.302617  116.0  124.16806  9.753738   44.0  312.132581  30.012658   95.0
FAILURE!!!! Some beads might have been misidentified
               x1        y1  area1          x2        y2  area2          x3        y3  area3          x4        y4  area4         x5        y5  area5          x6         y6  area6
range  312.123072  0.623474  106.0  231.977453  4.954777   99.0  172.327391  7.029668   77.0  292.668799  17.28342  113.0  124.35155  9.793105   50.0  312.130916  30.047166   89.0
FAILURE!!!! Some beads might have been misidentified
               x1        y1  area1          x2        y2  area2          x3        y3  area3          x4         y4  area4          x5        y5  area5          x6         y6  area6
range  312.090598  0.636168  111.0  232.000227  4.883046  109.0  172.211094  7.011546   70.0  292.488839  17.320423  116.0  124.205657  9.787323   51.0  312.208253  30.077002   91.0
FAILURE!!!! Some beads might have been misidentified
               x1        y1  area1          x2        y2  area2          x3        y3  area3          x4         y4  area4          x5        y5  area5          x6         y6  area6
range  312.113546  0.666189  103.0  232.091823  4.962789  107.0  172.136114  7.038483   74.0  292.633685  17.285132  117.0  124.221918  9.775045   53.0  312.092943  30.024696   85.0
FAILURE!!!! Some beads might have been misidentified
              x1        y1  area1          x2        y2  area2         x3        y3  area3          x4         y4  area4          x5        y5  area5          x6         y6  area6
range  312.15499  0.664409  111.0  231.948543  4.938748  103.0  172.17815  7.023615   79.0  292.617233  17.302617  115.0  124.146038  9.733678   44.0  312.130809  30.035738   94.0
FAILURE!!!! Some beads might have been misidentified
              x1        y1  area1          x2        y2  area2          x3        y3  area3         x4         y4  area4          x5        y5  area5          x6         y6  area6
range  312.15499  0.655268  110.0  232.108057  4.961136  103.0  172.198169  7.003162   76.0  292.63957  17.268274  115.0  124.232989  9.744013   47.0  312.132581  30.059502   91.0
FAILURE!!!! Some beads might have been misidentified
              x1        y1  area1          x2        y2  area2          x3        y3  area3          x4         y4  area4         x5        y5  area5          x6         y6  area6
range  312.15499  0.652797  109.0  232.087815  4.946015  102.0  172.198169  7.027286   79.0  292.625001  17.348378  116.0  124.16806  9.753738   44.0  312.137504  30.012658   95.0
FAILURE!!!! Some beads might have been misidentified
              x1        y1  area1          x2        y2  area2          x3       y3  area3          x4         y4  area4         x5        y5  area5          x6         y6  area6
range  312.15499  0.658336  106.0  231.885251  4.912403  101.0  172.119714  7.01907   76.0  292.661529  17.248252  117.0  124.52109  9.703883   53.0  312.177331  30.078589   90.0
FAILURE!!!! Some beads might have been misidentified
               x1        y1  area1          x2        y2  area2          x3        y3  area3          x4         y4  area4          x5        y5  area5          x6         y6  area6
range  312.141356  0.592442  114.0  232.146954  4.945883  105.0  172.381503  7.020396   73.0  292.563025  17.355591  108.0  124.061377  9.753738   44.0  312.113449  30.023948   95.0
FAILURE!!!! Some beads might have been misidentified
               x1        y1  area1         x2        y2  area2          x3        y3  area3          x4         y4  area4          x5        y5  area5          x6         y6  area6
range  312.246039  0.644277  111.0  232.19842  4.933202  101.0  172.098235  7.011904   78.0  292.431755  17.268274  113.0  124.125112  9.782071   52.0  312.298078  30.000857   95.0
FAILURE!!!! Some beads might have been misidentified
               x1        y1  area1          x2        y2  area2          x3       y3  area3          x4         y4  area4          x5        y5  area5          x6         y6  area6
range  311.986348  0.643656  109.0  231.806084  4.909624  104.0  172.416538  7.01907   72.0  292.725883  17.331127  117.0  124.251761  9.798357   46.0  312.018836  30.092992   90.0
FAILURE!!!! Some beads might have been misidentified
Residual vector length: 648, Jacobian shape: (648, 6)
view   0 | SOD= 566.565 mm | SDD= 721.227 mm | M= 1.273 | incident=3.3432°
[[  57.239517   -562.96814     -28.037542  ]
 [ -18.38716     153.16705      11.962458  ]
 [   0.14903212    0.01302269    0.        ]
 [   0.            0.            0.1496    ]]
               x1        y1  area1          x2        y2  area2          x3        y3  area3          x4         y4  area4          x5        y5  area5          x6         y6  area6
range  312.127356  0.673155  107.0  231.844583  4.964055  103.0  172.183495  7.066866   71.0  292.725883  17.246038  117.0  124.513814  9.724397   49.0  312.115221  30.082816   92.0
FAILURE!!!! Some beads might have been misidentified

iter 16 cost=43.342896 -> 36.454812 |dtheta|=9.103933e-02  lambda=1.000e-06

============================================================
Iteration 17
============================================================
Theta offsets (Unity frame):
  Source   : dSx=   0.000, dSy=   0.000, dSz=   0.000  (mm)
  Object   : dOx=  -6.015, dOy=  -6.038, dOz= -11.172  (mm)
  Object offset: offset_x=  -0.001, offset_z=  -0.014  (mm)
  Detector : dDx=   0.000, dDy=   0.000, dDz=   0.000  (mm)
  Obj Stage rotY :    4.994 deg
============================================================

Unity geometry (world coordinates):
  Source   : x=   8.000, y=  50.000, z=   0.000
  Object   : x=  -0.015, y=  21.962, z= 565.828
  Detector : x=  -5.000, y=  10.000, z= 720.000
  Obj rotY :   0.0000 deg
view   0 | SOD= 566.565 mm | SDD= 721.227 mm | M= 1.273 | incident=3.3432°
[[  57.239517   -562.96814     -28.037542  ]
 [ -18.38716     153.16705      11.962458  ]
 [   0.14903212    0.01302269    0.        ]
 [   0.            0.            0.1496    ]]
               x1        y1  area1          x2        y2  area2          x3        y3  area3          x4         y4  area4          x5        y5  area5          x6         y6  area6
range  312.127356  0.673155  107.0  231.844583  4.964055  103.0  172.183495  7.066866   71.0  292.725883  17.246038  117.0  124.513814  9.724397   49.0  312.115221  30.082816   92.0
FAILURE!!!! Some beads might have been misidentified
               x1        y1  area1          x2        y2  area2          x3        y3  area3        x4        y4  area4          x5        y5  area5          x6         y6  area6
range  312.117632  0.664967  107.0  231.711518  5.022688   97.0  172.375081  7.123739   83.0  292.7613  17.27953  110.0  124.558405  9.781974   48.0  312.150029  30.036703   89.0
FAILURE!!!! Some beads might have been misidentified
               x1        y1  area1          x2       y2  area2          x3        y3  area3          x4         y4  area4          x5        y5  area5          x6         y6  area6
range  312.102905  0.642967  107.0  231.909207  4.94202  102.0  172.223155  7.004441   77.0  292.791037  17.310767  115.0  124.359269  9.748434   49.0  312.225473  30.054026   91.0
FAILURE!!!! Some beads might have been misidentified
               x1        y1  area1          x2        y2  area2          x3        y3  area3          x4         y4  area4          x5        y5  area5          x6         y6  area6
range  312.147753  0.657077  110.0  231.812292  4.996148  107.0  172.168948  6.960136   68.0  292.752825  17.290116  117.0  124.509118  9.756664   51.0  312.096335  30.072594   88.0
FAILURE!!!! Some beads might have been misidentified
              x1        y1  area1          x2        y2  area2          x3        y3  area3         x4        y4  area4          x5       y5  area5          x6         y6  area6
range  312.14118  0.658336  105.0  231.846703  4.880548  101.0  172.217262  6.997597   76.0  292.77013  17.26819  116.0  124.558591  9.77462   48.0  312.132224  30.013111   95.0
FAILURE!!!! Some beads might have been misidentified
               x1        y1  area1          x2        y2  area2          x3        y3  area3          x4         y4  area4          x5        y5  area5          x6         y6  area6
range  312.099912  0.673155  107.0  231.844583  4.964055  103.0  172.161145  7.045785   71.0  292.725883  17.246038  118.0  124.501865  9.722706   49.0  312.077367  30.082816   91.0
FAILURE!!!! Some beads might have been misidentified
               x1        y1  area1          x2        y2  area2          x3        y3  area3          x4         y4  area4          x5        y5  area5          x6         y6  area6
range  312.141042  0.673155  107.0  231.844583  4.974271  103.0  172.183495  7.050896   78.0  292.725883  17.246038  118.0  124.513814  9.724397   48.0  312.115221  30.059707   92.0
FAILURE!!!! Some beads might have been misidentified
               x1        y1  area1          x2        y2  area2          x3        y3  area3          x4         y4  area4          x5        y5  area5          x6         y6  area6
range  312.127356  0.711357  106.0  231.844583  4.961664  104.0  172.183495  7.030364   71.0  292.725883  17.259671  114.0  124.513814  9.736749   49.0  312.115221  30.076885   90.0
FAILURE!!!! Some beads might have been misidentified
               x1        y1  area1          x2        y2  area2          x3        y3  area3          x4         y4  area4          x5        y5  area5          x6         y6  area6
range  312.127142  0.673155  107.0  231.870862  4.963651  100.0  172.232287  7.049413   73.0  292.725883  17.261425  120.0  124.513814  9.710524   50.0  312.113449  30.071296   89.0
FAILURE!!!! Some beads might have been misidentified
               x1        y1  area1        x2        y2  area2          x3        y3  area3          x4         y4  area4          x5      y5  area5          x6         y6  area6
range  312.175525  0.682376  107.0  231.7242  4.995328   95.0  172.125403  7.050096   79.0  292.748728  17.246553  112.0  124.702987  9.7152   47.0  312.132382  30.027458   90.0
FAILURE!!!! Some beads might have been misidentified
               x1       y1  area1          x2        y2  area2          x3        y3  area3          x4         y4  area4          x5        y5  area5          x6         y6  area6
range  312.086012  0.64823  105.0  232.093144  4.985213  103.0  172.403631  7.075224   80.0  292.725883  17.305685  117.0  124.223035  9.734401   46.0  312.091004  30.081067   91.0
FAILURE!!!! Some beads might have been misidentified
              x1        y1  area1          x2        y2  area2          x3        y3  area3          x4         y4  area4          x5        y5  area5          x6        y6  area6
range  312.21518  0.656031  108.0  232.093144  4.972391   99.0  172.103924  7.075224   82.0  292.655741  17.259671  118.0  124.398065  9.819251   54.0  312.359989  30.05985   90.0
FAILURE!!!! Some beads might have been misidentified
              x1        y1  area1          x2        y2  area2          x3        y3  area3          x4         y4  area4          x5        y5  area5          x6         y6  area6
range  311.99177  0.679168  106.0  231.705613  4.986517  104.0  172.465256  7.032491   70.0  292.874396  17.246038  117.0  124.546572  9.711157   48.0  312.015514  30.094295   89.0
FAILURE!!!! Some beads might have been misidentified
Residual vector length: 648, Jacobian shape: (648, 6)
view   0 | SOD= 566.479 mm | SDD= 721.227 mm | M= 1.273 | incident=3.3432°
[[  57.312992   -562.8743      -28.030413  ]
 [ -18.406277    153.25105      11.969587  ]
 [   0.14903042    0.01304195    0.        ]
 [   0.            0.            0.1496    ]]
               x1        y1  area1          x2        y2  area2          x3        y3  area3          x4         y4  area4          x5        y5  area5          x6        y6  area6
range  312.147753  0.669526  104.0  232.069458  4.931772  104.0  172.212695  6.992776   71.0  292.736261  17.308501  117.0  124.304665  9.713399   48.0  312.220032  30.10247   90.0
FAILURE!!!! Some beads might have been misidentified

iter 17 cost=36.454812 -> 29.761292 |dtheta|=8.867832e-02  lambda=1.000e-06

============================================================
Iteration 18
============================================================
Theta offsets (Unity frame):
  Source   : dSx=   0.000, dSy=   0.000, dSz=   0.000  (mm)
  Object   : dOx=  -6.018, dOy=  -6.030, dOz= -11.260  (mm)
  Object offset: offset_x=  -0.006, offset_z=  -0.013  (mm)
  Detector : dDx=   0.000, dDy=   0.000, dDz=   0.000  (mm)
  Obj Stage rotY :    5.001 deg
============================================================

Unity geometry (world coordinates):
  Source   : x=   8.000, y=  50.000, z=   0.000
  Object   : x=  -0.018, y=  21.970, z= 565.740
  Detector : x=  -5.000, y=  10.000, z= 720.000
  Obj rotY :   0.0000 deg
view   0 | SOD= 566.479 mm | SDD= 721.227 mm | M= 1.273 | incident=3.3432°
[[  57.312992   -562.8743      -28.030413  ]
 [ -18.406277    153.25105      11.969587  ]
 [   0.14903042    0.01304195    0.        ]
 [   0.            0.            0.1496    ]]
               x1        y1  area1          x2        y2  area2          x3        y3  area3          x4         y4  area4          x5        y5  area5          x6        y6  area6
range  312.147753  0.669526  104.0  232.069458  4.931772  104.0  172.212695  6.992776   71.0  292.736261  17.308501  117.0  124.304665  9.713399   48.0  312.220032  30.10247   90.0
FAILURE!!!! Some beads might have been misidentified
               x1       y1  area1          x2        y2  area2          x3        y3  area3          x4         y4  area4          x5        y5  area5         x6         y6  area6
range  312.118936  0.66391  105.0  231.954537  4.998063  104.0  172.383697  7.119633   72.0  292.727408  17.243753  117.0  124.456595  9.811532   47.0  312.19408  30.057306   91.0
FAILURE!!!! Some beads might have been misidentified
               x1        y1  area1          x2        y2  area2          x3       y3  area3          x4        y4  area4          x5        y5  area5          x6         y6  area6
range  312.150967  0.645322  107.0  232.001823  4.978158  103.0  172.233135  6.97568   77.0  292.725323  17.33138  117.0  124.239533  9.767358   49.0  312.225473  30.044822   94.0
FAILURE!!!! Some beads might have been misidentified
               x1        y1  area1          x2        y2  area2          x3        y3  area3          x4         y4  area4          x5        y5  area5          x6         y6  area6
range  312.184031  0.644838  109.0  232.046512  4.948969  105.0  172.191625  6.927131   67.0  292.713432  17.309699  118.0  124.266814  9.769814   48.0  312.175827  30.048759   87.0
FAILURE!!!! Some beads might have been misidentified
               x1        y1  area1          x2       y2  area2          x3        y3  area3          x4        y4  area4          x5        y5  area5          x6         y6  area6
range  312.140729  0.638315  106.0  232.108057  4.96155  102.0  172.254562  7.001056   76.0  292.718771  17.26819  116.0  124.288156  9.736448   48.0  312.180531  30.024766   93.0
FAILURE!!!! Some beads might have been misidentified
               x1        y1  area1          x2        y2  area2          x3        y3  area3          x4         y4  area4          x5       y5  area5          x6        y6  area6
range  312.147753  0.669526  104.0  232.048835  4.942216  104.0  172.212695  6.992776   71.0  292.736261  17.308501  117.0  124.270593  9.73653   49.0  312.220032  30.10247   90.0
FAILURE!!!! Some beads might have been misidentified
               x1        y1  area1          x2        y2  area2          x3        y3  area3          x4         y4  area4          x5        y5  area5          x6         y6  area6
range  312.147753  0.644826  104.0  232.069458  4.947975  104.0  172.259081  6.992776   71.0  292.764983  17.308501  117.0  124.304665  9.713399   48.0  312.216628  30.045756   91.0
FAILURE!!!! Some beads might have been misidentified
               x1        y1  area1          x2        y2  area2          x3        y3  area3          x4         y4  area4          x5        y5  area5          x6         y6  area6
range  312.147753  0.658249  105.0  232.054542  4.914304  105.0  172.212695  6.991398   71.0  292.736261  17.280381  119.0  124.304665  9.709492   49.0  312.216628  30.073925   93.0
FAILURE!!!! Some beads might have been misidentified
               x1       y1  area1          x2        y2  area2          x3        y3  area3          x4         y4  area4          x5        y5  area5          x6         y6  area6
range  312.147753  0.65546  105.0  232.069458  4.942216  105.0  172.212695  6.992776   75.0  292.759112  17.268155  117.0  124.304665  9.713399   48.0  312.220032  30.076473   89.0
FAILURE!!!! Some beads might have been misidentified
               x1       y1  area1          x2        y2  area2          x3        y3  area3          x4         y4  area4          x5        y5  area5          x6         y6  area6
range  312.185856  0.65231  106.0  231.854452  4.998093  106.0  172.155219  7.000075   74.0  292.775465  17.261204  117.0  124.585755  9.716914   50.0  312.249644  30.073393   90.0
FAILURE!!!! Some beads might have been misidentified
               x1        y1  area1          x2        y2  area2          x3        y3  area3          x4         y4  area4          x5       y5  area5          x6         y6  area6
range  312.128847  0.637874  104.0  232.131261  4.965126  102.0  172.458319  7.025898   78.0  292.710788  17.305069  118.0  124.110374  9.73653   45.0  312.200781  30.045578   94.0
FAILURE!!!! Some beads might have been misidentified
              x1        y1  area1        x2        y2  area2          x3        y3  area3          x4         y4  area4          x5        y5  area5          x6         y6  area6
range  312.26303  0.692565  105.0  232.1537  4.998093  107.0  172.135286  7.058814   73.0  292.569738  17.280381  115.0  124.282559  9.834149   48.0  312.340792  30.025187   87.0
FAILURE!!!! Some beads might have been misidentified
               x1        y1  area1          x2        y2  area2          x3       y3  area3          x4         y4  area4          x5        y5  area5          x6         y6  area6
range  312.006873  0.644826  104.0  231.896029  4.955192  104.0  172.437196  6.99334   73.0  292.899309  17.268155  118.0  124.304665  9.744741   47.0  312.082398  30.115786   92.0
FAILURE!!!! Some beads might have been misidentified
Residual vector length: 648, Jacobian shape: (648, 6)
view   0 | SOD= 566.403 mm | SDD= 721.227 mm | M= 1.273 | incident=3.3432°
[[  57.47555    -562.78186     -28.029474  ]
 [ -18.467062    153.3199       11.970526  ]
 [   0.14902635    0.01308843    0.        ]
 [   0.            0.            0.1496    ]]
               x1        y1  area1          x2        y2  area2          x3        y3  area3         x4         y4  area4          x5        y5  area5          x6         y6  area6
range  312.317909  0.666388  104.0  232.158921  4.944835  103.0  172.140201  7.048826   74.0  292.70067  17.256674  117.0  124.294524  9.824075   49.0  312.374507  30.052615   94.0
FAILURE!!!! Some beads might have been misidentified

iter 18 cost=29.761292 -> 23.693244 |dtheta|=8.764227e-02  lambda=1.000e-06

============================================================
Iteration 19
============================================================
Theta offsets (Unity frame):
  Source   : dSx=   0.000, dSy=   0.000, dSz=   0.000  (mm)
  Object   : dOx=  -6.014, dOy=  -6.029, dOz= -11.345  (mm)
  Object offset: offset_x=  -0.003, offset_z=  -0.003  (mm)
  Detector : dDx=   0.000, dDy=   0.000, dDz=   0.000  (mm)
  Obj Stage rotY :    5.019 deg
============================================================

Unity geometry (world coordinates):
  Source   : x=   8.000, y=  50.000, z=   0.000
  Object   : x=  -0.014, y=  21.971, z= 565.655
  Detector : x=  -5.000, y=  10.000, z= 720.000
  Obj rotY :   0.0000 deg
view   0 | SOD= 566.403 mm | SDD= 721.227 mm | M= 1.273 | incident=3.3432°
[[  57.47555    -562.78186     -28.029474  ]
 [ -18.467062    153.3199       11.970526  ]
 [   0.14902635    0.01308843    0.        ]
 [   0.            0.            0.1496    ]]
               x1        y1  area1          x2        y2  area2          x3        y3  area3         x4         y4  area4          x5        y5  area5          x6         y6  area6
range  312.317909  0.666388  104.0  232.158921  4.944835  103.0  172.140201  7.048826   74.0  292.70067  17.256674  117.0  124.294524  9.824075   49.0  312.374507  30.052615   94.0
FAILURE!!!! Some beads might have been misidentified
             x1        y1  area1         x2        y2  area2          x3        y3  area3          x4         y4  area4          x5        y5  area5          x6         y6  area6
range  312.3028  0.627333  102.0  232.05169  5.057106  106.0  172.272573  7.149797   74.0  292.706992  17.271215  116.0  124.486001  9.814946   46.0  312.415539  30.047744   91.0
FAILURE!!!! Some beads might have been misidentified
              x1        y1  area1         x2        y2  area2          x3        y3  area3          x4         y4  area4          x5        y5  area5          x6        y6  area6
range  312.32358  0.644838  108.0  232.16946  4.938085   99.0  172.150041  6.980737   70.0  292.669494  17.291559  117.0  124.267982  9.812563   50.0  312.395544  30.05061   90.0
FAILURE!!!! Some beads might have been misidentified
               x1        y1  area1          x2        y2  area2          x3        y3  area3          x4         y4  area4          x5        y5  area5          x6         y6  area6
range  312.393193  0.626696  107.0  232.209041  4.963774  102.0  172.166747  7.044564   73.0  292.659123  17.258287  115.0  124.315971  9.750853   49.0  312.406771  30.033032   94.0
FAILURE!!!! Some beads might have been misidentified
               x1        y1  area1          x2        y2  area2          x3        y3  area3          x4         y4  area4          x5        y5  area5          x6         y6  area6
range  312.304416  0.666388  104.0  232.158921  4.980942  103.0  172.140201  7.067617   74.0  292.695313  17.256674  117.0  124.317466  9.804001   49.0  312.401413  30.073592   93.0
FAILURE!!!! Some beads might have been misidentified
               x1        y1  area1          x2        y2  area2          x3        y3  area3         x4         y4  area4          x5        y5  area5          x6         y6  area6
range  312.317909  0.666388  104.0  232.158921  4.969497  104.0  172.140201  7.048826   74.0  292.70067  17.278947  116.0  124.294524  9.824075   48.0  312.395291  30.052615   94.0
FAILURE!!!! Some beads might have been misidentified
               x1        y1  area1          x2        y2  area2          x3        y3  area3         x4        y4  area4          x5        y5  area5          x6         y6  area6
range  312.304416  0.619088  104.0  232.169722  4.949379  102.0  172.140201  7.067617   70.0  292.70067  17.24582  114.0  124.317466  9.824075   49.0  312.374507  30.073592   94.0
FAILURE!!!! Some beads might have been misidentified
               x1        y1  area1          x2        y2  area2          x3        y3  area3         x4         y4  area4          x5        y5  area5          x6         y6  area6
range  312.304416  0.645963  105.0  232.158921  5.023471  106.0  172.140201  7.058814   74.0  292.70067  17.248252  117.0  124.294524  9.824075   46.0  312.374507  30.023449   93.0
FAILURE!!!! Some beads might have been misidentified
               x1        y1  area1          x2        y2  area2          x3        y3  area3          x4         y4  area4          x5        y5  area5          x6         y6  area6
range  312.441404  0.694228  106.0  232.091823  5.046162  102.0  172.084017  7.052459   77.0  292.716634  17.234322  115.0  124.633388  9.804001   49.0  312.452648  30.006869   95.0
FAILURE!!!! Some beads might have been misidentified
               x1        y1  area1          x2        y2  area2          x3       y3  area3          x4         y4  area4          x5        y5  area5          x6         y6  area6
range  312.304416  0.635155  104.0  232.269974  5.007941  109.0  172.285638  7.07143   74.0  292.629438  17.268274  116.0  124.134161  9.824075   49.0  312.381798  30.032378   95.0
FAILURE!!!! Some beads might have been misidentified
               x1        y1  area1          x2        y2  area2          x3        y3  area3          x4        y4  area4          x5        y5  area5          x6         y6  area6
range  312.493238  0.651978  106.0  232.319332  5.046162  101.0  171.947657  7.086905   77.0  292.539739  17.24582  118.0  124.274274  9.752239   51.0  312.590834  30.032845   98.0
FAILURE!!!! Some beads might have been misidentified
               x1        y1  area1          x2        y2  area2          x3       y3  area3          x4         y4  area4          x5        y5  area5          x6         y6  area6
range  312.165179  0.655118  103.0  232.091823  4.942061  104.0  172.305571  7.03374   77.0  292.771644  17.225978  115.0  124.480384  9.781385   49.0  312.242296  30.041334   93.0
FAILURE!!!! Some beads might have been misidentified
Residual vector length: 648, Jacobian shape: (648, 6)
view   0 | SOD= 566.281 mm | SDD= 721.227 mm | M= 1.274 | incident=3.3432°
[[  57.525913   -562.6538      -28.029478  ]
 [ -18.49498     153.43962      11.970522  ]
 [   0.14902492    0.01310472    0.        ]
 [   0.            0.            0.1496    ]]
               x1        y1  area1          x2        y2  area2          x3        y3  area3          x4         y4  area4          x5        y5  area5          x6         y6  area6
range  312.535415  0.629558  107.0  232.322195  4.968254  104.0  172.119714  7.053064   72.0  292.604068  17.278981  116.0  124.293017  9.683508   58.0  312.573163  30.024092   99.0
FAILURE!!!! Some beads might have been misidentified

iter 19 cost=23.693244 -> 16.318736 |dtheta|=1.294371e-01  lambda=1.000e-06

============================================================
Iteration 20
============================================================
Theta offsets (Unity frame):
  Source   : dSx=   0.000, dSy=   0.000, dSz=   0.000  (mm)
  Object   : dOx=  -6.014, dOy=  -6.029, dOz= -11.474  (mm)
  Object offset: offset_x=  -0.004, offset_z=   0.004  (mm)
  Detector : dDx=   0.000, dDy=   0.000, dDz=   0.000  (mm)
  Obj Stage rotY :    5.025 deg
============================================================

Unity geometry (world coordinates):
  Source   : x=   8.000, y=  50.000, z=   0.000
  Object   : x=  -0.014, y=  21.971, z= 565.526
  Detector : x=  -5.000, y=  10.000, z= 720.000
  Obj rotY :   0.0000 deg
view   0 | SOD= 566.281 mm | SDD= 721.227 mm | M= 1.274 | incident=3.3432°
[[  57.525913   -562.6538      -28.029478  ]
 [ -18.49498     153.43962      11.970522  ]
 [   0.14902492    0.01310472    0.        ]
 [   0.            0.            0.1496    ]]
               x1        y1  area1          x2        y2  area2          x3        y3  area3          x4         y4  area4          x5        y5  area5          x6         y6  area6
range  312.535415  0.629558  107.0  232.322195  4.968254  104.0  172.119714  7.053064   72.0  292.604068  17.278981  116.0  124.293017  9.683508   58.0  312.573163  30.024092   99.0
FAILURE!!!! Some beads might have been misidentified
               x1        y1  area1          x2       y2  area2         x3        y3  area3          x4         y4  area4          x5       y5  area5          x6         y6  area6
range  312.550604  0.658249  106.0  232.290151  4.95931  107.0  172.09006  7.033031   64.0  292.559637  17.266544  113.0  124.252148  9.73284   56.0  312.541738  30.002319   94.0
FAILURE!!!! Some beads might have been misidentified
               x1        y1  area1         x2        y2  area2          x3        y3  area3          x4         y4  area4          x5        y5  area5          x6         y6  area6
range  312.450633  0.620556  111.0  232.28886  5.004641  104.0  172.125286  7.030365   74.0  292.626031  17.248153  114.0  124.294524  9.780771   51.0  312.591285  30.025982  100.0
FAILURE!!!! Some beads might have been misidentified
               x1        y1  area1          x2        y2  area2          x3        y3  area3          x4         y4  area4          x5        y5  area5          x6        y6  area6
range  312.573767  0.641882  112.0  232.302169  4.914187  101.0  172.146504  7.006294   75.0  292.605833  17.292728  114.0  124.247624  9.649515   48.0  312.531952  30.01149   96.0
FAILURE!!!! Some beads might have been misidentified
               x1        y1  area1          x2        y2  area2          x3        y3  area3          x4         y4  area4          x5        y5  area5          x6         y6  area6
range  312.512507  0.629558  107.0  232.322195  4.968254  104.0  172.119714  7.053064   73.0  292.604068  17.278981  116.0  124.293017  9.690704   57.0  312.573163  30.043257   99.0
FAILURE!!!! Some beads might have been misidentified
               x1       y1  area1          x2        y2  area2          x3        y3  area3          x4         y4  area4         x5        y5  area5          x6         y6  area6
range  312.551482  0.61861  106.0  232.322195  4.968254  104.0  172.093416  7.036038   72.0  292.604473  17.278981  115.0  124.29639  9.660972   49.0  312.562106  30.007482   98.0
FAILURE!!!! Some beads might have been misidentified
               x1        y1  area1         x2        y2  area2          x3       y3  area3          x4         y4  area4          x5        y5  area5          x6        y6  area6
range  312.535415  0.635724  107.0  232.27273  4.977941  104.0  172.093416  7.04778   72.0  292.604068  17.279785  116.0  124.293017  9.650577   49.0  312.573163  30.04627   99.0
FAILURE!!!! Some beads might have been misidentified
               x1        y1  area1          x2        y2  area2          x3        y3  area3          x4         y4  area4          x5        y5  area5          x6        y6  area6
range  312.529572  0.666388  107.0  232.322195  4.972885  103.0  172.119714  7.068446   73.0  292.583598  17.257486  116.0  124.293017  9.690704   57.0  312.573163  30.03737   97.0
FAILURE!!!! Some beads might have been misidentified
               x1        y1  area1          x2        y2  area2          x3       y3  area3          x4         y4  area4          x5        y5  area5          x6         y6  area6
range  312.484144  0.604774  104.0  232.436172  4.979244  108.0  172.160895  7.04363   74.0  292.568204  17.271258  113.0  124.175792  9.707058   49.0  312.516933  30.024426   96.0
FAILURE!!!! Some beads might have been misidentified
              x1        y1  area1          x2        y2  area2          x3        y3  area3          x4         y4  area4          x5        y5  area5          x6        y6  area6
range  312.65122  0.635724  110.0  232.421994  5.004681  109.0  172.008477  7.035137   74.0  292.413689  17.279785  113.0  124.264349  9.685941   53.0  312.635804  30.01477   99.0
FAILURE!!!! Some beads might have been misidentified
               x1        y1  area1          x2        y2  area2          x3        y3  area3          x4         y4  area4          x5        y5  area5          x6        y6  area6
range  312.384189  0.643968  104.0  232.190796  4.978916  103.0  172.200762  7.042247   67.0  292.761128  17.257486  114.0  124.423752  9.788396   52.0  312.406771  30.03737   96.0
FAILURE!!!! Some beads might have been misidentified
Residual vector length: 648, Jacobian shape: (648, 6)
view   0 | SOD= 566.240 mm | SDD= 721.227 mm | M= 1.274 | incident=3.3432°
[[  57.545082   -562.6105      -28.02664   ]
 [ -18.514032    153.47891      11.97336   ]
 [   0.14902422    0.01311268    0.        ]
 [   0.            0.            0.1496    ]]
               x1        y1  area1          x2        y2  area2         x3        y3  area3          x4         y4  area4          x5        y5  area5          x6        y6  area6
range  312.475001  0.603947  105.0  232.190693  4.990152  110.0  172.16244  7.020858   76.0  292.757491  17.276717  114.0  124.558348  9.689225   49.0  312.451445  30.04627   95.0
FAILURE!!!! Some beads might have been misidentified

iter 20 cost=16.318736 -> 14.005365 |dtheta|=3.727796e-02  lambda=1.000e-06

============================================================
Iteration 21
============================================================
Theta offsets (Unity frame):
  Source   : dSx=   0.000, dSy=   0.000, dSz=   0.000  (mm)
  Object   : dOx=  -6.008, dOy=  -6.027, dOz= -11.510  (mm)
  Object offset: offset_x=  -0.002, offset_z=  -0.001  (mm)
  Detector : dDx=   0.000, dDy=   0.000, dDz=   0.000  (mm)
  Obj Stage rotY :    5.029 deg
============================================================

Unity geometry (world coordinates):
  Source   : x=   8.000, y=  50.000, z=   0.000
  Object   : x=  -0.008, y=  21.973, z= 565.490
  Detector : x=  -5.000, y=  10.000, z= 720.000
  Obj rotY :   0.0000 deg
view   0 | SOD= 566.240 mm | SDD= 721.227 mm | M= 1.274 | incident=3.3432°
[[  57.545082   -562.6105      -28.02664   ]
 [ -18.514032    153.47891      11.97336   ]
 [   0.14902422    0.01311268    0.        ]
 [   0.            0.            0.1496    ]]
               x1        y1  area1          x2        y2  area2         x3        y3  area3          x4         y4  area4          x5        y5  area5          x6        y6  area6
range  312.475001  0.603947  105.0  232.190693  4.990152  110.0  172.16244  7.020858   76.0  292.757491  17.276717  114.0  124.558348  9.689225   49.0  312.451445  30.04627   95.0
FAILURE!!!! Some beads might have been misidentified
               x1        y1  area1          x2        y2  area2          x3        y3  area3          x4        y4  area4          x5       y5  area5          x6         y6  area6
range  312.491231  0.664215  111.0  232.243656  4.978388  104.0  172.111777  7.082242   68.0  292.667862  17.26276  115.0  124.329468  9.73284   52.0  312.528489  30.032796   99.0
FAILURE!!!! Some beads might have been misidentified
              x1        y1  area1          x2        y2  area2          x3        y3  area3          x4         y4  area4          x5        y5  area5          x6         y6  area6
range  312.43723  0.592879  105.0  232.252618  4.951987  103.0  172.149362  7.039074   73.0  292.748728  17.268298  115.0  124.531259  9.804001   49.0  312.518871  30.011308   94.0
FAILURE!!!! Some beads might have been misidentified
               x1        y1  area1          x2        y2  area2          x3        y3  area3          x4       y4  area4          x5        y5  area5          x6         y6  area6
range  312.486254  0.696088  106.0  232.263675  4.963656  107.0  172.205734  7.058166   75.0  292.729342  17.2914  117.0  124.548406  9.687453   53.0  312.404142  30.025958   97.0
FAILURE!!!! Some beads might have been misidentified
               x1        y1  area1          x2        y2  area2          x3        y3  area3          x4         y4  area4          x5       y5  area5          x6        y6  area6
range  312.475001  0.603947  105.0  232.240158  4.990152  110.0  172.140201  7.043926   76.0  292.761701  17.276717  114.0  124.574591  9.70248   49.0  312.451445  30.04627   96.0
FAILURE!!!! Some beads might have been misidentified
               x1        y1  area1          x2        y2  area2         x3        y3  area3          x4         y4  area4         x5        y5  area5          x6         y6  area6
range  312.475001  0.603947  104.0  232.206609  4.990152  110.0  172.16244  7.027327   75.0  292.741533  17.276717  114.0  124.57492  9.689225   50.0  312.451445  30.025488   93.0
FAILURE!!!! Some beads might have been misidentified
               x1        y1  area1          x2        y2  area2         x3        y3  area3          x4         y4  area4          x5       y5  area5          x6         y6  area6
range  312.475001  0.616566  105.0  232.270737  4.987752  109.0  172.16244  7.009302   76.0  292.741533  17.286389  116.0  124.558348  9.70248   49.0  312.451445  30.025488   96.0
FAILURE!!!! Some beads might have been misidentified
               x1        y1  area1          x2        y2  area2         x3        y3  area3          x4         y4  area4          x5        y5  area5          x6         y6  area6
range  312.475001  0.649179  106.0  232.224138  5.002437  102.0  172.16244  7.044353   75.0  292.741533  17.277518  114.0  124.558348  9.728669   49.0  312.451445  30.013867   96.0
FAILURE!!!! Some beads might have been misidentified
               x1        y1  area1          x2        y2  area2          x3        y3  area3          x4         y4  area4          x5        y5  area5          x6         y6  area6
range  312.571373  0.603947  106.0  232.352999  5.034544  106.0  172.081953  7.110928   76.0  292.599987  17.286389  116.0  124.508601  9.685941   51.0  312.683129  30.025488   99.0
FAILURE!!!! Some beads might have been misidentified
               x1        y1  area1          x2        y2  area2         x3        y3  area3          x4         y4  area4          x5        y5  area5          x6         y6  area6
range  312.303932  0.629386  102.0  232.130284  4.997515  102.0  172.35139  7.078832   68.0  292.826079  17.277518  116.0  124.612523  9.833557   51.0  312.337074  30.053975   91.0
FAILURE!!!! Some beads might have been misidentified
Residual vector length: 648, Jacobian shape: (648, 6)
view   0 | SOD= 566.197 mm | SDD= 721.227 mm | M= 1.274 | incident=3.3432°
[[  57.587227   -562.5629      -28.024569  ]
 [ -18.529804    153.52031      11.975431  ]
 [   0.14902316    0.01312473    0.        ]
 [   0.            0.            0.1496    ]]
               x1        y1  area1          x2        y2  area2          x3        y3  area3          x4         y4  area4         x5        y5  area5          x6         y6  area6
range  312.475001  0.613214  108.0  232.309183  5.011158  108.0  172.140201  7.040498   74.0  292.741533  17.278981  116.0  124.56172  9.689225   50.0  312.515886  30.025488   95.0
FAILURE!!!! Some beads might have been misidentified

iter 21 cost=14.005365 -> 12.284675 |dtheta|=4.400195e-02  lambda=1.000e-06

============================================================
Iteration 22
============================================================
Theta offsets (Unity frame):
  Source   : dSx=   0.000, dSy=   0.000, dSz=   0.000  (mm)
  Object   : dOx=  -6.009, dOy=  -6.025, dOz= -11.554  (mm)
  Object offset: offset_x=  -0.001, offset_z=  -0.000  (mm)
  Detector : dDx=   0.000, dDy=   0.000, dDz=   0.000  (mm)
  Obj Stage rotY :    5.033 deg
============================================================

Unity geometry (world coordinates):
  Source   : x=   8.000, y=  50.000, z=   0.000
  Object   : x=  -0.009, y=  21.975, z= 565.446
  Detector : x=  -5.000, y=  10.000, z= 720.000
  Obj rotY :   0.0000 deg
view   0 | SOD= 566.197 mm | SDD= 721.227 mm | M= 1.274 | incident=3.3432°
[[  57.587227   -562.5629      -28.024569  ]
 [ -18.529804    153.52031      11.975431  ]
 [   0.14902316    0.01312473    0.        ]
 [   0.            0.            0.1496    ]]
               x1        y1  area1          x2        y2  area2          x3        y3  area3          x4         y4  area4         x5        y5  area5          x6         y6  area6
range  312.475001  0.613214  108.0  232.309183  5.011158  108.0  172.140201  7.040498   74.0  292.741533  17.278981  116.0  124.56172  9.689225   50.0  312.515886  30.025488   95.0
FAILURE!!!! Some beads might have been misidentified
               x1        y1  area1          x2        y2  area2          x3        y3  area3          x4         y4  area4          x5        y5  area5          x6         y6  area6
range  312.445509  0.618721  108.0  232.264243  4.976998  104.0  172.117357  7.003453   72.0  292.748728  17.270631  112.0  124.531259  9.824075   55.0  312.578034  30.002668  101.0
FAILURE!!!! Some beads might have been misidentified
               x1        y1  area1          x2        y2  area2          x3        y3  area3          x4         y4  area4          x5        y5  area5          x6         y6  area6
range  312.509014  0.666509  107.0  232.274527  4.955271  108.0  172.205734  7.042909   74.0  292.687746  17.292728  118.0  124.528425  9.687453   53.0  312.490741  30.063694   97.0
FAILURE!!!! Some beads might have been misidentified
               x1        y1  area1          x2        y2  area2          x3        y3  area3          x4         y4  area4          x5        y5  area5          x6         y6  area6
range  312.475001  0.613214  108.0  232.309183  5.011158  108.0  172.140201  7.040498   74.0  292.741533  17.278981  116.0  124.558348  9.689225   50.0  312.471709  30.025488   95.0
FAILURE!!!! Some beads might have been misidentified
               x1        y1  area1         x2        y2  area2          x3       y3  area3          x4         y4  area4         x5        y5  area5          x6       y6  area6
range  312.475001  0.610223  109.0  232.27226  5.004628  101.0  172.140201  7.07344   74.0  292.741533  17.276717  114.0  124.56172  9.689225   49.0  312.492896  30.0182   95.0
FAILURE!!!! Some beads might have been misidentified
               x1        y1  area1          x2        y2  area2          x3        y3  area3          x4         y4  area4          x5        y5  area5          x6       y6  area6
range  312.319907  0.638677  106.0  232.130284  5.007941  102.0  172.356022  7.079714   68.0  292.816785  17.276717  115.0  124.590088  9.785405   51.0  312.337074  30.0182   93.0
FAILURE!!!! Some beads might have been misidentified
Residual vector length: 648, Jacobian shape: (648, 6)
view   0 | SOD= 566.137 mm | SDD= 721.227 mm | M= 1.274 | incident=3.3432°
[[  57.500793   -562.51184     -28.022217  ]
 [ -18.5143      153.5822       11.977783  ]
 [   0.14902502    0.01310352    0.        ]
 [   0.            0.            0.1496    ]]

iter 22 cost=12.284675 -> 10.300365 |dtheta|=5.775525e-02  lambda=1.000e-06

============================================================
Iteration 23
============================================================
Theta offsets (Unity frame):
  Source   : dSx=   0.000, dSy=   0.000, dSz=   0.000  (mm)
  Object   : dOx=  -6.007, dOy=  -6.022, dOz= -11.611  (mm)
  Object offset: offset_x=  -0.002, offset_z=  -0.003  (mm)
  Detector : dDx=   0.000, dDy=   0.000, dDz=   0.000  (mm)
  Obj Stage rotY :    5.025 deg
============================================================

Unity geometry (world coordinates):
  Source   : x=   8.000, y=  50.000, z=   0.000
  Object   : x=  -0.007, y=  21.978, z= 565.389
  Detector : x=  -5.000, y=  10.000, z= 720.000
  Obj rotY :   0.0000 deg
view   0 | SOD= 566.137 mm | SDD= 721.227 mm | M= 1.274 | incident=3.3432°
[[  57.500793   -562.51184     -28.022217  ]
 [ -18.5143      153.5822       11.977783  ]
 [   0.14902502    0.01310352    0.        ]
 [   0.            0.            0.1496    ]]
               x1        y1  area1          x2       y2  area2          x3        y3  area3          x4         y4  area4         x5        y5  area5          x6         y6  area6
range  312.462603  0.610701  108.0  232.280207  4.97525  107.0  172.284281  7.023253   73.0  292.748728  17.232971  109.0  124.54794  9.824075   49.0  312.515602  30.034983   99.0
FAILURE!!!! Some beads might have been misidentified
               x1        y1  area1          x2        y2  area2          x3        y3  area3          x4         y4  area4          x5        y5  area5          x6         y6  area6
range  312.509014  0.689319  104.0  232.274527  4.977615  107.0  172.312254  7.061711   75.0  292.739871  17.292065  118.0  124.549821  9.703608   52.0  312.491167  30.074798   96.0
FAILURE!!!! Some beads might have been misidentified
               x1        y1  area1          x2        y2  area2          x3        y3  area3         x4         y4  area4          x5        y5  area5          x6         y6  area6
range  312.461561  0.593884  108.0  232.277598  5.010509  108.0  172.271825  7.043964   74.0  292.77013  17.276717  117.0  124.556239  9.699502   52.0  312.462975  30.009077   92.0
FAILURE!!!! Some beads might have been misidentified
Residual vector length: 648, Jacobian shape: (648, 6)
view   0 | SOD= 566.072 mm | SDD= 721.227 mm | M= 1.274 | incident=3.3432°
[[  57.343468   -562.46246     -28.017967  ]
 [ -18.479961    153.65192      11.982033  ]
 [   0.14902852    0.01306363    0.        ]
 [   0.            0.            0.1496    ]]

iter 23 cost=10.300365 -> 7.705254 |dtheta|=6.896160e-02  lambda=1.000e-06

============================================================
Iteration 24
============================================================
Theta offsets (Unity frame):
  Source   : dSx=   0.000, dSy=   0.000, dSz=   0.000  (mm)
  Object   : dOx=  -6.006, dOy=  -6.018, dOz= -11.678  (mm)
  Object offset: offset_x=  -0.002, offset_z=  -0.001  (mm)
  Detector : dDx=   0.000, dDy=   0.000, dDz=   0.000  (mm)
  Obj Stage rotY :    5.010 deg
============================================================

Unity geometry (world coordinates):
  Source   : x=   8.000, y=  50.000, z=   0.000
  Object   : x=  -0.006, y=  21.982, z= 565.322
  Detector : x=  -5.000, y=  10.000, z= 720.000
  Obj rotY :   0.0000 deg
view   0 | SOD= 566.072 mm | SDD= 721.227 mm | M= 1.274 | incident=3.3432°
[[  57.343468   -562.46246     -28.017967  ]
 [ -18.479961    153.65192      11.982033  ]
 [   0.14902852    0.01306363    0.        ]
 [   0.            0.            0.1496    ]]
               x1        y1  area1          x2        y2  area2          x3        y3  area3          x4         y4  area4          x5        y5  area5          x6         y6  area6
range  312.540162  0.583938  114.0  232.279183  5.038883  103.0  172.370754  7.126924   76.0  292.841206  17.308384  114.0  124.675848  9.736135   55.0  312.658776  30.048572   97.0
FAILURE!!!! Some beads might have been misidentified
               x1        y1  area1          x2        y2  area2          x3        y3  area3          x4         y4  area4          x5        y5  area5         x6         y6  area6
range  312.528352  0.656363  107.0  232.308197  5.005314  108.0  172.316779  7.052331   73.0  292.738176  17.310644  119.0  124.555679  9.703608   50.0  312.55705  30.093668   98.0
FAILURE!!!! Some beads might have been misidentified
               x1        y1  area1          x2        y2  area2          x3        y3  area3         x4         y4  area4         x5        y5  area5         x6        y6  area6
range  312.500225  0.590909  112.0  232.295023  4.994418  103.0  172.254531  7.087281   75.0  292.77013  17.278251  111.0  124.57604  9.721304   52.0  312.57513  30.00876  101.0
FAILURE!!!! Some beads might have been misidentified
               x1        y1  area1          x2       y2  area2          x3        y3  area3          x4         y4  area4          x5        y5  area5          x6         y6  area6
range  312.479244  0.614425  111.0  232.392046  5.00366  108.0  172.396559  7.099146   76.0  292.763394  17.290236  112.0  124.238165  9.720558   53.0  312.490013  30.072622   98.0
FAILURE!!!! Some beads might have been misidentified
               x1        y1  area1          x2       y2  area2          x3        y3  area3          x4         y4  area4          x5        y5  area5          x6         y6  area6
range  312.362441  0.586342  114.0  232.194422  5.02456   99.0  172.444812  7.076182   73.0  292.886911  17.261649  112.0  124.582797  9.718544   58.0  312.365948  30.046175  101.0
FAILURE!!!! Some beads might have been misidentified
Residual vector length: 648, Jacobian shape: (648, 6)
view   0 | SOD= 566.047 mm | SDD= 721.227 mm | M= 1.274 | incident=3.3432°
[[  57.287422   -562.44354     -28.013199  ]
 [ -18.469378    153.67789      11.986801  ]
 [   0.14902975    0.01304976    0.        ]
 [   0.            0.            0.1496    ]]

iter 24 cost=7.705254 -> 6.581351 |dtheta|=2.754852e-02  lambda=1.000e-06

============================================================
Iteration 25
============================================================
Theta offsets (Unity frame):
  Source   : dSx=   0.000, dSy=   0.000, dSz=   0.000  (mm)
  Object   : dOx=  -6.005, dOy=  -6.013, dOz= -11.704  (mm)
  Object offset: offset_x=  -0.001, offset_z=   0.001  (mm)
  Detector : dDx=   0.000, dDy=   0.000, dDz=   0.000  (mm)
  Obj Stage rotY :    5.004 deg
============================================================

Unity geometry (world coordinates):
  Source   : x=   8.000, y=  50.000, z=   0.000
  Object   : x=  -0.005, y=  21.987, z= 565.296
  Detector : x=  -5.000, y=  10.000, z= 720.000
  Obj rotY :   0.0000 deg
view   0 | SOD= 566.047 mm | SDD= 721.227 mm | M= 1.274 | incident=3.3432°
[[  57.287422   -562.44354     -28.013199  ]
 [ -18.469378    153.67789      11.986801  ]
 [   0.14902975    0.01304976    0.        ]
 [   0.            0.            0.1496    ]]
               x1        y1  area1          x2        y2  area2          x3        y3  area3          x4         y4  area4          x5        y5  area5          x6         y6  area6
range  312.509307  0.629505  111.0  232.332114  4.993123  107.0  172.302973  7.048716   73.0  292.745417  17.309148  115.0  124.569804  9.697849   56.0  312.640345  30.077997   96.0
FAILURE!!!! Some beads might have been misidentified
Residual vector length: 648, Jacobian shape: (648, 6)
view   0 | SOD= 565.989 mm | SDD= 721.227 mm | M= 1.274 | incident=3.3432°
[[  57.267296   -562.3872      -28.008682  ]
 [ -18.475008    153.73576      11.991318  ]
 [   0.14903       0.01304675    0.        ]
 [   0.            0.            0.1496    ]]

iter 25 cost=6.581351 -> 4.451931 |dtheta|=6.364554e-02  lambda=1.000e-06

============================================================
Iteration 26
============================================================
Theta offsets (Unity frame):
  Source   : dSx=   0.000, dSy=   0.000, dSz=   0.000  (mm)
  Object   : dOx=  -6.003, dOy=  -6.009, dOz= -11.768  (mm)
  Object offset: offset_x=  -0.000, offset_z=   0.006  (mm)
  Detector : dDx=   0.000, dDy=   0.000, dDz=   0.000  (mm)
  Obj Stage rotY :    5.003 deg
============================================================

Unity geometry (world coordinates):
  Source   : x=   8.000, y=  50.000, z=   0.000
  Object   : x=  -0.003, y=  21.991, z= 565.232
  Detector : x=  -5.000, y=  10.000, z= 720.000
  Obj rotY :   0.0000 deg
view   0 | SOD= 565.989 mm | SDD= 721.227 mm | M= 1.274 | incident=3.3432°
[[  57.267296   -562.3872      -28.008682  ]
 [ -18.475008    153.73576      11.991318  ]
 [   0.14903       0.01304675    0.        ]
 [   0.            0.            0.1496    ]]
               x1        y1  area1          x2        y2  area2          x3       y3  area3          x4         y4  area4          x5        y5  area5          x6         y6  area6
range  312.871009  0.624348  117.0  232.424248  4.979923  103.0  172.158439  7.12559   77.0  292.744384  17.337036  113.0  124.675848  9.795205   53.0  312.889611  30.053312  100.0
FAILURE!!!! Some beads might have been misidentified
               x1        y1  area1          x2        y2  area2          x3        y3  area3          x4         y4  area4          x5        y5  area5          x6         y6  area6
range  312.890794  0.617834  106.0  232.375988  4.991683  101.0  172.135525  7.052846   75.0  292.729342  17.292065  114.0  124.569804  9.658393   59.0  312.774297  30.071044   95.0
FAILURE!!!! Some beads might have been misidentified
             x1        y1  area1         x2        y2  area2          x3        y3  area3          x4         y4  area4          x5        y5  area5          x6        y6  area6
range  312.8792  0.607394  110.0  232.35455  5.011454  103.0  172.010634  7.130255   75.0  292.755686  17.275919  108.0  124.597345  9.695316   50.0  312.832351  30.00876  101.0
FAILURE!!!! Some beads might have been misidentified
Residual vector length: 648, Jacobian shape: (648, 6)
view   0 | SOD= 565.958 mm | SDD= 721.227 mm | M= 1.274 | incident=3.3432°
[[  57.23434    -562.36        -28.006996  ]
 [ -18.471111    153.76688      11.993004  ]
 [   0.14903067    0.01303908    0.        ]
 [   0.            0.            0.1496    ]]

iter 26 cost=4.451931 -> 3.787913 |dtheta|=2.900709e-02  lambda=1.000e-06

============================================================
Iteration 27
============================================================
Theta offsets (Unity frame):
  Source   : dSx=   0.000, dSy=   0.000, dSz=   0.000  (mm)
  Object   : dOx=  -6.002, dOy=  -6.007, dOz= -11.796  (mm)
  Object offset: offset_x=   0.000, offset_z=   0.005  (mm)
  Detector : dDx=   0.000, dDy=   0.000, dDz=   0.000  (mm)
  Obj Stage rotY :    5.000 deg
============================================================

Unity geometry (world coordinates):
  Source   : x=   8.000, y=  50.000, z=   0.000
  Object   : x=  -0.002, y=  21.993, z= 565.204
  Detector : x=  -5.000, y=  10.000, z= 720.000
  Obj rotY :   0.0000 deg
view   0 | SOD= 565.958 mm | SDD= 721.227 mm | M= 1.274 | incident=3.3432°
[[  57.23434    -562.36        -28.006996  ]
 [ -18.471111    153.76688      11.993004  ]
 [   0.14903067    0.01303908    0.        ]
 [   0.            0.            0.1496    ]]
               x1       y1  area1          x2      y2  area2          x3       y3  area3          x4         y4  area4          x5        y5  area5          x6         y6  area6
range  312.847541  0.61931  119.0  232.403099  4.9184  104.0  172.191772  7.12559   77.0  292.787799  17.328595  114.0  124.697799  9.797052   54.0  312.864726  30.067009  103.0
FAILURE!!!! Some beads might have been misidentified
               x1        y1  area1          x2        y2  area2          x3        y3  area3          x4         y4  area4          x5       y5  area5         x6         y6  area6
range  312.884063  0.606858  105.0  232.346224  5.049304  102.0  172.250042  7.052846   76.0  292.754766  17.294549  115.0  124.616947  9.66879   53.0  312.78547  30.063246   96.0
FAILURE!!!! Some beads might have been misidentified
               x1        y1  area1         x2        y2  area2          x3        y3  area3          x4         y4  area4          x5        y5  area5          x6         y6  area6
range  312.834967  0.644366  109.0  232.35455  4.984258  101.0  172.217932  7.146236   75.0  292.764855  17.275919  110.0  124.620353  9.705684   51.0  312.817878  30.013477  100.0
FAILURE!!!! Some beads might have been misidentified
               x1        y1  area1         x2        y2  area2          x3       y3  area3          x4         y4  area4          x5        y5  area5          x6        y6  area6
range  312.834967  0.624109  110.0  232.35455  4.938959  100.0  172.217932  7.13394   75.0  292.760665  17.285659  110.0  124.598975  9.687173   50.0  312.832351  30.00876  101.0
FAILURE!!!! Some beads might have been misidentified
               x1        y1  area1         x2        y2  area2          x3        y3  area3          x4         y4  area4         x5        y5  area5          x6         y6  area6
range  312.811907  0.607214  108.0  232.35455  4.965966  101.0  172.240803  7.130255   75.0  292.782802  17.283576  109.0  124.63469  9.736296   50.0  312.832351  30.016407   98.0
FAILURE!!!! Some beads might have been misidentified
               x1        y1  area1          x2        y2  area2          x3        y3  area3          x4         y4  area4          x5        y5  area5          x6         y6  area6
range  312.961392  0.607554  112.0  232.300333  4.962033   99.0  171.956377  7.097078   72.0  292.782802  17.315041  112.0  124.773753  9.687173   54.0  312.907709  30.011915   99.0
FAILURE!!!! Some beads might have been misidentified
               x1        y1  area1          x2        y2  area2          x3        y3  area3          x4         y4  area4          x5        y5  area5          x6         y6  area6
range  312.673489  0.615721  111.0  232.477317  4.943866  104.0  172.340828  7.109661   79.0  292.755686  17.293983  113.0  124.499714  9.723041   55.0  312.776957  30.040438  101.0
FAILURE!!!! Some beads might have been misidentified
               x1        y1  area1          x2        y2  area2          x3        y3  area3          x4         y4  area4          x5        y5  area5          x6         y6  area6
range  312.540455  0.619045  112.0  232.282798  4.947618  103.0  172.382775  7.097078   75.0  292.871102  17.275183  110.0  124.675047  9.758654   53.0  312.530866  30.058793  102.0
FAILURE!!!! Some beads might have been misidentified
Residual vector length: 648, Jacobian shape: (648, 6)
view   0 | SOD= 565.932 mm | SDD= 721.227 mm | M= 1.274 | incident=3.3432°
[[  57.192894   -562.3375      -28.0051    ]
 [ -18.462458    153.79463      11.9949    ]
 [   0.1490316     0.01302865    0.        ]
 [   0.            0.            0.1496    ]]
               x1        y1  area1          x2        y2  area2          x3        y3  area3          x4         y4  area4          x5        y5  area5          x6         y6  area6
range  312.850072  0.618846  107.0  232.363584  4.943948  100.0  172.217932  7.169117   75.0  292.782802  17.275183  108.0  124.620353  9.729132   50.0  312.832351  30.005756   98.0
FAILURE!!!! Some beads might have been misidentified

iter 27 cost=3.787913 -> 3.466848 |dtheta|=2.712792e-02  lambda=1.000e-06

============================================================
Iteration 28
============================================================
Theta offsets (Unity frame):
  Source   : dSx=   0.000, dSy=   0.000, dSz=   0.000  (mm)
  Object   : dOx=  -6.002, dOy=  -6.005, dOz= -11.823  (mm)
  Object offset: offset_x=   0.000, offset_z=   0.005  (mm)
  Detector : dDx=   0.000, dDy=   0.000, dDz=   0.000  (mm)
  Obj Stage rotY :    4.996 deg
============================================================

Unity geometry (world coordinates):
  Source   : x=   8.000, y=  50.000, z=   0.000
  Object   : x=  -0.002, y=  21.995, z= 565.177
  Detector : x=  -5.000, y=  10.000, z= 720.000
  Obj rotY :   0.0000 deg
view   0 | SOD= 565.932 mm | SDD= 721.227 mm | M= 1.274 | incident=3.3432°
[[  57.192894   -562.3375      -28.0051    ]
 [ -18.462458    153.79463      11.9949    ]
 [   0.1490316     0.01302865    0.        ]
 [   0.            0.            0.1496    ]]
               x1        y1  area1          x2        y2  area2          x3        y3  area3          x4         y4  area4          x5        y5  area5          x6         y6  area6
range  312.850072  0.618846  107.0  232.363584  4.943948  100.0  172.217932  7.169117   75.0  292.782802  17.275183  108.0  124.620353  9.729132   50.0  312.832351  30.005756   98.0
FAILURE!!!! Some beads might have been misidentified
               x1       y1  area1          x2      y2  area2          x3        y3  area3          x4         y4  area4          x5        y5  area5          x6         y6  area6
range  312.872535  0.61931  118.0  232.426419  4.9184  103.0  172.158439  7.122385   79.0  292.787799  17.335512  113.0  124.697799  9.797052   54.0  312.864726  30.051709  103.0
FAILURE!!!! Some beads might have been misidentified
               x1        y1  area1          x2        y2  area2          x3        y3  area3          x4         y4  area4          x5        y5  area5         x6         y6  area6
range  312.821488  0.613344  102.0  232.462101  4.948142  100.0  172.116471  7.049612   73.0  292.754495  17.271988  115.0  124.577749  9.657937   56.0  312.76529  30.015568   95.0
FAILURE!!!! Some beads might have been misidentified
               x1        y1  area1          x2        y2  area2          x3        y3  area3          x4         y4  area4          x5        y5  area5         x6         y6  area6
range  312.869437  0.585987  107.0  232.346224  5.033205  103.0  172.250042  7.052846   73.0  292.762797  17.317077  114.0  124.616947  9.690796   52.0  312.78547  30.047799   95.0
FAILURE!!!! Some beads might have been misidentified
               x1        y1  area1          x2        y2  area2          x3        y3  area3          x4         y4  area4          x5        y5  area5          x6         y6  area6
range  312.850072  0.618846  107.0  232.377587  4.943948  100.0  172.226131  7.169117   76.0  292.782802  17.275183  109.0  124.621982  9.729132   50.0  312.832351  30.019547   98.0
FAILURE!!!! Some beads might have been misidentified
               x1        y1  area1          x2        y2  area2          x3        y3  area3          x4         y4  area4          x5        y5  area5          x6         y6  area6
range  312.868592  0.618846  107.0  232.377587  4.943948  101.0  172.208855  7.169117   75.0  292.782802  17.275919  108.0  124.620353  9.692377   51.0  312.840572  30.045003   98.0
FAILURE!!!! Some beads might have been misidentified
               x1        y1  area1          x2        y2  area2          x3        y3  area3          x4         y4  area4          x5        y5  area5          x6         y6  area6
range  312.862954  0.639303  110.0  232.377587  4.904535   99.0  172.217932  7.118406   73.0  292.782802  17.275919  110.0  124.597345  9.695316   50.0  312.832351  30.030874  102.0
FAILURE!!!! Some beads might have been misidentified
               x1        y1  area1          x2        y2  area2          x3        y3  area3          x4         y4  area4          x5        y5  area5          x6         y6  area6
range  312.850072  0.573162  109.0  232.363584  4.956949  100.0  172.240803  7.153205   77.0  292.782802  17.283576  109.0  124.620353  9.723041   50.0  312.817878  30.058793   99.0
FAILURE!!!! Some beads might have been misidentified
               x1        y1  area1          x2        y2  area2          x3        y3  area3          x4         y4  area4         x5        y5  area5          x6         y6  area6
range  312.974459  0.595498  109.0  232.311942  4.916745   98.0  171.958414  7.086948   74.0  292.782802  17.297256  114.0  124.79061  9.687173   54.0  312.907709  30.048307   93.0
FAILURE!!!! Some beads might have been misidentified
               x1        y1  area1          x2        y2  area2          x3       y3  area3          x4         y4  area4          x5        y5  area5          x6         y6  area6
range  312.671503  0.616687  111.0  232.516904  4.891612  104.0  172.349077  7.12039   79.0  292.759914  17.285542  114.0  124.484938  9.723041   53.0  312.811494  30.018969  102.0
FAILURE!!!! Some beads might have been misidentified
               x1        y1  area1          x2        y2  area2          x3       y3  area3          x4         y4  area4          x5        y5  area5         x6         y6  area6
range  313.173838  0.644579  108.0  232.558718  4.916745  101.0  171.956358  7.12039   77.0  292.683321  17.275919  110.0  124.577109  9.696335   53.0  313.09915  30.030874  101.0
FAILURE!!!! Some beads might have been misidentified
               x1        y1  area1          x2        y2  area2          x3        y3  area3         x4         y4  area4         x5        y5  area5          x6         y6  area6
range  312.515386  0.605255  111.0  232.285458  4.911588   97.0  172.391094  7.054005   76.0  292.93235  17.283576  110.0  124.65324  9.758654   54.0  312.530866  30.066709  103.0
FAILURE!!!! Some beads might have been misidentified
Residual vector length: 648, Jacobian shape: (648, 6)
view   0 | SOD= 565.904 mm | SDD= 721.227 mm | M= 1.274 | incident=3.3432°
[[  57.22574    -562.3067      -28.004528  ]
 [ -18.474655    153.8207       11.995472  ]
 [   0.14903077    0.01303803    0.        ]
 [   0.            0.            0.1496    ]]
               x1        y1  area1          x2        y2  area2          x3        y3  area3          x4         y4  area4          x5        y5  area5          x6         y6  area6
range  312.797853  0.618846  108.0  232.363584  4.943948   99.0  172.262402  7.118406   74.0  292.764855  17.275919  109.0  124.620353  9.699502   49.0  312.820867  30.077997   99.0
FAILURE!!!! Some beads might have been misidentified

iter 28 cost=3.466848 -> 3.040763 |dtheta|=2.586515e-02  lambda=1.000e-06

============================================================
Iteration 29
============================================================
Theta offsets (Unity frame):
  Source   : dSx=   0.000, dSy=   0.000, dSz=   0.000  (mm)
  Object   : dOx=  -6.002, dOy=  -6.005, dOz= -11.849  (mm)
  Object offset: offset_x=   0.000, offset_z=   0.003  (mm)
  Detector : dDx=   0.000, dDy=   0.000, dDz=   0.000  (mm)
  Obj Stage rotY :    5.000 deg
============================================================

Unity geometry (world coordinates):
  Source   : x=   8.000, y=  50.000, z=   0.000
  Object   : x=  -0.002, y=  21.995, z= 565.151
  Detector : x=  -5.000, y=  10.000, z= 720.000
  Obj rotY :   0.0000 deg
view   0 | SOD= 565.904 mm | SDD= 721.227 mm | M= 1.274 | incident=3.3432°
[[  57.22574    -562.3067      -28.004528  ]
 [ -18.474655    153.8207       11.995472  ]
 [   0.14903077    0.01303803    0.        ]
 [   0.            0.            0.1496    ]]
               x1        y1  area1          x2        y2  area2          x3        y3  area3          x4         y4  area4          x5        y5  area5          x6         y6  area6
range  312.797853  0.618846  108.0  232.363584  4.943948   99.0  172.262402  7.118406   74.0  292.764855  17.275919  109.0  124.620353  9.699502   49.0  312.820867  30.077997   99.0
FAILURE!!!! Some beads might have been misidentified
               x1        y1  area1          x2        y2  area2          x3       y3  area3          x4        y4  area4          x5        y5  area5          x6         y6  area6
range  312.849459  0.597875  117.0  232.426419  4.934473  102.0  172.212736  7.12559   76.0  292.868556  17.31081  114.0  124.697799  9.797052   54.0  312.885633  30.067635  102.0
FAILURE!!!! Some beads might have been misidentified
               x1        y1  area1         x2        y2  area2          x3        y3  area3          x4         y4  area4          x5        y5  area5          x6         y6  area6
range  312.821488  0.613344  102.0  232.43254  4.932995  101.0  172.131275  7.046741   75.0  292.842267  17.271988  114.0  124.590776  9.657937   57.0  312.723696  30.049388   94.0
FAILURE!!!! Some beads might have been misidentified
               x1        y1  area1          x2        y2  area2          x3        y3  area3          x4         y4  area4          x5       y5  area5         x6         y6  area6
range  312.800345  0.585987  106.0  232.346224  5.060881  103.0  172.293976  7.062914   73.0  292.762797  17.315002  116.0  124.620388  9.66879   53.0  312.78547  30.058759   96.0
FAILURE!!!! Some beads might have been misidentified
               x1        y1  area1          x2        y2  area2          x3        y3  area3          x4         y4  area4          x5        y5  area5          x6         y6  area6
range  312.705247  0.618846  108.0  232.363584  4.936292   99.0  172.275052  7.118406   73.0  292.782802  17.275919  108.0  124.620353  9.699502   57.0  312.834542  30.052785   97.0
FAILURE!!!! Some beads might have been misidentified
               x1        y1  area1          x2        y2  area2          x3       y3  area3          x4         y4  area4          x5        y5  area5          x6         y6  area6
range  312.839833  0.618846  108.0  232.363584  4.943948  100.0  172.262402  7.13394   75.0  292.764855  17.275919  110.0  124.620353  9.699502   49.0  312.813336  30.077997   99.0
FAILURE!!!! Some beads might have been misidentified
               x1        y1  area1          x2        y2  area2          x3        y3  area3          x4         y4  area4          x5        y5  area5          x6         y6  area6
range  312.843858  0.652179  110.0  232.363584  4.895478  100.0  172.254792  7.101218   75.0  292.778621  17.278251  111.0  124.620353  9.692377   51.0  312.820867  30.051213  101.0
FAILURE!!!! Some beads might have been misidentified
               x1        y1  area1          x2        y2  area2          x3        y3  area3          x4         y4  area4          x5        y5  area5          x6         y6  area6
range  312.764024  0.605911  108.0  232.363584  4.943948  100.0  172.262402  7.146236   75.0  292.764855  17.283576  109.0  124.620353  9.699502   49.0  312.840572  30.052918   99.0
FAILURE!!!! Some beads might have been misidentified
               x1        y1  area1          x2        y2  area2          x3       y3  area3          x4         y4  area4          x5        y5  area5          x6         y6  area6
range  312.974459  0.595498  111.0  232.294407  4.943699   97.0  171.999502  7.08714   73.0  292.825467  17.297256  113.0  124.788861  9.667235   54.0  312.863602  30.014604   99.0
FAILURE!!!! Some beads might have been misidentified
               x1        y1  area1         x2        y2  area2          x3        y3  area3          x4         y4  area4          x5        y5  area5          x6         y6  area6
range  312.755761  0.624325  111.0  232.45968  4.900428  104.0  172.382775  7.112058   78.0  292.778621  17.293983  113.0  124.499714  9.708148   54.0  312.690291  30.059785  101.0
FAILURE!!!! Some beads might have been misidentified
               x1        y1  area1          x2        y2  area2          x3      y3  area3          x4         y4  area4          x5        y5  area5          x6         y6  area6
range  313.139246  0.644579  108.0  232.541214  4.943699  100.0  171.977322  7.1398   78.0  292.734403  17.278251  111.0  124.592218  9.696335   54.0  313.080673  30.030874  100.0
FAILURE!!!! Some beads might have been misidentified
               x1        y1  area1          x2        y2  area2         x3       y3  area3          x4         y4  area4          x5        y5  area5          x6         y6  area6
range  312.515386  0.605255  112.0  232.294407  4.925491  103.0  172.37311  7.08714   75.0  292.955137  17.275183  110.0  124.675927  9.758654   53.0  312.528656  30.066709  103.0
FAILURE!!!! Some beads might have been misidentified
Residual vector length: 648, Jacobian shape: (648, 6)
view   0 | SOD= 565.901 mm | SDD= 721.227 mm | M= 1.274 | incident=3.3432°
[[  57.254692   -562.3         -28.004866  ]
 [ -18.480598    153.82373      11.995134  ]
 [   0.14903013    0.01304529    0.        ]
 [   0.            0.            0.1496    ]]
               x1        y1  area1          x2        y2  area2          x3        y3  area3          x4         y4  area4          x5        y5  area5          x6         y6  area6
range  312.858353  0.653933  109.0  232.377587  4.904535  100.0  172.262402  7.146236   75.0  292.762285  17.275919  109.0  124.592218  9.699502   50.0  312.813336  30.077997  101.0
FAILURE!!!! Some beads might have been misidentified

iter 29 cost=3.040763 -> 3.026956 |dtheta|=5.840894e-03  lambda=1.000e-06

============================================================
Iteration 30
============================================================
Theta offsets (Unity frame):
  Source   : dSx=   0.000, dSy=   0.000, dSz=   0.000  (mm)
  Object   : dOx=  -6.002, dOy=  -6.005, dOz= -11.853  (mm)
  Object offset: offset_x=  -0.002, offset_z=   0.004  (mm)
  Detector : dDx=   0.000, dDy=   0.000, dDz=   0.000  (mm)
  Obj Stage rotY :    5.003 deg
============================================================

Unity geometry (world coordinates):
  Source   : x=   8.000, y=  50.000, z=   0.000
  Object   : x=  -0.002, y=  21.995, z= 565.147
  Detector : x=  -5.000, y=  10.000, z= 720.000
  Obj rotY :   0.0000 deg
view   0 | SOD= 565.901 mm | SDD= 721.227 mm | M= 1.274 | incident=3.3432°
[[  57.254692   -562.3         -28.004866  ]
 [ -18.480598    153.82373      11.995134  ]
 [   0.14903013    0.01304529    0.        ]
 [   0.            0.            0.1496    ]]
               x1        y1  area1          x2        y2  area2          x3        y3  area3          x4         y4  area4          x5        y5  area5          x6         y6  area6
range  312.858353  0.653933  109.0  232.377587  4.904535  100.0  172.262402  7.146236   75.0  292.762285  17.275919  109.0  124.592218  9.699502   50.0  312.813336  30.077997  101.0
FAILURE!!!! Some beads might have been misidentified
               x1       y1  area1          x2        y2  area2          x3       y3  area3          x4        y4  area4          x5        y5  area5          x6         y6  area6
range  312.867736  0.61601  117.0  232.438028  4.930946  101.0  172.212736  7.12559   77.0  292.868556  17.31081  113.0  124.675848  9.773613   54.0  312.885633  30.101993  102.0
FAILURE!!!! Some beads might have been misidentified
               x1        y1  area1          x2        y2  area2          x3        y3  area3          x4         y4  area4         x5        y5  area5          x6         y6  area6
range  312.821488  0.592933  103.0  232.462101  4.918005  101.0  172.153006  7.049612   74.0  292.785409  17.271988  112.0  124.51599  9.640406   56.0  312.723696  30.044478   99.0
FAILURE!!!! Some beads might have been misidentified
               x1       y1  area1          x2       y2  area2        x3        y3  area3          x4         y4  area4          x5        y5  area5         x6        y6  area6
range  312.817371  0.61571  108.0  232.398531  4.88943   97.0  172.2396  6.925667   76.0  292.751594  17.292697  116.0  124.623162  9.770463   49.0  312.83391  30.00226   92.0
FAILURE!!!! Some beads might have been misidentified
               x1       y1  area1          x2        y2  area2          x3        y3  area3          x4         y4  area4          x5        y5  area5         x6         y6  area6
range  312.866522  0.61356  104.0  232.398488  5.081728  104.0  172.293976  7.052846   73.0  292.745417  17.315002  115.0  124.605299  9.688815   52.0  312.78547  30.064583   94.0
FAILURE!!!! Some beads might have been misidentified
               x1        y1  area1          x2        y2  area2          x3        y3  area3          x4         y4  area4          x5        y5  area5          x6         y6  area6
range  312.858353  0.639303  110.0  232.377587  4.904535  100.0  172.253872  7.169117   75.0  292.778621  17.275919  109.0  124.592218  9.699502   51.0  312.840572  30.038812  102.0
FAILURE!!!! Some beads might have been misidentified
               x1        y1  area1          x2        y2  area2          x3        y3  area3          x4         y4  area4         x5        y5  area5          x6         y6  area6
range  312.858353  0.653933  108.0  232.377587  4.904535  100.0  172.262402  7.146236   75.0  292.778621  17.275919  110.0  124.57604  9.699502   51.0  312.813336  30.077997  101.0
FAILURE!!!! Some beads might have been misidentified
               x1        y1  area1          x2        y2  area2          x3        y3  area3          x4         y4  area4         x5        y5  area5          x6         y6  area6
range  312.881474  0.631331  111.0  232.363584  4.905883  103.0  172.262402  7.101218   75.0  292.762285  17.278251  111.0  124.57604  9.692377   52.0  312.820867  30.030874  102.0
FAILURE!!!! Some beads might have been misidentified
               x1        y1  area1          x2        y2  area2          x3        y3  area3          x4         y4  area4          x5        y5  area5          x6         y6  area6
range  312.799649  0.618846  107.0  232.377587  4.943948  100.0  172.262402  7.153205   76.0  292.778621  17.283576  110.0  124.592218  9.699502   52.0  312.813336  30.077997   99.0
FAILURE!!!! Some beads might have been misidentified
               x1        y1  area1          x2        y2  area2          x3        y3  area3          x4         y4  area4          x5        y5  area5          x6         y6  area6
range  312.974459  0.573162  110.0  232.333035  4.943699   98.0  172.010634  7.077009   74.0  292.800397  17.297256  112.0  124.750078  9.650327   54.0  312.886711  30.050901  101.0
FAILURE!!!! Some beads might have been misidentified
               x1        y1  area1          x2        y2  area2          x3        y3  area3          x4         y4  area4         x5        y5  area5          x6        y6  area6
range  312.671503  0.595311  109.0  232.539107  4.921739  105.0  172.382775  7.122788   80.0  292.778621  17.293983  113.0  124.44176  9.721304   55.0  312.772503  30.09557  100.0
FAILURE!!!! Some beads might have been misidentified
               x1        y1  area1          x2        y2  area2          x3        y3  area3          x4         y4  area4          x5        y5  area5          x6         y6  area6
range  313.173838  0.632477  107.0  232.576161  4.943699  100.0  171.956377  7.122788   76.0  292.742913  17.275919  112.0  124.560931  9.696335   55.0  313.080673  30.030874  100.0
FAILURE!!!! Some beads might have been misidentified
               x1        y1  area1          x2        y2  area2         x3        y3  area3         x4         y4  area4          x5        y5  area5          x6         y6  area6
range  312.515386  0.605911  113.0  232.315755  4.922564  103.0  172.37311  7.077009   76.0  292.93235  17.283576  110.0  124.620353  9.741123   53.0  312.528656  30.077997  103.0
FAILURE!!!! Some beads might have been misidentified
Residual vector length: 648, Jacobian shape: (648, 6)
view   0 | SOD= 565.885 mm | SDD= 721.227 mm | M= 1.275 | incident=3.3432°
[[  57.237087   -562.2861      -28.004852  ]
 [ -18.477682    153.83981      11.995148  ]
 [   0.1490305     0.01304102    0.        ]
 [   0.            0.            0.1496    ]]
               x1        y1  area1          x2        y2  area2          x3        y3  area3          x4         y4  area4         x5        y5  area5          x6         y6  area6
range  312.974459  0.659756  107.0  232.415453  4.934879  101.0  172.265188  7.107908   76.0  292.778621  17.275183  108.0  124.57604  9.684144   58.0  312.813336  30.077997   99.0
FAILURE!!!! Some beads might have been misidentified

iter 30 cost=3.026956 -> 2.867289 |dtheta|=1.708232e-02  lambda=1.000e-06

============================================================
Iteration 31
============================================================
Theta offsets (Unity frame):
  Source   : dSx=   0.000, dSy=   0.000, dSz=   0.000  (mm)
  Object   : dOx=  -6.001, dOy=  -6.005, dOz= -11.870  (mm)
  Object offset: offset_x=  -0.002, offset_z=   0.005  (mm)
  Detector : dDx=   0.000, dDy=   0.000, dDz=   0.000  (mm)
  Obj Stage rotY :    5.001 deg
============================================================

Unity geometry (world coordinates):
  Source   : x=   8.000, y=  50.000, z=   0.000
  Object   : x=  -0.001, y=  21.995, z= 565.130
  Detector : x=  -5.000, y=  10.000, z= 720.000
  Obj rotY :   0.0000 deg
view   0 | SOD= 565.885 mm | SDD= 721.227 mm | M= 1.275 | incident=3.3432°
[[  57.237087   -562.2861      -28.004852  ]
 [ -18.477682    153.83981      11.995148  ]
 [   0.1490305     0.01304102    0.        ]
 [   0.            0.            0.1496    ]]
               x1        y1  area1          x2        y2  area2          x3        y3  area3          x4         y4  area4         x5        y5  area5          x6         y6  area6
range  312.974459  0.659756  107.0  232.415453  4.934879  101.0  172.265188  7.107908   76.0  292.778621  17.275183  108.0  124.57604  9.684144   58.0  312.813336  30.077997   99.0
FAILURE!!!! Some beads might have been misidentified
               x1       y1  area1          x2        y2  area2          x3        y3  area3          x4         y4  area4          x5        y5  area5          x6        y6  area6
range  312.887268  0.61601  116.0  232.501458  4.934473  101.0  172.191772  7.122385   78.0  292.844023  17.330771  110.0  124.675848  9.795477   53.0  312.924945  30.08183  101.0
FAILURE!!!! Some beads might have been misidentified
               x1        y1  area1         x2        y2  area2          x3        y3  area3          x4         y4  area4         x5        y5  area5          x6         y6  area6
range  312.868248  0.572499  100.0  232.47595  4.937544  101.0  172.150084  7.049612   75.0  292.806706  17.271988  115.0  124.51599  9.640406   57.0  312.774742  30.064874   93.0
FAILURE!!!! Some beads might have been misidentified
               x1       y1  area1          x2        y2  area2          x3        y3  area3          x4         y4  area4          x5        y5  area5          x6         y6  area6
range  312.959435  0.58758  105.0  232.398488  5.068614  104.0  172.309671  7.052846   73.0  292.745417  17.335102  116.0  124.585268  9.688815   50.0  312.797497  30.060211   94.0
FAILURE!!!! Some beads might have been misidentified
               x1        y1  area1          x2        y2  area2          x3        y3  area3          x4         y4  area4         x5        y5  area5          x6         y6  area6
range  312.974459  0.659756  108.0  232.377587  4.943948  101.0  172.231726  7.153205   76.0  292.778621  17.275183  108.0  124.57604  9.692377   53.0  312.833041  30.077997  101.0
FAILURE!!!! Some beads might have been misidentified
               x1        y1  area1          x2        y2  area2          x3        y3  area3          x4         y4  area4         x5        y5  area5          x6         y6  area6
range  312.974459  0.659756  107.0  232.415453  4.943948  101.0  172.254792  7.107908   76.0  292.779026  17.275183  109.0  124.57604  9.705945   53.0  312.813336  30.077997   99.0
FAILURE!!!! Some beads might have been misidentified
               x1        y1  area1          x2        y2  area2          x3        y3  area3          x4         y4  area4         x5        y5  area5          x6         y6  area6
range  312.974459  0.631331  109.0  232.415453  4.905883  103.0  172.231726  7.146236   75.0  292.762285  17.275919  112.0  124.57604  9.684144   52.0  312.813336  30.077997  101.0
FAILURE!!!! Some beads might have been misidentified
               x1        y1  area1          x2        y2  area2          x3        y3  area3          x4         y4  area4         x5        y5  area5          x6         y6  area6
range  312.974459  0.632273  107.0  232.399598  4.965966  100.0  172.262402  7.130856   76.0  292.778621  17.283576  110.0  124.57604  9.714178   54.0  312.813336  30.070199  101.0
FAILURE!!!! Some beads might have been misidentified
               x1        y1  area1          x2        y2  area2          x3        y3  area3          x4         y4  area4          x5        y5  area5          x6         y6  area6
range  312.974459  0.573162  110.0  232.332085  4.943699   97.0  171.967909  7.100852   75.0  292.784061  17.297256  110.0  124.750078  9.684144   55.0  312.956516  30.030562  101.0
FAILURE!!!! Some beads might have been misidentified
               x1        y1  area1          x2        y2  area2          x3        y3  area3          x4         y4  area4         x5        y5  area5          x6         y6  area6
range  312.688595  0.613876  109.0  232.581064  4.921739  105.0  172.416107  7.108591   80.0  292.778621  17.305504  112.0  124.44176  9.721304   55.0  312.813336  30.095803   98.0
FAILURE!!!! Some beads might have been misidentified
               x1        y1  area1          x2        y2  area2          x3        y3  area3          x4         y4  area4          x5        y5  area5          x6         y6  area6
range  313.220598  0.616687  107.0  232.605266  4.943699  101.0  171.956377  7.108591   76.0  292.722442  17.275919  111.0  124.560931  9.672897   55.0  313.108389  30.077997  101.0
FAILURE!!!! Some beads might have been misidentified
               x1        y1  area1          x2        y2  area2          x3        y3  area3          x4         y4  area4          x5       y5  area5          x6         y6  area6
range  312.534918  0.602396  113.0  232.315501  4.922564  102.0  172.363588  7.100852   76.0  292.928288  17.283576  109.0  124.599115  9.74037   56.0  312.632725  30.077997  103.0
FAILURE!!!! Some beads might have been misidentified
Residual vector length: 648, Jacobian shape: (648, 6)
view   0 | SOD= 565.868 mm | SDD= 721.227 mm | M= 1.275 | incident=3.3432°
[[  57.235806   -562.26935     -28.00461   ]
 [ -18.479382    153.8565       11.99539   ]
 [   0.14903049    0.01304111    0.        ]
 [   0.            0.            0.1496    ]]
               x1        y1  area1          x2        y2  area2          x3        y3  area3          x4         y4  area4         x5        y5  area5          x6         y6  area6
range  312.974459  0.666761  107.0  232.415453  4.943948  101.0  172.254792  7.107908   75.0  292.779026  17.275919  110.0  124.57604  9.684009   53.0  312.813336  30.077997   99.0
FAILURE!!!! Some beads might have been misidentified

iter 31 cost=2.867289 -> 2.710274 |dtheta|=1.647608e-02  lambda=1.000e-06

============================================================
Iteration 32
============================================================
Theta offsets (Unity frame):
  Source   : dSx=   0.000, dSy=   0.000, dSz=   0.000  (mm)
  Object   : dOx=  -6.001, dOy=  -6.005, dOz= -11.887  (mm)
  Object offset: offset_x=  -0.002, offset_z=   0.005  (mm)
  Detector : dDx=   0.000, dDy=   0.000, dDz=   0.000  (mm)
  Obj Stage rotY :    5.001 deg
============================================================

Unity geometry (world coordinates):
  Source   : x=   8.000, y=  50.000, z=   0.000
  Object   : x=  -0.001, y=  21.995, z= 565.113
  Detector : x=  -5.000, y=  10.000, z= 720.000
  Obj rotY :   0.0000 deg
view   0 | SOD= 565.868 mm | SDD= 721.227 mm | M= 1.275 | incident=3.3432°
[[  57.235806   -562.26935     -28.00461   ]
 [ -18.479382    153.8565       11.99539   ]
 [   0.14903049    0.01304111    0.        ]
 [   0.            0.            0.1496    ]]
               x1        y1  area1          x2        y2  area2          x3        y3  area3          x4         y4  area4         x5        y5  area5          x6         y6  area6
range  312.974459  0.666761  107.0  232.415453  4.943948  101.0  172.254792  7.107908   75.0  292.779026  17.275919  110.0  124.57604  9.684009   53.0  312.813336  30.077997   99.0
FAILURE!!!! Some beads might have been misidentified
               x1        y1  area1          x2      y2  area2          x3        y3  area3          x4         y4  area4          x5      y5  area5          x6         y6  area6
range  312.898157  0.602597  116.0  232.501458  4.9184  102.0  172.212736  7.146119   78.0  292.864494  17.323824  112.0  124.675848  9.7781   52.0  312.953608  30.075662  102.0
FAILURE!!!! Some beads might have been misidentified
               x1        y1  area1         x2        y2  area2          x3        y3  area3          x4         y4  area4          x5        y5  area5          x6         y6  area6
range  312.884829  0.581878  100.0  232.47595  4.938464  101.0  172.119229  7.049612   75.0  292.806706  17.271988  116.0  124.530692  9.617789   64.0  312.752672  30.029281   92.0
FAILURE!!!! Some beads might have been misidentified
               x1        y1  area1          x2        y2  area2          x3        y3  area3          x4         y4  area4          x5        y5  area5          x6         y6  area6
range  312.959435  0.588975  104.0  232.398488  5.049304  104.0  172.293976  7.039737   73.0  292.745417  17.335708  116.0  124.585268  9.688815   51.0  312.820446  30.057083   92.0
FAILURE!!!! Some beads might have been misidentified
               x1        y1  area1          x2        y2  area2          x3        y3  area3          x4         y4  area4         x5        y5  area5          x6         y6  area6
range  312.974459  0.666761  108.0  232.399598  4.943948  100.0  172.262402  7.107908   75.0  292.778621  17.275919  111.0  124.57604  9.692377   53.0  312.813336  30.077997   99.0
FAILURE!!!! Some beads might have been misidentified
               x1        y1  area1          x2        y2  area2          x3        y3  area3          x4         y4  area4         x5        y5  area5          x6         y6  area6
range  312.974459  0.666761  107.0  232.415453  4.950503  101.0  172.272798  7.107908   75.0  292.779026  17.275919  112.0  124.57604  9.684009   59.0  312.813336  30.077997  100.0
FAILURE!!!! Some beads might have been misidentified
               x1        y1  area1          x2        y2  area2          x3        y3  area3          x4         y4  area4         x5        y5  area5          x6         y6  area6
range  312.974459  0.631331  109.0  232.415453  4.906736  103.0  172.254792  7.116806   75.0  292.753395  17.278251  109.0  124.57604  9.684009   54.0  312.813336  30.077997  101.0
FAILURE!!!! Some beads might have been misidentified
               x1        y1  area1          x2        y2  area2          x3        y3  area3          x4         y4  area4         x5        y5  area5          x6         y6  area6
range  312.974459  0.618846  106.0  232.399598  4.965966  100.0  172.262402  7.107908   76.0  292.779026  17.283576  111.0  124.57604  9.699393   55.0  312.813336  30.070199  101.0
FAILURE!!!! Some beads might have been misidentified
               x1        y1  area1          x2        y2  area2          x3        y3  area3          x4         y4  area4          x5        y5  area5          x6         y6  area6
range  312.974459  0.573162  107.0  232.332085  4.943699   97.0  171.989689  7.100852   74.0  292.800397  17.297256  114.0  124.750078  9.662207   54.0  312.940379  30.026328   96.0
FAILURE!!!! Some beads might have been misidentified
               x1        y1  area1          x2        y2  area2          x3        y3  area3          x4        y4  area4          x5        y5  area5          x6         y6  area6
range  312.778518  0.595311  108.0  232.558359  4.921739  105.0  172.400251  7.110989   79.0  292.778621  17.30703  112.0  124.456461  9.736713   55.0  312.813336  30.078614   98.0
FAILURE!!!! Some beads might have been misidentified
               x1        y1  area1          x2        y2  area2          x3        y3  area3          x4         y4  area4         x5        y5  area5          x6         y6  area6
range  313.220598  0.632477  107.0  232.583235  4.971758  101.0  171.971669  7.110989   77.0  292.742913  17.275919  111.0  124.57604  9.655519   60.0  313.119349  30.077997  101.0
FAILURE!!!! Some beads might have been misidentified
               x1        y1  area1          x2        y2  area2         x3        y3  area3          x4         y4  area4          x5       y5  area5          x6         y6  area6
range  312.545807  0.605911  111.0  232.315501  4.922564  103.0  172.37311  7.079717   75.0  292.928288  17.283576  109.0  124.618668  9.74037   54.0  312.586931  30.077997  102.0
FAILURE!!!! Some beads might have been misidentified
Residual vector length: 648, Jacobian shape: (648, 6)
view   0 | SOD= 565.846 mm | SDD= 721.227 mm | M= 1.275 | incident=3.3432°
[[  57.239697   -562.24695     -28.003777  ]
 [ -18.484747    153.87791      11.996223  ]
 [   0.14903033    0.01304303    0.        ]
 [   0.            0.            0.1496    ]]
               x1        y1  area1          x2        y2  area2          x3        y3  area3          x4         y4  area4         x5        y5  area5          x6         y6  area6
range  312.974459  0.674299  109.0  232.415453  4.943948  100.0  172.254792  7.107908   75.0  292.753395  17.275919  112.0  124.57604  9.684009   54.0  312.893793  30.077997  100.0
FAILURE!!!! Some beads might have been misidentified

iter 32 cost=2.710274 -> 2.551006 |dtheta|=2.273762e-02  lambda=1.000e-06

============================================================
Iteration 33
============================================================
Theta offsets (Unity frame):
  Source   : dSx=   0.000, dSy=   0.000, dSz=   0.000  (mm)
  Object   : dOx=  -6.001, dOy=  -6.004, dOz= -11.909  (mm)
  Object offset: offset_x=  -0.001, offset_z=   0.006  (mm)
  Detector : dDx=   0.000, dDy=   0.000, dDz=   0.000  (mm)
  Obj Stage rotY :    5.002 deg
============================================================

Unity geometry (world coordinates):
  Source   : x=   8.000, y=  50.000, z=   0.000
  Object   : x=  -0.001, y=  21.996, z= 565.091
  Detector : x=  -5.000, y=  10.000, z= 720.000
  Obj rotY :   0.0000 deg
view   0 | SOD= 565.846 mm | SDD= 721.227 mm | M= 1.275 | incident=3.3432°
[[  57.239697   -562.24695     -28.003777  ]
 [ -18.484747    153.87791      11.996223  ]
 [   0.14903033    0.01304303    0.        ]
 [   0.            0.            0.1496    ]]
               x1        y1  area1          x2        y2  area2          x3        y3  area3          x4         y4  area4         x5        y5  area5          x6         y6  area6
range  312.974459  0.674299  109.0  232.415453  4.943948  100.0  172.254792  7.107908   75.0  292.753395  17.275919  112.0  124.57604  9.684009   54.0  312.893793  30.077997  100.0
FAILURE!!!! Some beads might have been misidentified
               x1       y1  area1          x2      y2  area2          x3       y3  area3          x4         y4  area4          x5        y5  area5          x6         y6  area6
range  312.918572  0.61644  116.0  232.501458  4.9184  101.0  172.191772  7.12559   77.0  292.864494  17.319251  112.0  124.675848  9.756295   52.0  312.995444  30.075662  101.0
FAILURE!!!! Some beads might have been misidentified
               x1        y1  area1         x2        y2  area2          x3        y3  area3          x4         y4  area4          x5        y5  area5          x6         y6  area6
range  312.884829  0.581878  100.0  232.47595  4.948142   99.0  172.150084  7.049612   74.0  292.869979  17.271988  116.0  124.553987  9.617789   56.0  312.820425  30.048193   92.0
FAILURE!!!! Some beads might have been misidentified
               x1        y1  area1          x2        y2  area2          x3        y3  area3          x4         y4  area4          x5        y5  area5          x6         y6  area6
range  312.980967  0.588975  105.0  232.398488  5.068614  103.0  172.272882  7.039737   72.0  292.729342  17.332423  119.0  124.602163  9.680052   51.0  312.912783  30.120154   93.0
FAILURE!!!! Some beads might have been misidentified
               x1        y1  area1          x2        y2  area2          x3        y3  area3          x4         y4  area4         x5        y5  area5          x6         y6  area6
range  312.974459  0.674299  109.0  232.415453  4.943948  100.0  172.231726  7.130255   75.0  292.753395  17.275919  113.0  124.57604  9.684009   54.0  312.882682  30.077997   99.0
FAILURE!!!! Some beads might have been misidentified
               x1        y1  area1          x2        y2  area2          x3        y3  area3          x4         y4  area4          x5        y5  area5          x6         y6  area6
range  312.974459  0.674299  108.0  232.415453  4.950503  100.0  172.265188  7.107908   75.0  292.753395  17.275919  112.0  124.589408  9.684009   58.0  312.893793  30.071044  100.0
FAILURE!!!! Some beads might have been misidentified
               x1        y1  area1          x2        y2  area2          x3       y3  area3          x4         y4  area4         x5        y5  area5          x6         y6  area6
range  312.974459  0.631331  108.0  232.415453  4.901717  103.0  172.231726  7.09447   75.0  292.753395  17.278251  110.0  124.57604  9.684009   54.0  312.893793  30.077997  100.0
FAILURE!!!! Some beads might have been misidentified
               x1        y1  area1          x2        y2  area2          x3        y3  area3          x4         y4  area4          x5        y5  area5          x6         y6  area6
range  312.974459  0.618846  108.0  232.399598  4.965966  100.0  172.262402  7.107908   76.0  292.779026  17.283576  108.0  124.595666  9.684009   53.0  312.893793  30.047842  100.0
FAILURE!!!! Some beads might have been misidentified
               x1        y1  area1          x2        y2  area2          x3        y3  area3          x4         y4  area4          x5        y5  area5          x6         y6  area6
range  312.987707  0.581017  107.0  232.363584  4.977226   96.0  171.937055  7.086948   73.0  292.800397  17.297256  115.0  124.750078  9.662207   60.0  313.010566  30.026328   96.0
FAILURE!!!! Some beads might have been misidentified
               x1        y1  area1          x2        y2  area2          x3        y3  area3          x4         y4  area4          x5        y5  area5          x6         y6  area6
range  312.904621  0.595311  107.0  232.583235  4.909916  104.0  172.382775  7.110989   79.0  292.778621  17.293983  113.0  124.502971  9.714803   53.0  312.813336  30.105391   99.0
FAILURE!!!! Some beads might have been misidentified
               x1        y1  area1          x2        y2  area2          x3        y3  area3          x4         y4  area4         x5        y5  area5          x6         y6  area6
range  313.237179  0.632477  107.0  232.605266  4.926319  100.0  171.956377  7.110989   77.0  292.742913  17.278251  109.0  124.57604  9.633714   57.0  313.161229  30.077997  101.0
FAILURE!!!! Some beads might have been misidentified
               x1        y1  area1          x2        y2  area2         x3        y3  area3          x4         y4  area4          x5       y5  area5          x6         y6  area6
range  312.587439  0.622354  112.0  232.315501  4.913668  103.0  172.37311  7.079717   75.0  292.973371  17.283576  111.0  124.634158  9.74037   53.0  312.654639  30.063246  103.0
FAILURE!!!! Some beads might have been misidentified
Residual vector length: 648, Jacobian shape: (648, 6)
view   0 | SOD= 565.834 mm | SDD= 721.227 mm | M= 1.275 | incident=3.3432°
[[  57.21849    -562.23645     -28.00346   ]
 [ -18.478657    153.89131      11.99654   ]
 [   0.14903082    0.01303735    0.        ]
 [   0.            0.            0.1496    ]]
               x1        y1  area1          x2        y2  area2          x3        y3  area3          x4         y4  area4          x5       y5  area5          x6         y6  area6
range  312.974459  0.653933  109.0  232.415453  4.904535  100.0  172.262402  7.107908   75.0  292.800397  17.275919  110.0  124.569804  9.66499   53.0  312.824509  30.071044  100.0
FAILURE!!!! Some beads might have been misidentified

iter 33 cost=2.551006 -> 2.503498 |dtheta|=1.164919e-02  lambda=1.000e-06

============================================================
Iteration 34
============================================================
Theta offsets (Unity frame):
  Source   : dSx=   0.000, dSy=   0.000, dSz=   0.000  (mm)
  Object   : dOx=  -6.001, dOy=  -6.003, dOz= -11.921  (mm)
  Object offset: offset_x=  -0.002, offset_z=   0.005  (mm)
  Detector : dDx=   0.000, dDy=   0.000, dDz=   0.000  (mm)
  Obj Stage rotY :    5.000 deg
============================================================

Unity geometry (world coordinates):
  Source   : x=   8.000, y=  50.000, z=   0.000
  Object   : x=  -0.001, y=  21.997, z= 565.079
  Detector : x=  -5.000, y=  10.000, z= 720.000
  Obj rotY :   0.0000 deg
view   0 | SOD= 565.834 mm | SDD= 721.227 mm | M= 1.275 | incident=3.3432°
[[  57.21849    -562.23645     -28.00346   ]
 [ -18.478657    153.89131      11.99654   ]
 [   0.14903082    0.01303735    0.        ]
 [   0.            0.            0.1496    ]]
               x1        y1  area1          x2        y2  area2          x3        y3  area3          x4         y4  area4          x5       y5  area5          x6         y6  area6
range  312.974459  0.653933  109.0  232.415453  4.904535  100.0  172.262402  7.107908   75.0  292.800397  17.275919  110.0  124.569804  9.66499   53.0  312.824509  30.071044  100.0
FAILURE!!!! Some beads might have been misidentified
               x1        y1  area1          x2        y2  area2          x3       y3  area3          x4         y4  area4          x5        y5  area5          x6         y6  area6
range  312.898157  0.597875  116.0  232.501458  4.922237  101.0  172.212736  7.12559   77.0  292.864494  17.339268  110.0  124.666406  9.736122   51.0  312.975351  30.097557  100.0
FAILURE!!!! Some beads might have been misidentified
               x1        y1  area1         x2        y2  area2          x3        y3  area3          x4         y4  area4          x5       y5  area5          x6         y6  area6
range  312.884829  0.581878  100.0  232.47595  4.932995  101.0  172.171814  7.049612   75.0  292.869979  17.271988  116.0  124.484098  9.63316   56.0  312.752716  30.074868   94.0
FAILURE!!!! Some beads might have been misidentified
               x1        y1  area1          x2        y2  area2          x3       y3  area3          x4        y4  area4          x5        y5  area5          x6         y6  area6
range  312.870044  0.657057  112.0  232.421202  4.904009   97.0  172.259522  7.02434   78.0  292.779231  17.24509  109.0  124.638117  9.741712   60.0  312.935129  30.073125  100.0
FAILURE!!!! Some beads might have been misidentified
               x1        y1  area1          x2        y2  area2          x3        y3  area3          x4        y4  area4          x5        y5  area5          x6         y6  area6
range  312.973823  0.588975  105.0  232.420384  5.047767  104.0  172.327365  7.039737   73.0  292.779461  17.32219  119.0  124.585444  9.690069   51.0  312.862572  30.120154   93.0
FAILURE!!!! Some beads might have been misidentified
               x1        y1  area1          x2        y2  area2          x3        y3  area3          x4         y4  area4         x5        y5  area5          x6         y6  area6
range  312.974459  0.653933  109.0  232.415453  4.904535  100.0  172.262402  7.107908   75.0  292.774766  17.275919  108.0  124.57604  9.684009   53.0  312.813336  30.077997  100.0
FAILURE!!!! Some beads might have been misidentified
               x1        y1  area1          x2        y2  area2          x3        y3  area3          x4         y4  area4          x5       y5  area5          x6         y6  area6
range  312.974459  0.653933  109.0  232.415453  4.922808  100.0  172.262402  7.129719   75.0  292.800397  17.284297  112.0  124.589408  9.66499   52.0  312.824509  30.071044  100.0
FAILURE!!!! Some beads might have been misidentified
               x1        y1  area1          x2        y2  area2          x3       y3  area3          x4         y4  area4          x5       y5  area5          x6         y6  area6
range  312.974459  0.644175  107.0  232.415453  4.915805  103.0  172.254792  7.10087   75.0  292.774766  17.278251  110.0  124.569804  9.66499   53.0  312.824509  30.077997  100.0
FAILURE!!!! Some beads might have been misidentified
               x1        y1  area1          x2        y2  area2          x3        y3  area3          x4        y4  area4         x5        y5  area5          x6         y6  area6
range  312.900097  0.622354  108.0  232.415453  4.943948  100.0  172.262402  7.089117   76.0  292.800397  17.27019  109.0  124.57604  9.706517   55.0  312.923385  30.047842  101.0
FAILURE!!!! Some beads might have been misidentified
               x1        y1  area1          x2        y2  area2          x3        y3  area3          x4         y4  area4          x5       y5  area5          x6         y6  area6
range  312.987707  0.581654  107.0  232.332085  4.943699   96.0  172.026916  7.069778   74.0  292.821755  17.297256  115.0  124.750078  9.66499   52.0  312.963855  30.026328   94.0
FAILURE!!!! Some beads might have been misidentified
               x1        y1  area1          x2        y2  area2          x3        y3  area3          x4        y4  area4          x5        y5  area5          x6         y6  area6
range  312.882569  0.595311  107.0  232.580846  4.921739  104.0  172.416107  7.110989   79.0  292.778113  17.30703  112.0  124.473661  9.716913   53.0  312.790786  30.124202  100.0
FAILURE!!!! Some beads might have been misidentified
               x1        y1  area1          x2        y2  area2          x3        y3  area3          x4         y4  area4         x5        y5  area5          x6         y6  area6
range  313.237179  0.631331  107.0  232.627753  4.943699  100.0  171.956795  7.110989   76.0  292.742058  17.278251  110.0  124.57604  9.650639   54.0  313.133426  30.071044  100.0
FAILURE!!!! Some beads might have been misidentified
               x1        y1  area1          x2        y2  area2          x3        y3  area3          x4         y4  area4         x5       y5  area5          x6         y6  area6
range  312.566222  0.628143  112.0  232.315501  4.922564  103.0  172.388911  7.069778   75.0  292.992415  17.258766  111.0  124.61238  9.74037   54.0  312.586931  30.047842  102.0
FAILURE!!!! Some beads might have been misidentified
Residual vector length: 648, Jacobian shape: (648, 6)
view   0 | SOD= 565.828 mm | SDD= 721.227 mm | M= 1.275 | incident=3.3432°
[[  57.234074   -562.22864     -28.002851  ]
 [ -18.485115    153.89679      11.9971485 ]
 [   0.14903043    0.01304194    0.        ]
 [   0.            0.            0.1496    ]]
               x1        y1  area1          x2        y2  area2          x3        y3  area3          x4         y4  area4          x5       y5  area5          x6         y6  area6
range  312.974459  0.666357  108.0  232.415453  4.904535  100.0  172.262402  7.107908   75.0  292.800397  17.275919  112.0  124.595666  9.66499   53.0  312.847524  30.071044  100.0
FAILURE!!!! Some beads might have been misidentified

iter 34 cost=2.503498 -> 2.598168 |dtheta|=6.640592e-03  lambda=1.000e-06

============================================================
Iteration 35
============================================================
Theta offsets (Unity frame):
  Source   : dSx=   0.000, dSy=   0.000, dSz=   0.000  (mm)
  Object   : dOx=  -6.001, dOy=  -6.003, dOz= -11.921  (mm)
  Object offset: offset_x=  -0.002, offset_z=   0.005  (mm)
  Detector : dDx=   0.000, dDy=   0.000, dDz=   0.000  (mm)
  Obj Stage rotY :    5.000 deg
============================================================

Unity geometry (world coordinates):
  Source   : x=   8.000, y=  50.000, z=   0.000
  Object   : x=  -0.001, y=  21.997, z= 565.079
  Detector : x=  -5.000, y=  10.000, z= 720.000
  Obj rotY :   0.0000 deg
view   0 | SOD= 565.834 mm | SDD= 721.227 mm | M= 1.275 | incident=3.3432°
[[  57.21849    -562.23645     -28.00346   ]
 [ -18.478657    153.89131      11.99654   ]
 [   0.14903082    0.01303735    0.        ]
 [   0.            0.            0.1496    ]]
               x1        y1  area1          x2        y2  area2          x3        y3  area3          x4         y4  area4          x5       y5  area5          x6         y6  area6
range  312.974459  0.653933  109.0  232.415453  4.904535  100.0  172.262402  7.107908   75.0  292.800397  17.275919  110.0  124.569804  9.66499   53.0  312.824509  30.071044  100.0
FAILURE!!!! Some beads might have been misidentified
               x1        y1  area1          x2        y2  area2          x3       y3  area3          x4         y4  area4          x5        y5  area5          x6         y6  area6
range  312.898157  0.597875  116.0  232.501458  4.922237  101.0  172.212736  7.12559   77.0  292.864494  17.339268  110.0  124.666406  9.736122   51.0  312.975351  30.097557  100.0
FAILURE!!!! Some beads might have been misidentified
               x1        y1  area1         x2        y2  area2          x3        y3  area3          x4         y4  area4          x5       y5  area5          x6         y6  area6
range  312.884829  0.581878  100.0  232.47595  4.932995  101.0  172.171814  7.049612   75.0  292.869979  17.271988  116.0  124.484098  9.63316   56.0  312.752716  30.074868   94.0
FAILURE!!!! Some beads might have been misidentified
               x1        y1  area1          x2        y2  area2          x3       y3  area3          x4        y4  area4          x5        y5  area5          x6         y6  area6
range  312.870044  0.657057  112.0  232.421202  4.904009   97.0  172.259522  7.02434   78.0  292.779231  17.24509  109.0  124.638117  9.741712   60.0  312.935129  30.073125  100.0
FAILURE!!!! Some beads might have been misidentified
               x1        y1  area1          x2        y2  area2          x3        y3  area3          x4        y4  area4          x5        y5  area5          x6         y6  area6
range  312.973823  0.588975  105.0  232.420384  5.047767  104.0  172.327365  7.039737   73.0  292.779461  17.32219  119.0  124.585444  9.690069   51.0  312.862572  30.120154   93.0
FAILURE!!!! Some beads might have been misidentified
               x1        y1  area1          x2        y2  area2          x3        y3  area3          x4         y4  area4         x5        y5  area5          x6         y6  area6
range  312.974459  0.653933  109.0  232.415453  4.904535  100.0  172.262402  7.107908   75.0  292.774766  17.275919  108.0  124.57604  9.684009   53.0  312.813336  30.077997  100.0
FAILURE!!!! Some beads might have been misidentified
               x1        y1  area1          x2        y2  area2          x3        y3  area3          x4         y4  area4          x5       y5  area5          x6         y6  area6
range  312.974459  0.653933  109.0  232.415453  4.922808  100.0  172.262402  7.129719   75.0  292.800397  17.284297  112.0  124.589408  9.66499   52.0  312.824509  30.071044  100.0
FAILURE!!!! Some beads might have been misidentified
               x1        y1  area1          x2        y2  area2          x3       y3  area3          x4         y4  area4          x5       y5  area5          x6         y6  area6
range  312.974459  0.644175  107.0  232.415453  4.915805  103.0  172.254792  7.10087   75.0  292.774766  17.278251  110.0  124.569804  9.66499   53.0  312.824509  30.077997  100.0
FAILURE!!!! Some beads might have been misidentified
               x1        y1  area1          x2        y2  area2          x3        y3  area3          x4        y4  area4         x5        y5  area5          x6         y6  area6
range  312.900097  0.622354  108.0  232.415453  4.943948  100.0  172.262402  7.089117   76.0  292.800397  17.27019  109.0  124.57604  9.706517   55.0  312.923385  30.047842  101.0
FAILURE!!!! Some beads might have been misidentified
               x1        y1  area1          x2        y2  area2          x3        y3  area3          x4         y4  area4          x5       y5  area5          x6         y6  area6
range  312.987707  0.581654  107.0  232.332085  4.943699   96.0  172.026916  7.069778   74.0  292.821755  17.297256  115.0  124.750078  9.66499   52.0  312.963855  30.026328   94.0
FAILURE!!!! Some beads might have been misidentified
               x1        y1  area1          x2        y2  area2          x3        y3  area3          x4        y4  area4          x5        y5  area5          x6         y6  area6
range  312.882569  0.595311  107.0  232.580846  4.921739  104.0  172.416107  7.110989   79.0  292.778113  17.30703  112.0  124.473661  9.716913   53.0  312.790786  30.124202  100.0
FAILURE!!!! Some beads might have been misidentified
               x1        y1  area1          x2        y2  area2          x3        y3  area3          x4         y4  area4         x5        y5  area5          x6         y6  area6
range  313.237179  0.631331  107.0  232.627753  4.943699  100.0  171.956795  7.110989   76.0  292.742058  17.278251  110.0  124.57604  9.650639   54.0  313.133426  30.071044  100.0
FAILURE!!!! Some beads might have been misidentified
               x1        y1  area1          x2        y2  area2          x3        y3  area3          x4         y4  area4         x5       y5  area5          x6         y6  area6
range  312.566222  0.628143  112.0  232.315501  4.922564  103.0  172.388911  7.069778   75.0  292.992415  17.258766  111.0  124.61238  9.74037   54.0  312.586931  30.047842  102.0
FAILURE!!!! Some beads might have been misidentified
Residual vector length: 648, Jacobian shape: (648, 6)
view   0 | SOD= 565.828 mm | SDD= 721.227 mm | M= 1.275 | incident=3.3432°
[[  57.234074   -562.22864     -28.002851  ]
 [ -18.485115    153.89679      11.9971485 ]
 [   0.14903043    0.01304194    0.        ]
 [   0.            0.            0.1496    ]]
               x1        y1  area1          x2        y2  area2          x3        y3  area3          x4         y4  area4          x5       y5  area5          x6         y6  area6
range  312.974459  0.666357  108.0  232.415453  4.904535  100.0  172.262402  7.107908   75.0  292.800397  17.275919  112.0  124.595666  9.66499   53.0  312.847524  30.071044  100.0
FAILURE!!!! Some beads might have been misidentified

iter 35 cost=2.503498 -> 2.598168 |dtheta|=6.640592e-03  lambda=5.000e-06

============================================================
Iteration 36
============================================================
Theta offsets (Unity frame):
  Source   : dSx=   0.000, dSy=   0.000, dSz=   0.000  (mm)
  Object   : dOx=  -6.001, dOy=  -6.003, dOz= -11.921  (mm)
  Object offset: offset_x=  -0.002, offset_z=   0.005  (mm)
  Detector : dDx=   0.000, dDy=   0.000, dDz=   0.000  (mm)
  Obj Stage rotY :    5.000 deg
============================================================

Unity geometry (world coordinates):
  Source   : x=   8.000, y=  50.000, z=   0.000
  Object   : x=  -0.001, y=  21.997, z= 565.079
  Detector : x=  -5.000, y=  10.000, z= 720.000
  Obj rotY :   0.0000 deg
view   0 | SOD= 565.834 mm | SDD= 721.227 mm | M= 1.275 | incident=3.3432°
[[  57.21849    -562.23645     -28.00346   ]
 [ -18.478657    153.89131      11.99654   ]
 [   0.14903082    0.01303735    0.        ]
 [   0.            0.            0.1496    ]]
               x1        y1  area1          x2        y2  area2          x3        y3  area3          x4         y4  area4          x5       y5  area5          x6         y6  area6
range  312.974459  0.653933  109.0  232.415453  4.904535  100.0  172.262402  7.107908   75.0  292.800397  17.275919  110.0  124.569804  9.66499   53.0  312.824509  30.071044  100.0
FAILURE!!!! Some beads might have been misidentified
               x1        y1  area1          x2        y2  area2          x3       y3  area3          x4         y4  area4          x5        y5  area5          x6         y6  area6
range  312.898157  0.597875  116.0  232.501458  4.922237  101.0  172.212736  7.12559   77.0  292.864494  17.339268  110.0  124.666406  9.736122   51.0  312.975351  30.097557  100.0
FAILURE!!!! Some beads might have been misidentified
               x1        y1  area1         x2        y2  area2          x3        y3  area3          x4         y4  area4          x5       y5  area5          x6         y6  area6
range  312.884829  0.581878  100.0  232.47595  4.932995  101.0  172.171814  7.049612   75.0  292.869979  17.271988  116.0  124.484098  9.63316   56.0  312.752716  30.074868   94.0
FAILURE!!!! Some beads might have been misidentified
               x1        y1  area1          x2        y2  area2          x3       y3  area3          x4        y4  area4          x5        y5  area5          x6         y6  area6
range  312.870044  0.657057  112.0  232.421202  4.904009   97.0  172.259522  7.02434   78.0  292.779231  17.24509  109.0  124.638117  9.741712   60.0  312.935129  30.073125  100.0
FAILURE!!!! Some beads might have been misidentified
               x1        y1  area1          x2        y2  area2          x3        y3  area3          x4        y4  area4          x5        y5  area5          x6         y6  area6
range  312.973823  0.588975  105.0  232.420384  5.047767  104.0  172.327365  7.039737   73.0  292.779461  17.32219  119.0  124.585444  9.690069   51.0  312.862572  30.120154   93.0
FAILURE!!!! Some beads might have been misidentified
               x1        y1  area1          x2        y2  area2          x3        y3  area3          x4         y4  area4         x5        y5  area5          x6         y6  area6
range  312.974459  0.653933  109.0  232.415453  4.904535  100.0  172.262402  7.107908   75.0  292.774766  17.275919  108.0  124.57604  9.684009   53.0  312.813336  30.077997  100.0
FAILURE!!!! Some beads might have been misidentified
               x1        y1  area1          x2        y2  area2          x3        y3  area3          x4         y4  area4          x5       y5  area5          x6         y6  area6
range  312.974459  0.653933  109.0  232.415453  4.922808  100.0  172.262402  7.129719   75.0  292.800397  17.284297  112.0  124.589408  9.66499   52.0  312.824509  30.071044  100.0
FAILURE!!!! Some beads might have been misidentified
               x1        y1  area1          x2        y2  area2          x3       y3  area3          x4         y4  area4          x5       y5  area5          x6         y6  area6
range  312.974459  0.644175  107.0  232.415453  4.915805  103.0  172.254792  7.10087   75.0  292.774766  17.278251  110.0  124.569804  9.66499   53.0  312.824509  30.077997  100.0
FAILURE!!!! Some beads might have been misidentified
               x1        y1  area1          x2        y2  area2          x3        y3  area3          x4        y4  area4         x5        y5  area5          x6         y6  area6
range  312.900097  0.622354  108.0  232.415453  4.943948  100.0  172.262402  7.089117   76.0  292.800397  17.27019  109.0  124.57604  9.706517   55.0  312.923385  30.047842  101.0
FAILURE!!!! Some beads might have been misidentified
               x1        y1  area1          x2        y2  area2          x3        y3  area3          x4         y4  area4          x5       y5  area5          x6         y6  area6
range  312.987707  0.581654  107.0  232.332085  4.943699   96.0  172.026916  7.069778   74.0  292.821755  17.297256  115.0  124.750078  9.66499   52.0  312.963855  30.026328   94.0
FAILURE!!!! Some beads might have been misidentified
               x1        y1  area1          x2        y2  area2          x3        y3  area3          x4        y4  area4          x5        y5  area5          x6         y6  area6
range  312.882569  0.595311  107.0  232.580846  4.921739  104.0  172.416107  7.110989   79.0  292.778113  17.30703  112.0  124.473661  9.716913   53.0  312.790786  30.124202  100.0
FAILURE!!!! Some beads might have been misidentified
               x1        y1  area1          x2        y2  area2          x3        y3  area3          x4         y4  area4         x5        y5  area5          x6         y6  area6
range  313.237179  0.631331  107.0  232.627753  4.943699  100.0  171.956795  7.110989   76.0  292.742058  17.278251  110.0  124.57604  9.650639   54.0  313.133426  30.071044  100.0
FAILURE!!!! Some beads might have been misidentified
               x1        y1  area1          x2        y2  area2          x3        y3  area3          x4         y4  area4         x5       y5  area5          x6         y6  area6
range  312.566222  0.628143  112.0  232.315501  4.922564  103.0  172.388911  7.069778   75.0  292.992415  17.258766  111.0  124.61238  9.74037   54.0  312.586931  30.047842  102.0
FAILURE!!!! Some beads might have been misidentified
Residual vector length: 648, Jacobian shape: (648, 6)
view   0 | SOD= 565.828 mm | SDD= 721.227 mm | M= 1.275 | incident=3.3432°
[[  57.234074   -562.22864     -28.002851  ]
 [ -18.485115    153.89679      11.9971485 ]
 [   0.14903043    0.01304194    0.        ]
 [   0.            0.            0.1496    ]]
               x1        y1  area1          x2        y2  area2          x3        y3  area3          x4         y4  area4          x5       y5  area5          x6         y6  area6
range  312.974459  0.666357  108.0  232.415453  4.904535  100.0  172.262402  7.107908   75.0  292.800397  17.275919  112.0  124.595666  9.66499   53.0  312.847524  30.071044  100.0
FAILURE!!!! Some beads might have been misidentified

iter 36 cost=2.503498 -> 2.598168 |dtheta|=6.640591e-03  lambda=2.500e-05

============================================================
Iteration 37
============================================================
Theta offsets (Unity frame):
  Source   : dSx=   0.000, dSy=   0.000, dSz=   0.000  (mm)
  Object   : dOx=  -6.001, dOy=  -6.003, dOz= -11.921  (mm)
  Object offset: offset_x=  -0.002, offset_z=   0.005  (mm)
  Detector : dDx=   0.000, dDy=   0.000, dDz=   0.000  (mm)
  Obj Stage rotY :    5.000 deg
============================================================

Unity geometry (world coordinates):
  Source   : x=   8.000, y=  50.000, z=   0.000
  Object   : x=  -0.001, y=  21.997, z= 565.079
  Detector : x=  -5.000, y=  10.000, z= 720.000
  Obj rotY :   0.0000 deg
view   0 | SOD= 565.834 mm | SDD= 721.227 mm | M= 1.275 | incident=3.3432°
[[  57.21849    -562.23645     -28.00346   ]
 [ -18.478657    153.89131      11.99654   ]
 [   0.14903082    0.01303735    0.        ]
 [   0.            0.            0.1496    ]]
               x1        y1  area1          x2        y2  area2          x3        y3  area3          x4         y4  area4          x5       y5  area5          x6         y6  area6
range  312.974459  0.653933  109.0  232.415453  4.904535  100.0  172.262402  7.107908   75.0  292.800397  17.275919  110.0  124.569804  9.66499   53.0  312.824509  30.071044  100.0
FAILURE!!!! Some beads might have been misidentified
               x1        y1  area1          x2        y2  area2          x3       y3  area3          x4         y4  area4          x5        y5  area5          x6         y6  area6
range  312.898157  0.597875  116.0  232.501458  4.922237  101.0  172.212736  7.12559   77.0  292.864494  17.339268  110.0  124.666406  9.736122   51.0  312.975351  30.097557  100.0
FAILURE!!!! Some beads might have been misidentified
               x1        y1  area1         x2        y2  area2          x3        y3  area3          x4         y4  area4          x5       y5  area5          x6         y6  area6
range  312.884829  0.581878  100.0  232.47595  4.932995  101.0  172.171814  7.049612   75.0  292.869979  17.271988  116.0  124.484098  9.63316   56.0  312.752716  30.074868   94.0
FAILURE!!!! Some beads might have been misidentified
               x1        y1  area1          x2        y2  area2          x3       y3  area3          x4        y4  area4          x5        y5  area5          x6         y6  area6
range  312.870044  0.657057  112.0  232.421202  4.904009   97.0  172.259522  7.02434   78.0  292.779231  17.24509  109.0  124.638117  9.741712   60.0  312.935129  30.073125  100.0
FAILURE!!!! Some beads might have been misidentified
               x1        y1  area1          x2        y2  area2          x3        y3  area3          x4        y4  area4          x5        y5  area5          x6         y6  area6
range  312.973823  0.588975  105.0  232.420384  5.047767  104.0  172.327365  7.039737   73.0  292.779461  17.32219  119.0  124.585444  9.690069   51.0  312.862572  30.120154   93.0
FAILURE!!!! Some beads might have been misidentified
               x1        y1  area1          x2        y2  area2          x3        y3  area3          x4         y4  area4         x5        y5  area5          x6         y6  area6
range  312.974459  0.653933  109.0  232.415453  4.904535  100.0  172.262402  7.107908   75.0  292.774766  17.275919  108.0  124.57604  9.684009   53.0  312.813336  30.077997  100.0
FAILURE!!!! Some beads might have been misidentified
               x1        y1  area1          x2        y2  area2          x3        y3  area3          x4         y4  area4          x5       y5  area5          x6         y6  area6
range  312.974459  0.653933  109.0  232.415453  4.922808  100.0  172.262402  7.129719   75.0  292.800397  17.284297  112.0  124.589408  9.66499   52.0  312.824509  30.071044  100.0
FAILURE!!!! Some beads might have been misidentified
               x1        y1  area1          x2        y2  area2          x3       y3  area3          x4         y4  area4          x5       y5  area5          x6         y6  area6
range  312.974459  0.644175  107.0  232.415453  4.915805  103.0  172.254792  7.10087   75.0  292.774766  17.278251  110.0  124.569804  9.66499   53.0  312.824509  30.077997  100.0
FAILURE!!!! Some beads might have been misidentified
               x1        y1  area1          x2        y2  area2          x3        y3  area3          x4        y4  area4         x5        y5  area5          x6         y6  area6
range  312.900097  0.622354  108.0  232.415453  4.943948  100.0  172.262402  7.089117   76.0  292.800397  17.27019  109.0  124.57604  9.706517   55.0  312.923385  30.047842  101.0
FAILURE!!!! Some beads might have been misidentified
               x1        y1  area1          x2        y2  area2          x3        y3  area3          x4         y4  area4          x5       y5  area5          x6         y6  area6
range  312.987707  0.581654  107.0  232.332085  4.943699   96.0  172.026916  7.069778   74.0  292.821755  17.297256  115.0  124.750078  9.66499   52.0  312.963855  30.026328   94.0
FAILURE!!!! Some beads might have been misidentified
               x1        y1  area1          x2        y2  area2          x3        y3  area3          x4        y4  area4          x5        y5  area5          x6         y6  area6
range  312.882569  0.595311  107.0  232.580846  4.921739  104.0  172.416107  7.110989   79.0  292.778113  17.30703  112.0  124.473661  9.716913   53.0  312.790786  30.124202  100.0
FAILURE!!!! Some beads might have been misidentified
               x1        y1  area1          x2        y2  area2          x3        y3  area3          x4         y4  area4         x5        y5  area5          x6         y6  area6
range  313.237179  0.631331  107.0  232.627753  4.943699  100.0  171.956795  7.110989   76.0  292.742058  17.278251  110.0  124.57604  9.650639   54.0  313.133426  30.071044  100.0
FAILURE!!!! Some beads might have been misidentified
               x1        y1  area1          x2        y2  area2          x3        y3  area3          x4         y4  area4         x5       y5  area5          x6         y6  area6
range  312.566222  0.628143  112.0  232.315501  4.922564  103.0  172.388911  7.069778   75.0  292.992415  17.258766  111.0  124.61238  9.74037   54.0  312.586931  30.047842  102.0
FAILURE!!!! Some beads might have been misidentified
Residual vector length: 648, Jacobian shape: (648, 6)
view   0 | SOD= 565.828 mm | SDD= 721.227 mm | M= 1.275 | incident=3.3432°
[[  57.234074   -562.22864     -28.002851  ]
 [ -18.485115    153.89679      11.9971485 ]
 [   0.14903043    0.01304194    0.        ]
 [   0.            0.            0.1496    ]]
               x1        y1  area1          x2        y2  area2          x3        y3  area3          x4         y4  area4          x5       y5  area5          x6         y6  area6
range  312.974459  0.666357  108.0  232.415453  4.904535  100.0  172.262402  7.107908   75.0  292.800397  17.275919  112.0  124.595666  9.66499   53.0  312.847524  30.071044  100.0
FAILURE!!!! Some beads might have been misidentified

iter 37 cost=2.503498 -> 2.598168 |dtheta|=6.640590e-03  lambda=1.250e-04

============================================================
Iteration 38
============================================================
Theta offsets (Unity frame):
  Source   : dSx=   0.000, dSy=   0.000, dSz=   0.000  (mm)
  Object   : dOx=  -6.001, dOy=  -6.003, dOz= -11.921  (mm)
  Object offset: offset_x=  -0.002, offset_z=   0.005  (mm)
  Detector : dDx=   0.000, dDy=   0.000, dDz=   0.000  (mm)
  Obj Stage rotY :    5.000 deg
============================================================

Unity geometry (world coordinates):
  Source   : x=   8.000, y=  50.000, z=   0.000
  Object   : x=  -0.001, y=  21.997, z= 565.079
  Detector : x=  -5.000, y=  10.000, z= 720.000
  Obj rotY :   0.0000 deg
view   0 | SOD= 565.834 mm | SDD= 721.227 mm | M= 1.275 | incident=3.3432°
[[  57.21849    -562.23645     -28.00346   ]
 [ -18.478657    153.89131      11.99654   ]
 [   0.14903082    0.01303735    0.        ]
 [   0.            0.            0.1496    ]]
               x1        y1  area1          x2        y2  area2          x3        y3  area3          x4         y4  area4          x5       y5  area5          x6         y6  area6
range  312.974459  0.653933  109.0  232.415453  4.904535  100.0  172.262402  7.107908   75.0  292.800397  17.275919  110.0  124.569804  9.66499   53.0  312.824509  30.071044  100.0
FAILURE!!!! Some beads might have been misidentified
               x1        y1  area1          x2        y2  area2          x3       y3  area3          x4         y4  area4          x5        y5  area5          x6         y6  area6
range  312.898157  0.597875  116.0  232.501458  4.922237  101.0  172.212736  7.12559   77.0  292.864494  17.339268  110.0  124.666406  9.736122   51.0  312.975351  30.097557  100.0
FAILURE!!!! Some beads might have been misidentified
               x1        y1  area1         x2        y2  area2          x3        y3  area3          x4         y4  area4          x5       y5  area5          x6         y6  area6
range  312.884829  0.581878  100.0  232.47595  4.932995  101.0  172.171814  7.049612   75.0  292.869979  17.271988  116.0  124.484098  9.63316   56.0  312.752716  30.074868   94.0
FAILURE!!!! Some beads might have been misidentified
               x1        y1  area1          x2        y2  area2          x3       y3  area3          x4        y4  area4          x5        y5  area5          x6         y6  area6
range  312.870044  0.657057  112.0  232.421202  4.904009   97.0  172.259522  7.02434   78.0  292.779231  17.24509  109.0  124.638117  9.741712   60.0  312.935129  30.073125  100.0
FAILURE!!!! Some beads might have been misidentified
               x1        y1  area1          x2        y2  area2          x3        y3  area3          x4        y4  area4          x5        y5  area5          x6         y6  area6
range  312.973823  0.588975  105.0  232.420384  5.047767  104.0  172.327365  7.039737   73.0  292.779461  17.32219  119.0  124.585444  9.690069   51.0  312.862572  30.120154   93.0
FAILURE!!!! Some beads might have been misidentified
               x1        y1  area1          x2        y2  area2          x3        y3  area3          x4         y4  area4         x5        y5  area5          x6         y6  area6
range  312.974459  0.653933  109.0  232.415453  4.904535  100.0  172.262402  7.107908   75.0  292.774766  17.275919  108.0  124.57604  9.684009   53.0  312.813336  30.077997  100.0
FAILURE!!!! Some beads might have been misidentified
               x1        y1  area1          x2        y2  area2          x3        y3  area3          x4         y4  area4          x5       y5  area5          x6         y6  area6
range  312.974459  0.653933  109.0  232.415453  4.922808  100.0  172.262402  7.129719   75.0  292.800397  17.284297  112.0  124.589408  9.66499   52.0  312.824509  30.071044  100.0
FAILURE!!!! Some beads might have been misidentified
               x1        y1  area1          x2        y2  area2          x3       y3  area3          x4         y4  area4          x5       y5  area5          x6         y6  area6
range  312.974459  0.644175  107.0  232.415453  4.915805  103.0  172.254792  7.10087   75.0  292.774766  17.278251  110.0  124.569804  9.66499   53.0  312.824509  30.077997  100.0
FAILURE!!!! Some beads might have been misidentified
               x1        y1  area1          x2        y2  area2          x3        y3  area3          x4        y4  area4         x5        y5  area5          x6         y6  area6
range  312.900097  0.622354  108.0  232.415453  4.943948  100.0  172.262402  7.089117   76.0  292.800397  17.27019  109.0  124.57604  9.706517   55.0  312.923385  30.047842  101.0
FAILURE!!!! Some beads might have been misidentified
               x1        y1  area1          x2        y2  area2          x3        y3  area3          x4         y4  area4          x5       y5  area5          x6         y6  area6
range  312.987707  0.581654  107.0  232.332085  4.943699   96.0  172.026916  7.069778   74.0  292.821755  17.297256  115.0  124.750078  9.66499   52.0  312.963855  30.026328   94.0
FAILURE!!!! Some beads might have been misidentified
               x1        y1  area1          x2        y2  area2          x3        y3  area3          x4        y4  area4          x5        y5  area5          x6         y6  area6
range  312.882569  0.595311  107.0  232.580846  4.921739  104.0  172.416107  7.110989   79.0  292.778113  17.30703  112.0  124.473661  9.716913   53.0  312.790786  30.124202  100.0
FAILURE!!!! Some beads might have been misidentified
               x1        y1  area1          x2        y2  area2          x3        y3  area3          x4         y4  area4         x5        y5  area5          x6         y6  area6
range  313.237179  0.631331  107.0  232.627753  4.943699  100.0  171.956795  7.110989   76.0  292.742058  17.278251  110.0  124.57604  9.650639   54.0  313.133426  30.071044  100.0
FAILURE!!!! Some beads might have been misidentified
               x1        y1  area1          x2        y2  area2          x3        y3  area3          x4         y4  area4         x5       y5  area5          x6         y6  area6
range  312.566222  0.628143  112.0  232.315501  4.922564  103.0  172.388911  7.069778   75.0  292.992415  17.258766  111.0  124.61238  9.74037   54.0  312.586931  30.047842  102.0
FAILURE!!!! Some beads might have been misidentified
Residual vector length: 648, Jacobian shape: (648, 6)
view   0 | SOD= 565.828 mm | SDD= 721.227 mm | M= 1.275 | incident=3.3432°
[[  57.234074   -562.22864     -28.002851  ]
 [ -18.485115    153.89679      11.9971485 ]
 [   0.14903043    0.01304194    0.        ]
 [   0.            0.            0.1496    ]]
               x1        y1  area1          x2        y2  area2          x3        y3  area3          x4         y4  area4          x5       y5  area5          x6         y6  area6
range  312.974459  0.666357  108.0  232.415453  4.904535  100.0  172.262402  7.107908   75.0  292.800397  17.275919  112.0  124.595666  9.66499   53.0  312.847524  30.071044  100.0
FAILURE!!!! Some beads might have been misidentified

iter 38 cost=2.503498 -> 2.598168 |dtheta|=6.640586e-03  lambda=6.250e-04

============================================================
Iteration 39
============================================================
Theta offsets (Unity frame):
  Source   : dSx=   0.000, dSy=   0.000, dSz=   0.000  (mm)
  Object   : dOx=  -6.001, dOy=  -6.003, dOz= -11.921  (mm)
  Object offset: offset_x=  -0.002, offset_z=   0.005  (mm)
  Detector : dDx=   0.000, dDy=   0.000, dDz=   0.000  (mm)
  Obj Stage rotY :    5.000 deg
============================================================

Unity geometry (world coordinates):
  Source   : x=   8.000, y=  50.000, z=   0.000
  Object   : x=  -0.001, y=  21.997, z= 565.079
  Detector : x=  -5.000, y=  10.000, z= 720.000
  Obj rotY :   0.0000 deg
view   0 | SOD= 565.834 mm | SDD= 721.227 mm | M= 1.275 | incident=3.3432°
[[  57.21849    -562.23645     -28.00346   ]
 [ -18.478657    153.89131      11.99654   ]
 [   0.14903082    0.01303735    0.        ]
 [   0.            0.            0.1496    ]]
               x1        y1  area1          x2        y2  area2          x3        y3  area3          x4         y4  area4          x5       y5  area5          x6         y6  area6
range  312.974459  0.653933  109.0  232.415453  4.904535  100.0  172.262402  7.107908   75.0  292.800397  17.275919  110.0  124.569804  9.66499   53.0  312.824509  30.071044  100.0
FAILURE!!!! Some beads might have been misidentified
               x1        y1  area1          x2        y2  area2          x3       y3  area3          x4         y4  area4          x5        y5  area5          x6         y6  area6
range  312.898157  0.597875  116.0  232.501458  4.922237  101.0  172.212736  7.12559   77.0  292.864494  17.339268  110.0  124.666406  9.736122   51.0  312.975351  30.097557  100.0
FAILURE!!!! Some beads might have been misidentified
               x1        y1  area1         x2        y2  area2          x3        y3  area3          x4         y4  area4          x5       y5  area5          x6         y6  area6
range  312.884829  0.581878  100.0  232.47595  4.932995  101.0  172.171814  7.049612   75.0  292.869979  17.271988  116.0  124.484098  9.63316   56.0  312.752716  30.074868   94.0
FAILURE!!!! Some beads might have been misidentified
               x1        y1  area1          x2        y2  area2          x3       y3  area3          x4        y4  area4          x5        y5  area5          x6         y6  area6
range  312.870044  0.657057  112.0  232.421202  4.904009   97.0  172.259522  7.02434   78.0  292.779231  17.24509  109.0  124.638117  9.741712   60.0  312.935129  30.073125  100.0
FAILURE!!!! Some beads might have been misidentified
               x1        y1  area1          x2        y2  area2          x3        y3  area3          x4        y4  area4          x5        y5  area5          x6         y6  area6
range  312.973823  0.588975  105.0  232.420384  5.047767  104.0  172.327365  7.039737   73.0  292.779461  17.32219  119.0  124.585444  9.690069   51.0  312.862572  30.120154   93.0
FAILURE!!!! Some beads might have been misidentified
               x1        y1  area1          x2        y2  area2          x3        y3  area3          x4         y4  area4         x5        y5  area5          x6         y6  area6
range  312.974459  0.653933  109.0  232.415453  4.904535  100.0  172.262402  7.107908   75.0  292.774766  17.275919  108.0  124.57604  9.684009   53.0  312.813336  30.077997  100.0
FAILURE!!!! Some beads might have been misidentified
               x1        y1  area1          x2        y2  area2          x3        y3  area3          x4         y4  area4          x5       y5  area5          x6         y6  area6
range  312.974459  0.653933  109.0  232.415453  4.922808  100.0  172.262402  7.129719   75.0  292.800397  17.284297  112.0  124.589408  9.66499   52.0  312.824509  30.071044  100.0
FAILURE!!!! Some beads might have been misidentified
               x1        y1  area1          x2        y2  area2          x3       y3  area3          x4         y4  area4          x5       y5  area5          x6         y6  area6
range  312.974459  0.644175  107.0  232.415453  4.915805  103.0  172.254792  7.10087   75.0  292.774766  17.278251  110.0  124.569804  9.66499   53.0  312.824509  30.077997  100.0
FAILURE!!!! Some beads might have been misidentified
               x1        y1  area1          x2        y2  area2          x3        y3  area3          x4        y4  area4         x5        y5  area5          x6         y6  area6
range  312.900097  0.622354  108.0  232.415453  4.943948  100.0  172.262402  7.089117   76.0  292.800397  17.27019  109.0  124.57604  9.706517   55.0  312.923385  30.047842  101.0
FAILURE!!!! Some beads might have been misidentified
               x1        y1  area1          x2        y2  area2          x3        y3  area3          x4         y4  area4          x5       y5  area5          x6         y6  area6
range  312.987707  0.581654  107.0  232.332085  4.943699   96.0  172.026916  7.069778   74.0  292.821755  17.297256  115.0  124.750078  9.66499   52.0  312.963855  30.026328   94.0
FAILURE!!!! Some beads might have been misidentified
               x1        y1  area1          x2        y2  area2          x3        y3  area3          x4        y4  area4          x5        y5  area5          x6         y6  area6
range  312.882569  0.595311  107.0  232.580846  4.921739  104.0  172.416107  7.110989   79.0  292.778113  17.30703  112.0  124.473661  9.716913   53.0  312.790786  30.124202  100.0
FAILURE!!!! Some beads might have been misidentified
               x1        y1  area1          x2        y2  area2          x3        y3  area3          x4         y4  area4         x5        y5  area5          x6         y6  area6
range  313.237179  0.631331  107.0  232.627753  4.943699  100.0  171.956795  7.110989   76.0  292.742058  17.278251  110.0  124.57604  9.650639   54.0  313.133426  30.071044  100.0
FAILURE!!!! Some beads might have been misidentified
               x1        y1  area1          x2        y2  area2          x3        y3  area3          x4         y4  area4         x5       y5  area5          x6         y6  area6
range  312.566222  0.628143  112.0  232.315501  4.922564  103.0  172.388911  7.069778   75.0  292.992415  17.258766  111.0  124.61238  9.74037   54.0  312.586931  30.047842  102.0
FAILURE!!!! Some beads might have been misidentified
Residual vector length: 648, Jacobian shape: (648, 6)
view   0 | SOD= 565.828 mm | SDD= 721.227 mm | M= 1.275 | incident=3.3432°
[[  57.234074   -562.22864     -28.002851  ]
 [ -18.485115    153.89679      11.9971485 ]
 [   0.14903043    0.01304194    0.        ]
 [   0.            0.            0.1496    ]]
               x1        y1  area1          x2        y2  area2          x3        y3  area3          x4         y4  area4          x5       y5  area5          x6         y6  area6
range  312.974459  0.666357  108.0  232.415453  4.904535  100.0  172.262402  7.107908   75.0  292.800397  17.275919  112.0  124.595666  9.66499   53.0  312.847524  30.071044  100.0
FAILURE!!!! Some beads might have been misidentified

iter 39 cost=2.503498 -> 2.598168 |dtheta|=6.640561e-03  lambda=3.125e-03

============================================================
Iteration 40
============================================================
Theta offsets (Unity frame):
  Source   : dSx=   0.000, dSy=   0.000, dSz=   0.000  (mm)
  Object   : dOx=  -6.001, dOy=  -6.003, dOz= -11.921  (mm)
  Object offset: offset_x=  -0.002, offset_z=   0.005  (mm)
  Detector : dDx=   0.000, dDy=   0.000, dDz=   0.000  (mm)
  Obj Stage rotY :    5.000 deg
============================================================

Unity geometry (world coordinates):
  Source   : x=   8.000, y=  50.000, z=   0.000
  Object   : x=  -0.001, y=  21.997, z= 565.079
  Detector : x=  -5.000, y=  10.000, z= 720.000
  Obj rotY :   0.0000 deg
view   0 | SOD= 565.834 mm | SDD= 721.227 mm | M= 1.275 | incident=3.3432°
[[  57.21849    -562.23645     -28.00346   ]
 [ -18.478657    153.89131      11.99654   ]
 [   0.14903082    0.01303735    0.        ]
 [   0.            0.            0.1496    ]]
               x1        y1  area1          x2        y2  area2          x3        y3  area3          x4         y4  area4          x5       y5  area5          x6         y6  area6
range  312.974459  0.653933  109.0  232.415453  4.904535  100.0  172.262402  7.107908   75.0  292.800397  17.275919  110.0  124.569804  9.66499   53.0  312.824509  30.071044  100.0
FAILURE!!!! Some beads might have been misidentified
               x1        y1  area1          x2        y2  area2          x3       y3  area3          x4         y4  area4          x5        y5  area5          x6         y6  area6
range  312.898157  0.597875  116.0  232.501458  4.922237  101.0  172.212736  7.12559   77.0  292.864494  17.339268  110.0  124.666406  9.736122   51.0  312.975351  30.097557  100.0
FAILURE!!!! Some beads might have been misidentified
               x1        y1  area1         x2        y2  area2          x3        y3  area3          x4         y4  area4          x5       y5  area5          x6         y6  area6
range  312.884829  0.581878  100.0  232.47595  4.932995  101.0  172.171814  7.049612   75.0  292.869979  17.271988  116.0  124.484098  9.63316   56.0  312.752716  30.074868   94.0
FAILURE!!!! Some beads might have been misidentified
               x1        y1  area1          x2        y2  area2          x3       y3  area3          x4        y4  area4          x5        y5  area5          x6         y6  area6
range  312.870044  0.657057  112.0  232.421202  4.904009   97.0  172.259522  7.02434   78.0  292.779231  17.24509  109.0  124.638117  9.741712   60.0  312.935129  30.073125  100.0
FAILURE!!!! Some beads might have been misidentified
               x1        y1  area1          x2        y2  area2          x3        y3  area3          x4        y4  area4          x5        y5  area5          x6         y6  area6
range  312.973823  0.588975  105.0  232.420384  5.047767  104.0  172.327365  7.039737   73.0  292.779461  17.32219  119.0  124.585444  9.690069   51.0  312.862572  30.120154   93.0
FAILURE!!!! Some beads might have been misidentified
               x1        y1  area1          x2        y2  area2          x3        y3  area3          x4         y4  area4         x5        y5  area5          x6         y6  area6
range  312.974459  0.653933  109.0  232.415453  4.904535  100.0  172.262402  7.107908   75.0  292.774766  17.275919  108.0  124.57604  9.684009   53.0  312.813336  30.077997  100.0
FAILURE!!!! Some beads might have been misidentified
               x1        y1  area1          x2        y2  area2          x3        y3  area3          x4         y4  area4          x5       y5  area5          x6         y6  area6
range  312.974459  0.653933  109.0  232.415453  4.922808  100.0  172.262402  7.129719   75.0  292.800397  17.284297  112.0  124.589408  9.66499   52.0  312.824509  30.071044  100.0
FAILURE!!!! Some beads might have been misidentified
               x1        y1  area1          x2        y2  area2          x3       y3  area3          x4         y4  area4          x5       y5  area5          x6         y6  area6
range  312.974459  0.644175  107.0  232.415453  4.915805  103.0  172.254792  7.10087   75.0  292.774766  17.278251  110.0  124.569804  9.66499   53.0  312.824509  30.077997  100.0
FAILURE!!!! Some beads might have been misidentified
               x1        y1  area1          x2        y2  area2          x3        y3  area3          x4        y4  area4         x5        y5  area5          x6         y6  area6
range  312.900097  0.622354  108.0  232.415453  4.943948  100.0  172.262402  7.089117   76.0  292.800397  17.27019  109.0  124.57604  9.706517   55.0  312.923385  30.047842  101.0
FAILURE!!!! Some beads might have been misidentified
               x1        y1  area1          x2        y2  area2          x3        y3  area3          x4         y4  area4          x5       y5  area5          x6         y6  area6
range  312.987707  0.581654  107.0  232.332085  4.943699   96.0  172.026916  7.069778   74.0  292.821755  17.297256  115.0  124.750078  9.66499   52.0  312.963855  30.026328   94.0
FAILURE!!!! Some beads might have been misidentified
               x1        y1  area1          x2        y2  area2          x3        y3  area3          x4        y4  area4          x5        y5  area5          x6         y6  area6
range  312.882569  0.595311  107.0  232.580846  4.921739  104.0  172.416107  7.110989   79.0  292.778113  17.30703  112.0  124.473661  9.716913   53.0  312.790786  30.124202  100.0
FAILURE!!!! Some beads might have been misidentified
               x1        y1  area1          x2        y2  area2          x3        y3  area3          x4         y4  area4         x5        y5  area5          x6         y6  area6
range  313.237179  0.631331  107.0  232.627753  4.943699  100.0  171.956795  7.110989   76.0  292.742058  17.278251  110.0  124.57604  9.650639   54.0  313.133426  30.071044  100.0
FAILURE!!!! Some beads might have been misidentified
               x1        y1  area1          x2        y2  area2          x3        y3  area3          x4         y4  area4         x5       y5  area5          x6         y6  area6
range  312.566222  0.628143  112.0  232.315501  4.922564  103.0  172.388911  7.069778   75.0  292.992415  17.258766  111.0  124.61238  9.74037   54.0  312.586931  30.047842  102.0
FAILURE!!!! Some beads might have been misidentified
Residual vector length: 648, Jacobian shape: (648, 6)
view   0 | SOD= 565.828 mm | SDD= 721.227 mm | M= 1.275 | incident=3.3432°
[[  57.234074   -562.22864     -28.002851  ]
 [ -18.485115    153.89679      11.9971485 ]
 [   0.14903043    0.01304194    0.        ]
 [   0.            0.            0.1496    ]]
               x1        y1  area1          x2        y2  area2          x3        y3  area3          x4         y4  area4          x5       y5  area5          x6         y6  area6
range  312.974459  0.666357  108.0  232.415453  4.904535  100.0  172.262402  7.107908   75.0  292.800397  17.275919  112.0  124.595666  9.66499   53.0  312.847524  30.071044  100.0
FAILURE!!!! Some beads might have been misidentified

iter 40 cost=2.503498 -> 2.598168 |dtheta|=6.640440e-03  lambda=1.562e-02

============================================================
Iteration 41
============================================================
Theta offsets (Unity frame):
  Source   : dSx=   0.000, dSy=   0.000, dSz=   0.000  (mm)
  Object   : dOx=  -6.001, dOy=  -6.003, dOz= -11.921  (mm)
  Object offset: offset_x=  -0.002, offset_z=   0.005  (mm)
  Detector : dDx=   0.000, dDy=   0.000, dDz=   0.000  (mm)
  Obj Stage rotY :    5.000 deg
============================================================

Unity geometry (world coordinates):
  Source   : x=   8.000, y=  50.000, z=   0.000
  Object   : x=  -0.001, y=  21.997, z= 565.079
  Detector : x=  -5.000, y=  10.000, z= 720.000
  Obj rotY :   0.0000 deg
view   0 | SOD= 565.834 mm | SDD= 721.227 mm | M= 1.275 | incident=3.3432°
[[  57.21849    -562.23645     -28.00346   ]
 [ -18.478657    153.89131      11.99654   ]
 [   0.14903082    0.01303735    0.        ]
 [   0.            0.            0.1496    ]]
               x1        y1  area1          x2        y2  area2          x3        y3  area3          x4         y4  area4          x5       y5  area5          x6         y6  area6
range  312.974459  0.653933  109.0  232.415453  4.904535  100.0  172.262402  7.107908   75.0  292.800397  17.275919  110.0  124.569804  9.66499   53.0  312.824509  30.071044  100.0
FAILURE!!!! Some beads might have been misidentified
               x1        y1  area1          x2        y2  area2          x3       y3  area3          x4         y4  area4          x5        y5  area5          x6         y6  area6
range  312.898157  0.597875  116.0  232.501458  4.922237  101.0  172.212736  7.12559   77.0  292.864494  17.339268  110.0  124.666406  9.736122   51.0  312.975351  30.097557  100.0
FAILURE!!!! Some beads might have been misidentified
               x1        y1  area1         x2        y2  area2          x3        y3  area3          x4         y4  area4          x5       y5  area5          x6         y6  area6
range  312.884829  0.581878  100.0  232.47595  4.932995  101.0  172.171814  7.049612   75.0  292.869979  17.271988  116.0  124.484098  9.63316   56.0  312.752716  30.074868   94.0
FAILURE!!!! Some beads might have been misidentified
               x1        y1  area1          x2        y2  area2          x3       y3  area3          x4        y4  area4          x5        y5  area5          x6         y6  area6
range  312.870044  0.657057  112.0  232.421202  4.904009   97.0  172.259522  7.02434   78.0  292.779231  17.24509  109.0  124.638117  9.741712   60.0  312.935129  30.073125  100.0
FAILURE!!!! Some beads might have been misidentified
               x1        y1  area1          x2        y2  area2          x3        y3  area3          x4        y4  area4          x5        y5  area5          x6         y6  area6
range  312.973823  0.588975  105.0  232.420384  5.047767  104.0  172.327365  7.039737   73.0  292.779461  17.32219  119.0  124.585444  9.690069   51.0  312.862572  30.120154   93.0
FAILURE!!!! Some beads might have been misidentified
               x1        y1  area1          x2        y2  area2          x3        y3  area3          x4         y4  area4         x5        y5  area5          x6         y6  area6
range  312.974459  0.653933  109.0  232.415453  4.904535  100.0  172.262402  7.107908   75.0  292.774766  17.275919  108.0  124.57604  9.684009   53.0  312.813336  30.077997  100.0
FAILURE!!!! Some beads might have been misidentified
               x1        y1  area1          x2        y2  area2          x3        y3  area3          x4         y4  area4          x5       y5  area5          x6         y6  area6
range  312.974459  0.653933  109.0  232.415453  4.922808  100.0  172.262402  7.129719   75.0  292.800397  17.284297  112.0  124.589408  9.66499   52.0  312.824509  30.071044  100.0
FAILURE!!!! Some beads might have been misidentified
               x1        y1  area1          x2        y2  area2          x3       y3  area3          x4         y4  area4          x5       y5  area5          x6         y6  area6
range  312.974459  0.644175  107.0  232.415453  4.915805  103.0  172.254792  7.10087   75.0  292.774766  17.278251  110.0  124.569804  9.66499   53.0  312.824509  30.077997  100.0
FAILURE!!!! Some beads might have been misidentified
               x1        y1  area1          x2        y2  area2          x3        y3  area3          x4        y4  area4         x5        y5  area5          x6         y6  area6
range  312.900097  0.622354  108.0  232.415453  4.943948  100.0  172.262402  7.089117   76.0  292.800397  17.27019  109.0  124.57604  9.706517   55.0  312.923385  30.047842  101.0
FAILURE!!!! Some beads might have been misidentified
               x1        y1  area1          x2        y2  area2          x3        y3  area3          x4         y4  area4          x5       y5  area5          x6         y6  area6
range  312.987707  0.581654  107.0  232.332085  4.943699   96.0  172.026916  7.069778   74.0  292.821755  17.297256  115.0  124.750078  9.66499   52.0  312.963855  30.026328   94.0
FAILURE!!!! Some beads might have been misidentified
               x1        y1  area1          x2        y2  area2          x3        y3  area3          x4        y4  area4          x5        y5  area5          x6         y6  area6
range  312.882569  0.595311  107.0  232.580846  4.921739  104.0  172.416107  7.110989   79.0  292.778113  17.30703  112.0  124.473661  9.716913   53.0  312.790786  30.124202  100.0
FAILURE!!!! Some beads might have been misidentified
               x1        y1  area1          x2        y2  area2          x3        y3  area3          x4         y4  area4         x5        y5  area5          x6         y6  area6
range  313.237179  0.631331  107.0  232.627753  4.943699  100.0  171.956795  7.110989   76.0  292.742058  17.278251  110.0  124.57604  9.650639   54.0  313.133426  30.071044  100.0
FAILURE!!!! Some beads might have been misidentified
               x1        y1  area1          x2        y2  area2          x3        y3  area3          x4         y4  area4         x5       y5  area5          x6         y6  area6
range  312.566222  0.628143  112.0  232.315501  4.922564  103.0  172.388911  7.069778   75.0  292.992415  17.258766  111.0  124.61238  9.74037   54.0  312.586931  30.047842  102.0
FAILURE!!!! Some beads might have been misidentified
Residual vector length: 648, Jacobian shape: (648, 6)
view   0 | SOD= 565.828 mm | SDD= 721.227 mm | M= 1.275 | incident=3.3432°
[[  57.234074   -562.22864     -28.002851  ]
 [ -18.485115    153.89679      11.9971485 ]
 [   0.14903043    0.01304194    0.        ]
 [   0.            0.            0.1496    ]]
               x1        y1  area1          x2        y2  area2          x3        y3  area3          x4         y4  area4          x5       y5  area5          x6         y6  area6
range  312.974459  0.666357  108.0  232.415453  4.904535  100.0  172.262402  7.107908   75.0  292.800397  17.275919  112.0  124.595666  9.66499   53.0  312.847524  30.071044  100.0
FAILURE!!!! Some beads might have been misidentified

iter 41 cost=2.503498 -> 2.598168 |dtheta|=6.639834e-03  lambda=7.812e-02

============================================================
Iteration 42
============================================================
Theta offsets (Unity frame):
  Source   : dSx=   0.000, dSy=   0.000, dSz=   0.000  (mm)
  Object   : dOx=  -6.001, dOy=  -6.003, dOz= -11.921  (mm)
  Object offset: offset_x=  -0.002, offset_z=   0.005  (mm)
  Detector : dDx=   0.000, dDy=   0.000, dDz=   0.000  (mm)
  Obj Stage rotY :    5.000 deg
============================================================

Unity geometry (world coordinates):
  Source   : x=   8.000, y=  50.000, z=   0.000
  Object   : x=  -0.001, y=  21.997, z= 565.079
  Detector : x=  -5.000, y=  10.000, z= 720.000
  Obj rotY :   0.0000 deg
view   0 | SOD= 565.834 mm | SDD= 721.227 mm | M= 1.275 | incident=3.3432°
[[  57.21849    -562.23645     -28.00346   ]
 [ -18.478657    153.89131      11.99654   ]
 [   0.14903082    0.01303735    0.        ]
 [   0.            0.            0.1496    ]]
               x1        y1  area1          x2        y2  area2          x3        y3  area3          x4         y4  area4          x5       y5  area5          x6         y6  area6
range  312.974459  0.653933  109.0  232.415453  4.904535  100.0  172.262402  7.107908   75.0  292.800397  17.275919  110.0  124.569804  9.66499   53.0  312.824509  30.071044  100.0
FAILURE!!!! Some beads might have been misidentified
               x1        y1  area1          x2        y2  area2          x3       y3  area3          x4         y4  area4          x5        y5  area5          x6         y6  area6
range  312.898157  0.597875  116.0  232.501458  4.922237  101.0  172.212736  7.12559   77.0  292.864494  17.339268  110.0  124.666406  9.736122   51.0  312.975351  30.097557  100.0
FAILURE!!!! Some beads might have been misidentified
               x1        y1  area1         x2        y2  area2          x3        y3  area3          x4         y4  area4          x5       y5  area5          x6         y6  area6
range  312.884829  0.581878  100.0  232.47595  4.932995  101.0  172.171814  7.049612   75.0  292.869979  17.271988  116.0  124.484098  9.63316   56.0  312.752716  30.074868   94.0
FAILURE!!!! Some beads might have been misidentified
               x1        y1  area1          x2        y2  area2          x3       y3  area3          x4        y4  area4          x5        y5  area5          x6         y6  area6
range  312.870044  0.657057  112.0  232.421202  4.904009   97.0  172.259522  7.02434   78.0  292.779231  17.24509  109.0  124.638117  9.741712   60.0  312.935129  30.073125  100.0
FAILURE!!!! Some beads might have been misidentified
               x1        y1  area1          x2        y2  area2          x3        y3  area3          x4        y4  area4          x5        y5  area5          x6         y6  area6
range  312.973823  0.588975  105.0  232.420384  5.047767  104.0  172.327365  7.039737   73.0  292.779461  17.32219  119.0  124.585444  9.690069   51.0  312.862572  30.120154   93.0
FAILURE!!!! Some beads might have been misidentified
               x1        y1  area1          x2        y2  area2          x3        y3  area3          x4         y4  area4         x5        y5  area5          x6         y6  area6
range  312.974459  0.653933  109.0  232.415453  4.904535  100.0  172.262402  7.107908   75.0  292.774766  17.275919  108.0  124.57604  9.684009   53.0  312.813336  30.077997  100.0
FAILURE!!!! Some beads might have been misidentified
               x1        y1  area1          x2        y2  area2          x3        y3  area3          x4         y4  area4          x5       y5  area5          x6         y6  area6
range  312.974459  0.653933  109.0  232.415453  4.922808  100.0  172.262402  7.129719   75.0  292.800397  17.284297  112.0  124.589408  9.66499   52.0  312.824509  30.071044  100.0
FAILURE!!!! Some beads might have been misidentified
               x1        y1  area1          x2        y2  area2          x3       y3  area3          x4         y4  area4          x5       y5  area5          x6         y6  area6
range  312.974459  0.644175  107.0  232.415453  4.915805  103.0  172.254792  7.10087   75.0  292.774766  17.278251  110.0  124.569804  9.66499   53.0  312.824509  30.077997  100.0
FAILURE!!!! Some beads might have been misidentified
               x1        y1  area1          x2        y2  area2          x3        y3  area3          x4        y4  area4         x5        y5  area5          x6         y6  area6
range  312.900097  0.622354  108.0  232.415453  4.943948  100.0  172.262402  7.089117   76.0  292.800397  17.27019  109.0  124.57604  9.706517   55.0  312.923385  30.047842  101.0
FAILURE!!!! Some beads might have been misidentified
               x1        y1  area1          x2        y2  area2          x3        y3  area3          x4         y4  area4          x5       y5  area5          x6         y6  area6
range  312.987707  0.581654  107.0  232.332085  4.943699   96.0  172.026916  7.069778   74.0  292.821755  17.297256  115.0  124.750078  9.66499   52.0  312.963855  30.026328   94.0
FAILURE!!!! Some beads might have been misidentified
               x1        y1  area1          x2        y2  area2          x3        y3  area3          x4        y4  area4          x5        y5  area5          x6         y6  area6
range  312.882569  0.595311  107.0  232.580846  4.921739  104.0  172.416107  7.110989   79.0  292.778113  17.30703  112.0  124.473661  9.716913   53.0  312.790786  30.124202  100.0
FAILURE!!!! Some beads might have been misidentified
               x1        y1  area1          x2        y2  area2          x3        y3  area3          x4         y4  area4         x5        y5  area5          x6         y6  area6
range  313.237179  0.631331  107.0  232.627753  4.943699  100.0  171.956795  7.110989   76.0  292.742058  17.278251  110.0  124.57604  9.650639   54.0  313.133426  30.071044  100.0
FAILURE!!!! Some beads might have been misidentified
               x1        y1  area1          x2        y2  area2          x3        y3  area3          x4         y4  area4         x5       y5  area5          x6         y6  area6
range  312.566222  0.628143  112.0  232.315501  4.922564  103.0  172.388911  7.069778   75.0  292.992415  17.258766  111.0  124.61238  9.74037   54.0  312.586931  30.047842  102.0
FAILURE!!!! Some beads might have been misidentified
Residual vector length: 648, Jacobian shape: (648, 6)
view   0 | SOD= 565.828 mm | SDD= 721.227 mm | M= 1.275 | incident=3.3432°
[[  57.23407    -562.22864     -28.002851  ]
 [ -18.485113    153.89679      11.9971485 ]
 [   0.14903043    0.01304194    0.        ]
 [   0.            0.            0.1496    ]]
               x1        y1  area1          x2        y2  area2          x3        y3  area3          x4         y4  area4          x5       y5  area5          x6         y6  area6
range  312.974459  0.666357  108.0  232.415453  4.904535  100.0  172.262402  7.107908   75.0  292.800397  17.275919  112.0  124.595666  9.66499   53.0  312.847524  30.071044  100.0
FAILURE!!!! Some beads might have been misidentified

iter 42 cost=2.503498 -> 2.598168 |dtheta|=6.636804e-03  lambda=3.906e-01

============================================================
Iteration 43
============================================================
Theta offsets (Unity frame):
  Source   : dSx=   0.000, dSy=   0.000, dSz=   0.000  (mm)
  Object   : dOx=  -6.001, dOy=  -6.003, dOz= -11.921  (mm)
  Object offset: offset_x=  -0.002, offset_z=   0.005  (mm)
  Detector : dDx=   0.000, dDy=   0.000, dDz=   0.000  (mm)
  Obj Stage rotY :    5.000 deg
============================================================

Unity geometry (world coordinates):
  Source   : x=   8.000, y=  50.000, z=   0.000
  Object   : x=  -0.001, y=  21.997, z= 565.079
  Detector : x=  -5.000, y=  10.000, z= 720.000
  Obj rotY :   0.0000 deg
view   0 | SOD= 565.834 mm | SDD= 721.227 mm | M= 1.275 | incident=3.3432°
[[  57.21849    -562.23645     -28.00346   ]
 [ -18.478657    153.89131      11.99654   ]
 [   0.14903082    0.01303735    0.        ]
 [   0.            0.            0.1496    ]]
               x1        y1  area1          x2        y2  area2          x3        y3  area3          x4         y4  area4          x5       y5  area5          x6         y6  area6
range  312.974459  0.653933  109.0  232.415453  4.904535  100.0  172.262402  7.107908   75.0  292.800397  17.275919  110.0  124.569804  9.66499   53.0  312.824509  30.071044  100.0
FAILURE!!!! Some beads might have been misidentified
               x1        y1  area1          x2        y2  area2          x3       y3  area3          x4         y4  area4          x5        y5  area5          x6         y6  area6
range  312.898157  0.597875  116.0  232.501458  4.922237  101.0  172.212736  7.12559   77.0  292.864494  17.339268  110.0  124.666406  9.736122   51.0  312.975351  30.097557  100.0
FAILURE!!!! Some beads might have been misidentified
               x1        y1  area1         x2        y2  area2          x3        y3  area3          x4         y4  area4          x5       y5  area5          x6         y6  area6
range  312.884829  0.581878  100.0  232.47595  4.932995  101.0  172.171814  7.049612   75.0  292.869979  17.271988  116.0  124.484098  9.63316   56.0  312.752716  30.074868   94.0
FAILURE!!!! Some beads might have been misidentified
               x1        y1  area1          x2        y2  area2          x3       y3  area3          x4        y4  area4          x5        y5  area5          x6         y6  area6
range  312.870044  0.657057  112.0  232.421202  4.904009   97.0  172.259522  7.02434   78.0  292.779231  17.24509  109.0  124.638117  9.741712   60.0  312.935129  30.073125  100.0
FAILURE!!!! Some beads might have been misidentified
               x1        y1  area1          x2        y2  area2          x3        y3  area3          x4        y4  area4          x5        y5  area5          x6         y6  area6
range  312.973823  0.588975  105.0  232.420384  5.047767  104.0  172.327365  7.039737   73.0  292.779461  17.32219  119.0  124.585444  9.690069   51.0  312.862572  30.120154   93.0
FAILURE!!!! Some beads might have been misidentified
               x1        y1  area1          x2        y2  area2          x3        y3  area3          x4         y4  area4         x5        y5  area5          x6         y6  area6
range  312.974459  0.653933  109.0  232.415453  4.904535  100.0  172.262402  7.107908   75.0  292.774766  17.275919  108.0  124.57604  9.684009   53.0  312.813336  30.077997  100.0
FAILURE!!!! Some beads might have been misidentified
               x1        y1  area1          x2        y2  area2          x3        y3  area3          x4         y4  area4          x5       y5  area5          x6         y6  area6
range  312.974459  0.653933  109.0  232.415453  4.922808  100.0  172.262402  7.129719   75.0  292.800397  17.284297  112.0  124.589408  9.66499   52.0  312.824509  30.071044  100.0
FAILURE!!!! Some beads might have been misidentified
               x1        y1  area1          x2        y2  area2          x3       y3  area3          x4         y4  area4          x5       y5  area5          x6         y6  area6
range  312.974459  0.644175  107.0  232.415453  4.915805  103.0  172.254792  7.10087   75.0  292.774766  17.278251  110.0  124.569804  9.66499   53.0  312.824509  30.077997  100.0
FAILURE!!!! Some beads might have been misidentified
               x1        y1  area1          x2        y2  area2          x3        y3  area3          x4        y4  area4         x5        y5  area5          x6         y6  area6
range  312.900097  0.622354  108.0  232.415453  4.943948  100.0  172.262402  7.089117   76.0  292.800397  17.27019  109.0  124.57604  9.706517   55.0  312.923385  30.047842  101.0
FAILURE!!!! Some beads might have been misidentified
               x1        y1  area1          x2        y2  area2          x3        y3  area3          x4         y4  area4          x5       y5  area5          x6         y6  area6
range  312.987707  0.581654  107.0  232.332085  4.943699   96.0  172.026916  7.069778   74.0  292.821755  17.297256  115.0  124.750078  9.66499   52.0  312.963855  30.026328   94.0
FAILURE!!!! Some beads might have been misidentified
               x1        y1  area1          x2        y2  area2          x3        y3  area3          x4        y4  area4          x5        y5  area5          x6         y6  area6
range  312.882569  0.595311  107.0  232.580846  4.921739  104.0  172.416107  7.110989   79.0  292.778113  17.30703  112.0  124.473661  9.716913   53.0  312.790786  30.124202  100.0
FAILURE!!!! Some beads might have been misidentified
               x1        y1  area1          x2        y2  area2          x3        y3  area3          x4         y4  area4         x5        y5  area5          x6         y6  area6
range  313.237179  0.631331  107.0  232.627753  4.943699  100.0  171.956795  7.110989   76.0  292.742058  17.278251  110.0  124.57604  9.650639   54.0  313.133426  30.071044  100.0
FAILURE!!!! Some beads might have been misidentified
               x1        y1  area1          x2        y2  area2          x3        y3  area3          x4         y4  area4         x5       y5  area5          x6         y6  area6
range  312.566222  0.628143  112.0  232.315501  4.922564  103.0  172.388911  7.069778   75.0  292.992415  17.258766  111.0  124.61238  9.74037   54.0  312.586931  30.047842  102.0
FAILURE!!!! Some beads might have been misidentified
Residual vector length: 648, Jacobian shape: (648, 6)
view   0 | SOD= 565.828 mm | SDD= 721.227 mm | M= 1.275 | incident=3.3432°
[[  57.234047   -562.22864     -28.002853  ]
 [ -18.485107    153.89679      11.997147  ]
 [   0.14903043    0.01304193    0.        ]
 [   0.            0.            0.1496    ]]
               x1        y1  area1          x2        y2  area2          x3        y3  area3          x4         y4  area4          x5       y5  area5          x6         y6  area6
range  312.974459  0.666357  108.0  232.415453  4.904535  100.0  172.262402  7.107908   75.0  292.800397  17.275919  112.0  124.595666  9.66499   53.0  312.847524  30.071044  100.0
FAILURE!!!! Some beads might have been misidentified

iter 43 cost=2.503498 -> 2.583546 |dtheta|=6.621698e-03  lambda=1.953e+00

============================================================
Iteration 44
============================================================
Theta offsets (Unity frame):
  Source   : dSx=   0.000, dSy=   0.000, dSz=   0.000  (mm)
  Object   : dOx=  -6.001, dOy=  -6.003, dOz= -11.921  (mm)
  Object offset: offset_x=  -0.002, offset_z=   0.005  (mm)
  Detector : dDx=   0.000, dDy=   0.000, dDz=   0.000  (mm)
  Obj Stage rotY :    5.000 deg
============================================================

Unity geometry (world coordinates):
  Source   : x=   8.000, y=  50.000, z=   0.000
  Object   : x=  -0.001, y=  21.997, z= 565.079
  Detector : x=  -5.000, y=  10.000, z= 720.000
  Obj rotY :   0.0000 deg
view   0 | SOD= 565.834 mm | SDD= 721.227 mm | M= 1.275 | incident=3.3432°
[[  57.21849    -562.23645     -28.00346   ]
 [ -18.478657    153.89131      11.99654   ]
 [   0.14903082    0.01303735    0.        ]
 [   0.            0.            0.1496    ]]
               x1        y1  area1          x2        y2  area2          x3        y3  area3          x4         y4  area4          x5       y5  area5          x6         y6  area6
range  312.974459  0.653933  109.0  232.415453  4.904535  100.0  172.262402  7.107908   75.0  292.800397  17.275919  110.0  124.569804  9.66499   53.0  312.824509  30.071044  100.0
FAILURE!!!! Some beads might have been misidentified
               x1        y1  area1          x2        y2  area2          x3       y3  area3          x4         y4  area4          x5        y5  area5          x6         y6  area6
range  312.898157  0.597875  116.0  232.501458  4.922237  101.0  172.212736  7.12559   77.0  292.864494  17.339268  110.0  124.666406  9.736122   51.0  312.975351  30.097557  100.0
FAILURE!!!! Some beads might have been misidentified
               x1        y1  area1         x2        y2  area2          x3        y3  area3          x4         y4  area4          x5       y5  area5          x6         y6  area6
range  312.884829  0.581878  100.0  232.47595  4.932995  101.0  172.171814  7.049612   75.0  292.869979  17.271988  116.0  124.484098  9.63316   56.0  312.752716  30.074868   94.0
FAILURE!!!! Some beads might have been misidentified
               x1        y1  area1          x2        y2  area2          x3       y3  area3          x4        y4  area4          x5        y5  area5          x6         y6  area6
range  312.870044  0.657057  112.0  232.421202  4.904009   97.0  172.259522  7.02434   78.0  292.779231  17.24509  109.0  124.638117  9.741712   60.0  312.935129  30.073125  100.0
FAILURE!!!! Some beads might have been misidentified
               x1        y1  area1          x2        y2  area2          x3        y3  area3          x4        y4  area4          x5        y5  area5          x6         y6  area6
range  312.973823  0.588975  105.0  232.420384  5.047767  104.0  172.327365  7.039737   73.0  292.779461  17.32219  119.0  124.585444  9.690069   51.0  312.862572  30.120154   93.0
FAILURE!!!! Some beads might have been misidentified
               x1        y1  area1          x2        y2  area2          x3        y3  area3          x4         y4  area4         x5        y5  area5          x6         y6  area6
range  312.974459  0.653933  109.0  232.415453  4.904535  100.0  172.262402  7.107908   75.0  292.774766  17.275919  108.0  124.57604  9.684009   53.0  312.813336  30.077997  100.0
FAILURE!!!! Some beads might have been misidentified
               x1        y1  area1          x2        y2  area2          x3        y3  area3          x4         y4  area4          x5       y5  area5          x6         y6  area6
range  312.974459  0.653933  109.0  232.415453  4.922808  100.0  172.262402  7.129719   75.0  292.800397  17.284297  112.0  124.589408  9.66499   52.0  312.824509  30.071044  100.0
FAILURE!!!! Some beads might have been misidentified
               x1        y1  area1          x2        y2  area2          x3       y3  area3          x4         y4  area4          x5       y5  area5          x6         y6  area6
range  312.974459  0.644175  107.0  232.415453  4.915805  103.0  172.254792  7.10087   75.0  292.774766  17.278251  110.0  124.569804  9.66499   53.0  312.824509  30.077997  100.0
FAILURE!!!! Some beads might have been misidentified
               x1        y1  area1          x2        y2  area2          x3        y3  area3          x4        y4  area4         x5        y5  area5          x6         y6  area6
range  312.900097  0.622354  108.0  232.415453  4.943948  100.0  172.262402  7.089117   76.0  292.800397  17.27019  109.0  124.57604  9.706517   55.0  312.923385  30.047842  101.0
FAILURE!!!! Some beads might have been misidentified
               x1        y1  area1          x2        y2  area2          x3        y3  area3          x4         y4  area4          x5       y5  area5          x6         y6  area6
range  312.987707  0.581654  107.0  232.332085  4.943699   96.0  172.026916  7.069778   74.0  292.821755  17.297256  115.0  124.750078  9.66499   52.0  312.963855  30.026328   94.0
FAILURE!!!! Some beads might have been misidentified
               x1        y1  area1          x2        y2  area2          x3        y3  area3          x4        y4  area4          x5        y5  area5          x6         y6  area6
range  312.882569  0.595311  107.0  232.580846  4.921739  104.0  172.416107  7.110989   79.0  292.778113  17.30703  112.0  124.473661  9.716913   53.0  312.790786  30.124202  100.0
FAILURE!!!! Some beads might have been misidentified
               x1        y1  area1          x2        y2  area2          x3        y3  area3          x4         y4  area4         x5        y5  area5          x6         y6  area6
range  313.237179  0.631331  107.0  232.627753  4.943699  100.0  171.956795  7.110989   76.0  292.742058  17.278251  110.0  124.57604  9.650639   54.0  313.133426  30.071044  100.0
FAILURE!!!! Some beads might have been misidentified
               x1        y1  area1          x2        y2  area2          x3        y3  area3          x4         y4  area4         x5       y5  area5          x6         y6  area6
range  312.566222  0.628143  112.0  232.315501  4.922564  103.0  172.388911  7.069778   75.0  292.992415  17.258766  111.0  124.61238  9.74037   54.0  312.586931  30.047842  102.0
FAILURE!!!! Some beads might have been misidentified
Residual vector length: 648, Jacobian shape: (648, 6)
view   0 | SOD= 565.828 mm | SDD= 721.227 mm | M= 1.275 | incident=3.3432°
[[  57.23395    -562.2287      -28.002857  ]
 [ -18.485073    153.89673      11.997143  ]
 [   0.14903043    0.0130419     0.        ]
 [   0.            0.            0.1496    ]]
               x1        y1  area1          x2        y2  area2          x3        y3  area3          x4         y4  area4          x5       y5  area5          x6         y6  area6
range  312.974459  0.666357  108.0  232.415453  4.904535  100.0  172.262402  7.107908   75.0  292.800397  17.275919  112.0  124.595666  9.66499   53.0  312.847524  30.071044  100.0
FAILURE!!!! Some beads might have been misidentified

iter 44 cost=2.503498 -> 2.598168 |dtheta|=6.547240e-03  lambda=9.766e+00

============================================================
Iteration 45
============================================================
Theta offsets (Unity frame):
  Source   : dSx=   0.000, dSy=   0.000, dSz=   0.000  (mm)
  Object   : dOx=  -6.001, dOy=  -6.003, dOz= -11.921  (mm)
  Object offset: offset_x=  -0.002, offset_z=   0.005  (mm)
  Detector : dDx=   0.000, dDy=   0.000, dDz=   0.000  (mm)
  Obj Stage rotY :    5.000 deg
============================================================

Unity geometry (world coordinates):
  Source   : x=   8.000, y=  50.000, z=   0.000
  Object   : x=  -0.001, y=  21.997, z= 565.079
  Detector : x=  -5.000, y=  10.000, z= 720.000
  Obj rotY :   0.0000 deg
view   0 | SOD= 565.834 mm | SDD= 721.227 mm | M= 1.275 | incident=3.3432°
[[  57.21849    -562.23645     -28.00346   ]
 [ -18.478657    153.89131      11.99654   ]
 [   0.14903082    0.01303735    0.        ]
 [   0.            0.            0.1496    ]]
               x1        y1  area1          x2        y2  area2          x3        y3  area3          x4         y4  area4          x5       y5  area5          x6         y6  area6
range  312.974459  0.653933  109.0  232.415453  4.904535  100.0  172.262402  7.107908   75.0  292.800397  17.275919  110.0  124.569804  9.66499   53.0  312.824509  30.071044  100.0
FAILURE!!!! Some beads might have been misidentified
               x1        y1  area1          x2        y2  area2          x3       y3  area3          x4         y4  area4          x5        y5  area5          x6         y6  area6
range  312.898157  0.597875  116.0  232.501458  4.922237  101.0  172.212736  7.12559   77.0  292.864494  17.339268  110.0  124.666406  9.736122   51.0  312.975351  30.097557  100.0
FAILURE!!!! Some beads might have been misidentified
               x1        y1  area1         x2        y2  area2          x3        y3  area3          x4         y4  area4          x5       y5  area5          x6         y6  area6
range  312.884829  0.581878  100.0  232.47595  4.932995  101.0  172.171814  7.049612   75.0  292.869979  17.271988  116.0  124.484098  9.63316   56.0  312.752716  30.074868   94.0
FAILURE!!!! Some beads might have been misidentified
               x1        y1  area1          x2        y2  area2          x3       y3  area3          x4        y4  area4          x5        y5  area5          x6         y6  area6
range  312.870044  0.657057  112.0  232.421202  4.904009   97.0  172.259522  7.02434   78.0  292.779231  17.24509  109.0  124.638117  9.741712   60.0  312.935129  30.073125  100.0
FAILURE!!!! Some beads might have been misidentified
               x1        y1  area1          x2        y2  area2          x3        y3  area3          x4        y4  area4          x5        y5  area5          x6         y6  area6
range  312.973823  0.588975  105.0  232.420384  5.047767  104.0  172.327365  7.039737   73.0  292.779461  17.32219  119.0  124.585444  9.690069   51.0  312.862572  30.120154   93.0
FAILURE!!!! Some beads might have been misidentified
               x1        y1  area1          x2        y2  area2          x3        y3  area3          x4         y4  area4         x5        y5  area5          x6         y6  area6
range  312.974459  0.653933  109.0  232.415453  4.904535  100.0  172.262402  7.107908   75.0  292.774766  17.275919  108.0  124.57604  9.684009   53.0  312.813336  30.077997  100.0
FAILURE!!!! Some beads might have been misidentified
               x1        y1  area1          x2        y2  area2          x3        y3  area3          x4         y4  area4          x5       y5  area5          x6         y6  area6
range  312.974459  0.653933  109.0  232.415453  4.922808  100.0  172.262402  7.129719   75.0  292.800397  17.284297  112.0  124.589408  9.66499   52.0  312.824509  30.071044  100.0
FAILURE!!!! Some beads might have been misidentified
               x1        y1  area1          x2        y2  area2          x3       y3  area3          x4         y4  area4          x5       y5  area5          x6         y6  area6
range  312.974459  0.644175  107.0  232.415453  4.915805  103.0  172.254792  7.10087   75.0  292.774766  17.278251  110.0  124.569804  9.66499   53.0  312.824509  30.077997  100.0
FAILURE!!!! Some beads might have been misidentified
               x1        y1  area1          x2        y2  area2          x3        y3  area3          x4        y4  area4         x5        y5  area5          x6         y6  area6
range  312.900097  0.622354  108.0  232.415453  4.943948  100.0  172.262402  7.089117   76.0  292.800397  17.27019  109.0  124.57604  9.706517   55.0  312.923385  30.047842  101.0
FAILURE!!!! Some beads might have been misidentified
               x1        y1  area1          x2        y2  area2          x3        y3  area3          x4         y4  area4          x5       y5  area5          x6         y6  area6
range  312.987707  0.581654  107.0  232.332085  4.943699   96.0  172.026916  7.069778   74.0  292.821755  17.297256  115.0  124.750078  9.66499   52.0  312.963855  30.026328   94.0
FAILURE!!!! Some beads might have been misidentified
               x1        y1  area1          x2        y2  area2          x3        y3  area3          x4        y4  area4          x5        y5  area5          x6         y6  area6
range  312.882569  0.595311  107.0  232.580846  4.921739  104.0  172.416107  7.110989   79.0  292.778113  17.30703  112.0  124.473661  9.716913   53.0  312.790786  30.124202  100.0
FAILURE!!!! Some beads might have been misidentified
               x1        y1  area1          x2        y2  area2          x3        y3  area3          x4         y4  area4         x5        y5  area5          x6         y6  area6
range  313.237179  0.631331  107.0  232.627753  4.943699  100.0  171.956795  7.110989   76.0  292.742058  17.278251  110.0  124.57604  9.650639   54.0  313.133426  30.071044  100.0
FAILURE!!!! Some beads might have been misidentified
               x1        y1  area1          x2        y2  area2          x3        y3  area3          x4         y4  area4         x5       y5  area5          x6         y6  area6
range  312.566222  0.628143  112.0  232.315501  4.922564  103.0  172.388911  7.069778   75.0  292.992415  17.258766  111.0  124.61238  9.74037   54.0  312.586931  30.047842  102.0
FAILURE!!!! Some beads might have been misidentified
Residual vector length: 648, Jacobian shape: (648, 6)
view   0 | SOD= 565.828 mm | SDD= 721.227 mm | M= 1.275 | incident=3.3432°
[[  57.233494   -562.2291      -28.002872  ]
 [ -18.484896    153.89638      11.997128  ]
 [   0.14903045    0.01304177    0.        ]
 [   0.            0.            0.1496    ]]
               x1        y1  area1          x2        y2  area2          x3        y3  area3          x4         y4  area4          x5       y5  area5          x6         y6  area6
range  312.974459  0.653529  108.0  232.415453  4.904535  100.0  172.262402  7.107908   75.0  292.784061  17.275919  112.0  124.595666  9.66499   53.0  312.847524  30.071044  100.0
FAILURE!!!! Some beads might have been misidentified

iter 45 cost=2.503498 -> 2.612194 |dtheta|=6.199855e-03  lambda=4.883e+01

============================================================
Iteration 46
============================================================
Theta offsets (Unity frame):
  Source   : dSx=   0.000, dSy=   0.000, dSz=   0.000  (mm)
  Object   : dOx=  -6.001, dOy=  -6.003, dOz= -11.921  (mm)
  Object offset: offset_x=  -0.002, offset_z=   0.005  (mm)
  Detector : dDx=   0.000, dDy=   0.000, dDz=   0.000  (mm)
  Obj Stage rotY :    5.000 deg
============================================================

Unity geometry (world coordinates):
  Source   : x=   8.000, y=  50.000, z=   0.000
  Object   : x=  -0.001, y=  21.997, z= 565.079
  Detector : x=  -5.000, y=  10.000, z= 720.000
  Obj rotY :   0.0000 deg
view   0 | SOD= 565.834 mm | SDD= 721.227 mm | M= 1.275 | incident=3.3432°
[[  57.21849    -562.23645     -28.00346   ]
 [ -18.478657    153.89131      11.99654   ]
 [   0.14903082    0.01303735    0.        ]
 [   0.            0.            0.1496    ]]
               x1        y1  area1          x2        y2  area2          x3        y3  area3          x4         y4  area4          x5       y5  area5          x6         y6  area6
range  312.974459  0.653933  109.0  232.415453  4.904535  100.0  172.262402  7.107908   75.0  292.800397  17.275919  110.0  124.569804  9.66499   53.0  312.824509  30.071044  100.0
FAILURE!!!! Some beads might have been misidentified
               x1        y1  area1          x2        y2  area2          x3       y3  area3          x4         y4  area4          x5        y5  area5          x6         y6  area6
range  312.898157  0.597875  116.0  232.501458  4.922237  101.0  172.212736  7.12559   77.0  292.864494  17.339268  110.0  124.666406  9.736122   51.0  312.975351  30.097557  100.0
FAILURE!!!! Some beads might have been misidentified
               x1        y1  area1         x2        y2  area2          x3        y3  area3          x4         y4  area4          x5       y5  area5          x6         y6  area6
range  312.884829  0.581878  100.0  232.47595  4.932995  101.0  172.171814  7.049612   75.0  292.869979  17.271988  116.0  124.484098  9.63316   56.0  312.752716  30.074868   94.0
FAILURE!!!! Some beads might have been misidentified
               x1        y1  area1          x2        y2  area2          x3       y3  area3          x4        y4  area4          x5        y5  area5          x6         y6  area6
range  312.870044  0.657057  112.0  232.421202  4.904009   97.0  172.259522  7.02434   78.0  292.779231  17.24509  109.0  124.638117  9.741712   60.0  312.935129  30.073125  100.0
FAILURE!!!! Some beads might have been misidentified
               x1        y1  area1          x2        y2  area2          x3        y3  area3          x4        y4  area4          x5        y5  area5          x6         y6  area6
range  312.973823  0.588975  105.0  232.420384  5.047767  104.0  172.327365  7.039737   73.0  292.779461  17.32219  119.0  124.585444  9.690069   51.0  312.862572  30.120154   93.0
FAILURE!!!! Some beads might have been misidentified
               x1        y1  area1          x2        y2  area2          x3        y3  area3          x4         y4  area4         x5        y5  area5          x6         y6  area6
range  312.974459  0.653933  109.0  232.415453  4.904535  100.0  172.262402  7.107908   75.0  292.774766  17.275919  108.0  124.57604  9.684009   53.0  312.813336  30.077997  100.0
FAILURE!!!! Some beads might have been misidentified
               x1        y1  area1          x2        y2  area2          x3        y3  area3          x4         y4  area4          x5       y5  area5          x6         y6  area6
range  312.974459  0.653933  109.0  232.415453  4.922808  100.0  172.262402  7.129719   75.0  292.800397  17.284297  112.0  124.589408  9.66499   52.0  312.824509  30.071044  100.0
FAILURE!!!! Some beads might have been misidentified
               x1        y1  area1          x2        y2  area2          x3       y3  area3          x4         y4  area4          x5       y5  area5          x6         y6  area6
range  312.974459  0.644175  107.0  232.415453  4.915805  103.0  172.254792  7.10087   75.0  292.774766  17.278251  110.0  124.569804  9.66499   53.0  312.824509  30.077997  100.0
FAILURE!!!! Some beads might have been misidentified
               x1        y1  area1          x2        y2  area2          x3        y3  area3          x4        y4  area4         x5        y5  area5          x6         y6  area6
range  312.900097  0.622354  108.0  232.415453  4.943948  100.0  172.262402  7.089117   76.0  292.800397  17.27019  109.0  124.57604  9.706517   55.0  312.923385  30.047842  101.0
FAILURE!!!! Some beads might have been misidentified
               x1        y1  area1          x2        y2  area2          x3        y3  area3          x4         y4  area4          x5       y5  area5          x6         y6  area6
range  312.987707  0.581654  107.0  232.332085  4.943699   96.0  172.026916  7.069778   74.0  292.821755  17.297256  115.0  124.750078  9.66499   52.0  312.963855  30.026328   94.0
FAILURE!!!! Some beads might have been misidentified
               x1        y1  area1          x2        y2  area2          x3        y3  area3          x4        y4  area4          x5        y5  area5          x6         y6  area6
range  312.882569  0.595311  107.0  232.580846  4.921739  104.0  172.416107  7.110989   79.0  292.778113  17.30703  112.0  124.473661  9.716913   53.0  312.790786  30.124202  100.0
FAILURE!!!! Some beads might have been misidentified
               x1        y1  area1          x2        y2  area2          x3        y3  area3          x4         y4  area4         x5        y5  area5          x6         y6  area6
range  313.237179  0.631331  107.0  232.627753  4.943699  100.0  171.956795  7.110989   76.0  292.742058  17.278251  110.0  124.57604  9.650639   54.0  313.133426  30.071044  100.0
FAILURE!!!! Some beads might have been misidentified
               x1        y1  area1          x2        y2  area2          x3        y3  area3          x4         y4  area4         x5       y5  area5          x6         y6  area6
range  312.566222  0.628143  112.0  232.315501  4.922564  103.0  172.388911  7.069778   75.0  292.992415  17.258766  111.0  124.61238  9.74037   54.0  312.586931  30.047842  102.0
FAILURE!!!! Some beads might have been misidentified
Residual vector length: 648, Jacobian shape: (648, 6)
view   0 | SOD= 565.829 mm | SDD= 721.227 mm | M= 1.275 | incident=3.3432°
[[  57.231636   -562.2306      -28.002937  ]
 [ -18.484196    153.89517      11.997063  ]
 [   0.14903049    0.01304124    0.        ]
 [   0.            0.            0.1496    ]]
               x1        y1  area1          x2       y2  area2          x3        y3  area3          x4         y4  area4          x5       y5  area5          x6         y6  area6
range  312.974459  0.666357  108.0  232.415453  4.91109  100.0  172.272798  7.107908   75.0  292.784061  17.275919  112.0  124.595666  9.66499   58.0  312.847524  30.071044  100.0
FAILURE!!!! Some beads might have been misidentified

iter 46 cost=2.503498 -> 2.545936 |dtheta|=4.917678e-03  lambda=2.441e+02

============================================================
Iteration 47
============================================================
Theta offsets (Unity frame):
  Source   : dSx=   0.000, dSy=   0.000, dSz=   0.000  (mm)
  Object   : dOx=  -6.001, dOy=  -6.003, dOz= -11.921  (mm)
  Object offset: offset_x=  -0.002, offset_z=   0.005  (mm)
  Detector : dDx=   0.000, dDy=   0.000, dDz=   0.000  (mm)
  Obj Stage rotY :    5.000 deg
============================================================

Unity geometry (world coordinates):
  Source   : x=   8.000, y=  50.000, z=   0.000
  Object   : x=  -0.001, y=  21.997, z= 565.079
  Detector : x=  -5.000, y=  10.000, z= 720.000
  Obj rotY :   0.0000 deg
view   0 | SOD= 565.834 mm | SDD= 721.227 mm | M= 1.275 | incident=3.3432°
[[  57.21849    -562.23645     -28.00346   ]
 [ -18.478657    153.89131      11.99654   ]
 [   0.14903082    0.01303735    0.        ]
 [   0.            0.            0.1496    ]]
               x1        y1  area1          x2        y2  area2          x3        y3  area3          x4         y4  area4          x5       y5  area5          x6         y6  area6
range  312.974459  0.653933  109.0  232.415453  4.904535  100.0  172.262402  7.107908   75.0  292.800397  17.275919  110.0  124.569804  9.66499   53.0  312.824509  30.071044  100.0
FAILURE!!!! Some beads might have been misidentified
               x1        y1  area1          x2        y2  area2          x3       y3  area3          x4         y4  area4          x5        y5  area5          x6         y6  area6
range  312.898157  0.597875  116.0  232.501458  4.922237  101.0  172.212736  7.12559   77.0  292.864494  17.339268  110.0  124.666406  9.736122   51.0  312.975351  30.097557  100.0
FAILURE!!!! Some beads might have been misidentified
               x1        y1  area1         x2        y2  area2          x3        y3  area3          x4         y4  area4          x5       y5  area5          x6         y6  area6
range  312.884829  0.581878  100.0  232.47595  4.932995  101.0  172.171814  7.049612   75.0  292.869979  17.271988  116.0  124.484098  9.63316   56.0  312.752716  30.074868   94.0
FAILURE!!!! Some beads might have been misidentified
               x1        y1  area1          x2        y2  area2          x3       y3  area3          x4        y4  area4          x5        y5  area5          x6         y6  area6
range  312.870044  0.657057  112.0  232.421202  4.904009   97.0  172.259522  7.02434   78.0  292.779231  17.24509  109.0  124.638117  9.741712   60.0  312.935129  30.073125  100.0
FAILURE!!!! Some beads might have been misidentified
               x1        y1  area1          x2        y2  area2          x3        y3  area3          x4        y4  area4          x5        y5  area5          x6         y6  area6
range  312.973823  0.588975  105.0  232.420384  5.047767  104.0  172.327365  7.039737   73.0  292.779461  17.32219  119.0  124.585444  9.690069   51.0  312.862572  30.120154   93.0
FAILURE!!!! Some beads might have been misidentified
               x1        y1  area1          x2        y2  area2          x3        y3  area3          x4         y4  area4         x5        y5  area5          x6         y6  area6
range  312.974459  0.653933  109.0  232.415453  4.904535  100.0  172.262402  7.107908   75.0  292.774766  17.275919  108.0  124.57604  9.684009   53.0  312.813336  30.077997  100.0
FAILURE!!!! Some beads might have been misidentified
               x1        y1  area1          x2        y2  area2          x3        y3  area3          x4         y4  area4          x5       y5  area5          x6         y6  area6
range  312.974459  0.653933  109.0  232.415453  4.922808  100.0  172.262402  7.129719   75.0  292.800397  17.284297  112.0  124.589408  9.66499   52.0  312.824509  30.071044  100.0
FAILURE!!!! Some beads might have been misidentified
               x1        y1  area1          x2        y2  area2          x3       y3  area3          x4         y4  area4          x5       y5  area5          x6         y6  area6
range  312.974459  0.644175  107.0  232.415453  4.915805  103.0  172.254792  7.10087   75.0  292.774766  17.278251  110.0  124.569804  9.66499   53.0  312.824509  30.077997  100.0
FAILURE!!!! Some beads might have been misidentified
               x1        y1  area1          x2        y2  area2          x3        y3  area3          x4        y4  area4         x5        y5  area5          x6         y6  area6
range  312.900097  0.622354  108.0  232.415453  4.943948  100.0  172.262402  7.089117   76.0  292.800397  17.27019  109.0  124.57604  9.706517   55.0  312.923385  30.047842  101.0
FAILURE!!!! Some beads might have been misidentified
               x1        y1  area1          x2        y2  area2          x3        y3  area3          x4         y4  area4          x5       y5  area5          x6         y6  area6
range  312.987707  0.581654  107.0  232.332085  4.943699   96.0  172.026916  7.069778   74.0  292.821755  17.297256  115.0  124.750078  9.66499   52.0  312.963855  30.026328   94.0
FAILURE!!!! Some beads might have been misidentified
               x1        y1  area1          x2        y2  area2          x3        y3  area3          x4        y4  area4          x5        y5  area5          x6         y6  area6
range  312.882569  0.595311  107.0  232.580846  4.921739  104.0  172.416107  7.110989   79.0  292.778113  17.30703  112.0  124.473661  9.716913   53.0  312.790786  30.124202  100.0
FAILURE!!!! Some beads might have been misidentified
               x1        y1  area1          x2        y2  area2          x3        y3  area3          x4         y4  area4         x5        y5  area5          x6         y6  area6
range  313.237179  0.631331  107.0  232.627753  4.943699  100.0  171.956795  7.110989   76.0  292.742058  17.278251  110.0  124.57604  9.650639   54.0  313.133426  30.071044  100.0
FAILURE!!!! Some beads might have been misidentified
               x1        y1  area1          x2        y2  area2          x3        y3  area3          x4         y4  area4         x5       y5  area5          x6         y6  area6
range  312.566222  0.628143  112.0  232.315501  4.922564  103.0  172.388911  7.069778   75.0  292.992415  17.258766  111.0  124.61238  9.74037   54.0  312.586931  30.047842  102.0
FAILURE!!!! Some beads might have been misidentified
Residual vector length: 648, Jacobian shape: (648, 6)
view   0 | SOD= 565.832 mm | SDD= 721.227 mm | M= 1.275 | incident=3.3432°
[[  57.226902   -562.2336      -28.003067  ]
 [ -18.482473    153.89285      11.996933  ]
 [   0.14903061    0.0130399     0.        ]
 [   0.            0.            0.1496    ]]
               x1        y1  area1          x2        y2  area2          x3        y3  area3          x4         y4  area4          x5       y5  area5          x6         y6  area6
range  312.974459  0.653933  109.0  232.415453  4.950503  100.0  172.272798  7.107908   75.0  292.784061  17.275919  112.0  124.595666  9.66499   58.0  312.847524  30.071044  100.0
FAILURE!!!! Some beads might have been misidentified

iter 47 cost=2.503498 -> 2.531369 |dtheta|=2.524341e-03  lambda=1.221e+03

============================================================
Iteration 48
============================================================
Theta offsets (Unity frame):
  Source   : dSx=   0.000, dSy=   0.000, dSz=   0.000  (mm)
  Object   : dOx=  -6.001, dOy=  -6.003, dOz= -11.921  (mm)
  Object offset: offset_x=  -0.002, offset_z=   0.005  (mm)
  Detector : dDx=   0.000, dDy=   0.000, dDz=   0.000  (mm)
  Obj Stage rotY :    5.000 deg
============================================================

Unity geometry (world coordinates):
  Source   : x=   8.000, y=  50.000, z=   0.000
  Object   : x=  -0.001, y=  21.997, z= 565.079
  Detector : x=  -5.000, y=  10.000, z= 720.000
  Obj rotY :   0.0000 deg
view   0 | SOD= 565.834 mm | SDD= 721.227 mm | M= 1.275 | incident=3.3432°
[[  57.21849    -562.23645     -28.00346   ]
 [ -18.478657    153.89131      11.99654   ]
 [   0.14903082    0.01303735    0.        ]
 [   0.            0.            0.1496    ]]
               x1        y1  area1          x2        y2  area2          x3        y3  area3          x4         y4  area4          x5       y5  area5          x6         y6  area6
range  312.974459  0.653933  109.0  232.415453  4.904535  100.0  172.262402  7.107908   75.0  292.800397  17.275919  110.0  124.569804  9.66499   53.0  312.824509  30.071044  100.0
FAILURE!!!! Some beads might have been misidentified
               x1        y1  area1          x2        y2  area2          x3       y3  area3          x4         y4  area4          x5        y5  area5          x6         y6  area6
range  312.898157  0.597875  116.0  232.501458  4.922237  101.0  172.212736  7.12559   77.0  292.864494  17.339268  110.0  124.666406  9.736122   51.0  312.975351  30.097557  100.0
FAILURE!!!! Some beads might have been misidentified
               x1        y1  area1         x2        y2  area2          x3        y3  area3          x4         y4  area4          x5       y5  area5          x6         y6  area6
range  312.884829  0.581878  100.0  232.47595  4.932995  101.0  172.171814  7.049612   75.0  292.869979  17.271988  116.0  124.484098  9.63316   56.0  312.752716  30.074868   94.0
FAILURE!!!! Some beads might have been misidentified
               x1        y1  area1          x2        y2  area2          x3       y3  area3          x4        y4  area4          x5        y5  area5          x6         y6  area6
range  312.870044  0.657057  112.0  232.421202  4.904009   97.0  172.259522  7.02434   78.0  292.779231  17.24509  109.0  124.638117  9.741712   60.0  312.935129  30.073125  100.0
FAILURE!!!! Some beads might have been misidentified
               x1        y1  area1          x2        y2  area2          x3        y3  area3          x4        y4  area4          x5        y5  area5          x6         y6  area6
range  312.973823  0.588975  105.0  232.420384  5.047767  104.0  172.327365  7.039737   73.0  292.779461  17.32219  119.0  124.585444  9.690069   51.0  312.862572  30.120154   93.0
FAILURE!!!! Some beads might have been misidentified
               x1        y1  area1          x2        y2  area2          x3        y3  area3          x4         y4  area4         x5        y5  area5          x6         y6  area6
range  312.974459  0.653933  109.0  232.415453  4.904535  100.0  172.262402  7.107908   75.0  292.774766  17.275919  108.0  124.57604  9.684009   53.0  312.813336  30.077997  100.0
FAILURE!!!! Some beads might have been misidentified
               x1        y1  area1          x2        y2  area2          x3        y3  area3          x4         y4  area4          x5       y5  area5          x6         y6  area6
range  312.974459  0.653933  109.0  232.415453  4.922808  100.0  172.262402  7.129719   75.0  292.800397  17.284297  112.0  124.589408  9.66499   52.0  312.824509  30.071044  100.0
FAILURE!!!! Some beads might have been misidentified
               x1        y1  area1          x2        y2  area2          x3       y3  area3          x4         y4  area4          x5       y5  area5          x6         y6  area6
range  312.974459  0.644175  107.0  232.415453  4.915805  103.0  172.254792  7.10087   75.0  292.774766  17.278251  110.0  124.569804  9.66499   53.0  312.824509  30.077997  100.0
FAILURE!!!! Some beads might have been misidentified
               x1        y1  area1          x2        y2  area2          x3        y3  area3          x4        y4  area4         x5        y5  area5          x6         y6  area6
range  312.900097  0.622354  108.0  232.415453  4.943948  100.0  172.262402  7.089117   76.0  292.800397  17.27019  109.0  124.57604  9.706517   55.0  312.923385  30.047842  101.0
FAILURE!!!! Some beads might have been misidentified
               x1        y1  area1          x2        y2  area2          x3        y3  area3          x4         y4  area4          x5       y5  area5          x6         y6  area6
range  312.987707  0.581654  107.0  232.332085  4.943699   96.0  172.026916  7.069778   74.0  292.821755  17.297256  115.0  124.750078  9.66499   52.0  312.963855  30.026328   94.0
FAILURE!!!! Some beads might have been misidentified
               x1        y1  area1          x2        y2  area2          x3        y3  area3          x4        y4  area4          x5        y5  area5          x6         y6  area6
range  312.882569  0.595311  107.0  232.580846  4.921739  104.0  172.416107  7.110989   79.0  292.778113  17.30703  112.0  124.473661  9.716913   53.0  312.790786  30.124202  100.0
FAILURE!!!! Some beads might have been misidentified
               x1        y1  area1          x2        y2  area2          x3        y3  area3          x4         y4  area4         x5        y5  area5          x6         y6  area6
range  313.237179  0.631331  107.0  232.627753  4.943699  100.0  171.956795  7.110989   76.0  292.742058  17.278251  110.0  124.57604  9.650639   54.0  313.133426  30.071044  100.0
FAILURE!!!! Some beads might have been misidentified
               x1        y1  area1          x2        y2  area2          x3        y3  area3          x4         y4  area4         x5       y5  area5          x6         y6  area6
range  312.566222  0.628143  112.0  232.315501  4.922564  103.0  172.388911  7.069778   75.0  292.992415  17.258766  111.0  124.61238  9.74037   54.0  312.586931  30.047842  102.0
FAILURE!!!! Some beads might have been misidentified
Residual vector length: 648, Jacobian shape: (648, 6)
view   0 | SOD= 565.833 mm | SDD= 721.227 mm | M= 1.275 | incident=3.3432°
[[  57.22138    -562.2357      -28.003204  ]
 [ -18.480442    153.89156      11.996796  ]
 [   0.14903075    0.01303832    0.        ]
 [   0.            0.            0.1496    ]]
               x1        y1  area1          x2        y2  area2          x3        y3  area3          x4         y4  area4          x5       y5  area5          x6         y6  area6
range  312.974459  0.653933  109.0  232.415453  4.939025  100.0  172.262402  7.107908   75.0  292.784061  17.275919  112.0  124.595666  9.66499   53.0  312.847524  30.071044  100.0
FAILURE!!!! Some beads might have been misidentified

iter 48 cost=2.503498 -> 2.556180 |dtheta|=9.227094e-04  lambda=6.104e+03

============================================================
Iteration 49
============================================================
Theta offsets (Unity frame):
  Source   : dSx=   0.000, dSy=   0.000, dSz=   0.000  (mm)
  Object   : dOx=  -6.001, dOy=  -6.003, dOz= -11.921  (mm)
  Object offset: offset_x=  -0.002, offset_z=   0.005  (mm)
  Detector : dDx=   0.000, dDy=   0.000, dDz=   0.000  (mm)
  Obj Stage rotY :    5.000 deg
============================================================

Unity geometry (world coordinates):
  Source   : x=   8.000, y=  50.000, z=   0.000
  Object   : x=  -0.001, y=  21.997, z= 565.079
  Detector : x=  -5.000, y=  10.000, z= 720.000
  Obj rotY :   0.0000 deg
view   0 | SOD= 565.834 mm | SDD= 721.227 mm | M= 1.275 | incident=3.3432°
[[  57.21849    -562.23645     -28.00346   ]
 [ -18.478657    153.89131      11.99654   ]
 [   0.14903082    0.01303735    0.        ]
 [   0.            0.            0.1496    ]]
               x1        y1  area1          x2        y2  area2          x3        y3  area3          x4         y4  area4          x5       y5  area5          x6         y6  area6
range  312.974459  0.653933  109.0  232.415453  4.904535  100.0  172.262402  7.107908   75.0  292.800397  17.275919  110.0  124.569804  9.66499   53.0  312.824509  30.071044  100.0
FAILURE!!!! Some beads might have been misidentified
               x1        y1  area1          x2        y2  area2          x3       y3  area3          x4         y4  area4          x5        y5  area5          x6         y6  area6
range  312.898157  0.597875  116.0  232.501458  4.922237  101.0  172.212736  7.12559   77.0  292.864494  17.339268  110.0  124.666406  9.736122   51.0  312.975351  30.097557  100.0
FAILURE!!!! Some beads might have been misidentified
               x1        y1  area1         x2        y2  area2          x3        y3  area3          x4         y4  area4          x5       y5  area5          x6         y6  area6
range  312.884829  0.581878  100.0  232.47595  4.932995  101.0  172.171814  7.049612   75.0  292.869979  17.271988  116.0  124.484098  9.63316   56.0  312.752716  30.074868   94.0
FAILURE!!!! Some beads might have been misidentified
               x1        y1  area1          x2        y2  area2          x3       y3  area3          x4        y4  area4          x5        y5  area5          x6         y6  area6
range  312.870044  0.657057  112.0  232.421202  4.904009   97.0  172.259522  7.02434   78.0  292.779231  17.24509  109.0  124.638117  9.741712   60.0  312.935129  30.073125  100.0
FAILURE!!!! Some beads might have been misidentified
               x1        y1  area1          x2        y2  area2          x3        y3  area3          x4        y4  area4          x5        y5  area5          x6         y6  area6
range  312.973823  0.588975  105.0  232.420384  5.047767  104.0  172.327365  7.039737   73.0  292.779461  17.32219  119.0  124.585444  9.690069   51.0  312.862572  30.120154   93.0
FAILURE!!!! Some beads might have been misidentified
               x1        y1  area1          x2        y2  area2          x3        y3  area3          x4         y4  area4         x5        y5  area5          x6         y6  area6
range  312.974459  0.653933  109.0  232.415453  4.904535  100.0  172.262402  7.107908   75.0  292.774766  17.275919  108.0  124.57604  9.684009   53.0  312.813336  30.077997  100.0
FAILURE!!!! Some beads might have been misidentified
               x1        y1  area1          x2        y2  area2          x3        y3  area3          x4         y4  area4          x5       y5  area5          x6         y6  area6
range  312.974459  0.653933  109.0  232.415453  4.922808  100.0  172.262402  7.129719   75.0  292.800397  17.284297  112.0  124.589408  9.66499   52.0  312.824509  30.071044  100.0
FAILURE!!!! Some beads might have been misidentified
               x1        y1  area1          x2        y2  area2          x3       y3  area3          x4         y4  area4          x5       y5  area5          x6         y6  area6
range  312.974459  0.644175  107.0  232.415453  4.915805  103.0  172.254792  7.10087   75.0  292.774766  17.278251  110.0  124.569804  9.66499   53.0  312.824509  30.077997  100.0
FAILURE!!!! Some beads might have been misidentified
               x1        y1  area1          x2        y2  area2          x3        y3  area3          x4        y4  area4         x5        y5  area5          x6         y6  area6
range  312.900097  0.622354  108.0  232.415453  4.943948  100.0  172.262402  7.089117   76.0  292.800397  17.27019  109.0  124.57604  9.706517   55.0  312.923385  30.047842  101.0
FAILURE!!!! Some beads might have been misidentified
               x1        y1  area1          x2        y2  area2          x3        y3  area3          x4         y4  area4          x5       y5  area5          x6         y6  area6
range  312.987707  0.581654  107.0  232.332085  4.943699   96.0  172.026916  7.069778   74.0  292.821755  17.297256  115.0  124.750078  9.66499   52.0  312.963855  30.026328   94.0
FAILURE!!!! Some beads might have been misidentified
               x1        y1  area1          x2        y2  area2          x3        y3  area3          x4        y4  area4          x5        y5  area5          x6         y6  area6
range  312.882569  0.595311  107.0  232.580846  4.921739  104.0  172.416107  7.110989   79.0  292.778113  17.30703  112.0  124.473661  9.716913   53.0  312.790786  30.124202  100.0
FAILURE!!!! Some beads might have been misidentified
               x1        y1  area1          x2        y2  area2          x3        y3  area3          x4         y4  area4         x5        y5  area5          x6         y6  area6
range  313.237179  0.631331  107.0  232.627753  4.943699  100.0  171.956795  7.110989   76.0  292.742058  17.278251  110.0  124.57604  9.650639   54.0  313.133426  30.071044  100.0
FAILURE!!!! Some beads might have been misidentified
               x1        y1  area1          x2        y2  area2          x3        y3  area3          x4         y4  area4         x5       y5  area5          x6         y6  area6
range  312.566222  0.628143  112.0  232.315501  4.922564  103.0  172.388911  7.069778   75.0  292.992415  17.258766  111.0  124.61238  9.74037   54.0  312.586931  30.047842  102.0
FAILURE!!!! Some beads might have been misidentified
Residual vector length: 648, Jacobian shape: (648, 6)
view   0 | SOD= 565.834 mm | SDD= 721.227 mm | M= 1.275 | incident=3.3432°
[[  57.219017   -562.2364      -28.003342  ]
 [ -18.479237    153.89127      11.996658  ]
 [   0.1490308     0.01303758    0.        ]
 [   0.            0.            0.1496    ]]
               x1        y1  area1          x2        y2  area2          x3        y3  area3          x4         y4  area4         x5       y5  area5          x6         y6  area6
range  312.974459  0.653933  109.0  232.415453  4.904535  100.0  172.262402  7.107908   75.0  292.800397  17.275919  111.0  124.57604  9.66499   54.0  312.824509  30.071044  100.0
FAILURE!!!! Some beads might have been misidentified

iter 49 cost=2.503498 -> 2.562389 |dtheta|=3.205416e-04  lambda=3.052e+04

============================================================
Iteration 50
============================================================
Theta offsets (Unity frame):
  Source   : dSx=   0.000, dSy=   0.000, dSz=   0.000  (mm)
  Object   : dOx=  -6.001, dOy=  -6.003, dOz= -11.921  (mm)
  Object offset: offset_x=  -0.002, offset_z=   0.005  (mm)
  Detector : dDx=   0.000, dDy=   0.000, dDz=   0.000  (mm)
  Obj Stage rotY :    5.000 deg
============================================================

Unity geometry (world coordinates):
  Source   : x=   8.000, y=  50.000, z=   0.000
  Object   : x=  -0.001, y=  21.997, z= 565.079
  Detector : x=  -5.000, y=  10.000, z= 720.000
  Obj rotY :   0.0000 deg
view   0 | SOD= 565.834 mm | SDD= 721.227 mm | M= 1.275 | incident=3.3432°
[[  57.21849    -562.23645     -28.00346   ]
 [ -18.478657    153.89131      11.99654   ]
 [   0.14903082    0.01303735    0.        ]
 [   0.            0.            0.1496    ]]
               x1        y1  area1          x2        y2  area2          x3        y3  area3          x4         y4  area4          x5       y5  area5          x6         y6  area6
range  312.974459  0.653933  109.0  232.415453  4.904535  100.0  172.262402  7.107908   75.0  292.800397  17.275919  110.0  124.569804  9.66499   53.0  312.824509  30.071044  100.0
FAILURE!!!! Some beads might have been misidentified
               x1        y1  area1          x2        y2  area2          x3       y3  area3          x4         y4  area4          x5        y5  area5          x6         y6  area6
range  312.898157  0.597875  116.0  232.501458  4.922237  101.0  172.212736  7.12559   77.0  292.864494  17.339268  110.0  124.666406  9.736122   51.0  312.975351  30.097557  100.0
FAILURE!!!! Some beads might have been misidentified
               x1        y1  area1         x2        y2  area2          x3        y3  area3          x4         y4  area4          x5       y5  area5          x6         y6  area6
range  312.884829  0.581878  100.0  232.47595  4.932995  101.0  172.171814  7.049612   75.0  292.869979  17.271988  116.0  124.484098  9.63316   56.0  312.752716  30.074868   94.0
FAILURE!!!! Some beads might have been misidentified
               x1        y1  area1          x2        y2  area2          x3       y3  area3          x4        y4  area4          x5        y5  area5          x6         y6  area6
range  312.870044  0.657057  112.0  232.421202  4.904009   97.0  172.259522  7.02434   78.0  292.779231  17.24509  109.0  124.638117  9.741712   60.0  312.935129  30.073125  100.0
FAILURE!!!! Some beads might have been misidentified
               x1        y1  area1          x2        y2  area2          x3        y3  area3          x4        y4  area4          x5        y5  area5          x6         y6  area6
range  312.973823  0.588975  105.0  232.420384  5.047767  104.0  172.327365  7.039737   73.0  292.779461  17.32219  119.0  124.585444  9.690069   51.0  312.862572  30.120154   93.0
FAILURE!!!! Some beads might have been misidentified
               x1        y1  area1          x2        y2  area2          x3        y3  area3          x4         y4  area4         x5        y5  area5          x6         y6  area6
range  312.974459  0.653933  109.0  232.415453  4.904535  100.0  172.262402  7.107908   75.0  292.774766  17.275919  108.0  124.57604  9.684009   53.0  312.813336  30.077997  100.0
FAILURE!!!! Some beads might have been misidentified
               x1        y1  area1          x2        y2  area2          x3        y3  area3          x4         y4  area4          x5       y5  area5          x6         y6  area6
range  312.974459  0.653933  109.0  232.415453  4.922808  100.0  172.262402  7.129719   75.0  292.800397  17.284297  112.0  124.589408  9.66499   52.0  312.824509  30.071044  100.0
FAILURE!!!! Some beads might have been misidentified
               x1        y1  area1          x2        y2  area2          x3       y3  area3          x4         y4  area4          x5       y5  area5          x6         y6  area6
range  312.974459  0.644175  107.0  232.415453  4.915805  103.0  172.254792  7.10087   75.0  292.774766  17.278251  110.0  124.569804  9.66499   53.0  312.824509  30.077997  100.0
FAILURE!!!! Some beads might have been misidentified
               x1        y1  area1          x2        y2  area2          x3        y3  area3          x4        y4  area4         x5        y5  area5          x6         y6  area6
range  312.900097  0.622354  108.0  232.415453  4.943948  100.0  172.262402  7.089117   76.0  292.800397  17.27019  109.0  124.57604  9.706517   55.0  312.923385  30.047842  101.0
FAILURE!!!! Some beads might have been misidentified
               x1        y1  area1          x2        y2  area2          x3        y3  area3          x4         y4  area4          x5       y5  area5          x6         y6  area6
range  312.987707  0.581654  107.0  232.332085  4.943699   96.0  172.026916  7.069778   74.0  292.821755  17.297256  115.0  124.750078  9.66499   52.0  312.963855  30.026328   94.0
FAILURE!!!! Some beads might have been misidentified
               x1        y1  area1          x2        y2  area2          x3        y3  area3          x4        y4  area4          x5        y5  area5          x6         y6  area6
range  312.882569  0.595311  107.0  232.580846  4.921739  104.0  172.416107  7.110989   79.0  292.778113  17.30703  112.0  124.473661  9.716913   53.0  312.790786  30.124202  100.0
FAILURE!!!! Some beads might have been misidentified
               x1        y1  area1          x2        y2  area2          x3        y3  area3          x4         y4  area4         x5        y5  area5          x6         y6  area6
range  313.237179  0.631331  107.0  232.627753  4.943699  100.0  171.956795  7.110989   76.0  292.742058  17.278251  110.0  124.57604  9.650639   54.0  313.133426  30.071044  100.0
FAILURE!!!! Some beads might have been misidentified
               x1        y1  area1          x2        y2  area2          x3        y3  area3          x4         y4  area4         x5       y5  area5          x6         y6  area6
range  312.566222  0.628143  112.0  232.315501  4.922564  103.0  172.388911  7.069778   75.0  292.992415  17.258766  111.0  124.61238  9.74037   54.0  312.586931  30.047842  102.0
FAILURE!!!! Some beads might have been misidentified
Residual vector length: 648, Jacobian shape: (648, 6)
view   0 | SOD= 565.834 mm | SDD= 721.227 mm | M= 1.275 | incident=3.3432°
[[  57.218575   -562.23645     -28.003426  ]
 [ -18.478794    153.89125      11.996574  ]
 [   0.14903082    0.0130374     0.        ]
 [   0.            0.            0.1496    ]]
               x1        y1  area1          x2        y2  area2          x3        y3  area3          x4         y4  area4          x5       y5  area5          x6         y6  area6
range  312.974459  0.653933  109.0  232.415453  4.904535  100.0  172.262402  7.107908   75.0  292.800397  17.275919  111.0  124.569804  9.66499   53.0  312.824509  30.071044  100.0
FAILURE!!!! Some beads might have been misidentified

iter 50 cost=2.503498 -> 2.550933 |dtheta|=8.486648e-05  lambda=1.526e+05

============================================================
Iteration 51
============================================================
Theta offsets (Unity frame):
  Source   : dSx=   0.000, dSy=   0.000, dSz=   0.000  (mm)
  Object   : dOx=  -6.001, dOy=  -6.003, dOz= -11.921  (mm)
  Object offset: offset_x=  -0.002, offset_z=   0.005  (mm)
  Detector : dDx=   0.000, dDy=   0.000, dDz=   0.000  (mm)
  Obj Stage rotY :    5.000 deg
============================================================

Unity geometry (world coordinates):
  Source   : x=   8.000, y=  50.000, z=   0.000
  Object   : x=  -0.001, y=  21.997, z= 565.079
  Detector : x=  -5.000, y=  10.000, z= 720.000
  Obj rotY :   0.0000 deg
view   0 | SOD= 565.834 mm | SDD= 721.227 mm | M= 1.275 | incident=3.3432°
[[  57.21849    -562.23645     -28.00346   ]
 [ -18.478657    153.89131      11.99654   ]
 [   0.14903082    0.01303735    0.        ]
 [   0.            0.            0.1496    ]]
               x1        y1  area1          x2        y2  area2          x3        y3  area3          x4         y4  area4          x5       y5  area5          x6         y6  area6
range  312.974459  0.653933  109.0  232.415453  4.904535  100.0  172.262402  7.107908   75.0  292.800397  17.275919  110.0  124.569804  9.66499   53.0  312.824509  30.071044  100.0
FAILURE!!!! Some beads might have been misidentified
               x1        y1  area1          x2        y2  area2          x3       y3  area3          x4         y4  area4          x5        y5  area5          x6         y6  area6
range  312.898157  0.597875  116.0  232.501458  4.922237  101.0  172.212736  7.12559   77.0  292.864494  17.339268  110.0  124.666406  9.736122   51.0  312.975351  30.097557  100.0
FAILURE!!!! Some beads might have been misidentified
               x1        y1  area1         x2        y2  area2          x3        y3  area3          x4         y4  area4          x5       y5  area5          x6         y6  area6
range  312.884829  0.581878  100.0  232.47595  4.932995  101.0  172.171814  7.049612   75.0  292.869979  17.271988  116.0  124.484098  9.63316   56.0  312.752716  30.074868   94.0
FAILURE!!!! Some beads might have been misidentified
               x1        y1  area1          x2        y2  area2          x3       y3  area3          x4        y4  area4          x5        y5  area5          x6         y6  area6
range  312.870044  0.657057  112.0  232.421202  4.904009   97.0  172.259522  7.02434   78.0  292.779231  17.24509  109.0  124.638117  9.741712   60.0  312.935129  30.073125  100.0
FAILURE!!!! Some beads might have been misidentified
               x1        y1  area1          x2        y2  area2          x3        y3  area3          x4        y4  area4          x5        y5  area5          x6         y6  area6
range  312.973823  0.588975  105.0  232.420384  5.047767  104.0  172.327365  7.039737   73.0  292.779461  17.32219  119.0  124.585444  9.690069   51.0  312.862572  30.120154   93.0
FAILURE!!!! Some beads might have been misidentified
               x1        y1  area1          x2        y2  area2          x3        y3  area3          x4         y4  area4         x5        y5  area5          x6         y6  area6
range  312.974459  0.653933  109.0  232.415453  4.904535  100.0  172.262402  7.107908   75.0  292.774766  17.275919  108.0  124.57604  9.684009   53.0  312.813336  30.077997  100.0
FAILURE!!!! Some beads might have been misidentified
               x1        y1  area1          x2        y2  area2          x3        y3  area3          x4         y4  area4          x5       y5  area5          x6         y6  area6
range  312.974459  0.653933  109.0  232.415453  4.922808  100.0  172.262402  7.129719   75.0  292.800397  17.284297  112.0  124.589408  9.66499   52.0  312.824509  30.071044  100.0
FAILURE!!!! Some beads might have been misidentified
               x1        y1  area1          x2        y2  area2          x3       y3  area3          x4         y4  area4          x5       y5  area5          x6         y6  area6
range  312.974459  0.644175  107.0  232.415453  4.915805  103.0  172.254792  7.10087   75.0  292.774766  17.278251  110.0  124.569804  9.66499   53.0  312.824509  30.077997  100.0
FAILURE!!!! Some beads might have been misidentified
               x1        y1  area1          x2        y2  area2          x3        y3  area3          x4        y4  area4         x5        y5  area5          x6         y6  area6
range  312.900097  0.622354  108.0  232.415453  4.943948  100.0  172.262402  7.089117   76.0  292.800397  17.27019  109.0  124.57604  9.706517   55.0  312.923385  30.047842  101.0
FAILURE!!!! Some beads might have been misidentified
               x1        y1  area1          x2        y2  area2          x3        y3  area3          x4         y4  area4          x5       y5  area5          x6         y6  area6
range  312.987707  0.581654  107.0  232.332085  4.943699   96.0  172.026916  7.069778   74.0  292.821755  17.297256  115.0  124.750078  9.66499   52.0  312.963855  30.026328   94.0
FAILURE!!!! Some beads might have been misidentified
               x1        y1  area1          x2        y2  area2          x3        y3  area3          x4        y4  area4          x5        y5  area5          x6         y6  area6
range  312.882569  0.595311  107.0  232.580846  4.921739  104.0  172.416107  7.110989   79.0  292.778113  17.30703  112.0  124.473661  9.716913   53.0  312.790786  30.124202  100.0
FAILURE!!!! Some beads might have been misidentified
               x1        y1  area1          x2        y2  area2          x3        y3  area3          x4         y4  area4         x5        y5  area5          x6         y6  area6
range  313.237179  0.631331  107.0  232.627753  4.943699  100.0  171.956795  7.110989   76.0  292.742058  17.278251  110.0  124.57604  9.650639   54.0  313.133426  30.071044  100.0
FAILURE!!!! Some beads might have been misidentified
               x1        y1  area1          x2        y2  area2          x3        y3  area3          x4         y4  area4         x5       y5  area5          x6         y6  area6
range  312.566222  0.628143  112.0  232.315501  4.922564  103.0  172.388911  7.069778   75.0  292.992415  17.258766  111.0  124.61238  9.74037   54.0  312.586931  30.047842  102.0
FAILURE!!!! Some beads might have been misidentified
Residual vector length: 648, Jacobian shape: (648, 6)
view   0 | SOD= 565.834 mm | SDD= 721.227 mm | M= 1.275 | incident=3.3432°
[[  57.218502   -562.23645     -28.003452  ]
 [ -18.478687    153.89131      11.996548  ]
 [   0.14903082    0.01303736    0.        ]
 [   0.            0.            0.1496    ]]
               x1        y1  area1          x2        y2  area2          x3        y3  area3          x4         y4  area4          x5       y5  area5          x6         y6  area6
range  312.974459  0.653933  109.0  232.415453  4.904535  100.0  172.262402  7.107908   75.0  292.800397  17.275919  110.0  124.569804  9.66499   53.0  312.824509  30.071044  100.0
FAILURE!!!! Some beads might have been misidentified

iter 51 cost=2.503498 -> 2.509634 |dtheta|=1.832959e-05  lambda=7.629e+05

============================================================
Iteration 52
============================================================
Theta offsets (Unity frame):
  Source   : dSx=   0.000, dSy=   0.000, dSz=   0.000  (mm)
  Object   : dOx=  -6.001, dOy=  -6.003, dOz= -11.921  (mm)
  Object offset: offset_x=  -0.002, offset_z=   0.005  (mm)
  Detector : dDx=   0.000, dDy=   0.000, dDz=   0.000  (mm)
  Obj Stage rotY :    5.000 deg
============================================================

Unity geometry (world coordinates):
  Source   : x=   8.000, y=  50.000, z=   0.000
  Object   : x=  -0.001, y=  21.997, z= 565.079
  Detector : x=  -5.000, y=  10.000, z= 720.000
  Obj rotY :   0.0000 deg
view   0 | SOD= 565.834 mm | SDD= 721.227 mm | M= 1.275 | incident=3.3432°
[[  57.21849    -562.23645     -28.00346   ]
 [ -18.478657    153.89131      11.99654   ]
 [   0.14903082    0.01303735    0.        ]
 [   0.            0.            0.1496    ]]
               x1        y1  area1          x2        y2  area2          x3        y3  area3          x4         y4  area4          x5       y5  area5          x6         y6  area6
range  312.974459  0.653933  109.0  232.415453  4.904535  100.0  172.262402  7.107908   75.0  292.800397  17.275919  110.0  124.569804  9.66499   53.0  312.824509  30.071044  100.0
FAILURE!!!! Some beads might have been misidentified
               x1        y1  area1          x2        y2  area2          x3       y3  area3          x4         y4  area4          x5        y5  area5          x6         y6  area6
range  312.898157  0.597875  116.0  232.501458  4.922237  101.0  172.212736  7.12559   77.0  292.864494  17.339268  110.0  124.666406  9.736122   51.0  312.975351  30.097557  100.0
FAILURE!!!! Some beads might have been misidentified
               x1        y1  area1         x2        y2  area2          x3        y3  area3          x4         y4  area4          x5       y5  area5          x6         y6  area6
range  312.884829  0.581878  100.0  232.47595  4.932995  101.0  172.171814  7.049612   75.0  292.869979  17.271988  116.0  124.484098  9.63316   56.0  312.752716  30.074868   94.0
FAILURE!!!! Some beads might have been misidentified
               x1        y1  area1          x2        y2  area2          x3       y3  area3          x4        y4  area4          x5        y5  area5          x6         y6  area6
range  312.870044  0.657057  112.0  232.421202  4.904009   97.0  172.259522  7.02434   78.0  292.779231  17.24509  109.0  124.638117  9.741712   60.0  312.935129  30.073125  100.0
FAILURE!!!! Some beads might have been misidentified
               x1        y1  area1          x2        y2  area2          x3        y3  area3          x4        y4  area4          x5        y5  area5          x6         y6  area6
range  312.973823  0.588975  105.0  232.420384  5.047767  104.0  172.327365  7.039737   73.0  292.779461  17.32219  119.0  124.585444  9.690069   51.0  312.862572  30.120154   93.0
FAILURE!!!! Some beads might have been misidentified
               x1        y1  area1          x2        y2  area2          x3        y3  area3          x4         y4  area4         x5        y5  area5          x6         y6  area6
range  312.974459  0.653933  109.0  232.415453  4.904535  100.0  172.262402  7.107908   75.0  292.774766  17.275919  108.0  124.57604  9.684009   53.0  312.813336  30.077997  100.0
FAILURE!!!! Some beads might have been misidentified
               x1        y1  area1          x2        y2  area2          x3        y3  area3          x4         y4  area4          x5       y5  area5          x6         y6  area6
range  312.974459  0.653933  109.0  232.415453  4.922808  100.0  172.262402  7.129719   75.0  292.800397  17.284297  112.0  124.589408  9.66499   52.0  312.824509  30.071044  100.0
FAILURE!!!! Some beads might have been misidentified
               x1        y1  area1          x2        y2  area2          x3       y3  area3          x4         y4  area4          x5       y5  area5          x6         y6  area6
range  312.974459  0.644175  107.0  232.415453  4.915805  103.0  172.254792  7.10087   75.0  292.774766  17.278251  110.0  124.569804  9.66499   53.0  312.824509  30.077997  100.0
FAILURE!!!! Some beads might have been misidentified
               x1        y1  area1          x2        y2  area2          x3        y3  area3          x4        y4  area4         x5        y5  area5          x6         y6  area6
range  312.900097  0.622354  108.0  232.415453  4.943948  100.0  172.262402  7.089117   76.0  292.800397  17.27019  109.0  124.57604  9.706517   55.0  312.923385  30.047842  101.0
FAILURE!!!! Some beads might have been misidentified
               x1        y1  area1          x2        y2  area2          x3        y3  area3          x4         y4  area4          x5       y5  area5          x6         y6  area6
range  312.987707  0.581654  107.0  232.332085  4.943699   96.0  172.026916  7.069778   74.0  292.821755  17.297256  115.0  124.750078  9.66499   52.0  312.963855  30.026328   94.0
FAILURE!!!! Some beads might have been misidentified
               x1        y1  area1          x2        y2  area2          x3        y3  area3          x4        y4  area4          x5        y5  area5          x6         y6  area6
range  312.882569  0.595311  107.0  232.580846  4.921739  104.0  172.416107  7.110989   79.0  292.778113  17.30703  112.0  124.473661  9.716913   53.0  312.790786  30.124202  100.0
FAILURE!!!! Some beads might have been misidentified
               x1        y1  area1          x2        y2  area2          x3        y3  area3          x4         y4  area4         x5        y5  area5          x6         y6  area6
range  313.237179  0.631331  107.0  232.627753  4.943699  100.0  171.956795  7.110989   76.0  292.742058  17.278251  110.0  124.57604  9.650639   54.0  313.133426  30.071044  100.0
FAILURE!!!! Some beads might have been misidentified
               x1        y1  area1          x2        y2  area2          x3        y3  area3          x4         y4  area4         x5       y5  area5          x6         y6  area6
range  312.566222  0.628143  112.0  232.315501  4.922564  103.0  172.388911  7.069778   75.0  292.992415  17.258766  111.0  124.61238  9.74037   54.0  312.586931  30.047842  102.0
FAILURE!!!! Some beads might have been misidentified
Residual vector length: 648, Jacobian shape: (648, 6)
view   0 | SOD= 565.834 mm | SDD= 721.227 mm | M= 1.275 | incident=3.3432°
[[  57.2185     -562.23645     -28.003454  ]
 [ -18.47868     153.89131      11.996546  ]
 [   0.14903082    0.01303736    0.        ]
 [   0.            0.            0.1496    ]]
               x1        y1  area1          x2        y2  area2          x3        y3  area3          x4         y4  area4          x5       y5  area5          x6         y6  area6
range  312.974459  0.653933  109.0  232.415453  4.904535  100.0  172.262402  7.107908   75.0  292.800397  17.275919  110.0  124.569804  9.66499   53.0  312.824509  30.071044  100.0
FAILURE!!!! Some beads might have been misidentified

iter 52 cost=2.503498 -> 2.509634 |dtheta|=1.405264e-05  lambda=1.000e+06

============================================================
Iteration 53
============================================================
Theta offsets (Unity frame):
  Source   : dSx=   0.000, dSy=   0.000, dSz=   0.000  (mm)
  Object   : dOx=  -6.001, dOy=  -6.003, dOz= -11.921  (mm)
  Object offset: offset_x=  -0.002, offset_z=   0.005  (mm)
  Detector : dDx=   0.000, dDy=   0.000, dDz=   0.000  (mm)
  Obj Stage rotY :    5.000 deg
============================================================

Unity geometry (world coordinates):
  Source   : x=   8.000, y=  50.000, z=   0.000
  Object   : x=  -0.001, y=  21.997, z= 565.079
  Detector : x=  -5.000, y=  10.000, z= 720.000
  Obj rotY :   0.0000 deg
view   0 | SOD= 565.834 mm | SDD= 721.227 mm | M= 1.275 | incident=3.3432°
[[  57.21849    -562.23645     -28.00346   ]
 [ -18.478657    153.89131      11.99654   ]
 [   0.14903082    0.01303735    0.        ]
 [   0.            0.            0.1496    ]]
               x1        y1  area1          x2        y2  area2          x3        y3  area3          x4         y4  area4          x5       y5  area5          x6         y6  area6
range  312.974459  0.653933  109.0  232.415453  4.904535  100.0  172.262402  7.107908   75.0  292.800397  17.275919  110.0  124.569804  9.66499   53.0  312.824509  30.071044  100.0
FAILURE!!!! Some beads might have been misidentified
               x1        y1  area1          x2        y2  area2          x3       y3  area3          x4         y4  area4          x5        y5  area5          x6         y6  area6
range  312.898157  0.597875  116.0  232.501458  4.922237  101.0  172.212736  7.12559   77.0  292.864494  17.339268  110.0  124.666406  9.736122   51.0  312.975351  30.097557  100.0
FAILURE!!!! Some beads might have been misidentified
               x1        y1  area1         x2        y2  area2          x3        y3  area3          x4         y4  area4          x5       y5  area5          x6         y6  area6
range  312.884829  0.581878  100.0  232.47595  4.932995  101.0  172.171814  7.049612   75.0  292.869979  17.271988  116.0  124.484098  9.63316   56.0  312.752716  30.074868   94.0
FAILURE!!!! Some beads might have been misidentified
               x1        y1  area1          x2        y2  area2          x3       y3  area3          x4        y4  area4          x5        y5  area5          x6         y6  area6
range  312.870044  0.657057  112.0  232.421202  4.904009   97.0  172.259522  7.02434   78.0  292.779231  17.24509  109.0  124.638117  9.741712   60.0  312.935129  30.073125  100.0
FAILURE!!!! Some beads might have been misidentified
               x1        y1  area1          x2        y2  area2          x3        y3  area3          x4        y4  area4          x5        y5  area5          x6         y6  area6
range  312.973823  0.588975  105.0  232.420384  5.047767  104.0  172.327365  7.039737   73.0  292.779461  17.32219  119.0  124.585444  9.690069   51.0  312.862572  30.120154   93.0
FAILURE!!!! Some beads might have been misidentified
               x1        y1  area1          x2        y2  area2          x3        y3  area3          x4         y4  area4         x5        y5  area5          x6         y6  area6
range  312.974459  0.653933  109.0  232.415453  4.904535  100.0  172.262402  7.107908   75.0  292.774766  17.275919  108.0  124.57604  9.684009   53.0  312.813336  30.077997  100.0
FAILURE!!!! Some beads might have been misidentified
               x1        y1  area1          x2        y2  area2          x3        y3  area3          x4         y4  area4          x5       y5  area5          x6         y6  area6
range  312.974459  0.653933  109.0  232.415453  4.922808  100.0  172.262402  7.129719   75.0  292.800397  17.284297  112.0  124.589408  9.66499   52.0  312.824509  30.071044  100.0
FAILURE!!!! Some beads might have been misidentified
               x1        y1  area1          x2        y2  area2          x3       y3  area3          x4         y4  area4          x5       y5  area5          x6         y6  area6
range  312.974459  0.644175  107.0  232.415453  4.915805  103.0  172.254792  7.10087   75.0  292.774766  17.278251  110.0  124.569804  9.66499   53.0  312.824509  30.077997  100.0
FAILURE!!!! Some beads might have been misidentified
               x1        y1  area1          x2        y2  area2          x3        y3  area3          x4        y4  area4         x5        y5  area5          x6         y6  area6
range  312.900097  0.622354  108.0  232.415453  4.943948  100.0  172.262402  7.089117   76.0  292.800397  17.27019  109.0  124.57604  9.706517   55.0  312.923385  30.047842  101.0
FAILURE!!!! Some beads might have been misidentified
               x1        y1  area1          x2        y2  area2          x3        y3  area3          x4         y4  area4          x5       y5  area5          x6         y6  area6
range  312.987707  0.581654  107.0  232.332085  4.943699   96.0  172.026916  7.069778   74.0  292.821755  17.297256  115.0  124.750078  9.66499   52.0  312.963855  30.026328   94.0
FAILURE!!!! Some beads might have been misidentified
               x1        y1  area1          x2        y2  area2          x3        y3  area3          x4        y4  area4          x5        y5  area5          x6         y6  area6
range  312.882569  0.595311  107.0  232.580846  4.921739  104.0  172.416107  7.110989   79.0  292.778113  17.30703  112.0  124.473661  9.716913   53.0  312.790786  30.124202  100.0
FAILURE!!!! Some beads might have been misidentified
               x1        y1  area1          x2        y2  area2          x3        y3  area3          x4         y4  area4         x5        y5  area5          x6         y6  area6
range  313.237179  0.631331  107.0  232.627753  4.943699  100.0  171.956795  7.110989   76.0  292.742058  17.278251  110.0  124.57604  9.650639   54.0  313.133426  30.071044  100.0
FAILURE!!!! Some beads might have been misidentified
               x1        y1  area1          x2        y2  area2          x3        y3  area3          x4         y4  area4         x5       y5  area5          x6         y6  area6
range  312.566222  0.628143  112.0  232.315501  4.922564  103.0  172.388911  7.069778   75.0  292.992415  17.258766  111.0  124.61238  9.74037   54.0  312.586931  30.047842  102.0
FAILURE!!!! Some beads might have been misidentified
Residual vector length: 648, Jacobian shape: (648, 6)
view   0 | SOD= 565.834 mm | SDD= 721.227 mm | M= 1.275 | incident=3.3432°
[[  57.2185     -562.23645     -28.003454  ]
 [ -18.47868     153.89131      11.996546  ]
 [   0.14903082    0.01303736    0.        ]
 [   0.            0.            0.1496    ]]
               x1        y1  area1          x2        y2  area2          x3        y3  area3          x4         y4  area4          x5       y5  area5          x6         y6  area6
range  312.974459  0.653933  109.0  232.415453  4.904535  100.0  172.262402  7.107908   75.0  292.800397  17.275919  110.0  124.569804  9.66499   53.0  312.824509  30.071044  100.0
FAILURE!!!! Some beads might have been misidentified

iter 53 cost=2.503498 -> 2.509634 |dtheta|=1.405264e-05  lambda=1.000e+06

============================================================
Iteration 54
============================================================
Theta offsets (Unity frame):
  Source   : dSx=   0.000, dSy=   0.000, dSz=   0.000  (mm)
  Object   : dOx=  -6.001, dOy=  -6.003, dOz= -11.921  (mm)
  Object offset: offset_x=  -0.002, offset_z=   0.005  (mm)
  Detector : dDx=   0.000, dDy=   0.000, dDz=   0.000  (mm)
  Obj Stage rotY :    5.000 deg
============================================================

Unity geometry (world coordinates):
  Source   : x=   8.000, y=  50.000, z=   0.000
  Object   : x=  -0.001, y=  21.997, z= 565.079
  Detector : x=  -5.000, y=  10.000, z= 720.000
  Obj rotY :   0.0000 deg
view   0 | SOD= 565.834 mm | SDD= 721.227 mm | M= 1.275 | incident=3.3432°
[[  57.21849    -562.23645     -28.00346   ]
 [ -18.478657    153.89131      11.99654   ]
 [   0.14903082    0.01303735    0.        ]
 [   0.            0.            0.1496    ]]
               x1        y1  area1          x2        y2  area2          x3        y3  area3          x4         y4  area4          x5       y5  area5          x6         y6  area6
range  312.974459  0.653933  109.0  232.415453  4.904535  100.0  172.262402  7.107908   75.0  292.800397  17.275919  110.0  124.569804  9.66499   53.0  312.824509  30.071044  100.0
FAILURE!!!! Some beads might have been misidentified
               x1        y1  area1          x2        y2  area2          x3       y3  area3          x4         y4  area4          x5        y5  area5          x6         y6  area6
range  312.898157  0.597875  116.0  232.501458  4.922237  101.0  172.212736  7.12559   77.0  292.864494  17.339268  110.0  124.666406  9.736122   51.0  312.975351  30.097557  100.0
FAILURE!!!! Some beads might have been misidentified
               x1        y1  area1         x2        y2  area2          x3        y3  area3          x4         y4  area4          x5       y5  area5          x6         y6  area6
range  312.884829  0.581878  100.0  232.47595  4.932995  101.0  172.171814  7.049612   75.0  292.869979  17.271988  116.0  124.484098  9.63316   56.0  312.752716  30.074868   94.0
FAILURE!!!! Some beads might have been misidentified
               x1        y1  area1          x2        y2  area2          x3       y3  area3          x4        y4  area4          x5        y5  area5          x6         y6  area6
range  312.870044  0.657057  112.0  232.421202  4.904009   97.0  172.259522  7.02434   78.0  292.779231  17.24509  109.0  124.638117  9.741712   60.0  312.935129  30.073125  100.0
FAILURE!!!! Some beads might have been misidentified
               x1        y1  area1          x2        y2  area2          x3        y3  area3          x4        y4  area4          x5        y5  area5          x6         y6  area6
range  312.973823  0.588975  105.0  232.420384  5.047767  104.0  172.327365  7.039737   73.0  292.779461  17.32219  119.0  124.585444  9.690069   51.0  312.862572  30.120154   93.0
FAILURE!!!! Some beads might have been misidentified
               x1        y1  area1          x2        y2  area2          x3        y3  area3          x4         y4  area4         x5        y5  area5          x6         y6  area6
range  312.974459  0.653933  109.0  232.415453  4.904535  100.0  172.262402  7.107908   75.0  292.774766  17.275919  108.0  124.57604  9.684009   53.0  312.813336  30.077997  100.0
FAILURE!!!! Some beads might have been misidentified
               x1        y1  area1          x2        y2  area2          x3        y3  area3          x4         y4  area4          x5       y5  area5          x6         y6  area6
range  312.974459  0.653933  109.0  232.415453  4.922808  100.0  172.262402  7.129719   75.0  292.800397  17.284297  112.0  124.589408  9.66499   52.0  312.824509  30.071044  100.0
FAILURE!!!! Some beads might have been misidentified
               x1        y1  area1          x2        y2  area2          x3       y3  area3          x4         y4  area4          x5       y5  area5          x6         y6  area6
range  312.974459  0.644175  107.0  232.415453  4.915805  103.0  172.254792  7.10087   75.0  292.774766  17.278251  110.0  124.569804  9.66499   53.0  312.824509  30.077997  100.0
FAILURE!!!! Some beads might have been misidentified
               x1        y1  area1          x2        y2  area2          x3        y3  area3          x4        y4  area4         x5        y5  area5          x6         y6  area6
range  312.900097  0.622354  108.0  232.415453  4.943948  100.0  172.262402  7.089117   76.0  292.800397  17.27019  109.0  124.57604  9.706517   55.0  312.923385  30.047842  101.0
FAILURE!!!! Some beads might have been misidentified
               x1        y1  area1          x2        y2  area2          x3        y3  area3          x4         y4  area4          x5       y5  area5          x6         y6  area6
range  312.987707  0.581654  107.0  232.332085  4.943699   96.0  172.026916  7.069778   74.0  292.821755  17.297256  115.0  124.750078  9.66499   52.0  312.963855  30.026328   94.0
FAILURE!!!! Some beads might have been misidentified
               x1        y1  area1          x2        y2  area2          x3        y3  area3          x4        y4  area4          x5        y5  area5          x6         y6  area6
range  312.882569  0.595311  107.0  232.580846  4.921739  104.0  172.416107  7.110989   79.0  292.778113  17.30703  112.0  124.473661  9.716913   53.0  312.790786  30.124202  100.0
FAILURE!!!! Some beads might have been misidentified
               x1        y1  area1          x2        y2  area2          x3        y3  area3          x4         y4  area4         x5        y5  area5          x6         y6  area6
range  313.237179  0.631331  107.0  232.627753  4.943699  100.0  171.956795  7.110989   76.0  292.742058  17.278251  110.0  124.57604  9.650639   54.0  313.133426  30.071044  100.0
FAILURE!!!! Some beads might have been misidentified
               x1        y1  area1          x2        y2  area2          x3        y3  area3          x4         y4  area4         x5       y5  area5          x6         y6  area6
range  312.566222  0.628143  112.0  232.315501  4.922564  103.0  172.388911  7.069778   75.0  292.992415  17.258766  111.0  124.61238  9.74037   54.0  312.586931  30.047842  102.0
FAILURE!!!! Some beads might have been misidentified
Residual vector length: 648, Jacobian shape: (648, 6)
view   0 | SOD= 565.834 mm | SDD= 721.227 mm | M= 1.275 | incident=3.3432°
[[  57.2185     -562.23645     -28.003454  ]
 [ -18.47868     153.89131      11.996546  ]
 [   0.14903082    0.01303736    0.        ]
 [   0.            0.            0.1496    ]]
               x1        y1  area1          x2        y2  area2          x3        y3  area3          x4         y4  area4          x5       y5  area5          x6         y6  area6
range  312.974459  0.653933  109.0  232.415453  4.904535  100.0  172.262402  7.107908   75.0  292.800397  17.275919  110.0  124.569804  9.66499   53.0  312.824509  30.071044  100.0
FAILURE!!!! Some beads might have been misidentified

iter 54 cost=2.503498 -> 2.509634 |dtheta|=1.405264e-05  lambda=1.000e+06

============================================================
Iteration 55
============================================================
Theta offsets (Unity frame):
  Source   : dSx=   0.000, dSy=   0.000, dSz=   0.000  (mm)
  Object   : dOx=  -6.001, dOy=  -6.003, dOz= -11.921  (mm)
  Object offset: offset_x=  -0.002, offset_z=   0.005  (mm)
  Detector : dDx=   0.000, dDy=   0.000, dDz=   0.000  (mm)
  Obj Stage rotY :    5.000 deg
============================================================

Unity geometry (world coordinates):
  Source   : x=   8.000, y=  50.000, z=   0.000
  Object   : x=  -0.001, y=  21.997, z= 565.079
  Detector : x=  -5.000, y=  10.000, z= 720.000
  Obj rotY :   0.0000 deg
view   0 | SOD= 565.834 mm | SDD= 721.227 mm | M= 1.275 | incident=3.3432°
[[  57.21849    -562.23645     -28.00346   ]
 [ -18.478657    153.89131      11.99654   ]
 [   0.14903082    0.01303735    0.        ]
 [   0.            0.            0.1496    ]]
               x1        y1  area1          x2        y2  area2          x3        y3  area3          x4         y4  area4          x5       y5  area5          x6         y6  area6
range  312.974459  0.653933  109.0  232.415453  4.904535  100.0  172.262402  7.107908   75.0  292.800397  17.275919  110.0  124.569804  9.66499   53.0  312.824509  30.071044  100.0
FAILURE!!!! Some beads might have been misidentified
               x1        y1  area1          x2        y2  area2          x3       y3  area3          x4         y4  area4          x5        y5  area5          x6         y6  area6
range  312.898157  0.597875  116.0  232.501458  4.922237  101.0  172.212736  7.12559   77.0  292.864494  17.339268  110.0  124.666406  9.736122   51.0  312.975351  30.097557  100.0
FAILURE!!!! Some beads might have been misidentified
               x1        y1  area1         x2        y2  area2          x3        y3  area3          x4         y4  area4          x5       y5  area5          x6         y6  area6
range  312.884829  0.581878  100.0  232.47595  4.932995  101.0  172.171814  7.049612   75.0  292.869979  17.271988  116.0  124.484098  9.63316   56.0  312.752716  30.074868   94.0
FAILURE!!!! Some beads might have been misidentified
               x1        y1  area1          x2        y2  area2          x3       y3  area3          x4        y4  area4          x5        y5  area5          x6         y6  area6
range  312.870044  0.657057  112.0  232.421202  4.904009   97.0  172.259522  7.02434   78.0  292.779231  17.24509  109.0  124.638117  9.741712   60.0  312.935129  30.073125  100.0
FAILURE!!!! Some beads might have been misidentified
               x1        y1  area1          x2        y2  area2          x3        y3  area3          x4        y4  area4          x5        y5  area5          x6         y6  area6
range  312.973823  0.588975  105.0  232.420384  5.047767  104.0  172.327365  7.039737   73.0  292.779461  17.32219  119.0  124.585444  9.690069   51.0  312.862572  30.120154   93.0
FAILURE!!!! Some beads might have been misidentified
               x1        y1  area1          x2        y2  area2          x3        y3  area3          x4         y4  area4         x5        y5  area5          x6         y6  area6
range  312.974459  0.653933  109.0  232.415453  4.904535  100.0  172.262402  7.107908   75.0  292.774766  17.275919  108.0  124.57604  9.684009   53.0  312.813336  30.077997  100.0
FAILURE!!!! Some beads might have been misidentified
               x1        y1  area1          x2        y2  area2          x3        y3  area3          x4         y4  area4          x5       y5  area5          x6         y6  area6
range  312.974459  0.653933  109.0  232.415453  4.922808  100.0  172.262402  7.129719   75.0  292.800397  17.284297  112.0  124.589408  9.66499   52.0  312.824509  30.071044  100.0
FAILURE!!!! Some beads might have been misidentified
               x1        y1  area1          x2        y2  area2          x3       y3  area3          x4         y4  area4          x5       y5  area5          x6         y6  area6
range  312.974459  0.644175  107.0  232.415453  4.915805  103.0  172.254792  7.10087   75.0  292.774766  17.278251  110.0  124.569804  9.66499   53.0  312.824509  30.077997  100.0
FAILURE!!!! Some beads might have been misidentified
               x1        y1  area1          x2        y2  area2          x3        y3  area3          x4        y4  area4         x5        y5  area5          x6         y6  area6
range  312.900097  0.622354  108.0  232.415453  4.943948  100.0  172.262402  7.089117   76.0  292.800397  17.27019  109.0  124.57604  9.706517   55.0  312.923385  30.047842  101.0
FAILURE!!!! Some beads might have been misidentified
               x1        y1  area1          x2        y2  area2          x3        y3  area3          x4         y4  area4          x5       y5  area5          x6         y6  area6
range  312.987707  0.581654  107.0  232.332085  4.943699   96.0  172.026916  7.069778   74.0  292.821755  17.297256  115.0  124.750078  9.66499   52.0  312.963855  30.026328   94.0
FAILURE!!!! Some beads might have been misidentified
               x1        y1  area1          x2        y2  area2          x3        y3  area3          x4        y4  area4          x5        y5  area5          x6         y6  area6
range  312.882569  0.595311  107.0  232.580846  4.921739  104.0  172.416107  7.110989   79.0  292.778113  17.30703  112.0  124.473661  9.716913   53.0  312.790786  30.124202  100.0
FAILURE!!!! Some beads might have been misidentified
               x1        y1  area1          x2        y2  area2          x3        y3  area3          x4         y4  area4         x5        y5  area5          x6         y6  area6
range  313.237179  0.631331  107.0  232.627753  4.943699  100.0  171.956795  7.110989   76.0  292.742058  17.278251  110.0  124.57604  9.650639   54.0  313.133426  30.071044  100.0
FAILURE!!!! Some beads might have been misidentified
               x1        y1  area1          x2        y2  area2          x3        y3  area3          x4         y4  area4         x5       y5  area5          x6         y6  area6
range  312.566222  0.628143  112.0  232.315501  4.922564  103.0  172.388911  7.069778   75.0  292.992415  17.258766  111.0  124.61238  9.74037   54.0  312.586931  30.047842  102.0
FAILURE!!!! Some beads might have been misidentified
Residual vector length: 648, Jacobian shape: (648, 6)
view   0 | SOD= 565.834 mm | SDD= 721.227 mm | M= 1.275 | incident=3.3432°
[[  57.2185     -562.23645     -28.003454  ]
 [ -18.47868     153.89131      11.996546  ]
 [   0.14903082    0.01303736    0.        ]
 [   0.            0.            0.1496    ]]
               x1        y1  area1          x2        y2  area2          x3        y3  area3          x4         y4  area4          x5       y5  area5          x6         y6  area6
range  312.974459  0.653933  109.0  232.415453  4.904535  100.0  172.262402  7.107908   75.0  292.800397  17.275919  110.0  124.569804  9.66499   53.0  312.824509  30.071044  100.0
FAILURE!!!! Some beads might have been misidentified

iter 55 cost=2.503498 -> 2.509634 |dtheta|=1.405264e-05  lambda=1.000e+06

============================================================
Iteration 56
============================================================
Theta offsets (Unity frame):
  Source   : dSx=   0.000, dSy=   0.000, dSz=   0.000  (mm)
  Object   : dOx=  -6.001, dOy=  -6.003, dOz= -11.921  (mm)
  Object offset: offset_x=  -0.002, offset_z=   0.005  (mm)
  Detector : dDx=   0.000, dDy=   0.000, dDz=   0.000  (mm)
  Obj Stage rotY :    5.000 deg
============================================================

Unity geometry (world coordinates):
  Source   : x=   8.000, y=  50.000, z=   0.000
  Object   : x=  -0.001, y=  21.997, z= 565.079
  Detector : x=  -5.000, y=  10.000, z= 720.000
  Obj rotY :   0.0000 deg
view   0 | SOD= 565.834 mm | SDD= 721.227 mm | M= 1.275 | incident=3.3432°
[[  57.21849    -562.23645     -28.00346   ]
 [ -18.478657    153.89131      11.99654   ]
 [   0.14903082    0.01303735    0.        ]
 [   0.            0.            0.1496    ]]
               x1        y1  area1          x2        y2  area2          x3        y3  area3          x4         y4  area4          x5       y5  area5          x6         y6  area6
range  312.974459  0.653933  109.0  232.415453  4.904535  100.0  172.262402  7.107908   75.0  292.800397  17.275919  110.0  124.569804  9.66499   53.0  312.824509  30.071044  100.0
FAILURE!!!! Some beads might have been misidentified
               x1        y1  area1          x2        y2  area2          x3       y3  area3          x4         y4  area4          x5        y5  area5          x6         y6  area6
range  312.898157  0.597875  116.0  232.501458  4.922237  101.0  172.212736  7.12559   77.0  292.864494  17.339268  110.0  124.666406  9.736122   51.0  312.975351  30.097557  100.0
FAILURE!!!! Some beads might have been misidentified
               x1        y1  area1         x2        y2  area2          x3        y3  area3          x4         y4  area4          x5       y5  area5          x6         y6  area6
range  312.884829  0.581878  100.0  232.47595  4.932995  101.0  172.171814  7.049612   75.0  292.869979  17.271988  116.0  124.484098  9.63316   56.0  312.752716  30.074868   94.0
FAILURE!!!! Some beads might have been misidentified
               x1        y1  area1          x2        y2  area2          x3       y3  area3          x4        y4  area4          x5        y5  area5          x6         y6  area6
range  312.870044  0.657057  112.0  232.421202  4.904009   97.0  172.259522  7.02434   78.0  292.779231  17.24509  109.0  124.638117  9.741712   60.0  312.935129  30.073125  100.0
FAILURE!!!! Some beads might have been misidentified
               x1        y1  area1          x2        y2  area2          x3        y3  area3          x4        y4  area4          x5        y5  area5          x6         y6  area6
range  312.973823  0.588975  105.0  232.420384  5.047767  104.0  172.327365  7.039737   73.0  292.779461  17.32219  119.0  124.585444  9.690069   51.0  312.862572  30.120154   93.0
FAILURE!!!! Some beads might have been misidentified
               x1        y1  area1          x2        y2  area2          x3        y3  area3          x4         y4  area4         x5        y5  area5          x6         y6  area6
range  312.974459  0.653933  109.0  232.415453  4.904535  100.0  172.262402  7.107908   75.0  292.774766  17.275919  108.0  124.57604  9.684009   53.0  312.813336  30.077997  100.0
FAILURE!!!! Some beads might have been misidentified
               x1        y1  area1          x2        y2  area2          x3        y3  area3          x4         y4  area4          x5       y5  area5          x6         y6  area6
range  312.974459  0.653933  109.0  232.415453  4.922808  100.0  172.262402  7.129719   75.0  292.800397  17.284297  112.0  124.589408  9.66499   52.0  312.824509  30.071044  100.0
FAILURE!!!! Some beads might have been misidentified
               x1        y1  area1          x2        y2  area2          x3       y3  area3          x4         y4  area4          x5       y5  area5          x6         y6  area6
range  312.974459  0.644175  107.0  232.415453  4.915805  103.0  172.254792  7.10087   75.0  292.774766  17.278251  110.0  124.569804  9.66499   53.0  312.824509  30.077997  100.0
FAILURE!!!! Some beads might have been misidentified
               x1        y1  area1          x2        y2  area2          x3        y3  area3          x4        y4  area4         x5        y5  area5          x6         y6  area6
range  312.900097  0.622354  108.0  232.415453  4.943948  100.0  172.262402  7.089117   76.0  292.800397  17.27019  109.0  124.57604  9.706517   55.0  312.923385  30.047842  101.0
FAILURE!!!! Some beads might have been misidentified
               x1        y1  area1          x2        y2  area2          x3        y3  area3          x4         y4  area4          x5       y5  area5          x6         y6  area6
range  312.987707  0.581654  107.0  232.332085  4.943699   96.0  172.026916  7.069778   74.0  292.821755  17.297256  115.0  124.750078  9.66499   52.0  312.963855  30.026328   94.0
FAILURE!!!! Some beads might have been misidentified
               x1        y1  area1          x2        y2  area2          x3        y3  area3          x4        y4  area4          x5        y5  area5          x6         y6  area6
range  312.882569  0.595311  107.0  232.580846  4.921739  104.0  172.416107  7.110989   79.0  292.778113  17.30703  112.0  124.473661  9.716913   53.0  312.790786  30.124202  100.0
FAILURE!!!! Some beads might have been misidentified
               x1        y1  area1          x2        y2  area2          x3        y3  area3          x4         y4  area4         x5        y5  area5          x6         y6  area6
range  313.237179  0.631331  107.0  232.627753  4.943699  100.0  171.956795  7.110989   76.0  292.742058  17.278251  110.0  124.57604  9.650639   54.0  313.133426  30.071044  100.0
FAILURE!!!! Some beads might have been misidentified
               x1        y1  area1          x2        y2  area2          x3        y3  area3          x4         y4  area4         x5       y5  area5          x6         y6  area6
range  312.566222  0.628143  112.0  232.315501  4.922564  103.0  172.388911  7.069778   75.0  292.992415  17.258766  111.0  124.61238  9.74037   54.0  312.586931  30.047842  102.0
FAILURE!!!! Some beads might have been misidentified
Residual vector length: 648, Jacobian shape: (648, 6)
view   0 | SOD= 565.834 mm | SDD= 721.227 mm | M= 1.275 | incident=3.3432°
[[  57.2185     -562.23645     -28.003454  ]
 [ -18.47868     153.89131      11.996546  ]
 [   0.14903082    0.01303736    0.        ]
 [   0.            0.            0.1496    ]]
               x1        y1  area1          x2        y2  area2          x3        y3  area3          x4         y4  area4          x5       y5  area5          x6         y6  area6
range  312.974459  0.653933  109.0  232.415453  4.904535  100.0  172.262402  7.107908   75.0  292.800397  17.275919  110.0  124.569804  9.66499   53.0  312.824509  30.071044  100.0
FAILURE!!!! Some beads might have been misidentified

iter 56 cost=2.503498 -> 2.509634 |dtheta|=1.405264e-05  lambda=1.000e+06

============================================================
Iteration 57
============================================================
Theta offsets (Unity frame):
  Source   : dSx=   0.000, dSy=   0.000, dSz=   0.000  (mm)
  Object   : dOx=  -6.001, dOy=  -6.003, dOz= -11.921  (mm)
  Object offset: offset_x=  -0.002, offset_z=   0.005  (mm)
  Detector : dDx=   0.000, dDy=   0.000, dDz=   0.000  (mm)
  Obj Stage rotY :    5.000 deg
============================================================

Unity geometry (world coordinates):
  Source   : x=   8.000, y=  50.000, z=   0.000
  Object   : x=  -0.001, y=  21.997, z= 565.079
  Detector : x=  -5.000, y=  10.000, z= 720.000
  Obj rotY :   0.0000 deg
view   0 | SOD= 565.834 mm | SDD= 721.227 mm | M= 1.275 | incident=3.3432°
[[  57.21849    -562.23645     -28.00346   ]
 [ -18.478657    153.89131      11.99654   ]
 [   0.14903082    0.01303735    0.        ]
 [   0.            0.            0.1496    ]]
               x1        y1  area1          x2        y2  area2          x3        y3  area3          x4         y4  area4          x5       y5  area5          x6         y6  area6
range  312.974459  0.653933  109.0  232.415453  4.904535  100.0  172.262402  7.107908   75.0  292.800397  17.275919  110.0  124.569804  9.66499   53.0  312.824509  30.071044  100.0
FAILURE!!!! Some beads might have been misidentified
               x1        y1  area1          x2        y2  area2          x3       y3  area3          x4         y4  area4          x5        y5  area5          x6         y6  area6
range  312.898157  0.597875  116.0  232.501458  4.922237  101.0  172.212736  7.12559   77.0  292.864494  17.339268  110.0  124.666406  9.736122   51.0  312.975351  30.097557  100.0
FAILURE!!!! Some beads might have been misidentified
               x1        y1  area1         x2        y2  area2          x3        y3  area3          x4         y4  area4          x5       y5  area5          x6         y6  area6
range  312.884829  0.581878  100.0  232.47595  4.932995  101.0  172.171814  7.049612   75.0  292.869979  17.271988  116.0  124.484098  9.63316   56.0  312.752716  30.074868   94.0
FAILURE!!!! Some beads might have been misidentified
               x1        y1  area1          x2        y2  area2          x3       y3  area3          x4        y4  area4          x5        y5  area5          x6         y6  area6
range  312.870044  0.657057  112.0  232.421202  4.904009   97.0  172.259522  7.02434   78.0  292.779231  17.24509  109.0  124.638117  9.741712   60.0  312.935129  30.073125  100.0
FAILURE!!!! Some beads might have been misidentified
               x1        y1  area1          x2        y2  area2          x3        y3  area3          x4        y4  area4          x5        y5  area5          x6         y6  area6
range  312.973823  0.588975  105.0  232.420384  5.047767  104.0  172.327365  7.039737   73.0  292.779461  17.32219  119.0  124.585444  9.690069   51.0  312.862572  30.120154   93.0
FAILURE!!!! Some beads might have been misidentified
               x1        y1  area1          x2        y2  area2          x3        y3  area3          x4         y4  area4         x5        y5  area5          x6         y6  area6
range  312.974459  0.653933  109.0  232.415453  4.904535  100.0  172.262402  7.107908   75.0  292.774766  17.275919  108.0  124.57604  9.684009   53.0  312.813336  30.077997  100.0
FAILURE!!!! Some beads might have been misidentified
               x1        y1  area1          x2        y2  area2          x3        y3  area3          x4         y4  area4          x5       y5  area5          x6         y6  area6
range  312.974459  0.653933  109.0  232.415453  4.922808  100.0  172.262402  7.129719   75.0  292.800397  17.284297  112.0  124.589408  9.66499   52.0  312.824509  30.071044  100.0
FAILURE!!!! Some beads might have been misidentified
               x1        y1  area1          x2        y2  area2          x3       y3  area3          x4         y4  area4          x5       y5  area5          x6         y6  area6
range  312.974459  0.644175  107.0  232.415453  4.915805  103.0  172.254792  7.10087   75.0  292.774766  17.278251  110.0  124.569804  9.66499   53.0  312.824509  30.077997  100.0
FAILURE!!!! Some beads might have been misidentified
               x1        y1  area1          x2        y2  area2          x3        y3  area3          x4        y4  area4         x5        y5  area5          x6         y6  area6
range  312.900097  0.622354  108.0  232.415453  4.943948  100.0  172.262402  7.089117   76.0  292.800397  17.27019  109.0  124.57604  9.706517   55.0  312.923385  30.047842  101.0
FAILURE!!!! Some beads might have been misidentified
               x1        y1  area1          x2        y2  area2          x3        y3  area3          x4         y4  area4          x5       y5  area5          x6         y6  area6
range  312.987707  0.581654  107.0  232.332085  4.943699   96.0  172.026916  7.069778   74.0  292.821755  17.297256  115.0  124.750078  9.66499   52.0  312.963855  30.026328   94.0
FAILURE!!!! Some beads might have been misidentified
               x1        y1  area1          x2        y2  area2          x3        y3  area3          x4        y4  area4          x5        y5  area5          x6         y6  area6
range  312.882569  0.595311  107.0  232.580846  4.921739  104.0  172.416107  7.110989   79.0  292.778113  17.30703  112.0  124.473661  9.716913   53.0  312.790786  30.124202  100.0
FAILURE!!!! Some beads might have been misidentified
               x1        y1  area1          x2        y2  area2          x3        y3  area3          x4         y4  area4         x5        y5  area5          x6         y6  area6
range  313.237179  0.631331  107.0  232.627753  4.943699  100.0  171.956795  7.110989   76.0  292.742058  17.278251  110.0  124.57604  9.650639   54.0  313.133426  30.071044  100.0
FAILURE!!!! Some beads might have been misidentified
               x1        y1  area1          x2        y2  area2          x3        y3  area3          x4         y4  area4         x5       y5  area5          x6         y6  area6
range  312.566222  0.628143  112.0  232.315501  4.922564  103.0  172.388911  7.069778   75.0  292.992415  17.258766  111.0  124.61238  9.74037   54.0  312.586931  30.047842  102.0
FAILURE!!!! Some beads might have been misidentified
Residual vector length: 648, Jacobian shape: (648, 6)
view   0 | SOD= 565.834 mm | SDD= 721.227 mm | M= 1.275 | incident=3.3432°
[[  57.2185     -562.23645     -28.003454  ]
 [ -18.47868     153.89131      11.996546  ]
 [   0.14903082    0.01303736    0.        ]
 [   0.            0.            0.1496    ]]
               x1        y1  area1          x2        y2  area2          x3        y3  area3          x4         y4  area4          x5       y5  area5          x6         y6  area6
range  312.974459  0.653933  109.0  232.415453  4.904535  100.0  172.262402  7.107908   75.0  292.800397  17.275919  110.0  124.569804  9.66499   53.0  312.824509  30.071044  100.0
FAILURE!!!! Some beads might have been misidentified

iter 57 cost=2.503498 -> 2.509634 |dtheta|=1.405264e-05  lambda=1.000e+06

============================================================
Iteration 58
============================================================
Theta offsets (Unity frame):
  Source   : dSx=   0.000, dSy=   0.000, dSz=   0.000  (mm)
  Object   : dOx=  -6.001, dOy=  -6.003, dOz= -11.921  (mm)
  Object offset: offset_x=  -0.002, offset_z=   0.005  (mm)
  Detector : dDx=   0.000, dDy=   0.000, dDz=   0.000  (mm)
  Obj Stage rotY :    5.000 deg
============================================================

Unity geometry (world coordinates):
  Source   : x=   8.000, y=  50.000, z=   0.000
  Object   : x=  -0.001, y=  21.997, z= 565.079
  Detector : x=  -5.000, y=  10.000, z= 720.000
  Obj rotY :   0.0000 deg
view   0 | SOD= 565.834 mm | SDD= 721.227 mm | M= 1.275 | incident=3.3432°
[[  57.21849    -562.23645     -28.00346   ]
 [ -18.478657    153.89131      11.99654   ]
 [   0.14903082    0.01303735    0.        ]
 [   0.            0.            0.1496    ]]
               x1        y1  area1          x2        y2  area2          x3        y3  area3          x4         y4  area4          x5       y5  area5          x6         y6  area6
range  312.974459  0.653933  109.0  232.415453  4.904535  100.0  172.262402  7.107908   75.0  292.800397  17.275919  110.0  124.569804  9.66499   53.0  312.824509  30.071044  100.0
FAILURE!!!! Some beads might have been misidentified
               x1        y1  area1          x2        y2  area2          x3       y3  area3          x4         y4  area4          x5        y5  area5          x6         y6  area6
range  312.898157  0.597875  116.0  232.501458  4.922237  101.0  172.212736  7.12559   77.0  292.864494  17.339268  110.0  124.666406  9.736122   51.0  312.975351  30.097557  100.0
FAILURE!!!! Some beads might have been misidentified
               x1        y1  area1         x2        y2  area2          x3        y3  area3          x4         y4  area4          x5       y5  area5          x6         y6  area6
range  312.884829  0.581878  100.0  232.47595  4.932995  101.0  172.171814  7.049612   75.0  292.869979  17.271988  116.0  124.484098  9.63316   56.0  312.752716  30.074868   94.0
FAILURE!!!! Some beads might have been misidentified
               x1        y1  area1          x2        y2  area2          x3       y3  area3          x4        y4  area4          x5        y5  area5          x6         y6  area6
range  312.870044  0.657057  112.0  232.421202  4.904009   97.0  172.259522  7.02434   78.0  292.779231  17.24509  109.0  124.638117  9.741712   60.0  312.935129  30.073125  100.0
FAILURE!!!! Some beads might have been misidentified
               x1        y1  area1          x2        y2  area2          x3        y3  area3          x4        y4  area4          x5        y5  area5          x6         y6  area6
range  312.973823  0.588975  105.0  232.420384  5.047767  104.0  172.327365  7.039737   73.0  292.779461  17.32219  119.0  124.585444  9.690069   51.0  312.862572  30.120154   93.0
FAILURE!!!! Some beads might have been misidentified
               x1        y1  area1          x2        y2  area2          x3        y3  area3          x4         y4  area4         x5        y5  area5          x6         y6  area6
range  312.974459  0.653933  109.0  232.415453  4.904535  100.0  172.262402  7.107908   75.0  292.774766  17.275919  108.0  124.57604  9.684009   53.0  312.813336  30.077997  100.0
FAILURE!!!! Some beads might have been misidentified
               x1        y1  area1          x2        y2  area2          x3        y3  area3          x4         y4  area4          x5       y5  area5          x6         y6  area6
range  312.974459  0.653933  109.0  232.415453  4.922808  100.0  172.262402  7.129719   75.0  292.800397  17.284297  112.0  124.589408  9.66499   52.0  312.824509  30.071044  100.0
FAILURE!!!! Some beads might have been misidentified
               x1        y1  area1          x2        y2  area2          x3       y3  area3          x4         y4  area4          x5       y5  area5          x6         y6  area6
range  312.974459  0.644175  107.0  232.415453  4.915805  103.0  172.254792  7.10087   75.0  292.774766  17.278251  110.0  124.569804  9.66499   53.0  312.824509  30.077997  100.0
FAILURE!!!! Some beads might have been misidentified
               x1        y1  area1          x2        y2  area2          x3        y3  area3          x4        y4  area4         x5        y5  area5          x6         y6  area6
range  312.900097  0.622354  108.0  232.415453  4.943948  100.0  172.262402  7.089117   76.0  292.800397  17.27019  109.0  124.57604  9.706517   55.0  312.923385  30.047842  101.0
FAILURE!!!! Some beads might have been misidentified
               x1        y1  area1          x2        y2  area2          x3        y3  area3          x4         y4  area4          x5       y5  area5          x6         y6  area6
range  312.987707  0.581654  107.0  232.332085  4.943699   96.0  172.026916  7.069778   74.0  292.821755  17.297256  115.0  124.750078  9.66499   52.0  312.963855  30.026328   94.0
FAILURE!!!! Some beads might have been misidentified
               x1        y1  area1          x2        y2  area2          x3        y3  area3          x4        y4  area4          x5        y5  area5          x6         y6  area6
range  312.882569  0.595311  107.0  232.580846  4.921739  104.0  172.416107  7.110989   79.0  292.778113  17.30703  112.0  124.473661  9.716913   53.0  312.790786  30.124202  100.0
FAILURE!!!! Some beads might have been misidentified
               x1        y1  area1          x2        y2  area2          x3        y3  area3          x4         y4  area4         x5        y5  area5          x6         y6  area6
range  313.237179  0.631331  107.0  232.627753  4.943699  100.0  171.956795  7.110989   76.0  292.742058  17.278251  110.0  124.57604  9.650639   54.0  313.133426  30.071044  100.0
FAILURE!!!! Some beads might have been misidentified
               x1        y1  area1          x2        y2  area2          x3        y3  area3          x4         y4  area4         x5       y5  area5          x6         y6  area6
range  312.566222  0.628143  112.0  232.315501  4.922564  103.0  172.388911  7.069778   75.0  292.992415  17.258766  111.0  124.61238  9.74037   54.0  312.586931  30.047842  102.0
FAILURE!!!! Some beads might have been misidentified
Residual vector length: 648, Jacobian shape: (648, 6)
view   0 | SOD= 565.834 mm | SDD= 721.227 mm | M= 1.275 | incident=3.3432°
[[  57.2185     -562.23645     -28.003454  ]
 [ -18.47868     153.89131      11.996546  ]
 [   0.14903082    0.01303736    0.        ]
 [   0.            0.            0.1496    ]]
               x1        y1  area1          x2        y2  area2          x3        y3  area3          x4         y4  area4          x5       y5  area5          x6         y6  area6
range  312.974459  0.653933  109.0  232.415453  4.904535  100.0  172.262402  7.107908   75.0  292.800397  17.275919  110.0  124.569804  9.66499   53.0  312.824509  30.071044  100.0
FAILURE!!!! Some beads might have been misidentified

iter 58 cost=2.503498 -> 2.509634 |dtheta|=1.405264e-05  lambda=1.000e+06
Stalled.

Estimated theta:
  dSx: +0.000000
  dSy: +0.000000
  dOx: -6.001458
  dOy: -6.003460
  dOz: -11.920770
  dDx: +0.000000
  dDy: +0.000000
  dDz: +0.000000
alpha: +4.999558e+00 deg)
offset_x: -0.001520
offset_z: +0.004603

Final cost table:
Fake theta: [  0.   0.  -6.  -6. -12.   0.   0.   0.   5.   0.   0.]
Final estimated theta: [  0.           0.          -6.00145805  -6.00346033 -11.92077022
   0.           0.           0.           4.99955834  -0.00151995
   0.00460281]
Diff from Expected: [ 0.          0.         -0.00145805 -0.00346033  0.07922978  0.
  0.          0.         -0.00044166 -0.00151995  0.00460281]
################################################################################

