Phantom already exists, skipping: cuboid_phantom_5_normal.npy

################################################################################
Running cuboid=normal scenario=G4 N_ANGLES=360, K=5
view   0 | SOD= 568.374 mm | SDD= 691.050 mm | M= 1.216 | incident=3.1588°
[[  24.733675   -567.4833      -20.        ]
 [   3.6013086   122.35616      15.        ]
 [   0.14939497    0.00782946    0.        ]
 [   0.            0.            0.1496    ]]
            image          x1         y1  area1          x2          y2  area2          x3          y3  area3          x4          y4  area4          x5          y5  area5
0    proj_000.png  470.116041  86.912969    586  357.884007  198.917399    569  368.522073  303.092131    521  476.411439  414.444649    542  470.175652  538.907826    575
1    proj_001.png  467.685811  86.954392    592  357.007105  198.866785    563  370.901544  303.054054    518  477.373849  414.502762    543  467.700348  539.040070    574
2    proj_002.png  465.089041  86.902397    584  356.145907  198.873665    562  373.421154  303.034615    520  478.318519  414.568519    540  465.115917  539.121107    578
3    proj_003.png  462.572635  86.873311    592  355.264184  198.982270    564  375.801147  303.091778    523  479.138632  414.558226    541  462.570447  539.097938    582
4    proj_004.png  460.053422  86.886477    599  354.428064  198.960924    563  378.231939  303.013308    526  479.963031  414.663586    541  459.963855  539.201377    581
5    proj_005.png  457.456522  86.841137    598  353.646018  198.945133    565  380.652751  303.037951    527  480.797445  414.724453    548  457.469697  539.249158    594
6    proj_006.png  454.844741  86.884808    599  352.825000  198.846429    560  383.154580  303.019084    524  481.520221  414.670956    544  454.810169  539.342373    590
7    proj_007.png  452.185930  86.871022    597  351.967391  198.806159    552  385.532567  302.984674    522  482.365169  414.848315    534  452.218058  539.345826    587
8    proj_008.png  449.636516  86.889447    597  351.143636  198.776364    550  388.017241  302.954023    522  483.232775  414.932961    537  449.603041  539.493243    592
9    proj_009.png  446.953020  86.916107    596  350.422587  198.765027    549  390.500000  302.928030    528  484.062147  415.058380    531  446.965695  539.451115    583
10   proj_010.png  444.285714  86.885382    602  349.597450  198.666667    549  392.954545  302.888258    528  484.808630  415.090056    533  444.272269  539.487395    595
11   proj_011.png  441.659468  86.853821    602  348.803309  198.768382    544  395.535985  302.897727    528  485.581921  415.201507    531  441.636364  539.580808    594
12   proj_012.png  438.970346  86.851730    607  348.125926  198.683333    540  398.009328  302.852612    536  486.340866  415.210923    531  438.998314  539.568297    593
13   proj_013.png  436.346090  86.825291    601  347.429368  198.680297    538  400.545802  302.853053    524  487.026871  415.326296    521  436.319728  539.663265    588
14   proj_014.png  433.621891  86.835821    603  346.697588  198.690167    539  402.966292  302.837079    534  487.727619  415.396190    525  433.600000  539.701695    590
15   proj_015.png  430.991681  86.858569    601  346.157699  198.701299    539  405.502825  302.832392    531  488.429924  415.393939    528  430.965928  539.713799    587
16   proj_016.png  428.278878  86.792079    606  345.484171  198.692737    537  408.070076  302.801136    528  489.109405  415.495202    521  428.262712  539.727119    590
17   proj_017.png  425.732441  86.782609    598  344.759777  198.689013    537  410.533962  302.843396    530  489.739962  415.577438    523  425.683673  539.761905    588
18   proj_018.png  422.945092  86.805324    601  344.365672  198.660448    536  413.043726  302.815589    526  490.376894  415.645833    528  422.984668  539.724020    587
19   proj_019.png  420.084298  86.813223    605  343.644444  198.644444    540  415.549533  302.820561    535  491.000000  415.701149    522  420.149406  539.719864    589
20   proj_020.png  417.540765  86.798669    601  343.185741  198.607880    533  418.062857  302.800000    525  491.481836  415.875717    523  417.567797  539.666102    590
21   proj_021.png  414.814570  86.827815    604  342.721281  198.679849    531  420.665414  302.825188    532  492.035088  415.883041    513  414.807560  539.719931    582
22   proj_022.png  412.189853  86.823241    611  342.090909  198.584416    539  423.189139  302.808989    534  492.642447  415.990440    523  412.164430  539.746644    596
23   proj_023.png  409.523333  86.785000    600  341.796226  198.652830    530  425.603025  302.822306    529  493.046512  415.990310    516  409.501689  539.707770    592
24   proj_024.png  406.825658  86.845395    608  341.231776  198.641121    535  428.156716  302.884328    536  493.611429  416.049524    525  406.740304  539.634064    593
25   proj_025.png  404.235099  86.836093    604  340.922932  198.633459    532  430.635849  302.828302    530  494.024436  416.259398    532  404.132879  539.649063    587
26   proj_026.png  401.515050  86.819398    598  340.468927  198.553672    531  433.254717  302.873585    530  494.407619  416.262857    525  401.423012  539.664975    591
27   proj_027.png  398.772727  86.759259    594  340.164486  198.594393    535  435.604962  302.912214    524  494.811787  416.317490    526  398.814310  539.657581    587
28   proj_028.png  396.109797  86.827703    592  339.634831  198.541199    534  438.349146  302.948767    527  495.253333  416.417143    525  396.091993  539.640545    587
29   proj_029.png  393.471477  86.865772    596  339.468045  198.535714    532  440.584291  302.952107    522  495.602273  416.409091    528  393.462457  539.754266    586
30   proj_030.png  390.787270  86.860972    597  339.244485  198.522059    544  443.290807  302.909944    533  495.953096  416.590994    533  390.784512  539.673401    594
31   proj_031.png  388.135823  86.864177    589  338.728119  198.471136    537  445.564054  302.965583    523  496.325843  416.739700    534  388.151361  539.477891    588
32   proj_032.png  385.536545  86.827243    602  338.583643  198.500000    538  448.267686  302.998088    523  496.521576  416.761726    533  385.491611  539.439597    596
33   proj_033.png  382.944257  86.880068    592  338.429630  198.500000    540  450.545802  302.982824    524  496.709738  416.780899    534  382.932318  539.472081    591
34   proj_034.png  380.323873  86.883139    599  338.341912  198.500000    544  453.104563  303.032319    526  497.109259  416.942593    540  380.351852  539.377104    594
35   proj_035.png  377.717863  86.881469    599  338.171846  198.446069    547  455.510476  303.068571    525  497.263352  417.014733    543  377.648241  539.301508    597
36   proj_036.png  375.082770  86.945946    592  337.754613  198.424354    542  457.984762  303.045714    525  497.457249  417.154275    538  375.074703  539.169779    589
37   proj_037.png  372.554806  86.961214    593  337.664825  198.476980    543  460.437859  303.082218    523  497.684502  417.238007    542  372.531092  539.218487    595
38   proj_038.png  370.000000  86.915110    589  337.626838  198.430147    544  462.705545  303.135755    523  497.748162  417.303309    544  369.996604  539.095076    589
39   proj_039.png  367.454545  86.919192    594  337.568556  198.407678    547  465.381404  303.098672    527  497.860294  417.336397    544  367.469697  539.089226    594
40   proj_040.png  364.956303  87.000000    595  337.522936  198.363303    545  467.553875  303.168242    529  498.063291  417.386980    553  364.989899  539.020202    594
41   proj_041.png  362.478041  86.915541    592  337.500000  198.356618    544  470.009615  303.119231    520  498.119134  417.440433    554  362.382799  538.890388    593
42   proj_042.png  359.979730  86.989865    592  337.500000  198.356618    544  472.404175  303.163188    527  498.161871  417.510791    556  359.989899  538.939394    594
43   proj_043.png  357.478114  86.959596    594  337.522936  198.363303    545  474.647059  303.227704    527  498.175407  417.658228    553  357.477234  538.765599    593
44   proj_044.png  355.000000  87.000000    593  337.620000  198.361818    550  477.126177  303.316384    531  498.183784  417.668468    555  354.979695  538.796954    591
45   proj_045.png  352.664384  86.965753    584  337.638026  198.323583    547  479.434535  303.330171    527  498.120658  417.786106    547  352.630769  538.627350    585
46   proj_046.png  350.115646  87.011905    588  337.707721  198.340074    544  481.628788  303.399621    528  498.078182  417.883636    550  350.128425  538.501712    584
47   proj_047.png  347.867121  87.003407    587  337.747253  198.307692    546  483.934866  303.408046    522  498.000000  417.976534    554  347.866667  538.295726    585
48   proj_048.png  345.335616  87.034247    584  338.014467  198.278481    553  486.162524  303.539197    523  497.922523  418.090090    555  345.414966  538.204082    588
49   proj_049.png  343.049153  87.027119    590  338.273551  198.250000    552  488.495292  303.523540    531  497.742754  418.137681    552  343.132653  538.108844    588
50   proj_050.png  340.921502  87.042662    586  338.386861  198.239051    548  490.631579  303.515038    532  497.670270  418.309910    555  340.792164  538.042589    587
51   proj_051.png  338.488927  87.074957    587  338.563536  198.287293    543  492.845420  303.664122    524  497.452252  418.329730    555  338.500000  538.000000    586
52   proj_052.png  336.161512  87.097938    582  338.768248  198.213504    548  495.050096  303.647399    519  497.350272  418.357532    551  336.253012  537.938038    581
53   proj_053.png  333.998285  87.145798    583  339.000000  198.218412    554  497.370301  303.659774    532  497.055062  418.460036    563  334.020339  537.808475    590
54   proj_054.png  331.888124  87.185886    581  339.354244  198.206642    542  499.485714  303.786667    525  496.907308  418.566845    561  331.896907  537.597938    582
55   proj_055.png  329.692833  87.187713    586  339.693285  198.154265    551  501.498106  303.854167    528  496.669643  418.585714    560  329.721088  537.457483    588
56   proj_056.png  327.500000  87.172881    590  340.023551  198.099638    552  503.539924  303.922053    526  496.328571  418.698214    560  327.521368  537.275214    585
57   proj_057.png  325.388416  87.175468    587  340.295413  198.108257    545  505.564885  303.952290    524  496.072954  418.823843    562  325.392796  537.190395    583
58   proj_058.png  323.325901  87.178388    583  340.829982  198.078611    547  507.634470  303.973485    528  495.685252  418.919065    556  323.308219  537.125000    584
59   proj_059.png  321.303602  87.236707    583  341.050725  198.023551    552  509.657845  303.981096    529  495.313167  418.989324    562  321.268376  536.972650    585
60   proj_060.png  319.317324  87.236707    583  341.555354  198.016334    551  511.664783  304.107345    531  494.962366  419.055556    558  319.233677  536.817869    582
61   proj_061.png  317.315517  87.296552    580  342.020110  198.036563    547  513.637051  304.147448    529  494.552212  419.120354    565  317.262069  536.729310    580
62   proj_062.png  315.286957  87.314783    575  342.482633  198.016453    547  515.611321  304.226415    530  494.064286  419.182143    560  315.395869  536.452668    581
63   proj_063.png  313.308362  87.324042    574  343.044527  198.000000    539  517.571698  304.237736    530  493.687389  419.253996    563  313.362069  536.322414    580
64   proj_064.png  311.470280  87.295455    572  343.492701  197.961679    548  519.398866  304.308129    529  493.151079  419.395683    556  311.452007  536.085515    573
65   proj_065.png  309.536713  87.361888    572  344.118299  197.953789    541  521.251880  304.390977    532  492.637809  419.445230    566  309.595447  536.021016    571
66   proj_066.png  307.882759  87.353448    580  344.607273  197.958182    550  523.129944  304.425612    531  492.128342  419.534759    561  307.850772  535.893654    583
67   proj_067.png  305.998267  87.476603    577  345.289134  197.896869    543  524.943074  304.521822    527  491.558348  419.538600    557  305.979167  535.711806    576
68   proj_068.png  304.157986  87.470486    576  345.790826  197.928440    545  526.592871  304.523452    533  490.975439  419.687719    570  304.120069  535.487136    583
69   proj_069.png  302.554031  87.468268    583  346.438980  197.814208    549  528.450652  304.543762    537  490.386121  419.830961    562  302.540171  535.252991    585
70   proj_070.png  300.872600  87.478185    573  347.117431  197.845872    545  530.060491  304.744802    529  489.665480  419.820285    562  300.846287  535.157168    579
71   proj_071.png  299.265271  87.560209    573  347.792350  197.839709    549  531.685981  304.695327    535  489.077739  419.899293    566  299.256055  535.020761    578
72   proj_072.png  297.577123  87.544194    577  348.486388  197.813067    551  533.364991  304.783985    537  488.355009  419.973638    569  297.577778  534.900855    585
73   proj_073.png  296.067358  87.601036    579  349.181319  197.822344    546  534.972119  304.855019    538  487.743409  420.031634    569  296.089194  534.665523    583
74   proj_074.png  294.605903  87.664931    576  349.884191  197.816176    544  536.553903  304.947955    538  486.968366  420.080844    569  294.603093  534.451890    582
75   proj_075.png  293.054007  87.655052    574  350.611722  197.732601    546  538.114815  305.042593    540  486.289242  420.123457    567  293.029412  534.288927    578
76   proj_076.png  291.609756  87.689895    574  351.480663  197.727440    543  539.561567  305.164179    536  485.564602  420.185841    565  291.688042  534.031196    577
77   proj_077.png  290.208621  87.744828    580  352.250000  197.721014    552  541.076208  305.271375    538  484.806620  420.226481    574  290.194492  533.996558    581
78   proj_078.png  288.891986  87.733449    574  353.057301  197.733826    541  542.500928  305.296846    539  483.994737  420.349123    570  288.910190  533.789292    579
79   proj_079.png  287.539384  87.780822    584  353.891107  197.735027    551  543.882784  305.397436    546  483.079585  420.437716    578  287.632997  533.614478    594
80   proj_080.png  286.337349  87.831325    581  354.765996  197.755027    547  545.309259  305.438889    540  482.237258  420.513181    569  286.284247  533.296233    584
81   proj_081.png  285.086806  87.800347    576  355.594843  197.705341    543  546.521257  305.512015    541  481.404930  420.621479    568  285.118557  533.147766    582
82   proj_082.png  283.896014  87.823224    577  356.532967  197.741758    546  547.896296  305.581481    540  480.601045  420.740418    574  283.880829  532.956822    579
83   proj_083.png  282.788562  87.887348    577  357.420956  197.740809    544  549.157509  305.659341    546  479.706897  420.784483    580  282.793460  532.793460    581
84   proj_084.png  281.687500  87.871528    576  358.301645  197.661792    547  550.266910  305.685558    547  478.775087  420.840830    578  281.648789  532.558824    578
85   proj_085.png  280.577193  87.880702    570  359.269725  197.633028    545  551.496310  305.752768    542  477.877836  420.877836    573  280.528070  532.378947    570
86   proj_086.png  279.588752  87.901582    569  360.269725  197.633028    545  552.580110  305.854512    543  476.940663  420.940663    573  279.582897  532.169284    573
87   proj_087.png  278.646127  88.000000    568  361.220588  197.580882    544  553.603670  305.943119    545  475.956522  420.984348    575  278.549912  531.977233    571
88   proj_088.png  277.724077  88.035149    569  362.220588  197.580882    544  554.645338  306.036563    547  474.977431  420.994792    576  277.699473  531.755712    569
89   proj_089.png  276.831304  88.029565    575  363.252747  197.615385    546  555.668478  306.152174    552  473.927210  421.045061    577  276.840830  531.541522    578
90   proj_090.png  275.929947  88.082312    571  364.256458  197.583026    542  556.658135  306.277879    547  472.917976  421.099476    573  275.958042  531.321678    572
91   proj_091.png  275.149912  88.084656    567  365.268022  197.604436    541  557.632353  306.334559    544  471.866551  421.195841    577  275.140598  531.154657    569
92   proj_092.png  274.455497  88.115183    573  366.263254  197.623400    547  558.560579  306.417722    553  470.793460  421.206540    581  274.382867  530.989510    572
93   proj_093.png  273.680141  88.124780    569  367.367273  197.616364    550  559.425725  306.465580    552  469.693493  421.232877    584  273.758319  530.810858    571
94   proj_094.png  273.066901  88.250000    568  368.500000  197.627737    548  560.212613  306.511712    555  468.614334  421.274744    586  273.057391  530.480000    575
95   proj_095.png  272.425087  88.155052    574  369.555354  197.586207    551  560.941071  306.669643    560  467.467797  421.327119    590  272.449827  530.181661    578
96   proj_096.png  271.929701  88.284710    569  370.644161  197.523723    548  561.689408  306.700180    557  466.335628  421.421687    581  271.887719  530.107018    570
97   proj_097.png  271.402135  88.320285    562  371.707495  197.522852    547  562.298561  306.854317    556  465.148464  421.544369    586  271.403846  529.952797    572
98   proj_098.png  270.931338  88.313380    568  372.883212  197.602190    548  562.944144  306.953153    555  463.991394  421.567986    581  270.947368  529.687719    570
99   proj_099.png  270.500000  88.336879    564  374.128857  197.558984    551  563.504456  307.023173    561  462.865646  421.634354    588  270.499118  529.391534    567
100  proj_100.png  270.123656  88.437276    558  375.304189  197.530055    549  564.021739  307.050725    552  461.702055  421.714041    584  270.133215  529.243339    563
101  proj_101.png  269.815742  88.454383    559  376.479129  197.511797    551  564.535971  307.206835    556  460.490662  421.782683    589  269.774250  529.001764    567
102  proj_102.png  269.398927  88.477639    559  377.636364  197.500000    550  565.005376  307.241935    558  459.365646  421.765306    588  269.429329  528.844523    566
103  proj_103.png  269.156584  88.500000    562  378.833635  197.544304    553  565.342960  307.389892    554  458.022222  421.835897    585  269.207885  528.607527    558
104  proj_104.png  269.000000  88.500000    560  380.046763  197.500000    556  565.751351  307.475676    555  456.839590  421.921502    586  268.998214  528.416071    560
105  proj_105.png  268.775362  88.528986    552  381.395264  197.520947    549  566.097297  307.542342    555  455.522920  421.884550    589  268.772401  528.150538    558
106  proj_106.png  268.675090  88.577617    554  382.525455  197.540000    550  566.427536  307.603261    552  454.139456  421.884354    588  268.661290  527.951613    558
107  proj_107.png  268.596745  88.589512    553  383.675090  197.500000    554  566.598198  307.715315    555  453.018581  421.986486    592  268.608618  527.709156    557
108  proj_108.png  268.558984  88.584392    551  385.042279  197.476103    544  566.707804  307.740472    551  451.880546  421.974403    586  268.602190  527.489051    548
109  proj_109.png  268.570652  88.605072    552  386.355191  197.517304    549  566.971429  307.942857    560  450.357265  421.981197    585  268.603261  527.307971    552
110  proj_110.png  268.678119  88.614828    553  387.491892  197.477477    555  567.215190  308.005425    553  449.071066  422.049069    591  268.756708  527.110912    559
111  proj_111.png  268.870674  88.693989    549  388.817360  197.482821    553  567.262206  308.204340    553  447.815254  422.038983    590  268.915468  526.852518    556
112  proj_112.png  268.969259  88.831826    553  390.082437  197.500000    558  567.188172  308.195341    558  446.469697  422.109428    594  268.985586  526.650450    555
113  proj_113.png  269.067518  88.821168    548  391.448463  197.457505    553  567.058076  308.281307    551  445.115646  422.085034    588  269.165766  526.412613    555
114  proj_114.png  269.365455  88.794545    550  392.805704  197.443850    561  567.010753  308.372760    558  443.727425  422.098662    598  269.334539  526.247740    553
115  proj_115.png  269.702206  88.867647    544  394.057348  197.428315    558  566.898734  308.462929    553  442.480672  422.196639    595  269.697248  525.952294    545
116  proj_116.png  270.023636  88.900000    550  395.320721  197.445045    555  566.727110  308.554758    557  441.064189  422.202703    592  270.036232  525.817029    552
117  proj_117.png  270.419890  88.865562    543  396.729875  197.497317    559  566.676208  308.635063    559  439.710218  422.226131    597  270.464481  525.542805    549
118  proj_118.png  270.816176  88.976103    544  398.044723  197.407871    559  566.201068  308.749110    562  438.357383  422.206376    596  270.748624  525.324771    545
119  proj_119.png  271.290976  88.968692    543  399.347748  197.482883    555  565.978495  308.829749    558  436.954774  422.219430    597  271.251366  525.207650    549
120  proj_120.png  271.777164  89.034991    543  400.683544  197.453888    553  565.655971  308.887701    561  435.564784  422.209302    602  271.828154  524.901280    547
121  proj_121.png  272.419295  89.020408    539  402.000000  197.500000    562  565.105169  309.046346    561  434.150754  422.246231    597  272.397436  524.633700    546
122  proj_122.png  272.965328  89.098540    548  403.385172  197.443038    553  564.778175  309.112701    559  432.732888  422.328881    599  272.968978  524.518248    548
123  proj_123.png  273.594843  89.257827    543  404.950266  197.408526    563  564.209677  309.215054    558  431.354785  422.315182    606  273.611314  524.416058    548
124  proj_124.png  274.344444  89.174074    540  406.019504  197.413121    564  563.802139  309.292335    561  429.907285  422.281457    604  274.267399  524.137363    546
125  proj_125.png  275.134935  89.207024    541  407.509058  197.480072    552  563.035398  309.396460    565  428.458882  422.393092    608  275.113971  523.906250    544
126  proj_126.png  275.725599  89.324125    543  408.964789  197.429577    568  562.541516  309.478339    554  427.072013  422.374795    611  275.729282  523.681400    543
127  proj_127.png  276.560297  89.280148    539  410.213781  197.416961    566  561.915044  309.511504    565  425.542763  422.407895    608  276.612132  523.485294    544
128  proj_128.png  277.475926  89.355556    540  411.579137  197.420863    556  561.097691  309.644760    563  424.301483  422.352554    607  277.464945  523.333948    542
129  proj_129.png  278.475926  89.355556    540  413.000000  197.500000    566  560.372093  309.740608    559  422.789560  422.389886    613  278.352399  523.180812    542
130  proj_130.png  279.385900  89.358071    539  414.419183  197.445826    563  559.536412  309.834813    563  421.442623  422.422951    610  279.337017  522.858195    543
131  proj_131.png  280.346939  89.330241    539  415.810284  197.429078    564  558.760141  309.887125    567  419.949097  422.372742    609  280.360444  522.661738    541
132  proj_132.png  281.419593  89.371534    541  417.062167  197.495560    563  557.805310  309.998230    565  418.509031  422.438424    609  281.453875  522.594096    542
133  proj_133.png  282.455390  89.392193    538  418.500000  197.500000    560  556.886121  310.048043    562  417.057661  422.378913    607  282.405204  522.355019    538
134  proj_134.png  283.482309  89.448790    537  419.960993  197.500000    564  555.879159  310.260946    571  415.626841  422.382979    611  283.427509  522.197026    538
135  proj_135.png  284.523277  89.506518    537  421.189716  197.429078    564  554.913580  310.298060    567  414.320261  422.377451    612  284.593284  521.869403    536
136  proj_136.png  285.664804  89.491620    537  422.697880  197.438163    566  553.856890  310.429329    566  412.773096  422.419773    617  285.750000  521.632463    536
137  proj_137.png  286.984820  89.519924    527  424.022928  197.493827    567  552.737123  310.497336    563  411.479475  422.402299    609  286.992410  521.559772    527
138  proj_138.png  288.312150  89.555140    535  425.263251  197.383392    566  551.518784  310.515206    559  410.011438  422.429739    612  288.281716  521.417910    536
139  proj_139.png  289.523452  89.592871    533  426.868651  197.406305    571  550.357401  310.548736    554  408.532787  422.385246    610  289.539623  521.256604    530
140  proj_140.png  290.707317  89.628518    533  428.054101  197.415358    573  549.003515  310.648506    569  407.254457  422.350081    617  290.832090  521.048507    536
141  proj_141.png  292.371482  89.662289    533  429.503521  197.375000    568  547.816578  310.800705    567  405.724026  422.319805    616  292.260377  520.807547    530
142  proj_142.png  293.581439  89.736742    528  430.975395  197.446397    569  546.423759  310.812057    564  404.395800  422.337641    619  293.672316  520.651601    531
143  proj_143.png  295.108987  89.623327    523  432.078947  197.436842    570  545.017637  310.887125    567  402.943182  422.332792    616  295.022770  520.491461    527
144  proj_144.png  296.523810  89.910476    525  433.603175  197.398589    567  543.737213  311.005291    567  401.581848  422.304700    617  296.469697  520.357955    528
145  proj_145.png  298.097514  89.768642    523  434.987676  197.411972    568  542.128295  311.000000    569  400.233766  422.271104    616  298.040000  520.184762    525
146  proj_146.png  299.549618  89.875954    524  436.080560  197.430823    571  540.837456  311.128975    566  398.713355  422.177524    614  299.543893  520.000000    524
147  proj_147.png  301.181992  89.779693    522  437.538053  197.417699    565  539.113879  311.241993    562  397.453507  422.293638    613  301.186180  519.714012    521
148  proj_148.png  302.750000  89.744275    524  438.916084  197.500000    572  537.633452  311.354093    562  396.047386  422.155229    612  302.753321  519.648956    527
149  proj_149.png  304.432692  89.953846    520  440.105263  197.457895    570  536.035026  311.450088    571  394.643902  422.213008    615  304.428030  519.545455    528
150  proj_150.png  306.119545  89.810247    527  441.526042  197.460069    576  534.286713  311.384615    572  393.330081  422.160976    615  306.092628  519.304348    529
151  proj_151.png  307.799615  89.903661    519  442.916084  197.500000    572  532.801056  311.505282    568  391.830343  422.158238    613  307.824762  519.131429    525
152  proj_152.png  309.548450  90.000000    516  444.096491  197.456140    570  530.964912  311.564912    570  390.632520  422.157724    615  309.546154  519.007692    520
153  proj_153.png  311.282150  89.927063    521  445.420870  197.476522    575  529.183566  311.657343    572  389.318627  422.102941    612  311.308571  518.834286    525
154  proj_154.png  313.048450  89.976744    516  446.749562  197.521891    571  527.407343  311.711538    572  388.003268  422.063725    612  313.073218  518.709056    519
155  proj_155.png  314.980620  89.984496    516  448.001751  197.476357    571  525.584211  311.805263    570  386.644372  422.006525    613  314.994242  518.506718    521
156  proj_156.png  316.914563  90.017476    515  449.305800  197.476274    569  523.712544  311.940767    574  385.380098  422.008157    613  316.898077  518.461538    520
157  proj_157.png  318.697495  90.053950    519  450.480702  197.478947    570  521.836806  311.930556    576  384.126230  421.927869    610  318.694497  518.296015    527
158  proj_158.png  320.598077  90.044231    520  451.838879  197.567426    571  519.909722  311.944444    576  382.853377  421.856672    607  320.598848  518.165067    521
159  proj_159.png  322.633010  90.064078    515  453.000000  197.523643    571  517.884615  312.055944    572  381.499182  421.865794    611  322.532819  517.971042    518
160  proj_160.png  324.627907  90.085271    516  454.184348  197.570435    575  515.878893  312.124567    578  380.232406  421.783961    611  324.554913  517.917148    519
161  proj_161.png  326.585603  90.073930    514  455.503534  197.581272    566  513.897391  312.187826    575  378.993399  421.752475    606  326.601923  517.732692    520
162  proj_162.png  328.634100  90.116858    522  456.854895  197.547203    572  511.858377  312.189983    579  377.720588  421.722222    612  328.623574  517.627376    526
163  proj_163.png  330.694818  90.142035    521  457.943958  197.569177    571  509.665511  312.253033    577  376.500818  421.597381    611  330.725714  517.504762    525
164  proj_164.png  332.730402  90.170172    523  459.106457  197.602094    573  507.561313  312.245250    579  375.346906  421.596091    614  332.737643  517.368821    526
165  proj_165.png  334.795455  90.208333    528  460.272251  197.565445    573  505.378007  312.352234    582  374.131280  421.557536    617  334.832075  517.279245    530
166  proj_166.png  336.947269  90.224105    531  461.500000  197.575862    580  503.181356  312.498305    590  372.852512  421.576985    617  336.949627  517.223881    536
167  proj_167.png  339.207224  90.218631    526  462.655052  197.628920    574  500.938356  312.511986    584  371.608197  421.490164    610  339.155140  517.112150    535
168  proj_168.png  341.284630  90.237192    527  463.857895  197.647368    570  498.744828  312.620690    580  370.522241  421.495881    607  341.360377  516.890566    530
169  proj_169.png  343.537736  90.275472    530  464.978910  197.644991    569  496.423208  312.650171    586  369.369028  421.472817    607  343.585687  516.785311    531
170  proj_170.png  345.761194  90.272388    536  466.049037  197.611208    571  494.138280  312.669477    593  368.282895  421.360197    608  345.700935  516.689720    535
171  proj_171.png  347.990672  90.294776    536  467.183746  197.634276    566  491.768971  312.736931    593  367.119601  421.295681    602  347.929236  516.638734    537
172  proj_172.png  350.164486  90.355140    535  468.284192  197.577265    563  489.451342  312.733221    596  366.051926  421.241206    597  350.181481  516.533333    540
173  proj_173.png  352.392193  90.310409    538  469.348837  197.599284    559  487.038851  312.760135    592  364.977816  421.116041    586  352.399628  516.421933    538
174  proj_174.png  354.544776  90.324627    536  470.437838  197.614414    555  484.753794  312.878583    593  363.916096  421.054795    584  354.557407  516.416667    540
175  proj_175.png  356.731978  90.395564    541  471.460289  197.622744    554  482.476667  312.938333    600  362.895726  421.066667    585  356.720588  516.290441    544
176  proj_176.png  359.209259  90.433333    540  472.500000  197.595668    554  480.091060  312.908940    604  361.843537  421.022109    588  359.162963  516.155556    540
177  proj_177.png  361.500000  90.319703    538  473.522523  197.625225    555  477.600000  312.981818    605  360.843537  420.977891    588  361.476895  516.136784    541
178  proj_178.png  363.750000  90.459259    540  474.500000  197.617329    554  475.166389  313.008319    601  359.877133  420.947099    586  363.757914  516.022346    537
179  proj_179.png  366.264325  90.439926    541  475.477477  197.625225    555  472.665557  313.043261    601  358.902397  420.910959    584  366.245353  515.953532    538
180  proj_180.png  368.546816  90.342697    534  476.429348  197.639493    552  470.273333  313.026667    600  357.939655  420.877586    580  368.528864  515.864060    537
181  proj_181.png  370.975836  90.421933    538  477.339928  197.645683    556  467.688119  313.110561    606  357.027397  420.702055    584  370.939114  515.846863    542
182  proj_182.png  373.386617  90.371747    538  478.243243  197.670270    555  465.180921  313.125000    608  356.127807  420.666667    579  373.409259  515.690741    540
183  proj_183.png  375.804428  90.391144    542  479.112701  197.756708    559  462.653595  313.166667    612  355.224700  420.614065    583  375.794118  515.658088    544
184  proj_184.png  378.239051  90.405109    548  479.955752  197.782301    565  460.037097  313.212903    620  354.373514  420.553480    589  378.238182  515.616364    550
185  proj_185.png  380.600000  90.478899    545  480.722420  197.768683    562  457.382022  313.219904    623  353.605128  420.411966    585  380.651460  515.560219    548
186  proj_186.png  383.144177  90.395564    541  481.620072  197.783154    558  454.788618  313.235772    615  352.836522  420.293913    575  383.124088  515.541971    548
187  proj_187.png  385.512015  90.478743    541  482.454710  197.755435    552  452.220968  313.272581    620  352.003490  420.279232    573  385.529520  515.511070    542
188  proj_188.png  388.022222  90.457407    540  483.216117  197.813187    546  449.536585  313.344715    615  351.071804  420.238179    571  388.047706  515.455046    545
189  proj_189.png  390.522936  90.449541    545  483.996364  197.798182    550  446.917342  313.325770    617  350.312281  420.138596    570  390.547794  515.435662    544
190  proj_190.png  393.003704  90.429630    540  484.843462  197.780847    543  444.269044  313.307942    617  349.582593  420.156306    563  392.972426  515.329044    544
191  proj_191.png  395.456044  90.479853    546  485.575868  197.787934    547  441.631664  313.347334    619  348.804965  420.063830    564  395.500000  515.412088    546
192  proj_192.png  397.978378  90.445045    555  486.399635  197.813869    548  439.011129  313.376789    629  348.127434  420.021239    565  397.949367  515.314647    553
193  proj_193.png  400.500000  90.476190    546  487.005505  197.884404    545  436.345104  313.372392    623  347.342199  419.882979    564  400.502742  515.363803    547
194  proj_194.png  403.021818  90.427273    550  487.785978  197.822878    542  433.615137  313.349436    621  346.802867  419.826165    558  403.067642  515.303473    547
195  proj_195.png  405.500000  90.500000    544  488.454880  197.848987    543  430.979266  313.424242    627  346.101243  419.742451    563  405.479053  515.344262    549
196  proj_196.png  408.096189  90.486388    551  489.167279  197.878676    544  428.375399  313.402556    626  345.500000  419.645985    548  408.036430  515.256831    549
197  proj_197.png  410.521101  90.488073    545  489.703911  197.929236    537  425.555377  313.346709    623  344.767695  419.551724    551  410.511840  515.300546    549
198  proj_198.png  413.192308  90.479853    546  490.374302  197.865922    537  422.956311  313.435275    618  344.360507  419.500000    552  413.146789  515.262385    545
199  proj_199.png  415.567766  90.479853    546  490.928571  197.953008    532  420.208668  313.441413    623  343.658802  419.448276    551  415.609800  515.279492    551
200  proj_200.png  418.091075  90.477231    549  491.518587  197.923792    538  417.501608  313.352090    622  343.168784  419.348457    551  418.094203  515.297101    552
201  proj_201.png  420.658088  90.500000    544  492.086629  197.979284    531  414.811897  313.405145    622  342.709619  419.333938    551  420.663024  515.344262    549
202  proj_202.png  423.100365  90.481752    548  492.619137  198.045028    533  412.219904  313.415730    623  342.117754  419.230072    552  423.085145  515.235507    552
203  proj_203.png  425.658088  90.500000    544  493.033520  198.024209    537  409.524351  313.344156    616  341.729242  419.131769    554  425.619048  515.293040    546
204  proj_204.png  428.127737  90.467153    548  493.604478  198.080224    536  406.794212  313.360129    622  341.142857  418.980108    553  428.108893  515.239564    551
205  proj_205.png  430.630515  90.494485    544  494.000000  198.023723    548  404.202247  313.354735    623  340.965704  419.014440    554  430.604052  515.360958    543
206  proj_206.png  433.170909  90.481818    550  494.427536  198.043478    552  401.485437  313.365696    618  340.448833  418.908438    557  433.182971  515.327899    552
207  proj_207.png  435.721612  90.500000    546  494.952813  198.094374    551  398.675283  313.302100    619  340.028829  418.832432    555  435.650735  515.406250    544
208  proj_208.png  438.236697  90.445872    545  495.195971  198.139194    546  396.283871  313.279032    620  339.782143  418.650000    560  438.256781  515.417722    553
209  proj_209.png  440.680147  90.419118    544  495.688645  198.172161    546  393.500810  313.398703    617  339.481884  418.543478    552  440.599265  515.450368    544
210  proj_210.png  443.250916  90.463370    546  495.989130  198.126812    552  390.722581  313.303226    620  339.122995  418.579323    561  443.283883  515.496337    546
211  proj_211.png  445.606285  90.465804    541  496.269581  198.176685    549  388.262561  313.303079    617  338.905526  418.434938    561  445.599265  515.450368    544
212  proj_212.png  448.247253  90.417582    546  496.552727  198.229091    550  385.511290  313.270968    620  338.639785  418.405018    558  448.260474  515.531876    549
213  proj_213.png  450.591497  90.487985    541  496.894643  198.217857    560  382.793215  313.237480    619  338.430088  418.269027    565  450.553931  515.524680    547
214  proj_214.png  453.202555  90.428832    548  497.019713  198.231183    558  380.381494  313.180195    616  338.145648  418.262877    563  453.155963  515.583486    545
215  proj_215.png  455.546125  90.433579    542  497.192171  198.298932    562  377.658576  313.249191    618  337.977113  418.125000    568  455.474453  515.582117    548
216  proj_216.png  457.996350  90.437956    548  497.500000  198.299639    554  375.243506  313.173701    616  337.847100  418.070299    569  457.972727  515.685455    550
217  proj_217.png  460.443831  90.460405    543  497.606884  198.331522    552  372.531148  313.167213    610  337.800705  418.005291    567  460.343119  515.669725    545
218  proj_218.png  462.798548  90.441016    551  497.865009  198.278863    563  369.991803  313.103279    610  337.695122  417.959930    574  462.849091  515.740000    550
219  proj_219.png  465.327839  90.393773    546  497.945326  198.335097    567  367.431118  313.051864    617  337.563604  417.890459    566  465.296364  515.910909    550
220  proj_220.png  467.582255  90.399261    541  498.030357  198.355357    560  364.941957  312.980100    603  337.504456  417.734403    561  467.625461  515.987085    542
221  proj_221.png  470.023593  90.357532    551  498.059965  198.402116    567  362.400000  313.004878    615  337.500000  417.674912    566  470.000000  516.000000    551
222  proj_222.png  472.394834  90.381919    542  498.123894  198.405310    565  359.976783  312.960199    603  337.520426  417.575488    563  472.383486  516.188991    545
223  proj_223.png  474.663004  90.413919    546  498.096831  198.367958    568  357.390879  312.951140    614  337.531690  417.494718    568  474.691606  516.191606    548
224  proj_224.png  477.159633  90.357798    545  498.096831  198.367958    568  355.041322  312.900826    605  337.570922  417.439716    564  477.077206  516.261029    544
225  proj_225.png  479.352399  90.359779    542  498.066901  198.440141    568  352.568369  312.807249    607  337.702465  417.338028    568  479.443015  516.406250    544
226  proj_226.png  481.650000  90.301852    540  498.066901  198.440141    568  350.182421  312.835821    603  337.792982  417.240351    570  481.587156  516.458716    545
227  proj_227.png  483.878453  90.270718    543  498.047452  198.453427    569  347.739771  312.657938    611  337.893170  417.152364    571  483.937843  516.566728    547
228  proj_228.png  486.257827  90.337017    543  497.984183  198.437610    569  345.415157  312.701812    607  338.068301  417.063047    571  486.329020  516.606285    541
229  proj_229.png  488.500000  90.327138    538  497.897033  198.438045    573  343.085142  312.727880    599  338.198246  417.026316    570  488.460259  516.589649    541
230  proj_230.png  490.613260  90.344383    543  497.886760  198.426829    574  340.667758  312.615385    611  338.296875  416.967014    576  490.671533  516.735401    548
231  proj_231.png  492.811700  90.274223    547  497.523643  198.455342    571  338.500000  312.500000    608  338.598949  416.905429    571  492.906077  517.011050    543
232  proj_232.png  495.058288  90.196721    549  497.163194  198.500000    576  336.363487  312.539474    608  338.874126  416.798951    572  495.021898  516.990876    548
233  proj_233.png  497.286506  90.260628    541  497.076923  198.513986    572  334.020101  312.443886    597  338.998246  416.631579    570  497.277064  517.247706    545
234  proj_234.png  499.429368  90.288104    538  497.000000  198.500000    570  331.798995  312.314908    597  339.316071  416.589286    560  499.411765  517.397059    544
235  proj_235.png  501.486034  90.217877    537  496.820870  198.514783    575  329.561983  312.342149    605  339.649374  416.483005    559  501.473394  517.433028    545
236  proj_236.png  503.611524  90.163569    538  496.196552  198.558621    580  327.484245  312.268657    603  339.984211  416.421053    570  503.541284  517.555963    545
237  proj_237.png  505.695733  90.155844    539  495.977312  198.506108    573  325.412646  312.232945    601  340.306595  416.399287    561  505.573529  517.637868    544
238  proj_238.png  507.708720  90.157699    539  495.783362  198.599653    577  323.323333  312.143333    600  340.820106  416.264550    567  507.666048  517.755102    539
239  proj_239.png  509.729630  90.092593    540  495.220665  198.644483    571  321.292642  312.086957    598  341.122124  416.207080    565  509.742593  517.940741    540
240  proj_240.png  511.840659  90.038462    546  494.996546  198.569948    579  319.251656  312.014901    604  341.635088  416.054386    570  511.799636  518.067395    549
241  proj_241.png  513.770909  90.021818    550  494.513652  198.674061    586  317.320598  311.976744    602  342.038801  416.074074    567  513.767695  518.263158    551
242  proj_242.png  515.671560  90.022018    545  494.073298  198.605585    573  315.386555  311.907563    595  342.467857  415.933929    560  515.589649  518.377079    541
243  proj_243.png  517.584249  90.027473    546  493.603120  198.714038    577  313.321549  311.887205    594  343.023214  415.858929    560  517.511927  518.478899    545
244  proj_244.png  519.416974  89.933579    542  493.158537  198.710801    574  311.448567  311.789207    593  343.525090  415.810036    558  519.434381  518.554529    541
245  proj_245.png  521.267658  89.966543    538  492.627622  198.704545    572  309.708475  311.723729    590  344.100539  415.745063    557  521.266055  518.728440    545
246  proj_246.png  523.192593  89.922222    540  492.119584  198.714038    577  307.856902  311.641414    594  344.621185  415.667864    557  523.036364  518.920000    550
247  proj_247.png  524.838235  89.930147    544  491.504363  198.767888    573  305.993243  311.567568    592  345.287770  415.548561    556  524.865809  519.049632    544
248  proj_248.png  526.629358  89.860550    545  491.000000  198.722704    577  304.185185  311.500000    594  345.732852  415.494585    554  526.638532  519.267890    545
249  proj_249.png  528.432781  89.799263    543  490.337434  198.783831    569  302.602007  311.352843    598  346.468240  415.413793    551  528.421731  519.412523    543
250  proj_250.png  530.092764  89.846011    539  489.853913  198.798261    575  300.855688  311.344652    589  347.098390  415.400716    559  530.164207  519.487085    542
251  proj_251.png  531.673993  89.758242    546  489.041522  198.788927    578  299.287395  311.213445    595  347.818182  415.279857    561  531.674589  519.623400    547
252  proj_252.png  533.458867  89.720293    547  488.418966  198.872414    580  297.588136  311.179661    590  348.419929  415.188612    562  533.427007  519.777372    548
253  proj_253.png  535.000000  89.752277    549  487.757315  198.803787    581  296.071066  311.118443    591  349.157424  415.118068    559  535.000000  520.000000    551
254  proj_254.png  536.554328  89.657459    543  487.024263  198.811092    577  294.535163  311.025729    583  349.931284  415.097649    553  536.514706  520.264706    544
255  proj_255.png  538.100365  89.691606    548  486.302768  198.837370    578  293.060811  311.000000    592  350.657194  415.083481    563  538.085766  520.403285    548
256  proj_256.png  539.581353  89.634369    547  485.566494  198.884283    579  291.645051  310.911263    586  351.467023  414.957219    561  539.607664  520.510949    548
257  proj_257.png  541.078755  89.617216    546  484.765625  198.897569    576  290.249576  310.842105    589  352.197509  414.868327    562  541.049002  520.635209    551
258  proj_258.png  542.478976  89.616088    547  483.982818  198.867698    582  288.860544  310.792517    588  353.120567  414.810284    564  542.540541  520.863063    555
259  proj_259.png  543.828210  89.584087    553  483.087031  198.909556    586  287.577703  310.716216    592  353.925795  414.791519    566  543.906810  521.043011    558
260  proj_260.png  545.312727  89.538182    550  482.323630  198.892123    584  286.313233  310.549414    597  354.754011  414.679144    561  545.252236  521.205725    559
261  proj_261.png  546.607664  89.543796    548  481.445407  198.918544    577  285.058120  310.483761    585  355.612319  414.617754    552  546.550459  521.434862    545
262  proj_262.png  547.875451  89.532491    554  480.559177  198.926244    583  283.887755  310.428571    588  356.477477  414.553153    555  547.885510  521.550984    559
263  proj_263.png  549.119565  89.500000    552  479.641379  198.931034    580  282.779110  310.220890    584  357.417722  414.511754    553  549.169946  521.819320    559
264  proj_264.png  550.301989  89.479204    553  478.775652  198.932174    575  281.692042  310.216263    578  358.335155  414.449909    549  550.315789  521.894737    551
265  proj_265.png  551.461818  89.425455    550  477.934256  198.989619    578  280.631034  310.151724    580  359.301645  414.416819    547  551.474545  522.227273    550
266  proj_266.png  552.612727  89.460000    550  476.955095  199.000000    579  279.602410  310.041308    581  360.284672  414.355839    548  552.604356  522.346642    551
267  proj_267.png  553.675182  89.423358    548  475.955095  199.000000    579  278.669535  310.005164    581  361.245009  414.270417    551  553.677007  522.529197    548
268  proj_268.png  554.717153  89.401460    548  474.955095  199.000000    579  277.710572  309.868284    577  362.273224  414.231330    549  554.703636  522.774545    550
269  proj_269.png  555.721014  89.364130    552  473.941480  199.000000    581  276.805172  309.836207    580  363.202532  414.153707    553  555.725314  522.937163    557
270  proj_270.png  556.709091  89.325455    550  472.948276  199.022414    580  275.893913  309.746087    575  364.242315  414.146474    553  556.661844  523.173599    553
271  proj_271.png  557.651543  89.297641    551  471.929432  199.008606    581  275.123478  309.667826    575  365.252252  414.120721    555  557.594595  523.356757    555
272  proj_272.png  558.566787  89.337545    554  470.871795  199.042735    585  274.395509  309.597582    579  366.307002  414.077199    557  558.552962  523.570916    557
273  proj_273.png  559.369643  89.233929    560  469.651877  199.051195    586  273.743501  309.400347    577  367.379679  413.980392    561  559.427549  523.745975    559
274  proj_274.png  560.203571  89.142857    560  468.576592  199.075731    581  273.085814  309.274956    571  368.519784  413.883094    556  560.180212  524.001767    566
275  proj_275.png  560.921569  89.139037    561  467.476923  199.044444    585  272.484375  309.152778    576  369.575540  413.775180    556  561.001779  524.142349    562
276  proj_276.png  561.643369  89.100358    558  466.374784  199.051813    579  271.921053  309.212281    570  370.662455  413.687726    554  561.644404  524.415162    554
277  proj_277.png  562.344029  89.076649    561  465.130137  199.073630    584  271.446585  309.087566    571  371.797491  413.689964    558  562.291367  524.552158    556
278  proj_278.png  562.985533  89.036166    553  464.034188  199.112821    585  270.855124  308.984099    566  372.903461  413.683060    549  562.858407  524.800000    565
279  proj_279.png  563.486631  89.019608    561  462.911263  199.109215    586  270.499118  308.908289    567  374.074275  413.608696    552  563.500000  525.000000    562
280  proj_280.png  563.994585  88.976534    554  461.700000  199.098276    580  270.147950  308.811052    561  375.245009  413.604356    551  564.023297  525.152330    558
281  proj_281.png  564.500000  88.980287    558  460.500000  199.040956    586  269.764602  308.750442    565  376.473779  413.576854    553  564.477477  525.405405    555
282  proj_282.png  564.998192  88.952984    553  459.343590  199.148718    585  269.406475  308.579137    556  377.656364  413.543636    550  564.953488  525.590340    559
283  proj_283.png  565.315603  88.923759    564  458.018644  199.135593    590  269.109929  308.500000    564  378.855856  413.482883    555  565.325664  525.837168    565
284  proj_284.png  565.756757  88.841441    555  456.841297  199.126280    586  268.989286  308.473214    560  380.088129  413.491007    556  565.793907  526.039427    558
285  proj_285.png  566.073741  88.791367    556  455.573129  199.151361    588  268.777577  308.421338    553  381.338798  413.442623    549  566.125673  526.245961    557
286  proj_286.png  566.415913  88.746835    553  454.170358  199.165247    587  268.646739  308.264493    552  382.517367  413.371115    547  566.387681  526.460145    552
287  proj_287.png  566.584532  88.733813    556  453.000000  199.111675    591  268.580935  308.156475    556  383.666065  413.350181    554  566.617329  526.698556    554
288  proj_288.png  566.687840  88.709619    551  451.824232  199.175768    586  268.559783  308.119565    552  385.157509  413.382784    546  566.759928  526.920578    554
289  proj_289.png  566.922523  88.688288    555  450.310463  199.219554    583  268.555354  307.983666    551  386.381818  413.320000    550  566.948029  527.102151    558
290  proj_290.png  567.255435  88.634058    552  449.107926  199.166948    593  268.657706  307.870968    558  387.535135  413.250450    555  567.272072  527.398198    555
291  proj_291.png  567.282609  88.597826    552  447.859797  199.162162    592  268.909910  307.767568    555  388.843243  413.232432    555  567.206148  527.517179    553
292  proj_292.png  567.247740  88.594937    553  446.478849  199.140440    591  269.007273  307.749091    550  390.070144  413.219424    556  567.155797  527.793478    552
293  proj_293.png  567.127505  88.544627    549  445.146010  199.168081    589  269.164534  307.583181    547  391.425225  413.218018    555  567.054054  527.954955    555
294  proj_294.png  567.018083  88.528029    553  443.712605  199.169748    595  269.447898  307.542962    547  392.780357  413.180357    560  566.994624  528.146953    558
295  proj_295.png  566.910420  88.504570    547  442.439728  199.195246    589  269.622468  307.456722    543  393.996390  413.104693    554  566.849091  528.421818    550
296  proj_296.png  566.691892  88.522523    555  441.077703  199.197635    592  270.036166  307.256781    553  395.313620  413.109319    558  566.749553  528.586762    559
297  proj_297.png  566.591727  88.480216    556  439.670588  199.236975    595  270.412963  307.338889    540  396.717626  413.053957    556  566.605735  528.840502    558
298  proj_298.png  566.233393  88.456014    557  438.330523  199.232715    593  270.722222  307.203704    540  398.003597  413.066547    556  566.220826  529.111311    557
299  proj_299.png  565.953571  88.353571    560  436.923986  199.199324    592  271.328413  307.084871    542  399.351786  413.051786    560  566.012478  529.306595    561
300  proj_300.png  565.667266  88.464029    556  435.514190  199.245409    599  271.782689  306.948435    543  400.698752  413.073084    561  565.571942  529.512590    556
301  proj_301.png  565.110714  88.371429    560  434.136594  199.212479    593  272.398524  306.939114    542  402.031972  412.996448    563  565.246869  529.695886    559
302  proj_302.png  564.792419  88.287004    554  432.760135  199.163851    592  272.931860  306.815838    543  403.363636  412.976827    561  564.745063  529.876122    557
303  proj_303.png  564.235081  88.291139    553  431.271044  199.213805    594  273.566108  306.638734    537  404.741472  412.938959    557  564.258993  530.147482    556
304  proj_304.png  563.738182  88.301818    550  429.923599  199.215620    589  274.401119  306.557836    536  406.096948  412.940754    557  563.664855  530.349638    552
305  proj_305.png  563.046512  88.230769    559  428.500000  199.282392    602  275.018904  306.516068    529  407.499106  412.896243    559  563.126786  530.567857    560
306  proj_306.png  562.551724  88.277677    551  427.058725  199.161074    596  275.695733  306.487941    539  408.912656  412.942959    561  562.531915  530.815603    564
307  proj_307.png  561.873440  88.165775    561  425.650582  199.209651    601  276.544610  306.444238    538  410.218085  412.918440    564  561.867621  530.915921    559
308  proj_308.png  561.069767  88.119857    559  424.317195  199.180301    599  277.443203  306.327747    537  411.590018  412.901961    561  561.134650  531.213645    557
309  proj_309.png  560.397482  88.071942    556  422.853535  199.213805    594  278.352720  306.221388    533  412.991039  412.849462    558  560.395307  531.425993    554
310  proj_310.png  559.528571  88.032143    560  421.458746  199.186469    606  279.312618  306.139360    531  414.435626  412.945326    567  559.570662  531.627907    559
311  proj_311.png  558.619134  88.000000    554  419.978114  199.223906    594  280.320076  306.045455    528  415.743363  412.888496    565  558.619390  531.757630    557
312  proj_312.png  557.867857  87.980357    560  418.504160  199.236273    601  281.313688  305.956274    526  417.126560  412.935829    561  557.757576  531.976827    561
313  proj_313.png  556.867857  87.980357    560  417.123333  199.163333    600  282.357414  305.935361    526  418.487500  412.880357    560  556.890265  532.231858    565
314  proj_314.png  555.918919  87.918919    555  415.652174  199.200669    598  283.455238  305.782857    525  419.907143  412.907143    560  555.921147  532.455197    558
315  proj_315.png  554.862254  87.910555    559  414.315000  199.150000    600  284.546139  305.638418    531  421.296296  412.911817    567  554.857651  532.546263    562
316  proj_316.png  553.855335  87.788427    553  412.831366  199.207420    593  285.859345  305.558767    519  422.612903  412.924731    558  553.777978  532.792419    554
317  proj_317.png  552.603604  87.846847    555  411.435644  199.313531    606  287.015238  305.520000    525  424.026643  412.888099    563  552.680284  533.039076    563
318  proj_318.png  551.461957  87.750000    552  410.000000  199.186978    599  288.302857  305.502857    525  425.427807  412.918004    561  551.502683  533.218247    559
319  proj_319.png  550.344828  87.702359    551  408.564570  199.261589    604  289.530303  305.401515    528  426.809187  412.932862    566  550.350272  533.390200    551
320  proj_320.png  549.023339  87.703770    557  407.186356  199.219634    601  290.912791  305.335271    516  428.209507  412.977113    568  549.054054  533.545946    555
321  proj_321.png  547.670290  87.635870    552  405.711667  199.193333    600  292.315280  305.230174    517  429.528369  412.969858    564  547.707581  533.797834    554
322  proj_322.png  546.466790  87.571956    542  404.428808  199.231788    604  293.619417  305.091262    515  430.841918  412.959147    563  546.447038  533.989228    557
323  proj_323.png  545.026978  87.645683    556  402.954392  199.185811    592  295.066929  305.084646    508  432.264184  413.042553    564  545.003604  534.144144    555
324  proj_324.png  543.619565  87.581522    552  401.522241  199.281713    607  296.500000  305.000000    520  433.580986  412.989437    568  543.646739  534.378623    552
325  proj_325.png  542.224231  87.650995    553  400.204355  199.252931    597  298.103718  304.917808    511  434.925926  412.996473    567  542.251799  534.550360    556
326  proj_326.png  540.701818  87.594545    550  398.739130  199.257525    598  299.536822  304.926357    516  436.206714  413.114841    566  540.646209  534.693141    554
327  proj_327.png  539.242701  87.576642    548  397.425957  199.226290    601  301.209073  304.836292    507  437.560498  413.064057    562  539.222423  534.833635    553
328  proj_328.png  537.624088  87.520073    548  396.021849  199.157983    595  302.715415  304.752964    506  438.935714  413.133929    560  537.599278  535.128159    554
329  proj_329.png  536.034296  87.494585    554  394.671119  199.218698    599  304.438492  304.714286    504  440.201068  413.147687    562  536.050542  535.176895    554
330  proj_330.png  534.308108  87.493694    555  393.393688  199.207641    602  306.190661  304.618677    514  441.611702  413.143617    564  534.388385  535.415608    551
331  proj_331.png  532.691892  87.477477    555  391.995017  199.191030    602  307.815175  304.513619    514  442.914742  413.181172    563  532.763766  535.541741    563
332  proj_332.png  530.941068  87.462247    543  390.612795  199.146465    594  309.583166  304.454910    499  444.093023  413.194991    559  530.965827  535.796763    556
333  proj_333.png  529.260791  87.424460    556  389.354515  199.173913    598  311.244576  304.392505    507  445.485714  413.221429    560  529.202509  536.010753    558
334  proj_334.png  527.407942  87.435018    554  387.989950  199.207705    597  313.100791  304.258893    506  446.818182  413.281640    561  527.438061  536.064632    557
335  proj_335.png  525.477314  87.422868    551  386.796954  199.150592    591  314.988095  304.232143    504  448.026596  413.308511    564  525.582143  536.189286    560
336  proj_336.png  523.584392  87.353902    551  385.269815  199.150084    593  316.873016  304.176587    504  449.295170  413.277281    559  523.601449  536.425725    552
337  proj_337.png  521.786355  87.377020    557  384.069140  199.138280    593  318.748515  304.108911    505  450.476703  413.351254    558  521.805405  536.526126    555
338  proj_338.png  519.894075  87.308797    557  382.908629  199.142132    591  320.714286  304.049603    504  451.712230  413.451439    556  519.944444  536.673835    558
339  proj_339.png  517.926126  87.279279    555  381.494915  199.157627    590  322.622266  304.005964    503  453.113106  413.477558    557  517.904847  536.877917    557
340  proj_340.png  515.933333  87.272072    555  380.154762  199.083333    588  324.572854  304.015968    501  454.350272  413.479129    551  515.928187  537.010772    557
341  proj_341.png  513.881720  87.252688    558  378.974705  199.075885    593  326.581673  303.976096    502  455.539711  413.490975    554  513.898214  537.148214    560
342  proj_342.png  511.719203  87.282609    552  377.756757  199.096284    592  328.645291  303.943888    499  456.781982  413.497297    555  511.759928  537.259928    554
343  proj_343.png  509.644007  87.203936    559  376.517766  199.094755    591  330.673913  303.879447    506  457.906810  413.523297    558  509.584532  537.424460    556
344  proj_344.png  507.556940  87.145907    562  375.287162  199.106419    592  332.814596  303.810651    507  459.075134  413.563506    559  507.516995  537.516995    559
345  proj_345.png  505.413547  87.165775    561  374.030560  199.078098    589  334.889109  303.790099    505  460.290323  413.661290    558  505.357651  537.697509    562
346  proj_346.png  503.223199  87.098418    569  372.920608  199.042230    592  336.996071  303.768173    509  461.476703  413.693548    558  503.188049  537.797891    569
347  proj_347.png  500.865961  87.077601    567  371.743633  199.088285    589  339.134766  303.650391    512  462.624776  413.786355    557  500.925926  537.848325    567
348  proj_348.png  498.716312  87.106383    564  370.500000  199.040956    586  341.335283  303.606238    513  463.772152  413.784810    553  498.729682  538.030035    566
349  proj_349.png  496.423077  87.076923    572  369.381601  199.086882    587  343.505792  303.501931    518  464.960644  413.915921    559  496.369338  538.040070    574
350  proj_350.png  494.190227  87.024433    573  368.224109  199.047538    589  345.777778  303.500000    522  466.087500  413.880357    560  494.102431  538.190972    576
351  proj_351.png  491.735652  87.000000    575  367.084192  199.027491    582  347.974903  303.467181    518  467.108696  413.976449    552  491.887916  538.301226    571
352  proj_352.png  489.455017  87.012111    578  366.029260  199.015491    581  350.158700  303.407266    523  468.229803  413.924596    557  489.491319  538.272569    576
353  proj_353.png  487.000000  87.018966    580  365.000000  199.000000    577  352.342803  303.378788    528  469.366606  414.041742    551  487.083478  538.398261    575
354  proj_354.png  484.773356  86.986159    578  363.979167  198.989583    576  354.553030  303.388258    528  470.417279  414.121324    544  484.895105  538.463287    572
355  proj_355.png  482.478705  86.991482    587  362.888889  198.989583    576  356.786260  303.276718    524  471.457721  414.198529    544  482.550347  538.576389    576
356  proj_356.png  480.114334  86.938567    586  361.838879  198.970228    571  359.100193  303.273603    519  472.457565  414.247232    542  480.089317  538.705779    571
357  proj_357.png  477.791525  87.008475    590  360.838879  198.970228    571  361.426386  303.275335    523  473.480591  414.240296    541  477.778929  538.720207    579
358  proj_358.png  475.134583  86.926746    587  359.866900  199.000000    571  363.862934  303.212355    518  474.448980  414.304267    539  475.139616  538.801047    573
359  proj_359.png  472.820339  86.977966    590  358.861404  198.959649    570  366.179191  303.179191    519  475.476809  414.341373    539  472.721739  538.885217    575

============================================================
Iteration 0
============================================================
Theta offsets (Unity frame):
  Source   : dSx=   0.000, dSy=   0.000, dSz=   0.000  (mm)
  Object   : dOx=   0.000, dOy=   0.000, dOz=   0.000  (mm)
  Object offset: offset_x=   0.000, offset_z=   0.000  (mm)
  Detector : dDx=   0.000, dDy=   0.000, dDz=   0.000  (mm)
  Obj Stage rotY :    0.000 deg
============================================================

Unity geometry (world coordinates):
  Source   : x=  -5.000, y=  38.000, z=   0.000
  Object   : x=   7.000, y=  20.000, z= 576.000
  Detector : x=  10.000, y=   3.000, z= 690.000
  Obj rotY :   0.0000 deg
view   0 | SOD= 576.406 mm | SDD= 691.050 mm | M= 1.199 | incident=3.1588°
[[ -12.     -576.      -18.    ]
 [   3.      114.       17.    ]
 [   0.1496    0.        0.    ]
 [   0.        0.        0.1496]]
Residual vector length: 7200, Jacobian shape: (7200, 6)
view   0 | SOD= 575.325 mm | SDD= 691.050 mm | M= 1.201 | incident=3.1588°
[[   5.5148087  -574.96814     -19.501003  ]
 [   5.4920955   115.19487      15.498997  ]
 [   0.14956455    0.00325633    0.        ]
 [   0.            0.            0.1496    ]]

iter 00 cost=3168764.113804 -> 292287.928955 |dtheta|=5.472202e+00  lambda=1.000e-02

============================================================
Iteration 1
============================================================
Theta offsets (Unity frame):
  Source   : dSx=   0.000, dSy=   0.000, dSz=   0.000  (mm)
  Object   : dOx=  -4.997, dOy=  -1.501, dOz=  -1.080  (mm)
  Object offset: offset_x=  -0.001, offset_z=   0.032  (mm)
  Detector : dDx=   0.000, dDy=   0.000, dDz=   0.000  (mm)
  Obj Stage rotY :    1.247 deg
============================================================

Unity geometry (world coordinates):
  Source   : x=  -5.000, y=  38.000, z=   0.000
  Object   : x=   2.003, y=  18.499, z= 574.920
  Detector : x=  10.000, y=   3.000, z= 690.000
  Obj rotY :   0.0000 deg
view   0 | SOD= 575.325 mm | SDD= 691.050 mm | M= 1.201 | incident=3.1588°
[[   5.5148087  -574.96814     -19.501003  ]
 [   5.4920955   115.19487      15.498997  ]
 [   0.14956455    0.00325633    0.        ]
 [   0.            0.            0.1496    ]]
Residual vector length: 7200, Jacobian shape: (7200, 6)
view   0 | SOD= 573.929 mm | SDD= 691.050 mm | M= 1.204 | incident=3.1588°
[[  15.407903   -573.3751      -19.951187  ]
 [   5.085847    116.710686     15.048813  ]
 [   0.14949931    0.00548793    0.        ]
 [   0.            0.            0.1496    ]]

iter 01 cost=292287.928955 -> 40741.387815 |dtheta|=2.208930e+00  lambda=3.333e-03

============================================================
Iteration 2
============================================================
Theta offsets (Unity frame):
  Source   : dSx=   0.000, dSy=   0.000, dSz=   0.000  (mm)
  Object   : dOx=  -6.405, dOy=  -1.951, dOz=  -2.481  (mm)
  Object offset: offset_x=   0.041, offset_z=   0.035  (mm)
  Detector : dDx=   0.000, dDy=   0.000, dDz=   0.000  (mm)
  Obj Stage rotY :    2.102 deg
============================================================

Unity geometry (world coordinates):
  Source   : x=  -5.000, y=  38.000, z=   0.000
  Object   : x=   0.595, y=  18.049, z= 573.519
  Detector : x=  10.000, y=   3.000, z= 690.000
  Obj rotY :   0.0000 deg
view   0 | SOD= 573.929 mm | SDD= 691.050 mm | M= 1.204 | incident=3.1588°
[[  15.407903   -573.3751      -19.951187  ]
 [   5.085847    116.710686     15.048813  ]
 [   0.14949931    0.00548793    0.        ]
 [   0.            0.            0.1496    ]]
Residual vector length: 7200, Jacobian shape: (7200, 6)
view   0 | SOD= 572.837 mm | SDD= 691.050 mm | M= 1.206 | incident=3.1588°
[[  20.108068   -572.1315      -20.098967  ]
 [   4.5976806   117.85725      14.901033  ]
 [   0.14945382    0.00661183    0.        ]
 [   0.            0.            0.1496    ]]

iter 02 cost=40741.387815 -> 12539.244141 |dtheta|=1.255916e+00  lambda=1.111e-03

============================================================
Iteration 3
============================================================
Theta offsets (Unity frame):
  Source   : dSx=   0.000, dSy=   0.000, dSz=   0.000  (mm)
  Object   : dOx=  -6.814, dOy=  -2.099, dOz=  -3.577  (mm)
  Object offset: offset_x=   0.011, offset_z=   0.038  (mm)
  Detector : dDx=   0.000, dDy=   0.000, dDz=   0.000  (mm)
  Obj Stage rotY :    2.533 deg
============================================================

Unity geometry (world coordinates):
  Source   : x=  -5.000, y=  38.000, z=   0.000
  Object   : x=   0.186, y=  17.901, z= 572.423
  Detector : x=  10.000, y=   3.000, z= 690.000
  Obj rotY :   0.0000 deg
view   0 | SOD= 572.837 mm | SDD= 691.050 mm | M= 1.206 | incident=3.1588°
[[  20.108068   -572.1315      -20.098967  ]
 [   4.5976806   117.85725      14.901033  ]
 [   0.14945382    0.00661183    0.        ]
 [   0.            0.            0.1496    ]]
Residual vector length: 7200, Jacobian shape: (7200, 6)
view   0 | SOD= 571.938 mm | SDD= 691.050 mm | M= 1.208 | incident=3.1588°
[[  22.370598   -571.14636     -20.108898  ]
 [   4.227387    118.778145     14.891102  ]
 [   0.1494275     0.00718208    0.        ]
 [   0.            0.            0.1496    ]]

iter 03 cost=12539.244141 -> 6817.481381 |dtheta|=9.156211e-01  lambda=3.704e-04

============================================================
Iteration 4
============================================================
Theta offsets (Unity frame):
  Source   : dSx=   0.000, dSy=   0.000, dSz=   0.000  (mm)
  Object   : dOx=  -6.935, dOy=  -2.109, dOz=  -4.458  (mm)
  Object offset: offset_x=   0.010, offset_z=   0.019  (mm)
  Detector : dDx=   0.000, dDy=   0.000, dDz=   0.000  (mm)
  Obj Stage rotY :    2.752 deg
============================================================

Unity geometry (world coordinates):
  Source   : x=  -5.000, y=  38.000, z=   0.000
  Object   : x=   0.065, y=  17.891, z= 571.542
  Detector : x=  10.000, y=   3.000, z= 690.000
  Obj rotY :   0.0000 deg
view   0 | SOD= 571.938 mm | SDD= 691.050 mm | M= 1.208 | incident=3.1588°
[[  22.370598   -571.14636     -20.108898  ]
 [   4.227387    118.778145     14.891102  ]
 [   0.1494275     0.00718208    0.        ]
 [   0.            0.            0.1496    ]]
Residual vector length: 7200, Jacobian shape: (7200, 6)
view   0 | SOD= 571.275 mm | SDD= 691.050 mm | M= 1.210 | incident=3.1588°
[[  23.416796   -570.4408      -20.091923  ]
 [   4.022877    119.4497       14.908077  ]
 [   0.14941423    0.00745296    0.        ]
 [   0.            0.            0.1496    ]]

iter 04 cost=6817.481381 -> 4368.254865 |dtheta|=6.664251e-01  lambda=1.235e-04

============================================================
Iteration 5
============================================================
Theta offsets (Unity frame):
  Source   : dSx=   0.000, dSy=   0.000, dSz=   0.000  (mm)
  Object   : dOx=  -6.967, dOy=  -2.092, dOz=  -5.115  (mm)
  Object offset: offset_x=  -0.002, offset_z=   0.014  (mm)
  Detector : dDx=   0.000, dDy=   0.000, dDz=   0.000  (mm)
  Obj Stage rotY :    2.856 deg
============================================================

Unity geometry (world coordinates):
  Source   : x=  -5.000, y=  38.000, z=   0.000
  Object   : x=   0.033, y=  17.908, z= 570.885
  Detector : x=  10.000, y=   3.000, z= 690.000
  Obj rotY :   0.0000 deg
view   0 | SOD= 571.275 mm | SDD= 691.050 mm | M= 1.210 | incident=3.1588°
[[  23.416796   -570.4408      -20.091923  ]
 [   4.022877    119.4497       14.908077  ]
 [   0.14941423    0.00745296    0.        ]
 [   0.            0.            0.1496    ]]
Residual vector length: 7200, Jacobian shape: (7200, 6)
view   0 | SOD= 570.679 mm | SDD= 691.050 mm | M= 1.211 | incident=3.1588°
[[  24.264755   -569.80927     -20.079205  ]
 [   3.818988    120.05082      14.920795  ]
 [   0.1494027     0.00768076    0.        ]
 [   0.            0.            0.1496    ]]

iter 05 cost=4368.254865 -> 2696.340052 |dtheta|=6.023620e-01  lambda=4.115e-05

============================================================
Iteration 6
============================================================
Theta offsets (Unity frame):
  Source   : dSx=   0.000, dSy=   0.000, dSz=   0.000  (mm)
  Object   : dOx=  -6.977, dOy=  -2.079, dOz=  -5.710  (mm)
  Object offset: offset_x=  -0.000, offset_z=   0.014  (mm)
  Detector : dDx=   0.000, dDy=   0.000, dDz=   0.000  (mm)
  Obj Stage rotY :    2.943 deg
============================================================

Unity geometry (world coordinates):
  Source   : x=  -5.000, y=  38.000, z=   0.000
  Object   : x=   0.023, y=  17.921, z= 570.290
  Detector : x=  10.000, y=   3.000, z= 690.000
  Obj rotY :   0.0000 deg
view   0 | SOD= 570.679 mm | SDD= 691.050 mm | M= 1.211 | incident=3.1588°
[[  24.264755   -569.80927     -20.079205  ]
 [   3.818988    120.05082      14.920795  ]
 [   0.1494027     0.00768076    0.        ]
 [   0.            0.            0.1496    ]]
Residual vector length: 7200, Jacobian shape: (7200, 6)
view   0 | SOD= 570.216 mm | SDD= 691.050 mm | M= 1.212 | incident=3.1588°
[[  24.394804   -569.3409      -20.064135  ]
 [   3.7675865   120.51381      14.935865  ]
 [   0.14940067    0.00772006    0.        ]
 [   0.            0.            0.1496    ]]

iter 06 cost=2696.340052 -> 1729.726343 |dtheta|=4.581436e-01  lambda=1.372e-05

============================================================
Iteration 7
============================================================
Theta offsets (Unity frame):
  Source   : dSx=   0.000, dSy=   0.000, dSz=   0.000  (mm)
  Object   : dOx=  -6.983, dOy=  -2.064, dOz=  -6.168  (mm)
  Object offset: offset_x=   0.002, offset_z=   0.009  (mm)
  Detector : dDx=   0.000, dDy=   0.000, dDz=   0.000  (mm)
  Obj Stage rotY :    2.958 deg
============================================================

Unity geometry (world coordinates):
  Source   : x=  -5.000, y=  38.000, z=   0.000
  Object   : x=   0.017, y=  17.936, z= 569.832
  Detector : x=  10.000, y=   3.000, z= 690.000
  Obj rotY :   0.0000 deg
view   0 | SOD= 570.216 mm | SDD= 691.050 mm | M= 1.212 | incident=3.1588°
[[  24.394804   -569.3409      -20.064135  ]
 [   3.7675865   120.51381      14.935865  ]
 [   0.14940067    0.00772006    0.        ]
 [   0.            0.            0.1496    ]]
Residual vector length: 7200, Jacobian shape: (7200, 6)
view   0 | SOD= 569.836 mm | SDD= 691.050 mm | M= 1.213 | incident=3.1588°
[[  24.598074   -568.9519      -20.051962  ]
 [   3.7083287   120.894875     14.948038  ]
 [   0.14939772    0.00777692    0.        ]
 [   0.            0.            0.1496    ]]

iter 07 cost=1729.726343 -> 1079.188528 |dtheta|=3.777283e-01  lambda=4.572e-06

============================================================
Iteration 8
============================================================
Theta offsets (Unity frame):
  Source   : dSx=   0.000, dSy=   0.000, dSz=   0.000  (mm)
  Object   : dOx=  -6.987, dOy=  -2.052, dOz=  -6.545  (mm)
  Object offset: offset_x=  -0.001, offset_z=   0.006  (mm)
  Detector : dDx=   0.000, dDy=   0.000, dDz=   0.000  (mm)
  Obj Stage rotY :    2.980 deg
============================================================

Unity geometry (world coordinates):
  Source   : x=  -5.000, y=  38.000, z=   0.000
  Object   : x=   0.013, y=  17.948, z= 569.455
  Detector : x=  10.000, y=   3.000, z= 690.000
  Obj rotY :   0.0000 deg
view   0 | SOD= 569.836 mm | SDD= 691.050 mm | M= 1.213 | incident=3.1588°
[[  24.598074   -568.9519      -20.051962  ]
 [   3.7083287   120.894875     14.948038  ]
 [   0.14939772    0.00777692    0.        ]
 [   0.            0.            0.1496    ]]
Residual vector length: 7200, Jacobian shape: (7200, 6)
view   0 | SOD= 569.538 mm | SDD= 691.050 mm | M= 1.213 | incident=3.1588°
[[  24.514187   -568.6575      -20.037106  ]
 [   3.712731    121.19202      14.962894  ]
 [   0.14939871    0.0077578     0.        ]
 [   0.            0.            0.1496    ]]

iter 08 cost=1079.188528 -> 676.552467 |dtheta|=2.993723e-01  lambda=1.524e-06

============================================================
Iteration 9
============================================================
Theta offsets (Unity frame):
  Source   : dSx=   0.000, dSy=   0.000, dSz=   0.000  (mm)
  Object   : dOx=  -6.989, dOy=  -2.037, dOz=  -6.844  (mm)
  Object offset: offset_x=  -0.003, offset_z=   0.007  (mm)
  Detector : dDx=   0.000, dDy=   0.000, dDz=   0.000  (mm)
  Obj Stage rotY :    2.973 deg
============================================================

Unity geometry (world coordinates):
  Source   : x=  -5.000, y=  38.000, z=   0.000
  Object   : x=   0.011, y=  17.963, z= 569.156
  Detector : x=  10.000, y=   3.000, z= 690.000
  Obj rotY :   0.0000 deg
view   0 | SOD= 569.538 mm | SDD= 691.050 mm | M= 1.213 | incident=3.1588°
[[  24.514187   -568.6575      -20.037106  ]
 [   3.712731    121.19202      14.962894  ]
 [   0.14939871    0.0077578     0.        ]
 [   0.            0.            0.1496    ]]
Residual vector length: 7200, Jacobian shape: (7200, 6)
view   0 | SOD= 569.310 mm | SDD= 691.050 mm | M= 1.214 | incident=3.1588°
[[  24.644564   -568.42303     -20.03097   ]
 [   3.6755393   121.42134      14.96903   ]
 [   0.14939682    0.00779408    0.        ]
 [   0.            0.            0.1496    ]]

iter 09 cost=676.552467 -> 436.492941 |dtheta|=2.260736e-01  lambda=1.000e-06

============================================================
Iteration 10
============================================================
Theta offsets (Unity frame):
  Source   : dSx=   0.000, dSy=   0.000, dSz=   0.000  (mm)
  Object   : dOx=  -6.993, dOy=  -2.031, dOz=  -7.069  (mm)
  Object offset: offset_x=  -0.003, offset_z=   0.004  (mm)
  Detector : dDx=   0.000, dDy=   0.000, dDz=   0.000  (mm)
  Obj Stage rotY :    2.986 deg
============================================================

Unity geometry (world coordinates):
  Source   : x=  -5.000, y=  38.000, z=   0.000
  Object   : x=   0.007, y=  17.969, z= 568.931
  Detector : x=  10.000, y=   3.000, z= 690.000
  Obj rotY :   0.0000 deg
view   0 | SOD= 569.310 mm | SDD= 691.050 mm | M= 1.214 | incident=3.1588°
[[  24.644564   -568.42303     -20.03097   ]
 [   3.6755393   121.42134      14.96903   ]
 [   0.14939682    0.00779408    0.        ]
 [   0.            0.            0.1496    ]]
Residual vector length: 7200, Jacobian shape: (7200, 6)
view   0 | SOD= 569.141 mm | SDD= 691.050 mm | M= 1.214 | incident=3.1588°
[[  24.722677   -568.2513      -20.024082  ]
 [   3.6484547   121.58989      14.975918  ]
 [   0.14939563    0.00781687    0.        ]
 [   0.            0.            0.1496    ]]

iter 10 cost=436.492941 -> 291.888007 |dtheta|=1.675770e-01  lambda=1.000e-06

============================================================
Iteration 11
============================================================
Theta offsets (Unity frame):
  Source   : dSx=   0.000, dSy=   0.000, dSz=   0.000  (mm)
  Object   : dOx=  -6.994, dOy=  -2.024, dOz=  -7.236  (mm)
  Object offset: offset_x=  -0.003, offset_z=   0.003  (mm)
  Detector : dDx=   0.000, dDy=   0.000, dDz=   0.000  (mm)
  Obj Stage rotY :    2.995 deg
============================================================

Unity geometry (world coordinates):
  Source   : x=  -5.000, y=  38.000, z=   0.000
  Object   : x=   0.006, y=  17.976, z= 568.764
  Detector : x=  10.000, y=   3.000, z= 690.000
  Obj rotY :   0.0000 deg
view   0 | SOD= 569.141 mm | SDD= 691.050 mm | M= 1.214 | incident=3.1588°
[[  24.722677   -568.2513      -20.024082  ]
 [   3.6484547   121.58989      14.975918  ]
 [   0.14939563    0.00781687    0.        ]
 [   0.            0.            0.1496    ]]
Residual vector length: 7200, Jacobian shape: (7200, 6)
view   0 | SOD= 568.991 mm | SDD= 691.050 mm | M= 1.215 | incident=3.1588°
[[  24.765238   -568.0988      -20.018724  ]
 [   3.6280727   121.740456     14.981276  ]
 [   0.14939493    0.0078305     0.        ]
 [   0.            0.            0.1496    ]]

iter 11 cost=291.888007 -> 194.645072 |dtheta|=1.497297e-01  lambda=1.000e-06

============================================================
Iteration 12
============================================================
Theta offsets (Unity frame):
  Source   : dSx=   0.000, dSy=   0.000, dSz=   0.000  (mm)
  Object   : dOx=  -6.995, dOy=  -2.019, dOz=  -7.386  (mm)
  Object offset: offset_x=  -0.000, offset_z=   0.002  (mm)
  Detector : dDx=   0.000, dDy=   0.000, dDz=   0.000  (mm)
  Obj Stage rotY :    3.000 deg
============================================================

Unity geometry (world coordinates):
  Source   : x=  -5.000, y=  38.000, z=   0.000
  Object   : x=   0.005, y=  17.981, z= 568.614
  Detector : x=  10.000, y=   3.000, z= 690.000
  Obj rotY :   0.0000 deg
view   0 | SOD= 568.991 mm | SDD= 691.050 mm | M= 1.215 | incident=3.1588°
[[  24.765238   -568.0988      -20.018724  ]
 [   3.6280727   121.740456     14.981276  ]
 [   0.14939493    0.0078305     0.        ]
 [   0.            0.            0.1496    ]]
Residual vector length: 7200, Jacobian shape: (7200, 6)
view   0 | SOD= 568.877 mm | SDD= 691.050 mm | M= 1.215 | incident=3.1588°
[[  24.785847   -567.9838      -20.016539  ]
 [   3.617249    121.854454     14.983461  ]
 [   0.14939457    0.0078373     0.        ]
 [   0.            0.            0.1496    ]]

iter 12 cost=194.645072 -> 134.834795 |dtheta|=1.141312e-01  lambda=1.000e-06

============================================================
Iteration 13
============================================================
Theta offsets (Unity frame):
  Source   : dSx=   0.000, dSy=   0.000, dSz=   0.000  (mm)
  Object   : dOx=  -6.996, dOy=  -2.017, dOz=  -7.500  (mm)
  Object offset: offset_x=   0.000, offset_z=   0.002  (mm)
  Detector : dDx=   0.000, dDy=   0.000, dDz=   0.000  (mm)
  Obj Stage rotY :    3.003 deg
============================================================

Unity geometry (world coordinates):
  Source   : x=  -5.000, y=  38.000, z=   0.000
  Object   : x=   0.004, y=  17.983, z= 568.500
  Detector : x=  10.000, y=   3.000, z= 690.000
  Obj rotY :   0.0000 deg
view   0 | SOD= 568.877 mm | SDD= 691.050 mm | M= 1.215 | incident=3.1588°
[[  24.785847   -567.9838      -20.016539  ]
 [   3.617249    121.854454     14.983461  ]
 [   0.14939457    0.0078373     0.        ]
 [   0.            0.            0.1496    ]]
Residual vector length: 7200, Jacobian shape: (7200, 6)
view   0 | SOD= 568.784 mm | SDD= 691.050 mm | M= 1.215 | incident=3.1588°
[[  24.801273   -567.8902      -20.01376   ]
 [   3.6084032   121.947365     14.98624   ]
 [   0.14939429    0.00784256    0.        ]
 [   0.            0.            0.1496    ]]

iter 13 cost=134.834795 -> 93.470934 |dtheta|=9.364252e-02  lambda=1.000e-06

============================================================
Iteration 14
============================================================
Theta offsets (Unity frame):
  Source   : dSx=   0.000, dSy=   0.000, dSz=   0.000  (mm)
  Object   : dOx=  -6.997, dOy=  -2.014, dOz=  -7.594  (mm)
  Object offset: offset_x=   0.001, offset_z=   0.003  (mm)
  Detector : dDx=   0.000, dDy=   0.000, dDz=   0.000  (mm)
  Obj Stage rotY :    3.005 deg
============================================================

Unity geometry (world coordinates):
  Source   : x=  -5.000, y=  38.000, z=   0.000
  Object   : x=   0.003, y=  17.986, z= 568.406
  Detector : x=  10.000, y=   3.000, z= 690.000
  Obj rotY :   0.0000 deg
view   0 | SOD= 568.784 mm | SDD= 691.050 mm | M= 1.215 | incident=3.1588°
[[  24.801273   -567.8902      -20.01376   ]
 [   3.6084032   121.947365     14.98624   ]
 [   0.14939429    0.00784256    0.        ]
 [   0.            0.            0.1496    ]]
Residual vector length: 7200, Jacobian shape: (7200, 6)
view   0 | SOD= 568.711 mm | SDD= 691.050 mm | M= 1.215 | incident=3.1588°
[[  24.789682   -567.81775     -20.01191   ]
 [   3.606699    122.02011      14.9880905 ]
 [   0.14939441    0.00784042    0.        ]
 [   0.            0.            0.1496    ]]

iter 14 cost=93.470934 -> 67.692363 |dtheta|=7.271705e-02  lambda=1.000e-06

============================================================
Iteration 15
============================================================
Theta offsets (Unity frame):
  Source   : dSx=   0.000, dSy=   0.000, dSz=   0.000  (mm)
  Object   : dOx=  -6.997, dOy=  -2.012, dOz=  -7.666  (mm)
  Object offset: offset_x=   0.001, offset_z=   0.003  (mm)
  Detector : dDx=   0.000, dDy=   0.000, dDz=   0.000  (mm)
  Obj Stage rotY :    3.004 deg
============================================================

Unity geometry (world coordinates):
  Source   : x=  -5.000, y=  38.000, z=   0.000
  Object   : x=   0.003, y=  17.988, z= 568.334
  Detector : x=  10.000, y=   3.000, z= 690.000
  Obj rotY :   0.0000 deg
view   0 | SOD= 568.711 mm | SDD= 691.050 mm | M= 1.215 | incident=3.1588°
[[  24.789682   -567.81775     -20.01191   ]
 [   3.606699    122.02011      14.9880905 ]
 [   0.14939441    0.00784042    0.        ]
 [   0.            0.            0.1496    ]]
Residual vector length: 7200, Jacobian shape: (7200, 6)
view   0 | SOD= 568.651 mm | SDD= 691.050 mm | M= 1.215 | incident=3.1588°
[[  24.75803    -567.7597      -20.009666  ]
 [   3.61003     122.07925      14.990334  ]
 [   0.1493948     0.00783284    0.        ]
 [   0.            0.            0.1496    ]]

iter 15 cost=67.692363 -> 51.185961 |dtheta|=5.862937e-02  lambda=1.000e-06

============================================================
Iteration 16
============================================================
Theta offsets (Unity frame):
  Source   : dSx=   0.000, dSy=   0.000, dSz=   0.000  (mm)
  Object   : dOx=  -6.998, dOy=  -2.010, dOz=  -7.725  (mm)
  Object offset: offset_x=   0.001, offset_z=   0.002  (mm)
  Detector : dDx=   0.000, dDy=   0.000, dDz=   0.000  (mm)
  Obj Stage rotY :    3.001 deg
============================================================

Unity geometry (world coordinates):
  Source   : x=  -5.000, y=  38.000, z=   0.000
  Object   : x=   0.002, y=  17.990, z= 568.275
  Detector : x=  10.000, y=   3.000, z= 690.000
  Obj rotY :   0.0000 deg
view   0 | SOD= 568.651 mm | SDD= 691.050 mm | M= 1.215 | incident=3.1588°
[[  24.75803    -567.7597      -20.009666  ]
 [   3.61003     122.07925      14.990334  ]
 [   0.1493948     0.00783284    0.        ]
 [   0.            0.            0.1496    ]]
Residual vector length: 7200, Jacobian shape: (7200, 6)
view   0 | SOD= 568.603 mm | SDD= 691.050 mm | M= 1.215 | incident=3.1588°
[[  24.765678   -567.7113      -20.008282  ]
 [   3.6063848   122.12732      14.991718  ]
 [   0.14939468    0.00783529    0.        ]
 [   0.            0.            0.1496    ]]

iter 16 cost=51.185961 -> 41.048603 |dtheta|=4.740147e-02  lambda=1.000e-06

============================================================
Iteration 17
============================================================
Theta offsets (Unity frame):
  Source   : dSx=   0.000, dSy=   0.000, dSz=   0.000  (mm)
  Object   : dOx=  -6.998, dOy=  -2.008, dOz=  -7.772  (mm)
  Object offset: offset_x=   0.000, offset_z=   0.001  (mm)
  Detector : dDx=   0.000, dDy=   0.000, dDz=   0.000  (mm)
  Obj Stage rotY :    3.002 deg
============================================================

Unity geometry (world coordinates):
  Source   : x=  -5.000, y=  38.000, z=   0.000
  Object   : x=   0.002, y=  17.992, z= 568.228
  Detector : x=  10.000, y=   3.000, z= 690.000
  Obj rotY :   0.0000 deg
view   0 | SOD= 568.603 mm | SDD= 691.050 mm | M= 1.215 | incident=3.1588°
[[  24.765678   -567.7113      -20.008282  ]
 [   3.6063848   122.12732      14.991718  ]
 [   0.14939468    0.00783529    0.        ]
 [   0.            0.            0.1496    ]]
Residual vector length: 7200, Jacobian shape: (7200, 6)
view   0 | SOD= 568.568 mm | SDD= 691.050 mm | M= 1.215 | incident=3.1588°
[[  24.771126   -567.6753      -20.007408  ]
 [   3.602974    122.163025     14.992592  ]
 [   0.14939457    0.00783721    0.        ]
 [   0.            0.            0.1496    ]]

iter 17 cost=41.048603 -> 34.972498 |dtheta|=3.465774e-02  lambda=1.000e-06

============================================================
Iteration 18
============================================================
Theta offsets (Unity frame):
  Source   : dSx=   0.000, dSy=   0.000, dSz=   0.000  (mm)
  Object   : dOx=  -6.998, dOy=  -2.007, dOz=  -7.807  (mm)
  Object offset: offset_x=   0.000, offset_z=   0.000  (mm)
  Detector : dDx=   0.000, dDy=   0.000, dDz=   0.000  (mm)
  Obj Stage rotY :    3.003 deg
============================================================

Unity geometry (world coordinates):
  Source   : x=  -5.000, y=  38.000, z=   0.000
  Object   : x=   0.002, y=  17.993, z= 568.193
  Detector : x=  10.000, y=   3.000, z= 690.000
  Obj rotY :   0.0000 deg
view   0 | SOD= 568.568 mm | SDD= 691.050 mm | M= 1.215 | incident=3.1588°
[[  24.771126   -567.6753      -20.007408  ]
 [   3.602974    122.163025     14.992592  ]
 [   0.14939457    0.00783721    0.        ]
 [   0.            0.            0.1496    ]]
Residual vector length: 7200, Jacobian shape: (7200, 6)
view   0 | SOD= 568.539 mm | SDD= 691.050 mm | M= 1.215 | incident=3.1588°
[[  24.772276   -567.6468      -20.006605  ]
 [   3.6016352   122.19147      14.993395  ]
 [   0.14939454    0.00783775    0.        ]
 [   0.            0.            0.1496    ]]

iter 18 cost=34.972498 -> 30.934966 |dtheta|=2.808164e-02  lambda=1.000e-06

============================================================
Iteration 19
============================================================
Theta offsets (Unity frame):
  Source   : dSx=   0.000, dSy=   0.000, dSz=   0.000  (mm)
  Object   : dOx=  -6.998, dOy=  -2.007, dOz=  -7.835  (mm)
  Object offset: offset_x=  -0.000, offset_z=  -0.000  (mm)
  Detector : dDx=   0.000, dDy=   0.000, dDz=   0.000  (mm)
  Obj Stage rotY :    3.003 deg
============================================================

Unity geometry (world coordinates):
  Source   : x=  -5.000, y=  38.000, z=   0.000
  Object   : x=   0.002, y=  17.993, z= 568.165
  Detector : x=  10.000, y=   3.000, z= 690.000
  Obj rotY :   0.0000 deg
view   0 | SOD= 568.539 mm | SDD= 691.050 mm | M= 1.215 | incident=3.1588°
[[  24.772276   -567.6468      -20.006605  ]
 [   3.6016352   122.19147      14.993395  ]
 [   0.14939454    0.00783775    0.        ]
 [   0.            0.            0.1496    ]]
Residual vector length: 7200, Jacobian shape: (7200, 6)
view   0 | SOD= 568.517 mm | SDD= 691.050 mm | M= 1.216 | incident=3.1588°
[[  24.776693   -567.6242      -20.005817  ]
 [   3.5999398   122.21384      14.994183  ]
 [   0.14939447    0.00783907    0.        ]
 [   0.            0.            0.1496    ]]

iter 19 cost=30.934966 -> 28.415567 |dtheta|=2.231201e-02  lambda=1.000e-06

============================================================
Iteration 20
============================================================
Theta offsets (Unity frame):
  Source   : dSx=   0.000, dSy=   0.000, dSz=   0.000  (mm)
  Object   : dOx=  -6.999, dOy=  -2.006, dOz=  -7.857  (mm)
  Object offset: offset_x=  -0.000, offset_z=  -0.000  (mm)
  Detector : dDx=   0.000, dDy=   0.000, dDz=   0.000  (mm)
  Obj Stage rotY :    3.004 deg
============================================================

Unity geometry (world coordinates):
  Source   : x=  -5.000, y=  38.000, z=   0.000
  Object   : x=   0.001, y=  17.994, z= 568.143
  Detector : x=  10.000, y=   3.000, z= 690.000
  Obj rotY :   0.0000 deg
view   0 | SOD= 568.517 mm | SDD= 691.050 mm | M= 1.216 | incident=3.1588°
[[  24.776693   -567.6242      -20.005817  ]
 [   3.5999398   122.21384      14.994183  ]
 [   0.14939447    0.00783907    0.        ]
 [   0.            0.            0.1496    ]]
Residual vector length: 7200, Jacobian shape: (7200, 6)
view   0 | SOD= 568.497 mm | SDD= 691.050 mm | M= 1.216 | incident=3.1588°
[[  24.77366    -567.60486     -20.004993  ]
 [   3.5993624   122.23327      14.995007  ]
 [   0.1493945     0.00783854    0.        ]
 [   0.            0.            0.1496    ]]

iter 20 cost=28.415567 -> 26.396310 |dtheta|=1.934018e-02  lambda=1.000e-06

============================================================
Iteration 21
============================================================
Theta offsets (Unity frame):
  Source   : dSx=   0.000, dSy=   0.000, dSz=   0.000  (mm)
  Object   : dOx=  -6.999, dOy=  -2.005, dOz=  -7.876  (mm)
  Object offset: offset_x=  -0.000, offset_z=  -0.000  (mm)
  Detector : dDx=   0.000, dDy=   0.000, dDz=   0.000  (mm)
  Obj Stage rotY :    3.003 deg
============================================================

Unity geometry (world coordinates):
  Source   : x=  -5.000, y=  38.000, z=   0.000
  Object   : x=   0.001, y=  17.995, z= 568.124
  Detector : x=  10.000, y=   3.000, z= 690.000
  Obj rotY :   0.0000 deg
view   0 | SOD= 568.497 mm | SDD= 691.050 mm | M= 1.216 | incident=3.1588°
[[  24.77366    -567.60486     -20.004993  ]
 [   3.5993624   122.23327      14.995007  ]
 [   0.1493945     0.00783854    0.        ]
 [   0.            0.            0.1496    ]]
Residual vector length: 7200, Jacobian shape: (7200, 6)
view   0 | SOD= 568.481 mm | SDD= 691.050 mm | M= 1.216 | incident=3.1588°
[[  24.766113   -567.5884      -20.00424   ]
 [   3.6002128   122.25         14.99576   ]
 [   0.1493946     0.00783672    0.        ]
 [   0.            0.            0.1496    ]]

iter 21 cost=26.396310 -> 25.084335 |dtheta|=1.655663e-02  lambda=1.000e-06

============================================================
Iteration 22
============================================================
Theta offsets (Unity frame):
  Source   : dSx=   0.000, dSy=   0.000, dSz=   0.000  (mm)
  Object   : dOx=  -6.999, dOy=  -2.004, dOz=  -7.893  (mm)
  Object offset: offset_x=  -0.001, offset_z=  -0.001  (mm)
  Detector : dDx=   0.000, dDy=   0.000, dDz=   0.000  (mm)
  Obj Stage rotY :    3.003 deg
============================================================

Unity geometry (world coordinates):
  Source   : x=  -5.000, y=  38.000, z=   0.000
  Object   : x=   0.001, y=  17.996, z= 568.107
  Detector : x=  10.000, y=   3.000, z= 690.000
  Obj rotY :   0.0000 deg
view   0 | SOD= 568.481 mm | SDD= 691.050 mm | M= 1.216 | incident=3.1588°
[[  24.766113   -567.5884      -20.00424   ]
 [   3.6002128   122.25         14.99576   ]
 [   0.1493946     0.00783672    0.        ]
 [   0.            0.            0.1496    ]]
Residual vector length: 7200, Jacobian shape: (7200, 6)
view   0 | SOD= 568.466 mm | SDD= 691.050 mm | M= 1.216 | incident=3.1588°
[[  24.764593   -567.57404     -20.003618  ]
 [   3.5998724   122.26439      14.996382  ]
 [   0.14939462    0.00783647    0.        ]
 [   0.            0.            0.1496    ]]

iter 22 cost=25.084335 -> 24.269813 |dtheta|=1.444566e-02  lambda=1.000e-06

============================================================
Iteration 23
============================================================
Theta offsets (Unity frame):
  Source   : dSx=   0.000, dSy=   0.000, dSz=   0.000  (mm)
  Object   : dOx=  -6.999, dOy=  -2.004, dOz=  -7.907  (mm)
  Object offset: offset_x=  -0.001, offset_z=  -0.001  (mm)
  Detector : dDx=   0.000, dDy=   0.000, dDz=   0.000  (mm)
  Obj Stage rotY :    3.003 deg
============================================================

Unity geometry (world coordinates):
  Source   : x=  -5.000, y=  38.000, z=   0.000
  Object   : x=   0.001, y=  17.996, z= 568.093
  Detector : x=  10.000, y=   3.000, z= 690.000
  Obj rotY :   0.0000 deg
view   0 | SOD= 568.466 mm | SDD= 691.050 mm | M= 1.216 | incident=3.1588°
[[  24.764593   -567.57404     -20.003618  ]
 [   3.5998724   122.26439      14.996382  ]
 [   0.14939462    0.00783647    0.        ]
 [   0.            0.            0.1496    ]]
Residual vector length: 7200, Jacobian shape: (7200, 6)
view   0 | SOD= 568.458 mm | SDD= 691.050 mm | M= 1.216 | incident=3.1588°
[[  24.769814   -567.56537     -20.003325  ]
 [   3.598428    122.27284      14.9966755 ]
 [   0.14939453    0.00783791    0.        ]
 [   0.            0.            0.1496    ]]

iter 23 cost=24.269813 -> 23.940440 |dtheta|=8.663282e-03  lambda=1.000e-06

============================================================
Iteration 24
============================================================
Theta offsets (Unity frame):
  Source   : dSx=   0.000, dSy=   0.000, dSz=   0.000  (mm)
  Object   : dOx=  -6.999, dOy=  -2.003, dOz=  -7.916  (mm)
  Object offset: offset_x=  -0.001, offset_z=  -0.000  (mm)
  Detector : dDx=   0.000, dDy=   0.000, dDz=   0.000  (mm)
  Obj Stage rotY :    3.003 deg
============================================================

Unity geometry (world coordinates):
  Source   : x=  -5.000, y=  38.000, z=   0.000
  Object   : x=   0.001, y=  17.997, z= 568.084
  Detector : x=  10.000, y=   3.000, z= 690.000
  Obj rotY :   0.0000 deg
view   0 | SOD= 568.458 mm | SDD= 691.050 mm | M= 1.216 | incident=3.1588°
[[  24.769814   -567.56537     -20.003325  ]
 [   3.598428    122.27284      14.9966755 ]
 [   0.14939453    0.00783791    0.        ]
 [   0.            0.            0.1496    ]]
Residual vector length: 7200, Jacobian shape: (7200, 6)
view   0 | SOD= 568.453 mm | SDD= 691.050 mm | M= 1.216 | incident=3.1588°
[[  24.769691   -567.5607      -20.0032    ]
 [   3.5982306   122.27748      14.996799  ]
 [   0.14939453    0.00783793    0.        ]
 [   0.            0.            0.1496    ]]

iter 24 cost=23.940440 -> 23.766646 |dtheta|=4.711464e-03  lambda=1.000e-06

============================================================
Iteration 25
============================================================
Theta offsets (Unity frame):
  Source   : dSx=   0.000, dSy=   0.000, dSz=   0.000  (mm)
  Object   : dOx=  -6.999, dOy=  -2.003, dOz=  -7.921  (mm)
  Object offset: offset_x=  -0.001, offset_z=  -0.000  (mm)
  Detector : dDx=   0.000, dDy=   0.000, dDz=   0.000  (mm)
  Obj Stage rotY :    3.003 deg
============================================================

Unity geometry (world coordinates):
  Source   : x=  -5.000, y=  38.000, z=   0.000
  Object   : x=   0.001, y=  17.997, z= 568.079
  Detector : x=  10.000, y=   3.000, z= 690.000
  Obj rotY :   0.0000 deg
view   0 | SOD= 568.453 mm | SDD= 691.050 mm | M= 1.216 | incident=3.1588°
[[  24.769691   -567.5607      -20.0032    ]
 [   3.5982306   122.27748      14.996799  ]
 [   0.14939453    0.00783793    0.        ]
 [   0.            0.            0.1496    ]]
Residual vector length: 7200, Jacobian shape: (7200, 6)
view   0 | SOD= 568.449 mm | SDD= 691.050 mm | M= 1.216 | incident=3.1588°
[[  24.770048   -567.55676     -20.003101  ]
 [   3.598026    122.28145      14.996899  ]
 [   0.14939453    0.00783805    0.        ]
 [   0.            0.            0.1496    ]]

iter 25 cost=23.766646 -> 23.653123 |dtheta|=3.903978e-03  lambda=1.000e-06

============================================================
Iteration 26
============================================================
Theta offsets (Unity frame):
  Source   : dSx=   0.000, dSy=   0.000, dSz=   0.000  (mm)
  Object   : dOx=  -6.999, dOy=  -2.003, dOz=  -7.925  (mm)
  Object offset: offset_x=  -0.001, offset_z=  -0.000  (mm)
  Detector : dDx=   0.000, dDy=   0.000, dDz=   0.000  (mm)
  Obj Stage rotY :    3.003 deg
============================================================

Unity geometry (world coordinates):
  Source   : x=  -5.000, y=  38.000, z=   0.000
  Object   : x=   0.001, y=  17.997, z= 568.075
  Detector : x=  10.000, y=   3.000, z= 690.000
  Obj rotY :   0.0000 deg
view   0 | SOD= 568.449 mm | SDD= 691.050 mm | M= 1.216 | incident=3.1588°
[[  24.770048   -567.55676     -20.003101  ]
 [   3.598026    122.28145      14.996899  ]
 [   0.14939453    0.00783805    0.        ]
 [   0.            0.            0.1496    ]]
Residual vector length: 7200, Jacobian shape: (7200, 6)
view   0 | SOD= 568.442 mm | SDD= 691.050 mm | M= 1.216 | incident=3.1588°
[[  24.777727   -567.54926     -20.002813  ]
 [   3.5959156   122.288635     14.997187  ]
 [   0.14939442    0.00784017    0.        ]
 [   0.            0.            0.1496    ]]

iter 26 cost=23.653123 -> 23.453776 |dtheta|=7.163769e-03  lambda=1.000e-06

============================================================
Iteration 27
============================================================
Theta offsets (Unity frame):
  Source   : dSx=   0.000, dSy=   0.000, dSz=   0.000  (mm)
  Object   : dOx=  -6.999, dOy=  -2.003, dOz=  -7.932  (mm)
  Object offset: offset_x=  -0.001, offset_z=  -0.000  (mm)
  Detector : dDx=   0.000, dDy=   0.000, dDz=   0.000  (mm)
  Obj Stage rotY :    3.004 deg
============================================================

Unity geometry (world coordinates):
  Source   : x=  -5.000, y=  38.000, z=   0.000
  Object   : x=   0.001, y=  17.997, z= 568.068
  Detector : x=  10.000, y=   3.000, z= 690.000
  Obj rotY :   0.0000 deg
view   0 | SOD= 568.442 mm | SDD= 691.050 mm | M= 1.216 | incident=3.1588°
[[  24.777727   -567.54926     -20.002813  ]
 [   3.5959156   122.288635     14.997187  ]
 [   0.14939442    0.00784017    0.        ]
 [   0.            0.            0.1496    ]]
Residual vector length: 7200, Jacobian shape: (7200, 6)
view   0 | SOD= 568.438 mm | SDD= 691.050 mm | M= 1.216 | incident=3.1588°
[[  24.775812   -567.545       -20.002548  ]
 [   3.59612     122.293015     14.997452  ]
 [   0.14939444    0.00783971    0.        ]
 [   0.            0.            0.1496    ]]

iter 27 cost=23.453776 -> 23.555485 |dtheta|=4.464699e-03  lambda=1.000e-06

============================================================
Iteration 28
============================================================
Theta offsets (Unity frame):
  Source   : dSx=   0.000, dSy=   0.000, dSz=   0.000  (mm)
  Object   : dOx=  -6.999, dOy=  -2.003, dOz=  -7.932  (mm)
  Object offset: offset_x=  -0.001, offset_z=  -0.000  (mm)
  Detector : dDx=   0.000, dDy=   0.000, dDz=   0.000  (mm)
  Obj Stage rotY :    3.004 deg
============================================================

Unity geometry (world coordinates):
  Source   : x=  -5.000, y=  38.000, z=   0.000
  Object   : x=   0.001, y=  17.997, z= 568.068
  Detector : x=  10.000, y=   3.000, z= 690.000
  Obj rotY :   0.0000 deg
view   0 | SOD= 568.442 mm | SDD= 691.050 mm | M= 1.216 | incident=3.1588°
[[  24.777727   -567.54926     -20.002813  ]
 [   3.5959156   122.288635     14.997187  ]
 [   0.14939442    0.00784017    0.        ]
 [   0.            0.            0.1496    ]]
Residual vector length: 7200, Jacobian shape: (7200, 6)
view   0 | SOD= 568.438 mm | SDD= 691.050 mm | M= 1.216 | incident=3.1588°
[[  24.775812   -567.545       -20.002548  ]
 [   3.59612     122.293015     14.997452  ]
 [   0.14939444    0.00783971    0.        ]
 [   0.            0.            0.1496    ]]

iter 28 cost=23.453776 -> 23.555485 |dtheta|=4.464699e-03  lambda=5.000e-06

============================================================
Iteration 29
============================================================
Theta offsets (Unity frame):
  Source   : dSx=   0.000, dSy=   0.000, dSz=   0.000  (mm)
  Object   : dOx=  -6.999, dOy=  -2.003, dOz=  -7.932  (mm)
  Object offset: offset_x=  -0.001, offset_z=  -0.000  (mm)
  Detector : dDx=   0.000, dDy=   0.000, dDz=   0.000  (mm)
  Obj Stage rotY :    3.004 deg
============================================================

Unity geometry (world coordinates):
  Source   : x=  -5.000, y=  38.000, z=   0.000
  Object   : x=   0.001, y=  17.997, z= 568.068
  Detector : x=  10.000, y=   3.000, z= 690.000
  Obj rotY :   0.0000 deg
view   0 | SOD= 568.442 mm | SDD= 691.050 mm | M= 1.216 | incident=3.1588°
[[  24.777727   -567.54926     -20.002813  ]
 [   3.5959156   122.288635     14.997187  ]
 [   0.14939442    0.00784017    0.        ]
 [   0.            0.            0.1496    ]]
Residual vector length: 7200, Jacobian shape: (7200, 6)
view   0 | SOD= 568.438 mm | SDD= 691.050 mm | M= 1.216 | incident=3.1588°
[[  24.775812   -567.545       -20.002548  ]
 [   3.59612     122.293015     14.997452  ]
 [   0.14939444    0.00783971    0.        ]
 [   0.            0.            0.1496    ]]

iter 29 cost=23.453776 -> 23.555485 |dtheta|=4.464699e-03  lambda=2.500e-05

============================================================
Iteration 30
============================================================
Theta offsets (Unity frame):
  Source   : dSx=   0.000, dSy=   0.000, dSz=   0.000  (mm)
  Object   : dOx=  -6.999, dOy=  -2.003, dOz=  -7.932  (mm)
  Object offset: offset_x=  -0.001, offset_z=  -0.000  (mm)
  Detector : dDx=   0.000, dDy=   0.000, dDz=   0.000  (mm)
  Obj Stage rotY :    3.004 deg
============================================================

Unity geometry (world coordinates):
  Source   : x=  -5.000, y=  38.000, z=   0.000
  Object   : x=   0.001, y=  17.997, z= 568.068
  Detector : x=  10.000, y=   3.000, z= 690.000
  Obj rotY :   0.0000 deg
view   0 | SOD= 568.442 mm | SDD= 691.050 mm | M= 1.216 | incident=3.1588°
[[  24.777727   -567.54926     -20.002813  ]
 [   3.5959156   122.288635     14.997187  ]
 [   0.14939442    0.00784017    0.        ]
 [   0.            0.            0.1496    ]]
Residual vector length: 7200, Jacobian shape: (7200, 6)
view   0 | SOD= 568.438 mm | SDD= 691.050 mm | M= 1.216 | incident=3.1588°
[[  24.775812   -567.545       -20.002548  ]
 [   3.59612     122.293015     14.997452  ]
 [   0.14939444    0.00783971    0.        ]
 [   0.            0.            0.1496    ]]

iter 30 cost=23.453776 -> 23.555485 |dtheta|=4.464699e-03  lambda=1.250e-04

============================================================
Iteration 31
============================================================
Theta offsets (Unity frame):
  Source   : dSx=   0.000, dSy=   0.000, dSz=   0.000  (mm)
  Object   : dOx=  -6.999, dOy=  -2.003, dOz=  -7.932  (mm)
  Object offset: offset_x=  -0.001, offset_z=  -0.000  (mm)
  Detector : dDx=   0.000, dDy=   0.000, dDz=   0.000  (mm)
  Obj Stage rotY :    3.004 deg
============================================================

Unity geometry (world coordinates):
  Source   : x=  -5.000, y=  38.000, z=   0.000
  Object   : x=   0.001, y=  17.997, z= 568.068
  Detector : x=  10.000, y=   3.000, z= 690.000
  Obj rotY :   0.0000 deg
view   0 | SOD= 568.442 mm | SDD= 691.050 mm | M= 1.216 | incident=3.1588°
[[  24.777727   -567.54926     -20.002813  ]
 [   3.5959156   122.288635     14.997187  ]
 [   0.14939442    0.00784017    0.        ]
 [   0.            0.            0.1496    ]]
Residual vector length: 7200, Jacobian shape: (7200, 6)
view   0 | SOD= 568.438 mm | SDD= 691.050 mm | M= 1.216 | incident=3.1588°
[[  24.775812   -567.545       -20.002548  ]
 [   3.59612     122.293015     14.997452  ]
 [   0.14939444    0.00783971    0.        ]
 [   0.            0.            0.1496    ]]

iter 31 cost=23.453776 -> 23.555485 |dtheta|=4.464699e-03  lambda=6.250e-04

============================================================
Iteration 32
============================================================
Theta offsets (Unity frame):
  Source   : dSx=   0.000, dSy=   0.000, dSz=   0.000  (mm)
  Object   : dOx=  -6.999, dOy=  -2.003, dOz=  -7.932  (mm)
  Object offset: offset_x=  -0.001, offset_z=  -0.000  (mm)
  Detector : dDx=   0.000, dDy=   0.000, dDz=   0.000  (mm)
  Obj Stage rotY :    3.004 deg
============================================================

Unity geometry (world coordinates):
  Source   : x=  -5.000, y=  38.000, z=   0.000
  Object   : x=   0.001, y=  17.997, z= 568.068
  Detector : x=  10.000, y=   3.000, z= 690.000
  Obj rotY :   0.0000 deg
view   0 | SOD= 568.442 mm | SDD= 691.050 mm | M= 1.216 | incident=3.1588°
[[  24.777727   -567.54926     -20.002813  ]
 [   3.5959156   122.288635     14.997187  ]
 [   0.14939442    0.00784017    0.        ]
 [   0.            0.            0.1496    ]]
Residual vector length: 7200, Jacobian shape: (7200, 6)
view   0 | SOD= 568.438 mm | SDD= 691.050 mm | M= 1.216 | incident=3.1588°
[[  24.775812   -567.545       -20.002548  ]
 [   3.59612     122.293015     14.997452  ]
 [   0.14939444    0.00783971    0.        ]
 [   0.            0.            0.1496    ]]

iter 32 cost=23.453776 -> 23.555485 |dtheta|=4.464697e-03  lambda=3.125e-03

============================================================
Iteration 33
============================================================
Theta offsets (Unity frame):
  Source   : dSx=   0.000, dSy=   0.000, dSz=   0.000  (mm)
  Object   : dOx=  -6.999, dOy=  -2.003, dOz=  -7.932  (mm)
  Object offset: offset_x=  -0.001, offset_z=  -0.000  (mm)
  Detector : dDx=   0.000, dDy=   0.000, dDz=   0.000  (mm)
  Obj Stage rotY :    3.004 deg
============================================================

Unity geometry (world coordinates):
  Source   : x=  -5.000, y=  38.000, z=   0.000
  Object   : x=   0.001, y=  17.997, z= 568.068
  Detector : x=  10.000, y=   3.000, z= 690.000
  Obj rotY :   0.0000 deg
view   0 | SOD= 568.442 mm | SDD= 691.050 mm | M= 1.216 | incident=3.1588°
[[  24.777727   -567.54926     -20.002813  ]
 [   3.5959156   122.288635     14.997187  ]
 [   0.14939442    0.00784017    0.        ]
 [   0.            0.            0.1496    ]]
Residual vector length: 7200, Jacobian shape: (7200, 6)
view   0 | SOD= 568.438 mm | SDD= 691.050 mm | M= 1.216 | incident=3.1588°
[[  24.775812   -567.545       -20.002548  ]
 [   3.59612     122.293015     14.997452  ]
 [   0.14939444    0.00783971    0.        ]
 [   0.            0.            0.1496    ]]

iter 33 cost=23.453776 -> 23.555485 |dtheta|=4.464686e-03  lambda=1.562e-02

============================================================
Iteration 34
============================================================
Theta offsets (Unity frame):
  Source   : dSx=   0.000, dSy=   0.000, dSz=   0.000  (mm)
  Object   : dOx=  -6.999, dOy=  -2.003, dOz=  -7.932  (mm)
  Object offset: offset_x=  -0.001, offset_z=  -0.000  (mm)
  Detector : dDx=   0.000, dDy=   0.000, dDz=   0.000  (mm)
  Obj Stage rotY :    3.004 deg
============================================================

Unity geometry (world coordinates):
  Source   : x=  -5.000, y=  38.000, z=   0.000
  Object   : x=   0.001, y=  17.997, z= 568.068
  Detector : x=  10.000, y=   3.000, z= 690.000
  Obj rotY :   0.0000 deg
view   0 | SOD= 568.442 mm | SDD= 691.050 mm | M= 1.216 | incident=3.1588°
[[  24.777727   -567.54926     -20.002813  ]
 [   3.5959156   122.288635     14.997187  ]
 [   0.14939442    0.00784017    0.        ]
 [   0.            0.            0.1496    ]]
Residual vector length: 7200, Jacobian shape: (7200, 6)
view   0 | SOD= 568.438 mm | SDD= 691.050 mm | M= 1.216 | incident=3.1588°
[[  24.775812   -567.545       -20.002548  ]
 [   3.59612     122.293015     14.997452  ]
 [   0.14939444    0.00783971    0.        ]
 [   0.            0.            0.1496    ]]

iter 34 cost=23.453776 -> 23.555485 |dtheta|=4.464630e-03  lambda=7.812e-02

============================================================
Iteration 35
============================================================
Theta offsets (Unity frame):
  Source   : dSx=   0.000, dSy=   0.000, dSz=   0.000  (mm)
  Object   : dOx=  -6.999, dOy=  -2.003, dOz=  -7.932  (mm)
  Object offset: offset_x=  -0.001, offset_z=  -0.000  (mm)
  Detector : dDx=   0.000, dDy=   0.000, dDz=   0.000  (mm)
  Obj Stage rotY :    3.004 deg
============================================================

Unity geometry (world coordinates):
  Source   : x=  -5.000, y=  38.000, z=   0.000
  Object   : x=   0.001, y=  17.997, z= 568.068
  Detector : x=  10.000, y=   3.000, z= 690.000
  Obj rotY :   0.0000 deg
view   0 | SOD= 568.442 mm | SDD= 691.050 mm | M= 1.216 | incident=3.1588°
[[  24.777727   -567.54926     -20.002813  ]
 [   3.5959156   122.288635     14.997187  ]
 [   0.14939442    0.00784017    0.        ]
 [   0.            0.            0.1496    ]]
Residual vector length: 7200, Jacobian shape: (7200, 6)
view   0 | SOD= 568.438 mm | SDD= 691.050 mm | M= 1.216 | incident=3.1588°
[[  24.775812   -567.545       -20.002548  ]
 [   3.5961199   122.293015     14.997452  ]
 [   0.14939444    0.00783971    0.        ]
 [   0.            0.            0.1496    ]]

iter 35 cost=23.453776 -> 23.555485 |dtheta|=4.464355e-03  lambda=3.906e-01

============================================================
Iteration 36
============================================================
Theta offsets (Unity frame):
  Source   : dSx=   0.000, dSy=   0.000, dSz=   0.000  (mm)
  Object   : dOx=  -6.999, dOy=  -2.003, dOz=  -7.932  (mm)
  Object offset: offset_x=  -0.001, offset_z=  -0.000  (mm)
  Detector : dDx=   0.000, dDy=   0.000, dDz=   0.000  (mm)
  Obj Stage rotY :    3.004 deg
============================================================

Unity geometry (world coordinates):
  Source   : x=  -5.000, y=  38.000, z=   0.000
  Object   : x=   0.001, y=  17.997, z= 568.068
  Detector : x=  10.000, y=   3.000, z= 690.000
  Obj rotY :   0.0000 deg
view   0 | SOD= 568.442 mm | SDD= 691.050 mm | M= 1.216 | incident=3.1588°
[[  24.777727   -567.54926     -20.002813  ]
 [   3.5959156   122.288635     14.997187  ]
 [   0.14939442    0.00784017    0.        ]
 [   0.            0.            0.1496    ]]
Residual vector length: 7200, Jacobian shape: (7200, 6)
view   0 | SOD= 568.438 mm | SDD= 691.050 mm | M= 1.216 | incident=3.1588°
[[  24.775812   -567.545       -20.002548  ]
 [   3.5961199   122.293015     14.997452  ]
 [   0.14939444    0.00783971    0.        ]
 [   0.            0.            0.1496    ]]

iter 36 cost=23.453776 -> 23.555485 |dtheta|=4.462975e-03  lambda=1.953e+00

============================================================
Iteration 37
============================================================
Theta offsets (Unity frame):
  Source   : dSx=   0.000, dSy=   0.000, dSz=   0.000  (mm)
  Object   : dOx=  -6.999, dOy=  -2.003, dOz=  -7.932  (mm)
  Object offset: offset_x=  -0.001, offset_z=  -0.000  (mm)
  Detector : dDx=   0.000, dDy=   0.000, dDz=   0.000  (mm)
  Obj Stage rotY :    3.004 deg
============================================================

Unity geometry (world coordinates):
  Source   : x=  -5.000, y=  38.000, z=   0.000
  Object   : x=   0.001, y=  17.997, z= 568.068
  Detector : x=  10.000, y=   3.000, z= 690.000
  Obj rotY :   0.0000 deg
view   0 | SOD= 568.442 mm | SDD= 691.050 mm | M= 1.216 | incident=3.1588°
[[  24.777727   -567.54926     -20.002813  ]
 [   3.5959156   122.288635     14.997187  ]
 [   0.14939442    0.00784017    0.        ]
 [   0.            0.            0.1496    ]]
Residual vector length: 7200, Jacobian shape: (7200, 6)
view   0 | SOD= 568.438 mm | SDD= 691.050 mm | M= 1.216 | incident=3.1588°
[[  24.775816   -567.545       -20.002548  ]
 [   3.5961192   122.293015     14.997452  ]
 [   0.14939444    0.00783971    0.        ]
 [   0.            0.            0.1496    ]]

iter 37 cost=23.453776 -> 23.549971 |dtheta|=4.456093e-03  lambda=9.766e+00

============================================================
Iteration 38
============================================================
Theta offsets (Unity frame):
  Source   : dSx=   0.000, dSy=   0.000, dSz=   0.000  (mm)
  Object   : dOx=  -6.999, dOy=  -2.003, dOz=  -7.932  (mm)
  Object offset: offset_x=  -0.001, offset_z=  -0.000  (mm)
  Detector : dDx=   0.000, dDy=   0.000, dDz=   0.000  (mm)
  Obj Stage rotY :    3.004 deg
============================================================

Unity geometry (world coordinates):
  Source   : x=  -5.000, y=  38.000, z=   0.000
  Object   : x=   0.001, y=  17.997, z= 568.068
  Detector : x=  10.000, y=   3.000, z= 690.000
  Obj rotY :   0.0000 deg
view   0 | SOD= 568.442 mm | SDD= 691.050 mm | M= 1.216 | incident=3.1588°
[[  24.777727   -567.54926     -20.002813  ]
 [   3.5959156   122.288635     14.997187  ]
 [   0.14939442    0.00784017    0.        ]
 [   0.            0.            0.1496    ]]
Residual vector length: 7200, Jacobian shape: (7200, 6)
view   0 | SOD= 568.437 mm | SDD= 691.050 mm | M= 1.216 | incident=3.1588°
[[  24.77583    -567.5449      -20.002548  ]
 [   3.596115    122.293015     14.997452  ]
 [   0.14939444    0.00783971    0.        ]
 [   0.            0.            0.1496    ]]

iter 38 cost=23.453776 -> 23.586518 |dtheta|=4.421997e-03  lambda=4.883e+01

============================================================
Iteration 39
============================================================
Theta offsets (Unity frame):
  Source   : dSx=   0.000, dSy=   0.000, dSz=   0.000  (mm)
  Object   : dOx=  -6.999, dOy=  -2.003, dOz=  -7.932  (mm)
  Object offset: offset_x=  -0.001, offset_z=  -0.000  (mm)
  Detector : dDx=   0.000, dDy=   0.000, dDz=   0.000  (mm)
  Obj Stage rotY :    3.004 deg
============================================================

Unity geometry (world coordinates):
  Source   : x=  -5.000, y=  38.000, z=   0.000
  Object   : x=   0.001, y=  17.997, z= 568.068
  Detector : x=  10.000, y=   3.000, z= 690.000
  Obj rotY :   0.0000 deg
view   0 | SOD= 568.442 mm | SDD= 691.050 mm | M= 1.216 | incident=3.1588°
[[  24.777727   -567.54926     -20.002813  ]
 [   3.5959156   122.288635     14.997187  ]
 [   0.14939442    0.00784017    0.        ]
 [   0.            0.            0.1496    ]]
Residual vector length: 7200, Jacobian shape: (7200, 6)
view   0 | SOD= 568.438 mm | SDD= 691.050 mm | M= 1.216 | incident=3.1588°
[[  24.775908   -567.5451      -20.002556  ]
 [   3.5961068   122.29283      14.997444  ]
 [   0.14939444    0.00783973    0.        ]
 [   0.            0.            0.1496    ]]

iter 39 cost=23.453776 -> 23.531676 |dtheta|=4.259064e-03  lambda=2.441e+02

============================================================
Iteration 40
============================================================
Theta offsets (Unity frame):
  Source   : dSx=   0.000, dSy=   0.000, dSz=   0.000  (mm)
  Object   : dOx=  -6.999, dOy=  -2.003, dOz=  -7.932  (mm)
  Object offset: offset_x=  -0.001, offset_z=  -0.000  (mm)
  Detector : dDx=   0.000, dDy=   0.000, dDz=   0.000  (mm)
  Obj Stage rotY :    3.004 deg
============================================================

Unity geometry (world coordinates):
  Source   : x=  -5.000, y=  38.000, z=   0.000
  Object   : x=   0.001, y=  17.997, z= 568.068
  Detector : x=  10.000, y=   3.000, z= 690.000
  Obj rotY :   0.0000 deg
view   0 | SOD= 568.442 mm | SDD= 691.050 mm | M= 1.216 | incident=3.1588°
[[  24.777727   -567.54926     -20.002813  ]
 [   3.5959156   122.288635     14.997187  ]
 [   0.14939442    0.00784017    0.        ]
 [   0.            0.            0.1496    ]]
Residual vector length: 7200, Jacobian shape: (7200, 6)
view   0 | SOD= 568.438 mm | SDD= 691.050 mm | M= 1.216 | incident=3.1588°
[[  24.776217   -567.5458      -20.00258   ]
 [   3.5960712   122.29216      14.997419  ]
 [   0.14939444    0.00783981    0.        ]
 [   0.            0.            0.1496    ]]

iter 40 cost=23.453776 -> 23.490939 |dtheta|=3.596657e-03  lambda=1.221e+03

============================================================
Iteration 41
============================================================
Theta offsets (Unity frame):
  Source   : dSx=   0.000, dSy=   0.000, dSz=   0.000  (mm)
  Object   : dOx=  -6.999, dOy=  -2.003, dOz=  -7.932  (mm)
  Object offset: offset_x=  -0.001, offset_z=  -0.000  (mm)
  Detector : dDx=   0.000, dDy=   0.000, dDz=   0.000  (mm)
  Obj Stage rotY :    3.004 deg
============================================================

Unity geometry (world coordinates):
  Source   : x=  -5.000, y=  38.000, z=   0.000
  Object   : x=   0.001, y=  17.997, z= 568.068
  Detector : x=  10.000, y=   3.000, z= 690.000
  Obj rotY :   0.0000 deg
view   0 | SOD= 568.442 mm | SDD= 691.050 mm | M= 1.216 | incident=3.1588°
[[  24.777727   -567.54926     -20.002813  ]
 [   3.5959156   122.288635     14.997187  ]
 [   0.14939442    0.00784017    0.        ]
 [   0.            0.            0.1496    ]]
Residual vector length: 7200, Jacobian shape: (7200, 6)
view   0 | SOD= 568.440 mm | SDD= 691.050 mm | M= 1.216 | incident=3.1588°
[[  24.776932   -567.54736     -20.00264   ]
 [   3.5959892   122.29058      14.99736   ]
 [   0.14939442    0.00783998    0.        ]
 [   0.            0.            0.1496    ]]

iter 41 cost=23.453776 -> 23.573939 |dtheta|=2.025010e-03  lambda=6.104e+03

============================================================
Iteration 42
============================================================
Theta offsets (Unity frame):
  Source   : dSx=   0.000, dSy=   0.000, dSz=   0.000  (mm)
  Object   : dOx=  -6.999, dOy=  -2.003, dOz=  -7.932  (mm)
  Object offset: offset_x=  -0.001, offset_z=  -0.000  (mm)
  Detector : dDx=   0.000, dDy=   0.000, dDz=   0.000  (mm)
  Obj Stage rotY :    3.004 deg
============================================================

Unity geometry (world coordinates):
  Source   : x=  -5.000, y=  38.000, z=   0.000
  Object   : x=   0.001, y=  17.997, z= 568.068
  Detector : x=  10.000, y=   3.000, z= 690.000
  Obj rotY :   0.0000 deg
view   0 | SOD= 568.442 mm | SDD= 691.050 mm | M= 1.216 | incident=3.1588°
[[  24.777727   -567.54926     -20.002813  ]
 [   3.5959156   122.288635     14.997187  ]
 [   0.14939442    0.00784017    0.        ]
 [   0.            0.            0.1496    ]]
Residual vector length: 7200, Jacobian shape: (7200, 6)
view   0 | SOD= 568.441 mm | SDD= 691.050 mm | M= 1.216 | incident=3.1588°
[[  24.777508   -567.54865     -20.002703  ]
 [   3.5959287   122.289246     14.997297  ]
 [   0.14939442    0.00784012    0.        ]
 [   0.            0.            0.1496    ]]

iter 42 cost=23.453776 -> 23.487507 |dtheta|=6.429002e-04  lambda=3.052e+04

============================================================
Iteration 43
============================================================
Theta offsets (Unity frame):
  Source   : dSx=   0.000, dSy=   0.000, dSz=   0.000  (mm)
  Object   : dOx=  -6.999, dOy=  -2.003, dOz=  -7.932  (mm)
  Object offset: offset_x=  -0.001, offset_z=  -0.000  (mm)
  Detector : dDx=   0.000, dDy=   0.000, dDz=   0.000  (mm)
  Obj Stage rotY :    3.004 deg
============================================================

Unity geometry (world coordinates):
  Source   : x=  -5.000, y=  38.000, z=   0.000
  Object   : x=   0.001, y=  17.997, z= 568.068
  Detector : x=  10.000, y=   3.000, z= 690.000
  Obj rotY :   0.0000 deg
view   0 | SOD= 568.442 mm | SDD= 691.050 mm | M= 1.216 | incident=3.1588°
[[  24.777727   -567.54926     -20.002813  ]
 [   3.5959156   122.288635     14.997187  ]
 [   0.14939442    0.00784017    0.        ]
 [   0.            0.            0.1496    ]]
Residual vector length: 7200, Jacobian shape: (7200, 6)
view   0 | SOD= 568.442 mm | SDD= 691.050 mm | M= 1.216 | incident=3.1588°
[[  24.777681   -567.54913     -20.002752  ]
 [   3.5959177   122.28876      14.997248  ]
 [   0.14939442    0.00784016    0.        ]
 [   0.            0.            0.1496    ]]

iter 43 cost=23.453776 -> 23.538253 |dtheta|=1.562025e-04  lambda=1.526e+05

============================================================
Iteration 44
============================================================
Theta offsets (Unity frame):
  Source   : dSx=   0.000, dSy=   0.000, dSz=   0.000  (mm)
  Object   : dOx=  -6.999, dOy=  -2.003, dOz=  -7.932  (mm)
  Object offset: offset_x=  -0.001, offset_z=  -0.000  (mm)
  Detector : dDx=   0.000, dDy=   0.000, dDz=   0.000  (mm)
  Obj Stage rotY :    3.004 deg
============================================================

Unity geometry (world coordinates):
  Source   : x=  -5.000, y=  38.000, z=   0.000
  Object   : x=   0.001, y=  17.997, z= 568.068
  Detector : x=  10.000, y=   3.000, z= 690.000
  Obj rotY :   0.0000 deg
view   0 | SOD= 568.442 mm | SDD= 691.050 mm | M= 1.216 | incident=3.1588°
[[  24.777727   -567.54926     -20.002813  ]
 [   3.5959156   122.288635     14.997187  ]
 [   0.14939442    0.00784017    0.        ]
 [   0.            0.            0.1496    ]]
Residual vector length: 7200, Jacobian shape: (7200, 6)
view   0 | SOD= 568.442 mm | SDD= 691.050 mm | M= 1.216 | incident=3.1588°
[[  24.777716   -567.5492      -20.002792  ]
 [   3.5959141   122.2887       14.997208  ]
 [   0.14939442    0.00784016    0.        ]
 [   0.            0.            0.1496    ]]

iter 44 cost=23.453776 -> 23.479889 |dtheta|=3.604818e-05  lambda=7.629e+05

============================================================
Iteration 45
============================================================
Theta offsets (Unity frame):
  Source   : dSx=   0.000, dSy=   0.000, dSz=   0.000  (mm)
  Object   : dOx=  -6.999, dOy=  -2.003, dOz=  -7.932  (mm)
  Object offset: offset_x=  -0.001, offset_z=  -0.000  (mm)
  Detector : dDx=   0.000, dDy=   0.000, dDz=   0.000  (mm)
  Obj Stage rotY :    3.004 deg
============================================================

Unity geometry (world coordinates):
  Source   : x=  -5.000, y=  38.000, z=   0.000
  Object   : x=   0.001, y=  17.997, z= 568.068
  Detector : x=  10.000, y=   3.000, z= 690.000
  Obj rotY :   0.0000 deg
view   0 | SOD= 568.442 mm | SDD= 691.050 mm | M= 1.216 | incident=3.1588°
[[  24.777727   -567.54926     -20.002813  ]
 [   3.5959156   122.288635     14.997187  ]
 [   0.14939442    0.00784017    0.        ]
 [   0.            0.            0.1496    ]]
Residual vector length: 7200, Jacobian shape: (7200, 6)
view   0 | SOD= 568.442 mm | SDD= 691.050 mm | M= 1.216 | incident=3.1588°
[[  24.777718   -567.5492      -20.002796  ]
 [   3.5959136   122.2887       14.997204  ]
 [   0.14939442    0.00784017    0.        ]
 [   0.            0.            0.1496    ]]

iter 45 cost=23.453776 -> 23.471875 |dtheta|=2.792570e-05  lambda=1.000e+06

============================================================
Iteration 46
============================================================
Theta offsets (Unity frame):
  Source   : dSx=   0.000, dSy=   0.000, dSz=   0.000  (mm)
  Object   : dOx=  -6.999, dOy=  -2.003, dOz=  -7.932  (mm)
  Object offset: offset_x=  -0.001, offset_z=  -0.000  (mm)
  Detector : dDx=   0.000, dDy=   0.000, dDz=   0.000  (mm)
  Obj Stage rotY :    3.004 deg
============================================================

Unity geometry (world coordinates):
  Source   : x=  -5.000, y=  38.000, z=   0.000
  Object   : x=   0.001, y=  17.997, z= 568.068
  Detector : x=  10.000, y=   3.000, z= 690.000
  Obj rotY :   0.0000 deg
view   0 | SOD= 568.442 mm | SDD= 691.050 mm | M= 1.216 | incident=3.1588°
[[  24.777727   -567.54926     -20.002813  ]
 [   3.5959156   122.288635     14.997187  ]
 [   0.14939442    0.00784017    0.        ]
 [   0.            0.            0.1496    ]]
Residual vector length: 7200, Jacobian shape: (7200, 6)
view   0 | SOD= 568.442 mm | SDD= 691.050 mm | M= 1.216 | incident=3.1588°
[[  24.777718   -567.5492      -20.002796  ]
 [   3.5959136   122.2887       14.997204  ]
 [   0.14939442    0.00784017    0.        ]
 [   0.            0.            0.1496    ]]

iter 46 cost=23.453776 -> 23.471875 |dtheta|=2.792570e-05  lambda=1.000e+06

============================================================
Iteration 47
============================================================
Theta offsets (Unity frame):
  Source   : dSx=   0.000, dSy=   0.000, dSz=   0.000  (mm)
  Object   : dOx=  -6.999, dOy=  -2.003, dOz=  -7.932  (mm)
  Object offset: offset_x=  -0.001, offset_z=  -0.000  (mm)
  Detector : dDx=   0.000, dDy=   0.000, dDz=   0.000  (mm)
  Obj Stage rotY :    3.004 deg
============================================================

Unity geometry (world coordinates):
  Source   : x=  -5.000, y=  38.000, z=   0.000
  Object   : x=   0.001, y=  17.997, z= 568.068
  Detector : x=  10.000, y=   3.000, z= 690.000
  Obj rotY :   0.0000 deg
view   0 | SOD= 568.442 mm | SDD= 691.050 mm | M= 1.216 | incident=3.1588°
[[  24.777727   -567.54926     -20.002813  ]
 [   3.5959156   122.288635     14.997187  ]
 [   0.14939442    0.00784017    0.        ]
 [   0.            0.            0.1496    ]]
Residual vector length: 7200, Jacobian shape: (7200, 6)
view   0 | SOD= 568.442 mm | SDD= 691.050 mm | M= 1.216 | incident=3.1588°
[[  24.777718   -567.5492      -20.002796  ]
 [   3.5959136   122.2887       14.997204  ]
 [   0.14939442    0.00784017    0.        ]
 [   0.            0.            0.1496    ]]

iter 47 cost=23.453776 -> 23.471875 |dtheta|=2.792570e-05  lambda=1.000e+06

============================================================
Iteration 48
============================================================
Theta offsets (Unity frame):
  Source   : dSx=   0.000, dSy=   0.000, dSz=   0.000  (mm)
  Object   : dOx=  -6.999, dOy=  -2.003, dOz=  -7.932  (mm)
  Object offset: offset_x=  -0.001, offset_z=  -0.000  (mm)
  Detector : dDx=   0.000, dDy=   0.000, dDz=   0.000  (mm)
  Obj Stage rotY :    3.004 deg
============================================================

Unity geometry (world coordinates):
  Source   : x=  -5.000, y=  38.000, z=   0.000
  Object   : x=   0.001, y=  17.997, z= 568.068
  Detector : x=  10.000, y=   3.000, z= 690.000
  Obj rotY :   0.0000 deg
view   0 | SOD= 568.442 mm | SDD= 691.050 mm | M= 1.216 | incident=3.1588°
[[  24.777727   -567.54926     -20.002813  ]
 [   3.5959156   122.288635     14.997187  ]
 [   0.14939442    0.00784017    0.        ]
 [   0.            0.            0.1496    ]]
Residual vector length: 7200, Jacobian shape: (7200, 6)
view   0 | SOD= 568.442 mm | SDD= 691.050 mm | M= 1.216 | incident=3.1588°
[[  24.777718   -567.5492      -20.002796  ]
 [   3.5959136   122.2887       14.997204  ]
 [   0.14939442    0.00784017    0.        ]
 [   0.            0.            0.1496    ]]

iter 48 cost=23.453776 -> 23.471875 |dtheta|=2.792570e-05  lambda=1.000e+06

============================================================
Iteration 49
============================================================
Theta offsets (Unity frame):
  Source   : dSx=   0.000, dSy=   0.000, dSz=   0.000  (mm)
  Object   : dOx=  -6.999, dOy=  -2.003, dOz=  -7.932  (mm)
  Object offset: offset_x=  -0.001, offset_z=  -0.000  (mm)
  Detector : dDx=   0.000, dDy=   0.000, dDz=   0.000  (mm)
  Obj Stage rotY :    3.004 deg
============================================================

Unity geometry (world coordinates):
  Source   : x=  -5.000, y=  38.000, z=   0.000
  Object   : x=   0.001, y=  17.997, z= 568.068
  Detector : x=  10.000, y=   3.000, z= 690.000
  Obj rotY :   0.0000 deg
view   0 | SOD= 568.442 mm | SDD= 691.050 mm | M= 1.216 | incident=3.1588°
[[  24.777727   -567.54926     -20.002813  ]
 [   3.5959156   122.288635     14.997187  ]
 [   0.14939442    0.00784017    0.        ]
 [   0.            0.            0.1496    ]]
Residual vector length: 7200, Jacobian shape: (7200, 6)
view   0 | SOD= 568.442 mm | SDD= 691.050 mm | M= 1.216 | incident=3.1588°
[[  24.777718   -567.5492      -20.002796  ]
 [   3.5959136   122.2887       14.997204  ]
 [   0.14939442    0.00784017    0.        ]
 [   0.            0.            0.1496    ]]

iter 49 cost=23.453776 -> 23.471875 |dtheta|=2.792570e-05  lambda=1.000e+06

============================================================
Iteration 50
============================================================
Theta offsets (Unity frame):
  Source   : dSx=   0.000, dSy=   0.000, dSz=   0.000  (mm)
  Object   : dOx=  -6.999, dOy=  -2.003, dOz=  -7.932  (mm)
  Object offset: offset_x=  -0.001, offset_z=  -0.000  (mm)
  Detector : dDx=   0.000, dDy=   0.000, dDz=   0.000  (mm)
  Obj Stage rotY :    3.004 deg
============================================================

Unity geometry (world coordinates):
  Source   : x=  -5.000, y=  38.000, z=   0.000
  Object   : x=   0.001, y=  17.997, z= 568.068
  Detector : x=  10.000, y=   3.000, z= 690.000
  Obj rotY :   0.0000 deg
view   0 | SOD= 568.442 mm | SDD= 691.050 mm | M= 1.216 | incident=3.1588°
[[  24.777727   -567.54926     -20.002813  ]
 [   3.5959156   122.288635     14.997187  ]
 [   0.14939442    0.00784017    0.        ]
 [   0.            0.            0.1496    ]]
Residual vector length: 7200, Jacobian shape: (7200, 6)
view   0 | SOD= 568.442 mm | SDD= 691.050 mm | M= 1.216 | incident=3.1588°
[[  24.777718   -567.5492      -20.002796  ]
 [   3.5959136   122.2887       14.997204  ]
 [   0.14939442    0.00784017    0.        ]
 [   0.            0.            0.1496    ]]

iter 50 cost=23.453776 -> 23.471875 |dtheta|=2.792570e-05  lambda=1.000e+06

============================================================
Iteration 51
============================================================
Theta offsets (Unity frame):
  Source   : dSx=   0.000, dSy=   0.000, dSz=   0.000  (mm)
  Object   : dOx=  -6.999, dOy=  -2.003, dOz=  -7.932  (mm)
  Object offset: offset_x=  -0.001, offset_z=  -0.000  (mm)
  Detector : dDx=   0.000, dDy=   0.000, dDz=   0.000  (mm)
  Obj Stage rotY :    3.004 deg
============================================================

Unity geometry (world coordinates):
  Source   : x=  -5.000, y=  38.000, z=   0.000
  Object   : x=   0.001, y=  17.997, z= 568.068
  Detector : x=  10.000, y=   3.000, z= 690.000
  Obj rotY :   0.0000 deg
view   0 | SOD= 568.442 mm | SDD= 691.050 mm | M= 1.216 | incident=3.1588°
[[  24.777727   -567.54926     -20.002813  ]
 [   3.5959156   122.288635     14.997187  ]
 [   0.14939442    0.00784017    0.        ]
 [   0.            0.            0.1496    ]]
Residual vector length: 7200, Jacobian shape: (7200, 6)
view   0 | SOD= 568.442 mm | SDD= 691.050 mm | M= 1.216 | incident=3.1588°
[[  24.777718   -567.5492      -20.002796  ]
 [   3.5959136   122.2887       14.997204  ]
 [   0.14939442    0.00784017    0.        ]
 [   0.            0.            0.1496    ]]

iter 51 cost=23.453776 -> 23.471875 |dtheta|=2.792570e-05  lambda=1.000e+06
Stalled.

Estimated theta:
  dSx: +0.000000
  dSy: +0.000000
  dOx: -6.999020
  dOy: -2.002813
  dOz: -7.931788
  dDx: +0.000000
  dDy: +0.000000
  dDz: +0.000000
alpha: +3.004107e+00 deg)
offset_x: -0.000799
offset_z: -0.000345

Final cost table:
Fake theta: [ 0.  0. -7. -2. -8.  0.  0.  0.  3.  0.  0.]
Final estimated theta: [ 0.          0.         -6.99902035 -2.00281297 -7.93178843  0.
  0.          0.          3.00410676 -0.00079937 -0.00034533]
Diff from Expected: [ 0.          0.          0.00097965 -0.00281297  0.06821157  0.
  0.          0.          0.00410676 -0.00079937 -0.00034533]
################################################################################

