Phantom already exists, skipping: cuboid_phantom_6_normal.npy

################################################################################
Running cuboid=normal scenario=G2 N_ANGLES=10, K=6
view   0 | SOD= 560.647 mm | SDD= 761.018 mm | M= 1.357 | incident=2.9645°
[[ 135.2794     -543.50665     -25.        ]
 [ -44.036404    195.25572      10.        ]
 [   0.1445025     0.03871933    0.        ]
 [   0.            0.            0.1496    ]]
               x1        y1  area1          x2        y2  area2          x3        y3  area3          x4         y4  area4          x5        y5  area5          x6         y6  area6
range  328.697935  1.270042  106.0  245.465818  3.772881  115.0  181.154358  6.415431   66.0  311.222892  16.660172  104.0  132.276228  9.393021   47.0  328.693953  30.259722   92.0
FAILURE!!!! Some beads might have been misidentified
          image          x1          y1  area1          x2          y2  area2          x3          y3  area3          x4          y4  area4          x5          y5  area5          x6          y6  area6
0  proj_000.png  473.124473  126.729958    474  359.123711  226.734536    388  403.275534  320.615202    421  506.154613  413.785536    401  513.968900  519.129187    418  473.246667  632.600000    450
1  proj_001.png  368.435449  126.831510    457  324.650124  225.677419    403  458.315294  320.160000    425  579.091837  417.099490    392  504.453333  522.066667    450  368.321739  631.208696    460
2  proj_002.png  296.361751  127.202765    434  337.918269  224.444712    416  509.675545  320.949153    413  603.993007  422.139860    429  472.500000  524.000000    428  296.311060  624.002304    434
3  proj_003.png  284.520202  127.500000    396  391.950935  223.752336    428  538.181818  322.752273    440  568.483444  427.108168    453  430.978261  524.054348    460  284.553571  614.520408    392
4  proj_004.png  334.010870  127.918478    368  466.165939  223.521834    458  532.427570  324.778037    428  484.909274  429.907258    496  396.294624  522.346237    465  334.008152  606.250000    368
5  proj_005.png  424.158508  128.000000    429  533.708223  224.047745    377  493.993576  326.340471    467  386.295154  429.321586    454  381.692671  519.539007    423  424.310185  602.340278    432
6  proj_006.png  523.000000  128.000000    425  570.115942  225.060386    414  437.157328  326.575431    464  312.563549  425.803357    417  392.250000  516.652273    440  522.974239  604.088993    427
7  proj_007.png  595.151300  127.756501    423  560.442953  226.456376    447  384.623608  325.674833    449  292.770115  420.406897    435  423.746445  514.746445    422  595.176471  610.764706    425
8  proj_008.png  613.218137  127.274510    408  506.470588  227.183007    459  357.027460  323.963387    437  332.077108  415.821687    415  464.411899  514.661327    437  613.247525  620.051980    404
9  proj_009.png  567.417085  126.964824    398  428.916667  227.294715    492  364.755611  321.922693    401  413.060606  413.247086    429  498.613426  516.243056    432  567.383033  628.830334    389

============================================================
Iteration 0
============================================================
Theta offsets (Unity frame):
  Source   : dSx=   0.000, dSy=   0.000, dSz=   0.000  (mm)
  Object   : dOx=   0.000, dOy=   0.000, dOz=   0.000  (mm)
  Object offset: offset_x=   0.000, offset_z=   0.000  (mm)
  Detector : dDx=   0.000, dDy=   0.000, dDz=   0.000  (mm)
  Obj Stage rotY :    0.000 deg
============================================================

Unity geometry (world coordinates):
  Source   : x= -10.000, y=  55.000, z=   0.000
  Object   : x=  15.000, y=  42.000, z= 582.000
  Detector : x=   8.000, y=  20.000, z= 760.000
  Obj rotY :   0.0000 deg
view   0 | SOD= 582.682 mm | SDD= 761.018 mm | M= 1.306 | incident=2.9645°
[[ -25.     -582.      -13.    ]
 [  -7.      178.       22.    ]
 [   0.1496    0.        0.    ]
 [   0.        0.        0.1496]]
Residual vector length: 270, Jacobian shape: (270, 6)
view   0 | SOD= 578.680 mm | SDD= 761.018 mm | M= 1.315 | incident=2.9645°
[[  80.51192    -572.65686     -21.270275  ]
 [ -27.503899    179.84337      13.729725  ]
 [   0.1475374     0.02475637    0.        ]
 [   0.            0.            0.1496    ]]

iter 00 cost=932244.240800 -> 121204.559975 |dtheta|=1.628918e+01  lambda=1.000e-02

============================================================
Iteration 1
============================================================
Theta offsets (Unity frame):
  Source   : dSx=   0.000, dSy=   0.000, dSz=   0.000  (mm)
  Object   : dOx=  -9.629, dOy=  -8.270, dOz=  -3.663  (mm)
  Object offset: offset_x=  -0.007, offset_z=  -0.252  (mm)
  Detector : dDx=   0.000, dDy=   0.000, dDz=   0.000  (mm)
  Obj Stage rotY :    9.525 deg
============================================================

Unity geometry (world coordinates):
  Source   : x= -10.000, y=  55.000, z=   0.000
  Object   : x=   5.371, y=  33.730, z= 578.337
  Detector : x=   8.000, y=  20.000, z= 760.000
  Obj rotY :   0.0000 deg
view   0 | SOD= 578.680 mm | SDD= 761.018 mm | M= 1.315 | incident=2.9645°
[[  80.51192    -572.65686     -21.270275  ]
 [ -27.503899    179.84337      13.729725  ]
 [   0.1475374     0.02475637    0.        ]
 [   0.            0.            0.1496    ]]
Residual vector length: 270, Jacobian shape: (270, 6)
view   0 | SOD= 578.375 mm | SDD= 761.018 mm | M= 1.316 | incident=2.9645°
[[  94.67294    -570.05493     -24.321936  ]
 [ -28.075838    180.18285      10.678064  ]
 [   0.14702365    0.02764427    0.        ]
 [   0.            0.            0.1496    ]]

iter 01 cost=121204.559975 -> 26614.259191 |dtheta|=4.405801e+00  lambda=3.333e-03

============================================================
Iteration 2
============================================================
Theta offsets (Unity frame):
  Source   : dSx=   0.000, dSy=   0.000, dSz=   0.000  (mm)
  Object   : dOx= -12.544, dOy= -11.322, dOz=  -4.196  (mm)
  Object offset: offset_x=  -0.159, offset_z=  -0.072  (mm)
  Detector : dDx=   0.000, dDy=   0.000, dDz=   0.000  (mm)
  Obj Stage rotY :   10.649 deg
============================================================

Unity geometry (world coordinates):
  Source   : x= -10.000, y=  55.000, z=   0.000
  Object   : x=   2.456, y=  30.678, z= 577.804
  Detector : x=   8.000, y=  20.000, z= 760.000
  Obj rotY :   0.0000 deg
view   0 | SOD= 578.375 mm | SDD= 761.018 mm | M= 1.316 | incident=2.9645°
[[  94.67294    -570.05493     -24.321936  ]
 [ -28.075838    180.18285      10.678064  ]
 [   0.14702365    0.02764427    0.        ]
 [   0.            0.            0.1496    ]]
Residual vector length: 270, Jacobian shape: (270, 6)
view   0 | SOD= 577.339 mm | SDD= 761.018 mm | M= 1.318 | incident=2.9645°
[[ 109.199974   -566.3596      -25.143219  ]
 [ -30.812244    180.84892       9.856781  ]
 [   0.14634727    0.03102642    0.        ]
 [   0.            0.            0.1496    ]]

iter 02 cost=26614.259191 -> 9968.298567 |dtheta|=2.410681e+00  lambda=1.111e-03

============================================================
Iteration 3
============================================================
Theta offsets (Unity frame):
  Source   : dSx=   0.000, dSy=   0.000, dSz=   0.000  (mm)
  Object   : dOx= -14.117, dOy= -12.143, dOz=  -5.147  (mm)
  Object offset: offset_x=  -0.248, offset_z=  -0.160  (mm)
  Detector : dDx=   0.000, dDy=   0.000, dDz=   0.000  (mm)
  Obj Stage rotY :   11.970 deg
============================================================

Unity geometry (world coordinates):
  Source   : x= -10.000, y=  55.000, z=   0.000
  Object   : x=   0.883, y=  29.857, z= 576.853
  Detector : x=   8.000, y=  20.000, z= 760.000
  Obj rotY :   0.0000 deg
view   0 | SOD= 577.339 mm | SDD= 761.018 mm | M= 1.318 | incident=2.9645°
[[ 109.199974   -566.3596      -25.143219  ]
 [ -30.812244    180.84892       9.856781  ]
 [   0.14634727    0.03102642    0.        ]
 [   0.            0.            0.1496    ]]
Residual vector length: 270, Jacobian shape: (270, 6)
view   0 | SOD= 574.453 mm | SDD= 761.018 mm | M= 1.325 | incident=2.9645°
[[ 117.539665   -561.7331      -25.236904  ]
 [ -33.818157    183.26009       9.763096  ]
 [   0.14585857    0.03324814    0.        ]
 [   0.            0.            0.1496    ]]

iter 03 cost=9968.298567 -> 5494.537358 |dtheta|=3.484235e+00  lambda=3.704e-04

============================================================
Iteration 4
============================================================
Theta offsets (Unity frame):
  Source   : dSx=   0.000, dSy=   0.000, dSz=   0.000  (mm)
  Object   : dOx= -14.647, dOy= -12.237, dOz=  -8.448  (mm)
  Object offset: offset_x=  -0.110, offset_z=   0.255  (mm)
  Detector : dDx=   0.000, dDy=   0.000, dDz=   0.000  (mm)
  Obj Stage rotY :   12.841 deg
============================================================

Unity geometry (world coordinates):
  Source   : x= -10.000, y=  55.000, z=   0.000
  Object   : x=   0.353, y=  29.763, z= 573.552
  Detector : x=   8.000, y=  20.000, z= 760.000
  Obj rotY :   0.0000 deg
view   0 | SOD= 574.453 mm | SDD= 761.018 mm | M= 1.325 | incident=2.9645°
[[ 117.539665   -561.7331      -25.236904  ]
 [ -33.818157    183.26009       9.763096  ]
 [   0.14585857    0.03324814    0.        ]
 [   0.            0.            0.1496    ]]
Residual vector length: 270, Jacobian shape: (270, 6)
view   0 | SOD= 571.243 mm | SDD= 761.018 mm | M= 1.332 | incident=2.9645°
[[ 123.15691    -557.22675     -25.488873  ]
 [ -36.87995     185.95038       9.511127  ]
 [   0.14546084    0.03494712    0.        ]
 [   0.            0.            0.1496    ]]

iter 04 cost=5494.537358 -> 3067.068315 |dtheta|=3.145619e+00  lambda=1.235e-04

============================================================
Iteration 5
============================================================
Theta offsets (Unity frame):
  Source   : dSx=   0.000, dSy=   0.000, dSz=   0.000  (mm)
  Object   : dOx= -14.735, dOy= -12.489, dOz= -11.493  (mm)
  Object offset: offset_x=   0.156, offset_z=   0.072  (mm)
  Detector : dDx=   0.000, dDy=   0.000, dDz=   0.000  (mm)
  Obj Stage rotY :   13.509 deg
============================================================

Unity geometry (world coordinates):
  Source   : x= -10.000, y=  55.000, z=   0.000
  Object   : x=   0.265, y=  29.511, z= 570.507
  Detector : x=   8.000, y=  20.000, z= 760.000
  Obj rotY :   0.0000 deg
view   0 | SOD= 571.243 mm | SDD= 761.018 mm | M= 1.332 | incident=2.9645°
[[ 123.15691    -557.22675     -25.488873  ]
 [ -36.87995     185.95038       9.511127  ]
 [   0.14546084    0.03494712    0.        ]
 [   0.            0.            0.1496    ]]
Residual vector length: 270, Jacobian shape: (270, 6)
view   0 | SOD= 568.858 mm | SDD= 761.018 mm | M= 1.338 | incident=2.9645°
[[ 125.90953    -554.1662      -25.40826   ]
 [ -38.076107    188.14958       9.59174   ]
 [   0.145273      0.03571995    0.        ]
 [   0.            0.            0.1496    ]]

iter 05 cost=3067.068315 -> 1827.490633 |dtheta|=2.427818e+00  lambda=4.115e-05

============================================================
Iteration 6
============================================================
Theta offsets (Unity frame):
  Source   : dSx=   0.000, dSy=   0.000, dSz=   0.000  (mm)
  Object   : dOx= -14.939, dOy= -12.408, dOz= -13.886  (mm)
  Object offset: offset_x=  -0.011, offset_z=   0.087  (mm)
  Detector : dDx=   0.000, dDy=   0.000, dDz=   0.000  (mm)
  Obj Stage rotY :   13.814 deg
============================================================

Unity geometry (world coordinates):
  Source   : x= -10.000, y=  55.000, z=   0.000
  Object   : x=   0.061, y=  29.592, z= 568.114
  Detector : x=   8.000, y=  20.000, z= 760.000
  Obj rotY :   0.0000 deg
view   0 | SOD= 568.858 mm | SDD= 761.018 mm | M= 1.338 | incident=2.9645°
[[ 125.90953    -554.1662      -25.40826   ]
 [ -38.076107    188.14958       9.59174   ]
 [   0.145273      0.03571995    0.        ]
 [   0.            0.            0.1496    ]]
Residual vector length: 270, Jacobian shape: (270, 6)
view   0 | SOD= 567.806 mm | SDD= 761.018 mm | M= 1.340 | incident=2.9645°
[[ 129.47363    -552.26984     -25.26952   ]
 [ -39.704807    188.87971       9.73048   ]
 [   0.14501937    0.03673611    0.        ]
 [   0.            0.            0.1496    ]]

iter 06 cost=1827.490633 -> 1337.742856 |dtheta|=1.051291e+00  lambda=1.372e-05

============================================================
Iteration 7
============================================================
Theta offsets (Unity frame):
  Source   : dSx=   0.000, dSy=   0.000, dSz=   0.000  (mm)
  Object   : dOx= -14.835, dOy= -12.270, dOz= -14.836  (mm)
  Object offset: offset_x=  -0.057, offset_z=  -0.010  (mm)
  Detector : dDx=   0.000, dDy=   0.000, dDz=   0.000  (mm)
  Obj Stage rotY :   14.215 deg
============================================================

Unity geometry (world coordinates):
  Source   : x= -10.000, y=  55.000, z=   0.000
  Object   : x=   0.165, y=  29.730, z= 567.164
  Detector : x=   8.000, y=  20.000, z= 760.000
  Obj rotY :   0.0000 deg
view   0 | SOD= 567.806 mm | SDD= 761.018 mm | M= 1.340 | incident=2.9645°
[[ 129.47363    -552.26984     -25.26952   ]
 [ -39.704807    188.87971       9.73048   ]
 [   0.14501937    0.03673611    0.        ]
 [   0.            0.            0.1496    ]]
Residual vector length: 270, Jacobian shape: (270, 6)
view   0 | SOD= 566.187 mm | SDD= 761.018 mm | M= 1.344 | incident=2.9645°
[[ 134.67049    -549.35834     -25.248672  ]
 [ -41.982857    190.04521       9.7513275 ]
 [   0.14464104    0.03819853    0.        ]
 [   0.            0.            0.1496    ]]
               x1        y1  area1          x2       y2  area2          x3        y3  area3          x4         y4  area4          x5        y5  area5          x6         y6  area6
range  325.827904  0.912754  108.0  242.753489  3.90339  115.0  179.084815  6.377788   62.0  308.025763  16.382226  114.0  131.327041  9.263096   46.0  325.911216  30.015733   82.0
FAILURE!!!! Some beads might have been misidentified

iter 07 cost=1337.742856 -> 740.683401 |dtheta|=1.741207e+00  lambda=4.572e-06

============================================================
Iteration 8
============================================================
Theta offsets (Unity frame):
  Source   : dSx=   0.000, dSy=   0.000, dSz=   0.000  (mm)
  Object   : dOx= -14.945, dOy= -12.249, dOz= -16.473  (mm)
  Object offset: offset_x=   0.010, offset_z=   0.008  (mm)
  Detector : dDx=   0.000, dDy=   0.000, dDz=   0.000  (mm)
  Obj Stage rotY :   14.794 deg
============================================================

Unity geometry (world coordinates):
  Source   : x= -10.000, y=  55.000, z=   0.000
  Object   : x=   0.055, y=  29.751, z= 565.527
  Detector : x=   8.000, y=  20.000, z= 760.000
  Obj rotY :   0.0000 deg
view   0 | SOD= 566.187 mm | SDD= 761.018 mm | M= 1.344 | incident=2.9645°
[[ 134.67049    -549.35834     -25.248672  ]
 [ -41.982857    190.04521       9.7513275 ]
 [   0.14464104    0.03819853    0.        ]
 [   0.            0.            0.1496    ]]
               x1        y1  area1          x2       y2  area2          x3        y3  area3          x4         y4  area4          x5        y5  area5          x6         y6  area6
range  325.827904  0.912754  108.0  242.753489  3.90339  115.0  179.084815  6.377788   62.0  308.025763  16.382226  114.0  131.327041  9.263096   46.0  325.911216  30.015733   82.0
FAILURE!!!! Some beads might have been misidentified
               x1       y1  area1          x2        y2  area2          x3        y3  area3          x4         y4  area4          x5        y5  area5         x6         y6  area6
range  325.872544  0.89146  123.0  242.814558  3.853718  116.0  179.096325  6.319764   66.0  308.026777  16.356133  100.0  131.287094  9.281518   47.0  325.90681  30.063034   95.0
FAILURE!!!! Some beads might have been misidentified
               x1        y1  area1          x2       y2  area2          x3        y3  area3          x4         y4  area4          x5        y5  area5          x6         y6  area6
range  325.827904  0.912754  108.0  242.753489  3.90339  115.0  179.084815  6.377788   62.0  308.025763  16.382226  113.0  131.316516  9.283832   47.0  325.911216  30.015733   82.0
FAILURE!!!! Some beads might have been misidentified
               x1        y1  area1         x2        y2  area2          x3        y3  area3          x4         y4  area4          x5        y5  area5          x6         y6  area6
range  325.911425  0.975967  107.0  242.64837  3.853485  115.0  179.062689  6.385707   72.0  308.091013  16.383505  115.0  131.508576  9.265304   47.0  326.004767  30.020308   79.0
FAILURE!!!! Some beads might have been misidentified
               x1        y1  area1          x2        y2  area2          x3        y3  area3          x4         y4  area4          x5        y5  area5          x6         y6  area6
range  325.646536  0.908533  107.0  242.720897  3.906398  115.0  179.189597  6.353968   63.0  308.144414  16.328855  115.0  131.326808  9.346892   45.0  325.776547  30.015733   83.0
FAILURE!!!! Some beads might have been misidentified
Residual vector length: 270, Jacobian shape: (270, 6)
view   0 | SOD= 564.969 mm | SDD= 761.018 mm | M= 1.347 | incident=2.9645°
[[ 135.32716    -547.9408      -25.243328  ]
 [ -42.55362     191.16841       9.756672  ]
 [   0.14457743    0.03843863    0.        ]
 [   0.            0.            0.1496    ]]
               x1        y1  area1          x2        y2  area2          x3        y3  area3          x4         y4  area4          x5        y5  area5         x6        y6  area6
range  325.318307  1.029467  105.0  244.360754  3.953257  104.0  180.559853  6.314291   61.0  308.911565  16.638708  113.0  130.126882  9.402672   45.0  325.35702  30.07692   96.0
FAILURE!!!! Some beads might have been misidentified

iter 08 cost=740.683401 -> 464.995302 |dtheta|=1.186612e+00  lambda=1.524e-06

============================================================
Iteration 9
============================================================
Theta offsets (Unity frame):
  Source   : dSx=   0.000, dSy=   0.000, dSz=   0.000  (mm)
  Object   : dOx= -14.920, dOy= -12.243, dOz= -17.652  (mm)
  Object offset: offset_x=  -0.074, offset_z=  -0.032  (mm)
  Detector : dDx=   0.000, dDy=   0.000, dDz=   0.000  (mm)
  Obj Stage rotY :   14.889 deg
============================================================

Unity geometry (world coordinates):
  Source   : x= -10.000, y=  55.000, z=   0.000
  Object   : x=   0.080, y=  29.757, z= 564.348
  Detector : x=   8.000, y=  20.000, z= 760.000
  Obj rotY :   0.0000 deg
view   0 | SOD= 564.969 mm | SDD= 761.018 mm | M= 1.347 | incident=2.9645°
[[ 135.32716    -547.9408      -25.243328  ]
 [ -42.55362     191.16841       9.756672  ]
 [   0.14457743    0.03843863    0.        ]
 [   0.            0.            0.1496    ]]
               x1        y1  area1          x2        y2  area2          x3        y3  area3          x4         y4  area4          x5        y5  area5         x6        y6  area6
range  325.318307  1.029467  105.0  244.360754  3.953257  104.0  180.559853  6.314291   61.0  308.911565  16.638708  113.0  130.126882  9.402672   45.0  325.35702  30.07692   96.0
FAILURE!!!! Some beads might have been misidentified
               x1       y1  area1          x2        y2  area2          x3        y3  area3          x4         y4  area4         x5        y5  area5          x6         y6  area6
range  325.210237  1.00768  113.0  244.248204  3.967889  103.0  180.676497  6.343127   65.0  308.846274  16.630303  115.0  130.11351  9.357935   45.0  325.391022  30.088578   96.0
FAILURE!!!! Some beads might have been misidentified
              x1        y1  area1          x2        y2  area2          x3        y3  area3          x4         y4  area4          x5        y5  area5          x6         y6  area6
range  325.25859  1.006492  116.0  244.348321  3.911983  111.0  180.550408  6.401279   62.0  308.859035  16.527697  105.0  130.231655  9.394284   43.0  325.383026  30.142834   99.0
FAILURE!!!! Some beads might have been misidentified
               x1        y1  area1          x2        y2  area2          x3        y3  area3          x4         y4  area4          x5        y5  area5          x6         y6  area6
range  325.283861  1.062916  107.0  244.303304  3.909735  104.0  180.544624  6.357564   61.0  308.897478  16.577338  114.0  130.107175  9.310706   47.0  325.339854  30.066869   96.0
FAILURE!!!! Some beads might have been misidentified
               x1        y1  area1          x2        y2  area2          x3        y3  area3          x4         y4  area4          x5        y5  area5          x6         y6  area6
range  325.266439  0.955333  108.0  244.387728  3.952818  103.0  180.542489  6.353151   64.0  308.869715  16.521016  114.0  130.123761  9.399672   46.0  325.320204  30.152546   92.0
FAILURE!!!! Some beads might have been misidentified
               x1        y1  area1          x2        y2  area2          x3        y3  area3          x4         y4  area4          x5        y5  area5         x6        y6  area6
range  325.284037  1.029467  105.0  244.360754  3.953257  104.0  180.525997  6.314291   61.0  308.911565  16.628196  114.0  130.126882  9.402672   45.0  325.35702  30.07692   96.0
FAILURE!!!! Some beads might have been misidentified
               x1        y1  area1          x2        y2  area2          x3        y3  area3          x4         y4  area4          x5        y5  area5          x6         y6  area6
range  325.291365  1.029467  105.0  244.360754  3.953257  104.0  180.605371  6.314291   61.0  308.837275  16.643281  113.0  130.126882  9.376355   50.0  325.310125  30.141893   95.0
FAILURE!!!! Some beads might have been misidentified
              x1        y1  area1          x2        y2  area2          x3        y3  area3          x4         y4  area4          x5        y5  area5          x6         y6  area6
range  325.26829  1.056081  103.0  244.360754  3.950546  110.0  180.537703  6.321252   62.0  308.911565  16.616127  114.0  130.126882  9.384027   45.0  325.333427  30.112955   96.0
FAILURE!!!! Some beads might have been misidentified
              x1        y1  area1          x2        y2  area2          x3        y3  area3          x4         y4  area4          x5        y5  area5         x6        y6  area6
range  325.30256  0.981194  108.0  244.360754  3.936251  103.0  180.539403  6.329188   62.0  308.911565  16.621343  114.0  130.113534  9.402672   45.0  325.35702  30.07692   95.0
FAILURE!!!! Some beads might have been misidentified
              x1        y1  area1          x2        y2  area2          x3        y3  area3          x4         y4  area4          x5        y5  area5          x6         y6  area6
range  325.35088  0.956613  117.0  244.195298  3.918064  102.0  180.489208  6.316543   64.0  308.964482  16.621812  114.0  130.297321  9.384027   46.0  325.442753  30.090682   91.0
FAILURE!!!! Some beads might have been misidentified
               x1        y1  area1          x2        y2  area2          x3        y3  area3          x4       y4  area4          x5        y5  area5          x6         y6  area6
range  325.203625  1.057558  107.0  244.555803  3.949772  112.0  180.676669  6.394114   64.0  308.809827  16.6153  115.0  130.047844  9.426731   44.0  325.316811  30.140731   98.0
FAILURE!!!! Some beads might have been misidentified
               x1        y1  area1          x2       y2  area2          x3        y3  area3          x4         y4  area4          x5        y5  area5          x6        y6  area6
range  325.397533  1.029467  108.0  244.530894  3.91811  103.0  180.364438  6.377295   63.0  308.683177  16.612809  115.0  130.126882  9.343551   46.0  325.584163  30.07692   95.0
FAILURE!!!! Some beads might have been misidentified
               x1        y1  area1          x2        y2  area2          x3        y3  area3          x4         y4  area4          x5        y5  area5          x6         y6  area6
range  325.071295  1.029467  105.0  244.180104  3.939952  111.0  180.862467  6.299113   62.0  309.042957  16.607706  114.0  130.126882  9.396875   45.0  325.193402  30.141893   96.0
FAILURE!!!! Some beads might have been misidentified
Residual vector length: 270, Jacobian shape: (270, 6)
view   0 | SOD= 564.853 mm | SDD= 761.018 mm | M= 1.347 | incident=2.9645°
[[ 135.78857    -547.7094      -25.197832  ]
 [ -42.853832    191.2161        9.802168  ]
 [   0.14453773    0.03858761    0.        ]
 [   0.            0.            0.1496    ]]
               x1        y1  area1          x2        y2  area2          x3        y3  area3          x4         y4  area4          x5        y5  area5         x6         y6  area6
range  326.668775  1.143531  108.0  243.404456  3.908153  106.0  179.762649  6.476404   65.0  308.668453  16.461638  110.0  131.718669  9.355094   53.0  326.58136  30.071402   93.0
FAILURE!!!! Some beads might have been misidentified

iter 09 cost=464.995302 -> 414.650802 |dtheta|=2.004818e-01  lambda=1.000e-06

============================================================
Iteration 10
============================================================
Theta offsets (Unity frame):
  Source   : dSx=   0.000, dSy=   0.000, dSz=   0.000  (mm)
  Object   : dOx= -14.929, dOy= -12.198, dOz= -17.811  (mm)
  Object offset: offset_x=   0.011, offset_z=   0.012  (mm)
  Detector : dDx=   0.000, dDy=   0.000, dDz=   0.000  (mm)
  Obj Stage rotY :   14.948 deg
============================================================

Unity geometry (world coordinates):
  Source   : x= -10.000, y=  55.000, z=   0.000
  Object   : x=   0.071, y=  29.802, z= 564.189
  Detector : x=   8.000, y=  20.000, z= 760.000
  Obj rotY :   0.0000 deg
view   0 | SOD= 564.853 mm | SDD= 761.018 mm | M= 1.347 | incident=2.9645°
[[ 135.78857    -547.7094      -25.197832  ]
 [ -42.853832    191.2161        9.802168  ]
 [   0.14453773    0.03858761    0.        ]
 [   0.            0.            0.1496    ]]
               x1        y1  area1          x2        y2  area2          x3        y3  area3          x4         y4  area4          x5        y5  area5         x6         y6  area6
range  326.668775  1.143531  108.0  243.404456  3.908153  106.0  179.762649  6.476404   65.0  308.668453  16.461638  110.0  131.718669  9.355094   53.0  326.58136  30.071402   93.0
FAILURE!!!! Some beads might have been misidentified
               x1        y1  area1          x2        y2  area2          x3        y3  area3          x4         y4  area4          x5        y5  area5          x6         y6  area6
range  326.584385  1.158674  112.0  243.340901  3.848947  106.0  179.692888  6.461015   56.0  308.751269  16.524582  113.0  131.691851  9.317646   49.0  326.661643  30.047219   88.0
FAILURE!!!! Some beads might have been misidentified
               x1      y1  area1          x2       y2  area2          x3       y3  area3          x4         y4  area4          x5        y5  area5         x6         y6  area6
range  326.652602  1.1384  110.0  243.388773  3.87561  110.0  179.756392  6.47731   73.0  308.695977  16.578405  113.0  131.726579  9.401295   50.0  326.55531  30.132184   92.0
FAILURE!!!! Some beads might have been misidentified
               x1        y1  area1          x2        y2  area2          x3        y3  area3          x4         y4  area4          x5        y5  area5          x6         y6  area6
range  326.668775  1.163205  109.0  243.404456  3.908153  106.0  179.762649  6.476404   64.0  308.668453  16.461638  109.0  131.670519  9.334255   52.0  326.594843  30.023087   92.0
FAILURE!!!! Some beads might have been misidentified
               x1        y1  area1          x2        y2  area2          x3        y3  area3          x4         y4  area4          x5        y5  area5          x6         y6  area6
range  326.704695  1.143531  108.0  243.404456  3.908153  106.0  179.721684  6.476404   65.0  308.685305  16.461638  109.0  131.718669  9.348561   53.0  326.576148  30.071402   91.0
FAILURE!!!! Some beads might have been misidentified
               x1        y1  area1          x2        y2  area2          x3        y3  area3          x4         y4  area4          x5        y5  area5         x6         y6  area6
range  326.668775  1.179135  108.0  243.404456  3.913415  107.0  179.762649  6.489093   65.0  308.668453  16.432675  109.0  131.718669  9.355094   54.0  326.58136  30.042628   92.0
FAILURE!!!! Some beads might have been misidentified
              x1        y1  area1          x2        y2  area2          x3        y3  area3          x4         y4  area4          x5        y5  area5          x6         y6  area6
range  326.69608  1.134649  108.0  243.409622  3.908153  109.0  179.762649  6.437937   65.0  308.685305  16.470048  106.0  131.685036  9.363024   51.0  326.579356  30.073697   92.0
FAILURE!!!! Some beads might have been misidentified
               x1        y1  area1          x2        y2  area2          x3        y3  area3          x4         y4  area4          x5        y5  area5          x6        y6  area6
range  326.743677  1.055201  111.0  243.226175  3.915651  114.0  179.715854  6.451659   55.0  308.675758  16.451806  107.0  131.852923  9.289869   48.0  326.623792  30.04087   90.0
FAILURE!!!! Some beads might have been misidentified
             x1        y1  area1          x2        y2  area2          x3        y3  area3          x4         y4  area4          x5        y5  area5          x6         y6  area6
range  326.7732  1.163205  111.0  243.597346  3.896196  102.0  179.553617  6.459989   66.0  308.484746  16.450933  105.0  131.670519  9.332589   54.0  326.682717  30.023087   90.0
FAILURE!!!! Some beads might have been misidentified
               x1        y1  area1          x2        y2  area2          x3        y3  area3          x4         y4  area4          x5        y5  area5          x6         y6  area6
range  326.471445  1.143531  108.0  243.307826  3.898703  107.0  179.851511  6.441417   66.0  308.857868  16.468274  112.0  131.718669  9.363404   53.0  326.515505  30.071402   92.0
FAILURE!!!! Some beads might have been misidentified
Residual vector length: 270, Jacobian shape: (270, 6)
view   0 | SOD= 564.197 mm | SDD= 761.018 mm | M= 1.349 | incident=2.9645°
[[ 136.05257    -546.969       -25.152672  ]
 [ -43.165306    191.81712       9.847328  ]
 [   0.14450763    0.03870017    0.        ]
 [   0.            0.            0.1496    ]]
              x1        y1  area1          x2        y2  area2          x3        y3  area3          x4         y4  area4          x5        y5  area5          x6         y6  area6
range  326.42372  1.039582  110.0  243.026106  3.854826  114.0  180.166667  6.343714   66.0  309.694177  16.183147  116.0  132.472189  9.268671   48.0  326.434117  30.212213   93.0
FAILURE!!!! Some beads might have been misidentified

iter 10 cost=414.650802 -> 308.240142 |dtheta|=6.238244e-01  lambda=1.000e-06

============================================================
Iteration 11
============================================================
Theta offsets (Unity frame):
  Source   : dSx=   0.000, dSy=   0.000, dSz=   0.000  (mm)
  Object   : dOx= -14.963, dOy= -12.153, dOz= -18.429  (mm)
  Object offset: offset_x=   0.037, offset_z=  -0.025  (mm)
  Detector : dDx=   0.000, dDy=   0.000, dDz=   0.000  (mm)
  Obj Stage rotY :   14.992 deg
============================================================

Unity geometry (world coordinates):
  Source   : x= -10.000, y=  55.000, z=   0.000
  Object   : x=   0.037, y=  29.847, z= 563.571
  Detector : x=   8.000, y=  20.000, z= 760.000
  Obj rotY :   0.0000 deg
view   0 | SOD= 564.197 mm | SDD= 761.018 mm | M= 1.349 | incident=2.9645°
[[ 136.05257    -546.969       -25.152672  ]
 [ -43.165306    191.81712       9.847328  ]
 [   0.14450763    0.03870017    0.        ]
 [   0.            0.            0.1496    ]]
              x1        y1  area1          x2        y2  area2          x3        y3  area3          x4         y4  area4          x5        y5  area5          x6         y6  area6
range  326.42372  1.039582  110.0  243.026106  3.854826  114.0  180.166667  6.343714   66.0  309.694177  16.183147  116.0  132.472189  9.268671   48.0  326.434117  30.212213   93.0
FAILURE!!!! Some beads might have been misidentified
               x1        y1  area1          x2        y2  area2          x3        y3  area3         x4         y4  area4          x5        y5  area5          x6         y6  area6
range  326.470123  0.998493  106.0  243.055102  3.821596  117.0  180.160222  6.236224   66.0  309.65201  16.248397  114.0  132.349213  9.317362   44.0  326.410601  30.229896   94.0
FAILURE!!!! Some beads might have been misidentified
               x1        y1  area1          x2        y2  area2          x3        y3  area3         x4         y4  area4          x5        y5  area5          x6         y6  area6
range  326.410645  1.082112  111.0  243.044392  3.940393  106.0  180.172402  6.267503   68.0  309.77937  16.247656  114.0  132.465841  9.183564   50.0  326.436624  30.202392   92.0
FAILURE!!!! Some beads might have been misidentified
               x1        y1  area1          x2        y2  area2         x3        y3  area3         x4        y4  area4          x5        y5  area5          x6         y6  area6
range  326.344218  0.992148  109.0  243.043984  3.898771  113.0  180.23229  6.415848   66.0  309.70616  16.22903  113.0  132.376663  9.137676   53.0  326.358951  30.111065   94.0
FAILURE!!!! Some beads might have been misidentified
               x1        y1  area1          x2        y2  area2          x3        y3  area3          x4         y4  area4          x5        y5  area5          x6         y6  area6
range  326.324421  1.021065  107.0  243.023654  3.997022  106.0  180.106011  6.322507   69.0  309.740252  16.357268  114.0  132.481033  9.315427   49.0  326.319461  30.103896   93.0
FAILURE!!!! Some beads might have been misidentified
              x1        y1  area1          x2        y2  area2          x3        y3  area3          x4         y4  area4          x5        y5  area5          x6         y6  area6
range  326.42372  1.039582  110.0  243.026106  3.873965  114.0  180.131667  6.343714   67.0  309.694177  16.183147  116.0  132.472189  9.268671   48.0  326.420736  30.224012   93.0
FAILURE!!!! Some beads might have been misidentified
              x1        y1  area1          x2        y2  area2          x3        y3  area3          x4         y4  area4          x5        y5  area5          x6         y6  area6
range  326.42372  1.039582  110.0  243.034957  3.854826  114.0  180.166667  6.343714   66.0  309.694177  16.183147  116.0  132.472189  9.268671   48.0  326.424892  30.191326   94.0
FAILURE!!!! Some beads might have been misidentified
               x1        y1  area1          x2       y2  area2          x3        y3  area3          x4         y4  area4          x5        y5  area5          x6         y6  area6
range  326.404723  1.021616  103.0  243.052081  3.86472  112.0  180.166667  6.343547   67.0  309.694177  16.187297  117.0  132.472189  9.268671   49.0  326.405143  30.218583   95.0
FAILURE!!!! Some beads might have been misidentified
              x1        y1  area1          x2        y2  area2          x3        y3  area3          x4         y4  area4          x5        y5  area5          x6         y6  area6
range  326.42372  1.039582  110.0  243.026106  3.877777  111.0  180.131667  6.309769   65.0  309.714004  16.250157  114.0  132.472189  9.268671   48.0  326.434117  30.180703   92.0
FAILURE!!!! Some beads might have been misidentified
               x1        y1  area1          x2       y2  area2          x3        y3  area3          x4         y4  area4          x5        y5  area5          x6         y6  area6
range  326.404723  1.079006  111.0  242.836954  3.85822  116.0  180.121106  6.252565   68.0  309.736406  16.206133  118.0  132.634608  9.234942   44.0  326.440568  30.200111   91.0
FAILURE!!!! Some beads might have been misidentified
               x1        y1  area1          x2        y2  area2          x3        y3  area3          x4        y4  area4          x5        y5  area5          x6         y6  area6
range  326.377701  1.012197  107.0  243.270033  3.903769  107.0  180.215262  6.212753   64.0  309.694177  16.28992  112.0  132.180446  9.262309   48.0  326.242196  30.232177   94.0
FAILURE!!!! Some beads might have been misidentified
               x1        y1  area1          x2        y2  area2          x3        y3  area3          x4        y4  area4          x5        y5  area5        x6         y6  area6
range  326.747901  1.039582  110.0  243.255098  3.886885  116.0  180.051856  6.250772   66.0  309.606253  16.22063  113.0  132.472189  9.237469   50.0  326.6604  30.172288   94.0
FAILURE!!!! Some beads might have been misidentified
               x1        y1  area1          x2        y2  area2          x3        y3  area3          x4        y4  area4          x5       y5  area5          x6        y6  area6
range  326.132867  1.039582  107.0  242.840249  3.855864  111.0  180.258495  6.249062   65.0  309.825127  16.28992  116.0  132.472189  9.25628   47.0  326.186825  30.24305   94.0
FAILURE!!!! Some beads might have been misidentified
Residual vector length: 270, Jacobian shape: (270, 6)
view   0 | SOD= 563.592 mm | SDD= 761.018 mm | M= 1.350 | incident=2.9645°
[[ 135.66345    -546.4421      -25.142189  ]
 [ -43.184082    192.43379       9.857811  ]
 [   0.14452702    0.03862773    0.        ]
 [   0.            0.            0.1496    ]]
               x1        y1  area1          x2        y2  area2          x3        y3  area3          x4         y4  area4          x5        y5  area5          x6         y6  area6
range  327.471709  1.009989  122.0  244.138612  3.793672  114.0  179.686057  6.294004   66.0  309.082724  16.540403  109.0  132.153083  9.431274   42.0  327.538616  30.112358   88.0
FAILURE!!!! Some beads might have been misidentified

iter 11 cost=308.240142 -> 209.340453 |dtheta|=6.580588e-01  lambda=1.000e-06

============================================================
Iteration 12
============================================================
Theta offsets (Unity frame):
  Source   : dSx=   0.000, dSy=   0.000, dSz=   0.000  (mm)
  Object   : dOx= -14.985, dOy= -12.142, dOz= -19.084  (mm)
  Object offset: offset_x=   0.017, offset_z=   0.025  (mm)
  Detector : dDx=   0.000, dDy=   0.000, dDz=   0.000  (mm)
  Obj Stage rotY :   14.964 deg
============================================================

Unity geometry (world coordinates):
  Source   : x= -10.000, y=  55.000, z=   0.000
  Object   : x=   0.015, y=  29.858, z= 562.916
  Detector : x=   8.000, y=  20.000, z= 760.000
  Obj rotY :   0.0000 deg
view   0 | SOD= 563.592 mm | SDD= 761.018 mm | M= 1.350 | incident=2.9645°
[[ 135.66345    -546.4421      -25.142189  ]
 [ -43.184082    192.43379       9.857811  ]
 [   0.14452702    0.03862773    0.        ]
 [   0.            0.            0.1496    ]]
               x1        y1  area1          x2        y2  area2          x3        y3  area3          x4         y4  area4          x5        y5  area5          x6         y6  area6
range  327.471709  1.009989  122.0  244.138612  3.793672  114.0  179.686057  6.294004   66.0  309.082724  16.540403  109.0  132.153083  9.431274   42.0  327.538616  30.112358   88.0
FAILURE!!!! Some beads might have been misidentified
               x1        y1  area1          x2       y2  area2          x3        y3  area3          x4         y4  area4          x5        y5  area5          x6         y6  area6
range  327.438818  1.024857  120.0  244.079963  3.87217  123.0  179.808643  6.359953   69.0  309.149831  16.515312  108.0  132.070155  9.445827   44.0  327.598259  30.100277   91.0
FAILURE!!!! Some beads might have been misidentified
               x1       y1  area1          x2        y2  area2         x3        y3  area3          x4         y4  area4          x5        y5  area5          x6         y6  area6
range  327.705858  1.04828  115.0  244.079279  3.850241  111.0  179.71087  6.338256   70.0  309.002983  16.639668  114.0  132.210167  9.439268   45.0  327.631747  30.103842   83.0
FAILURE!!!! Some beads might have been misidentified
               x1        y1  area1          x2        y2  area2          x3        y3  area3          x4         y4  area4          x5        y5  area5          x6         y6  area6
range  327.427646  1.006298  121.0  244.159314  3.812011  112.0  179.763961  6.263799   63.0  309.059254  16.457223  104.0  132.202272  9.473619   42.0  327.540588  30.094582   86.0
FAILURE!!!! Some beads might have been misidentified
               x1       y1  area1          x2        y2  area2          x3        y3  area3          x4         y4  area4          x5        y5  area5          x6         y6  area6
range  327.555245  1.08104  117.0  244.082845  3.917199  109.0  179.711789  6.385119   62.0  309.091906  16.582586  110.0  132.172769  9.383638   42.0  327.596396  30.109508   87.0
FAILURE!!!! Some beads might have been misidentified
               x1        y1  area1          x2        y2  area2          x3        y3  area3          x4         y4  area4          x5        y5  area5          x6         y6  area6
range  327.471709  1.009989  122.0  244.138612  3.793672  114.0  179.682049  6.294004   66.0  309.082724  16.540403  109.0  132.151353  9.431274   42.0  327.551425  30.112358   88.0
FAILURE!!!! Some beads might have been misidentified
               x1        y1  area1          x2        y2  area2          x3        y3  area3          x4         y4  area4          x5        y5  area5          x6         y6  area6
range  327.471709  1.009989  122.0  244.138612  3.771223  114.0  179.714885  6.316317   67.0  309.082724  16.540403  109.0  132.172418  9.451591   42.0  327.538616  30.116619   88.0
FAILURE!!!! Some beads might have been misidentified
              x1        y1  area1          x2        y2  area2          x3        y3  area3          x4         y4  area4          x5        y5  area5          x6         y6  area6
range  327.46613  1.042624  122.0  244.127979  3.805162  111.0  179.709057  6.294004   67.0  309.082724  16.540809  111.0  132.153083  9.451591   42.0  327.538616  30.104868   87.0
FAILURE!!!! Some beads might have been misidentified
              x1      y1  area1          x2        y2  area2          x3        y3  area3          x4         y4  area4          x5        y5  area5          x6         y6  area6
range  327.46613  0.9941  121.0  244.113929  3.773291  115.0  179.686057  6.343787   73.0  309.081838  16.545781  106.0  132.155788  9.451591   44.0  327.557698  30.110821   88.0
FAILURE!!!! Some beads might have been misidentified
               x1        y1  area1          x2        y2  area2          x3        y3  area3          x4         y4  area4          x5        y5  area5          x6         y6  area6
range  327.514136  0.947928  117.0  243.995963  3.774528  118.0  179.658973  6.358457   70.0  309.167586  16.541125  114.0  132.331104  9.433148   44.0  327.654176  30.125049   91.0
FAILURE!!!! Some beads might have been misidentified
               x1        y1  area1          x2        y2  area2          x3        y3  area3          x4         y4  area4          x5        y5  area5          x6        y6  area6
range  327.423271  1.098815  121.0  244.163279  3.892457  115.0  179.749965  6.320178   71.0  309.045996  16.556241  107.0  131.949218  9.472304   42.0  327.521442  30.07907   87.0
FAILURE!!!! Some beads might have been misidentified
               x1        y1  area1         x2        y2  area2          x3        y3  area3          x4         y4  area4          x5        y5  area5          x6         y6  area6
range  327.677763  1.001679  118.0  244.13192  3.753759  116.0  179.622074  6.299368   68.0  308.895194  16.582735  111.0  132.170688  9.411682   43.0  327.846197  30.099695   90.0
FAILURE!!!! Some beads might have been misidentified
               x1        y1  area1          x2        y2  area2          x3        y3  area3          x4         y4  area4          x5        y5  area5          x6         y6  area6
range  327.488313  1.009989  122.0  244.070315  3.845859  109.0  179.886575  6.378851   69.0  309.244982  16.532104  110.0  132.153083  9.492132   45.0  327.383809  30.129281   88.0
FAILURE!!!! Some beads might have been misidentified
Residual vector length: 270, Jacobian shape: (270, 6)
view   0 | SOD= 562.987 mm | SDD= 761.018 mm | M= 1.352 | incident=2.9645°
[[ 135.20168    -545.935       -25.105421  ]
 [ -43.216125    193.04477       9.894579  ]
 [   0.14454946    0.03854368    0.        ]
 [   0.            0.            0.1496    ]]
               x1        y1  area1          x2        y2  area2          x3        y3  area3          x4         y4  area4          x5        y5  area5          x6         y6  area6
range  327.422335  1.224972  120.0  244.515679  3.926134  114.0  180.115997  6.381378   56.0  309.599053  16.639841  108.0  131.938092  9.442935   49.0  327.585743  30.142507   88.0
FAILURE!!!! Some beads might have been misidentified

iter 12 cost=209.340453 -> 128.466478 |dtheta|=5.923281e-01  lambda=1.000e-06

============================================================
Iteration 13
============================================================
Theta offsets (Unity frame):
  Source   : dSx=   0.000, dSy=   0.000, dSz=   0.000  (mm)
  Object   : dOx= -14.983, dOy= -12.105, dOz= -19.674  (mm)
  Object offset: offset_x=   0.004, offset_z=   0.012  (mm)
  Detector : dDx=   0.000, dDy=   0.000, dDz=   0.000  (mm)
  Obj Stage rotY :   14.930 deg
============================================================

Unity geometry (world coordinates):
  Source   : x= -10.000, y=  55.000, z=   0.000
  Object   : x=   0.017, y=  29.895, z= 562.326
  Detector : x=   8.000, y=  20.000, z= 760.000
  Obj rotY :   0.0000 deg
view   0 | SOD= 562.987 mm | SDD= 761.018 mm | M= 1.352 | incident=2.9645°
[[ 135.20168    -545.935       -25.105421  ]
 [ -43.216125    193.04477       9.894579  ]
 [   0.14454946    0.03854368    0.        ]
 [   0.            0.            0.1496    ]]
               x1        y1  area1          x2        y2  area2          x3        y3  area3          x4         y4  area4          x5        y5  area5          x6         y6  area6
range  327.422335  1.224972  120.0  244.515679  3.926134  114.0  180.115997  6.381378   56.0  309.599053  16.639841  108.0  131.938092  9.442935   49.0  327.585743  30.142507   88.0
FAILURE!!!! Some beads might have been misidentified
               x1        y1  area1          x2        y2  area2          x3       y3  area3          x4         y4  area4          x5        y5  area5          x6         y6  area6
range  327.512231  1.240409  109.0  244.588677  3.891363  113.0  180.106268  6.29015   62.0  309.588019  16.634817  117.0  132.017155  9.460721   55.0  327.529995  30.027976   81.0
FAILURE!!!! Some beads might have been misidentified
               x1        y1  area1          x2        y2  area2          x3        y3  area3          x4         y4  area4          x5        y5  area5          x6         y6  area6
range  327.459015  1.231002  116.0  244.415928  3.947128  115.0  180.117014  6.377594   61.0  309.664231  16.563474  104.0  132.026131  9.398748   51.0  327.623241  30.175393   88.0
FAILURE!!!! Some beads might have been misidentified
               x1        y1  area1          x2        y2  area2          x3        y3  area3          x4         y4  area4          x5        y5  area5          x6         y6  area6
range  327.439053  1.187945  114.0  244.507781  3.929848  118.0  180.101088  6.398954   59.0  309.645216  16.586501  115.0  131.951783  9.466528   48.0  327.624129  30.182524   83.0
FAILURE!!!! Some beads might have been misidentified
               x1        y1  area1          x2        y2  area2         x3       y3  area3          x4         y4  area4          x5        y5  area5          x6         y6  area6
range  327.430059  1.198015  115.0  244.561731  3.879426  114.0  180.12528  6.35873   62.0  309.625174  16.674974  110.0  131.944819  9.418203   48.0  327.581598  30.074238   90.0
FAILURE!!!! Some beads might have been misidentified
               x1        y1  area1          x2        y2  area2          x3        y3  area3          x4         y4  area4          x5        y5  area5          x6         y6  area6
range  327.422335  1.218403  121.0  244.515679  3.926134  115.0  180.081002  6.381378   56.0  309.599053  16.650277  109.0  131.952797  9.442935   49.0  327.602206  30.133694   88.0
FAILURE!!!! Some beads might have been misidentified
               x1        y1  area1          x2        y2  area2          x3        y3  area3          x4         y4  area4          x5        y5  area5          x6         y6  area6
range  327.422335  1.224972  120.0  244.532031  3.926134  116.0  180.115997  6.381378   56.0  309.619255  16.639841  108.0  131.945419  9.442935   49.0  327.585743  30.119188   88.0
FAILURE!!!! Some beads might have been misidentified
               x1        y1  area1          x2        y2  area2          x3        y3  area3          x4         y4  area4          x5        y5  area5          x6         y6  area6
range  327.422335  1.187346  118.0  244.515679  3.890761  116.0  180.115997  6.381378   56.0  309.599053  16.670316  113.0  131.952797  9.442935   52.0  327.585743  30.110455   83.0
FAILURE!!!! Some beads might have been misidentified
               x1        y1  area1          x2        y2  area2          x3        y3  area3          x4         y4  area4          x5        y5  area5          x6         y6  area6
range  327.422335  1.243103  109.0  244.515679  3.904177  116.0  180.081002  6.379265   58.0  309.599053  16.623899  112.0  131.933218  9.437174   53.0  327.585743  30.114409   84.0
FAILURE!!!! Some beads might have been misidentified
              x1        y1  area1          x2      y2  area2          x3        y3  area3          x4        y4  area4         x5        y5  area5          x6         y6  area6
range  327.45986  1.252469  113.0  244.433518  3.9471  121.0  180.061996  6.404865   59.0  309.641904  16.61461  105.0  132.21662  9.449595   50.0  327.620732  30.142082   89.0
FAILURE!!!! Some beads might have been misidentified
              x1        y1  area1          x2        y2  area2         x3       y3  area3          x4         y4  area4          x5        y5  area5          x6         y6  area6
range  327.45461  1.218943  112.0  244.609892  3.888342  108.0  180.12771  6.42748   59.0  309.549717  16.617635  113.0  131.826666  9.470409   49.0  327.477685  30.061286   82.0
FAILURE!!!! Some beads might have been misidentified
               x1        y1  area1          x2        y2  area2          x3        y3  area3          x4         y4  area4          x5        y5  area5          x6         y6  area6
range  327.712653  1.221192  114.0  244.581321  3.914022  116.0  179.993787  6.404768   59.0  309.448799  16.689363  113.0  131.945419  9.468477   52.0  327.697576  30.087136   85.0
FAILURE!!!! Some beads might have been misidentified
               x1        y1  area1          x2        y2  area2          x3        y3  area3         x4         y4  area4          x5        y5  area5          x6         y6  area6
range  327.394492  1.224972  117.0  244.464779  3.925758  113.0  180.225492  6.404865   59.0  309.80345  16.603747  112.0  131.952797  9.396455   50.0  327.451323  30.165745   85.0
FAILURE!!!! Some beads might have been misidentified
Residual vector length: 270, Jacobian shape: (270, 6)
view   0 | SOD= 562.407 mm | SDD= 761.018 mm | M= 1.353 | incident=2.9645°
[[ 135.17421    -545.3435      -25.093235  ]
 [ -43.423885    193.59273       9.906765  ]
 [   0.14454004    0.03857894    0.        ]
 [   0.            0.            0.1496    ]]
               x1        y1  area1          x2      y2  area2          x3        y3  area3          x4         y4  area4          x5        y5  area5          x6         y6  area6
range  327.498096  1.115416  116.0  244.488456  3.9056  112.0  180.805811  6.256128   67.0  310.474256  16.733321  125.0  132.283043  9.442273   47.0  327.475793  30.341407   97.0
FAILURE!!!! Some beads might have been misidentified

iter 13 cost=128.466478 -> 74.280898 |dtheta|=5.519648e-01  lambda=1.000e-06

============================================================
Iteration 14
============================================================
Theta offsets (Unity frame):
  Source   : dSx=   0.000, dSy=   0.000, dSz=   0.000  (mm)
  Object   : dOx= -14.977, dOy= -12.093, dOz= -20.225  (mm)
  Object offset: offset_x=   0.008, offset_z=  -0.018  (mm)
  Detector : dDx=   0.000, dDy=   0.000, dDz=   0.000  (mm)
  Obj Stage rotY :   14.944 deg
============================================================

Unity geometry (world coordinates):
  Source   : x= -10.000, y=  55.000, z=   0.000
  Object   : x=   0.023, y=  29.907, z= 561.775
  Detector : x=   8.000, y=  20.000, z= 760.000
  Obj rotY :   0.0000 deg
view   0 | SOD= 562.407 mm | SDD= 761.018 mm | M= 1.353 | incident=2.9645°
[[ 135.17421    -545.3435      -25.093235  ]
 [ -43.423885    193.59273       9.906765  ]
 [   0.14454004    0.03857894    0.        ]
 [   0.            0.            0.1496    ]]
               x1        y1  area1          x2      y2  area2          x3        y3  area3          x4         y4  area4          x5        y5  area5          x6         y6  area6
range  327.498096  1.115416  116.0  244.488456  3.9056  112.0  180.805811  6.256128   67.0  310.474256  16.733321  125.0  132.283043  9.442273   47.0  327.475793  30.341407   97.0
FAILURE!!!! Some beads might have been misidentified
               x1        y1  area1          x2        y2  area2          x3        y3  area3          x4         y4  area4          x5        y5  area5         x6         y6  area6
range  327.446081  1.195063  109.0  244.551038  3.928578  110.0  180.685761  6.301196   71.0  310.491735  16.716939  121.0  132.212057  9.468583   48.0  327.51004  30.260479   94.0
FAILURE!!!! Some beads might have been misidentified
               x1        y1  area1          x2        y2  area2         x3        y3  area3          x4         y4  area4          x5        y5  area5          x6         y6  area6
range  327.479789  1.189777  115.0  244.443435  3.941381  109.0  180.77263  6.288313   65.0  310.436498  16.751191  122.0  132.206818  9.435867   52.0  327.357562  30.321309   91.0
FAILURE!!!! Some beads might have been misidentified
               x1        y1  area1         x2        y2  area2          x3        y3  area3          x4         y4  area4          x5        y5  area5          x6         y6  area6
range  327.412519  1.163942  109.0  244.39635  3.929872  112.0  180.640224  6.315501   63.0  310.467722  16.663338  125.0  132.259419  9.376534   50.0  327.395763  30.358012   94.0
FAILURE!!!! Some beads might have been misidentified
               x1        y1  area1          x2        y2  area2          x3        y3  area3          x4         y4  area4          x5        y5  area5          x6         y6  area6
range  327.421379  1.172653  119.0  244.450878  3.932432  112.0  180.724529  6.365746   71.0  310.465279  16.613045  121.0  132.236332  9.489468   44.0  327.492101  30.336593   91.0
FAILURE!!!! Some beads might have been misidentified
               x1        y1  area1          x2      y2  area2          x3        y3  area3          x4         y4  area4          x5        y5  area5          x6         y6  area6
range  327.498096  1.155103  110.0  244.473868  3.9056  112.0  180.807323  6.242916   67.0  310.474256  16.733321  126.0  132.258154  9.442273   52.0  327.475793  30.299487   97.0
FAILURE!!!! Some beads might have been misidentified
               x1        y1  area1          x2      y2  area2          x3        y3  area3          x4         y4  area4          x5        y5  area5          x6         y6  area6
range  327.498096  1.150428  117.0  244.488456  3.9056  112.0  180.805811  6.264491   67.0  310.485355  16.712386  125.0  132.305341  9.442273   48.0  327.475793  30.341407   97.0
FAILURE!!!! Some beads might have been misidentified
               x1        y1  area1          x2        y2  area2          x3        y3  area3          x4         y4  area4          x5        y5  area5          x6         y6  area6
range  327.498096  1.147468  113.0  244.488456  3.905482  110.0  180.805811  6.242916   66.0  310.474256  16.744603  123.0  132.267123  9.437026   49.0  327.475793  30.302848   96.0
FAILURE!!!! Some beads might have been misidentified
               x1        y1  area1          x2      y2  area2         x3        y3  area3          x4         y4  area4          x5        y5  area5          x6         y6  area6
range  327.498096  1.132754  110.0  244.473868  3.9056  112.0  180.78427  6.303292   68.0  310.474256  16.700565  128.0  132.258154  9.420476   53.0  327.475793  30.321884   95.0
FAILURE!!!! Some beads might have been misidentified
               x1        y1  area1         x2        y2  area2         x3        y3  area3         x4         y4  area4          x5        y5  area5          x6         y6  area6
range  327.434218  1.193285  111.0  244.33525  3.908452  112.0  180.57366  6.268702   69.0  310.50587  16.739363  121.0  132.379631  9.444839   47.0  327.519856  30.276091   95.0
FAILURE!!!! Some beads might have been misidentified
               x1        y1  area1          x2        y2  area2          x3        y3  area3          x4         y4  area4          x5        y5  area5          x6         y6  area6
range  327.476991  1.179135  114.0  244.642732  3.943665  108.0  180.913683  6.278706   70.0  310.439593  16.683027  129.0  132.039243  9.456885   47.0  327.398323  30.305696   88.0
FAILURE!!!! Some beads might have been misidentified
               x1        y1  area1          x2      y2  area2          x3        y3  area3          x4         y4  area4          x5        y5  area5         x6        y6  area6
range  327.480836  1.190114  111.0  244.510904  3.9056  112.0  180.481816  6.278706   68.0  310.287554  16.750528  125.0  132.258154  9.469569   55.0  327.59341  30.27844   91.0
FAILURE!!!! Some beads might have been misidentified
               x1        y1  area1         x2        y2  area2          x3        y3  area3          x4         y4  area4          x5        y5  area5          x6         y6  area6
range  327.423252  1.181255  117.0  244.33525  3.921867  107.0  180.998331  6.268702   68.0  310.640678  16.675816  125.0  132.305341  9.434881   45.0  327.296242  30.362454   92.0
FAILURE!!!! Some beads might have been misidentified
Residual vector length: 270, Jacobian shape: (270, 6)
view   0 | SOD= 562.212 mm | SDD= 761.018 mm | M= 1.354 | incident=2.9645°
[[ 135.32315    -545.1063      -25.081978  ]
 [ -43.527004    193.7689        9.918022  ]
 [   0.14452688    0.03862825    0.        ]
 [   0.            0.            0.1496    ]]
               x1        y1  area1          x2        y2  area2          x3        y3  area3          x4         y4  area4          x5        y5  area5          x6         y6  area6
range  327.788815  1.330795  108.0  245.152585  3.865309  121.0  180.601639  6.303738   59.0  309.976781  16.659748  120.0  131.813924  9.508879   51.0  327.772892  30.235214   96.0
FAILURE!!!! Some beads might have been misidentified

iter 14 cost=74.280898 -> 59.730916 |dtheta|=2.256019e-01  lambda=1.000e-06

============================================================
Iteration 15
============================================================
Theta offsets (Unity frame):
  Source   : dSx=   0.000, dSy=   0.000, dSz=   0.000  (mm)
  Object   : dOx= -14.963, dOy= -12.082, dOz= -20.445  (mm)
  Object offset: offset_x=  -0.020, offset_z=   0.008  (mm)
  Detector : dDx=   0.000, dDy=   0.000, dDz=   0.000  (mm)
  Obj Stage rotY :   14.964 deg
============================================================

Unity geometry (world coordinates):
  Source   : x= -10.000, y=  55.000, z=   0.000
  Object   : x=   0.037, y=  29.918, z= 561.555
  Detector : x=   8.000, y=  20.000, z= 760.000
  Obj rotY :   0.0000 deg
view   0 | SOD= 562.212 mm | SDD= 761.018 mm | M= 1.354 | incident=2.9645°
[[ 135.32315    -545.1063      -25.081978  ]
 [ -43.527004    193.7689        9.918022  ]
 [   0.14452688    0.03862825    0.        ]
 [   0.            0.            0.1496    ]]
               x1        y1  area1          x2        y2  area2          x3        y3  area3          x4         y4  area4          x5        y5  area5          x6         y6  area6
range  327.788815  1.330795  108.0  245.152585  3.865309  121.0  180.601639  6.303738   59.0  309.976781  16.659748  120.0  131.813924  9.508879   51.0  327.772892  30.235214   96.0
FAILURE!!!! Some beads might have been misidentified
               x1       y1  area1          x2        y2  area2          x3        y3  area3          x4         y4  area4          x5        y5  area5          x6        y6  area6
range  327.927161  1.27957  106.0  245.133085  3.898824  115.0  180.756209  6.353498   65.0  309.948053  16.587843  125.0  131.852465  9.552011   44.0  327.894755  30.27271   91.0
FAILURE!!!! Some beads might have been misidentified
               x1        y1  area1          x2        y2  area2          x3        y3  area3          x4         y4  area4          x5        y5  area5          x6         y6  area6
range  327.670241  1.284674  106.0  245.141469  3.926203  115.0  180.492764  6.337102   60.0  309.967129  16.739825  121.0  131.837676  9.445606   53.0  327.862796  30.203535   92.0
FAILURE!!!! Some beads might have been misidentified
               x1        y1  area1          x2        y2  area2          x3        y3  area3          x4         y4  area4          x5        y5  area5          x6         y6  area6
range  327.779276  1.237564  109.0  245.081148  3.938945  117.0  180.648626  6.400094   60.0  309.857621  16.646946  117.0  131.840818  9.527775   49.0  327.806604  30.268167   96.0
FAILURE!!!! Some beads might have been misidentified
               x1        y1  area1        x2        y2  area2          x3        y3  area3          x4         y4  area4          x5        y5  area5          x6         y6  area6
range  327.785714  1.263601  112.0  245.1124  3.864758  115.0  180.568382  6.218777   59.0  309.958447  16.572129  118.0  131.758286  9.482667   48.0  327.722564  30.247071   95.0
FAILURE!!!! Some beads might have been misidentified
               x1       y1  area1          x2        y2  area2          x3        y3  area3          x4         y4  area4          x5        y5  area5          x6         y6  area6
range  327.777695  1.32927  108.0  245.143743  3.865309  121.0  180.601639  6.325546   59.0  309.960827  16.668974  121.0  131.829248  9.508879   51.0  327.772892  30.213052   95.0
FAILURE!!!! Some beads might have been misidentified
               x1        y1  area1          x2        y2  area2          x3        y3  area3          x4         y4  area4          x5       y5  area5          x6         y6  area6
range  327.788815  1.336296  109.0  245.152585  3.857058  121.0  180.601639  6.347486   58.0  309.953177  16.654305  119.0  131.813924  9.52761   50.0  327.927721  30.235214   97.0
FAILURE!!!! Some beads might have been misidentified
               x1        y1  area1          x2        y2  area2          x3        y3  area3          x4         y4  area4          x5        y5  area5          x6         y6  area6
range  327.875346  1.322171  106.0  245.152585  3.835408  120.0  180.597064  6.325546   60.0  309.998889  16.627448  121.0  131.829248  9.444971   52.0  327.884087  30.246596   94.0
FAILURE!!!! Some beads might have been misidentified
               x1        y1  area1          x2        y2  area2          x3        y3  area3          x4         y4  area4          x5        y5  area5          x6        y6  area6
range  327.788815  1.355156  106.0  245.124606  3.865184  121.0  180.601639  6.342995   58.0  309.960583  16.639079  121.0  131.829248  9.522833   50.0  327.835538  30.23683   97.0
FAILURE!!!! Some beads might have been misidentified
               x1        y1  area1          x2        y2  area2          x3        y3  area3          x4        y4  area4          x5        y5  area5          x6         y6  area6
range  327.788815  1.272686  109.0  245.049921  3.935408  116.0  180.552976  6.320435   64.0  310.036857  16.64344  129.0  132.019866  9.514017   49.0  327.947259  30.257318   92.0
FAILURE!!!! Some beads might have been misidentified
               x1        y1  area1          x2        y2  area2          x3        y3  area3          x4        y4  area4          x5        y5  area5          x6         y6  area6
range  327.735418  1.291559  103.0  245.223183  3.855378  115.0  180.642069  6.360864   60.0  309.877018  16.65407  118.0  131.670274  9.534599   50.0  327.750206  30.218927   91.0
FAILURE!!!! Some beads might have been misidentified
               x1        y1  area1          x2        y2  area2          x3        y3  area3          x4         y4  area4          x5        y5  area5          x6         y6  area6
range  328.003574  1.330795  108.0  245.167916  3.959394  116.0  180.443068  6.337334   59.0  309.738592  16.704761  120.0  131.813924  9.507632   53.0  328.026772  30.213052   94.0
FAILURE!!!! Some beads might have been misidentified
               x1        y1  area1          x2        y2  area2          x3        y3  area3          x4         y4  area4          x5        y5  area5          x6         y6  area6
range  327.616097  1.334771  107.0  245.074523  3.874506  121.0  180.786123  6.291705   63.0  310.133434  16.642962  127.0  131.829248  9.490439   46.0  327.750608  30.235214   92.0
FAILURE!!!! Some beads might have been misidentified
Residual vector length: 270, Jacobian shape: (270, 6)
view   0 | SOD= 561.977 mm | SDD= 761.018 mm | M= 1.354 | incident=2.9645°
[[ 135.33621    -544.8606      -25.074585  ]
 [ -43.63889     193.98438       9.925415  ]
 [   0.14452034    0.03865268    0.        ]
 [   0.            0.            0.1496    ]]
               x1        y1  area1          x2        y2  area2          x3        y3  area3          x4         y4  area4          x5        y5  area5          x6         y6  area6
range  327.731383  1.188871  110.0  244.764487  3.923479  113.0  180.671569  6.286253   69.0  310.473862  16.748074  122.0  132.390392  9.361402   50.0  327.980892  30.302278   88.0
FAILURE!!!! Some beads might have been misidentified

iter 15 cost=59.730916 -> 42.111251 |dtheta|=2.256726e-01  lambda=1.000e-06

============================================================
Iteration 16
============================================================
Theta offsets (Unity frame):
  Source   : dSx=   0.000, dSy=   0.000, dSz=   0.000  (mm)
  Object   : dOx= -14.975, dOy= -12.075, dOz= -20.668  (mm)
  Object offset: offset_x=   0.012, offset_z=  -0.005  (mm)
  Detector : dDx=   0.000, dDy=   0.000, dDz=   0.000  (mm)
  Obj Stage rotY :   14.974 deg
============================================================

Unity geometry (world coordinates):
  Source   : x= -10.000, y=  55.000, z=   0.000
  Object   : x=   0.025, y=  29.925, z= 561.332
  Detector : x=   8.000, y=  20.000, z= 760.000
  Obj rotY :   0.0000 deg
view   0 | SOD= 561.977 mm | SDD= 761.018 mm | M= 1.354 | incident=2.9645°
[[ 135.33621    -544.8606      -25.074585  ]
 [ -43.63889     193.98438       9.925415  ]
 [   0.14452034    0.03865268    0.        ]
 [   0.            0.            0.1496    ]]
               x1        y1  area1          x2        y2  area2          x3        y3  area3          x4         y4  area4          x5        y5  area5          x6         y6  area6
range  327.731383  1.188871  110.0  244.764487  3.923479  113.0  180.671569  6.286253   69.0  310.473862  16.748074  122.0  132.390392  9.361402   50.0  327.980892  30.302278   88.0
FAILURE!!!! Some beads might have been misidentified
               x1        y1  area1      x2        y2  area2          x3        y3  area3          x4         y4  area4          x5       y5  area5          x6        y6  area6
range  327.824172  1.211355  110.0  244.75  3.904036  117.0  180.747058  6.306553   70.0  310.465521  16.550823  123.0  132.425265  9.45196   47.0  327.933798  30.30039   90.0
FAILURE!!!! Some beads might have been misidentified
               x1        y1  area1          x2        y2  area2          x3        y3  area3          x4         y4  area4          x5        y5  area5          x6         y6  area6
range  327.729995  1.196028  111.0  244.827826  3.925284  113.0  180.515108  6.302136   66.0  310.489647  16.731288  114.0  132.355922  9.456697   55.0  327.839506  30.325915   89.0
FAILURE!!!! Some beads might have been misidentified
               x1        y1  area1          x2        y2  area2          x3        y3  area3          x4         y4  area4          x5        y5  area5          x6         y6  area6
range  327.762589  1.133495  113.0  244.787826  3.937323  118.0  180.682188  6.422768   64.0  310.521321  16.728427  118.0  132.442776  9.444894   46.0  327.932155  30.401563   91.0
FAILURE!!!! Some beads might have been misidentified
               x1        y1  area1          x2        y2  area2          x3        y3  area3          x4         y4  area4          x5        y5  area5          x6         y6  area6
range  327.758336  1.209278  111.0  244.805976  3.950303  111.0  180.618578  6.393651   69.0  310.462057  16.566868  122.0  132.421269  9.363189   46.0  327.975844  30.347839   86.0
FAILURE!!!! Some beads might have been misidentified
               x1        y1  area1          x2        y2  area2          x3        y3  area3          x4         y4  area4          x5        y5  area5          x6         y6  area6
range  327.731383  1.188871  110.0  244.764487  3.923479  113.0  180.671569  6.281108   69.0  310.473224  16.748074  122.0  132.390392  9.406647   50.0  327.964922  30.293157   87.0
FAILURE!!!! Some beads might have been misidentified
              x1        y1  area1          x2        y2  area2          x3        y3  area3          x4         y4  area4          x5        y5  area5          x6         y6  area6
range  327.80269  1.188871  110.0  244.771231  3.923479  113.0  180.684211  6.292258   70.0  310.473862  16.717093  122.0  132.376721  9.452358   51.0  327.800705  30.325106   88.0
FAILURE!!!! Some beads might have been misidentified
              x1        y1  area1          x2        y2  area2          x3        y3  area3          x4         y4  area4          x5        y5  area5          x6         y6  area6
range  327.80269  1.201031  110.0  244.783674  3.906051  118.0  180.685338  6.316275   67.0  310.473862  16.703965  119.0  132.390392  9.452358   50.0  327.780726  30.295408   89.0
FAILURE!!!! Some beads might have been misidentified
               x1        y1  area1          x2        y2  area2          x3        y3  area3          x4         y4  area4          x5        y5  area5          x6         y6  area6
range  327.745002  1.213793  110.0  244.764487  3.917594  114.0  180.650187  6.278158   68.0  310.473862  16.703223  121.0  132.376721  9.366429   52.0  327.994815  30.279895   89.0
FAILURE!!!! Some beads might have been misidentified
             x1        y1  area1          x2        y2  area2          x3        y3  area3          x4         y4  area4          x5        y5  area5         x6         y6  area6
range  327.9254  1.159286  114.0  244.711744  3.938528  111.0  180.597434  6.271132   68.0  310.496872  16.637522  119.0  132.488016  9.337554   47.0  328.04387  30.317678   90.0
FAILURE!!!! Some beads might have been misidentified
               x1        y1  area1          x2        y2  area2          x3        y3  area3          x4         y4  area4          x5        y5  area5          x6         y6  area6
range  327.738271  1.231164  108.0  244.838542  3.890226  118.0  180.700658  6.311046   68.0  310.404369  16.651454  119.0  132.293171  9.479591   53.0  327.750059  30.308628   90.0
FAILURE!!!! Some beads might have been misidentified
               x1        y1  area1          x2        y2  area2          x3       y3  area3          x4         y4  area4          x5        y5  area5          x6         y6  area6
range  327.905575  1.188871  111.0  244.824773  3.937075  113.0  180.455897  6.30634   68.0  310.295665  16.711978  116.0  132.390392  9.404209   53.0  328.110476  30.293157   90.0
FAILURE!!!! Some beads might have been misidentified
               x1        y1  area1          x2        y2  area2          x3        y3  area3          x4         y4  area4          x5        y5  area5          x6         y6  area6
range  327.675557  1.197047  108.0  244.734595  3.890226  117.0  180.786325  6.264047   65.0  310.681786  16.659277  120.0  132.376721  9.494694   50.0  327.686067  30.325106   92.0
FAILURE!!!! Some beads might have been misidentified
Residual vector length: 270, Jacobian shape: (270, 6)
view   0 | SOD= 561.872 mm | SDD= 761.018 mm | M= 1.354 | incident=2.9645°
[[ 135.32114    -544.7572      -25.061848  ]
 [ -43.666016    194.08485       9.938152  ]
 [   0.14451972    0.03865504    0.        ]
 [   0.            0.            0.1496    ]]
               x1        y1  area1        x2        y2  area2          x3        y3  area3          x4         y4  area4          x5        y5  area5          x6         y6  area6
range  327.686109  1.188103  111.0  244.7381  3.950409  121.0  181.001647  6.415003   62.0  310.794281  16.671646  122.0  132.369263  9.479176   44.0  327.702302  30.365054   93.0
FAILURE!!!! Some beads might have been misidentified

iter 16 cost=42.111251 -> 36.829228 |dtheta|=9.343359e-02  lambda=1.000e-06

============================================================
Iteration 17
============================================================
Theta offsets (Unity frame):
  Source   : dSx=   0.000, dSy=   0.000, dSz=   0.000  (mm)
  Object   : dOx= -14.973, dOy= -12.062, dOz= -20.759  (mm)
  Object offset: offset_x=   0.007, offset_z=  -0.017  (mm)
  Detector : dDx=   0.000, dDy=   0.000, dDz=   0.000  (mm)
  Obj Stage rotY :   14.975 deg
============================================================

Unity geometry (world coordinates):
  Source   : x= -10.000, y=  55.000, z=   0.000
  Object   : x=   0.027, y=  29.938, z= 561.241
  Detector : x=   8.000, y=  20.000, z= 760.000
  Obj rotY :   0.0000 deg
view   0 | SOD= 561.872 mm | SDD= 761.018 mm | M= 1.354 | incident=2.9645°
[[ 135.32114    -544.7572      -25.061848  ]
 [ -43.666016    194.08485       9.938152  ]
 [   0.14451972    0.03865504    0.        ]
 [   0.            0.            0.1496    ]]
               x1        y1  area1        x2        y2  area2          x3        y3  area3          x4         y4  area4          x5        y5  area5          x6         y6  area6
range  327.686109  1.188103  111.0  244.7381  3.950409  121.0  181.001647  6.415003   62.0  310.794281  16.671646  122.0  132.369263  9.479176   44.0  327.702302  30.365054   93.0
FAILURE!!!! Some beads might have been misidentified
               x1       y1  area1          x2        y2  area2          x3        y3  area3          x4        y4  area4          x5        y5  area5          x6         y6  area6
range  327.689565  1.19801  108.0  244.797473  3.988212  121.0  181.037292  6.324698   63.0  310.783221  16.61297  122.0  132.341236  9.455933   42.0  327.667807  30.355358   93.0
FAILURE!!!! Some beads might have been misidentified
               x1        y1  area1          x2        y2  area2          x3        y3  area3          x4         y4  area4         x5       y5  area5          x6         y6  area6
range  327.656665  1.130587  110.0  244.749764  3.932733  114.0  181.025741  6.385894   65.0  310.756828  16.781431  120.0  132.36001  9.50403   53.0  327.677848  30.352406   91.0
FAILURE!!!! Some beads might have been misidentified
               x1        y1  area1          x2        y2  area2         x3        y3  area3          x4         y4  area4          x5        y5  area5          x6         y6  area6
range  327.679078  1.165635  113.0  244.751373  3.843518  112.0  181.07228  6.398444   64.0  310.843021  16.627028  128.0  132.287865  9.459389   43.0  327.708914  30.307659   87.0
FAILURE!!!! Some beads might have been misidentified
               x1        y1  area1          x2        y2  area2          x3        y3  area3          x4         y4  area4          x5        y5  area5          x6         y6  area6
range  327.687514  1.187296  105.0  244.767581  3.910226  118.0  180.958814  6.344825   64.0  310.703892  16.629594  122.0  132.353683  9.464109   48.0  327.698413  30.348312   93.0
FAILURE!!!! Some beads might have been misidentified
             x1        y1  area1          x2        y2  area2          x3        y3  area3          x4         y4  area4          x5        y5  area5          x6         y6  area6
range  327.6652  1.188103  111.0  244.734375  3.950409  121.0  181.001647  6.415003   63.0  310.794281  16.671646  122.0  132.369263  9.479176   44.0  327.702302  30.385781   92.0
FAILURE!!!! Some beads might have been misidentified
               x1        y1  area1        x2        y2  area2          x3        y3  area3          x4         y4  area4          x5        y5  area5          x6         y6  area6
range  327.686109  1.164841  111.0  244.7381  3.950409  121.0  181.001647  6.415003   63.0  310.789116  16.671646  122.0  132.381511  9.479176   45.0  327.702302  30.344398   93.0
FAILURE!!!! Some beads might have been misidentified
               x1       y1  area1          x2        y2  area2          x3        y3  area3          x4         y4  area4          x5        y5  area5          x6         y6  area6
range  327.709447  1.15333  108.0  244.781428  3.941175  120.0  180.978892  6.430656   64.0  310.789116  16.655849  122.0  132.381511  9.497457   45.0  327.703962  30.356364   88.0
FAILURE!!!! Some beads might have been misidentified
               x1        y1  area1          x2        y2  area2          x3       y3  area3          x4         y4  area4          x5        y5  area5          x6         y6  area6
range  327.730357  1.145269  109.0  244.734375  3.943708  118.0  180.978892  6.40811   66.0  310.794281  16.730523  122.0  132.369263  9.493155   43.0  327.703962  30.359821   92.0
FAILURE!!!! Some beads might have been misidentified
               x1        y1  area1          x2       y2  area2         x3        y3  area3          x4         y4  area4          x5       y5  area5          x6        y6  area6
range  327.707389  1.186879  113.0  244.678064  3.94567  118.0  180.94445  6.292108   66.0  310.794281  16.681282  130.0  132.512565  9.46296   46.0  327.745167  30.37109   89.0
FAILURE!!!! Some beads might have been misidentified
              x1        y1  area1          x2        y2  area2          x3        y3  area3          x4         y4  area4          x5        y5  area5          x6         y6  area6
range  327.63426  1.141718  105.0  244.861113  3.963862  117.0  181.137168  6.428277   64.0  310.750424  16.683888  122.0  132.188681  9.518433   47.0  327.684181  30.336674   91.0
FAILURE!!!! Some beads might have been misidentified
               x1        y1  area1          x2        y2  area2          x3       y3  area3          x4         y4  area4          x5        y5  area5          x6         y6  area6
range  327.769088  1.164841  110.0  244.834655  3.964996  119.0  180.802306  6.42005   66.0  310.581081  16.703383  120.0  132.369263  9.445816   50.0  327.753521  30.344398   90.0
FAILURE!!!! Some beads might have been misidentified
               x1        y1  area1          x2        y2  area2          x3       y3  area3          x4         y4  area4          x5        y5  area5          x6         y6  area6
range  327.562416  1.188103  108.0  244.691829  3.981069  116.0  181.265781  6.29072   69.0  310.958968  16.682431  129.0  132.381511  9.519806   44.0  327.576233  30.385781   87.0
FAILURE!!!! Some beads might have been misidentified
Residual vector length: 270, Jacobian shape: (270, 6)
view   0 | SOD= 561.528 mm | SDD= 761.018 mm | M= 1.355 | incident=2.9645°
[[ 135.4119     -544.3806      -25.047043  ]
 [ -43.81681     194.40291       9.952957  ]
 [   0.14450707    0.03870229    0.        ]
 [   0.            0.            0.1496    ]]
               x1        y1  area1          x2        y2  area2          x3        y3  area3         x4         y4  area4          x5        y5  area5          x6         y6  area6
range  327.861308  1.115602  115.0  244.802532  3.824903  107.0  181.066577  6.427769   66.0  310.92033  16.693103  116.0  132.481908  9.490245   44.0  327.959812  30.349634   87.0
FAILURE!!!! Some beads might have been misidentified

iter 17 cost=36.829228 -> 20.101169 |dtheta|=3.467595e-01  lambda=1.000e-06

============================================================
Iteration 18
============================================================
Theta offsets (Unity frame):
  Source   : dSx=   0.000, dSy=   0.000, dSz=   0.000  (mm)
  Object   : dOx= -14.980, dOy= -12.047, dOz= -21.105  (mm)
  Object offset: offset_x=   0.012, offset_z=  -0.015  (mm)
  Detector : dDx=   0.000, dDy=   0.000, dDz=   0.000  (mm)
  Obj Stage rotY :   14.993 deg
============================================================

Unity geometry (world coordinates):
  Source   : x= -10.000, y=  55.000, z=   0.000
  Object   : x=   0.020, y=  29.953, z= 560.895
  Detector : x=   8.000, y=  20.000, z= 760.000
  Obj rotY :   0.0000 deg
view   0 | SOD= 561.528 mm | SDD= 761.018 mm | M= 1.355 | incident=2.9645°
[[ 135.4119     -544.3806      -25.047043  ]
 [ -43.81681     194.40291       9.952957  ]
 [   0.14450707    0.03870229    0.        ]
 [   0.            0.            0.1496    ]]
               x1        y1  area1          x2        y2  area2          x3        y3  area3         x4         y4  area4          x5        y5  area5          x6         y6  area6
range  327.861308  1.115602  115.0  244.802532  3.824903  107.0  181.066577  6.427769   66.0  310.92033  16.693103  116.0  132.481908  9.490245   44.0  327.959812  30.349634   87.0
FAILURE!!!! Some beads might have been misidentified
               x1        y1  area1          x2        y2  area2         x3        y3  area3          x4        y4  area4          x5        y5  area5          x6         y6  area6
range  328.067066  1.058266  112.0  244.814414  3.914654  114.0  181.04545  6.291815   68.0  310.916886  16.63523  125.0  132.501929  9.495841   45.0  328.061672  30.337254   89.0
FAILURE!!!! Some beads might have been misidentified
              x1        y1  area1          x2       y2  area2          x3        y3  area3          x4         y4  area4          x5        y5  area5          x6         y6  area6
range  327.85034  1.142472  114.0  244.829906  3.83705  116.0  181.145055  6.382322   60.0  310.993984  16.785184  120.0  132.457026  9.502145   45.0  327.860272  30.314453   87.0
FAILURE!!!! Some beads might have been misidentified
               x1        y1  area1          x2        y2  area2          x3        y3  area3          x4         y4  area4          x5        y5  area5          x6         y6  area6
range  327.855088  1.058574  117.0  244.819299  3.870432  112.0  181.083423  6.368851   67.0  310.963888  16.714192  129.0  132.496324  9.486037   46.0  327.986612  30.348158   86.0
FAILURE!!!! Some beads might have been misidentified
               x1        y1  area1          x2        y2  area2          x3        y3  area3          x4         y4  area4          x5        y5  area5         x6         y6  area6
range  327.877142  1.145062  115.0  244.818886  3.961362  117.0  181.034135  6.286185   64.0  310.928814  16.621146  123.0  132.447744  9.395854   46.0  327.98677  30.332218   89.0
FAILURE!!!! Some beads might have been misidentified
               x1        y1  area1          x2        y2  area2          x3        y3  area3         x4         y4  area4          x5        y5  area5          x6         y6  area6
range  327.861308  1.115602  115.0  244.802532  3.824903  107.0  181.066577  6.439496   66.0  310.92033  16.693103  117.0  132.481908  9.472232   45.0  327.954437  30.349634   86.0
FAILURE!!!! Some beads might have been misidentified
               x1        y1  area1          x2        y2  area2          x3        y3  area3         x4         y4  area4          x5        y5  area5          x6         y6  area6
range  327.861308  1.115602  115.0  244.816324  3.824903  107.0  181.087667  6.337882   67.0  310.92033  16.681282  127.0  132.481908  9.512663   44.0  327.959812  30.349634   86.0
FAILURE!!!! Some beads might have been misidentified
               x1       y1  area1          x2        y2  area2          x3        y3  area3         x4         y4  area4          x5        y5  area5          x6         y6  area6
range  327.861308  1.12602  120.0  244.802532  3.776943  106.0  181.125868  6.419759   66.0  310.92033  16.697154  113.0  132.481908  9.484789   41.0  327.959812  30.339248   92.0
FAILURE!!!! Some beads might have been misidentified
              x1        y1  area1          x2        y2  area2          x3        y3  area3         x4         y4  area4          x5        y5  area5          x6         y6  area6
range  327.87344  1.121874  114.0  244.811349  3.850322  109.0  181.044549  6.395521   66.0  310.92033  16.681282  130.0  132.481908  9.494578   45.0  327.959812  30.327156   87.0
FAILURE!!!! Some beads might have been misidentified
               x1       y1  area1          x2        y2  area2          x3        y3  area3          x4         y4  area4          x5        y5  area5          x6         y6  area6
range  327.923068  1.13847  112.0  244.730248  3.817879  117.0  181.001716  6.239834   61.0  310.958167  16.718861  126.0  132.582233  9.482156   44.0  327.959812  30.302295   85.0
FAILURE!!!! Some beads might have been misidentified
               x1        y1  area1          x2        y2  area2          x3        y3  area3         x4         y4  area4          x5        y5  area5          x6         y6  area6
range  327.838562  1.062268  114.0  244.853431  3.922253  111.0  181.217608  6.406117   61.0  310.87713  16.655849  119.0  132.376721  9.505614   48.0  327.771529  30.349412   89.0
FAILURE!!!! Some beads might have been misidentified
               x1        y1  area1          x2        y2  area2          x3        y3  area3          x4         y4  area4          x5        y5  area5          x6         y6  area6
range  328.172245  1.115602  116.0  244.853431  3.821782  110.0  180.870417  6.397409   69.0  310.766282  16.745654  118.0  132.481908  9.550393   45.0  328.134991  30.349634   86.0
FAILURE!!!! Some beads might have been misidentified
               x1        y1  area1          x2        y2  area2          x3        y3  area3          x4         y4  area4          x5        y5  area5          x6         y6  area6
range  327.789149  1.115602  115.0  244.730248  3.930513  112.0  181.320088  6.238095   68.0  311.119806  16.655849  127.0  132.481908  9.447482   47.0  327.734039  30.349634   87.0
FAILURE!!!! Some beads might have been misidentified
Residual vector length: 270, Jacobian shape: (270, 6)
view   0 | SOD= 561.410 mm | SDD= 761.018 mm | M= 1.356 | incident=2.9645°
[[ 135.89024    -544.1393      -25.03973   ]
 [ -44.002934    194.48268       9.96027   ]
 [   0.1444722     0.03883226    0.        ]
 [   0.            0.            0.1496    ]]
               x1        y1  area1          x2        y2  area2          x3        y3  area3          x4         y4  area4          x5        y5  area5          x6         y6  area6
range  328.051328  1.028222  114.0  245.157876  3.839441  111.0  181.129655  6.460761   61.0  310.685279  16.684174  115.0  132.223352  9.532731   48.0  328.010809  30.302942   95.0
FAILURE!!!! Some beads might have been misidentified

iter 18 cost=20.101169 -> 15.810598 |dtheta|=1.390153e-01  lambda=1.000e-06

============================================================
Iteration 19
============================================================
Theta offsets (Unity frame):
  Source   : dSx=   0.000, dSy=   0.000, dSz=   0.000  (mm)
  Object   : dOx= -14.979, dOy= -12.040, dOz= -21.232  (mm)
  Object offset: offset_x=  -0.009, offset_z=  -0.007  (mm)
  Detector : dDx=   0.000, dDy=   0.000, dDz=   0.000  (mm)
  Obj Stage rotY :   15.045 deg
============================================================

Unity geometry (world coordinates):
  Source   : x= -10.000, y=  55.000, z=   0.000
  Object   : x=   0.021, y=  29.960, z= 560.768
  Detector : x=   8.000, y=  20.000, z= 760.000
  Obj rotY :   0.0000 deg
view   0 | SOD= 561.410 mm | SDD= 761.018 mm | M= 1.356 | incident=2.9645°
[[ 135.89024    -544.1393      -25.03973   ]
 [ -44.002934    194.48268       9.96027   ]
 [   0.1444722     0.03883226    0.        ]
 [   0.            0.            0.1496    ]]
               x1        y1  area1          x2        y2  area2          x3        y3  area3          x4         y4  area4          x5        y5  area5          x6         y6  area6
range  328.051328  1.028222  114.0  245.157876  3.839441  111.0  181.129655  6.460761   61.0  310.685279  16.684174  115.0  132.223352  9.532731   48.0  328.010809  30.302942   95.0
FAILURE!!!! Some beads might have been misidentified
               x1        y1  area1         x2        y2  area2          x3        y3  area3          x4         y4  area4          x5        y5  area5          x6         y6  area6
range  328.106095  0.991801  116.0  245.09873  3.842955  113.0  181.087447  6.453755   58.0  310.687182  16.614002  117.0  132.241441  9.506663   43.0  328.061333  30.337337   97.0
FAILURE!!!! Some beads might have been misidentified
               x1        y1  area1          x2        y2  area2          x3        y3  area3         x4         y4  area4          x5        y5  area5          x6         y6  area6
range  327.805954  1.033626  122.0  245.133413  3.853192  105.0  181.212899  6.423444   63.0  310.66248  16.705786  117.0  132.168343  9.530376   40.0  328.013617  30.324043   96.0
FAILURE!!!! Some beads might have been misidentified
               x1        y1  area1          x2        y2  area2         x3        y3  area3          x4         y4  area4          x5        y5  area5          x6         y6  area6
range  328.056264  1.055371  110.0  245.128097  3.828355  106.0  181.17068  6.447928   63.0  310.735906  16.756803  117.0  132.156999  9.480951   54.0  328.015328  30.312534   93.0
FAILURE!!!! Some beads might have been misidentified
               x1        y1  area1         x2        y2  area2          x3        y3  area3          x4         y4  area4          x5        y5  area5          x6         y6  area6
range  328.056965  1.110453  116.0  245.18025  3.923947  114.0  181.087078  6.399206   55.0  310.644822  16.621099  114.0  132.160861  9.385344   42.0  328.040237  30.338213   98.0
FAILURE!!!! Some beads might have been misidentified
               x1        y1  area1          x2        y2  area2          x3        y3  area3          x4         y4  area4          x5        y5  area5          x6         y6  area6
range  328.042531  1.028222  114.0  245.149344  3.839441  111.0  181.129655  6.462666   61.0  310.685279  16.675023  114.0  132.212448  9.515208   50.0  327.981279  30.302942   95.0
FAILURE!!!! Some beads might have been misidentified
               x1        y1  area1          x2        y2  area2          x3        y3  area3          x4         y4  area4          x5        y5  area5          x6         y6  area6
range  328.051328  1.028222  117.0  245.157876  3.839441  110.0  181.129655  6.465027   60.0  310.685279  16.684174  114.0  132.198724  9.510102   42.0  328.052421  30.354721   97.0
FAILURE!!!! Some beads might have been misidentified
               x1      y1  area1          x2        y2  area2          x3        y3  area3          x4         y4  area4          x5        y5  area5          x6         y6  area6
range  328.019349  1.0631  116.0  245.157876  3.845566  110.0  181.129655  6.445381   60.0  310.685279  16.658265  112.0  132.198724  9.532731   42.0  327.985748  30.266925   99.0
FAILURE!!!! Some beads might have been misidentified
               x1        y1  area1          x2        y2  area2          x3        y3  area3          x4         y4  area4          x5      y5  area5          x6         y6  area6
range  328.056736  1.014724  121.0  245.157876  3.858926  110.0  181.086963  6.445039   62.0  310.685279  16.692383  115.0  132.198724  9.5456   41.0  328.052421  30.376006   99.0
FAILURE!!!! Some beads might have been misidentified
               x1        y1  area1          x2        y2  area2          x3        y3  area3         x4         y4  area4          x5        y5  area5          x6         y6  area6
range  328.100362  1.019282  121.0  245.053847  3.844745  109.0  181.067292  6.475894   60.0  310.72758  16.638954  114.0  132.320222  9.487564   43.0  328.075057  30.360543   99.0
FAILURE!!!! Some beads might have been misidentified
               x1        y1  area1          x2        y2  area2          x3        y3  area3          x4         y4  area4          x5        y5  area5          x6         y6  area6
range  327.858609  1.045332  116.0  245.209302  3.850536  108.0  181.262733  6.420611   61.0  310.603283  16.662942  122.0  132.089562  9.595331   40.0  327.938396  30.300836   95.0
FAILURE!!!! Some beads might have been misidentified
               x1        y1  area1          x2        y2  area2          x3        y3  area3          x4         y4  area4          x5        y5  area5          x6         y6  area6
range  328.181116  1.027649  116.0  245.195399  3.821495  111.0  180.979933  6.464045   63.0  310.465488  16.662504  116.0  132.202579  9.506807   46.0  328.184029  30.285791   99.0
FAILURE!!!! Some beads might have been misidentified
               x1        y1  area1          x2        y2  area2          x3        y3  area3         x4        y4  area4          x5        y5  area5          x6         y6  area6
range  327.751773  1.048286  109.0  245.053847  3.901916  109.0  181.313733  6.461563   59.0  310.89983  16.64344  120.0  132.208593  9.552921   44.0  327.910618  30.371872   90.0
FAILURE!!!! Some beads might have been misidentified
Residual vector length: 270, Jacobian shape: (270, 6)
view   0 | SOD= 561.298 mm | SDD= 761.018 mm | M= 1.356 | incident=2.9645°
[[ 135.85986    -544.03156     -25.033642  ]
 [ -44.031235    194.59097       9.966358  ]
 [   0.1444723     0.03883186    0.        ]
 [   0.            0.            0.1496    ]]
               x1        y1  area1          x2        y2  area2          x3        y3  area3          x4         y4  area4          x5        y5  area5          x6         y6  area6
range  328.296707  1.014475  113.0  245.155755  3.847519  109.0  180.859559  6.467425   62.0  310.576312  16.709062  113.0  132.341277  9.439228   48.0  328.370601  30.349672   97.0
FAILURE!!!! Some beads might have been misidentified

iter 19 cost=15.810598 -> 10.937605 |dtheta|=1.243908e-01  lambda=1.000e-06

============================================================
Iteration 20
============================================================
Theta offsets (Unity frame):
  Source   : dSx=   0.000, dSy=   0.000, dSz=   0.000  (mm)
  Object   : dOx= -14.986, dOy= -12.034, dOz= -21.355  (mm)
  Object offset: offset_x=  -0.002, offset_z=   0.005  (mm)
  Detector : dDx=   0.000, dDy=   0.000, dDz=   0.000  (mm)
  Obj Stage rotY :   15.045 deg
============================================================

Unity geometry (world coordinates):
  Source   : x= -10.000, y=  55.000, z=   0.000
  Object   : x=   0.014, y=  29.966, z= 560.645
  Detector : x=   8.000, y=  20.000, z= 760.000
  Obj rotY :   0.0000 deg
view   0 | SOD= 561.298 mm | SDD= 761.018 mm | M= 1.356 | incident=2.9645°
[[ 135.85986    -544.03156     -25.033642  ]
 [ -44.031235    194.59097       9.966358  ]
 [   0.1444723     0.03883186    0.        ]
 [   0.            0.            0.1496    ]]
               x1        y1  area1          x2        y2  area2          x3        y3  area3          x4         y4  area4          x5        y5  area5          x6         y6  area6
range  328.296707  1.014475  113.0  245.155755  3.847519  109.0  180.859559  6.467425   62.0  310.576312  16.709062  113.0  132.341277  9.439228   48.0  328.370601  30.349672   97.0
FAILURE!!!! Some beads might have been misidentified
               x1        y1  area1          x2        y2  area2          x3        y3  area3          x4         y4  area4          x5        y5  area5          x6         y6  area6
range  328.429316  1.049981  125.0  245.185208  3.886214  113.0  181.022172  6.436369   61.0  310.558799  16.653966  110.0  132.326966  9.393652   40.0  328.303366  30.345719  101.0
FAILURE!!!! Some beads might have been misidentified
               x1        y1  area1          x2        y2  area2          x3        y3  area3          x4         y4  area4          x5        y5  area5          x6         y6  area6
range  328.420622  1.060571  122.0  245.104088  3.821315  110.0  180.922204  6.347403   61.0  310.604403  16.749268  117.0  132.300615  9.365778   43.0  328.505158  30.388513   93.0
FAILURE!!!! Some beads might have been misidentified
               x1        y1  area1          x2        y2  area2          x3        y3  area3       x4         y4  area4          x5        y5  area5          x6         y6  area6
range  328.289227  1.055061  118.0  245.167629  3.902247  106.0  180.902092  6.477097   64.0  310.625  16.728204  113.0  132.334765  9.493331   49.0  328.322976  30.301091   93.0
FAILURE!!!! Some beads might have been misidentified
               x1        y1  area1          x2        y2  area2          x3        y3  area3          x4         y4  area4          x5        y5  area5          x6         y6  area6
range  328.355032  0.977589  118.0  245.208376  3.844583  112.0  180.889846  6.383576   58.0  310.561243  16.655331  111.0  132.315945  9.339361   41.0  328.393773  30.360718   95.0
FAILURE!!!! Some beads might have been misidentified
               x1        y1  area1          x2        y2  area2          x3        y3  area3          x4         y4  area4          x5        y5  area5          x6         y6  area6
range  328.274472  1.014475  113.0  245.155755  3.837213  108.0  180.871484  6.467425   63.0  310.553248  16.695339  112.0  132.341277  9.455128   49.0  328.349841  30.349672   98.0
FAILURE!!!! Some beads might have been misidentified
               x1       y1  area1          x2        y2  area2          x3       y3  area3          x4         y4  area4        x5        y5  area5          x6         y6  area6
range  328.296707  1.03572  113.0  245.155755  3.837213  108.0  180.859559  6.44429   62.0  310.576312  16.685513  112.0  132.3342  9.393926   47.0  328.370601  30.401401   96.0
FAILURE!!!! Some beads might have been misidentified
               x1        y1  area1          x2        y2  area2          x3        y3  area3          x4         y4  area4          x5        y5  area5          x6         y6  area6
range  328.256845  1.014475  113.0  245.148999  3.869429  107.0  180.871484  6.431601   62.0  310.553248  16.696541  110.0  132.341277  9.448418   48.0  328.370601  30.391009   96.0
FAILURE!!!! Some beads might have been misidentified
               x1      y1  area1          x2        y2  area2          x3        y3  area3          x4         y4  area4          x5        y5  area5          x6         y6  area6
range  328.314334  1.0625  115.0  245.155755  3.811018  107.0  180.859559  6.467425   62.0  310.576312  16.701642  115.0  132.341277  9.423249   49.0  328.381255  30.432672   96.0
FAILURE!!!! Some beads might have been misidentified
               x1        y1  area1          x2       y2  area2          x3        y3  area3         x4         y4  area4          x5        y5  area5          x6         y6  area6
range  328.489686  1.050581  125.0  245.055247  3.82666  112.0  180.819425  6.472459   61.0  310.63427  16.715762  111.0  132.448381  9.425653   42.0  328.400388  30.357391   98.0
FAILURE!!!! Some beads might have been misidentified
               x1        y1  area1         x2        y2  area2          x3        y3  area3          x4         y4  area4        x5        y5  area5          x6        y6  area6
range  328.231376  1.076605  123.0  245.22182  3.878247  110.0  180.980263  6.356685   61.0  310.506447  16.679262  118.0  132.1792  9.468121   39.0  328.318427  30.37684   94.0
FAILURE!!!! Some beads might have been misidentified
               x1        y1  area1         x2        y2  area2          x3        y3  area3          x4         y4  area4          x5        y5  area5          x6         y6  area6
range  328.676558  1.080044  110.0  245.22182  3.898159  109.0  180.692721  6.417511   62.0  310.349327  16.734184  119.0  132.341277  9.331374   53.0  328.648814  30.348148   88.0
FAILURE!!!! Some beads might have been misidentified
               x1        y1  area1          x2        y2  area2          x3        y3  area3          x4         y4  area4        x5        y5  area5         x6         y6  area6
range  328.173379  1.057717  115.0  245.109375  3.856553  107.0  181.251655  6.442451   64.0  310.808799  16.685167  123.0  132.3342  9.428315   45.0  328.15971  30.402924   93.0
FAILURE!!!! Some beads might have been misidentified
Residual vector length: 270, Jacobian shape: (270, 6)
view   0 | SOD= 561.167 mm | SDD= 761.018 mm | M= 1.356 | incident=2.9645°
[[ 135.62793    -543.95575     -25.020649  ]
 [ -43.997345    194.73146       9.979351  ]
 [   0.14448626    0.03877986    0.        ]
 [   0.            0.            0.1496    ]]
               x1        y1  area1          x2     y2  area2         x3        y3  area3          x4        y4  area4          x5        y5  area5          x6         y6  area6
range  328.422686  1.155775  118.0  245.162759  3.922  106.0  181.07814  6.449488   63.0  310.767335  16.72393  115.0  132.370475  9.486435   46.0  328.378998  30.405557   93.0
FAILURE!!!! Some beads might have been misidentified

iter 20 cost=10.937605 -> 7.170954 |dtheta|=1.276523e-01  lambda=1.000e-06

============================================================
Iteration 21
============================================================
Theta offsets (Unity frame):
  Source   : dSx=   0.000, dSy=   0.000, dSz=   0.000  (mm)
  Object   : dOx= -14.985, dOy= -12.021, dOz= -21.480  (mm)
  Object offset: offset_x=  -0.000, offset_z=   0.000  (mm)
  Detector : dDx=   0.000, dDy=   0.000, dDz=   0.000  (mm)
  Obj Stage rotY :   15.024 deg
============================================================

Unity geometry (world coordinates):
  Source   : x= -10.000, y=  55.000, z=   0.000
  Object   : x=   0.015, y=  29.979, z= 560.520
  Detector : x=   8.000, y=  20.000, z= 760.000
  Obj rotY :   0.0000 deg
view   0 | SOD= 561.167 mm | SDD= 761.018 mm | M= 1.356 | incident=2.9645°
[[ 135.62793    -543.95575     -25.020649  ]
 [ -43.997345    194.73146       9.979351  ]
 [   0.14448626    0.03877986    0.        ]
 [   0.            0.            0.1496    ]]
               x1        y1  area1          x2     y2  area2         x3        y3  area3          x4        y4  area4          x5        y5  area5          x6         y6  area6
range  328.422686  1.155775  118.0  245.162759  3.922  106.0  181.07814  6.449488   63.0  310.767335  16.72393  115.0  132.370475  9.486435   46.0  328.378998  30.405557   93.0
FAILURE!!!! Some beads might have been misidentified
               x1        y1  area1          x2        y2  area2          x3        y3  area3          x4         y4  area4          x5        y5  area5          x6         y6  area6
range  328.409993  1.121528  114.0  245.102103  3.869536  107.0  181.075101  6.440362   66.0  310.761785  16.708844  122.0  132.420194  9.444501   51.0  328.322334  30.342661   86.0
FAILURE!!!! Some beads might have been misidentified
               x1        y1  area1         x2        y2  area2          x3        y3  area3          x4         y4  area4          x5        y5  area5          x6         y6  area6
range  328.403274  1.138459  121.0  245.11251  3.902588  105.0  181.059112  6.391009   60.0  310.820812  16.758307  112.0  132.376782  9.545886   48.0  328.518183  30.394472   94.0
FAILURE!!!! Some beads might have been misidentified
               x1        y1  area1          x2        y2  area2         x3        y3  area3          x4         y4  area4          x5        y5  area5          x6         y6  area6
range  328.437712  1.204182  115.0  245.141979  3.803502  111.0  181.10866  6.481715   65.0  310.833239  16.642882  112.0  132.365275  9.478039   51.0  328.355916  30.300619   90.0
FAILURE!!!! Some beads might have been misidentified
              x1        y1  area1          x2        y2  area2          x3        y3  area3          x4         y4  area4          x5        y5  area5          x6         y6  area6
range  328.38591  1.044592  116.0  245.143695  3.793857  105.0  181.017906  6.452084   63.0  310.734104  16.692274  113.0  132.400563  9.362416   51.0  328.451986  30.394792   88.0
FAILURE!!!! Some beads might have been misidentified
               x1        y1  area1          x2     y2  area2          x3        y3  area3          x4        y4  area4          x5        y5  area5          x6         y6  area6
range  328.422686  1.116869  117.0  245.162759  3.922  106.0  181.056967  6.449488   63.0  310.784335  16.72393  115.0  132.393598  9.486435   46.0  328.360735  30.405557   91.0
FAILURE!!!! Some beads might have been misidentified
              x1        y1  area1          x2        y2  area2         x3        y3  area3          x4        y4  area4          x5        y5  area5          x6         y6  area6
range  328.42573  1.140203  119.0  245.162759  3.889764  107.0  181.07814  6.449488   63.0  310.767335  16.72393  115.0  132.370475  9.461672   45.0  328.400178  30.427278   95.0
FAILURE!!!! Some beads might have been misidentified
              x1        y1  area1          x2        y2  area2          x3       y3  area3          x4        y4  area4          x5        y5  area5          x6         y6  area6
range  328.42573  1.140145  117.0  245.162759  3.917033  107.0  181.079129  6.42652   63.0  310.767335  16.73626  112.0  132.393598  9.486435   46.0  328.360735  30.425398   94.0
FAILURE!!!! Some beads might have been misidentified
               x1        y1  area1          x2        y2  area2          x3        y3  area3          x4         y4  area4          x5        y5  area5          x6         y6  area6
range  328.422686  1.155284  118.0  245.157712  3.925471  110.0  181.035263  6.461935   63.0  310.784175  16.736878  117.0  132.370475  9.526449   45.0  328.419282  30.402408   92.0
FAILURE!!!! Some beads might have been misidentified
               x1        y1  area1        x2        y2  area2          x3        y3  area3          x4         y4  area4          x5        y5  area5          x6         y6  area6
range  328.555143  1.143103  120.0  244.9897  3.929461  106.0  181.009705  6.361566   67.0  310.833651  16.742994  115.0  132.531794  9.423407   49.0  328.419282  30.349383   91.0
FAILURE!!!! Some beads might have been misidentified
               x1        y1  area1          x2        y2  area2          x3        y3  area3          x4         y4  area4          x5        y5  area5         x6         y6  area6
range  328.267023  1.111073  117.0  245.185059  3.858715  105.0  181.137398  6.471558   60.0  310.745549  16.719171  121.0  132.265182  9.535871   49.0  328.30261  30.387749   90.0
FAILURE!!!! Some beads might have been misidentified
               x1        y1  area1          x2        y2  area2         x3        y3  area3          x4         y4  area4          x5        y5  area5          x6         y6  area6
range  328.684783  1.112931  118.0  245.184279  3.922386  111.0  180.82227  6.451055   62.0  310.586672  16.748543  119.0  132.370475  9.457166   48.0  328.635408  30.405557   90.0
FAILURE!!!! Some beads might have been misidentified
               x1        y1  area1          x2        y2  area2          x3        y3  area3         x4         y4  area4          x5        y5  area5          x6         y6  area6
range  328.128485  1.130097  120.0  245.079783  3.889851  106.0  181.311943  6.380363   62.0  310.98412  16.736878  118.0  132.393598  9.545886   48.0  328.205109  30.427278   93.0
FAILURE!!!! Some beads might have been misidentified
Residual vector length: 270, Jacobian shape: (270, 6)
view   0 | SOD= 561.051 mm | SDD= 761.018 mm | M= 1.356 | incident=2.9645°
[[ 135.51479    -543.8641      -25.015549  ]
 [ -44.00644     194.84842       9.984451  ]
 [   0.14449173    0.03875951    0.        ]
 [   0.            0.            0.1496    ]]
               x1        y1  area1          x2        y2  area2         x3        y3  area3          x4         y4  area4          x5        y5  area5          x6        y6  area6
range  328.736817  1.178245  120.0  245.086691  3.930949  106.0  180.86646  6.385809   65.0  310.911422  16.754859  112.0  132.583879  9.379961   51.0  328.645391  30.41607   87.0
FAILURE!!!! Some beads might have been misidentified

iter 21 cost=7.170954 -> 4.092109 |dtheta|=1.206485e-01  lambda=1.000e-06

============================================================
Iteration 22
============================================================
Theta offsets (Unity frame):
  Source   : dSx=   0.000, dSy=   0.000, dSz=   0.000  (mm)
  Object   : dOx= -14.991, dOy= -12.016, dOz= -21.600  (mm)
  Object offset: offset_x=   0.012, offset_z=   0.003  (mm)
  Detector : dDx=   0.000, dDy=   0.000, dDz=   0.000  (mm)
  Obj Stage rotY :   15.016 deg
============================================================

Unity geometry (world coordinates):
  Source   : x= -10.000, y=  55.000, z=   0.000
  Object   : x=   0.009, y=  29.984, z= 560.400
  Detector : x=   8.000, y=  20.000, z= 760.000
  Obj rotY :   0.0000 deg
view   0 | SOD= 561.051 mm | SDD= 761.018 mm | M= 1.356 | incident=2.9645°
[[ 135.51479    -543.8641      -25.015549  ]
 [ -44.00644     194.84842       9.984451  ]
 [   0.14449173    0.03875951    0.        ]
 [   0.            0.            0.1496    ]]
               x1        y1  area1          x2        y2  area2         x3        y3  area3          x4         y4  area4          x5        y5  area5          x6        y6  area6
range  328.736817  1.178245  120.0  245.086691  3.930949  106.0  180.86646  6.385809   65.0  310.911422  16.754859  112.0  132.583879  9.379961   51.0  328.645391  30.41607   87.0
FAILURE!!!! Some beads might have been misidentified
               x1       y1  area1          x2        y2  area2         x3        y3  area3          x4         y4  area4          x5        y5  area5          x6         y6  area6
range  328.593337  1.12053  124.0  245.051674  3.897238  109.0  181.05621  6.485154   66.0  310.874373  16.715354  113.0  132.643677  9.416815   48.0  328.551682  30.354116   86.0
FAILURE!!!! Some beads might have been misidentified
               x1        y1  area1          x2        y2  area2          x3        y3  area3          x4         y4  area4         x5        y5  area5          x6         y6  area6
range  328.662255  1.206371  110.0  245.113673  3.926248  107.0  180.976973  6.361225   61.0  310.916051  16.743869  118.0  132.63293  9.344497   44.0  328.660964  30.376295   85.0
FAILURE!!!! Some beads might have been misidentified
               x1        y1  area1          x2        y2  area2          x3        y3  area3         x4         y4  area4        x5        y5  area5          x6         y6  area6
range  328.697958  1.229656  115.0  245.025989  3.862926  105.0  180.932246  6.468635   69.0  310.91469  16.687827  112.0  132.5739  9.449417   51.0  328.681454  30.354311   93.0
FAILURE!!!! Some beads might have been misidentified
               x1        y1  area1          x2        y2  area2          x3        y3  area3          x4         y4  area4          x5        y5  area5          x6         y6  area6
range  328.667967  1.104142  119.0  245.058874  3.895811  108.0  180.871484  6.457091   62.0  310.826005  16.660051  112.0  132.629589  9.322197   53.0  328.640835  30.381953   82.0
FAILURE!!!! Some beads might have been misidentified
               x1        y1  area1          x2        y2  area2         x3        y3  area3          x4         y4  area4          x5        y5  area5          x6        y6  area6
range  328.736817  1.187701  119.0  245.086691  3.930949  104.0  180.86646  6.385809   67.0  310.889065  16.754859  113.0  132.583879  9.379961   50.0  328.645391  30.41607   89.0
FAILURE!!!! Some beads might have been misidentified
               x1        y1  area1          x2        y2  area2         x3        y3  area3          x4       y4  area4          x5        y5  area5         x6         y6  area6
range  328.736817  1.178245  120.0  245.086691  3.930949  106.0  180.86646  6.365303   65.0  310.911422  16.7221  112.0  132.609198  9.400689   53.0  328.64626  30.420913   86.0
FAILURE!!!! Some beads might have been misidentified
               x1        y1  area1          x2        y2  area2         x3        y3  area3          x4         y4  area4          x5        y5  area5          x6        y6  area6
range  328.736817  1.192864  118.0  245.090323  3.936267  104.0  180.86646  6.365303   69.0  310.889065  16.768406  111.0  132.583879  9.395882   50.0  328.635458  30.40478   91.0
FAILURE!!!! Some beads might have been misidentified
               x1        y1  area1          x2        y2  area2         x3        y3  area3          x4         y4  area4          x5        y5  area5          x6         y6  area6
range  328.736817  1.159416  119.0  245.086691  3.930949  106.0  180.86646  6.385117   64.0  310.911422  16.721931  114.0  132.601743  9.400689   52.0  328.645391  30.385111   86.0
FAILURE!!!! Some beads might have been misidentified
               x1        y1  area1         x2        y2  area2         x3        y3  area3          x4         y4  area4          x5        y5  area5          x6         y6  area6
range  328.736817  1.146244  118.0  244.93936  3.910527  110.0  180.82227  6.398605   66.0  310.933248  16.727005  110.0  132.859963  9.397098   51.0  328.692088  30.323155   86.0
FAILURE!!!! Some beads might have been misidentified
               x1        y1  area1          x2        y2  area2          x3        y3  area3          x4         y4  area4          x5        y5  area5          x6         y6  area6
range  328.663846  1.223761  115.0  245.178276  3.933889  103.0  181.050447  6.474756   66.0  310.853592  16.728155  112.0  132.416644  9.423249   47.0  328.618239  30.407256   88.0
FAILURE!!!! Some beads might have been misidentified
               x1        y1  area1          x2        y2  area2          x3        y3  area3          x4         y4  area4          x5        y5  area5          x6         y6  area6
range  328.793927  1.211975  117.0  245.153079  3.895308  108.0  180.740132  6.397391   65.0  310.687317  16.764948  121.0  132.583879  9.363479   51.0  328.762944  30.399012   85.0
FAILURE!!!! Some beads might have been misidentified
              x1        y1  area1          x2        y2  area2          x3        y3  area3          x4         y4  area4          x5       y5  area5          x6         y6  area6
range  328.57808  1.175064  121.0  244.960287  3.926321  101.0  181.293052  6.360442   69.0  311.044613  16.728155  113.0  132.609198  9.39137   49.0  328.466924  30.437971   85.0
FAILURE!!!! Some beads might have been misidentified
Residual vector length: 270, Jacobian shape: (270, 6)
view   0 | SOD= 560.958 mm | SDD= 761.018 mm | M= 1.357 | incident=2.9645°
[[ 135.5424     -543.76117     -25.011347  ]
 [ -44.03478     194.9377        9.988653  ]
 [   0.1444888     0.03877045    0.        ]
 [   0.            0.            0.1496    ]]
               x1        y1  area1          x2        y2  area2          x3        y3  area3          x4         y4  area4          x5        y5  area5         x6         y6  area6
range  328.667837  1.227016  115.0  245.194791  3.877194  102.0  181.293052  6.331249   64.0  311.022691  16.719255  122.0  132.461704  9.430017   46.0  328.64626  30.432354   84.0
FAILURE!!!! Some beads might have been misidentified

iter 22 cost=4.092109 -> 2.490454 |dtheta|=8.828277e-02  lambda=1.000e-06

============================================================
Iteration 23
============================================================
Theta offsets (Unity frame):
  Source   : dSx=   0.000, dSy=   0.000, dSz=   0.000  (mm)
  Object   : dOx= -14.993, dOy= -12.011, dOz= -21.687  (mm)
  Object offset: offset_x=   0.003, offset_z=  -0.002  (mm)
  Detector : dDx=   0.000, dDy=   0.000, dDz=   0.000  (mm)
  Obj Stage rotY :   15.020 deg
============================================================

Unity geometry (world coordinates):
  Source   : x= -10.000, y=  55.000, z=   0.000
  Object   : x=   0.007, y=  29.989, z= 560.313
  Detector : x=   8.000, y=  20.000, z= 760.000
  Obj rotY :   0.0000 deg
view   0 | SOD= 560.958 mm | SDD= 761.018 mm | M= 1.357 | incident=2.9645°
[[ 135.5424     -543.76117     -25.011347  ]
 [ -44.03478     194.9377        9.988653  ]
 [   0.1444888     0.03877045    0.        ]
 [   0.            0.            0.1496    ]]
               x1        y1  area1          x2        y2  area2          x3        y3  area3          x4         y4  area4          x5        y5  area5         x6         y6  area6
range  328.667837  1.227016  115.0  245.194791  3.877194  102.0  181.293052  6.331249   64.0  311.022691  16.719255  122.0  132.461704  9.430017   46.0  328.64626  30.432354   84.0
FAILURE!!!! Some beads might have been misidentified
               x1        y1  area1          x2        y2  area2          x3        y3  area3          x4         y4  area4          x5        y5  area5          x6         y6  area6
range  328.521123  1.206062  118.0  245.142075  3.943501  107.0  181.124889  6.421029   67.0  310.937216  16.701388  116.0  132.543988  9.419603   49.0  328.495692  30.429889   89.0
FAILURE!!!! Some beads might have been misidentified
               x1       y1  area1          x2        y2  area2          x3        y3  area3          x4         y4  area4          x5        y5  area5          x6         y6  area6
range  328.499039  1.25879  117.0  245.178403  3.859083  113.0  181.126905  6.360675   65.0  310.983094  16.772367  117.0  132.499809  9.371544   48.0  328.602715  30.447758   83.0
FAILURE!!!! Some beads might have been misidentified
               x1        y1  area1          x2    y2  area2          x3        y3  area3          x4         y4  area4          x5        y5  area5          x6        y6  area6
range  328.679526  1.281931  115.0  245.127362  3.75  114.0  181.308422  6.423912   65.0  310.995594  16.692679  119.0  132.456864  9.453195   48.0  328.592378  30.40911   88.0
FAILURE!!!! Some beads might have been misidentified
               x1        y1  area1         x2        y2  area2          x3        y3  area3         x4         y4  area4          x5       y5  area5          x6         y6  area6
range  328.607607  1.170461  119.0  245.14247  3.937688  107.0  181.229541  6.448744   64.0  310.97973  16.703965  120.0  132.503975  9.33713   49.0  328.604487  30.358509   86.0
FAILURE!!!! Some beads might have been misidentified
               x1        y1  area1          x2        y2  area2          x3        y3  area3          x4         y4  area4          x5        y5  area5         x6         y6  area6
range  328.667837  1.242274  116.0  245.194791  3.877194  102.0  181.293052  6.331249   65.0  311.002317  16.728155  121.0  132.454772  9.413888   45.0  328.64626  30.432354   84.0
FAILURE!!!! Some beads might have been misidentified
               x1        y1  area1          x2        y2  area2          x3        y3  area3          x4         y4  area4          x5        y5  area5          x6         y6  area6
range  328.667837  1.217961  114.0  245.194791  3.877194  102.0  181.293052  6.347832   63.0  311.021137  16.728155  121.0  132.461704  9.430017   46.0  328.627283  30.434061   84.0
FAILURE!!!! Some beads might have been misidentified
               x1        y1  area1          x2        y2  area2          x3        y3  area3          x4        y4  area4         x5       y5  area5         x6         y6  area6
range  328.650785  1.242274  116.0  245.213775  3.900567  109.0  181.293052  6.331249   64.0  311.022691  16.73283  119.0  132.46891  9.41723   47.0  328.64626  30.410764   86.0
FAILURE!!!! Some beads might have been misidentified
               x1        y1  area1          x2        y2  area2          x3        y3  area3          x4         y4  area4          x5        y5  area5         x6        y6  area6
range  328.667837  1.250542  117.0  245.186997  3.908885  101.0  181.293052  6.427538   63.0  311.022691  16.744364  116.0  132.447603  9.413888   46.0  328.64626  30.42742   84.0
FAILURE!!!! Some beads might have been misidentified
               x1        y1  area1          x2        y2  area2          x3        y3  area3          x4         y4  area4          x5        y5  area5         x6         y6  area6
range  328.706366  1.207735  118.0  245.052265  3.932521  113.0  181.115772  6.365349   68.0  311.044613  16.726363  111.0  132.730514  9.363014   53.0  328.64626  30.431334   84.0
FAILURE!!!! Some beads might have been misidentified
               x1        y1  area1          x2       y2  area2          x3        y3  area3          x4         y4  area4          x5        y5  area5          x6         y6  area6
range  328.554576  1.257117  118.0  245.273376  3.88081  107.0  181.311943  6.424759   64.0  310.954258  16.730005  122.0  132.313282  9.413888   45.0  328.435465  30.446312   90.0
FAILURE!!!! Some beads might have been misidentified
               x1        y1  area1          x2        y2  area2         x3        y3  area3          x4         y4  area4          x5       y5  area5          x6         y6  area6
range  328.761469  1.242274  118.0  245.253859  3.905513  102.0  180.86646  6.424759   68.0  310.831807  16.752288  124.0  132.454772  9.38596   48.0  328.691175  30.420476   82.0
FAILURE!!!! Some beads might have been misidentified
               x1        y1  area1          x2        y2  area2          x3        y3  area3          x4         y4  area4          x5        y5  area5          x6         y6  area6
range  328.258693  1.217961  115.0  245.105694  3.875276  107.0  181.385334  6.369305   62.0  311.152513  16.695641  116.0  132.461704  9.405188   45.0  328.393773  30.445939   91.0
FAILURE!!!! Some beads might have been misidentified
Residual vector length: 270, Jacobian shape: (270, 6)
view   0 | SOD= 560.912 mm | SDD= 761.018 mm | M= 1.357 | incident=2.9645°
[[ 135.54161    -543.71454     -25.015486  ]
 [ -44.0507      194.98067       9.984514  ]
 [   0.144488      0.03877341    0.        ]
 [   0.            0.            0.1496    ]]
               x1        y1  area1         x2        y2  area2          x3        y3  area3          x4         y4  area4          x5        y5  area5          x6         y6  area6
range  328.663846  1.207972  116.0  245.14948  3.916852  105.0  181.218377  6.385901   62.0  311.018613  16.699594  121.0  132.517934  9.352263   49.0  328.612715  30.376063   84.0
FAILURE!!!! Some beads might have been misidentified

iter 23 cost=2.490454 -> 2.298779 |dtheta|=4.553811e-02  lambda=1.000e-06

============================================================
Iteration 24
============================================================
Theta offsets (Unity frame):
  Source   : dSx=   0.000, dSy=   0.000, dSz=   0.000  (mm)
  Object   : dOx= -14.994, dOy= -12.015, dOz= -21.733  (mm)
  Object offset: offset_x=   0.004, offset_z=  -0.002  (mm)
  Detector : dDx=   0.000, dDy=   0.000, dDz=   0.000  (mm)
  Obj Stage rotY :   15.021 deg
============================================================

Unity geometry (world coordinates):
  Source   : x= -10.000, y=  55.000, z=   0.000
  Object   : x=   0.006, y=  29.985, z= 560.267
  Detector : x=   8.000, y=  20.000, z= 760.000
  Obj rotY :   0.0000 deg
view   0 | SOD= 560.912 mm | SDD= 761.018 mm | M= 1.357 | incident=2.9645°
[[ 135.54161    -543.71454     -25.015486  ]
 [ -44.0507      194.98067       9.984514  ]
 [   0.144488      0.03877341    0.        ]
 [   0.            0.            0.1496    ]]
               x1        y1  area1         x2        y2  area2          x3        y3  area3          x4         y4  area4          x5        y5  area5          x6         y6  area6
range  328.663846  1.207972  116.0  245.14948  3.916852  105.0  181.218377  6.385901   62.0  311.018613  16.699594  121.0  132.517934  9.352263   49.0  328.612715  30.376063   84.0
FAILURE!!!! Some beads might have been misidentified
               x1        y1  area1          x2        y2  area2          x3        y3  area3          x4         y4  area4          x5        y5  area5          x6         y6  area6
range  328.527644  1.178794  123.0  245.143968  3.957993  106.0  181.117406  6.419567   65.0  310.998319  16.666566  118.0  132.536087  9.370752   50.0  328.570426  30.411682   91.0
FAILURE!!!! Some beads might have been misidentified
               x1        y1  area1          x2        y2  area2          x3        y3  area3          x4         y4  area4          x5        y5  area5          x6         y6  area6
range  328.503568  1.234133  118.0  245.128711  3.865451  105.0  181.141825  6.389675   64.0  310.992255  16.774288  109.0  132.497941  9.330947   46.0  328.633043  30.446565   86.0
FAILURE!!!! Some beads might have been misidentified
               x1       y1  area1          x2        y2  area2         x3        y3  area3          x4         y4  area4          x5        y5  area5         x6         y6  area6
range  328.646786  1.30458  115.0  245.186449  3.907145  101.0  181.31242  6.373281   65.0  311.022549  16.748603  119.0  132.454772  9.430155   44.0  328.64626  30.450234   83.0
FAILURE!!!! Some beads might have been misidentified
               x1        y1  area1          x2        y2  area2          x3        y3  area3          x4         y4  area4          x5        y5  area5          x6         y6  area6
range  328.629426  1.117897  117.0  245.155755  3.816059  103.0  181.241322  6.467621   61.0  310.981242  16.585624  117.0  132.531663  9.388013   53.0  328.654519  30.389873   96.0
FAILURE!!!! Some beads might have been misidentified
               x1        y1  area1          x2       y2  area2          x3        y3  area3          x4         y4  area4          x5        y5  area5          x6        y6  area6
range  328.663846  1.207972  116.0  245.150259  3.90826  102.0  181.218377  6.383237   63.0  311.018613  16.750005  114.0  132.517934  9.352263   48.0  328.612715  30.39975   87.0
FAILURE!!!! Some beads might have been misidentified
               x1        y1  area1         x2       y2  area2         x3        y3  area3          x4         y4  area4          x5       y5  area5          x6         y6  area6
range  328.663846  1.207972  116.0  245.14948  3.90826  108.0  181.24051  6.362775   62.0  311.018613  16.771064  122.0  132.568913  9.34453   49.0  328.622408  30.452312   84.0
FAILURE!!!! Some beads might have been misidentified
               x1        y1  area1         x2        y2  area2          x3        y3  area3          x4         y4  area4          x5        y5  area5          x6         y6  area6
range  328.663846  1.212101  117.0  245.14948  3.914644  107.0  181.260276  6.370686   62.0  311.018613  16.700881  119.0  132.517934  9.355625   50.0  328.604487  30.414178   85.0
FAILURE!!!! Some beads might have been misidentified
               x1        y1  area1          x2        y2  area2          x3        y3  area3          x4         y4  area4          x5        y5  area5          x6         y6  area6
range  328.663846  1.209142  115.0  245.150259  3.926321  103.0  181.218377  6.440503   64.0  311.018613  16.737993  114.0  132.517934  9.353462   50.0  328.604487  30.382948   86.0
FAILURE!!!! Some beads might have been misidentified
               x1        y1  area1          x2        y2  area2          x3        y3  area3          x4         y4  area4          x5        y5  area5          x6         y6  area6
range  328.719973  1.142324  120.0  245.053927  3.936267  105.0  181.197176  6.369143   66.0  311.132969  16.746109  112.0  132.717905  9.339361   51.0  328.641566  30.432031   84.0
FAILURE!!!! Some beads might have been misidentified
               x1        y1  area1          x2        y2  area2         x3        y3  area3          x4         y4  area4          x5        y5  area5          x6         y6  area6
range  328.597692  1.234133  122.0  245.281178  3.897308  107.0  181.29136  6.389829   64.0  310.917156  16.681138  125.0  132.316123  9.366378   45.0  328.510941  30.426216   87.0
FAILURE!!!! Some beads might have been misidentified
               x1        y1  area1          x2        y2  area2          x3        y3  area3          x4         y4  area4          x5        y5  area5          x6        y6  area6
range  328.736817  1.164869  115.0  245.229576  3.930163  108.0  180.860765  6.389076   66.0  310.792221  16.774742  121.0  132.568913  9.345165   52.0  328.728649  30.43838   82.0
FAILURE!!!! Some beads might have been misidentified
               x1        y1  area1          x2        y2  area2          x3        y3  area3          x4         y4  area4          x5       y5  area5         x6         y6  area6
range  328.294395  1.183698  117.0  245.067672  3.920402  104.0  181.398465  6.385049   59.0  311.198354  16.681138  115.0  132.517934  9.36459   50.0  328.44016  30.413682   89.0
FAILURE!!!! Some beads might have been misidentified
Residual vector length: 270, Jacobian shape: (270, 6)
view   0 | SOD= 560.889 mm | SDD= 761.018 mm | M= 1.357 | incident=2.9645°
[[ 135.4615     -543.71094     -25.012434  ]
 [ -44.03203     195.00827       9.987566  ]
 [   0.14449318    0.03875409    0.        ]
 [   0.            0.            0.1496    ]]
               x1       y1  area1          x2        y2  area2          x3        y3  area3          x4         y4  area4          x5        y5  area5          x6         y6  area6
range  328.697799  1.22806  118.0  245.160919  3.933889  102.0  181.269757  6.381943   63.0  311.122367  16.733394  114.0  132.517934  9.336134   49.0  328.623594  30.418337   86.0
FAILURE!!!! Some beads might have been misidentified

iter 24 cost=2.298779 -> 1.899200 |dtheta|=2.316436e-02  lambda=1.000e-06

============================================================
Iteration 25
============================================================
Theta offsets (Unity frame):
  Source   : dSx=   0.000, dSy=   0.000, dSz=   0.000  (mm)
  Object   : dOx= -14.994, dOy= -12.012, dOz= -21.754  (mm)
  Object offset: offset_x=   0.006, offset_z=  -0.004  (mm)
  Detector : dDx=   0.000, dDy=   0.000, dDz=   0.000  (mm)
  Obj Stage rotY :   15.014 deg
============================================================

Unity geometry (world coordinates):
  Source   : x= -10.000, y=  55.000, z=   0.000
  Object   : x=   0.006, y=  29.988, z= 560.246
  Detector : x=   8.000, y=  20.000, z= 760.000
  Obj rotY :   0.0000 deg
view   0 | SOD= 560.889 mm | SDD= 761.018 mm | M= 1.357 | incident=2.9645°
[[ 135.4615     -543.71094     -25.012434  ]
 [ -44.03203     195.00827       9.987566  ]
 [   0.14449318    0.03875409    0.        ]
 [   0.            0.            0.1496    ]]
               x1       y1  area1          x2        y2  area2          x3        y3  area3          x4         y4  area4          x5        y5  area5          x6         y6  area6
range  328.697799  1.22806  118.0  245.160919  3.933889  102.0  181.269757  6.381943   63.0  311.122367  16.733394  114.0  132.517934  9.336134   49.0  328.623594  30.418337   86.0
FAILURE!!!! Some beads might have been misidentified
               x1        y1  area1          x2        y2  area2         x3        y3  area3          x4        y4  area4          x5        y5  area5          x6         y6  area6
range  328.510485  1.140074  123.0  245.086511  3.938593  107.0  181.13911  6.421029   65.0  311.025355  16.70271  115.0  132.528998  9.370752   49.0  328.575588  30.402136   90.0
FAILURE!!!! Some beads might have been misidentified
               x1        y1  area1          x2        y2  area2         x3        y3  area3          x4         y4  area4          x5        y5  area5          x6       y6  area6
range  328.481425  1.218252  116.0  245.156028  3.889664  113.0  181.16166  6.356962   64.0  311.081081  16.800133  122.0  132.589243  9.346289   48.0  328.589429  30.4679   81.0
FAILURE!!!! Some beads might have been misidentified
               x1        y1  area1         x2        y2  area2          x3        y3  area3          x4        y4  area4          x5        y5  area5         x6         y6  area6
range  328.709944  1.281056  115.0  245.14045  3.876831  106.0  181.315155  6.461662   65.0  311.069095  16.75207  116.0  132.454772  9.469134   45.0  328.64626  30.450234   88.0
FAILURE!!!! Some beads might have been misidentified
               x1        y1  area1          x2        y2  area2          x3        y3  area3          x4         y4  area4          x5        y5  area5          x6         y6  area6
range  328.626939  1.118585  120.0  245.128097  3.896572  104.0  181.233523  6.477256   63.0  311.056359  16.630084  119.0  132.575077  9.380483   51.0  328.648867  30.390703   90.0
FAILURE!!!! Some beads might have been misidentified
               x1       y1  area1          x2        y2  area2          x3        y3  area3          x4         y4  area4          x5        y5  area5          x6         y6  area6
range  328.697799  1.22806  118.0  245.164583  3.922312  101.0  181.269757  6.381943   62.0  311.122367  16.724263  113.0  132.517934  9.348993   49.0  328.623594  30.423853   84.0
FAILURE!!!! Some beads might have been misidentified
               x1       y1  area1          x2        y2  area2          x3        y3  area3          x4         y4  area4          x5        y5  area5          x6         y6  area6
range  328.697799  1.22806  118.0  245.160919  3.933889  102.0  181.269757  6.381943   63.0  311.141117  16.737993  114.0  132.517934  9.330944   49.0  328.612715  30.394578   86.0
FAILURE!!!! Some beads might have been misidentified
               x1        y1  area1          x2        y2  area2          x3        y3  area3          x4         y4  area4          x5        y5  area5          x6         y6  area6
range  328.689397  1.206417  117.0  245.145986  3.905427  113.0  181.276943  6.358233   65.0  311.122367  16.690502  119.0  132.574457  9.364614   49.0  328.612715  30.435238   84.0
FAILURE!!!! Some beads might have been misidentified
               x1        y1  area1          x2        y2  area2          x3        y3  area3          x4         y4  area4          x5        y5  area5          x6         y6  area6
range  328.697799  1.171792  119.0  245.160919  3.926321  102.0  181.269757  6.404911   63.0  311.122367  16.710966  114.0  132.528023  9.327731   48.0  328.623594  30.410705   83.0
FAILURE!!!! Some beads might have been misidentified
               x1        y1  area1          x2        y2  area2          x3        y3  area3          x4         y4  area4          x5        y5  area5          x6         y6  area6
range  328.738035  1.128228  120.0  244.986219  3.930949  113.0  181.213843  6.369143   65.0  311.141117  16.759725  114.0  132.761724  9.355625   50.0  328.641566  30.457068   83.0
FAILURE!!!! Some beads might have been misidentified
               x1        y1  area1          x2        y2  area2          x3        y3  area3          x4         y4  area4          x5        y5  area5          x6         y6  area6
range  328.650785  1.240469  119.0  245.239827  3.897308  107.0  181.324602  6.424759   64.0  311.013137  16.704792  123.0  132.356516  9.355018   47.0  328.519254  30.412968   87.0
FAILURE!!!! Some beads might have been misidentified
              x1        y1  area1          x2        y2  area2          x3        y3  area3          x4         y4  area4          x5        y5  area5          x6         y6  area6
range  328.75083  1.229782  116.0  245.239827  3.921775  105.0  180.904103  6.412203   66.0  310.853041  16.759725  123.0  132.517934  9.345165   53.0  328.743647  30.376251   82.0
FAILURE!!!! Some beads might have been misidentified
               x1        y1  area1          x2        y2  area2        x3        y3  area3          x4         y4  area4          x5       y5  area5          x6         y6  area6
range  328.263929  1.211043  116.0  245.074421  3.915163  105.0  181.4183  6.369143   61.0  311.243732  16.704792  116.0  132.517934  9.36459   50.0  328.418438  30.442179   88.0
FAILURE!!!! Some beads might have been misidentified
Residual vector length: 270, Jacobian shape: (270, 6)
view   0 | SOD= 560.868 mm | SDD= 761.018 mm | M= 1.357 | incident=2.9645°
[[ 135.40356    -543.703       -25.012362  ]
 [ -44.01226     195.03506       9.987638  ]
 [   0.14449726    0.0387389     0.        ]
 [   0.            0.            0.1496    ]]
               x1        y1  area1          x2        y2  area2          x3        y3  area3          x4         y4  area4          x5        y5  area5          x6         y6  area6
range  328.698911  1.250542  118.0  245.160919  3.911911  105.0  181.238143  6.418258   60.0  311.080278  16.699258  114.0  132.517934  9.366378   49.0  328.622408  30.394578   85.0
FAILURE!!!! Some beads might have been misidentified

iter 25 cost=1.899200 -> 1.803082 |dtheta|=2.506036e-02  lambda=1.000e-06

============================================================
Iteration 26
============================================================
Theta offsets (Unity frame):
  Source   : dSx=   0.000, dSy=   0.000, dSz=   0.000  (mm)
  Object   : dOx= -14.996, dOy= -12.012, dOz= -21.778  (mm)
  Object offset: offset_x=   0.003, offset_z=  -0.001  (mm)
  Detector : dDx=   0.000, dDy=   0.000, dDz=   0.000  (mm)
  Obj Stage rotY :   15.008 deg
============================================================

Unity geometry (world coordinates):
  Source   : x= -10.000, y=  55.000, z=   0.000
  Object   : x=   0.004, y=  29.988, z= 560.222
  Detector : x=   8.000, y=  20.000, z= 760.000
  Obj rotY :   0.0000 deg
view   0 | SOD= 560.868 mm | SDD= 761.018 mm | M= 1.357 | incident=2.9645°
[[ 135.40356    -543.703       -25.012362  ]
 [ -44.01226     195.03506       9.987638  ]
 [   0.14449726    0.0387389     0.        ]
 [   0.            0.            0.1496    ]]
               x1        y1  area1          x2        y2  area2          x3        y3  area3          x4         y4  area4          x5        y5  area5          x6         y6  area6
range  328.698911  1.250542  118.0  245.160919  3.911911  105.0  181.238143  6.418258   60.0  311.080278  16.699258  114.0  132.517934  9.366378   49.0  328.622408  30.394578   85.0
FAILURE!!!! Some beads might have been misidentified
               x1        y1  area1          x2        y2  area2         x3        y3  area3          x4        y4  area4          x5        y5  area5          x6        y6  area6
range  328.689921  1.212648  116.0  245.195346  3.938593  107.0  181.13911  6.443036   64.0  311.008472  16.70271  117.0  132.519109  9.370752   51.0  328.561497  30.43498   90.0
FAILURE!!!! Some beads might have been misidentified
               x1        y1  area1          x2        y2  area2          x3        y3  area3          x4         y4  area4          x5        y5  area5          x6         y6  area6
range  328.593235  1.239547  116.0  245.155214  3.851946  113.0  181.161559  6.377522   60.0  311.047297  16.796377  112.0  132.551813  9.360699   46.0  328.624976  30.427516   85.0
FAILURE!!!! Some beads might have been misidentified
               x1        y1  area1        x2        y2  area2          x3        y3  area3          x4        y4  area4          x5        y5  area5         x6        y6  area6
range  328.730691  1.281056  115.0  245.1712  3.888187  106.0  181.271292  6.405183   65.0  311.048863  16.75207  123.0  132.438952  9.428674   45.0  328.64626  30.42742   82.0
FAILURE!!!! Some beads might have been misidentified
               x1        y1  area1          x2        y2  area2          x3        y3  area3         x4         y4  area4          x5        y5  area5          x6         y6  area6
range  328.671627  1.126049  118.0  245.128097  3.896572  105.0  181.233523  6.429191   60.0  311.02809  16.649752  117.0  132.566531  9.416778   53.0  328.662731  30.396527   92.0
FAILURE!!!! Some beads might have been misidentified
               x1        y1  area1          x2        y2  area2          x3        y3  area3          x4        y4  area4          x5       y5  area5          x6         y6  area6
range  328.698911  1.230556  117.0  245.160919  3.914744  101.0  181.216943  6.409294   62.0  311.080278  16.73134  113.0  132.517934  9.34386   49.0  328.604487  30.394578   85.0
FAILURE!!!! Some beads might have been misidentified
               x1        y1  area1          x2        y2  area2          x3        y3  area3          x4         y4  area4          x5        y5  area5          x6         y6  area6
range  328.698911  1.250542  118.0  245.178276  3.914744  101.0  181.238143  6.438113   63.0  311.065413  16.731494  116.0  132.522432  9.366378   49.0  328.622408  30.394578   85.0
FAILURE!!!! Some beads might have been misidentified
               x1        y1  area1          x2        y2  area2          x3        y3  area3          x4         y4  area4          x5        y5  area5          x6        y6  area6
range  328.698911  1.260934  118.0  245.205052  3.930904  111.0  181.238143  6.367626   62.0  311.080278  16.720177  120.0  132.573393  9.330944   51.0  328.622408  30.44917   84.0
FAILURE!!!! Some beads might have been misidentified
               x1        y1  area1          x2        y2  area2          x3        y3  area3          x4         y4  area4          x5        y5  area5          x6         y6  area6
range  328.698911  1.222169  116.0  245.160919  3.933126  109.0  181.216943  6.422166   65.0  311.080278  16.713375  113.0  132.573393  9.366378   50.0  328.633338  30.430668   86.0
FAILURE!!!! Some beads might have been misidentified
               x1        y1  area1          x2        y2  area2          x3       y3  area3          x4        y4  area4          x5        y5  area5          x6         y6  area6
range  328.738741  1.200802  114.0  245.100373  3.936267  111.0  181.204285  6.39054   63.0  311.122367  16.76798  114.0  132.754799  9.322011   52.0  328.655955  30.416742   85.0
FAILURE!!!! Some beads might have been misidentified
               x1        y1  area1          x2        y2  area2         x3        y3  area3          x4         y4  area4          x5        y5  area5         x6         y6  area6
range  328.676239  1.242858  119.0  245.236079  3.897308  107.0  181.28966  6.473634   62.0  310.956329  16.746318  113.0  132.316123  9.366378   44.0  328.58312  30.445754   90.0
FAILURE!!!! Some beads might have been misidentified
               x1        y1  area1          x2        y2  area2          x3        y3  area3          x4         y4  area4          x5        y5  area5          x6         y6  area6
range  328.890081  1.209795  113.0  245.236079  3.921662  103.0  180.904103  6.452225   65.0  310.802373  16.771064  114.0  132.522432  9.371901   52.0  328.755243  30.394578   86.0
FAILURE!!!! Some beads might have been misidentified
               x1        y1  area1          x2        y2  area2          x3        y3  area3          x4         y4  area4          x5        y5  area5          x6         y6  area6
range  328.434024  1.210965  117.0  245.105755  3.879634  107.0  181.418199  6.373189   59.0  311.231293  16.720589  114.0  132.517934  9.387817   51.0  328.469264  30.394578   88.0
FAILURE!!!! Some beads might have been misidentified
Residual vector length: 270, Jacobian shape: (270, 6)
view   0 | SOD= 560.817 mm | SDD= 761.018 mm | M= 1.357 | incident=2.9645°
[[ 135.42232    -543.6459      -25.010576  ]
 [ -44.03824     195.08138       9.989424  ]
 [   0.14449492    0.03874764    0.        ]
 [   0.            0.            0.1496    ]]
              x1        y1  area1          x2        y2  area2          x3        y3  area3          x4         y4  area4          x5        y5  area5         x6        y6  area6
range  328.72482  1.229782  116.0  245.178276  3.901453  100.0  181.247646  6.418473   62.0  311.141117  16.719988  114.0  132.513514  9.353462   51.0  328.64807  30.35385   89.0
FAILURE!!!! Some beads might have been misidentified

iter 26 cost=1.803082 -> 1.362681 |dtheta|=5.096948e-02  lambda=1.000e-06

============================================================
Iteration 27
============================================================
Theta offsets (Unity frame):
  Source   : dSx=   0.000, dSy=   0.000, dSz=   0.000  (mm)
  Object   : dOx= -14.996, dOy= -12.011, dOz= -21.829  (mm)
  Object offset: offset_x=   0.004, offset_z=  -0.002  (mm)
  Detector : dDx=   0.000, dDy=   0.000, dDz=   0.000  (mm)
  Obj Stage rotY :   15.011 deg
============================================================

Unity geometry (world coordinates):
  Source   : x= -10.000, y=  55.000, z=   0.000
  Object   : x=   0.004, y=  29.989, z= 560.171
  Detector : x=   8.000, y=  20.000, z= 760.000
  Obj rotY :   0.0000 deg
view   0 | SOD= 560.817 mm | SDD= 761.018 mm | M= 1.357 | incident=2.9645°
[[ 135.42232    -543.6459      -25.010576  ]
 [ -44.03824     195.08138       9.989424  ]
 [   0.14449492    0.03874764    0.        ]
 [   0.            0.            0.1496    ]]
              x1        y1  area1          x2        y2  area2          x3        y3  area3          x4         y4  area4          x5        y5  area5         x6        y6  area6
range  328.72482  1.229782  116.0  245.178276  3.901453  100.0  181.247646  6.418473   62.0  311.141117  16.719988  114.0  132.513514  9.353462   51.0  328.64807  30.35385   89.0
FAILURE!!!! Some beads might have been misidentified
              x1        y1  area1          x2        y2  area2          x3        y3  area3          x4         y4  area4          x5        y5  area5          x6         y6  area6
range  328.69771  1.193988  116.0  245.172999  3.924131  107.0  181.160744  6.442438   64.0  311.066428  16.667416  117.0  132.523707  9.363724   52.0  328.631669  30.376562   92.0
FAILURE!!!! Some beads might have been misidentified
               x1        y1  area1          x2        y2  area2         x3        y3  area3          x4         y4  area4          x5        y5  area5          x6         y6  area6
range  328.653578  1.274804  116.0  245.169357  3.867632  114.0  181.25678  6.389675   63.0  311.047297  16.796377  111.0  132.593907  9.402216   54.0  328.666795  30.413579   90.0
FAILURE!!!! Some beads might have been misidentified
               x1        y1  area1          x2        y2  area2         x3        y3  area3          x4        y4  area4         x5        y5  area5         x6         y6  area6
range  328.740524  1.258486  115.0  245.184892  3.892638  106.0  181.31242  6.392756   65.0  311.091163  16.75207  121.0  132.46891  9.407509   48.0  328.68169  30.441006   80.0
FAILURE!!!! Some beads might have been misidentified
               x1        y1  area1          x2        y2  area2          x3        y3  area3         x4         y4  area4          x5        y5  area5          x6         y6  area6
range  328.702387  1.203662  117.0  245.128097  3.896322  105.0  181.233523  6.463317   60.0  311.02809  16.606868  118.0  132.566531  9.401894   54.0  328.690815  30.380109   92.0
FAILURE!!!! Some beads might have been misidentified
              x1        y1  area1          x2        y2  area2          x3        y3  area3          x4         y4  area4          x5        y5  area5          x6         y6  area6
range  328.72482  1.211043  116.0  245.178276  3.901453  100.0  181.247646  6.429149   62.0  311.122367  16.737993  114.0  132.522432  9.353462   51.0  328.633338  30.374981   87.0
FAILURE!!!! Some beads might have been misidentified
              x1        y1  area1          x2        y2  area2          x3        y3  area3          x4         y4  area4          x5        y5  area5         x6        y6  area6
range  328.72482  1.211043  116.0  245.178276  3.922312  102.0  181.247646  6.438113   63.0  311.132969  16.719988  114.0  132.503975  9.353462   50.0  328.64807  30.35385   89.0
FAILURE!!!! Some beads might have been misidentified
              x1       y1  area1          x2        y2  area2          x3        y3  area3          x4         y4  area4          x5       y5  area5          x6         y6  area6
range  328.72482  1.26215  118.0  245.178276  3.887402  106.0  181.269757  6.379624   63.0  311.106023  16.771064  115.0  132.583222  9.32821   51.0  328.630849  30.450042   91.0
FAILURE!!!! Some beads might have been misidentified
              x1        y1  area1          x2        y2  area2          x3        y3  area3          x4         y4  area4          x5        y5  area5         x6         y6  area6
range  328.72482  1.222169  115.0  245.181941  3.926321  110.0  181.247646  6.429962   64.0  311.141117  16.713375  114.0  132.583222  9.353462   49.0  328.68154  30.429168   88.0
FAILURE!!!! Some beads might have been misidentified
              x1        y1  area1         x2        y2  area2          x3        y3  area3          x4         y4  area4          x5       y5  area5          x6        y6  area6
range  328.74811  1.200802  113.0  245.10942  3.921775  113.0  181.204285  6.369741   65.0  311.147834  16.741188  114.0  132.734321  9.32821   52.0  328.704007  30.42316   87.0
FAILURE!!!! Some beads might have been misidentified
               x1       y1  area1          x2        y2  area2         x3        y3  area3          x4         y4  area4          x5        y5  area5          x6        y6  area6
range  328.668529  1.26799  119.0  245.241114  3.875276  107.0  181.28966  6.473634   62.0  311.018613  16.720589  113.0  132.383292  9.384001   46.0  328.622408  30.36698   95.0
FAILURE!!!! Some beads might have been misidentified
               x1        y1  area1          x2        y2  area2          x3        y3  area3          x4         y4  area4          x5        y5  area5          x6        y6  area6
range  328.890081  1.211043  113.0  245.268342  3.921775  106.0  180.904103  6.384549   65.0  310.871831  16.777032  122.0  132.503975  9.367104   52.0  328.760446  30.35385   85.0
FAILURE!!!! Some beads might have been misidentified
               x1        y1  area1          x2        y2  area2          x3        y3  area3          x4         y4  area4          x5        y5  area5          x6         y6  area6
range  328.462108  1.211043  117.0  245.164583  3.884782  107.0  181.418199  6.373189   60.0  311.253396  16.681138  115.0  132.522432  9.380531   51.0  328.469854  30.374981   92.0
FAILURE!!!! Some beads might have been misidentified
Residual vector length: 270, Jacobian shape: (270, 6)
view   0 | SOD= 560.773 mm | SDD= 761.018 mm | M= 1.357 | incident=2.9645°
[[ 135.31688    -543.6267      -25.008366  ]
 [ -44.014515    195.13191       9.991634  ]
 [   0.14450169    0.03872238    0.        ]
 [   0.            0.            0.1496    ]]
               x1        y1  area1          x2        y2  area2          x3        y3  area3          x4         y4  area4          x5        y5  area5         x6         y6  area6
range  328.738241  1.246348  115.0  245.227466  3.923064  109.0  181.247646  6.428599   62.0  311.141117  16.731494  115.0  132.602025  9.375908   52.0  328.68154  30.436283   90.0
FAILURE!!!! Some beads might have been misidentified

iter 27 cost=1.362681 -> 1.214414 |dtheta|=4.609507e-02  lambda=1.000e-06

============================================================
Iteration 28
============================================================
Theta offsets (Unity frame):
  Source   : dSx=   0.000, dSy=   0.000, dSz=   0.000  (mm)
  Object   : dOx= -14.998, dOy= -12.008, dOz= -21.874  (mm)
  Object offset: offset_x=   0.004, offset_z=  -0.001  (mm)
  Detector : dDx=   0.000, dDy=   0.000, dDz=   0.000  (mm)
  Obj Stage rotY :   15.001 deg
============================================================

Unity geometry (world coordinates):
  Source   : x= -10.000, y=  55.000, z=   0.000
  Object   : x=   0.002, y=  29.992, z= 560.126
  Detector : x=   8.000, y=  20.000, z= 760.000
  Obj rotY :   0.0000 deg
view   0 | SOD= 560.773 mm | SDD= 761.018 mm | M= 1.357 | incident=2.9645°
[[ 135.31688    -543.6267      -25.008366  ]
 [ -44.014515    195.13191       9.991634  ]
 [   0.14450169    0.03872238    0.        ]
 [   0.            0.            0.1496    ]]
               x1        y1  area1          x2        y2  area2          x3        y3  area3          x4         y4  area4          x5        y5  area5         x6         y6  area6
range  328.738241  1.246348  115.0  245.227466  3.923064  109.0  181.247646  6.428599   62.0  311.141117  16.731494  115.0  132.602025  9.375908   52.0  328.68154  30.436283   90.0
FAILURE!!!! Some beads might have been misidentified
               x1        y1  area1          x2        y2  area2          x3        y3  area3          x4         y4  area4          x5        y5  area5          x6         y6  area6
range  328.750638  1.205311  120.0  245.192063  3.889251  109.0  181.160744  6.447928   63.0  311.066428  16.672308  116.0  132.544809  9.384407   52.0  328.727913  30.397377   92.0
FAILURE!!!! Some beads might have been misidentified
               x1       y1  area1          x2        y2  area2          x3        y3  area3          x4        y4  area4          x5        y5  area5          x6         y6  area6
range  328.800067  1.28803  113.0  245.287695  3.856213  115.0  181.161559  6.400338   60.0  311.065304  16.78136  112.0  132.668231  9.368396   48.0  328.640839  30.348214   91.0
FAILURE!!!! Some beads might have been misidentified
               x1        y1  area1          x2        y2  area2          x3        y3  area3          x4         y4  area4          x5        y5  area5          x6        y6  area6
range  328.755009  1.251695  117.0  245.159387  3.859384  105.0  181.290155  6.405183   66.0  311.091163  16.756731  123.0  132.494081  9.430017   49.0  328.703154  30.39607   80.0
FAILURE!!!! Some beads might have been misidentified
               x1        y1  area1          x2        y2  area2          x3        y3  area3          x4         y4  area4          x5        y5  area5          x6         y6  area6
range  328.757852  1.192793  116.0  245.150397  3.906825  103.0  181.233523  6.440601   62.0  311.044673  16.626611  118.0  132.610302  9.401894   54.0  328.754411  30.392483   94.0
FAILURE!!!! Some beads might have been misidentified
               x1        y1  area1          x2        y2  area2          x3        y3  area3          x4         y4  area4          x5        y5  area5         x6         y6  area6
range  328.738241  1.246348  115.0  245.227466  3.923064  109.0  181.247646  6.428599   62.0  311.080278  16.731494  115.0  132.602025  9.353462   52.0  328.68154  30.405168   89.0
FAILURE!!!! Some beads might have been misidentified
               x1        y1  area1          x2        y2  area2          x3        y3  area3          x4         y4  area4          x5        y5  area5          x6         y6  area6
range  328.760356  1.246348  115.0  245.227466  3.923064  108.0  181.247646  6.428934   63.0  311.147834  16.712811  115.0  132.602025  9.375908   52.0  328.704007  30.381612   91.0
FAILURE!!!! Some beads might have been misidentified
               x1        y1  area1          x2       y2  area2          x3        y3  area3          x4         y4  area4          x5        y5  area5         x6         y6  area6
range  328.738241  1.294728  116.0  245.227466  3.90136  107.0  181.247646  6.430179   62.0  311.120887  16.757589  116.0  132.602025  9.375908   51.0  328.68154  30.379362   91.0
FAILURE!!!! Some beads might have been misidentified
               x1        y1  area1          x2        y2  area2          x3        y3  area3          x4         y4  area4          x5        y5  area5         x6         y6  area6
range  328.760356  1.229735  113.0  245.227466  3.921662  110.0  181.247646  6.437413   64.0  311.141117  16.707161  115.0  132.602025  9.366378   51.0  328.68154  30.365508   90.0
FAILURE!!!! Some beads might have been misidentified
               x1        y1  area1          x2        y2  area2          x3       y3  area3          x4         y4  area4          x5        y5  area5          x6         y6  area6
range  328.773267  1.212125  116.0  245.109102  3.914844  115.0  181.204285  6.36196   66.0  311.157607  16.758449  115.0  132.825623  9.350656   52.0  328.710605  30.398474   89.0
FAILURE!!!! Some beads might have been misidentified
               x1        y1  area1         x2        y2  area2         x3        y3  area3          x4         y4  area4          x5        y5  area5          x6         y6  area6
range  328.684523  1.281215  116.0  245.26433  3.885553  101.0  181.28966  6.452225   63.0  311.065413  16.720643  113.0  132.387417  9.406383   47.0  328.670615  30.347117   91.0
FAILURE!!!! Some beads might have been misidentified
               x1        y1  area1          x2        y2  area2          x3        y3  area3          x4         y4  area4          x5        y5  area5          x6         y6  area6
range  328.916935  1.246348  114.0  245.244862  3.921775  112.0  180.904103  6.452225   64.0  310.871831  16.771064  114.0  132.602025  9.359001   51.0  328.765948  30.350496   90.0
FAILURE!!!! Some beads might have been misidentified
               x1        y1  area1          x2       y2  area2          x3        y3  area3          x4         y4  area4          x5        y5  area5          x6         y6  area6
range  328.658254  1.246348  117.0  245.150666  3.88385  109.0  181.418199  6.373189   62.0  311.271402  16.720643  115.0  132.602025  9.383247   52.0  328.609436  30.436283   90.0
FAILURE!!!! Some beads might have been misidentified
Residual vector length: 270, Jacobian shape: (270, 6)
view   0 | SOD= 560.746 mm | SDD= 761.018 mm | M= 1.357 | incident=2.9645°
[[ 135.3111     -543.6003      -25.007154  ]
 [ -44.01855     195.15874       9.992846  ]
 [   0.14450178    0.03872203    0.        ]
 [   0.            0.            0.1496    ]]
            x1        y1  area1         x2       y2  area2         x3        y3  area3          x4         y4  area4          x5        y5  area5          x6         y6  area6
range  328.728  1.261251  117.0  245.25598  3.90136  102.0  181.26375  6.424759   64.0  311.127558  16.694691  120.0  132.506814  9.375908   50.0  328.704007  30.351252   84.0
FAILURE!!!! Some beads might have been misidentified

iter 28 cost=1.214414 -> 0.960426 |dtheta|=2.752587e-02  lambda=1.000e-06

============================================================
Iteration 29
============================================================
Theta offsets (Unity frame):
  Source   : dSx=   0.000, dSy=   0.000, dSz=   0.000  (mm)
  Object   : dOx= -14.998, dOy= -12.007, dOz= -21.901  (mm)
  Object offset: offset_x=   0.002, offset_z=  -0.000  (mm)
  Detector : dDx=   0.000, dDy=   0.000, dDz=   0.000  (mm)
  Obj Stage rotY :   15.001 deg
============================================================

Unity geometry (world coordinates):
  Source   : x= -10.000, y=  55.000, z=   0.000
  Object   : x=   0.002, y=  29.993, z= 560.099
  Detector : x=   8.000, y=  20.000, z= 760.000
  Obj rotY :   0.0000 deg
view   0 | SOD= 560.746 mm | SDD= 761.018 mm | M= 1.357 | incident=2.9645°
[[ 135.3111     -543.6003      -25.007154  ]
 [ -44.01855     195.15874       9.992846  ]
 [   0.14450178    0.03872203    0.        ]
 [   0.            0.            0.1496    ]]
            x1        y1  area1         x2       y2  area2         x3        y3  area3          x4         y4  area4          x5        y5  area5          x6         y6  area6
range  328.728  1.261251  117.0  245.25598  3.90136  102.0  181.26375  6.424759   64.0  311.127558  16.694691  120.0  132.506814  9.375908   50.0  328.704007  30.351252   84.0
FAILURE!!!! Some beads might have been misidentified
               x1        y1  area1         x2        y2  area2          x3        y3  area3          x4       y4  area4          x5        y5  area5          x6         y6  area6
range  328.743645  1.221406  118.0  245.21298  3.906664  108.0  181.160744  6.452815   62.0  311.066428  16.6627  117.0  132.513212  9.384407   54.0  328.750035  30.401968   93.0
FAILURE!!!! Some beads might have been misidentified
               x1       y1  area1          x2        y2  area2          x3        y3  area3          x4         y4  area4          x5        y5  area5          x6         y6  area6
range  328.819117  1.28803  113.0  245.291004  3.891861  108.0  181.161559  6.295826   63.0  311.065304  16.802588  124.0  132.623754  9.365944   49.0  328.642138  30.333369   84.0
FAILURE!!!! Some beads might have been misidentified
               x1        y1  area1          x2        y2  area2          x3        y3  area3          x4         y4  area4          x5        y5  area5          x6         y6  area6
range  328.779613  1.258565  117.0  245.224129  3.832817  108.0  181.315155  6.416955   66.0  311.091163  16.770315  124.0  132.467278  9.430017   49.0  328.703154  30.415203   81.0
FAILURE!!!! Some beads might have been misidentified
               x1        y1  area1          x2        y2  area2          x3        y3  area3         x4         y4  area4          x5        y5  area5          x6         y6  area6
range  328.736817  1.167212  116.0  245.217933  3.906825  104.0  181.233523  6.413679   65.0  311.02809  16.626611  121.0  132.591542  9.401894   53.0  328.769678  30.413518   88.0
FAILURE!!!! Some beads might have been misidentified
            x1        y1  area1          x2       y2  area2         x3        y3  area3          x4         y4  area4          x5        y5  area5         x6         y6  area6
range  328.728  1.261251  117.0  245.242291  3.90136  102.0  181.26375  6.424759   64.0  311.120887  16.713375  121.0  132.494593  9.375908   50.0  328.68154  30.374171   84.0
FAILURE!!!! Some beads might have been misidentified
               x1        y1  area1         x2       y2  area2          x3        y3  area3          x4         y4  area4          x5        y5  area5          x6         y6  area6
range  328.754576  1.261251  117.0  245.25598  3.90136  102.0  181.247646  6.401695   65.0  311.147834  16.694691  120.0  132.506814  9.377134   50.0  328.709643  30.389524   85.0
FAILURE!!!! Some beads might have been misidentified
               x1        y1  area1          x2       y2  area2          x3        y3  area3          x4        y4  area4          x5        y5  area5          x6         y6  area6
range  328.697958  1.303704  116.0  245.236463  3.88385  107.0  181.267549  6.409947   64.0  311.127558  16.73214  122.0  132.573393  9.359576   50.0  328.704007  30.420941   85.0
FAILURE!!!! Some beads might have been misidentified
               x1       y1  area1          x2        y2  area2          x3        y3  area3          x4         y4  area4          x5        y5  area5          x6         y6  area6
range  328.763026  1.25879  115.0  245.227466  3.894065  109.0  181.247646  6.452225   64.0  311.147834  16.720643  113.0  132.572756  9.406383   49.0  328.703045  30.379529   90.0
FAILURE!!!! Some beads might have been misidentified
               x1        y1  area1         x2        y2  area2          x3        y3  area3          x4         y4  area4          x5        y5  area5          x6         y6  area6
range  328.808925  1.228221  114.0  245.15733  3.899021  115.0  181.213843  6.373189   62.0  311.157607  16.752482  116.0  132.754125  9.350656   53.0  328.731191  30.387967   90.0
FAILURE!!!! Some beads might have been misidentified
               x1        y1  area1          x2        y2  area2          x3        y3  area3          x4         y4  area4          x5        y5  area5          x6         y6  area6
range  328.697958  1.281215  116.0  245.377505  3.890498  100.0  181.327243  6.473634   62.0  311.037371  16.724656  114.0  132.382841  9.431731   48.0  328.670615  30.347371   94.0
FAILURE!!!! Some beads might have been misidentified
               x1        y1  area1          x2        y2  area2          x3        y3  area3          x4         y4  area4          x5        y5  area5          x6         y6  area6
range  328.915976  1.261251  115.0  245.281782  3.904273  107.0  180.904103  6.473634   64.0  310.882594  16.775594  115.0  132.506814  9.367104   52.0  328.777683  30.351252   91.0
FAILURE!!!! Some beads might have been misidentified
               x1        y1  area1          x2        y2  area2        x3        y3  area3          x4         y4  area4          x5        y5  area5          x6         y6  area6
range  328.646786  1.261251  120.0  245.186997  3.885553  101.0  181.4183  6.404911   63.0  311.253396  16.720643  115.0  132.494593  9.383247   52.0  328.627454  30.412443   90.0
FAILURE!!!! Some beads might have been misidentified
Residual vector length: 270, Jacobian shape: (270, 6)
view   0 | SOD= 560.740 mm | SDD= 761.018 mm | M= 1.357 | incident=2.9645°
[[ 135.29077    -543.59906     -25.00666   ]
 [ -44.014175    195.16595       9.99334   ]
 [   0.14450307    0.0387172     0.        ]
 [   0.            0.            0.1496    ]]
               x1        y1  area1          x2       y2  area2          x3        y3  area3          x4         y4  area4          x5        y5  area5          x6         y6  area6
range  328.808925  1.275155  118.0  245.242291  3.90547  109.0  181.233609  6.401695   65.0  311.099037  16.731494  122.0  132.601337  9.350656   51.0  328.709643  30.369851   84.0
FAILURE!!!! Some beads might have been misidentified

iter 29 cost=0.960426 -> 0.989449 |dtheta|=8.667611e-03  lambda=1.000e-06

============================================================
Iteration 30
============================================================
Theta offsets (Unity frame):
  Source   : dSx=   0.000, dSy=   0.000, dSz=   0.000  (mm)
  Object   : dOx= -14.998, dOy= -12.007, dOz= -21.901  (mm)
  Object offset: offset_x=   0.002, offset_z=  -0.000  (mm)
  Detector : dDx=   0.000, dDy=   0.000, dDz=   0.000  (mm)
  Obj Stage rotY :   15.001 deg
============================================================

Unity geometry (world coordinates):
  Source   : x= -10.000, y=  55.000, z=   0.000
  Object   : x=   0.002, y=  29.993, z= 560.099
  Detector : x=   8.000, y=  20.000, z= 760.000
  Obj rotY :   0.0000 deg
view   0 | SOD= 560.746 mm | SDD= 761.018 mm | M= 1.357 | incident=2.9645°
[[ 135.3111     -543.6003      -25.007154  ]
 [ -44.01855     195.15874       9.992846  ]
 [   0.14450178    0.03872203    0.        ]
 [   0.            0.            0.1496    ]]
            x1        y1  area1         x2       y2  area2         x3        y3  area3          x4         y4  area4          x5        y5  area5          x6         y6  area6
range  328.728  1.261251  117.0  245.25598  3.90136  102.0  181.26375  6.424759   64.0  311.127558  16.694691  120.0  132.506814  9.375908   50.0  328.704007  30.351252   84.0
FAILURE!!!! Some beads might have been misidentified
               x1        y1  area1         x2        y2  area2          x3        y3  area3          x4       y4  area4          x5        y5  area5          x6         y6  area6
range  328.743645  1.221406  118.0  245.21298  3.906664  108.0  181.160744  6.452815   62.0  311.066428  16.6627  117.0  132.513212  9.384407   54.0  328.750035  30.401968   93.0
FAILURE!!!! Some beads might have been misidentified
               x1       y1  area1          x2        y2  area2          x3        y3  area3          x4         y4  area4          x5        y5  area5          x6         y6  area6
range  328.819117  1.28803  113.0  245.291004  3.891861  108.0  181.161559  6.295826   63.0  311.065304  16.802588  124.0  132.623754  9.365944   49.0  328.642138  30.333369   84.0
FAILURE!!!! Some beads might have been misidentified
               x1        y1  area1          x2        y2  area2          x3        y3  area3          x4         y4  area4          x5        y5  area5          x6         y6  area6
range  328.779613  1.258565  117.0  245.224129  3.832817  108.0  181.315155  6.416955   66.0  311.091163  16.770315  124.0  132.467278  9.430017   49.0  328.703154  30.415203   81.0
FAILURE!!!! Some beads might have been misidentified
               x1        y1  area1          x2        y2  area2          x3        y3  area3         x4         y4  area4          x5        y5  area5          x6         y6  area6
range  328.736817  1.167212  116.0  245.217933  3.906825  104.0  181.233523  6.413679   65.0  311.02809  16.626611  121.0  132.591542  9.401894   53.0  328.769678  30.413518   88.0
FAILURE!!!! Some beads might have been misidentified
            x1        y1  area1          x2       y2  area2         x3        y3  area3          x4         y4  area4          x5        y5  area5         x6         y6  area6
range  328.728  1.261251  117.0  245.242291  3.90136  102.0  181.26375  6.424759   64.0  311.120887  16.713375  121.0  132.494593  9.375908   50.0  328.68154  30.374171   84.0
FAILURE!!!! Some beads might have been misidentified
               x1        y1  area1         x2       y2  area2          x3        y3  area3          x4         y4  area4          x5        y5  area5          x6         y6  area6
range  328.754576  1.261251  117.0  245.25598  3.90136  102.0  181.247646  6.401695   65.0  311.147834  16.694691  120.0  132.506814  9.377134   50.0  328.709643  30.389524   85.0
FAILURE!!!! Some beads might have been misidentified
               x1        y1  area1          x2       y2  area2          x3        y3  area3          x4        y4  area4          x5        y5  area5          x6         y6  area6
range  328.697958  1.303704  116.0  245.236463  3.88385  107.0  181.267549  6.409947   64.0  311.127558  16.73214  122.0  132.573393  9.359576   50.0  328.704007  30.420941   85.0
FAILURE!!!! Some beads might have been misidentified
               x1       y1  area1          x2        y2  area2          x3        y3  area3          x4         y4  area4          x5        y5  area5          x6         y6  area6
range  328.763026  1.25879  115.0  245.227466  3.894065  109.0  181.247646  6.452225   64.0  311.147834  16.720643  113.0  132.572756  9.406383   49.0  328.703045  30.379529   90.0
FAILURE!!!! Some beads might have been misidentified
               x1        y1  area1         x2        y2  area2          x3        y3  area3          x4         y4  area4          x5        y5  area5          x6         y6  area6
range  328.808925  1.228221  114.0  245.15733  3.899021  115.0  181.213843  6.373189   62.0  311.157607  16.752482  116.0  132.754125  9.350656   53.0  328.731191  30.387967   90.0
FAILURE!!!! Some beads might have been misidentified
               x1        y1  area1          x2        y2  area2          x3        y3  area3          x4         y4  area4          x5        y5  area5          x6         y6  area6
range  328.697958  1.281215  116.0  245.377505  3.890498  100.0  181.327243  6.473634   62.0  311.037371  16.724656  114.0  132.382841  9.431731   48.0  328.670615  30.347371   94.0
FAILURE!!!! Some beads might have been misidentified
               x1        y1  area1          x2        y2  area2          x3        y3  area3          x4         y4  area4          x5        y5  area5          x6         y6  area6
range  328.915976  1.261251  115.0  245.281782  3.904273  107.0  180.904103  6.473634   64.0  310.882594  16.775594  115.0  132.506814  9.367104   52.0  328.777683  30.351252   91.0
FAILURE!!!! Some beads might have been misidentified
               x1        y1  area1          x2        y2  area2        x3        y3  area3          x4         y4  area4          x5        y5  area5          x6         y6  area6
range  328.646786  1.261251  120.0  245.186997  3.885553  101.0  181.4183  6.404911   63.0  311.253396  16.720643  115.0  132.494593  9.383247   52.0  328.627454  30.412443   90.0
FAILURE!!!! Some beads might have been misidentified
Residual vector length: 270, Jacobian shape: (270, 6)
view   0 | SOD= 560.740 mm | SDD= 761.018 mm | M= 1.357 | incident=2.9645°
[[ 135.29077    -543.59906     -25.00666   ]
 [ -44.014175    195.16595       9.99334   ]
 [   0.14450307    0.0387172     0.        ]
 [   0.            0.            0.1496    ]]
               x1        y1  area1          x2       y2  area2          x3        y3  area3          x4         y4  area4          x5        y5  area5          x6         y6  area6
range  328.808925  1.275155  118.0  245.242291  3.90547  109.0  181.233609  6.401695   65.0  311.099037  16.731494  122.0  132.601337  9.350656   51.0  328.709643  30.369851   84.0
FAILURE!!!! Some beads might have been misidentified

iter 30 cost=0.960426 -> 0.989449 |dtheta|=8.667610e-03  lambda=5.000e-06

============================================================
Iteration 31
============================================================
Theta offsets (Unity frame):
  Source   : dSx=   0.000, dSy=   0.000, dSz=   0.000  (mm)
  Object   : dOx= -14.998, dOy= -12.007, dOz= -21.901  (mm)
  Object offset: offset_x=   0.002, offset_z=  -0.000  (mm)
  Detector : dDx=   0.000, dDy=   0.000, dDz=   0.000  (mm)
  Obj Stage rotY :   15.001 deg
============================================================

Unity geometry (world coordinates):
  Source   : x= -10.000, y=  55.000, z=   0.000
  Object   : x=   0.002, y=  29.993, z= 560.099
  Detector : x=   8.000, y=  20.000, z= 760.000
  Obj rotY :   0.0000 deg
view   0 | SOD= 560.746 mm | SDD= 761.018 mm | M= 1.357 | incident=2.9645°
[[ 135.3111     -543.6003      -25.007154  ]
 [ -44.01855     195.15874       9.992846  ]
 [   0.14450178    0.03872203    0.        ]
 [   0.            0.            0.1496    ]]
            x1        y1  area1         x2       y2  area2         x3        y3  area3          x4         y4  area4          x5        y5  area5          x6         y6  area6
range  328.728  1.261251  117.0  245.25598  3.90136  102.0  181.26375  6.424759   64.0  311.127558  16.694691  120.0  132.506814  9.375908   50.0  328.704007  30.351252   84.0
FAILURE!!!! Some beads might have been misidentified
               x1        y1  area1         x2        y2  area2          x3        y3  area3          x4       y4  area4          x5        y5  area5          x6         y6  area6
range  328.743645  1.221406  118.0  245.21298  3.906664  108.0  181.160744  6.452815   62.0  311.066428  16.6627  117.0  132.513212  9.384407   54.0  328.750035  30.401968   93.0
FAILURE!!!! Some beads might have been misidentified
               x1       y1  area1          x2        y2  area2          x3        y3  area3          x4         y4  area4          x5        y5  area5          x6         y6  area6
range  328.819117  1.28803  113.0  245.291004  3.891861  108.0  181.161559  6.295826   63.0  311.065304  16.802588  124.0  132.623754  9.365944   49.0  328.642138  30.333369   84.0
FAILURE!!!! Some beads might have been misidentified
               x1        y1  area1          x2        y2  area2          x3        y3  area3          x4         y4  area4          x5        y5  area5          x6         y6  area6
range  328.779613  1.258565  117.0  245.224129  3.832817  108.0  181.315155  6.416955   66.0  311.091163  16.770315  124.0  132.467278  9.430017   49.0  328.703154  30.415203   81.0
FAILURE!!!! Some beads might have been misidentified
               x1        y1  area1          x2        y2  area2          x3        y3  area3         x4         y4  area4          x5        y5  area5          x6         y6  area6
range  328.736817  1.167212  116.0  245.217933  3.906825  104.0  181.233523  6.413679   65.0  311.02809  16.626611  121.0  132.591542  9.401894   53.0  328.769678  30.413518   88.0
FAILURE!!!! Some beads might have been misidentified
            x1        y1  area1          x2       y2  area2         x3        y3  area3          x4         y4  area4          x5        y5  area5         x6         y6  area6
range  328.728  1.261251  117.0  245.242291  3.90136  102.0  181.26375  6.424759   64.0  311.120887  16.713375  121.0  132.494593  9.375908   50.0  328.68154  30.374171   84.0
FAILURE!!!! Some beads might have been misidentified
               x1        y1  area1         x2       y2  area2          x3        y3  area3          x4         y4  area4          x5        y5  area5          x6         y6  area6
range  328.754576  1.261251  117.0  245.25598  3.90136  102.0  181.247646  6.401695   65.0  311.147834  16.694691  120.0  132.506814  9.377134   50.0  328.709643  30.389524   85.0
FAILURE!!!! Some beads might have been misidentified
               x1        y1  area1          x2       y2  area2          x3        y3  area3          x4        y4  area4          x5        y5  area5          x6         y6  area6
range  328.697958  1.303704  116.0  245.236463  3.88385  107.0  181.267549  6.409947   64.0  311.127558  16.73214  122.0  132.573393  9.359576   50.0  328.704007  30.420941   85.0
FAILURE!!!! Some beads might have been misidentified
               x1       y1  area1          x2        y2  area2          x3        y3  area3          x4         y4  area4          x5        y5  area5          x6         y6  area6
range  328.763026  1.25879  115.0  245.227466  3.894065  109.0  181.247646  6.452225   64.0  311.147834  16.720643  113.0  132.572756  9.406383   49.0  328.703045  30.379529   90.0
FAILURE!!!! Some beads might have been misidentified
               x1        y1  area1         x2        y2  area2          x3        y3  area3          x4         y4  area4          x5        y5  area5          x6         y6  area6
range  328.808925  1.228221  114.0  245.15733  3.899021  115.0  181.213843  6.373189   62.0  311.157607  16.752482  116.0  132.754125  9.350656   53.0  328.731191  30.387967   90.0
FAILURE!!!! Some beads might have been misidentified
               x1        y1  area1          x2        y2  area2          x3        y3  area3          x4         y4  area4          x5        y5  area5          x6         y6  area6
range  328.697958  1.281215  116.0  245.377505  3.890498  100.0  181.327243  6.473634   62.0  311.037371  16.724656  114.0  132.382841  9.431731   48.0  328.670615  30.347371   94.0
FAILURE!!!! Some beads might have been misidentified
               x1        y1  area1          x2        y2  area2          x3        y3  area3          x4         y4  area4          x5        y5  area5          x6         y6  area6
range  328.915976  1.261251  115.0  245.281782  3.904273  107.0  180.904103  6.473634   64.0  310.882594  16.775594  115.0  132.506814  9.367104   52.0  328.777683  30.351252   91.0
FAILURE!!!! Some beads might have been misidentified
               x1        y1  area1          x2        y2  area2        x3        y3  area3          x4         y4  area4          x5        y5  area5          x6         y6  area6
range  328.646786  1.261251  120.0  245.186997  3.885553  101.0  181.4183  6.404911   63.0  311.253396  16.720643  115.0  132.494593  9.383247   52.0  328.627454  30.412443   90.0
FAILURE!!!! Some beads might have been misidentified
Residual vector length: 270, Jacobian shape: (270, 6)
view   0 | SOD= 560.740 mm | SDD= 761.018 mm | M= 1.357 | incident=2.9645°
[[ 135.29077    -543.59906     -25.00666   ]
 [ -44.014175    195.16595       9.99334   ]
 [   0.14450307    0.0387172     0.        ]
 [   0.            0.            0.1496    ]]
               x1        y1  area1          x2       y2  area2          x3        y3  area3          x4         y4  area4          x5        y5  area5          x6         y6  area6
range  328.808925  1.275155  118.0  245.242291  3.90547  109.0  181.233609  6.401695   65.0  311.099037  16.731494  122.0  132.601337  9.350656   51.0  328.709643  30.369851   84.0
FAILURE!!!! Some beads might have been misidentified

iter 31 cost=0.960426 -> 0.989449 |dtheta|=8.667610e-03  lambda=2.500e-05

============================================================
Iteration 32
============================================================
Theta offsets (Unity frame):
  Source   : dSx=   0.000, dSy=   0.000, dSz=   0.000  (mm)
  Object   : dOx= -14.998, dOy= -12.007, dOz= -21.901  (mm)
  Object offset: offset_x=   0.002, offset_z=  -0.000  (mm)
  Detector : dDx=   0.000, dDy=   0.000, dDz=   0.000  (mm)
  Obj Stage rotY :   15.001 deg
============================================================

Unity geometry (world coordinates):
  Source   : x= -10.000, y=  55.000, z=   0.000
  Object   : x=   0.002, y=  29.993, z= 560.099
  Detector : x=   8.000, y=  20.000, z= 760.000
  Obj rotY :   0.0000 deg
view   0 | SOD= 560.746 mm | SDD= 761.018 mm | M= 1.357 | incident=2.9645°
[[ 135.3111     -543.6003      -25.007154  ]
 [ -44.01855     195.15874       9.992846  ]
 [   0.14450178    0.03872203    0.        ]
 [   0.            0.            0.1496    ]]
            x1        y1  area1         x2       y2  area2         x3        y3  area3          x4         y4  area4          x5        y5  area5          x6         y6  area6
range  328.728  1.261251  117.0  245.25598  3.90136  102.0  181.26375  6.424759   64.0  311.127558  16.694691  120.0  132.506814  9.375908   50.0  328.704007  30.351252   84.0
FAILURE!!!! Some beads might have been misidentified
               x1        y1  area1         x2        y2  area2          x3        y3  area3          x4       y4  area4          x5        y5  area5          x6         y6  area6
range  328.743645  1.221406  118.0  245.21298  3.906664  108.0  181.160744  6.452815   62.0  311.066428  16.6627  117.0  132.513212  9.384407   54.0  328.750035  30.401968   93.0
FAILURE!!!! Some beads might have been misidentified
               x1       y1  area1          x2        y2  area2          x3        y3  area3          x4         y4  area4          x5        y5  area5          x6         y6  area6
range  328.819117  1.28803  113.0  245.291004  3.891861  108.0  181.161559  6.295826   63.0  311.065304  16.802588  124.0  132.623754  9.365944   49.0  328.642138  30.333369   84.0
FAILURE!!!! Some beads might have been misidentified
               x1        y1  area1          x2        y2  area2          x3        y3  area3          x4         y4  area4          x5        y5  area5          x6         y6  area6
range  328.779613  1.258565  117.0  245.224129  3.832817  108.0  181.315155  6.416955   66.0  311.091163  16.770315  124.0  132.467278  9.430017   49.0  328.703154  30.415203   81.0
FAILURE!!!! Some beads might have been misidentified
               x1        y1  area1          x2        y2  area2          x3        y3  area3         x4         y4  area4          x5        y5  area5          x6         y6  area6
range  328.736817  1.167212  116.0  245.217933  3.906825  104.0  181.233523  6.413679   65.0  311.02809  16.626611  121.0  132.591542  9.401894   53.0  328.769678  30.413518   88.0
FAILURE!!!! Some beads might have been misidentified
            x1        y1  area1          x2       y2  area2         x3        y3  area3          x4         y4  area4          x5        y5  area5         x6         y6  area6
range  328.728  1.261251  117.0  245.242291  3.90136  102.0  181.26375  6.424759   64.0  311.120887  16.713375  121.0  132.494593  9.375908   50.0  328.68154  30.374171   84.0
FAILURE!!!! Some beads might have been misidentified
               x1        y1  area1         x2       y2  area2          x3        y3  area3          x4         y4  area4          x5        y5  area5          x6         y6  area6
range  328.754576  1.261251  117.0  245.25598  3.90136  102.0  181.247646  6.401695   65.0  311.147834  16.694691  120.0  132.506814  9.377134   50.0  328.709643  30.389524   85.0
FAILURE!!!! Some beads might have been misidentified
               x1        y1  area1          x2       y2  area2          x3        y3  area3          x4        y4  area4          x5        y5  area5          x6         y6  area6
range  328.697958  1.303704  116.0  245.236463  3.88385  107.0  181.267549  6.409947   64.0  311.127558  16.73214  122.0  132.573393  9.359576   50.0  328.704007  30.420941   85.0
FAILURE!!!! Some beads might have been misidentified
               x1       y1  area1          x2        y2  area2          x3        y3  area3          x4         y4  area4          x5        y5  area5          x6         y6  area6
range  328.763026  1.25879  115.0  245.227466  3.894065  109.0  181.247646  6.452225   64.0  311.147834  16.720643  113.0  132.572756  9.406383   49.0  328.703045  30.379529   90.0
FAILURE!!!! Some beads might have been misidentified
               x1        y1  area1         x2        y2  area2          x3        y3  area3          x4         y4  area4          x5        y5  area5          x6         y6  area6
range  328.808925  1.228221  114.0  245.15733  3.899021  115.0  181.213843  6.373189   62.0  311.157607  16.752482  116.0  132.754125  9.350656   53.0  328.731191  30.387967   90.0
FAILURE!!!! Some beads might have been misidentified
               x1        y1  area1          x2        y2  area2          x3        y3  area3          x4         y4  area4          x5        y5  area5          x6         y6  area6
range  328.697958  1.281215  116.0  245.377505  3.890498  100.0  181.327243  6.473634   62.0  311.037371  16.724656  114.0  132.382841  9.431731   48.0  328.670615  30.347371   94.0
FAILURE!!!! Some beads might have been misidentified
               x1        y1  area1          x2        y2  area2          x3        y3  area3          x4         y4  area4          x5        y5  area5          x6         y6  area6
range  328.915976  1.261251  115.0  245.281782  3.904273  107.0  180.904103  6.473634   64.0  310.882594  16.775594  115.0  132.506814  9.367104   52.0  328.777683  30.351252   91.0
FAILURE!!!! Some beads might have been misidentified
               x1        y1  area1          x2        y2  area2        x3        y3  area3          x4         y4  area4          x5        y5  area5          x6         y6  area6
range  328.646786  1.261251  120.0  245.186997  3.885553  101.0  181.4183  6.404911   63.0  311.253396  16.720643  115.0  132.494593  9.383247   52.0  328.627454  30.412443   90.0
FAILURE!!!! Some beads might have been misidentified
Residual vector length: 270, Jacobian shape: (270, 6)
view   0 | SOD= 560.740 mm | SDD= 761.018 mm | M= 1.357 | incident=2.9645°
[[ 135.29077    -543.59906     -25.00666   ]
 [ -44.014175    195.16595       9.99334   ]
 [   0.14450307    0.0387172     0.        ]
 [   0.            0.            0.1496    ]]
               x1        y1  area1          x2       y2  area2          x3        y3  area3          x4         y4  area4          x5        y5  area5          x6         y6  area6
range  328.808925  1.275155  118.0  245.242291  3.90547  109.0  181.233609  6.401695   65.0  311.099037  16.731494  122.0  132.601337  9.350656   51.0  328.709643  30.369851   84.0
FAILURE!!!! Some beads might have been misidentified

iter 32 cost=0.960426 -> 0.989449 |dtheta|=8.667606e-03  lambda=1.250e-04

============================================================
Iteration 33
============================================================
Theta offsets (Unity frame):
  Source   : dSx=   0.000, dSy=   0.000, dSz=   0.000  (mm)
  Object   : dOx= -14.998, dOy= -12.007, dOz= -21.901  (mm)
  Object offset: offset_x=   0.002, offset_z=  -0.000  (mm)
  Detector : dDx=   0.000, dDy=   0.000, dDz=   0.000  (mm)
  Obj Stage rotY :   15.001 deg
============================================================

Unity geometry (world coordinates):
  Source   : x= -10.000, y=  55.000, z=   0.000
  Object   : x=   0.002, y=  29.993, z= 560.099
  Detector : x=   8.000, y=  20.000, z= 760.000
  Obj rotY :   0.0000 deg
view   0 | SOD= 560.746 mm | SDD= 761.018 mm | M= 1.357 | incident=2.9645°
[[ 135.3111     -543.6003      -25.007154  ]
 [ -44.01855     195.15874       9.992846  ]
 [   0.14450178    0.03872203    0.        ]
 [   0.            0.            0.1496    ]]
            x1        y1  area1         x2       y2  area2         x3        y3  area3          x4         y4  area4          x5        y5  area5          x6         y6  area6
range  328.728  1.261251  117.0  245.25598  3.90136  102.0  181.26375  6.424759   64.0  311.127558  16.694691  120.0  132.506814  9.375908   50.0  328.704007  30.351252   84.0
FAILURE!!!! Some beads might have been misidentified
               x1        y1  area1         x2        y2  area2          x3        y3  area3          x4       y4  area4          x5        y5  area5          x6         y6  area6
range  328.743645  1.221406  118.0  245.21298  3.906664  108.0  181.160744  6.452815   62.0  311.066428  16.6627  117.0  132.513212  9.384407   54.0  328.750035  30.401968   93.0
FAILURE!!!! Some beads might have been misidentified
               x1       y1  area1          x2        y2  area2          x3        y3  area3          x4         y4  area4          x5        y5  area5          x6         y6  area6
range  328.819117  1.28803  113.0  245.291004  3.891861  108.0  181.161559  6.295826   63.0  311.065304  16.802588  124.0  132.623754  9.365944   49.0  328.642138  30.333369   84.0
FAILURE!!!! Some beads might have been misidentified
               x1        y1  area1          x2        y2  area2          x3        y3  area3          x4         y4  area4          x5        y5  area5          x6         y6  area6
range  328.779613  1.258565  117.0  245.224129  3.832817  108.0  181.315155  6.416955   66.0  311.091163  16.770315  124.0  132.467278  9.430017   49.0  328.703154  30.415203   81.0
FAILURE!!!! Some beads might have been misidentified
               x1        y1  area1          x2        y2  area2          x3        y3  area3         x4         y4  area4          x5        y5  area5          x6         y6  area6
range  328.736817  1.167212  116.0  245.217933  3.906825  104.0  181.233523  6.413679   65.0  311.02809  16.626611  121.0  132.591542  9.401894   53.0  328.769678  30.413518   88.0
FAILURE!!!! Some beads might have been misidentified
            x1        y1  area1          x2       y2  area2         x3        y3  area3          x4         y4  area4          x5        y5  area5         x6         y6  area6
range  328.728  1.261251  117.0  245.242291  3.90136  102.0  181.26375  6.424759   64.0  311.120887  16.713375  121.0  132.494593  9.375908   50.0  328.68154  30.374171   84.0
FAILURE!!!! Some beads might have been misidentified
               x1        y1  area1         x2       y2  area2          x3        y3  area3          x4         y4  area4          x5        y5  area5          x6         y6  area6
range  328.754576  1.261251  117.0  245.25598  3.90136  102.0  181.247646  6.401695   65.0  311.147834  16.694691  120.0  132.506814  9.377134   50.0  328.709643  30.389524   85.0
FAILURE!!!! Some beads might have been misidentified
               x1        y1  area1          x2       y2  area2          x3        y3  area3          x4        y4  area4          x5        y5  area5          x6         y6  area6
range  328.697958  1.303704  116.0  245.236463  3.88385  107.0  181.267549  6.409947   64.0  311.127558  16.73214  122.0  132.573393  9.359576   50.0  328.704007  30.420941   85.0
FAILURE!!!! Some beads might have been misidentified
               x1       y1  area1          x2        y2  area2          x3        y3  area3          x4         y4  area4          x5        y5  area5          x6         y6  area6
range  328.763026  1.25879  115.0  245.227466  3.894065  109.0  181.247646  6.452225   64.0  311.147834  16.720643  113.0  132.572756  9.406383   49.0  328.703045  30.379529   90.0
FAILURE!!!! Some beads might have been misidentified
               x1        y1  area1         x2        y2  area2          x3        y3  area3          x4         y4  area4          x5        y5  area5          x6         y6  area6
range  328.808925  1.228221  114.0  245.15733  3.899021  115.0  181.213843  6.373189   62.0  311.157607  16.752482  116.0  132.754125  9.350656   53.0  328.731191  30.387967   90.0
FAILURE!!!! Some beads might have been misidentified
               x1        y1  area1          x2        y2  area2          x3        y3  area3          x4         y4  area4          x5        y5  area5          x6         y6  area6
range  328.697958  1.281215  116.0  245.377505  3.890498  100.0  181.327243  6.473634   62.0  311.037371  16.724656  114.0  132.382841  9.431731   48.0  328.670615  30.347371   94.0
FAILURE!!!! Some beads might have been misidentified
               x1        y1  area1          x2        y2  area2          x3        y3  area3          x4         y4  area4          x5        y5  area5          x6         y6  area6
range  328.915976  1.261251  115.0  245.281782  3.904273  107.0  180.904103  6.473634   64.0  310.882594  16.775594  115.0  132.506814  9.367104   52.0  328.777683  30.351252   91.0
FAILURE!!!! Some beads might have been misidentified
               x1        y1  area1          x2        y2  area2        x3        y3  area3          x4         y4  area4          x5        y5  area5          x6         y6  area6
range  328.646786  1.261251  120.0  245.186997  3.885553  101.0  181.4183  6.404911   63.0  311.253396  16.720643  115.0  132.494593  9.383247   52.0  328.627454  30.412443   90.0
FAILURE!!!! Some beads might have been misidentified
Residual vector length: 270, Jacobian shape: (270, 6)
view   0 | SOD= 560.740 mm | SDD= 761.018 mm | M= 1.357 | incident=2.9645°
[[ 135.29077    -543.59906     -25.00666   ]
 [ -44.014175    195.16595       9.99334   ]
 [   0.14450307    0.0387172     0.        ]
 [   0.            0.            0.1496    ]]
               x1        y1  area1          x2       y2  area2          x3        y3  area3          x4         y4  area4          x5        y5  area5          x6         y6  area6
range  328.808925  1.275155  118.0  245.242291  3.90547  109.0  181.233609  6.401695   65.0  311.099037  16.731494  122.0  132.601337  9.350656   51.0  328.709643  30.369851   84.0
FAILURE!!!! Some beads might have been misidentified

iter 33 cost=0.960426 -> 0.989449 |dtheta|=8.667587e-03  lambda=6.250e-04

============================================================
Iteration 34
============================================================
Theta offsets (Unity frame):
  Source   : dSx=   0.000, dSy=   0.000, dSz=   0.000  (mm)
  Object   : dOx= -14.998, dOy= -12.007, dOz= -21.901  (mm)
  Object offset: offset_x=   0.002, offset_z=  -0.000  (mm)
  Detector : dDx=   0.000, dDy=   0.000, dDz=   0.000  (mm)
  Obj Stage rotY :   15.001 deg
============================================================

Unity geometry (world coordinates):
  Source   : x= -10.000, y=  55.000, z=   0.000
  Object   : x=   0.002, y=  29.993, z= 560.099
  Detector : x=   8.000, y=  20.000, z= 760.000
  Obj rotY :   0.0000 deg
view   0 | SOD= 560.746 mm | SDD= 761.018 mm | M= 1.357 | incident=2.9645°
[[ 135.3111     -543.6003      -25.007154  ]
 [ -44.01855     195.15874       9.992846  ]
 [   0.14450178    0.03872203    0.        ]
 [   0.            0.            0.1496    ]]
            x1        y1  area1         x2       y2  area2         x3        y3  area3          x4         y4  area4          x5        y5  area5          x6         y6  area6
range  328.728  1.261251  117.0  245.25598  3.90136  102.0  181.26375  6.424759   64.0  311.127558  16.694691  120.0  132.506814  9.375908   50.0  328.704007  30.351252   84.0
FAILURE!!!! Some beads might have been misidentified
               x1        y1  area1         x2        y2  area2          x3        y3  area3          x4       y4  area4          x5        y5  area5          x6         y6  area6
range  328.743645  1.221406  118.0  245.21298  3.906664  108.0  181.160744  6.452815   62.0  311.066428  16.6627  117.0  132.513212  9.384407   54.0  328.750035  30.401968   93.0
FAILURE!!!! Some beads might have been misidentified
               x1       y1  area1          x2        y2  area2          x3        y3  area3          x4         y4  area4          x5        y5  area5          x6         y6  area6
range  328.819117  1.28803  113.0  245.291004  3.891861  108.0  181.161559  6.295826   63.0  311.065304  16.802588  124.0  132.623754  9.365944   49.0  328.642138  30.333369   84.0
FAILURE!!!! Some beads might have been misidentified
               x1        y1  area1          x2        y2  area2          x3        y3  area3          x4         y4  area4          x5        y5  area5          x6         y6  area6
range  328.779613  1.258565  117.0  245.224129  3.832817  108.0  181.315155  6.416955   66.0  311.091163  16.770315  124.0  132.467278  9.430017   49.0  328.703154  30.415203   81.0
FAILURE!!!! Some beads might have been misidentified
               x1        y1  area1          x2        y2  area2          x3        y3  area3         x4         y4  area4          x5        y5  area5          x6         y6  area6
range  328.736817  1.167212  116.0  245.217933  3.906825  104.0  181.233523  6.413679   65.0  311.02809  16.626611  121.0  132.591542  9.401894   53.0  328.769678  30.413518   88.0
FAILURE!!!! Some beads might have been misidentified
            x1        y1  area1          x2       y2  area2         x3        y3  area3          x4         y4  area4          x5        y5  area5         x6         y6  area6
range  328.728  1.261251  117.0  245.242291  3.90136  102.0  181.26375  6.424759   64.0  311.120887  16.713375  121.0  132.494593  9.375908   50.0  328.68154  30.374171   84.0
FAILURE!!!! Some beads might have been misidentified
               x1        y1  area1         x2       y2  area2          x3        y3  area3          x4         y4  area4          x5        y5  area5          x6         y6  area6
range  328.754576  1.261251  117.0  245.25598  3.90136  102.0  181.247646  6.401695   65.0  311.147834  16.694691  120.0  132.506814  9.377134   50.0  328.709643  30.389524   85.0
FAILURE!!!! Some beads might have been misidentified
               x1        y1  area1          x2       y2  area2          x3        y3  area3          x4        y4  area4          x5        y5  area5          x6         y6  area6
range  328.697958  1.303704  116.0  245.236463  3.88385  107.0  181.267549  6.409947   64.0  311.127558  16.73214  122.0  132.573393  9.359576   50.0  328.704007  30.420941   85.0
FAILURE!!!! Some beads might have been misidentified
               x1       y1  area1          x2        y2  area2          x3        y3  area3          x4         y4  area4          x5        y5  area5          x6         y6  area6
range  328.763026  1.25879  115.0  245.227466  3.894065  109.0  181.247646  6.452225   64.0  311.147834  16.720643  113.0  132.572756  9.406383   49.0  328.703045  30.379529   90.0
FAILURE!!!! Some beads might have been misidentified
               x1        y1  area1         x2        y2  area2          x3        y3  area3          x4         y4  area4          x5        y5  area5          x6         y6  area6
range  328.808925  1.228221  114.0  245.15733  3.899021  115.0  181.213843  6.373189   62.0  311.157607  16.752482  116.0  132.754125  9.350656   53.0  328.731191  30.387967   90.0
FAILURE!!!! Some beads might have been misidentified
               x1        y1  area1          x2        y2  area2          x3        y3  area3          x4         y4  area4          x5        y5  area5          x6         y6  area6
range  328.697958  1.281215  116.0  245.377505  3.890498  100.0  181.327243  6.473634   62.0  311.037371  16.724656  114.0  132.382841  9.431731   48.0  328.670615  30.347371   94.0
FAILURE!!!! Some beads might have been misidentified
               x1        y1  area1          x2        y2  area2          x3        y3  area3          x4         y4  area4          x5        y5  area5          x6         y6  area6
range  328.915976  1.261251  115.0  245.281782  3.904273  107.0  180.904103  6.473634   64.0  310.882594  16.775594  115.0  132.506814  9.367104   52.0  328.777683  30.351252   91.0
FAILURE!!!! Some beads might have been misidentified
               x1        y1  area1          x2        y2  area2        x3        y3  area3          x4         y4  area4          x5        y5  area5          x6         y6  area6
range  328.646786  1.261251  120.0  245.186997  3.885553  101.0  181.4183  6.404911   63.0  311.253396  16.720643  115.0  132.494593  9.383247   52.0  328.627454  30.412443   90.0
FAILURE!!!! Some beads might have been misidentified
Residual vector length: 270, Jacobian shape: (270, 6)
view   0 | SOD= 560.740 mm | SDD= 761.018 mm | M= 1.357 | incident=2.9645°
[[ 135.29077    -543.59906     -25.00666   ]
 [ -44.014175    195.16595       9.99334   ]
 [   0.14450307    0.0387172     0.        ]
 [   0.            0.            0.1496    ]]
               x1        y1  area1          x2       y2  area2          x3        y3  area3          x4         y4  area4          x5        y5  area5          x6         y6  area6
range  328.808925  1.275155  118.0  245.242291  3.90547  109.0  181.233609  6.401695   65.0  311.099037  16.731494  122.0  132.601337  9.350656   51.0  328.709643  30.369851   84.0
FAILURE!!!! Some beads might have been misidentified

iter 34 cost=0.960426 -> 0.989449 |dtheta|=8.667492e-03  lambda=3.125e-03

============================================================
Iteration 35
============================================================
Theta offsets (Unity frame):
  Source   : dSx=   0.000, dSy=   0.000, dSz=   0.000  (mm)
  Object   : dOx= -14.998, dOy= -12.007, dOz= -21.901  (mm)
  Object offset: offset_x=   0.002, offset_z=  -0.000  (mm)
  Detector : dDx=   0.000, dDy=   0.000, dDz=   0.000  (mm)
  Obj Stage rotY :   15.001 deg
============================================================

Unity geometry (world coordinates):
  Source   : x= -10.000, y=  55.000, z=   0.000
  Object   : x=   0.002, y=  29.993, z= 560.099
  Detector : x=   8.000, y=  20.000, z= 760.000
  Obj rotY :   0.0000 deg
view   0 | SOD= 560.746 mm | SDD= 761.018 mm | M= 1.357 | incident=2.9645°
[[ 135.3111     -543.6003      -25.007154  ]
 [ -44.01855     195.15874       9.992846  ]
 [   0.14450178    0.03872203    0.        ]
 [   0.            0.            0.1496    ]]
            x1        y1  area1         x2       y2  area2         x3        y3  area3          x4         y4  area4          x5        y5  area5          x6         y6  area6
range  328.728  1.261251  117.0  245.25598  3.90136  102.0  181.26375  6.424759   64.0  311.127558  16.694691  120.0  132.506814  9.375908   50.0  328.704007  30.351252   84.0
FAILURE!!!! Some beads might have been misidentified
               x1        y1  area1         x2        y2  area2          x3        y3  area3          x4       y4  area4          x5        y5  area5          x6         y6  area6
range  328.743645  1.221406  118.0  245.21298  3.906664  108.0  181.160744  6.452815   62.0  311.066428  16.6627  117.0  132.513212  9.384407   54.0  328.750035  30.401968   93.0
FAILURE!!!! Some beads might have been misidentified
               x1       y1  area1          x2        y2  area2          x3        y3  area3          x4         y4  area4          x5        y5  area5          x6         y6  area6
range  328.819117  1.28803  113.0  245.291004  3.891861  108.0  181.161559  6.295826   63.0  311.065304  16.802588  124.0  132.623754  9.365944   49.0  328.642138  30.333369   84.0
FAILURE!!!! Some beads might have been misidentified
               x1        y1  area1          x2        y2  area2          x3        y3  area3          x4         y4  area4          x5        y5  area5          x6         y6  area6
range  328.779613  1.258565  117.0  245.224129  3.832817  108.0  181.315155  6.416955   66.0  311.091163  16.770315  124.0  132.467278  9.430017   49.0  328.703154  30.415203   81.0
FAILURE!!!! Some beads might have been misidentified
               x1        y1  area1          x2        y2  area2          x3        y3  area3         x4         y4  area4          x5        y5  area5          x6         y6  area6
range  328.736817  1.167212  116.0  245.217933  3.906825  104.0  181.233523  6.413679   65.0  311.02809  16.626611  121.0  132.591542  9.401894   53.0  328.769678  30.413518   88.0
FAILURE!!!! Some beads might have been misidentified
            x1        y1  area1          x2       y2  area2         x3        y3  area3          x4         y4  area4          x5        y5  area5         x6         y6  area6
range  328.728  1.261251  117.0  245.242291  3.90136  102.0  181.26375  6.424759   64.0  311.120887  16.713375  121.0  132.494593  9.375908   50.0  328.68154  30.374171   84.0
FAILURE!!!! Some beads might have been misidentified
               x1        y1  area1         x2       y2  area2          x3        y3  area3          x4         y4  area4          x5        y5  area5          x6         y6  area6
range  328.754576  1.261251  117.0  245.25598  3.90136  102.0  181.247646  6.401695   65.0  311.147834  16.694691  120.0  132.506814  9.377134   50.0  328.709643  30.389524   85.0
FAILURE!!!! Some beads might have been misidentified
               x1        y1  area1          x2       y2  area2          x3        y3  area3          x4        y4  area4          x5        y5  area5          x6         y6  area6
range  328.697958  1.303704  116.0  245.236463  3.88385  107.0  181.267549  6.409947   64.0  311.127558  16.73214  122.0  132.573393  9.359576   50.0  328.704007  30.420941   85.0
FAILURE!!!! Some beads might have been misidentified
               x1       y1  area1          x2        y2  area2          x3        y3  area3          x4         y4  area4          x5        y5  area5          x6         y6  area6
range  328.763026  1.25879  115.0  245.227466  3.894065  109.0  181.247646  6.452225   64.0  311.147834  16.720643  113.0  132.572756  9.406383   49.0  328.703045  30.379529   90.0
FAILURE!!!! Some beads might have been misidentified
               x1        y1  area1         x2        y2  area2          x3        y3  area3          x4         y4  area4          x5        y5  area5          x6         y6  area6
range  328.808925  1.228221  114.0  245.15733  3.899021  115.0  181.213843  6.373189   62.0  311.157607  16.752482  116.0  132.754125  9.350656   53.0  328.731191  30.387967   90.0
FAILURE!!!! Some beads might have been misidentified
               x1        y1  area1          x2        y2  area2          x3        y3  area3          x4         y4  area4          x5        y5  area5          x6         y6  area6
range  328.697958  1.281215  116.0  245.377505  3.890498  100.0  181.327243  6.473634   62.0  311.037371  16.724656  114.0  132.382841  9.431731   48.0  328.670615  30.347371   94.0
FAILURE!!!! Some beads might have been misidentified
               x1        y1  area1          x2        y2  area2          x3        y3  area3          x4         y4  area4          x5        y5  area5          x6         y6  area6
range  328.915976  1.261251  115.0  245.281782  3.904273  107.0  180.904103  6.473634   64.0  310.882594  16.775594  115.0  132.506814  9.367104   52.0  328.777683  30.351252   91.0
FAILURE!!!! Some beads might have been misidentified
               x1        y1  area1          x2        y2  area2        x3        y3  area3          x4         y4  area4          x5        y5  area5          x6         y6  area6
range  328.646786  1.261251  120.0  245.186997  3.885553  101.0  181.4183  6.404911   63.0  311.253396  16.720643  115.0  132.494593  9.383247   52.0  328.627454  30.412443   90.0
FAILURE!!!! Some beads might have been misidentified
Residual vector length: 270, Jacobian shape: (270, 6)
view   0 | SOD= 560.740 mm | SDD= 761.018 mm | M= 1.357 | incident=2.9645°
[[ 135.29077    -543.59906     -25.00666   ]
 [ -44.014175    195.16595       9.99334   ]
 [   0.14450307    0.0387172     0.        ]
 [   0.            0.            0.1496    ]]
               x1        y1  area1          x2       y2  area2          x3        y3  area3          x4         y4  area4          x5        y5  area5          x6         y6  area6
range  328.808925  1.275155  118.0  245.242291  3.90547  109.0  181.233609  6.401695   65.0  311.099037  16.731494  122.0  132.601337  9.350656   51.0  328.709643  30.369851   84.0
FAILURE!!!! Some beads might have been misidentified

iter 35 cost=0.960426 -> 0.989449 |dtheta|=8.667016e-03  lambda=1.562e-02

============================================================
Iteration 36
============================================================
Theta offsets (Unity frame):
  Source   : dSx=   0.000, dSy=   0.000, dSz=   0.000  (mm)
  Object   : dOx= -14.998, dOy= -12.007, dOz= -21.901  (mm)
  Object offset: offset_x=   0.002, offset_z=  -0.000  (mm)
  Detector : dDx=   0.000, dDy=   0.000, dDz=   0.000  (mm)
  Obj Stage rotY :   15.001 deg
============================================================

Unity geometry (world coordinates):
  Source   : x= -10.000, y=  55.000, z=   0.000
  Object   : x=   0.002, y=  29.993, z= 560.099
  Detector : x=   8.000, y=  20.000, z= 760.000
  Obj rotY :   0.0000 deg
view   0 | SOD= 560.746 mm | SDD= 761.018 mm | M= 1.357 | incident=2.9645°
[[ 135.3111     -543.6003      -25.007154  ]
 [ -44.01855     195.15874       9.992846  ]
 [   0.14450178    0.03872203    0.        ]
 [   0.            0.            0.1496    ]]
            x1        y1  area1         x2       y2  area2         x3        y3  area3          x4         y4  area4          x5        y5  area5          x6         y6  area6
range  328.728  1.261251  117.0  245.25598  3.90136  102.0  181.26375  6.424759   64.0  311.127558  16.694691  120.0  132.506814  9.375908   50.0  328.704007  30.351252   84.0
FAILURE!!!! Some beads might have been misidentified
               x1        y1  area1         x2        y2  area2          x3        y3  area3          x4       y4  area4          x5        y5  area5          x6         y6  area6
range  328.743645  1.221406  118.0  245.21298  3.906664  108.0  181.160744  6.452815   62.0  311.066428  16.6627  117.0  132.513212  9.384407   54.0  328.750035  30.401968   93.0
FAILURE!!!! Some beads might have been misidentified
               x1       y1  area1          x2        y2  area2          x3        y3  area3          x4         y4  area4          x5        y5  area5          x6         y6  area6
range  328.819117  1.28803  113.0  245.291004  3.891861  108.0  181.161559  6.295826   63.0  311.065304  16.802588  124.0  132.623754  9.365944   49.0  328.642138  30.333369   84.0
FAILURE!!!! Some beads might have been misidentified
               x1        y1  area1          x2        y2  area2          x3        y3  area3          x4         y4  area4          x5        y5  area5          x6         y6  area6
range  328.779613  1.258565  117.0  245.224129  3.832817  108.0  181.315155  6.416955   66.0  311.091163  16.770315  124.0  132.467278  9.430017   49.0  328.703154  30.415203   81.0
FAILURE!!!! Some beads might have been misidentified
               x1        y1  area1          x2        y2  area2          x3        y3  area3         x4         y4  area4          x5        y5  area5          x6         y6  area6
range  328.736817  1.167212  116.0  245.217933  3.906825  104.0  181.233523  6.413679   65.0  311.02809  16.626611  121.0  132.591542  9.401894   53.0  328.769678  30.413518   88.0
FAILURE!!!! Some beads might have been misidentified
            x1        y1  area1          x2       y2  area2         x3        y3  area3          x4         y4  area4          x5        y5  area5         x6         y6  area6
range  328.728  1.261251  117.0  245.242291  3.90136  102.0  181.26375  6.424759   64.0  311.120887  16.713375  121.0  132.494593  9.375908   50.0  328.68154  30.374171   84.0
FAILURE!!!! Some beads might have been misidentified
               x1        y1  area1         x2       y2  area2          x3        y3  area3          x4         y4  area4          x5        y5  area5          x6         y6  area6
range  328.754576  1.261251  117.0  245.25598  3.90136  102.0  181.247646  6.401695   65.0  311.147834  16.694691  120.0  132.506814  9.377134   50.0  328.709643  30.389524   85.0
FAILURE!!!! Some beads might have been misidentified
               x1        y1  area1          x2       y2  area2          x3        y3  area3          x4        y4  area4          x5        y5  area5          x6         y6  area6
range  328.697958  1.303704  116.0  245.236463  3.88385  107.0  181.267549  6.409947   64.0  311.127558  16.73214  122.0  132.573393  9.359576   50.0  328.704007  30.420941   85.0
FAILURE!!!! Some beads might have been misidentified
               x1       y1  area1          x2        y2  area2          x3        y3  area3          x4         y4  area4          x5        y5  area5          x6         y6  area6
range  328.763026  1.25879  115.0  245.227466  3.894065  109.0  181.247646  6.452225   64.0  311.147834  16.720643  113.0  132.572756  9.406383   49.0  328.703045  30.379529   90.0
FAILURE!!!! Some beads might have been misidentified
               x1        y1  area1         x2        y2  area2          x3        y3  area3          x4         y4  area4          x5        y5  area5          x6         y6  area6
range  328.808925  1.228221  114.0  245.15733  3.899021  115.0  181.213843  6.373189   62.0  311.157607  16.752482  116.0  132.754125  9.350656   53.0  328.731191  30.387967   90.0
FAILURE!!!! Some beads might have been misidentified
               x1        y1  area1          x2        y2  area2          x3        y3  area3          x4         y4  area4          x5        y5  area5          x6         y6  area6
range  328.697958  1.281215  116.0  245.377505  3.890498  100.0  181.327243  6.473634   62.0  311.037371  16.724656  114.0  132.382841  9.431731   48.0  328.670615  30.347371   94.0
FAILURE!!!! Some beads might have been misidentified
               x1        y1  area1          x2        y2  area2          x3        y3  area3          x4         y4  area4          x5        y5  area5          x6         y6  area6
range  328.915976  1.261251  115.0  245.281782  3.904273  107.0  180.904103  6.473634   64.0  310.882594  16.775594  115.0  132.506814  9.367104   52.0  328.777683  30.351252   91.0
FAILURE!!!! Some beads might have been misidentified
               x1        y1  area1          x2        y2  area2        x3        y3  area3          x4         y4  area4          x5        y5  area5          x6         y6  area6
range  328.646786  1.261251  120.0  245.186997  3.885553  101.0  181.4183  6.404911   63.0  311.253396  16.720643  115.0  132.494593  9.383247   52.0  328.627454  30.412443   90.0
FAILURE!!!! Some beads might have been misidentified
Residual vector length: 270, Jacobian shape: (270, 6)
view   0 | SOD= 560.740 mm | SDD= 761.018 mm | M= 1.357 | incident=2.9645°
[[ 135.29077    -543.59906     -25.00666   ]
 [ -44.014175    195.16595       9.99334   ]
 [   0.14450307    0.0387172     0.        ]
 [   0.            0.            0.1496    ]]
               x1        y1  area1          x2       y2  area2          x3        y3  area3          x4         y4  area4          x5        y5  area5          x6         y6  area6
range  328.808925  1.275155  118.0  245.242291  3.90547  109.0  181.233609  6.401695   65.0  311.099037  16.731494  122.0  132.601337  9.350656   51.0  328.709643  30.369851   84.0
FAILURE!!!! Some beads might have been misidentified

iter 36 cost=0.960426 -> 0.989449 |dtheta|=8.664636e-03  lambda=7.812e-02

============================================================
Iteration 37
============================================================
Theta offsets (Unity frame):
  Source   : dSx=   0.000, dSy=   0.000, dSz=   0.000  (mm)
  Object   : dOx= -14.998, dOy= -12.007, dOz= -21.901  (mm)
  Object offset: offset_x=   0.002, offset_z=  -0.000  (mm)
  Detector : dDx=   0.000, dDy=   0.000, dDz=   0.000  (mm)
  Obj Stage rotY :   15.001 deg
============================================================

Unity geometry (world coordinates):
  Source   : x= -10.000, y=  55.000, z=   0.000
  Object   : x=   0.002, y=  29.993, z= 560.099
  Detector : x=   8.000, y=  20.000, z= 760.000
  Obj rotY :   0.0000 deg
view   0 | SOD= 560.746 mm | SDD= 761.018 mm | M= 1.357 | incident=2.9645°
[[ 135.3111     -543.6003      -25.007154  ]
 [ -44.01855     195.15874       9.992846  ]
 [   0.14450178    0.03872203    0.        ]
 [   0.            0.            0.1496    ]]
            x1        y1  area1         x2       y2  area2         x3        y3  area3          x4         y4  area4          x5        y5  area5          x6         y6  area6
range  328.728  1.261251  117.0  245.25598  3.90136  102.0  181.26375  6.424759   64.0  311.127558  16.694691  120.0  132.506814  9.375908   50.0  328.704007  30.351252   84.0
FAILURE!!!! Some beads might have been misidentified
               x1        y1  area1         x2        y2  area2          x3        y3  area3          x4       y4  area4          x5        y5  area5          x6         y6  area6
range  328.743645  1.221406  118.0  245.21298  3.906664  108.0  181.160744  6.452815   62.0  311.066428  16.6627  117.0  132.513212  9.384407   54.0  328.750035  30.401968   93.0
FAILURE!!!! Some beads might have been misidentified
               x1       y1  area1          x2        y2  area2          x3        y3  area3          x4         y4  area4          x5        y5  area5          x6         y6  area6
range  328.819117  1.28803  113.0  245.291004  3.891861  108.0  181.161559  6.295826   63.0  311.065304  16.802588  124.0  132.623754  9.365944   49.0  328.642138  30.333369   84.0
FAILURE!!!! Some beads might have been misidentified
               x1        y1  area1          x2        y2  area2          x3        y3  area3          x4         y4  area4          x5        y5  area5          x6         y6  area6
range  328.779613  1.258565  117.0  245.224129  3.832817  108.0  181.315155  6.416955   66.0  311.091163  16.770315  124.0  132.467278  9.430017   49.0  328.703154  30.415203   81.0
FAILURE!!!! Some beads might have been misidentified
               x1        y1  area1          x2        y2  area2          x3        y3  area3         x4         y4  area4          x5        y5  area5          x6         y6  area6
range  328.736817  1.167212  116.0  245.217933  3.906825  104.0  181.233523  6.413679   65.0  311.02809  16.626611  121.0  132.591542  9.401894   53.0  328.769678  30.413518   88.0
FAILURE!!!! Some beads might have been misidentified
            x1        y1  area1          x2       y2  area2         x3        y3  area3          x4         y4  area4          x5        y5  area5         x6         y6  area6
range  328.728  1.261251  117.0  245.242291  3.90136  102.0  181.26375  6.424759   64.0  311.120887  16.713375  121.0  132.494593  9.375908   50.0  328.68154  30.374171   84.0
FAILURE!!!! Some beads might have been misidentified
               x1        y1  area1         x2       y2  area2          x3        y3  area3          x4         y4  area4          x5        y5  area5          x6         y6  area6
range  328.754576  1.261251  117.0  245.25598  3.90136  102.0  181.247646  6.401695   65.0  311.147834  16.694691  120.0  132.506814  9.377134   50.0  328.709643  30.389524   85.0
FAILURE!!!! Some beads might have been misidentified
               x1        y1  area1          x2       y2  area2          x3        y3  area3          x4        y4  area4          x5        y5  area5          x6         y6  area6
range  328.697958  1.303704  116.0  245.236463  3.88385  107.0  181.267549  6.409947   64.0  311.127558  16.73214  122.0  132.573393  9.359576   50.0  328.704007  30.420941   85.0
FAILURE!!!! Some beads might have been misidentified
               x1       y1  area1          x2        y2  area2          x3        y3  area3          x4         y4  area4          x5        y5  area5          x6         y6  area6
range  328.763026  1.25879  115.0  245.227466  3.894065  109.0  181.247646  6.452225   64.0  311.147834  16.720643  113.0  132.572756  9.406383   49.0  328.703045  30.379529   90.0
FAILURE!!!! Some beads might have been misidentified
               x1        y1  area1         x2        y2  area2          x3        y3  area3          x4         y4  area4          x5        y5  area5          x6         y6  area6
range  328.808925  1.228221  114.0  245.15733  3.899021  115.0  181.213843  6.373189   62.0  311.157607  16.752482  116.0  132.754125  9.350656   53.0  328.731191  30.387967   90.0
FAILURE!!!! Some beads might have been misidentified
               x1        y1  area1          x2        y2  area2          x3        y3  area3          x4         y4  area4          x5        y5  area5          x6         y6  area6
range  328.697958  1.281215  116.0  245.377505  3.890498  100.0  181.327243  6.473634   62.0  311.037371  16.724656  114.0  132.382841  9.431731   48.0  328.670615  30.347371   94.0
FAILURE!!!! Some beads might have been misidentified
               x1        y1  area1          x2        y2  area2          x3        y3  area3          x4         y4  area4          x5        y5  area5          x6         y6  area6
range  328.915976  1.261251  115.0  245.281782  3.904273  107.0  180.904103  6.473634   64.0  310.882594  16.775594  115.0  132.506814  9.367104   52.0  328.777683  30.351252   91.0
FAILURE!!!! Some beads might have been misidentified
               x1        y1  area1          x2        y2  area2        x3        y3  area3          x4         y4  area4          x5        y5  area5          x6         y6  area6
range  328.646786  1.261251  120.0  245.186997  3.885553  101.0  181.4183  6.404911   63.0  311.253396  16.720643  115.0  132.494593  9.383247   52.0  328.627454  30.412443   90.0
FAILURE!!!! Some beads might have been misidentified
Residual vector length: 270, Jacobian shape: (270, 6)
view   0 | SOD= 560.740 mm | SDD= 761.018 mm | M= 1.357 | incident=2.9645°
[[ 135.29077    -543.59906     -25.00666   ]
 [ -44.014175    195.16595       9.99334   ]
 [   0.14450307    0.03871721    0.        ]
 [   0.            0.            0.1496    ]]
               x1        y1  area1          x2       y2  area2          x3        y3  area3          x4         y4  area4          x5        y5  area5          x6         y6  area6
range  328.808925  1.275155  118.0  245.242291  3.90547  109.0  181.233609  6.401695   65.0  311.099037  16.731494  122.0  132.601337  9.350656   51.0  328.709643  30.369851   84.0
FAILURE!!!! Some beads might have been misidentified

iter 37 cost=0.960426 -> 0.989449 |dtheta|=8.652764e-03  lambda=3.906e-01

============================================================
Iteration 38
============================================================
Theta offsets (Unity frame):
  Source   : dSx=   0.000, dSy=   0.000, dSz=   0.000  (mm)
  Object   : dOx= -14.998, dOy= -12.007, dOz= -21.901  (mm)
  Object offset: offset_x=   0.002, offset_z=  -0.000  (mm)
  Detector : dDx=   0.000, dDy=   0.000, dDz=   0.000  (mm)
  Obj Stage rotY :   15.001 deg
============================================================

Unity geometry (world coordinates):
  Source   : x= -10.000, y=  55.000, z=   0.000
  Object   : x=   0.002, y=  29.993, z= 560.099
  Detector : x=   8.000, y=  20.000, z= 760.000
  Obj rotY :   0.0000 deg
view   0 | SOD= 560.746 mm | SDD= 761.018 mm | M= 1.357 | incident=2.9645°
[[ 135.3111     -543.6003      -25.007154  ]
 [ -44.01855     195.15874       9.992846  ]
 [   0.14450178    0.03872203    0.        ]
 [   0.            0.            0.1496    ]]
            x1        y1  area1         x2       y2  area2         x3        y3  area3          x4         y4  area4          x5        y5  area5          x6         y6  area6
range  328.728  1.261251  117.0  245.25598  3.90136  102.0  181.26375  6.424759   64.0  311.127558  16.694691  120.0  132.506814  9.375908   50.0  328.704007  30.351252   84.0
FAILURE!!!! Some beads might have been misidentified
               x1        y1  area1         x2        y2  area2          x3        y3  area3          x4       y4  area4          x5        y5  area5          x6         y6  area6
range  328.743645  1.221406  118.0  245.21298  3.906664  108.0  181.160744  6.452815   62.0  311.066428  16.6627  117.0  132.513212  9.384407   54.0  328.750035  30.401968   93.0
FAILURE!!!! Some beads might have been misidentified
               x1       y1  area1          x2        y2  area2          x3        y3  area3          x4         y4  area4          x5        y5  area5          x6         y6  area6
range  328.819117  1.28803  113.0  245.291004  3.891861  108.0  181.161559  6.295826   63.0  311.065304  16.802588  124.0  132.623754  9.365944   49.0  328.642138  30.333369   84.0
FAILURE!!!! Some beads might have been misidentified
               x1        y1  area1          x2        y2  area2          x3        y3  area3          x4         y4  area4          x5        y5  area5          x6         y6  area6
range  328.779613  1.258565  117.0  245.224129  3.832817  108.0  181.315155  6.416955   66.0  311.091163  16.770315  124.0  132.467278  9.430017   49.0  328.703154  30.415203   81.0
FAILURE!!!! Some beads might have been misidentified
               x1        y1  area1          x2        y2  area2          x3        y3  area3         x4         y4  area4          x5        y5  area5          x6         y6  area6
range  328.736817  1.167212  116.0  245.217933  3.906825  104.0  181.233523  6.413679   65.0  311.02809  16.626611  121.0  132.591542  9.401894   53.0  328.769678  30.413518   88.0
FAILURE!!!! Some beads might have been misidentified
            x1        y1  area1          x2       y2  area2         x3        y3  area3          x4         y4  area4          x5        y5  area5         x6         y6  area6
range  328.728  1.261251  117.0  245.242291  3.90136  102.0  181.26375  6.424759   64.0  311.120887  16.713375  121.0  132.494593  9.375908   50.0  328.68154  30.374171   84.0
FAILURE!!!! Some beads might have been misidentified
               x1        y1  area1         x2       y2  area2          x3        y3  area3          x4         y4  area4          x5        y5  area5          x6         y6  area6
range  328.754576  1.261251  117.0  245.25598  3.90136  102.0  181.247646  6.401695   65.0  311.147834  16.694691  120.0  132.506814  9.377134   50.0  328.709643  30.389524   85.0
FAILURE!!!! Some beads might have been misidentified
               x1        y1  area1          x2       y2  area2          x3        y3  area3          x4        y4  area4          x5        y5  area5          x6         y6  area6
range  328.697958  1.303704  116.0  245.236463  3.88385  107.0  181.267549  6.409947   64.0  311.127558  16.73214  122.0  132.573393  9.359576   50.0  328.704007  30.420941   85.0
FAILURE!!!! Some beads might have been misidentified
               x1       y1  area1          x2        y2  area2          x3        y3  area3          x4         y4  area4          x5        y5  area5          x6         y6  area6
range  328.763026  1.25879  115.0  245.227466  3.894065  109.0  181.247646  6.452225   64.0  311.147834  16.720643  113.0  132.572756  9.406383   49.0  328.703045  30.379529   90.0
FAILURE!!!! Some beads might have been misidentified
               x1        y1  area1         x2        y2  area2          x3        y3  area3          x4         y4  area4          x5        y5  area5          x6         y6  area6
range  328.808925  1.228221  114.0  245.15733  3.899021  115.0  181.213843  6.373189   62.0  311.157607  16.752482  116.0  132.754125  9.350656   53.0  328.731191  30.387967   90.0
FAILURE!!!! Some beads might have been misidentified
               x1        y1  area1          x2        y2  area2          x3        y3  area3          x4         y4  area4          x5        y5  area5          x6         y6  area6
range  328.697958  1.281215  116.0  245.377505  3.890498  100.0  181.327243  6.473634   62.0  311.037371  16.724656  114.0  132.382841  9.431731   48.0  328.670615  30.347371   94.0
FAILURE!!!! Some beads might have been misidentified
               x1        y1  area1          x2        y2  area2          x3        y3  area3          x4         y4  area4          x5        y5  area5          x6         y6  area6
range  328.915976  1.261251  115.0  245.281782  3.904273  107.0  180.904103  6.473634   64.0  310.882594  16.775594  115.0  132.506814  9.367104   52.0  328.777683  30.351252   91.0
FAILURE!!!! Some beads might have been misidentified
               x1        y1  area1          x2        y2  area2        x3        y3  area3          x4         y4  area4          x5        y5  area5          x6         y6  area6
range  328.646786  1.261251  120.0  245.186997  3.885553  101.0  181.4183  6.404911   63.0  311.253396  16.720643  115.0  132.494593  9.383247   52.0  328.627454  30.412443   90.0
FAILURE!!!! Some beads might have been misidentified
Residual vector length: 270, Jacobian shape: (270, 6)
view   0 | SOD= 560.740 mm | SDD= 761.018 mm | M= 1.357 | incident=2.9645°
[[ 135.2908     -543.5991      -25.006664  ]
 [ -44.014164    195.1659        9.993336  ]
 [   0.14450307    0.03871721    0.        ]
 [   0.            0.            0.1496    ]]
               x1        y1  area1          x2       y2  area2          x3        y3  area3          x4         y4  area4          x5        y5  area5          x6         y6  area6
range  328.808925  1.275155  118.0  245.242291  3.90547  109.0  181.233609  6.401695   65.0  311.099037  16.731494  122.0  132.601337  9.350656   51.0  328.709643  30.369851   84.0
FAILURE!!!! Some beads might have been misidentified

iter 38 cost=0.960426 -> 0.989449 |dtheta|=8.593980e-03  lambda=1.953e+00

============================================================
Iteration 39
============================================================
Theta offsets (Unity frame):
  Source   : dSx=   0.000, dSy=   0.000, dSz=   0.000  (mm)
  Object   : dOx= -14.998, dOy= -12.007, dOz= -21.901  (mm)
  Object offset: offset_x=   0.002, offset_z=  -0.000  (mm)
  Detector : dDx=   0.000, dDy=   0.000, dDz=   0.000  (mm)
  Obj Stage rotY :   15.001 deg
============================================================

Unity geometry (world coordinates):
  Source   : x= -10.000, y=  55.000, z=   0.000
  Object   : x=   0.002, y=  29.993, z= 560.099
  Detector : x=   8.000, y=  20.000, z= 760.000
  Obj rotY :   0.0000 deg
view   0 | SOD= 560.746 mm | SDD= 761.018 mm | M= 1.357 | incident=2.9645°
[[ 135.3111     -543.6003      -25.007154  ]
 [ -44.01855     195.15874       9.992846  ]
 [   0.14450178    0.03872203    0.        ]
 [   0.            0.            0.1496    ]]
            x1        y1  area1         x2       y2  area2         x3        y3  area3          x4         y4  area4          x5        y5  area5          x6         y6  area6
range  328.728  1.261251  117.0  245.25598  3.90136  102.0  181.26375  6.424759   64.0  311.127558  16.694691  120.0  132.506814  9.375908   50.0  328.704007  30.351252   84.0
FAILURE!!!! Some beads might have been misidentified
               x1        y1  area1         x2        y2  area2          x3        y3  area3          x4       y4  area4          x5        y5  area5          x6         y6  area6
range  328.743645  1.221406  118.0  245.21298  3.906664  108.0  181.160744  6.452815   62.0  311.066428  16.6627  117.0  132.513212  9.384407   54.0  328.750035  30.401968   93.0
FAILURE!!!! Some beads might have been misidentified
               x1       y1  area1          x2        y2  area2          x3        y3  area3          x4         y4  area4          x5        y5  area5          x6         y6  area6
range  328.819117  1.28803  113.0  245.291004  3.891861  108.0  181.161559  6.295826   63.0  311.065304  16.802588  124.0  132.623754  9.365944   49.0  328.642138  30.333369   84.0
FAILURE!!!! Some beads might have been misidentified
               x1        y1  area1          x2        y2  area2          x3        y3  area3          x4         y4  area4          x5        y5  area5          x6         y6  area6
range  328.779613  1.258565  117.0  245.224129  3.832817  108.0  181.315155  6.416955   66.0  311.091163  16.770315  124.0  132.467278  9.430017   49.0  328.703154  30.415203   81.0
FAILURE!!!! Some beads might have been misidentified
               x1        y1  area1          x2        y2  area2          x3        y3  area3         x4         y4  area4          x5        y5  area5          x6         y6  area6
range  328.736817  1.167212  116.0  245.217933  3.906825  104.0  181.233523  6.413679   65.0  311.02809  16.626611  121.0  132.591542  9.401894   53.0  328.769678  30.413518   88.0
FAILURE!!!! Some beads might have been misidentified
            x1        y1  area1          x2       y2  area2         x3        y3  area3          x4         y4  area4          x5        y5  area5         x6         y6  area6
range  328.728  1.261251  117.0  245.242291  3.90136  102.0  181.26375  6.424759   64.0  311.120887  16.713375  121.0  132.494593  9.375908   50.0  328.68154  30.374171   84.0
FAILURE!!!! Some beads might have been misidentified
               x1        y1  area1         x2       y2  area2          x3        y3  area3          x4         y4  area4          x5        y5  area5          x6         y6  area6
range  328.754576  1.261251  117.0  245.25598  3.90136  102.0  181.247646  6.401695   65.0  311.147834  16.694691  120.0  132.506814  9.377134   50.0  328.709643  30.389524   85.0
FAILURE!!!! Some beads might have been misidentified
               x1        y1  area1          x2       y2  area2          x3        y3  area3          x4        y4  area4          x5        y5  area5          x6         y6  area6
range  328.697958  1.303704  116.0  245.236463  3.88385  107.0  181.267549  6.409947   64.0  311.127558  16.73214  122.0  132.573393  9.359576   50.0  328.704007  30.420941   85.0
FAILURE!!!! Some beads might have been misidentified
               x1       y1  area1          x2        y2  area2          x3        y3  area3          x4         y4  area4          x5        y5  area5          x6         y6  area6
range  328.763026  1.25879  115.0  245.227466  3.894065  109.0  181.247646  6.452225   64.0  311.147834  16.720643  113.0  132.572756  9.406383   49.0  328.703045  30.379529   90.0
FAILURE!!!! Some beads might have been misidentified
               x1        y1  area1         x2        y2  area2          x3        y3  area3          x4         y4  area4          x5        y5  area5          x6         y6  area6
range  328.808925  1.228221  114.0  245.15733  3.899021  115.0  181.213843  6.373189   62.0  311.157607  16.752482  116.0  132.754125  9.350656   53.0  328.731191  30.387967   90.0
FAILURE!!!! Some beads might have been misidentified
               x1        y1  area1          x2        y2  area2          x3        y3  area3          x4         y4  area4          x5        y5  area5          x6         y6  area6
range  328.697958  1.281215  116.0  245.377505  3.890498  100.0  181.327243  6.473634   62.0  311.037371  16.724656  114.0  132.382841  9.431731   48.0  328.670615  30.347371   94.0
FAILURE!!!! Some beads might have been misidentified
               x1        y1  area1          x2        y2  area2          x3        y3  area3          x4         y4  area4          x5        y5  area5          x6         y6  area6
range  328.915976  1.261251  115.0  245.281782  3.904273  107.0  180.904103  6.473634   64.0  310.882594  16.775594  115.0  132.506814  9.367104   52.0  328.777683  30.351252   91.0
FAILURE!!!! Some beads might have been misidentified
               x1        y1  area1          x2        y2  area2        x3        y3  area3          x4         y4  area4          x5        y5  area5          x6         y6  area6
range  328.646786  1.261251  120.0  245.186997  3.885553  101.0  181.4183  6.404911   63.0  311.253396  16.720643  115.0  132.494593  9.383247   52.0  328.627454  30.412443   90.0
FAILURE!!!! Some beads might have been misidentified
Residual vector length: 270, Jacobian shape: (270, 6)
view   0 | SOD= 560.740 mm | SDD= 761.018 mm | M= 1.357 | incident=2.9645°
[[ 135.29094    -543.5994      -25.006683  ]
 [ -44.014107    195.16559       9.993317  ]
 [   0.14450307    0.03871722    0.        ]
 [   0.            0.            0.1496    ]]
               x1        y1  area1          x2       y2  area2          x3        y3  area3          x4         y4  area4          x5        y5  area5          x6         y6  area6
range  328.808925  1.275155  118.0  245.242291  3.90547  109.0  181.233609  6.401695   65.0  311.099037  16.731494  122.0  132.601337  9.350656   51.0  328.709643  30.369851   84.0
FAILURE!!!! Some beads might have been misidentified

iter 39 cost=0.960426 -> 0.989449 |dtheta|=8.313776e-03  lambda=9.766e+00

============================================================
Iteration 40
============================================================
Theta offsets (Unity frame):
  Source   : dSx=   0.000, dSy=   0.000, dSz=   0.000  (mm)
  Object   : dOx= -14.998, dOy= -12.007, dOz= -21.901  (mm)
  Object offset: offset_x=   0.002, offset_z=  -0.000  (mm)
  Detector : dDx=   0.000, dDy=   0.000, dDz=   0.000  (mm)
  Obj Stage rotY :   15.001 deg
============================================================

Unity geometry (world coordinates):
  Source   : x= -10.000, y=  55.000, z=   0.000
  Object   : x=   0.002, y=  29.993, z= 560.099
  Detector : x=   8.000, y=  20.000, z= 760.000
  Obj rotY :   0.0000 deg
view   0 | SOD= 560.746 mm | SDD= 761.018 mm | M= 1.357 | incident=2.9645°
[[ 135.3111     -543.6003      -25.007154  ]
 [ -44.01855     195.15874       9.992846  ]
 [   0.14450178    0.03872203    0.        ]
 [   0.            0.            0.1496    ]]
            x1        y1  area1         x2       y2  area2         x3        y3  area3          x4         y4  area4          x5        y5  area5          x6         y6  area6
range  328.728  1.261251  117.0  245.25598  3.90136  102.0  181.26375  6.424759   64.0  311.127558  16.694691  120.0  132.506814  9.375908   50.0  328.704007  30.351252   84.0
FAILURE!!!! Some beads might have been misidentified
               x1        y1  area1         x2        y2  area2          x3        y3  area3          x4       y4  area4          x5        y5  area5          x6         y6  area6
range  328.743645  1.221406  118.0  245.21298  3.906664  108.0  181.160744  6.452815   62.0  311.066428  16.6627  117.0  132.513212  9.384407   54.0  328.750035  30.401968   93.0
FAILURE!!!! Some beads might have been misidentified
               x1       y1  area1          x2        y2  area2          x3        y3  area3          x4         y4  area4          x5        y5  area5          x6         y6  area6
range  328.819117  1.28803  113.0  245.291004  3.891861  108.0  181.161559  6.295826   63.0  311.065304  16.802588  124.0  132.623754  9.365944   49.0  328.642138  30.333369   84.0
FAILURE!!!! Some beads might have been misidentified
               x1        y1  area1          x2        y2  area2          x3        y3  area3          x4         y4  area4          x5        y5  area5          x6         y6  area6
range  328.779613  1.258565  117.0  245.224129  3.832817  108.0  181.315155  6.416955   66.0  311.091163  16.770315  124.0  132.467278  9.430017   49.0  328.703154  30.415203   81.0
FAILURE!!!! Some beads might have been misidentified
               x1        y1  area1          x2        y2  area2          x3        y3  area3         x4         y4  area4          x5        y5  area5          x6         y6  area6
range  328.736817  1.167212  116.0  245.217933  3.906825  104.0  181.233523  6.413679   65.0  311.02809  16.626611  121.0  132.591542  9.401894   53.0  328.769678  30.413518   88.0
FAILURE!!!! Some beads might have been misidentified
            x1        y1  area1          x2       y2  area2         x3        y3  area3          x4         y4  area4          x5        y5  area5         x6         y6  area6
range  328.728  1.261251  117.0  245.242291  3.90136  102.0  181.26375  6.424759   64.0  311.120887  16.713375  121.0  132.494593  9.375908   50.0  328.68154  30.374171   84.0
FAILURE!!!! Some beads might have been misidentified
               x1        y1  area1         x2       y2  area2          x3        y3  area3          x4         y4  area4          x5        y5  area5          x6         y6  area6
range  328.754576  1.261251  117.0  245.25598  3.90136  102.0  181.247646  6.401695   65.0  311.147834  16.694691  120.0  132.506814  9.377134   50.0  328.709643  30.389524   85.0
FAILURE!!!! Some beads might have been misidentified
               x1        y1  area1          x2       y2  area2          x3        y3  area3          x4        y4  area4          x5        y5  area5          x6         y6  area6
range  328.697958  1.303704  116.0  245.236463  3.88385  107.0  181.267549  6.409947   64.0  311.127558  16.73214  122.0  132.573393  9.359576   50.0  328.704007  30.420941   85.0
FAILURE!!!! Some beads might have been misidentified
               x1       y1  area1          x2        y2  area2          x3        y3  area3          x4         y4  area4          x5        y5  area5          x6         y6  area6
range  328.763026  1.25879  115.0  245.227466  3.894065  109.0  181.247646  6.452225   64.0  311.147834  16.720643  113.0  132.572756  9.406383   49.0  328.703045  30.379529   90.0
FAILURE!!!! Some beads might have been misidentified
               x1        y1  area1         x2        y2  area2          x3        y3  area3          x4         y4  area4          x5        y5  area5          x6         y6  area6
range  328.808925  1.228221  114.0  245.15733  3.899021  115.0  181.213843  6.373189   62.0  311.157607  16.752482  116.0  132.754125  9.350656   53.0  328.731191  30.387967   90.0
FAILURE!!!! Some beads might have been misidentified
               x1        y1  area1          x2        y2  area2          x3        y3  area3          x4         y4  area4          x5        y5  area5          x6         y6  area6
range  328.697958  1.281215  116.0  245.377505  3.890498  100.0  181.327243  6.473634   62.0  311.037371  16.724656  114.0  132.382841  9.431731   48.0  328.670615  30.347371   94.0
FAILURE!!!! Some beads might have been misidentified
               x1        y1  area1          x2        y2  area2          x3        y3  area3          x4         y4  area4          x5        y5  area5          x6         y6  area6
range  328.915976  1.261251  115.0  245.281782  3.904273  107.0  180.904103  6.473634   64.0  310.882594  16.775594  115.0  132.506814  9.367104   52.0  328.777683  30.351252   91.0
FAILURE!!!! Some beads might have been misidentified
               x1        y1  area1          x2        y2  area2        x3        y3  area3          x4         y4  area4          x5        y5  area5          x6         y6  area6
range  328.646786  1.261251  120.0  245.186997  3.885553  101.0  181.4183  6.404911   63.0  311.253396  16.720643  115.0  132.494593  9.383247   52.0  328.627454  30.412443   90.0
FAILURE!!!! Some beads might have been misidentified
Residual vector length: 270, Jacobian shape: (270, 6)
view   0 | SOD= 560.741 mm | SDD= 761.018 mm | M= 1.357 | incident=2.9645°
[[ 135.29156    -543.60046     -25.00676   ]
 [ -44.01394     195.16444       9.99324   ]
 [   0.14450304    0.03871731    0.        ]
 [   0.            0.            0.1496    ]]
               x1        y1  area1          x2       y2  area2          x3        y3  area3          x4         y4  area4          x5        y5  area5          x6         y6  area6
range  328.808925  1.275155  118.0  245.242291  3.90547  109.0  181.233609  6.401695   65.0  311.099037  16.731494  122.0  132.602025  9.350656   51.0  328.709643  30.369851   84.0
FAILURE!!!! Some beads might have been misidentified

iter 40 cost=0.960426 -> 0.998671 |dtheta|=7.187597e-03  lambda=4.883e+01

============================================================
Iteration 41
============================================================
Theta offsets (Unity frame):
  Source   : dSx=   0.000, dSy=   0.000, dSz=   0.000  (mm)
  Object   : dOx= -14.998, dOy= -12.007, dOz= -21.901  (mm)
  Object offset: offset_x=   0.002, offset_z=  -0.000  (mm)
  Detector : dDx=   0.000, dDy=   0.000, dDz=   0.000  (mm)
  Obj Stage rotY :   15.001 deg
============================================================

Unity geometry (world coordinates):
  Source   : x= -10.000, y=  55.000, z=   0.000
  Object   : x=   0.002, y=  29.993, z= 560.099
  Detector : x=   8.000, y=  20.000, z= 760.000
  Obj rotY :   0.0000 deg
view   0 | SOD= 560.746 mm | SDD= 761.018 mm | M= 1.357 | incident=2.9645°
[[ 135.3111     -543.6003      -25.007154  ]
 [ -44.01855     195.15874       9.992846  ]
 [   0.14450178    0.03872203    0.        ]
 [   0.            0.            0.1496    ]]
            x1        y1  area1         x2       y2  area2         x3        y3  area3          x4         y4  area4          x5        y5  area5          x6         y6  area6
range  328.728  1.261251  117.0  245.25598  3.90136  102.0  181.26375  6.424759   64.0  311.127558  16.694691  120.0  132.506814  9.375908   50.0  328.704007  30.351252   84.0
FAILURE!!!! Some beads might have been misidentified
               x1        y1  area1         x2        y2  area2          x3        y3  area3          x4       y4  area4          x5        y5  area5          x6         y6  area6
range  328.743645  1.221406  118.0  245.21298  3.906664  108.0  181.160744  6.452815   62.0  311.066428  16.6627  117.0  132.513212  9.384407   54.0  328.750035  30.401968   93.0
FAILURE!!!! Some beads might have been misidentified
               x1       y1  area1          x2        y2  area2          x3        y3  area3          x4         y4  area4          x5        y5  area5          x6         y6  area6
range  328.819117  1.28803  113.0  245.291004  3.891861  108.0  181.161559  6.295826   63.0  311.065304  16.802588  124.0  132.623754  9.365944   49.0  328.642138  30.333369   84.0
FAILURE!!!! Some beads might have been misidentified
               x1        y1  area1          x2        y2  area2          x3        y3  area3          x4         y4  area4          x5        y5  area5          x6         y6  area6
range  328.779613  1.258565  117.0  245.224129  3.832817  108.0  181.315155  6.416955   66.0  311.091163  16.770315  124.0  132.467278  9.430017   49.0  328.703154  30.415203   81.0
FAILURE!!!! Some beads might have been misidentified
               x1        y1  area1          x2        y2  area2          x3        y3  area3         x4         y4  area4          x5        y5  area5          x6         y6  area6
range  328.736817  1.167212  116.0  245.217933  3.906825  104.0  181.233523  6.413679   65.0  311.02809  16.626611  121.0  132.591542  9.401894   53.0  328.769678  30.413518   88.0
FAILURE!!!! Some beads might have been misidentified
            x1        y1  area1          x2       y2  area2         x3        y3  area3          x4         y4  area4          x5        y5  area5         x6         y6  area6
range  328.728  1.261251  117.0  245.242291  3.90136  102.0  181.26375  6.424759   64.0  311.120887  16.713375  121.0  132.494593  9.375908   50.0  328.68154  30.374171   84.0
FAILURE!!!! Some beads might have been misidentified
               x1        y1  area1         x2       y2  area2          x3        y3  area3          x4         y4  area4          x5        y5  area5          x6         y6  area6
range  328.754576  1.261251  117.0  245.25598  3.90136  102.0  181.247646  6.401695   65.0  311.147834  16.694691  120.0  132.506814  9.377134   50.0  328.709643  30.389524   85.0
FAILURE!!!! Some beads might have been misidentified
               x1        y1  area1          x2       y2  area2          x3        y3  area3          x4        y4  area4          x5        y5  area5          x6         y6  area6
range  328.697958  1.303704  116.0  245.236463  3.88385  107.0  181.267549  6.409947   64.0  311.127558  16.73214  122.0  132.573393  9.359576   50.0  328.704007  30.420941   85.0
FAILURE!!!! Some beads might have been misidentified
               x1       y1  area1          x2        y2  area2          x3        y3  area3          x4         y4  area4          x5        y5  area5          x6         y6  area6
range  328.763026  1.25879  115.0  245.227466  3.894065  109.0  181.247646  6.452225   64.0  311.147834  16.720643  113.0  132.572756  9.406383   49.0  328.703045  30.379529   90.0
FAILURE!!!! Some beads might have been misidentified
               x1        y1  area1         x2        y2  area2          x3        y3  area3          x4         y4  area4          x5        y5  area5          x6         y6  area6
range  328.808925  1.228221  114.0  245.15733  3.899021  115.0  181.213843  6.373189   62.0  311.157607  16.752482  116.0  132.754125  9.350656   53.0  328.731191  30.387967   90.0
FAILURE!!!! Some beads might have been misidentified
               x1        y1  area1          x2        y2  area2          x3        y3  area3          x4         y4  area4          x5        y5  area5          x6         y6  area6
range  328.697958  1.281215  116.0  245.377505  3.890498  100.0  181.327243  6.473634   62.0  311.037371  16.724656  114.0  132.382841  9.431731   48.0  328.670615  30.347371   94.0
FAILURE!!!! Some beads might have been misidentified
               x1        y1  area1          x2        y2  area2          x3        y3  area3          x4         y4  area4          x5        y5  area5          x6         y6  area6
range  328.915976  1.261251  115.0  245.281782  3.904273  107.0  180.904103  6.473634   64.0  310.882594  16.775594  115.0  132.506814  9.367104   52.0  328.777683  30.351252   91.0
FAILURE!!!! Some beads might have been misidentified
               x1        y1  area1          x2        y2  area2        x3        y3  area3          x4         y4  area4          x5        y5  area5          x6         y6  area6
range  328.646786  1.261251  120.0  245.186997  3.885553  101.0  181.4183  6.404911   63.0  311.253396  16.720643  115.0  132.494593  9.383247   52.0  328.627454  30.412443   90.0
FAILURE!!!! Some beads might have been misidentified
Residual vector length: 270, Jacobian shape: (270, 6)
view   0 | SOD= 560.744 mm | SDD= 761.018 mm | M= 1.357 | incident=2.9645°
[[ 135.29433    -543.60254     -25.006939  ]
 [ -44.014004    195.16167       9.993061  ]
 [   0.1445029     0.03871787    0.        ]
 [   0.            0.            0.1496    ]]
               x1        y1  area1         x2        y2  area2          x3        y3  area3          x4         y4  area4          x5        y5  area5          x6         y6  area6
range  328.808925  1.275155  117.0  245.25598  3.923064  108.0  181.233609  6.424759   65.0  311.099037  16.731494  122.0  132.602025  9.350656   51.0  328.709643  30.369851   84.0
FAILURE!!!! Some beads might have been misidentified

iter 41 cost=0.960426 -> 1.011417 |dtheta|=4.617111e-03  lambda=2.441e+02

============================================================
Iteration 42
============================================================
Theta offsets (Unity frame):
  Source   : dSx=   0.000, dSy=   0.000, dSz=   0.000  (mm)
  Object   : dOx= -14.998, dOy= -12.007, dOz= -21.901  (mm)
  Object offset: offset_x=   0.002, offset_z=  -0.000  (mm)
  Detector : dDx=   0.000, dDy=   0.000, dDz=   0.000  (mm)
  Obj Stage rotY :   15.001 deg
============================================================

Unity geometry (world coordinates):
  Source   : x= -10.000, y=  55.000, z=   0.000
  Object   : x=   0.002, y=  29.993, z= 560.099
  Detector : x=   8.000, y=  20.000, z= 760.000
  Obj rotY :   0.0000 deg
view   0 | SOD= 560.746 mm | SDD= 761.018 mm | M= 1.357 | incident=2.9645°
[[ 135.3111     -543.6003      -25.007154  ]
 [ -44.01855     195.15874       9.992846  ]
 [   0.14450178    0.03872203    0.        ]
 [   0.            0.            0.1496    ]]
            x1        y1  area1         x2       y2  area2         x3        y3  area3          x4         y4  area4          x5        y5  area5          x6         y6  area6
range  328.728  1.261251  117.0  245.25598  3.90136  102.0  181.26375  6.424759   64.0  311.127558  16.694691  120.0  132.506814  9.375908   50.0  328.704007  30.351252   84.0
FAILURE!!!! Some beads might have been misidentified
               x1        y1  area1         x2        y2  area2          x3        y3  area3          x4       y4  area4          x5        y5  area5          x6         y6  area6
range  328.743645  1.221406  118.0  245.21298  3.906664  108.0  181.160744  6.452815   62.0  311.066428  16.6627  117.0  132.513212  9.384407   54.0  328.750035  30.401968   93.0
FAILURE!!!! Some beads might have been misidentified
               x1       y1  area1          x2        y2  area2          x3        y3  area3          x4         y4  area4          x5        y5  area5          x6         y6  area6
range  328.819117  1.28803  113.0  245.291004  3.891861  108.0  181.161559  6.295826   63.0  311.065304  16.802588  124.0  132.623754  9.365944   49.0  328.642138  30.333369   84.0
FAILURE!!!! Some beads might have been misidentified
               x1        y1  area1          x2        y2  area2          x3        y3  area3          x4         y4  area4          x5        y5  area5          x6         y6  area6
range  328.779613  1.258565  117.0  245.224129  3.832817  108.0  181.315155  6.416955   66.0  311.091163  16.770315  124.0  132.467278  9.430017   49.0  328.703154  30.415203   81.0
FAILURE!!!! Some beads might have been misidentified
               x1        y1  area1          x2        y2  area2          x3        y3  area3         x4         y4  area4          x5        y5  area5          x6         y6  area6
range  328.736817  1.167212  116.0  245.217933  3.906825  104.0  181.233523  6.413679   65.0  311.02809  16.626611  121.0  132.591542  9.401894   53.0  328.769678  30.413518   88.0
FAILURE!!!! Some beads might have been misidentified
            x1        y1  area1          x2       y2  area2         x3        y3  area3          x4         y4  area4          x5        y5  area5         x6         y6  area6
range  328.728  1.261251  117.0  245.242291  3.90136  102.0  181.26375  6.424759   64.0  311.120887  16.713375  121.0  132.494593  9.375908   50.0  328.68154  30.374171   84.0
FAILURE!!!! Some beads might have been misidentified
               x1        y1  area1         x2       y2  area2          x3        y3  area3          x4         y4  area4          x5        y5  area5          x6         y6  area6
range  328.754576  1.261251  117.0  245.25598  3.90136  102.0  181.247646  6.401695   65.0  311.147834  16.694691  120.0  132.506814  9.377134   50.0  328.709643  30.389524   85.0
FAILURE!!!! Some beads might have been misidentified
               x1        y1  area1          x2       y2  area2          x3        y3  area3          x4        y4  area4          x5        y5  area5          x6         y6  area6
range  328.697958  1.303704  116.0  245.236463  3.88385  107.0  181.267549  6.409947   64.0  311.127558  16.73214  122.0  132.573393  9.359576   50.0  328.704007  30.420941   85.0
FAILURE!!!! Some beads might have been misidentified
               x1       y1  area1          x2        y2  area2          x3        y3  area3          x4         y4  area4          x5        y5  area5          x6         y6  area6
range  328.763026  1.25879  115.0  245.227466  3.894065  109.0  181.247646  6.452225   64.0  311.147834  16.720643  113.0  132.572756  9.406383   49.0  328.703045  30.379529   90.0
FAILURE!!!! Some beads might have been misidentified
               x1        y1  area1         x2        y2  area2          x3        y3  area3          x4         y4  area4          x5        y5  area5          x6         y6  area6
range  328.808925  1.228221  114.0  245.15733  3.899021  115.0  181.213843  6.373189   62.0  311.157607  16.752482  116.0  132.754125  9.350656   53.0  328.731191  30.387967   90.0
FAILURE!!!! Some beads might have been misidentified
               x1        y1  area1          x2        y2  area2          x3        y3  area3          x4         y4  area4          x5        y5  area5          x6         y6  area6
range  328.697958  1.281215  116.0  245.377505  3.890498  100.0  181.327243  6.473634   62.0  311.037371  16.724656  114.0  132.382841  9.431731   48.0  328.670615  30.347371   94.0
FAILURE!!!! Some beads might have been misidentified
               x1        y1  area1          x2        y2  area2          x3        y3  area3          x4         y4  area4          x5        y5  area5          x6         y6  area6
range  328.915976  1.261251  115.0  245.281782  3.904273  107.0  180.904103  6.473634   64.0  310.882594  16.775594  115.0  132.506814  9.367104   52.0  328.777683  30.351252   91.0
FAILURE!!!! Some beads might have been misidentified
               x1        y1  area1          x2        y2  area2        x3        y3  area3          x4         y4  area4          x5        y5  area5          x6         y6  area6
range  328.646786  1.261251  120.0  245.186997  3.885553  101.0  181.4183  6.404911   63.0  311.253396  16.720643  115.0  132.494593  9.383247   52.0  328.627454  30.412443   90.0
FAILURE!!!! Some beads might have been misidentified
Residual vector length: 270, Jacobian shape: (270, 6)
view   0 | SOD= 560.746 mm | SDD= 761.018 mm | M= 1.357 | incident=2.9645°
[[ 135.30139    -543.6029      -25.007116  ]
 [ -44.015682    195.15916       9.992884  ]
 [   0.14450243    0.03871958    0.        ]
 [   0.            0.            0.1496    ]]
               x1        y1  area1          x2       y2  area2          x3        y3  area3          x4         y4  area4          x5        y5  area5          x6         y6  area6
range  328.763026  1.275281  117.0  245.242291  3.90547  109.0  181.226496  6.401695   65.0  311.099037  16.731494  121.0  132.602025  9.359576   51.0  328.703045  30.400198   84.0
FAILURE!!!! Some beads might have been misidentified

iter 42 cost=0.960426 -> 1.032074 |dtheta|=2.357208e-03  lambda=1.221e+03

============================================================
Iteration 43
============================================================
Theta offsets (Unity frame):
  Source   : dSx=   0.000, dSy=   0.000, dSz=   0.000  (mm)
  Object   : dOx= -14.998, dOy= -12.007, dOz= -21.901  (mm)
  Object offset: offset_x=   0.002, offset_z=  -0.000  (mm)
  Detector : dDx=   0.000, dDy=   0.000, dDz=   0.000  (mm)
  Obj Stage rotY :   15.001 deg
============================================================

Unity geometry (world coordinates):
  Source   : x= -10.000, y=  55.000, z=   0.000
  Object   : x=   0.002, y=  29.993, z= 560.099
  Detector : x=   8.000, y=  20.000, z= 760.000
  Obj rotY :   0.0000 deg
view   0 | SOD= 560.746 mm | SDD= 761.018 mm | M= 1.357 | incident=2.9645°
[[ 135.3111     -543.6003      -25.007154  ]
 [ -44.01855     195.15874       9.992846  ]
 [   0.14450178    0.03872203    0.        ]
 [   0.            0.            0.1496    ]]
            x1        y1  area1         x2       y2  area2         x3        y3  area3          x4         y4  area4          x5        y5  area5          x6         y6  area6
range  328.728  1.261251  117.0  245.25598  3.90136  102.0  181.26375  6.424759   64.0  311.127558  16.694691  120.0  132.506814  9.375908   50.0  328.704007  30.351252   84.0
FAILURE!!!! Some beads might have been misidentified
               x1        y1  area1         x2        y2  area2          x3        y3  area3          x4       y4  area4          x5        y5  area5          x6         y6  area6
range  328.743645  1.221406  118.0  245.21298  3.906664  108.0  181.160744  6.452815   62.0  311.066428  16.6627  117.0  132.513212  9.384407   54.0  328.750035  30.401968   93.0
FAILURE!!!! Some beads might have been misidentified
               x1       y1  area1          x2        y2  area2          x3        y3  area3          x4         y4  area4          x5        y5  area5          x6         y6  area6
range  328.819117  1.28803  113.0  245.291004  3.891861  108.0  181.161559  6.295826   63.0  311.065304  16.802588  124.0  132.623754  9.365944   49.0  328.642138  30.333369   84.0
FAILURE!!!! Some beads might have been misidentified
               x1        y1  area1          x2        y2  area2          x3        y3  area3          x4         y4  area4          x5        y5  area5          x6         y6  area6
range  328.779613  1.258565  117.0  245.224129  3.832817  108.0  181.315155  6.416955   66.0  311.091163  16.770315  124.0  132.467278  9.430017   49.0  328.703154  30.415203   81.0
FAILURE!!!! Some beads might have been misidentified
               x1        y1  area1          x2        y2  area2          x3        y3  area3         x4         y4  area4          x5        y5  area5          x6         y6  area6
range  328.736817  1.167212  116.0  245.217933  3.906825  104.0  181.233523  6.413679   65.0  311.02809  16.626611  121.0  132.591542  9.401894   53.0  328.769678  30.413518   88.0
FAILURE!!!! Some beads might have been misidentified
            x1        y1  area1          x2       y2  area2         x3        y3  area3          x4         y4  area4          x5        y5  area5         x6         y6  area6
range  328.728  1.261251  117.0  245.242291  3.90136  102.0  181.26375  6.424759   64.0  311.120887  16.713375  121.0  132.494593  9.375908   50.0  328.68154  30.374171   84.0
FAILURE!!!! Some beads might have been misidentified
               x1        y1  area1         x2       y2  area2          x3        y3  area3          x4         y4  area4          x5        y5  area5          x6         y6  area6
range  328.754576  1.261251  117.0  245.25598  3.90136  102.0  181.247646  6.401695   65.0  311.147834  16.694691  120.0  132.506814  9.377134   50.0  328.709643  30.389524   85.0
FAILURE!!!! Some beads might have been misidentified
               x1        y1  area1          x2       y2  area2          x3        y3  area3          x4        y4  area4          x5        y5  area5          x6         y6  area6
range  328.697958  1.303704  116.0  245.236463  3.88385  107.0  181.267549  6.409947   64.0  311.127558  16.73214  122.0  132.573393  9.359576   50.0  328.704007  30.420941   85.0
FAILURE!!!! Some beads might have been misidentified
               x1       y1  area1          x2        y2  area2          x3        y3  area3          x4         y4  area4          x5        y5  area5          x6         y6  area6
range  328.763026  1.25879  115.0  245.227466  3.894065  109.0  181.247646  6.452225   64.0  311.147834  16.720643  113.0  132.572756  9.406383   49.0  328.703045  30.379529   90.0
FAILURE!!!! Some beads might have been misidentified
               x1        y1  area1         x2        y2  area2          x3        y3  area3          x4         y4  area4          x5        y5  area5          x6         y6  area6
range  328.808925  1.228221  114.0  245.15733  3.899021  115.0  181.213843  6.373189   62.0  311.157607  16.752482  116.0  132.754125  9.350656   53.0  328.731191  30.387967   90.0
FAILURE!!!! Some beads might have been misidentified
               x1        y1  area1          x2        y2  area2          x3        y3  area3          x4         y4  area4          x5        y5  area5          x6         y6  area6
range  328.697958  1.281215  116.0  245.377505  3.890498  100.0  181.327243  6.473634   62.0  311.037371  16.724656  114.0  132.382841  9.431731   48.0  328.670615  30.347371   94.0
FAILURE!!!! Some beads might have been misidentified
               x1        y1  area1          x2        y2  area2          x3        y3  area3          x4         y4  area4          x5        y5  area5          x6         y6  area6
range  328.915976  1.261251  115.0  245.281782  3.904273  107.0  180.904103  6.473634   64.0  310.882594  16.775594  115.0  132.506814  9.367104   52.0  328.777683  30.351252   91.0
FAILURE!!!! Some beads might have been misidentified
               x1        y1  area1          x2        y2  area2        x3        y3  area3          x4         y4  area4          x5        y5  area5          x6         y6  area6
range  328.646786  1.261251  120.0  245.186997  3.885553  101.0  181.4183  6.404911   63.0  311.253396  16.720643  115.0  132.494593  9.383247   52.0  328.627454  30.412443   90.0
FAILURE!!!! Some beads might have been misidentified
Residual vector length: 270, Jacobian shape: (270, 6)
view   0 | SOD= 560.746 mm | SDD= 761.018 mm | M= 1.357 | incident=2.9645°
[[ 135.30797    -543.6014      -25.007202  ]
 [ -44.017612    195.15863       9.992798  ]
 [   0.14450198    0.03872124    0.        ]
 [   0.            0.            0.1496    ]]
               x1        y1  area1         x2        y2  area2          x3        y3  area3          x4         y4  area4          x5        y5  area5          x6         y6  area6
range  328.754576  1.275281  117.0  245.25598  3.893833  108.0  181.247646  6.424759   65.0  311.120887  16.694691  120.0  132.602025  9.375908   50.0  328.703045  30.400198   85.0
FAILURE!!!! Some beads might have been misidentified

iter 43 cost=0.960426 -> 1.004822 |dtheta|=9.906120e-04  lambda=6.104e+03

============================================================
Iteration 44
============================================================
Theta offsets (Unity frame):
  Source   : dSx=   0.000, dSy=   0.000, dSz=   0.000  (mm)
  Object   : dOx= -14.998, dOy= -12.007, dOz= -21.901  (mm)
  Object offset: offset_x=   0.002, offset_z=  -0.000  (mm)
  Detector : dDx=   0.000, dDy=   0.000, dDz=   0.000  (mm)
  Obj Stage rotY :   15.001 deg
============================================================

Unity geometry (world coordinates):
  Source   : x= -10.000, y=  55.000, z=   0.000
  Object   : x=   0.002, y=  29.993, z= 560.099
  Detector : x=   8.000, y=  20.000, z= 760.000
  Obj rotY :   0.0000 deg
view   0 | SOD= 560.746 mm | SDD= 761.018 mm | M= 1.357 | incident=2.9645°
[[ 135.3111     -543.6003      -25.007154  ]
 [ -44.01855     195.15874       9.992846  ]
 [   0.14450178    0.03872203    0.        ]
 [   0.            0.            0.1496    ]]
            x1        y1  area1         x2       y2  area2         x3        y3  area3          x4         y4  area4          x5        y5  area5          x6         y6  area6
range  328.728  1.261251  117.0  245.25598  3.90136  102.0  181.26375  6.424759   64.0  311.127558  16.694691  120.0  132.506814  9.375908   50.0  328.704007  30.351252   84.0
FAILURE!!!! Some beads might have been misidentified
               x1        y1  area1         x2        y2  area2          x3        y3  area3          x4       y4  area4          x5        y5  area5          x6         y6  area6
range  328.743645  1.221406  118.0  245.21298  3.906664  108.0  181.160744  6.452815   62.0  311.066428  16.6627  117.0  132.513212  9.384407   54.0  328.750035  30.401968   93.0
FAILURE!!!! Some beads might have been misidentified
               x1       y1  area1          x2        y2  area2          x3        y3  area3          x4         y4  area4          x5        y5  area5          x6         y6  area6
range  328.819117  1.28803  113.0  245.291004  3.891861  108.0  181.161559  6.295826   63.0  311.065304  16.802588  124.0  132.623754  9.365944   49.0  328.642138  30.333369   84.0
FAILURE!!!! Some beads might have been misidentified
               x1        y1  area1          x2        y2  area2          x3        y3  area3          x4         y4  area4          x5        y5  area5          x6         y6  area6
range  328.779613  1.258565  117.0  245.224129  3.832817  108.0  181.315155  6.416955   66.0  311.091163  16.770315  124.0  132.467278  9.430017   49.0  328.703154  30.415203   81.0
FAILURE!!!! Some beads might have been misidentified
               x1        y1  area1          x2        y2  area2          x3        y3  area3         x4         y4  area4          x5        y5  area5          x6         y6  area6
range  328.736817  1.167212  116.0  245.217933  3.906825  104.0  181.233523  6.413679   65.0  311.02809  16.626611  121.0  132.591542  9.401894   53.0  328.769678  30.413518   88.0
FAILURE!!!! Some beads might have been misidentified
            x1        y1  area1          x2       y2  area2         x3        y3  area3          x4         y4  area4          x5        y5  area5         x6         y6  area6
range  328.728  1.261251  117.0  245.242291  3.90136  102.0  181.26375  6.424759   64.0  311.120887  16.713375  121.0  132.494593  9.375908   50.0  328.68154  30.374171   84.0
FAILURE!!!! Some beads might have been misidentified
               x1        y1  area1         x2       y2  area2          x3        y3  area3          x4         y4  area4          x5        y5  area5          x6         y6  area6
range  328.754576  1.261251  117.0  245.25598  3.90136  102.0  181.247646  6.401695   65.0  311.147834  16.694691  120.0  132.506814  9.377134   50.0  328.709643  30.389524   85.0
FAILURE!!!! Some beads might have been misidentified
               x1        y1  area1          x2       y2  area2          x3        y3  area3          x4        y4  area4          x5        y5  area5          x6         y6  area6
range  328.697958  1.303704  116.0  245.236463  3.88385  107.0  181.267549  6.409947   64.0  311.127558  16.73214  122.0  132.573393  9.359576   50.0  328.704007  30.420941   85.0
FAILURE!!!! Some beads might have been misidentified
               x1       y1  area1          x2        y2  area2          x3        y3  area3          x4         y4  area4          x5        y5  area5          x6         y6  area6
range  328.763026  1.25879  115.0  245.227466  3.894065  109.0  181.247646  6.452225   64.0  311.147834  16.720643  113.0  132.572756  9.406383   49.0  328.703045  30.379529   90.0
FAILURE!!!! Some beads might have been misidentified
               x1        y1  area1         x2        y2  area2          x3        y3  area3          x4         y4  area4          x5        y5  area5          x6         y6  area6
range  328.808925  1.228221  114.0  245.15733  3.899021  115.0  181.213843  6.373189   62.0  311.157607  16.752482  116.0  132.754125  9.350656   53.0  328.731191  30.387967   90.0
FAILURE!!!! Some beads might have been misidentified
               x1        y1  area1          x2        y2  area2          x3        y3  area3          x4         y4  area4          x5        y5  area5          x6         y6  area6
range  328.697958  1.281215  116.0  245.377505  3.890498  100.0  181.327243  6.473634   62.0  311.037371  16.724656  114.0  132.382841  9.431731   48.0  328.670615  30.347371   94.0
FAILURE!!!! Some beads might have been misidentified
               x1        y1  area1          x2        y2  area2          x3        y3  area3          x4         y4  area4          x5        y5  area5          x6         y6  area6
range  328.915976  1.261251  115.0  245.281782  3.904273  107.0  180.904103  6.473634   64.0  310.882594  16.775594  115.0  132.506814  9.367104   52.0  328.777683  30.351252   91.0
FAILURE!!!! Some beads might have been misidentified
               x1        y1  area1          x2        y2  area2        x3        y3  area3          x4         y4  area4          x5        y5  area5          x6         y6  area6
range  328.646786  1.261251  120.0  245.186997  3.885553  101.0  181.4183  6.404911   63.0  311.253396  16.720643  115.0  132.494593  9.383247   52.0  328.627454  30.412443   90.0
FAILURE!!!! Some beads might have been misidentified
Residual vector length: 270, Jacobian shape: (270, 6)
view   0 | SOD= 560.746 mm | SDD= 761.018 mm | M= 1.357 | incident=2.9645°
[[ 135.3104     -543.6006      -25.007187  ]
 [ -44.018322    195.15866       9.992813  ]
 [   0.14450182    0.03872186    0.        ]
 [   0.            0.            0.1496    ]]
               x1        y1  area1         x2       y2  area2          x3        y3  area3          x4         y4  area4          x5        y5  area5          x6         y6  area6
range  328.732445  1.261251  117.0  245.25598  3.90136  102.0  181.247646  6.424759   64.0  311.127558  16.694691  120.0  132.506814  9.375908   50.0  328.704007  30.356582   85.0
FAILURE!!!! Some beads might have been misidentified

iter 44 cost=0.960426 -> 0.966314 |dtheta|=2.784098e-04  lambda=3.052e+04

============================================================
Iteration 45
============================================================
Theta offsets (Unity frame):
  Source   : dSx=   0.000, dSy=   0.000, dSz=   0.000  (mm)
  Object   : dOx= -14.998, dOy= -12.007, dOz= -21.901  (mm)
  Object offset: offset_x=   0.002, offset_z=  -0.000  (mm)
  Detector : dDx=   0.000, dDy=   0.000, dDz=   0.000  (mm)
  Obj Stage rotY :   15.001 deg
============================================================

Unity geometry (world coordinates):
  Source   : x= -10.000, y=  55.000, z=   0.000
  Object   : x=   0.002, y=  29.993, z= 560.099
  Detector : x=   8.000, y=  20.000, z= 760.000
  Obj rotY :   0.0000 deg
view   0 | SOD= 560.746 mm | SDD= 761.018 mm | M= 1.357 | incident=2.9645°
[[ 135.3111     -543.6003      -25.007154  ]
 [ -44.01855     195.15874       9.992846  ]
 [   0.14450178    0.03872203    0.        ]
 [   0.            0.            0.1496    ]]
            x1        y1  area1         x2       y2  area2         x3        y3  area3          x4         y4  area4          x5        y5  area5          x6         y6  area6
range  328.728  1.261251  117.0  245.25598  3.90136  102.0  181.26375  6.424759   64.0  311.127558  16.694691  120.0  132.506814  9.375908   50.0  328.704007  30.351252   84.0
FAILURE!!!! Some beads might have been misidentified
               x1        y1  area1         x2        y2  area2          x3        y3  area3          x4       y4  area4          x5        y5  area5          x6         y6  area6
range  328.743645  1.221406  118.0  245.21298  3.906664  108.0  181.160744  6.452815   62.0  311.066428  16.6627  117.0  132.513212  9.384407   54.0  328.750035  30.401968   93.0
FAILURE!!!! Some beads might have been misidentified
               x1       y1  area1          x2        y2  area2          x3        y3  area3          x4         y4  area4          x5        y5  area5          x6         y6  area6
range  328.819117  1.28803  113.0  245.291004  3.891861  108.0  181.161559  6.295826   63.0  311.065304  16.802588  124.0  132.623754  9.365944   49.0  328.642138  30.333369   84.0
FAILURE!!!! Some beads might have been misidentified
               x1        y1  area1          x2        y2  area2          x3        y3  area3          x4         y4  area4          x5        y5  area5          x6         y6  area6
range  328.779613  1.258565  117.0  245.224129  3.832817  108.0  181.315155  6.416955   66.0  311.091163  16.770315  124.0  132.467278  9.430017   49.0  328.703154  30.415203   81.0
FAILURE!!!! Some beads might have been misidentified
               x1        y1  area1          x2        y2  area2          x3        y3  area3         x4         y4  area4          x5        y5  area5          x6         y6  area6
range  328.736817  1.167212  116.0  245.217933  3.906825  104.0  181.233523  6.413679   65.0  311.02809  16.626611  121.0  132.591542  9.401894   53.0  328.769678  30.413518   88.0
FAILURE!!!! Some beads might have been misidentified
            x1        y1  area1          x2       y2  area2         x3        y3  area3          x4         y4  area4          x5        y5  area5         x6         y6  area6
range  328.728  1.261251  117.0  245.242291  3.90136  102.0  181.26375  6.424759   64.0  311.120887  16.713375  121.0  132.494593  9.375908   50.0  328.68154  30.374171   84.0
FAILURE!!!! Some beads might have been misidentified
               x1        y1  area1         x2       y2  area2          x3        y3  area3          x4         y4  area4          x5        y5  area5          x6         y6  area6
range  328.754576  1.261251  117.0  245.25598  3.90136  102.0  181.247646  6.401695   65.0  311.147834  16.694691  120.0  132.506814  9.377134   50.0  328.709643  30.389524   85.0
FAILURE!!!! Some beads might have been misidentified
               x1        y1  area1          x2       y2  area2          x3        y3  area3          x4        y4  area4          x5        y5  area5          x6         y6  area6
range  328.697958  1.303704  116.0  245.236463  3.88385  107.0  181.267549  6.409947   64.0  311.127558  16.73214  122.0  132.573393  9.359576   50.0  328.704007  30.420941   85.0
FAILURE!!!! Some beads might have been misidentified
               x1       y1  area1          x2        y2  area2          x3        y3  area3          x4         y4  area4          x5        y5  area5          x6         y6  area6
range  328.763026  1.25879  115.0  245.227466  3.894065  109.0  181.247646  6.452225   64.0  311.147834  16.720643  113.0  132.572756  9.406383   49.0  328.703045  30.379529   90.0
FAILURE!!!! Some beads might have been misidentified
               x1        y1  area1         x2        y2  area2          x3        y3  area3          x4         y4  area4          x5        y5  area5          x6         y6  area6
range  328.808925  1.228221  114.0  245.15733  3.899021  115.0  181.213843  6.373189   62.0  311.157607  16.752482  116.0  132.754125  9.350656   53.0  328.731191  30.387967   90.0
FAILURE!!!! Some beads might have been misidentified
               x1        y1  area1          x2        y2  area2          x3        y3  area3          x4         y4  area4          x5        y5  area5          x6         y6  area6
range  328.697958  1.281215  116.0  245.377505  3.890498  100.0  181.327243  6.473634   62.0  311.037371  16.724656  114.0  132.382841  9.431731   48.0  328.670615  30.347371   94.0
FAILURE!!!! Some beads might have been misidentified
               x1        y1  area1          x2        y2  area2          x3        y3  area3          x4         y4  area4          x5        y5  area5          x6         y6  area6
range  328.915976  1.261251  115.0  245.281782  3.904273  107.0  180.904103  6.473634   64.0  310.882594  16.775594  115.0  132.506814  9.367104   52.0  328.777683  30.351252   91.0
FAILURE!!!! Some beads might have been misidentified
               x1        y1  area1          x2        y2  area2        x3        y3  area3          x4         y4  area4          x5        y5  area5          x6         y6  area6
range  328.646786  1.261251  120.0  245.186997  3.885553  101.0  181.4183  6.404911   63.0  311.253396  16.720643  115.0  132.494593  9.383247   52.0  328.627454  30.412443   90.0
FAILURE!!!! Some beads might have been misidentified
Residual vector length: 270, Jacobian shape: (270, 6)
view   0 | SOD= 560.746 mm | SDD= 761.018 mm | M= 1.357 | incident=2.9645°
[[ 135.31093    -543.6003      -25.007164  ]
 [ -44.018528    195.1588        9.992836  ]
 [   0.14450179    0.038722      0.        ]
 [   0.            0.            0.1496    ]]
            x1        y1  area1         x2       y2  area2         x3        y3  area3          x4         y4  area4          x5        y5  area5          x6         y6  area6
range  328.728  1.261251  117.0  245.25598  3.90136  102.0  181.26375  6.424759   64.0  311.127558  16.694691  120.0  132.506814  9.375908   50.0  328.704007  30.356582   84.0
FAILURE!!!! Some beads might have been misidentified

iter 45 cost=0.960426 -> 0.959395 |dtheta|=6.132635e-05  lambda=1.526e+05

============================================================
Iteration 46
============================================================
Theta offsets (Unity frame):
  Source   : dSx=   0.000, dSy=   0.000, dSz=   0.000  (mm)
  Object   : dOx= -14.998, dOy= -12.007, dOz= -21.901  (mm)
  Object offset: offset_x=   0.002, offset_z=  -0.000  (mm)
  Detector : dDx=   0.000, dDy=   0.000, dDz=   0.000  (mm)
  Obj Stage rotY :   15.001 deg
============================================================

Unity geometry (world coordinates):
  Source   : x= -10.000, y=  55.000, z=   0.000
  Object   : x=   0.002, y=  29.993, z= 560.099
  Detector : x=   8.000, y=  20.000, z= 760.000
  Obj rotY :   0.0000 deg
view   0 | SOD= 560.746 mm | SDD= 761.018 mm | M= 1.357 | incident=2.9645°
[[ 135.31093    -543.6003      -25.007164  ]
 [ -44.018528    195.1588        9.992836  ]
 [   0.14450179    0.038722      0.        ]
 [   0.            0.            0.1496    ]]
            x1        y1  area1         x2       y2  area2         x3        y3  area3          x4         y4  area4          x5        y5  area5          x6         y6  area6
range  328.728  1.261251  117.0  245.25598  3.90136  102.0  181.26375  6.424759   64.0  311.127558  16.694691  120.0  132.506814  9.375908   50.0  328.704007  30.356582   84.0
FAILURE!!!! Some beads might have been misidentified
               x1        y1  area1         x2        y2  area2          x3        y3  area3          x4       y4  area4          x5        y5  area5          x6         y6  area6
range  328.743645  1.221406  118.0  245.21298  3.906664  108.0  181.160744  6.452815   62.0  311.066428  16.6627  117.0  132.513212  9.384407   54.0  328.767285  30.401968   93.0
FAILURE!!!! Some beads might have been misidentified
               x1       y1  area1          x2        y2  area2          x3        y3  area3          x4         y4  area4          x5        y5  area5          x6         y6  area6
range  328.819117  1.28803  113.0  245.291004  3.891861  108.0  181.161559  6.295826   63.0  311.065304  16.802588  124.0  132.623754  9.357841   49.0  328.659974  30.344371   84.0
FAILURE!!!! Some beads might have been misidentified
               x1        y1  area1          x2        y2  area2          x3        y3  area3          x4         y4  area4          x5        y5  area5          x6         y6  area6
range  328.779613  1.258565  117.0  245.224129  3.832817  108.0  181.315155  6.416955   66.0  311.091163  16.770315  124.0  132.467278  9.430017   49.0  328.703154  30.415203   81.0
FAILURE!!!! Some beads might have been misidentified
               x1        y1  area1          x2        y2  area2          x3        y3  area3         x4         y4  area4          x5        y5  area5          x6         y6  area6
range  328.736817  1.167212  116.0  245.217933  3.906825  104.0  181.233523  6.413679   65.0  311.02809  16.626611  121.0  132.604352  9.401894   53.0  328.769678  30.413518   88.0
FAILURE!!!! Some beads might have been misidentified
            x1        y1  area1         x2       y2  area2         x3        y3  area3          x4         y4  area4          x5        y5  area5         x6         y6  area6
range  328.728  1.261251  117.0  245.25598  3.90136  102.0  181.26375  6.424759   64.0  311.120887  16.713375  121.0  132.494593  9.375908   50.0  328.68154  30.374171   83.0
FAILURE!!!! Some beads might have been misidentified
               x1        y1  area1         x2       y2  area2          x3        y3  area3          x4         y4  area4          x5        y5  area5          x6         y6  area6
range  328.754576  1.261251  117.0  245.25598  3.90136  102.0  181.247646  6.401695   65.0  311.127558  16.694691  120.0  132.506814  9.377134   50.0  328.709643  30.389524   85.0
FAILURE!!!! Some beads might have been misidentified
               x1        y1  area1          x2       y2  area2          x3        y3  area3          x4        y4  area4          x5        y5  area5          x6         y6  area6
range  328.697958  1.303704  116.0  245.236463  3.88385  107.0  181.267549  6.409947   64.0  311.127558  16.73214  122.0  132.573393  9.359576   50.0  328.704007  30.420941   85.0
FAILURE!!!! Some beads might have been misidentified
               x1       y1  area1          x2        y2  area2          x3        y3  area3          x4         y4  area4          x5        y5  area5          x6         y6  area6
range  328.763026  1.25879  115.0  245.227466  3.894065  109.0  181.247646  6.452225   64.0  311.147834  16.720643  113.0  132.572756  9.406383   49.0  328.703045  30.379529   90.0
FAILURE!!!! Some beads might have been misidentified
               x1        y1  area1          x2        y2  area2          x3        y3  area3          x4         y4  area4          x5        y5  area5          x6         y6  area6
range  328.808925  1.228221  115.0  245.169661  3.899021  115.0  181.213843  6.373189   62.0  311.157607  16.752482  116.0  132.754125  9.350656   53.0  328.731191  30.376832   90.0
FAILURE!!!! Some beads might have been misidentified
               x1        y1  area1          x2        y2  area2          x3        y3  area3          x4         y4  area4          x5        y5  area5          x6         y6  area6
range  328.697958  1.281215  116.0  245.377505  3.890498  100.0  181.327243  6.473634   62.0  311.037371  16.724656  114.0  132.382841  9.431731   48.0  328.670615  30.369507   93.0
FAILURE!!!! Some beads might have been misidentified
               x1        y1  area1          x2        y2  area2          x3        y3  area3          x4         y4  area4          x5        y5  area5          x6         y6  area6
range  328.915976  1.261251  115.0  245.281782  3.904273  107.0  180.904103  6.473634   64.0  310.882594  16.775594  115.0  132.506814  9.367104   52.0  328.777683  30.351252   91.0
FAILURE!!!! Some beads might have been misidentified
               x1        y1  area1          x2        y2  area2        x3        y3  area3          x4         y4  area4          x5        y5  area5          x6         y6  area6
range  328.646786  1.261251  120.0  245.186997  3.885553  101.0  181.4183  6.417359   63.0  311.253396  16.720643  115.0  132.494593  9.383247   52.0  328.627454  30.412443   90.0
FAILURE!!!! Some beads might have been misidentified
Residual vector length: 270, Jacobian shape: (270, 6)
view   0 | SOD= 560.746 mm | SDD= 761.018 mm | M= 1.357 | incident=2.9645°
[[ 135.31055    -543.60046     -25.00718   ]
 [ -44.01841     195.1587        9.992821  ]
 [   0.14450182    0.0387219     0.        ]
 [   0.            0.            0.1496    ]]
               x1        y1  area1         x2       y2  area2          x3        y3  area3          x4         y4  area4          x5        y5  area5          x6         y6  area6
range  328.732445  1.261251  117.0  245.25598  3.90136  102.0  181.247646  6.424759   64.0  311.127558  16.694691  120.0  132.506814  9.375908   50.0  328.704007  30.356582   85.0
FAILURE!!!! Some beads might have been misidentified

iter 46 cost=0.959395 -> 0.966314 |dtheta|=1.710081e-04  lambda=5.086e+04

============================================================
Iteration 47
============================================================
Theta offsets (Unity frame):
  Source   : dSx=   0.000, dSy=   0.000, dSz=   0.000  (mm)
  Object   : dOx= -14.998, dOy= -12.007, dOz= -21.901  (mm)
  Object offset: offset_x=   0.002, offset_z=  -0.000  (mm)
  Detector : dDx=   0.000, dDy=   0.000, dDz=   0.000  (mm)
  Obj Stage rotY :   15.001 deg
============================================================

Unity geometry (world coordinates):
  Source   : x= -10.000, y=  55.000, z=   0.000
  Object   : x=   0.002, y=  29.993, z= 560.099
  Detector : x=   8.000, y=  20.000, z= 760.000
  Obj rotY :   0.0000 deg
view   0 | SOD= 560.746 mm | SDD= 761.018 mm | M= 1.357 | incident=2.9645°
[[ 135.31093    -543.6003      -25.007164  ]
 [ -44.018528    195.1588        9.992836  ]
 [   0.14450179    0.038722      0.        ]
 [   0.            0.            0.1496    ]]
            x1        y1  area1         x2       y2  area2         x3        y3  area3          x4         y4  area4          x5        y5  area5          x6         y6  area6
range  328.728  1.261251  117.0  245.25598  3.90136  102.0  181.26375  6.424759   64.0  311.127558  16.694691  120.0  132.506814  9.375908   50.0  328.704007  30.356582   84.0
FAILURE!!!! Some beads might have been misidentified
               x1        y1  area1         x2        y2  area2          x3        y3  area3          x4       y4  area4          x5        y5  area5          x6         y6  area6
range  328.743645  1.221406  118.0  245.21298  3.906664  108.0  181.160744  6.452815   62.0  311.066428  16.6627  117.0  132.513212  9.384407   54.0  328.767285  30.401968   93.0
FAILURE!!!! Some beads might have been misidentified
               x1       y1  area1          x2        y2  area2          x3        y3  area3          x4         y4  area4          x5        y5  area5          x6         y6  area6
range  328.819117  1.28803  113.0  245.291004  3.891861  108.0  181.161559  6.295826   63.0  311.065304  16.802588  124.0  132.623754  9.357841   49.0  328.659974  30.344371   84.0
FAILURE!!!! Some beads might have been misidentified
               x1        y1  area1          x2        y2  area2          x3        y3  area3          x4         y4  area4          x5        y5  area5          x6         y6  area6
range  328.779613  1.258565  117.0  245.224129  3.832817  108.0  181.315155  6.416955   66.0  311.091163  16.770315  124.0  132.467278  9.430017   49.0  328.703154  30.415203   81.0
FAILURE!!!! Some beads might have been misidentified
               x1        y1  area1          x2        y2  area2          x3        y3  area3         x4         y4  area4          x5        y5  area5          x6         y6  area6
range  328.736817  1.167212  116.0  245.217933  3.906825  104.0  181.233523  6.413679   65.0  311.02809  16.626611  121.0  132.604352  9.401894   53.0  328.769678  30.413518   88.0
FAILURE!!!! Some beads might have been misidentified
            x1        y1  area1         x2       y2  area2         x3        y3  area3          x4         y4  area4          x5        y5  area5         x6         y6  area6
range  328.728  1.261251  117.0  245.25598  3.90136  102.0  181.26375  6.424759   64.0  311.120887  16.713375  121.0  132.494593  9.375908   50.0  328.68154  30.374171   83.0
FAILURE!!!! Some beads might have been misidentified
               x1        y1  area1         x2       y2  area2          x3        y3  area3          x4         y4  area4          x5        y5  area5          x6         y6  area6
range  328.754576  1.261251  117.0  245.25598  3.90136  102.0  181.247646  6.401695   65.0  311.127558  16.694691  120.0  132.506814  9.377134   50.0  328.709643  30.389524   85.0
FAILURE!!!! Some beads might have been misidentified
               x1        y1  area1          x2       y2  area2          x3        y3  area3          x4        y4  area4          x5        y5  area5          x6         y6  area6
range  328.697958  1.303704  116.0  245.236463  3.88385  107.0  181.267549  6.409947   64.0  311.127558  16.73214  122.0  132.573393  9.359576   50.0  328.704007  30.420941   85.0
FAILURE!!!! Some beads might have been misidentified
               x1       y1  area1          x2        y2  area2          x3        y3  area3          x4         y4  area4          x5        y5  area5          x6         y6  area6
range  328.763026  1.25879  115.0  245.227466  3.894065  109.0  181.247646  6.452225   64.0  311.147834  16.720643  113.0  132.572756  9.406383   49.0  328.703045  30.379529   90.0
FAILURE!!!! Some beads might have been misidentified
               x1        y1  area1          x2        y2  area2          x3        y3  area3          x4         y4  area4          x5        y5  area5          x6         y6  area6
range  328.808925  1.228221  115.0  245.169661  3.899021  115.0  181.213843  6.373189   62.0  311.157607  16.752482  116.0  132.754125  9.350656   53.0  328.731191  30.376832   90.0
FAILURE!!!! Some beads might have been misidentified
               x1        y1  area1          x2        y2  area2          x3        y3  area3          x4         y4  area4          x5        y5  area5          x6         y6  area6
range  328.697958  1.281215  116.0  245.377505  3.890498  100.0  181.327243  6.473634   62.0  311.037371  16.724656  114.0  132.382841  9.431731   48.0  328.670615  30.369507   93.0
FAILURE!!!! Some beads might have been misidentified
               x1        y1  area1          x2        y2  area2          x3        y3  area3          x4         y4  area4          x5        y5  area5          x6         y6  area6
range  328.915976  1.261251  115.0  245.281782  3.904273  107.0  180.904103  6.473634   64.0  310.882594  16.775594  115.0  132.506814  9.367104   52.0  328.777683  30.351252   91.0
FAILURE!!!! Some beads might have been misidentified
               x1        y1  area1          x2        y2  area2        x3        y3  area3          x4         y4  area4          x5        y5  area5          x6         y6  area6
range  328.646786  1.261251  120.0  245.186997  3.885553  101.0  181.4183  6.417359   63.0  311.253396  16.720643  115.0  132.494593  9.383247   52.0  328.627454  30.412443   90.0
FAILURE!!!! Some beads might have been misidentified
Residual vector length: 270, Jacobian shape: (270, 6)
view   0 | SOD= 560.746 mm | SDD= 761.018 mm | M= 1.357 | incident=2.9645°
[[ 135.31087    -543.60034     -25.007168  ]
 [ -44.018494    195.15875       9.992832  ]
 [   0.14450179    0.03872198    0.        ]
 [   0.            0.            0.1496    ]]
            x1        y1  area1         x2       y2  area2         x3        y3  area3          x4         y4  area4          x5        y5  area5          x6         y6  area6
range  328.728  1.261251  117.0  245.25598  3.90136  102.0  181.26375  6.424759   64.0  311.127558  16.694691  120.0  132.506814  9.375908   50.0  328.704007  30.356582   84.0
FAILURE!!!! Some beads might have been misidentified

iter 47 cost=0.959395 -> 0.968046 |dtheta|=3.624071e-05  lambda=2.543e+05

============================================================
Iteration 48
============================================================
Theta offsets (Unity frame):
  Source   : dSx=   0.000, dSy=   0.000, dSz=   0.000  (mm)
  Object   : dOx= -14.998, dOy= -12.007, dOz= -21.901  (mm)
  Object offset: offset_x=   0.002, offset_z=  -0.000  (mm)
  Detector : dDx=   0.000, dDy=   0.000, dDz=   0.000  (mm)
  Obj Stage rotY :   15.001 deg
============================================================

Unity geometry (world coordinates):
  Source   : x= -10.000, y=  55.000, z=   0.000
  Object   : x=   0.002, y=  29.993, z= 560.099
  Detector : x=   8.000, y=  20.000, z= 760.000
  Obj rotY :   0.0000 deg
view   0 | SOD= 560.746 mm | SDD= 761.018 mm | M= 1.357 | incident=2.9645°
[[ 135.31093    -543.6003      -25.007164  ]
 [ -44.018528    195.1588        9.992836  ]
 [   0.14450179    0.038722      0.        ]
 [   0.            0.            0.1496    ]]
            x1        y1  area1         x2       y2  area2         x3        y3  area3          x4         y4  area4          x5        y5  area5          x6         y6  area6
range  328.728  1.261251  117.0  245.25598  3.90136  102.0  181.26375  6.424759   64.0  311.127558  16.694691  120.0  132.506814  9.375908   50.0  328.704007  30.356582   84.0
FAILURE!!!! Some beads might have been misidentified
               x1        y1  area1         x2        y2  area2          x3        y3  area3          x4       y4  area4          x5        y5  area5          x6         y6  area6
range  328.743645  1.221406  118.0  245.21298  3.906664  108.0  181.160744  6.452815   62.0  311.066428  16.6627  117.0  132.513212  9.384407   54.0  328.767285  30.401968   93.0
FAILURE!!!! Some beads might have been misidentified
               x1       y1  area1          x2        y2  area2          x3        y3  area3          x4         y4  area4          x5        y5  area5          x6         y6  area6
range  328.819117  1.28803  113.0  245.291004  3.891861  108.0  181.161559  6.295826   63.0  311.065304  16.802588  124.0  132.623754  9.357841   49.0  328.659974  30.344371   84.0
FAILURE!!!! Some beads might have been misidentified
               x1        y1  area1          x2        y2  area2          x3        y3  area3          x4         y4  area4          x5        y5  area5          x6         y6  area6
range  328.779613  1.258565  117.0  245.224129  3.832817  108.0  181.315155  6.416955   66.0  311.091163  16.770315  124.0  132.467278  9.430017   49.0  328.703154  30.415203   81.0
FAILURE!!!! Some beads might have been misidentified
               x1        y1  area1          x2        y2  area2          x3        y3  area3         x4         y4  area4          x5        y5  area5          x6         y6  area6
range  328.736817  1.167212  116.0  245.217933  3.906825  104.0  181.233523  6.413679   65.0  311.02809  16.626611  121.0  132.604352  9.401894   53.0  328.769678  30.413518   88.0
FAILURE!!!! Some beads might have been misidentified
            x1        y1  area1         x2       y2  area2         x3        y3  area3          x4         y4  area4          x5        y5  area5         x6         y6  area6
range  328.728  1.261251  117.0  245.25598  3.90136  102.0  181.26375  6.424759   64.0  311.120887  16.713375  121.0  132.494593  9.375908   50.0  328.68154  30.374171   83.0
FAILURE!!!! Some beads might have been misidentified
               x1        y1  area1         x2       y2  area2          x3        y3  area3          x4         y4  area4          x5        y5  area5          x6         y6  area6
range  328.754576  1.261251  117.0  245.25598  3.90136  102.0  181.247646  6.401695   65.0  311.127558  16.694691  120.0  132.506814  9.377134   50.0  328.709643  30.389524   85.0
FAILURE!!!! Some beads might have been misidentified
               x1        y1  area1          x2       y2  area2          x3        y3  area3          x4        y4  area4          x5        y5  area5          x6         y6  area6
range  328.697958  1.303704  116.0  245.236463  3.88385  107.0  181.267549  6.409947   64.0  311.127558  16.73214  122.0  132.573393  9.359576   50.0  328.704007  30.420941   85.0
FAILURE!!!! Some beads might have been misidentified
               x1       y1  area1          x2        y2  area2          x3        y3  area3          x4         y4  area4          x5        y5  area5          x6         y6  area6
range  328.763026  1.25879  115.0  245.227466  3.894065  109.0  181.247646  6.452225   64.0  311.147834  16.720643  113.0  132.572756  9.406383   49.0  328.703045  30.379529   90.0
FAILURE!!!! Some beads might have been misidentified
               x1        y1  area1          x2        y2  area2          x3        y3  area3          x4         y4  area4          x5        y5  area5          x6         y6  area6
range  328.808925  1.228221  115.0  245.169661  3.899021  115.0  181.213843  6.373189   62.0  311.157607  16.752482  116.0  132.754125  9.350656   53.0  328.731191  30.376832   90.0
FAILURE!!!! Some beads might have been misidentified
               x1        y1  area1          x2        y2  area2          x3        y3  area3          x4         y4  area4          x5        y5  area5          x6         y6  area6
range  328.697958  1.281215  116.0  245.377505  3.890498  100.0  181.327243  6.473634   62.0  311.037371  16.724656  114.0  132.382841  9.431731   48.0  328.670615  30.369507   93.0
FAILURE!!!! Some beads might have been misidentified
               x1        y1  area1          x2        y2  area2          x3        y3  area3          x4         y4  area4          x5        y5  area5          x6         y6  area6
range  328.915976  1.261251  115.0  245.281782  3.904273  107.0  180.904103  6.473634   64.0  310.882594  16.775594  115.0  132.506814  9.367104   52.0  328.777683  30.351252   91.0
FAILURE!!!! Some beads might have been misidentified
               x1        y1  area1          x2        y2  area2        x3        y3  area3          x4         y4  area4          x5        y5  area5          x6         y6  area6
range  328.646786  1.261251  120.0  245.186997  3.885553  101.0  181.4183  6.417359   63.0  311.253396  16.720643  115.0  132.494593  9.383247   52.0  328.627454  30.412443   90.0
FAILURE!!!! Some beads might have been misidentified
Residual vector length: 270, Jacobian shape: (270, 6)
view   0 | SOD= 560.746 mm | SDD= 761.018 mm | M= 1.357 | incident=2.9645°
[[ 135.31091    -543.6003      -25.007164  ]
 [ -44.018524    195.1588        9.992836  ]
 [   0.14450179    0.03872199    0.        ]
 [   0.            0.            0.1496    ]]
            x1        y1  area1         x2       y2  area2         x3        y3  area3          x4         y4  area4          x5        y5  area5          x6         y6  area6
range  328.728  1.261251  117.0  245.25598  3.90136  102.0  181.26375  6.424759   64.0  311.127558  16.694691  120.0  132.506814  9.375908   50.0  328.704007  30.356582   84.0
FAILURE!!!! Some beads might have been misidentified

iter 48 cost=0.959395 -> 0.963545 |dtheta|=9.322475e-06  lambda=1.000e+06

============================================================
Iteration 49
============================================================
Theta offsets (Unity frame):
  Source   : dSx=   0.000, dSy=   0.000, dSz=   0.000  (mm)
  Object   : dOx= -14.998, dOy= -12.007, dOz= -21.901  (mm)
  Object offset: offset_x=   0.002, offset_z=  -0.000  (mm)
  Detector : dDx=   0.000, dDy=   0.000, dDz=   0.000  (mm)
  Obj Stage rotY :   15.001 deg
============================================================

Unity geometry (world coordinates):
  Source   : x= -10.000, y=  55.000, z=   0.000
  Object   : x=   0.002, y=  29.993, z= 560.099
  Detector : x=   8.000, y=  20.000, z= 760.000
  Obj rotY :   0.0000 deg
view   0 | SOD= 560.746 mm | SDD= 761.018 mm | M= 1.357 | incident=2.9645°
[[ 135.31093    -543.6003      -25.007164  ]
 [ -44.018528    195.1588        9.992836  ]
 [   0.14450179    0.038722      0.        ]
 [   0.            0.            0.1496    ]]
            x1        y1  area1         x2       y2  area2         x3        y3  area3          x4         y4  area4          x5        y5  area5          x6         y6  area6
range  328.728  1.261251  117.0  245.25598  3.90136  102.0  181.26375  6.424759   64.0  311.127558  16.694691  120.0  132.506814  9.375908   50.0  328.704007  30.356582   84.0
FAILURE!!!! Some beads might have been misidentified
               x1        y1  area1         x2        y2  area2          x3        y3  area3          x4       y4  area4          x5        y5  area5          x6         y6  area6
range  328.743645  1.221406  118.0  245.21298  3.906664  108.0  181.160744  6.452815   62.0  311.066428  16.6627  117.0  132.513212  9.384407   54.0  328.767285  30.401968   93.0
FAILURE!!!! Some beads might have been misidentified
               x1       y1  area1          x2        y2  area2          x3        y3  area3          x4         y4  area4          x5        y5  area5          x6         y6  area6
range  328.819117  1.28803  113.0  245.291004  3.891861  108.0  181.161559  6.295826   63.0  311.065304  16.802588  124.0  132.623754  9.357841   49.0  328.659974  30.344371   84.0
FAILURE!!!! Some beads might have been misidentified
               x1        y1  area1          x2        y2  area2          x3        y3  area3          x4         y4  area4          x5        y5  area5          x6         y6  area6
range  328.779613  1.258565  117.0  245.224129  3.832817  108.0  181.315155  6.416955   66.0  311.091163  16.770315  124.0  132.467278  9.430017   49.0  328.703154  30.415203   81.0
FAILURE!!!! Some beads might have been misidentified
               x1        y1  area1          x2        y2  area2          x3        y3  area3         x4         y4  area4          x5        y5  area5          x6         y6  area6
range  328.736817  1.167212  116.0  245.217933  3.906825  104.0  181.233523  6.413679   65.0  311.02809  16.626611  121.0  132.604352  9.401894   53.0  328.769678  30.413518   88.0
FAILURE!!!! Some beads might have been misidentified
            x1        y1  area1         x2       y2  area2         x3        y3  area3          x4         y4  area4          x5        y5  area5         x6         y6  area6
range  328.728  1.261251  117.0  245.25598  3.90136  102.0  181.26375  6.424759   64.0  311.120887  16.713375  121.0  132.494593  9.375908   50.0  328.68154  30.374171   83.0
FAILURE!!!! Some beads might have been misidentified
               x1        y1  area1         x2       y2  area2          x3        y3  area3          x4         y4  area4          x5        y5  area5          x6         y6  area6
range  328.754576  1.261251  117.0  245.25598  3.90136  102.0  181.247646  6.401695   65.0  311.127558  16.694691  120.0  132.506814  9.377134   50.0  328.709643  30.389524   85.0
FAILURE!!!! Some beads might have been misidentified
               x1        y1  area1          x2       y2  area2          x3        y3  area3          x4        y4  area4          x5        y5  area5          x6         y6  area6
range  328.697958  1.303704  116.0  245.236463  3.88385  107.0  181.267549  6.409947   64.0  311.127558  16.73214  122.0  132.573393  9.359576   50.0  328.704007  30.420941   85.0
FAILURE!!!! Some beads might have been misidentified
               x1       y1  area1          x2        y2  area2          x3        y3  area3          x4         y4  area4          x5        y5  area5          x6         y6  area6
range  328.763026  1.25879  115.0  245.227466  3.894065  109.0  181.247646  6.452225   64.0  311.147834  16.720643  113.0  132.572756  9.406383   49.0  328.703045  30.379529   90.0
FAILURE!!!! Some beads might have been misidentified
               x1        y1  area1          x2        y2  area2          x3        y3  area3          x4         y4  area4          x5        y5  area5          x6         y6  area6
range  328.808925  1.228221  115.0  245.169661  3.899021  115.0  181.213843  6.373189   62.0  311.157607  16.752482  116.0  132.754125  9.350656   53.0  328.731191  30.376832   90.0
FAILURE!!!! Some beads might have been misidentified
               x1        y1  area1          x2        y2  area2          x3        y3  area3          x4         y4  area4          x5        y5  area5          x6         y6  area6
range  328.697958  1.281215  116.0  245.377505  3.890498  100.0  181.327243  6.473634   62.0  311.037371  16.724656  114.0  132.382841  9.431731   48.0  328.670615  30.369507   93.0
FAILURE!!!! Some beads might have been misidentified
               x1        y1  area1          x2        y2  area2          x3        y3  area3          x4         y4  area4          x5        y5  area5          x6         y6  area6
range  328.915976  1.261251  115.0  245.281782  3.904273  107.0  180.904103  6.473634   64.0  310.882594  16.775594  115.0  132.506814  9.367104   52.0  328.777683  30.351252   91.0
FAILURE!!!! Some beads might have been misidentified
               x1        y1  area1          x2        y2  area2        x3        y3  area3          x4         y4  area4          x5        y5  area5          x6         y6  area6
range  328.646786  1.261251  120.0  245.186997  3.885553  101.0  181.4183  6.417359   63.0  311.253396  16.720643  115.0  132.494593  9.383247   52.0  328.627454  30.412443   90.0
FAILURE!!!! Some beads might have been misidentified
Residual vector length: 270, Jacobian shape: (270, 6)
view   0 | SOD= 560.746 mm | SDD= 761.018 mm | M= 1.357 | incident=2.9645°
[[ 135.31091    -543.6003      -25.007164  ]
 [ -44.018524    195.1588        9.992836  ]
 [   0.14450179    0.03872199    0.        ]
 [   0.            0.            0.1496    ]]
            x1        y1  area1         x2       y2  area2         x3        y3  area3          x4         y4  area4          x5        y5  area5          x6         y6  area6
range  328.728  1.261251  117.0  245.25598  3.90136  102.0  181.26375  6.424759   64.0  311.127558  16.694691  120.0  132.506814  9.375908   50.0  328.704007  30.356582   84.0
FAILURE!!!! Some beads might have been misidentified

iter 49 cost=0.959395 -> 0.963545 |dtheta|=9.322475e-06  lambda=1.000e+06

============================================================
Iteration 50
============================================================
Theta offsets (Unity frame):
  Source   : dSx=   0.000, dSy=   0.000, dSz=   0.000  (mm)
  Object   : dOx= -14.998, dOy= -12.007, dOz= -21.901  (mm)
  Object offset: offset_x=   0.002, offset_z=  -0.000  (mm)
  Detector : dDx=   0.000, dDy=   0.000, dDz=   0.000  (mm)
  Obj Stage rotY :   15.001 deg
============================================================

Unity geometry (world coordinates):
  Source   : x= -10.000, y=  55.000, z=   0.000
  Object   : x=   0.002, y=  29.993, z= 560.099
  Detector : x=   8.000, y=  20.000, z= 760.000
  Obj rotY :   0.0000 deg
view   0 | SOD= 560.746 mm | SDD= 761.018 mm | M= 1.357 | incident=2.9645°
[[ 135.31093    -543.6003      -25.007164  ]
 [ -44.018528    195.1588        9.992836  ]
 [   0.14450179    0.038722      0.        ]
 [   0.            0.            0.1496    ]]
            x1        y1  area1         x2       y2  area2         x3        y3  area3          x4         y4  area4          x5        y5  area5          x6         y6  area6
range  328.728  1.261251  117.0  245.25598  3.90136  102.0  181.26375  6.424759   64.0  311.127558  16.694691  120.0  132.506814  9.375908   50.0  328.704007  30.356582   84.0
FAILURE!!!! Some beads might have been misidentified
               x1        y1  area1         x2        y2  area2          x3        y3  area3          x4       y4  area4          x5        y5  area5          x6         y6  area6
range  328.743645  1.221406  118.0  245.21298  3.906664  108.0  181.160744  6.452815   62.0  311.066428  16.6627  117.0  132.513212  9.384407   54.0  328.767285  30.401968   93.0
FAILURE!!!! Some beads might have been misidentified
               x1       y1  area1          x2        y2  area2          x3        y3  area3          x4         y4  area4          x5        y5  area5          x6         y6  area6
range  328.819117  1.28803  113.0  245.291004  3.891861  108.0  181.161559  6.295826   63.0  311.065304  16.802588  124.0  132.623754  9.357841   49.0  328.659974  30.344371   84.0
FAILURE!!!! Some beads might have been misidentified
               x1        y1  area1          x2        y2  area2          x3        y3  area3          x4         y4  area4          x5        y5  area5          x6         y6  area6
range  328.779613  1.258565  117.0  245.224129  3.832817  108.0  181.315155  6.416955   66.0  311.091163  16.770315  124.0  132.467278  9.430017   49.0  328.703154  30.415203   81.0
FAILURE!!!! Some beads might have been misidentified
               x1        y1  area1          x2        y2  area2          x3        y3  area3         x4         y4  area4          x5        y5  area5          x6         y6  area6
range  328.736817  1.167212  116.0  245.217933  3.906825  104.0  181.233523  6.413679   65.0  311.02809  16.626611  121.0  132.604352  9.401894   53.0  328.769678  30.413518   88.0
FAILURE!!!! Some beads might have been misidentified
            x1        y1  area1         x2       y2  area2         x3        y3  area3          x4         y4  area4          x5        y5  area5         x6         y6  area6
range  328.728  1.261251  117.0  245.25598  3.90136  102.0  181.26375  6.424759   64.0  311.120887  16.713375  121.0  132.494593  9.375908   50.0  328.68154  30.374171   83.0
FAILURE!!!! Some beads might have been misidentified
               x1        y1  area1         x2       y2  area2          x3        y3  area3          x4         y4  area4          x5        y5  area5          x6         y6  area6
range  328.754576  1.261251  117.0  245.25598  3.90136  102.0  181.247646  6.401695   65.0  311.127558  16.694691  120.0  132.506814  9.377134   50.0  328.709643  30.389524   85.0
FAILURE!!!! Some beads might have been misidentified
               x1        y1  area1          x2       y2  area2          x3        y3  area3          x4        y4  area4          x5        y5  area5          x6         y6  area6
range  328.697958  1.303704  116.0  245.236463  3.88385  107.0  181.267549  6.409947   64.0  311.127558  16.73214  122.0  132.573393  9.359576   50.0  328.704007  30.420941   85.0
FAILURE!!!! Some beads might have been misidentified
               x1       y1  area1          x2        y2  area2          x3        y3  area3          x4         y4  area4          x5        y5  area5          x6         y6  area6
range  328.763026  1.25879  115.0  245.227466  3.894065  109.0  181.247646  6.452225   64.0  311.147834  16.720643  113.0  132.572756  9.406383   49.0  328.703045  30.379529   90.0
FAILURE!!!! Some beads might have been misidentified
               x1        y1  area1          x2        y2  area2          x3        y3  area3          x4         y4  area4          x5        y5  area5          x6         y6  area6
range  328.808925  1.228221  115.0  245.169661  3.899021  115.0  181.213843  6.373189   62.0  311.157607  16.752482  116.0  132.754125  9.350656   53.0  328.731191  30.376832   90.0
FAILURE!!!! Some beads might have been misidentified
               x1        y1  area1          x2        y2  area2          x3        y3  area3          x4         y4  area4          x5        y5  area5          x6         y6  area6
range  328.697958  1.281215  116.0  245.377505  3.890498  100.0  181.327243  6.473634   62.0  311.037371  16.724656  114.0  132.382841  9.431731   48.0  328.670615  30.369507   93.0
FAILURE!!!! Some beads might have been misidentified
               x1        y1  area1          x2        y2  area2          x3        y3  area3          x4         y4  area4          x5        y5  area5          x6         y6  area6
range  328.915976  1.261251  115.0  245.281782  3.904273  107.0  180.904103  6.473634   64.0  310.882594  16.775594  115.0  132.506814  9.367104   52.0  328.777683  30.351252   91.0
FAILURE!!!! Some beads might have been misidentified
               x1        y1  area1          x2        y2  area2        x3        y3  area3          x4         y4  area4          x5        y5  area5          x6         y6  area6
range  328.646786  1.261251  120.0  245.186997  3.885553  101.0  181.4183  6.417359   63.0  311.253396  16.720643  115.0  132.494593  9.383247   52.0  328.627454  30.412443   90.0
FAILURE!!!! Some beads might have been misidentified
Residual vector length: 270, Jacobian shape: (270, 6)
view   0 | SOD= 560.746 mm | SDD= 761.018 mm | M= 1.357 | incident=2.9645°
[[ 135.31091    -543.6003      -25.007164  ]
 [ -44.018524    195.1588        9.992836  ]
 [   0.14450179    0.03872199    0.        ]
 [   0.            0.            0.1496    ]]
            x1        y1  area1         x2       y2  area2         x3        y3  area3          x4         y4  area4          x5        y5  area5          x6         y6  area6
range  328.728  1.261251  117.0  245.25598  3.90136  102.0  181.26375  6.424759   64.0  311.127558  16.694691  120.0  132.506814  9.375908   50.0  328.704007  30.356582   84.0
FAILURE!!!! Some beads might have been misidentified

iter 50 cost=0.959395 -> 0.963545 |dtheta|=9.322475e-06  lambda=1.000e+06

============================================================
Iteration 51
============================================================
Theta offsets (Unity frame):
  Source   : dSx=   0.000, dSy=   0.000, dSz=   0.000  (mm)
  Object   : dOx= -14.998, dOy= -12.007, dOz= -21.901  (mm)
  Object offset: offset_x=   0.002, offset_z=  -0.000  (mm)
  Detector : dDx=   0.000, dDy=   0.000, dDz=   0.000  (mm)
  Obj Stage rotY :   15.001 deg
============================================================

Unity geometry (world coordinates):
  Source   : x= -10.000, y=  55.000, z=   0.000
  Object   : x=   0.002, y=  29.993, z= 560.099
  Detector : x=   8.000, y=  20.000, z= 760.000
  Obj rotY :   0.0000 deg
view   0 | SOD= 560.746 mm | SDD= 761.018 mm | M= 1.357 | incident=2.9645°
[[ 135.31093    -543.6003      -25.007164  ]
 [ -44.018528    195.1588        9.992836  ]
 [   0.14450179    0.038722      0.        ]
 [   0.            0.            0.1496    ]]
            x1        y1  area1         x2       y2  area2         x3        y3  area3          x4         y4  area4          x5        y5  area5          x6         y6  area6
range  328.728  1.261251  117.0  245.25598  3.90136  102.0  181.26375  6.424759   64.0  311.127558  16.694691  120.0  132.506814  9.375908   50.0  328.704007  30.356582   84.0
FAILURE!!!! Some beads might have been misidentified
               x1        y1  area1         x2        y2  area2          x3        y3  area3          x4       y4  area4          x5        y5  area5          x6         y6  area6
range  328.743645  1.221406  118.0  245.21298  3.906664  108.0  181.160744  6.452815   62.0  311.066428  16.6627  117.0  132.513212  9.384407   54.0  328.767285  30.401968   93.0
FAILURE!!!! Some beads might have been misidentified
               x1       y1  area1          x2        y2  area2          x3        y3  area3          x4         y4  area4          x5        y5  area5          x6         y6  area6
range  328.819117  1.28803  113.0  245.291004  3.891861  108.0  181.161559  6.295826   63.0  311.065304  16.802588  124.0  132.623754  9.357841   49.0  328.659974  30.344371   84.0
FAILURE!!!! Some beads might have been misidentified
               x1        y1  area1          x2        y2  area2          x3        y3  area3          x4         y4  area4          x5        y5  area5          x6         y6  area6
range  328.779613  1.258565  117.0  245.224129  3.832817  108.0  181.315155  6.416955   66.0  311.091163  16.770315  124.0  132.467278  9.430017   49.0  328.703154  30.415203   81.0
FAILURE!!!! Some beads might have been misidentified
               x1        y1  area1          x2        y2  area2          x3        y3  area3         x4         y4  area4          x5        y5  area5          x6         y6  area6
range  328.736817  1.167212  116.0  245.217933  3.906825  104.0  181.233523  6.413679   65.0  311.02809  16.626611  121.0  132.604352  9.401894   53.0  328.769678  30.413518   88.0
FAILURE!!!! Some beads might have been misidentified
            x1        y1  area1         x2       y2  area2         x3        y3  area3          x4         y4  area4          x5        y5  area5         x6         y6  area6
range  328.728  1.261251  117.0  245.25598  3.90136  102.0  181.26375  6.424759   64.0  311.120887  16.713375  121.0  132.494593  9.375908   50.0  328.68154  30.374171   83.0
FAILURE!!!! Some beads might have been misidentified
               x1        y1  area1         x2       y2  area2          x3        y3  area3          x4         y4  area4          x5        y5  area5          x6         y6  area6
range  328.754576  1.261251  117.0  245.25598  3.90136  102.0  181.247646  6.401695   65.0  311.127558  16.694691  120.0  132.506814  9.377134   50.0  328.709643  30.389524   85.0
FAILURE!!!! Some beads might have been misidentified
               x1        y1  area1          x2       y2  area2          x3        y3  area3          x4        y4  area4          x5        y5  area5          x6         y6  area6
range  328.697958  1.303704  116.0  245.236463  3.88385  107.0  181.267549  6.409947   64.0  311.127558  16.73214  122.0  132.573393  9.359576   50.0  328.704007  30.420941   85.0
FAILURE!!!! Some beads might have been misidentified
               x1       y1  area1          x2        y2  area2          x3        y3  area3          x4         y4  area4          x5        y5  area5          x6         y6  area6
range  328.763026  1.25879  115.0  245.227466  3.894065  109.0  181.247646  6.452225   64.0  311.147834  16.720643  113.0  132.572756  9.406383   49.0  328.703045  30.379529   90.0
FAILURE!!!! Some beads might have been misidentified
               x1        y1  area1          x2        y2  area2          x3        y3  area3          x4         y4  area4          x5        y5  area5          x6         y6  area6
range  328.808925  1.228221  115.0  245.169661  3.899021  115.0  181.213843  6.373189   62.0  311.157607  16.752482  116.0  132.754125  9.350656   53.0  328.731191  30.376832   90.0
FAILURE!!!! Some beads might have been misidentified
               x1        y1  area1          x2        y2  area2          x3        y3  area3          x4         y4  area4          x5        y5  area5          x6         y6  area6
range  328.697958  1.281215  116.0  245.377505  3.890498  100.0  181.327243  6.473634   62.0  311.037371  16.724656  114.0  132.382841  9.431731   48.0  328.670615  30.369507   93.0
FAILURE!!!! Some beads might have been misidentified
               x1        y1  area1          x2        y2  area2          x3        y3  area3          x4         y4  area4          x5        y5  area5          x6         y6  area6
range  328.915976  1.261251  115.0  245.281782  3.904273  107.0  180.904103  6.473634   64.0  310.882594  16.775594  115.0  132.506814  9.367104   52.0  328.777683  30.351252   91.0
FAILURE!!!! Some beads might have been misidentified
               x1        y1  area1          x2        y2  area2        x3        y3  area3          x4         y4  area4          x5        y5  area5          x6         y6  area6
range  328.646786  1.261251  120.0  245.186997  3.885553  101.0  181.4183  6.417359   63.0  311.253396  16.720643  115.0  132.494593  9.383247   52.0  328.627454  30.412443   90.0
FAILURE!!!! Some beads might have been misidentified
Residual vector length: 270, Jacobian shape: (270, 6)
view   0 | SOD= 560.746 mm | SDD= 761.018 mm | M= 1.357 | incident=2.9645°
[[ 135.31091    -543.6003      -25.007164  ]
 [ -44.018524    195.1588        9.992836  ]
 [   0.14450179    0.03872199    0.        ]
 [   0.            0.            0.1496    ]]
            x1        y1  area1         x2       y2  area2         x3        y3  area3          x4         y4  area4          x5        y5  area5          x6         y6  area6
range  328.728  1.261251  117.0  245.25598  3.90136  102.0  181.26375  6.424759   64.0  311.127558  16.694691  120.0  132.506814  9.375908   50.0  328.704007  30.356582   84.0
FAILURE!!!! Some beads might have been misidentified

iter 51 cost=0.959395 -> 0.963545 |dtheta|=9.322475e-06  lambda=1.000e+06

============================================================
Iteration 52
============================================================
Theta offsets (Unity frame):
  Source   : dSx=   0.000, dSy=   0.000, dSz=   0.000  (mm)
  Object   : dOx= -14.998, dOy= -12.007, dOz= -21.901  (mm)
  Object offset: offset_x=   0.002, offset_z=  -0.000  (mm)
  Detector : dDx=   0.000, dDy=   0.000, dDz=   0.000  (mm)
  Obj Stage rotY :   15.001 deg
============================================================

Unity geometry (world coordinates):
  Source   : x= -10.000, y=  55.000, z=   0.000
  Object   : x=   0.002, y=  29.993, z= 560.099
  Detector : x=   8.000, y=  20.000, z= 760.000
  Obj rotY :   0.0000 deg
view   0 | SOD= 560.746 mm | SDD= 761.018 mm | M= 1.357 | incident=2.9645°
[[ 135.31093    -543.6003      -25.007164  ]
 [ -44.018528    195.1588        9.992836  ]
 [   0.14450179    0.038722      0.        ]
 [   0.            0.            0.1496    ]]
            x1        y1  area1         x2       y2  area2         x3        y3  area3          x4         y4  area4          x5        y5  area5          x6         y6  area6
range  328.728  1.261251  117.0  245.25598  3.90136  102.0  181.26375  6.424759   64.0  311.127558  16.694691  120.0  132.506814  9.375908   50.0  328.704007  30.356582   84.0
FAILURE!!!! Some beads might have been misidentified
               x1        y1  area1         x2        y2  area2          x3        y3  area3          x4       y4  area4          x5        y5  area5          x6         y6  area6
range  328.743645  1.221406  118.0  245.21298  3.906664  108.0  181.160744  6.452815   62.0  311.066428  16.6627  117.0  132.513212  9.384407   54.0  328.767285  30.401968   93.0
FAILURE!!!! Some beads might have been misidentified
               x1       y1  area1          x2        y2  area2          x3        y3  area3          x4         y4  area4          x5        y5  area5          x6         y6  area6
range  328.819117  1.28803  113.0  245.291004  3.891861  108.0  181.161559  6.295826   63.0  311.065304  16.802588  124.0  132.623754  9.357841   49.0  328.659974  30.344371   84.0
FAILURE!!!! Some beads might have been misidentified
               x1        y1  area1          x2        y2  area2          x3        y3  area3          x4         y4  area4          x5        y5  area5          x6         y6  area6
range  328.779613  1.258565  117.0  245.224129  3.832817  108.0  181.315155  6.416955   66.0  311.091163  16.770315  124.0  132.467278  9.430017   49.0  328.703154  30.415203   81.0
FAILURE!!!! Some beads might have been misidentified
               x1        y1  area1          x2        y2  area2          x3        y3  area3         x4         y4  area4          x5        y5  area5          x6         y6  area6
range  328.736817  1.167212  116.0  245.217933  3.906825  104.0  181.233523  6.413679   65.0  311.02809  16.626611  121.0  132.604352  9.401894   53.0  328.769678  30.413518   88.0
FAILURE!!!! Some beads might have been misidentified
            x1        y1  area1         x2       y2  area2         x3        y3  area3          x4         y4  area4          x5        y5  area5         x6         y6  area6
range  328.728  1.261251  117.0  245.25598  3.90136  102.0  181.26375  6.424759   64.0  311.120887  16.713375  121.0  132.494593  9.375908   50.0  328.68154  30.374171   83.0
FAILURE!!!! Some beads might have been misidentified
               x1        y1  area1         x2       y2  area2          x3        y3  area3          x4         y4  area4          x5        y5  area5          x6         y6  area6
range  328.754576  1.261251  117.0  245.25598  3.90136  102.0  181.247646  6.401695   65.0  311.127558  16.694691  120.0  132.506814  9.377134   50.0  328.709643  30.389524   85.0
FAILURE!!!! Some beads might have been misidentified
               x1        y1  area1          x2       y2  area2          x3        y3  area3          x4        y4  area4          x5        y5  area5          x6         y6  area6
range  328.697958  1.303704  116.0  245.236463  3.88385  107.0  181.267549  6.409947   64.0  311.127558  16.73214  122.0  132.573393  9.359576   50.0  328.704007  30.420941   85.0
FAILURE!!!! Some beads might have been misidentified
               x1       y1  area1          x2        y2  area2          x3        y3  area3          x4         y4  area4          x5        y5  area5          x6         y6  area6
range  328.763026  1.25879  115.0  245.227466  3.894065  109.0  181.247646  6.452225   64.0  311.147834  16.720643  113.0  132.572756  9.406383   49.0  328.703045  30.379529   90.0
FAILURE!!!! Some beads might have been misidentified
               x1        y1  area1          x2        y2  area2          x3        y3  area3          x4         y4  area4          x5        y5  area5          x6         y6  area6
range  328.808925  1.228221  115.0  245.169661  3.899021  115.0  181.213843  6.373189   62.0  311.157607  16.752482  116.0  132.754125  9.350656   53.0  328.731191  30.376832   90.0
FAILURE!!!! Some beads might have been misidentified
               x1        y1  area1          x2        y2  area2          x3        y3  area3          x4         y4  area4          x5        y5  area5          x6         y6  area6
range  328.697958  1.281215  116.0  245.377505  3.890498  100.0  181.327243  6.473634   62.0  311.037371  16.724656  114.0  132.382841  9.431731   48.0  328.670615  30.369507   93.0
FAILURE!!!! Some beads might have been misidentified
               x1        y1  area1          x2        y2  area2          x3        y3  area3          x4         y4  area4          x5        y5  area5          x6         y6  area6
range  328.915976  1.261251  115.0  245.281782  3.904273  107.0  180.904103  6.473634   64.0  310.882594  16.775594  115.0  132.506814  9.367104   52.0  328.777683  30.351252   91.0
FAILURE!!!! Some beads might have been misidentified
               x1        y1  area1          x2        y2  area2        x3        y3  area3          x4         y4  area4          x5        y5  area5          x6         y6  area6
range  328.646786  1.261251  120.0  245.186997  3.885553  101.0  181.4183  6.417359   63.0  311.253396  16.720643  115.0  132.494593  9.383247   52.0  328.627454  30.412443   90.0
FAILURE!!!! Some beads might have been misidentified
Residual vector length: 270, Jacobian shape: (270, 6)
view   0 | SOD= 560.746 mm | SDD= 761.018 mm | M= 1.357 | incident=2.9645°
[[ 135.31091    -543.6003      -25.007164  ]
 [ -44.018524    195.1588        9.992836  ]
 [   0.14450179    0.03872199    0.        ]
 [   0.            0.            0.1496    ]]
            x1        y1  area1         x2       y2  area2         x3        y3  area3          x4         y4  area4          x5        y5  area5          x6         y6  area6
range  328.728  1.261251  117.0  245.25598  3.90136  102.0  181.26375  6.424759   64.0  311.127558  16.694691  120.0  132.506814  9.375908   50.0  328.704007  30.356582   84.0
FAILURE!!!! Some beads might have been misidentified

iter 52 cost=0.959395 -> 0.963545 |dtheta|=9.322475e-06  lambda=1.000e+06

============================================================
Iteration 53
============================================================
Theta offsets (Unity frame):
  Source   : dSx=   0.000, dSy=   0.000, dSz=   0.000  (mm)
  Object   : dOx= -14.998, dOy= -12.007, dOz= -21.901  (mm)
  Object offset: offset_x=   0.002, offset_z=  -0.000  (mm)
  Detector : dDx=   0.000, dDy=   0.000, dDz=   0.000  (mm)
  Obj Stage rotY :   15.001 deg
============================================================

Unity geometry (world coordinates):
  Source   : x= -10.000, y=  55.000, z=   0.000
  Object   : x=   0.002, y=  29.993, z= 560.099
  Detector : x=   8.000, y=  20.000, z= 760.000
  Obj rotY :   0.0000 deg
view   0 | SOD= 560.746 mm | SDD= 761.018 mm | M= 1.357 | incident=2.9645°
[[ 135.31093    -543.6003      -25.007164  ]
 [ -44.018528    195.1588        9.992836  ]
 [   0.14450179    0.038722      0.        ]
 [   0.            0.            0.1496    ]]
            x1        y1  area1         x2       y2  area2         x3        y3  area3          x4         y4  area4          x5        y5  area5          x6         y6  area6
range  328.728  1.261251  117.0  245.25598  3.90136  102.0  181.26375  6.424759   64.0  311.127558  16.694691  120.0  132.506814  9.375908   50.0  328.704007  30.356582   84.0
FAILURE!!!! Some beads might have been misidentified
               x1        y1  area1         x2        y2  area2          x3        y3  area3          x4       y4  area4          x5        y5  area5          x6         y6  area6
range  328.743645  1.221406  118.0  245.21298  3.906664  108.0  181.160744  6.452815   62.0  311.066428  16.6627  117.0  132.513212  9.384407   54.0  328.767285  30.401968   93.0
FAILURE!!!! Some beads might have been misidentified
               x1       y1  area1          x2        y2  area2          x3        y3  area3          x4         y4  area4          x5        y5  area5          x6         y6  area6
range  328.819117  1.28803  113.0  245.291004  3.891861  108.0  181.161559  6.295826   63.0  311.065304  16.802588  124.0  132.623754  9.357841   49.0  328.659974  30.344371   84.0
FAILURE!!!! Some beads might have been misidentified
               x1        y1  area1          x2        y2  area2          x3        y3  area3          x4         y4  area4          x5        y5  area5          x6         y6  area6
range  328.779613  1.258565  117.0  245.224129  3.832817  108.0  181.315155  6.416955   66.0  311.091163  16.770315  124.0  132.467278  9.430017   49.0  328.703154  30.415203   81.0
FAILURE!!!! Some beads might have been misidentified
               x1        y1  area1          x2        y2  area2          x3        y3  area3         x4         y4  area4          x5        y5  area5          x6         y6  area6
range  328.736817  1.167212  116.0  245.217933  3.906825  104.0  181.233523  6.413679   65.0  311.02809  16.626611  121.0  132.604352  9.401894   53.0  328.769678  30.413518   88.0
FAILURE!!!! Some beads might have been misidentified
            x1        y1  area1         x2       y2  area2         x3        y3  area3          x4         y4  area4          x5        y5  area5         x6         y6  area6
range  328.728  1.261251  117.0  245.25598  3.90136  102.0  181.26375  6.424759   64.0  311.120887  16.713375  121.0  132.494593  9.375908   50.0  328.68154  30.374171   83.0
FAILURE!!!! Some beads might have been misidentified
               x1        y1  area1         x2       y2  area2          x3        y3  area3          x4         y4  area4          x5        y5  area5          x6         y6  area6
range  328.754576  1.261251  117.0  245.25598  3.90136  102.0  181.247646  6.401695   65.0  311.127558  16.694691  120.0  132.506814  9.377134   50.0  328.709643  30.389524   85.0
FAILURE!!!! Some beads might have been misidentified
               x1        y1  area1          x2       y2  area2          x3        y3  area3          x4        y4  area4          x5        y5  area5          x6         y6  area6
range  328.697958  1.303704  116.0  245.236463  3.88385  107.0  181.267549  6.409947   64.0  311.127558  16.73214  122.0  132.573393  9.359576   50.0  328.704007  30.420941   85.0
FAILURE!!!! Some beads might have been misidentified
               x1       y1  area1          x2        y2  area2          x3        y3  area3          x4         y4  area4          x5        y5  area5          x6         y6  area6
range  328.763026  1.25879  115.0  245.227466  3.894065  109.0  181.247646  6.452225   64.0  311.147834  16.720643  113.0  132.572756  9.406383   49.0  328.703045  30.379529   90.0
FAILURE!!!! Some beads might have been misidentified
               x1        y1  area1          x2        y2  area2          x3        y3  area3          x4         y4  area4          x5        y5  area5          x6         y6  area6
range  328.808925  1.228221  115.0  245.169661  3.899021  115.0  181.213843  6.373189   62.0  311.157607  16.752482  116.0  132.754125  9.350656   53.0  328.731191  30.376832   90.0
FAILURE!!!! Some beads might have been misidentified
               x1        y1  area1          x2        y2  area2          x3        y3  area3          x4         y4  area4          x5        y5  area5          x6         y6  area6
range  328.697958  1.281215  116.0  245.377505  3.890498  100.0  181.327243  6.473634   62.0  311.037371  16.724656  114.0  132.382841  9.431731   48.0  328.670615  30.369507   93.0
FAILURE!!!! Some beads might have been misidentified
               x1        y1  area1          x2        y2  area2          x3        y3  area3          x4         y4  area4          x5        y5  area5          x6         y6  area6
range  328.915976  1.261251  115.0  245.281782  3.904273  107.0  180.904103  6.473634   64.0  310.882594  16.775594  115.0  132.506814  9.367104   52.0  328.777683  30.351252   91.0
FAILURE!!!! Some beads might have been misidentified
               x1        y1  area1          x2        y2  area2        x3        y3  area3          x4         y4  area4          x5        y5  area5          x6         y6  area6
range  328.646786  1.261251  120.0  245.186997  3.885553  101.0  181.4183  6.417359   63.0  311.253396  16.720643  115.0  132.494593  9.383247   52.0  328.627454  30.412443   90.0
FAILURE!!!! Some beads might have been misidentified
Residual vector length: 270, Jacobian shape: (270, 6)
view   0 | SOD= 560.746 mm | SDD= 761.018 mm | M= 1.357 | incident=2.9645°
[[ 135.31091    -543.6003      -25.007164  ]
 [ -44.018524    195.1588        9.992836  ]
 [   0.14450179    0.03872199    0.        ]
 [   0.            0.            0.1496    ]]
            x1        y1  area1         x2       y2  area2         x3        y3  area3          x4         y4  area4          x5        y5  area5          x6         y6  area6
range  328.728  1.261251  117.0  245.25598  3.90136  102.0  181.26375  6.424759   64.0  311.127558  16.694691  120.0  132.506814  9.375908   50.0  328.704007  30.356582   84.0
FAILURE!!!! Some beads might have been misidentified

iter 53 cost=0.959395 -> 0.963545 |dtheta|=9.322475e-06  lambda=1.000e+06

============================================================
Iteration 54
============================================================
Theta offsets (Unity frame):
  Source   : dSx=   0.000, dSy=   0.000, dSz=   0.000  (mm)
  Object   : dOx= -14.998, dOy= -12.007, dOz= -21.901  (mm)
  Object offset: offset_x=   0.002, offset_z=  -0.000  (mm)
  Detector : dDx=   0.000, dDy=   0.000, dDz=   0.000  (mm)
  Obj Stage rotY :   15.001 deg
============================================================

Unity geometry (world coordinates):
  Source   : x= -10.000, y=  55.000, z=   0.000
  Object   : x=   0.002, y=  29.993, z= 560.099
  Detector : x=   8.000, y=  20.000, z= 760.000
  Obj rotY :   0.0000 deg
view   0 | SOD= 560.746 mm | SDD= 761.018 mm | M= 1.357 | incident=2.9645°
[[ 135.31093    -543.6003      -25.007164  ]
 [ -44.018528    195.1588        9.992836  ]
 [   0.14450179    0.038722      0.        ]
 [   0.            0.            0.1496    ]]
            x1        y1  area1         x2       y2  area2         x3        y3  area3          x4         y4  area4          x5        y5  area5          x6         y6  area6
range  328.728  1.261251  117.0  245.25598  3.90136  102.0  181.26375  6.424759   64.0  311.127558  16.694691  120.0  132.506814  9.375908   50.0  328.704007  30.356582   84.0
FAILURE!!!! Some beads might have been misidentified
               x1        y1  area1         x2        y2  area2          x3        y3  area3          x4       y4  area4          x5        y5  area5          x6         y6  area6
range  328.743645  1.221406  118.0  245.21298  3.906664  108.0  181.160744  6.452815   62.0  311.066428  16.6627  117.0  132.513212  9.384407   54.0  328.767285  30.401968   93.0
FAILURE!!!! Some beads might have been misidentified
               x1       y1  area1          x2        y2  area2          x3        y3  area3          x4         y4  area4          x5        y5  area5          x6         y6  area6
range  328.819117  1.28803  113.0  245.291004  3.891861  108.0  181.161559  6.295826   63.0  311.065304  16.802588  124.0  132.623754  9.357841   49.0  328.659974  30.344371   84.0
FAILURE!!!! Some beads might have been misidentified
               x1        y1  area1          x2        y2  area2          x3        y3  area3          x4         y4  area4          x5        y5  area5          x6         y6  area6
range  328.779613  1.258565  117.0  245.224129  3.832817  108.0  181.315155  6.416955   66.0  311.091163  16.770315  124.0  132.467278  9.430017   49.0  328.703154  30.415203   81.0
FAILURE!!!! Some beads might have been misidentified
               x1        y1  area1          x2        y2  area2          x3        y3  area3         x4         y4  area4          x5        y5  area5          x6         y6  area6
range  328.736817  1.167212  116.0  245.217933  3.906825  104.0  181.233523  6.413679   65.0  311.02809  16.626611  121.0  132.604352  9.401894   53.0  328.769678  30.413518   88.0
FAILURE!!!! Some beads might have been misidentified
            x1        y1  area1         x2       y2  area2         x3        y3  area3          x4         y4  area4          x5        y5  area5         x6         y6  area6
range  328.728  1.261251  117.0  245.25598  3.90136  102.0  181.26375  6.424759   64.0  311.120887  16.713375  121.0  132.494593  9.375908   50.0  328.68154  30.374171   83.0
FAILURE!!!! Some beads might have been misidentified
               x1        y1  area1         x2       y2  area2          x3        y3  area3          x4         y4  area4          x5        y5  area5          x6         y6  area6
range  328.754576  1.261251  117.0  245.25598  3.90136  102.0  181.247646  6.401695   65.0  311.127558  16.694691  120.0  132.506814  9.377134   50.0  328.709643  30.389524   85.0
FAILURE!!!! Some beads might have been misidentified
               x1        y1  area1          x2       y2  area2          x3        y3  area3          x4        y4  area4          x5        y5  area5          x6         y6  area6
range  328.697958  1.303704  116.0  245.236463  3.88385  107.0  181.267549  6.409947   64.0  311.127558  16.73214  122.0  132.573393  9.359576   50.0  328.704007  30.420941   85.0
FAILURE!!!! Some beads might have been misidentified
               x1       y1  area1          x2        y2  area2          x3        y3  area3          x4         y4  area4          x5        y5  area5          x6         y6  area6
range  328.763026  1.25879  115.0  245.227466  3.894065  109.0  181.247646  6.452225   64.0  311.147834  16.720643  113.0  132.572756  9.406383   49.0  328.703045  30.379529   90.0
FAILURE!!!! Some beads might have been misidentified
               x1        y1  area1          x2        y2  area2          x3        y3  area3          x4         y4  area4          x5        y5  area5          x6         y6  area6
range  328.808925  1.228221  115.0  245.169661  3.899021  115.0  181.213843  6.373189   62.0  311.157607  16.752482  116.0  132.754125  9.350656   53.0  328.731191  30.376832   90.0
FAILURE!!!! Some beads might have been misidentified
               x1        y1  area1          x2        y2  area2          x3        y3  area3          x4         y4  area4          x5        y5  area5          x6         y6  area6
range  328.697958  1.281215  116.0  245.377505  3.890498  100.0  181.327243  6.473634   62.0  311.037371  16.724656  114.0  132.382841  9.431731   48.0  328.670615  30.369507   93.0
FAILURE!!!! Some beads might have been misidentified
               x1        y1  area1          x2        y2  area2          x3        y3  area3          x4         y4  area4          x5        y5  area5          x6         y6  area6
range  328.915976  1.261251  115.0  245.281782  3.904273  107.0  180.904103  6.473634   64.0  310.882594  16.775594  115.0  132.506814  9.367104   52.0  328.777683  30.351252   91.0
FAILURE!!!! Some beads might have been misidentified
               x1        y1  area1          x2        y2  area2        x3        y3  area3          x4         y4  area4          x5        y5  area5          x6         y6  area6
range  328.646786  1.261251  120.0  245.186997  3.885553  101.0  181.4183  6.417359   63.0  311.253396  16.720643  115.0  132.494593  9.383247   52.0  328.627454  30.412443   90.0
FAILURE!!!! Some beads might have been misidentified
Residual vector length: 270, Jacobian shape: (270, 6)
view   0 | SOD= 560.746 mm | SDD= 761.018 mm | M= 1.357 | incident=2.9645°
[[ 135.31091    -543.6003      -25.007164  ]
 [ -44.018524    195.1588        9.992836  ]
 [   0.14450179    0.03872199    0.        ]
 [   0.            0.            0.1496    ]]
            x1        y1  area1         x2       y2  area2         x3        y3  area3          x4         y4  area4          x5        y5  area5          x6         y6  area6
range  328.728  1.261251  117.0  245.25598  3.90136  102.0  181.26375  6.424759   64.0  311.127558  16.694691  120.0  132.506814  9.375908   50.0  328.704007  30.356582   84.0
FAILURE!!!! Some beads might have been misidentified

iter 54 cost=0.959395 -> 0.963545 |dtheta|=9.322475e-06  lambda=1.000e+06
Stalled.

Estimated theta:
  dSx: +0.000000
  dSy: +0.000000
  dOx: -14.997898
  dOy: -12.007164
  dOz: -21.901163
  dDx: +0.000000
  dDy: +0.000000
  dDz: +0.000000
alpha: +1.500106e+01 deg)
offset_x: +0.002022
offset_z: -0.000406

Final cost table:
Fake theta: [  0.   0. -15. -12. -22.   0.   0.   0.  15.   0.   0.]
Final estimated theta: [  0.           0.         -14.99789823 -12.00716351 -21.90116343
   0.           0.           0.          15.00105866   0.00202205
  -0.00040608]
Diff from Expected: [ 0.          0.          0.00210177 -0.00716351  0.09883657  0.
  0.          0.          0.00105866  0.00202205 -0.00040608]
################################################################################

