Phantom already exists, skipping: cuboid_phantom_7_normal.npy

################################################################################
Running cuboid=normal scenario=G3 N_ANGLES=90, K=7
view   0 | SOD= 556.844 mm | SDD= 802.742 mm | M= 1.442 | incident=4.7367°
[[ 239.08467    -500.88773     -45.        ]
 [-110.79194     218.66446      20.        ]
 [   0.13558364    0.06322369    0.        ]
 [   0.            0.            0.1496    ]]
               x1         y1  area1          x2         y2  area2          x3        y3  area3          x4         y4  area4          x5         y5  area5          x6         y6  area6          x7         y7  area7
range  354.380902  11.600115  149.0  318.746196  15.638345  182.0  136.002474  8.989011   59.0  354.041298  28.811553  155.0  318.731716  31.082338  177.0  135.853096  15.500783   51.0  354.119044  45.464558  104.0
FAILURE!!!! Some beads might have been misidentified
           image          x1          y1  area1          x2          y2  area2          x3          y3  area3          x4          y4  area4          x5          y5  area5          x6          y6  area6          x7          y7  area7
0   proj_000.png  506.377622  124.405594    429  390.871080  210.243902    287  460.094556  289.478510    349  525.504000  364.616000    375  636.949275  455.456522    276  573.198324  556.248603    358  506.337950  661.991690    361
1   proj_001.png  493.808252  124.349515    412  384.175084  209.898990    297  462.929972  289.162465    357  537.442935  364.785326    368  643.837545  456.339350    277  570.421622  556.832432    370  493.504065  661.924119    369
2   proj_002.png  480.992519  124.279302    401  378.039867  209.425249    301  465.885475  288.960894    358  549.254144  364.975138    362  650.070671  457.243816    283  567.477573  557.121372    379  480.809651  661.581769    373
3   proj_003.png  468.553571  124.173469    392  372.636964  208.808581    303  469.145251  288.773743    358  560.921512  365.104651    344  655.741379  458.127586    290  564.253333  557.560000    375  468.448925  661.344086    372
4   proj_004.png  456.412073  124.010499    381  368.081633  208.404762    294  472.537190  288.592287    363  572.488095  365.392857    336  660.606897  459.103448    290  560.661290  557.956989    372  456.323450  660.913747    371
5   proj_005.png  444.575130  123.818653    386  364.247458  207.857627    295  476.373259  288.481894    359  583.939394  365.751515    330  664.948276  460.072414    290  557.005305  558.368700    377  444.385027  660.331551    374
6   proj_006.png  432.997326  123.622995    374  361.446602  207.271845    309  480.084746  288.172316    354  594.545994  366.237389    337  668.378840  461.126280    293  553.054054  558.591892    370  432.944000  659.741333    375
7   proj_007.png  422.023077  123.515385    390  359.105919  206.707165    321  484.304469  288.013966    358  605.162791  366.584302    344  671.523810  462.085714    315  548.926509  558.832021    381  421.973822  658.934555    382
8   proj_008.png  411.487047  123.326425    386  357.518405  206.306748    326  488.362117  287.938719    359  615.491429  367.051429    350  673.482759  463.203762    319  544.519685  559.055118    381  411.382812  658.153646    384
9   proj_009.png  401.361538  123.015385    390  356.860947  205.689349    338  492.752089  287.752089    359  625.105413  367.712251    351  674.855422  464.271084    332  540.219895  559.321990    382  401.430446  657.057743    381
10  proj_010.png  392.209424  122.769634    382  356.968023  205.093023    344  497.237569  287.729282    362  634.418803  368.250712    351  675.566474  465.442197    346  535.643979  559.492147    382  392.039894  655.970745    376
11  proj_011.png  383.404255  122.513298    376  357.762319  204.649275    345  501.893983  287.750716    349  643.134111  368.965015    343  675.380117  466.441520    342  530.967480  559.756098    369  383.405995  654.790191    367
12  proj_012.png  375.406417  122.133690    374  359.150418  204.094708    359  506.447293  287.555556    351  651.302053  369.651026    341  674.487324  467.473239    355  526.137466  559.708895    371  375.405685  653.609819    387
13  proj_013.png  367.991914  121.889488    371  361.405634  203.588732    355  511.290598  287.555556    351  658.842105  370.517544    342  672.884615  468.659341    364  521.443548  559.806452    372  368.051491  652.227642    369
14  proj_014.png  361.500000  121.500000    372  364.560224  202.997199    357  515.762040  287.535411    353  665.749288  371.225071    351  670.465241  469.652406    374  516.616622  559.817694    373  361.531915  650.890957    376
15  proj_015.png  355.754286  121.117143    350  368.338235  202.585294    340  520.500000  287.500000    340  671.794798  372.115607    346  667.066482  470.725762    361  511.872928  559.859116    362  355.862259  649.501377    363
16  proj_016.png  350.876056  120.876056    355  372.908555  201.955752    339  525.176301  287.505780    346  677.264535  373.029070    344  663.022099  471.580110    362  507.000000  559.847411    367  350.793872  647.824513    359
17  proj_017.png  346.665730  120.227528    356  378.073529  201.579412    340  529.813411  287.670554    343  681.982405  373.862170    341  658.209497  472.709497    358  502.248603  559.745810    358  346.675900  646.421053    361
18  proj_018.png  343.793872  119.977716    359  383.838150  201.248555    346  534.280453  287.699717    353  685.954930  374.895775    355  652.808901  473.589005    382  497.763780  559.566929    381  343.594521  644.906849    365
19  proj_019.png  341.403409  119.585227    352  390.337110  200.671388    353  538.851541  287.882353    357  688.940171  375.803419    351  646.552632  474.542105    380  493.088472  559.391421    373  341.424069  643.392550    349
20  proj_020.png  339.820059  119.147493    339  397.380282  200.253521    355  543.211957  287.934783    368  691.218391  376.801724    348  639.688312  475.529870    385  488.604222  559.295515    379  339.769679  641.825073    343
21  proj_021.png  339.034483  118.787356    348  404.874659  199.825613    367  547.473684  288.044737    380  692.504298  377.822350    349  632.300000  476.351282    390  484.217617  558.974093    386  339.176136  640.116477    352
22  proj_022.png  339.162242  118.430678    339  412.945205  199.517808    365  551.513369  288.229947    374  693.224189  378.920354    339  624.237374  477.136364    396  480.043038  558.688608    395  339.179941  638.560472    339
23  proj_023.png  340.275229  118.039755    327  421.491848  199.103261    368  555.521390  288.304813    374  692.994083  379.757396    338  615.563910  477.842105    399  476.032995  558.454315    394  340.413374  636.954407    329
24  proj_024.png  342.409938  117.571429    322  430.443820  198.921348    356  559.277333  288.504000    375  691.917683  380.722561    328  606.430380  478.478481    395  472.316327  558.096939    392  342.273292  635.313665    322
25  proj_025.png  345.213836  117.172956    318  439.653951  198.645777    367  562.741333  288.720000    375  689.915152  381.851515    330  596.789474  479.150376    399  468.852041  557.599490    392  345.037037  633.802469    324
26  proj_026.png  348.621359  116.760518    309  449.445355  198.428962    366  566.043127  288.897574    371  686.960123  382.769939    326  586.619898  479.752551    392  465.410390  557.363636    385  348.709677  632.248387    310
27  proj_027.png  353.061856  116.432990    291  459.354223  198.106267    367  569.087302  289.145503    378  683.287975  383.620253    316  576.293399  480.183374    409  462.336735  556.923469    392  352.979933  630.729097    299
28  proj_028.png  358.272414  116.020690    290  469.756906  197.997238    362  572.088542  289.346354    384  678.849180  384.577049    305  565.536765  480.536765    408  459.560411  556.560411    389  358.195364  629.304636    302
29  proj_029.png  363.931973  115.829932    294  480.082192  197.764384    365  574.505291  289.552910    378  673.364516  385.574194    310  554.498771  480.921376    407  457.280519  556.025974    385  364.024221  627.996540    289
30  proj_030.png  370.650847  115.383051    295  490.683377  197.630607    379  576.752022  289.927224    371  667.093851  386.466019    309  543.134118  481.054118    425  455.015666  555.603133    383  370.636054  626.690476    294
31  proj_031.png  377.875000  115.171429    280  501.559896  197.656250    384  578.880556  290.250000    360  660.253289  387.266447    304  531.845977  481.160920    435  452.942623  555.054645    366  378.060071  625.286219    283
32  proj_032.png  385.766784  114.671378    283  512.297500  197.645000    400  580.484848  290.473829    363  652.432258  388.100000    310  520.385301  481.322940    449  451.460317  554.473545    378  385.888889  624.079861    288
33  proj_033.png  394.427562  114.484099    283  523.103093  197.680412    388  581.842541  290.718232    362  644.016340  388.970588    306  509.004494  481.321348    445  450.105978  554.019022    368  394.342561  622.996540    289
34  proj_034.png  403.233449  114.212544    287  533.730077  197.562982    389  582.902778  291.072222    360  634.858044  389.646688    317  497.546067  481.179775    445  449.218329  553.490566    371  403.311644  622.020548    292
35  proj_035.png  412.982759  113.972414    290  544.581579  197.678947    380  583.592896  291.322404    366  624.955556  390.339683    315  486.099307  481.043880    433  448.681941  552.964960    371  413.003390  621.006780    295
36  proj_036.png  423.066445  113.787375    301  555.284946  197.881720    372  583.870027  291.694960    377  614.941538  390.978462    325  474.954762  480.745238    420  448.396325  552.435696    381  423.026316  620.065789    304
37  proj_037.png  433.608434  113.487952    332  565.515235  197.975069    361  584.098404  291.962766    376  603.619469  391.395280    339  464.068460  480.476773    409  448.261658  551.777202    386  433.645646  619.312312    333
38  proj_038.png  443.908257  113.504587    327  575.712991  198.145015    331  584.196023  292.272727    352  592.970588  392.000000    374  453.382586  480.147757    379  448.453782  551.338936    357  443.909884  618.569767    344
39  proj_039.png  455.015244  113.359756    328  585.571429  198.446809    329  583.648725  292.507082    353  581.380208  392.208333    384  442.970822  479.814324    377  449.148459  550.736695    357  454.994065  618.056380    337
40  proj_040.png  466.388406  113.092754    345  594.881459  198.626140    329  582.535326  292.904891    368  569.397436  392.602564    390  433.695402  479.097701    348  450.217158  550.252011    373  466.321839  617.511494    348
41  proj_041.png  478.025140  113.016760    358  603.904762  198.933333    315  581.165375  293.279070    387  557.014388  393.083933    417  423.858824  478.564706    340  451.738786  549.683377    379  478.030055  617.204918    366
42  proj_042.png  489.791667  112.994444    360  613.003521  199.154930    284  579.521505  293.475806    372  544.464891  393.215496    413  414.557003  477.889251    307  453.617318  549.173184    358  489.785326  616.885870    368
43  proj_043.png  501.575758  112.980716    363  621.500000  199.500000    270  577.662011  293.837989    358  531.785024  393.403382    414  406.063333  477.136667    300  455.364162  548.653179    346  501.714286  616.679245    371
44  proj_044.png  513.676712  112.805479    365  629.465704  199.992780    277  575.735955  294.039326    356  518.985748  393.427553    421  398.214286  476.306122    294  457.528902  548.274566    346  513.627660  616.553191    376
45  proj_045.png  525.521390  112.839572    374  636.909747  200.292419    277  573.235457  294.299169    361  506.344111  393.404157    433  390.829932  475.537415    294  460.099150  547.920680    353  525.490956  616.527132    387
46  proj_046.png  537.390957  112.880319    376  643.853571  200.707143    280  570.371658  294.601604    374  493.688095  393.221429    420  384.141914  474.640264    303  462.786885  547.393443    366  537.392473  616.615591    372
47  proj_047.png  549.259053  112.944290    359  650.003534  201.070671    283  567.484127  294.764550    378  480.812808  393.251232    406  378.125828  473.682119    302  465.844262  546.950820    366  549.175824  616.983516    364
48  proj_048.png  560.949296  112.997183    355  655.676768  201.602694    297  564.299479  295.044271    384  468.507426  392.950495    404  372.849530  472.739812    319  469.102426  546.617251    371  560.922865  617.253444    363
49  proj_049.png  572.456395  113.037791    344  660.679310  202.027586    290  560.635417  295.083333    384  456.352792  392.568528    394  368.177632  471.664474    304  472.452055  546.150685    365  572.352436  617.753582    349
50  proj_050.png  584.026549  113.427729    339  665.003333  202.493333    300  556.994792  295.442708    384  444.522500  392.290000    400  364.282468  470.613636    308  476.179837  545.891008    367  583.518519  618.153846    351
51  proj_051.png  594.762431  113.433702    362  668.594156  202.990260    308  553.029101  295.679894    378  432.909774  391.774436    399  361.272727  469.603030    330  480.086835  545.610644    357  594.725989  618.906780    354
52  proj_052.png  605.118980  113.563739    353  671.432177  203.558360    317  548.992105  295.813158    380  421.877238  391.332481    391  359.045732  468.536585    328  484.226158  545.367847    367  605.274011  619.536723    354
53  proj_053.png  615.502841  113.860795    352  673.509146  204.128049    328  544.670984  295.932642    386  411.446970  390.714646    396  357.522124  467.477876    339  488.358696  545.057065    368  615.471910  620.238764    356
54  proj_054.png  625.115169  114.056180    356  674.978916  204.608434    332  540.229765  296.099217    383  401.447570  390.069054    391  356.890173  466.471098    346  492.683924  544.885559    367  625.233146  621.168539    356
55  proj_055.png  634.492877  114.327635    351  675.607143  205.145833    336  535.560209  296.170157    382  392.043257  389.447837    393  356.834758  465.330484    351  497.371191  544.681440    361  634.445378  622.176471    357
56  proj_056.png  643.212034  114.733524    349  675.300000  205.679412    340  530.997347  296.198939    377  383.398417  388.699208    379  357.727011  464.195402    348  501.919444  544.605556    360  643.202312  623.234104    346
57  proj_057.png  651.289773  114.900568    352  674.498615  206.196676    361  526.177249  296.148148    378  375.282322  387.865435    379  359.238095  463.072829    357  506.478632  544.478632    351  651.310345  624.528736    348
58  proj_058.png  658.874286  115.105714    350  672.833333  206.786885    366  521.447439  296.366577    371  368.029178  387.050398    377  361.473829  462.112948    363  511.041667  544.400000    360  658.901130  625.725989    354
59  proj_059.png  665.804533  115.467422    353  670.541779  207.339623    371  516.601604  296.275401    374  361.609948  386.379581    382  364.476323  461.016713    359  515.869444  544.358333    360  665.709859  627.039437    355
60  proj_060.png  671.701149  115.767241    348  667.108696  207.918478    368  511.931319  296.489011    364  355.764865  385.381081    370  368.336158  460.115819    354  520.521127  544.436620    355  671.942363  628.259366    347
61  proj_061.png  677.365269  116.167665    334  663.075419  208.432961    358  507.055556  296.366667    360  350.836111  384.372222    360  372.811429  459.240000    350  525.197143  544.485714    350  677.292754  629.655072    345
62  proj_062.png  682.044910  116.541916    334  658.281690  208.904225    355  502.325905  296.325905    359  346.822404  383.407104    366  378.000000  458.031429    350  529.729651  544.558140    344  682.106017  631.335244    349
63  proj_063.png  685.814286  116.968571    350  652.897297  209.386486    370  497.669377  296.043360    369  343.701657  382.378453    362  383.909091  457.198864    352  534.321127  544.729577    355  685.971831  632.777465    355
64  proj_064.png  688.921512  117.302326    344  646.588235  209.780749    374  493.046196  296.160326    368  341.344828  381.390805    348  390.233803  456.307042    355  538.884181  544.790960    354  688.909605  634.268362    354
65  proj_065.png  691.182857  117.680000    350  639.797403  210.296104    385  488.597884  296.018519    378  339.833819  380.440233    343  397.322034  455.649718    354  543.228650  545.005510    363  691.025641  635.928775    351
66  proj_066.png  692.488024  118.104790    334  632.378947  210.668421    380  484.092593  295.785714    378  339.182891  379.374631    339  404.896067  454.691011    356  547.458333  545.208333    360  692.565868  637.389222    334
67  proj_067.png  693.415385  118.516923    325  624.279373  211.107050    383  480.201571  295.615183    382  339.218182  378.521212    330  412.941341  454.061453    358  551.517906  545.523416    363  693.295181  639.045181    332
68  proj_068.png  692.958702  118.908555    339  615.600496  211.429280    403  476.064103  295.515385    390  340.391437  377.480122    327  421.441417  453.335150    367  555.528302  545.800539    371  693.023881  640.582090    335
69  proj_069.png  691.870769  119.329231    325  606.459596  211.704545    396  472.400000  295.353846    390  342.421875  376.371875    320  430.289256  452.776860    363  559.336022  546.013441    372  691.787879  642.239394    330
70  proj_070.png  689.727848  119.784810    316  596.834606  212.129771    393  468.653543  295.118110    381  345.110063  375.452830    318  439.620787  452.176966    356  562.843666  546.482480    371  689.969231  643.833846    325
71  proj_071.png  686.869565  120.046584    322  586.617500  212.392500    400  465.438287  294.989924    397  348.641026  374.605769    312  449.480874  451.710383    366  566.194737  546.794737    380  687.021021  645.342342    333
72  proj_072.png  683.378205  120.416667    312  576.158025  212.604938    405  462.316195  294.807198    389  352.979866  373.644295    298  459.382920  451.366391    363  569.159574  547.215426    376  683.294671  646.974922    319
73  proj_073.png  678.801325  120.923841    302  565.507353  212.720588    408  459.607692  294.448718    390  358.266892  372.750000    296  469.752778  451.002778    360  571.992188  547.640625    384  678.747604  648.530351    313
74  proj_074.png  673.400000  121.281967    305  554.457213  212.880196    409  457.306878  294.121693    378  364.003401  371.775510    294  480.118785  450.687845    362  574.485255  548.155496    373  673.288525  649.865574    305
75  proj_075.png  667.083871  121.451613    310  543.110588  212.992941    425  455.013263  293.840849    377  370.623729  370.983051    295  490.718750  450.473958    384  576.745358  548.493369    377  667.225397  651.390476    315
76  proj_076.png  660.290970  121.892977    299  531.872941  213.072941    425  453.002770  293.573407    361  377.992857  370.239286    280  501.531414  450.321990    382  578.853591  549.058011    362  660.158416  652.656766    303
77  proj_077.png  652.456026  122.276873    307  520.362832  213.201327    452  451.493261  293.323450    371  385.784173  369.438849    278  512.325815  450.240602    399  580.442308  549.489011    364  652.412541  654.019802    303
78  proj_078.png  643.953642  122.602649    302  508.970588  213.171946    442  450.168478  292.942935    368  394.230241  368.883162    291  523.139949  450.346056    393  581.823204  550.091160    362  644.000000  655.339744    312
79  proj_079.png  634.923077  122.788462    312  497.512821  213.086247    429  449.328729  292.853591    362  403.370107  368.060498    281  533.796345  450.284595    383  582.960563  550.484507    355  634.902280  656.394137    307
80  proj_080.png  625.036424  123.158940    302  486.196262  213.007009    428  448.611413  292.385870    368  412.971831  367.461268    284  544.552356  450.494764    382  583.508380  551.030726    358  625.031746  657.517460    315
81  proj_081.png  614.612179  123.371795    312  474.992718  212.973301    412  448.445652  292.092391    368  423.095890  366.952055    292  555.191257  450.691257    366  583.867209  551.634146    369  614.765625  658.500000    320
82  proj_082.png  603.722054  123.655589    331  464.058081  212.734848    396  448.193548  291.887097    372  433.668731  366.510836    323  565.563025  450.946779    357  584.114754  552.234973    366  603.963190  659.067485    326
83  proj_083.png  592.908847  123.750670    373  453.379032  212.599462    372  448.500000  291.500000    348  443.934524  366.026786    336  575.736842  451.412281    342  584.002770  552.706371    361  592.912226  659.630094    319
84  proj_084.png  581.487871  123.973046    371  443.008174  212.378747    367  449.118156  291.239193    347  454.991150  365.589971    339  585.628319  451.654867    339  583.500000  553.350000    360  581.406728  660.211009    327
85  proj_085.png  569.246787  124.331620    389  433.711864  212.016949    354  450.171196  290.937500    368  466.461972  365.239437    355  594.887906  452.191740    339  582.587927  553.779528    381  569.287009  660.948640    331
86  proj_086.png  557.007371  124.044226    407  423.873457  211.645062    324  451.803279  290.609290    366  478.048433  365.034188    351  604.003268  452.676471    306  581.168865  554.419525    379  556.943820  661.379213    356
87  proj_087.png  544.428224  124.328467    411  414.642405  211.544304    316  453.470423  290.239437    355  489.790634  364.911846    363  612.969492  453.488136    295  579.488000  554.698667    375  544.525714  661.605714    350
88  proj_088.png  531.851675  124.236842    418  406.086957  210.966555    299  455.393678  289.956897    348  501.689008  364.825737    373  621.519856  454.093863    277  577.743094  555.243094    362  531.750700  661.851541    357
89  proj_089.png  518.988010  124.347722    417  398.277778  210.607639    288  457.624260  289.736686    338  513.691892  364.648649    370  629.400735  454.636029    272  575.766854  555.876404    356  519.016760  661.986034    358

============================================================
Iteration 0
============================================================
Theta offsets (Unity frame):
  Source   : dSx=   0.000, dSy=   0.000, dSz=   0.000  (mm)
  Object   : dOx=   0.000, dOy=   0.000, dOz=   0.000  (mm)
  Object offset: offset_x=   0.000, offset_z=   0.000  (mm)
  Detector : dDx=   0.000, dDy=   0.000, dDz=   0.000  (mm)
  Obj Stage rotY :    0.000 deg
============================================================

Unity geometry (world coordinates):
  Source   : x=   5.000, y=  60.000, z=   0.000
  Object   : x=  18.000, y=  23.000, z= 580.000
  Detector : x=  -8.000, y=  -5.000, z= 800.000
  Obj rotY :   0.0000 deg
view   0 | SOD= 581.324 mm | SDD= 802.742 mm | M= 1.381 | incident=4.7367°
[[ -13.     -580.      -37.    ]
 [ -26.      220.       28.    ]
 [   0.1496    0.        0.    ]
 [   0.        0.        0.1496]]
               x1        y1  area1          x2       y2  area2          x3        y3  area3          x4        y4  area4          x5         y5  area5          x6         y6  area6         x7         y7  area7
range  338.902098  5.902739  147.0  305.255189  9.95092  156.0  130.178886  6.452252   49.0  339.006753  21.58236  153.0  305.179231  24.276284  158.0  130.136955  12.348162   46.0  338.89783  37.035965  109.0
FAILURE!!!! Some beads might have been misidentified
               x1        y1  area1          x2        y2  area2          x3        y3  area3          x4         y4  area4          x5         y5  area5          x6         y6  area6          x7        y7  area7
range  338.957722  5.915115  144.0  305.397124  9.982138  157.0  130.172928  6.425689   48.0  338.977863  21.541516  149.0  305.081994  24.305606  156.0  130.088654  12.354441   50.0  338.973544  36.97775  104.0
FAILURE!!!! Some beads might have been misidentified
               x1       y1  area1          x2        y2  area2          x3      y3  area3          x4         y4  area4         x5         y5  area5         x6         y6  area6          x7         y7  area7
range  338.879663  5.83142  141.0  305.165142  9.987691  147.0  130.179243  6.4364   51.0  338.999845  21.581979  153.0  305.24618  24.313731  154.0  130.07563  12.424947   43.0  338.889296  37.078622  108.0
FAILURE!!!! Some beads might have been misidentified
               x1        y1  area1          x2        y2  area2          x3       y3  area3         x4         y4  area4          x5         y5  area5          x6         y6  area6          x7        y7  area7
range  338.895929  5.927722  146.0  305.265278  10.03948  146.0  130.183044  6.44237   50.0  338.93133  21.584474  148.0  305.183981  24.284768  156.0  130.142404  12.432353   47.0  338.967787  36.90219  104.0
FAILURE!!!! Some beads might have been misidentified
               x1        y1  area1         x2        y2  area2         x3        y3  area3          x4         y4  area4         x5         y5  area5          x6         y6  area6          x7         y7  area7
range  338.949472  5.908497  144.0  305.25122  9.969789  153.0  130.22273  6.355675   54.0  338.999479  21.519625  142.0  305.20662  24.275377  156.0  130.079067  12.411127   48.0  338.927655  36.947515  110.0
FAILURE!!!! Some beads might have been misidentified
               x1        y1  area1          x2       y2  area2          x3        y3  area3         x4        y4  area4          x5         y5  area5          x6         y6  area6          x7         y7  area7
range  338.897925  5.902739  147.0  305.255189  9.95092  151.0  130.163776  6.470348   58.0  338.99264  21.58236  153.0  305.169211  24.253566  158.0  130.136955  12.366166   47.0  338.894094  37.059723  108.0
FAILURE!!!! Some beads might have been misidentified
               x1        y1  area1          x2       y2  area2          x3        y3  area3          x4        y4  area4         x5         y5  area5          x6         y6  area6          x7         y7  area7
range  338.912276  5.902739  147.0  305.255189  9.95092  151.0  130.178886  6.450288   55.0  338.976615  21.58236  152.0  305.17707  24.316962  158.0  130.124851  12.348162   44.0  338.919987  37.035965  109.0
FAILURE!!!! Some beads might have been misidentified
               x1        y1  area1          x2        y2  area2          x3        y3  area3         x4         y4  area4          x5         y5  area5          x6         y6  area6         x7         y7  area7
range  338.902098  5.927543  148.0  305.255189  9.949851  151.0  130.151006  6.450288   55.0  339.00255  21.571597  152.0  305.184698  24.270404  156.0  130.136955  12.348162   45.0  338.89783  37.062187  110.0
FAILURE!!!! Some beads might have been misidentified
               x1        y1  area1          x2         y2  area2          x3        y3  area3          x4         y4  area4          x5         y5  area5          x6         y6  area6          x7         y7  area7
range  338.912276  5.905974  149.0  305.255189  10.014244  156.0  130.178886  6.452252   49.0  338.996855  21.591072  150.0  305.163702  24.291074  158.0  130.139228  12.348162   45.0  338.869575  37.042346  108.0
FAILURE!!!! Some beads might have been misidentified
               x1        y1  area1          x2        y2  area2          x3        y3  area3          x4         y4  area4          x5         y5  area5          x6         y6  area6          x7         y7  area7
range  338.954222  5.899156  142.0  305.215124  9.959645  150.0  129.893544  6.450288   58.0  338.941156  21.548959  147.0  305.320844  24.266278  156.0  130.293384  12.348162   48.0  338.966756  37.018683  104.0
FAILURE!!!! Some beads might have been misidentified
               x1       y1  area1          x2         y2  area2          x3        y3  area3          x4         y4  area4          x5         y5  area5        x6         y6  area6          x7         y7  area7
range  338.838746  5.86609  144.0  305.329033  10.011792  153.0  130.443323  6.452252   51.0  339.030833  21.582593  153.0  305.096031  24.336699  156.0  129.8709  12.348162   44.0  338.845528  37.037689  103.0
FAILURE!!!! Some beads might have been misidentified
               x1        y1  area1          x2        y2  area2       x3        y3  area3          x4         y4  area4          x5        y5  area5          x6         y6  area6          x7         y7  area7
range  339.053984  5.891705  148.0  305.486867  9.992802  155.0  130.125  6.421657   52.0  338.825383  21.592174  154.0  304.992751  24.26592  157.0  130.140348  12.374947   48.0  339.093067  37.062187  110.0
FAILURE!!!! Some beads might have been misidentified
               x1        y1  area1          x2         y2  area2          x3       y3  area3          x4         y4  area4          x5         y5  area5         x6         y6  area6          x7         y7  area7
range  338.783401  5.905974  146.0  305.055583  10.017202  152.0  130.202683  6.46261   50.0  339.152326  21.550533  154.0  305.381384  24.244633  157.0  130.08768  12.398441   45.0  338.753394  37.048511  103.0
FAILURE!!!! Some beads might have been misidentified
Residual vector length: 3150, Jacobian shape: (3150, 6)
view   0 | SOD= 581.663 mm | SDD= 802.742 mm | M= 1.380 | incident=4.7367°
[[  73.13764    -575.4807      -42.47718   ]
 [ -43.898464    216.01888      22.52282   ]
 [   0.14832689    0.01947544    0.        ]
 [   0.            0.            0.1496    ]]
               x1        y1  area1          x2        y2  area2          x3        y3  area3          x4         y4  area4          x5         y5  area5          x6         y6  area6          x7         y7  area7
range  343.093263  8.960021  138.0  317.736045  12.39998  150.0  140.336253  7.209846   49.0  335.398735  25.201074  150.0  292.542033  28.334424  158.0  120.831381  14.687606   51.0  343.233659  39.778705  105.0
FAILURE!!!! Some beads might have been misidentified

iter 00 cost=13616042.803408 -> 3446014.749457 |dtheta|=1.362352e+01  lambda=1.000e-02

============================================================
Iteration 1
============================================================
Theta offsets (Unity frame):
  Source   : dSx=   0.000, dSy=   0.000, dSz=   0.000  (mm)
  Object   : dOx=  -9.949, dOy=  -5.477, dOz=  -0.299  (mm)
  Object offset: offset_x=  -0.649, offset_z=   0.404  (mm)
  Detector : dDx=   0.000, dDy=   0.000, dDz=   0.000  (mm)
  Obj Stage rotY :    7.480 deg
============================================================

Unity geometry (world coordinates):
  Source   : x=   5.000, y=  60.000, z=   0.000
  Object   : x=   8.051, y=  17.523, z= 579.701
  Detector : x=  -8.000, y=  -5.000, z= 800.000
  Obj rotY :   0.0000 deg
view   0 | SOD= 581.663 mm | SDD= 802.742 mm | M= 1.380 | incident=4.7367°
[[  73.13764    -575.4807      -42.47718   ]
 [ -43.898464    216.01888      22.52282   ]
 [   0.14832689    0.01947544    0.        ]
 [   0.            0.            0.1496    ]]
               x1        y1  area1          x2        y2  area2          x3        y3  area3          x4         y4  area4          x5         y5  area5          x6         y6  area6          x7         y7  area7
range  343.093263  8.960021  138.0  317.736045  12.39998  150.0  140.336253  7.209846   49.0  335.398735  25.201074  150.0  292.542033  28.334424  158.0  120.831381  14.687606   51.0  343.233659  39.778705  105.0
FAILURE!!!! Some beads might have been misidentified
               x1        y1  area1       x2         y2  area2          x3        y3  area3          x4         y4  area4          x5        y5  area5          x6         y6  area6          x7         y7  area7
range  343.157464  9.012335  143.0  317.848  12.423035  148.0  140.333916  7.141896   50.0  335.323458  25.288336  147.0  292.590733  28.35976  157.0  120.904436  14.760881   52.0  343.277283  39.801877  106.0
FAILURE!!!! Some beads might have been misidentified
               x1        y1  area1          x2         y2  area2          x3        y3  area3          x4         y4  area4          x5         y5  area5          x6         y6  area6          x7         y7  area7
range  342.978814  8.933657  144.0  317.771652  12.389165  147.0  140.403475  7.202284   55.0  335.289796  25.188112  150.0  292.621019  28.341296  159.0  120.776279  14.652702   43.0  343.254422  39.753717  108.0
FAILURE!!!! Some beads might have been misidentified
               x1        y1  area1          x2         y2  area2         x3       y3  area3          x4         y4  area4          x5         y5  area5          x6         y6  area6          x7         y7  area7
range  343.072437  8.920395  149.0  317.801092  12.408789  150.0  140.37008  7.21188   49.0  335.387401  25.320319  150.0  292.536024  28.400551  156.0  120.876081  14.653489   47.0  343.222295  39.724113  108.0
FAILURE!!!! Some beads might have been misidentified
               x1        y1  area1          x2        y2  area2          x3       y3  area3          x4         y4  area4          x5         y5  area5          x6         y6  area6          x7        y7  area7
range  343.105906  8.980048  151.0  317.758217  12.36835  148.0  140.347018  7.01656   49.0  335.397706  25.143891  148.0  292.518012  28.336391  153.0  120.803116  14.664124   46.0  343.265721  39.83211  103.0
FAILURE!!!! Some beads might have been misidentified
               x1        y1  area1          x2         y2  area2          x3        y3  area3          x4        y4  area4          x5         y5  area5          x6         y6  area6          x7         y7  area7
range  343.072118  8.960021  138.0  317.736045  12.377941  149.0  140.336253  7.209846   49.0  335.356551  25.22526  150.0  292.558033  28.334424  158.0  120.829421  14.679163   53.0  343.239314  39.757617  106.0
FAILURE!!!! Some beads might have been misidentified
               x1        y1  area1          x2        y2  area2          x3        y3  area3          x4         y4  area4          x5        y5  area5          x6         y6  area6          x7         y7  area7
range  343.093263  8.960021  142.0  317.736045  12.39998  150.0  140.338861  7.209846   55.0  335.398735  25.201074  150.0  292.560367  28.34664  157.0  120.831381  14.708289   51.0  343.233659  39.803563  105.0
FAILURE!!!! Some beads might have been misidentified
               x1        y1  area1          x2         y2  area2          x3        y3  area3          x4         y4  area4          x5         y5  area5          x6         y6  area6          x7         y7  area7
range  343.093263  8.976122  146.0  317.736045  12.400738  147.0  140.338861  7.188093   50.0  335.356551  25.269139  149.0  292.567163  28.353794  153.0  120.831381  14.687606   50.0  343.233659  39.749199  107.0
FAILURE!!!! Some beads might have been misidentified
               x1       y1  area1          x2         y2  area2          x3        y3  area3          x4         y4  area4          x5         y5  area5          x6         y6  area6          x7         y7  area7
range  343.093263  8.97143  139.0  317.766533  12.373251  148.0  140.336253  7.209846   55.0  335.370068  25.196052  149.0  292.532971  28.348369  159.0  120.807096  14.699823   53.0  343.233659  39.780119  105.0
FAILURE!!!! Some beads might have been misidentified
               x1        y1  area1          x2         y2  area2          x3        y3  area3          x4         y4  area4          x5        y5  area5         x6         y6  area6          x7         y7  area7
range  343.112238  8.964128  146.0  317.724474  12.370474  149.0  140.196657  7.174919   53.0  335.240613  25.253675  149.0  292.674345  28.36557  151.0  121.08462  14.714599   49.0  343.252836  39.763743  107.0
FAILURE!!!! Some beads might have been misidentified
              x1        y1  area1          x2         y2  area2          x3        y3  area3          x4         y4  area4          x5         y5  area5          x6         y6  area6          x7         y7  area7
range  342.99983  8.988116  148.0  317.914733  12.439619  147.0  140.540734  7.181183   50.0  335.431923  25.222773  149.0  292.497043  28.373961  159.0  120.646285  14.687606   52.0  343.211724  39.773158  107.0
FAILURE!!!! Some beads might have been misidentified
               x1        y1  area1          x2         y2  area2          x3        y3  area3          x4         y4  area4          x5         y5  area5          x6         y6  area6          x7         y7  area7
range  343.224533  8.976122  145.0  317.932067  12.385526  148.0  140.301571  7.221774   50.0  335.027507  25.216562  149.0  292.462556  28.360445  155.0  120.909396  14.741747   45.0  343.436978  39.749199  110.0
FAILURE!!!! Some beads might have been misidentified
               x1       y1  area1          x2         y2  area2          x3        y3  area3          x4         y4  area4          x5         y5  area5          x6         y6  area6          x7         y7  area7
range  342.911745  8.97143  149.0  317.724474  12.404562  145.0  140.350059  7.131123   52.0  335.585747  25.224041  149.0  292.706945  28.325699  155.0  120.791151  14.671836   51.0  343.094727  39.804966  103.0
FAILURE!!!! Some beads might have been misidentified
Residual vector length: 3150, Jacobian shape: (3150, 6)
view   0 | SOD= 579.080 mm | SDD= 802.742 mm | M= 1.386 | incident=4.7367°
[[ 130.71677    -562.341       -44.93599   ]
 [ -60.129982    214.67029      20.064009  ]
 [   0.14584254    0.0333184     0.        ]
 [   0.            0.            0.1496    ]]
               x1        y1  area1         x2        y2  area2         x3        y3  area3         x4         y4  area4          x5         y5  area5        x6         y6  area6          x7         y7  area7
range  340.056261  10.72137  152.0  313.22386  14.17193  157.0  139.56276  7.664263   56.0  341.18867  26.509447  150.0  299.977924  29.322712  159.0  122.1302  15.220827   53.0  339.973228  42.157579  105.0
FAILURE!!!! Some beads might have been misidentified

iter 01 cost=3446014.749457 -> 995911.081318 |dtheta|=7.964832e+00  lambda=3.333e-03

============================================================
Iteration 2
============================================================
Theta offsets (Unity frame):
  Source   : dSx=   0.000, dSy=   0.000, dSz=   0.000  (mm)
  Object   : dOx= -14.678, dOy=  -7.936, dOz=  -2.717  (mm)
  Object offset: offset_x=  -0.513, offset_z=   0.047  (mm)
  Detector : dDx=   0.000, dDy=   0.000, dDz=   0.000  (mm)
  Obj Stage rotY :   12.869 deg
============================================================

Unity geometry (world coordinates):
  Source   : x=   5.000, y=  60.000, z=   0.000
  Object   : x=   3.322, y=  15.064, z= 577.283
  Detector : x=  -8.000, y=  -5.000, z= 800.000
  Obj rotY :   0.0000 deg
view   0 | SOD= 579.080 mm | SDD= 802.742 mm | M= 1.386 | incident=4.7367°
[[ 130.71677    -562.341       -44.93599   ]
 [ -60.129982    214.67029      20.064009  ]
 [   0.14584254    0.0333184     0.        ]
 [   0.            0.            0.1496    ]]
               x1        y1  area1         x2        y2  area2         x3        y3  area3         x4         y4  area4          x5         y5  area5        x6         y6  area6          x7         y7  area7
range  340.056261  10.72137  152.0  313.22386  14.17193  157.0  139.56276  7.664263   56.0  341.18867  26.509447  150.0  299.977924  29.322712  159.0  122.1302  15.220827   53.0  339.973228  42.157579  105.0
FAILURE!!!! Some beads might have been misidentified
              x1         y1  area1         x2         y2  area2          x3        y3  area3          x4         y4  area4          x5         y5  area5          x6         y6  area6          x7         y7  area7
range  340.01621  10.752715  143.0  313.07092  14.214572  161.0  139.547857  7.751507   54.0  341.308253  26.534198  148.0  299.943545  29.429764  162.0  122.069176  15.210798   53.0  339.953122  42.097473  106.0
FAILURE!!!! Some beads might have been misidentified
               x1         y1  area1          x2         y2  area2          x3        y3  area3          x4         y4  area4          x5         y5  area5          x6         y6  area6          x7         y7  area7
range  339.993693  10.667808  154.0  313.162714  14.179899  159.0  139.504061  7.681815   53.0  341.140734  26.584134  152.0  300.052492  29.299978  161.0  122.193338  15.297768   54.0  340.025711  42.071247  106.0
FAILURE!!!! Some beads might have been misidentified
               x1         y1  area1          x2         y2  area2         x3        y3  area3          x4         y4  area4          x5         y5  area5          x6         y6  area6         x7         y7  area7
range  340.032323  10.629856  155.0  313.230519  14.133022  166.0  139.53782  7.654851   55.0  341.131642  26.589159  147.0  299.977912  29.334147  155.0  122.148341  15.321523   52.0  340.04796  42.090798  111.0
FAILURE!!!! Some beads might have been misidentified
              x1         y1  area1          x2        y2  area2          x3        y3  area3          x4         y4  area4          x5         y5  area5          x6         y6  area6          x7         y7  area7
range  340.08802  10.739096  153.0  313.204769  14.16053  158.0  139.579399  7.712112   55.0  341.194415  26.519911  151.0  299.929719  29.370078  165.0  122.089588  15.255608   57.0  339.979546  42.129753  107.0
FAILURE!!!! Some beads might have been misidentified
               x1         y1  area1         x2         y2  area2          x3        y3  area3         x4         y4  area4          x5         y5  area5         x6        y6  area6          x7         y7  area7
range  340.056261  10.673031  152.0  313.22386  14.192843  161.0  139.562268  7.647766   55.0  341.18867  26.497596  146.0  299.977924  29.304168  160.0  122.12058  15.24373   53.0  339.973228  42.128875  105.0
FAILURE!!!! Some beads might have been misidentified
               x1         y1  area1         x2         y2  area2          x3        y3  area3         x4         y4  area4          x5         y5  area5        x6         y6  area6          x7         y7  area7
range  340.056261  10.701926  152.0  313.22386  14.150205  161.0  139.570731  7.705444   56.0  341.18867  26.518402  149.0  299.977956  29.344786  159.0  122.1302  15.246985   53.0  339.973228  42.067439  104.0
FAILURE!!!! Some beads might have been misidentified
               x1         y1  area1          x2         y2  area2          x3        y3  area3         x4         y4  area4          x5         y5  area5        x6         y6  area6          x7         y7  area7
range  340.056261  10.723077  151.0  313.203703  14.212102  155.0  139.541885  7.647253   56.0  341.18867  26.507422  151.0  299.977924  29.344786  156.0  122.1302  15.254092   53.0  339.973228  42.134972  107.0
FAILURE!!!! Some beads might have been misidentified
               x1         y1  area1         x2         y2  area2          x3        y3  area3         x4         y4  area4          x5         y5  area5        x6         y6  area6          x7         y7  area7
range  340.056261  10.670364  154.0  313.22386  14.211785  161.0  139.566121  7.682382   56.0  341.18867  26.529912  146.0  299.977924  29.293088  160.0  122.1302  15.253046   53.0  339.973228  42.118866  107.0
FAILURE!!!! Some beads might have been misidentified
               x1         y1  area1          x2        y2  area2          x3        y3  area3          x4         y4  area4          x5         y5  area5          x6         y6  area6          x7         y7  area7
range  340.063469  10.722229  155.0  313.010352  14.24149  162.0  139.382753  7.678372   57.0  341.167047  26.493049  152.0  300.076548  29.368585  160.0  122.305307  15.201865   55.0  339.996439  42.069088  106.0
FAILURE!!!! Some beads might have been misidentified
               x1         y1  area1         x2         y2  area2         x3       y3  area3          x4         y4  area4          x5         y5  area5          x6         y6  area6          x7         y7  area7
range  340.031211  10.705507  142.0  313.28391  14.156222  157.0  139.69373  7.65433   55.0  341.276522  26.608002  150.0  299.935872  29.349649  162.0  121.957207  15.336873   54.0  339.952306  42.122249  104.0
FAILURE!!!! Some beads might have been misidentified
               x1         y1  area1          x2         y2  area2          x3       y3  area3          x4         y4  area4          x5         y5  area5          x6         y6  area6          x7         y7  area7
range  340.232157  10.711604  158.0  313.227759  14.211785  154.0  139.494107  7.72139   57.0  341.016293  26.524327  151.0  299.890839  29.361511  160.0  122.255837  15.279807   54.0  340.230486  42.115258  103.0
FAILURE!!!! Some beads might have been misidentified
               x1         y1  area1          x2         y2  area2          x3        y3  area3          x4         y4  area4          x5         y5  area5         x6         y6  area6          x7         y7  area7
range  339.754737  10.688822  153.0  312.971452  14.247291  156.0  139.591169  7.690395   51.0  341.432693  26.482468  155.0  300.068213  29.301008  160.0  122.02899  15.247455   50.0  339.735595  42.141371  109.0
FAILURE!!!! Some beads might have been misidentified
Residual vector length: 3150, Jacobian shape: (3150, 6)
view   0 | SOD= 576.927 mm | SDD= 802.742 mm | M= 1.391 | incident=4.7367°
[[ 170.73204    -549.1769      -45.82594   ]
 [ -73.41553     212.76862      19.17406   ]
 [   0.1431879     0.04332879    0.        ]
 [   0.            0.            0.1496    ]]
               x1         y1  area1          x2         y2  area2          x3        y3  area3          x4         y4  area4          x5         y5  area5          x6         y6  area6          x7         y7  area7
range  340.380587  11.346578  147.0  313.989135  14.685687  162.0  140.728411  7.883802   53.0  343.427477  27.104038  149.0  301.639247  29.994958  166.0  121.755585  15.688921   51.0  340.406539  43.101147   96.0
FAILURE!!!! Some beads might have been misidentified

iter 02 cost=995911.081318 -> 379522.351258 |dtheta|=5.073383e+00  lambda=1.111e-03

============================================================
Iteration 3
============================================================
Theta offsets (Unity frame):
  Source   : dSx=   0.000, dSy=   0.000, dSz=   0.000  (mm)
  Object   : dOx= -16.816, dOy=  -8.826, dOz=  -4.868  (mm)
  Object offset: offset_x=  -0.540, offset_z=  -0.044  (mm)
  Detector : dDx=   0.000, dDy=   0.000, dDz=   0.000  (mm)
  Obj Stage rotY :   16.836 deg
============================================================

Unity geometry (world coordinates):
  Source   : x=   5.000, y=  60.000, z=   0.000
  Object   : x=   1.184, y=  14.174, z= 575.132
  Detector : x=  -8.000, y=  -5.000, z= 800.000
  Obj rotY :   0.0000 deg
view   0 | SOD= 576.927 mm | SDD= 802.742 mm | M= 1.391 | incident=4.7367°
[[ 170.73204    -549.1769      -45.82594   ]
 [ -73.41553     212.76862      19.17406   ]
 [   0.1431879     0.04332879    0.        ]
 [   0.            0.            0.1496    ]]
               x1         y1  area1          x2         y2  area2          x3        y3  area3          x4         y4  area4          x5         y5  area5          x6         y6  area6          x7         y7  area7
range  340.380587  11.346578  147.0  313.989135  14.685687  162.0  140.728411  7.883802   53.0  343.427477  27.104038  149.0  301.639247  29.994958  166.0  121.755585  15.688921   51.0  340.406539  43.101147   96.0
FAILURE!!!! Some beads might have been misidentified
               x1         y1  area1         x2        y2  area2          x3        y3  area3          x4         y4  area4          x5         y5  area5          x6         y6  area6          x7         y7  area7
range  340.371395  11.375613  145.0  313.91773  14.65658  163.0  140.638597  7.896858   50.0  343.603827  27.139811  153.0  301.630219  30.000482  162.0  121.796551  15.671757   49.0  340.322052  43.148724   99.0
FAILURE!!!! Some beads might have been misidentified
               x1         y1  area1          x2         y2  area2          x3       y3  area3          x4         y4  area4          x5         y5  area5          x6         y6  area6          x7         y7  area7
range  340.336112  11.418362  148.0  313.959118  14.709656  163.0  140.727149  7.90429   57.0  343.309253  27.098443  152.0  301.656687  29.941577  161.0  121.790179  15.783854   52.0  340.388923  43.078582  100.0
FAILURE!!!! Some beads might have been misidentified
               x1         y1  area1          x2         y2  area2          x3        y3  area3          x4         y4  area4         x5         y5  area5         x6         y6  area6          x7         y7  area7
range  340.350675  11.416056  147.0  313.964488  14.705562  161.0  140.655473  7.908454   49.0  343.371295  27.073643  150.0  301.62472  29.985966  162.0  121.82659  15.716804   54.0  340.333029  43.082861   97.0
FAILURE!!!! Some beads might have been misidentified
               x1        y1  area1          x2         y2  area2          x3        y3  area3          x4         y4  area4       x5         y5  area5          x6         y6  area6          x7         y7  area7
range  340.344013  11.32205  141.0  313.906245  14.673272  161.0  140.748964  7.854408   52.0  343.449077  27.042402  145.0  301.625  29.985467  168.0  121.749789  15.703541   50.0  340.422559  43.193273  105.0
FAILURE!!!! Some beads might have been misidentified
               x1         y1  area1          x2         y2  area2          x3        y3  area3          x4         y4  area4          x5         y5  area5          x6         y6  area6          x7         y7  area7
range  340.380587  11.346578  147.0  313.972398  14.685705  162.0  140.706527  7.861855   53.0  343.427477  27.112701  152.0  301.627016  29.994958  164.0  121.755585  15.698234   53.0  340.389612  43.100304   95.0
FAILURE!!!! Some beads might have been misidentified
               x1         y1  area1          x2         y2  area2          x3        y3  area3          x4         y4  area4          x5         y5  area5          x6         y6  area6          x7         y7  area7
range  340.380587  11.353732  145.0  313.979726  14.640066  162.0  140.778049  7.883802   54.0  343.417123  27.104038  146.0  301.639247  29.970152  166.0  121.794195  15.688921   51.0  340.410069  43.136599   97.0
FAILURE!!!! Some beads might have been misidentified
               x1         y1  area1          x2         y2  area2          x3        y3  area3          x4         y4  area4          x5         y5  area5          x6         y6  area6          x7         y7  area7
range  340.367433  11.329428  144.0  313.989135  14.704052  157.0  140.728411  7.883802   53.0  343.423283  27.127307  152.0  301.641851  29.982803  165.0  121.755585  15.700013   52.0  340.406539  43.150266   97.0
FAILURE!!!! Some beads might have been misidentified
               x1         y1  area1          x2         y2  area2          x3        y3  area3          x4         y4  area4          x5         y5  area5          x6        y6  area6          x7         y7  area7
range  340.380587  11.353956  146.0  313.971579  14.647573  165.0  140.728411  7.870369   55.0  343.432636  27.111061  145.0  301.639247  29.909205  166.0  121.755585  15.71094   52.0  340.406539  43.102159   97.0
FAILURE!!!! Some beads might have been misidentified
               x1       y1  area1          x2         y2  area2          x3        y3  area3          x4         y4  area4          x5         y5  area5          x6         y6  area6          x7        y7  area7
range  340.406956  11.4291  146.0  313.809729  14.667764  160.0  140.521844  7.945898   52.0  343.398898  27.139287  153.0  301.760044  29.955098  161.0  122.011989  15.717829   54.0  340.399221  43.11618   99.0
FAILURE!!!! Some beads might have been misidentified
               x1         y1  area1          x2         y2  area2          x3        y3  area3          x4         y4  area4         x5         y5  area5          x6         y6  area6         x7         y7  area7
range  340.350668  11.364876  147.0  314.098334  14.739527  166.0  140.841341  7.869476   52.0  343.438809  27.098967  148.0  301.56878  29.994047  170.0  121.593456  15.702086   51.0  340.36667  43.136482   99.0
FAILURE!!!! Some beads might have been misidentified
               x1         y1  area1          x2         y2  area2        x3        y3  area3          x4         y4  area4          x5         y5  area5          x6        y6  area6          x7        y7  area7
range  340.545943  11.346578  146.0  314.123773  14.683993  165.0  140.6473  7.877895   51.0  343.235304  27.104038  153.0  301.540611  29.955098  165.0  121.929713  15.69451   49.0  340.602482  43.07129   98.0
FAILURE!!!! Some beads might have been misidentified
               x1         y1  area1          x2         y2  area2          x3        y3  area3          x4         y4  area4          x5         y5  area5          x6         y6  area6          x7         y7  area7
range  340.161563  11.353732  144.0  313.826743  14.739527  167.0  140.885012  7.946063   53.0  343.677775  27.103129  148.0  301.774185  29.994047  176.0  121.617473  15.739062   53.0  340.108493  43.125779   97.0
FAILURE!!!! Some beads might have been misidentified
Residual vector length: 3150, Jacobian shape: (3150, 6)
view   0 | SOD= 574.521 mm | SDD= 802.742 mm | M= 1.397 | incident=4.7367°
[[ 202.08115    -535.83044     -46.078026  ]
 [ -85.74327     210.71231      18.921974  ]
 [   0.14044105    0.051541      0.        ]
 [   0.            0.            0.1496    ]]
               x1         y1  area1         x2         y2  area2          x3        y3  area3          x4         y4  area4          x5         y5  area5          x6         y6  area6          x7         y7  area7
range  344.811469  11.399075  152.0  316.62401  14.837163  160.0  139.378921  8.254458   56.0  341.847251  27.864801  151.0  301.394776  30.580874  168.0  124.607893  15.704367   55.0  344.672223  43.219557  107.0
FAILURE!!!! Some beads might have been misidentified

iter 03 cost=379522.351258 -> 174057.584693 |dtheta|=4.281712e+00  lambda=3.704e-04

============================================================
Iteration 4
============================================================
Theta offsets (Unity frame):
  Source   : dSx=   0.000, dSy=   0.000, dSz=   0.000  (mm)
  Object   : dOx= -17.615, dOy=  -9.078, dOz=  -7.439  (mm)
  Object offset: offset_x=  -0.487, offset_z=   0.087  (mm)
  Detector : dDx=   0.000, dDy=   0.000, dDz=   0.000  (mm)
  Obj Stage rotY :   20.153 deg
============================================================

Unity geometry (world coordinates):
  Source   : x=   5.000, y=  60.000, z=   0.000
  Object   : x=   0.385, y=  13.922, z= 572.561
  Detector : x=  -8.000, y=  -5.000, z= 800.000
  Obj rotY :   0.0000 deg
view   0 | SOD= 574.521 mm | SDD= 802.742 mm | M= 1.397 | incident=4.7367°
[[ 202.08115    -535.83044     -46.078026  ]
 [ -85.74327     210.71231      18.921974  ]
 [   0.14044105    0.051541      0.        ]
 [   0.            0.            0.1496    ]]
               x1         y1  area1         x2         y2  area2          x3        y3  area3          x4         y4  area4          x5         y5  area5          x6         y6  area6          x7         y7  area7
range  344.811469  11.399075  152.0  316.62401  14.837163  160.0  139.378921  8.254458   56.0  341.847251  27.864801  151.0  301.394776  30.580874  168.0  124.607893  15.704367   55.0  344.672223  43.219557  107.0
FAILURE!!!! Some beads might have been misidentified
               x1         y1  area1          x2         y2  area2          x3        y3  area3          x4         y4  area4          x5         y5  area5         x6         y6  area6          x7         y7  area7
range  344.880591  11.477631  154.0  316.688151  14.912602  159.0  139.372241  8.268686   61.0  341.838072  27.826276  153.0  301.324255  30.470608  163.0  124.54568  15.698318   55.0  344.730493  43.229077  112.0
FAILURE!!!! Some beads might have been misidentified
               x1         y1  area1          x2         y2  area2          x3        y3  area3          x4         y4  area4          x5         y5  area5          x6         y6  area6          x7         y7  area7
range  344.901942  11.424659  151.0  316.638817  14.847167  161.0  139.311769  8.226389   54.0  341.848276  27.860714  151.0  301.386342  30.541541  172.0  124.629097  15.655978   58.0  344.800283  43.223204  107.0
FAILURE!!!! Some beads might have been misidentified
               x1       y1  area1          x2         y2  area2          x3        y3  area3          x4         y4  area4          x5         y5  area5          x6         y6  area6          x7         y7  area7
range  344.795526  11.4535  151.0  316.680739  14.913951  157.0  139.288224  8.258574   55.0  341.877551  27.767851  155.0  301.351543  30.558798  163.0  124.574882  15.706265   54.0  344.740057  43.256201  100.0
FAILURE!!!! Some beads might have been misidentified
               x1         y1  area1          x2         y2  area2          x3       y3  area3          x4         y4  area4          x5         y5  area5          x6         y6  area6          x7         y7  area7
range  344.868372  11.411873  148.0  316.623351  14.842021  157.0  139.319688  8.21344   54.0  341.838615  27.827815  148.0  301.361715  30.554867  162.0  124.592978  15.639646   54.0  344.645321  43.309812  110.0
FAILURE!!!! Some beads might have been misidentified
               x1         y1  area1          x2         y2  area2          x3        y3  area3          x4         y4  area4         x5         y5  area5        x6         y6  area6          x7         y7  area7
range  344.776909  11.403398  143.0  316.631301  14.811749  160.0  139.378921  8.254458   57.0  341.835067  27.847637  144.0  301.35911  30.646144  168.0  124.5914  15.704367   55.0  344.669484  43.279282  101.0
FAILURE!!!! Some beads might have been misidentified
               x1         y1  area1          x2         y2  area2          x3        y3  area3          x4         y4  area4          x5         y5  area5          x6         y6  area6          x7        y7  area7
range  344.811469  11.399075  152.0  316.628581  14.855421  160.0  139.382927  8.256869   55.0  341.847251  27.865503  150.0  301.394776  30.503143  162.0  124.617135  15.704367   56.0  344.706727  43.23944  106.0
FAILURE!!!! Some beads might have been misidentified
               x1         y1  area1          x2         y2  area2          x3        y3  area3          x4         y4  area4          x5         y5  area5          x6         y6  area6          x7         y7  area7
range  344.811469  11.412213  153.0  316.616055  14.854558  160.0  139.378921  8.257735   56.0  341.847251  27.879464  150.0  301.383257  30.502196  160.0  124.607893  15.695355   56.0  344.684211  43.233194  108.0
FAILURE!!!! Some beads might have been misidentified
               x1         y1  area1          x2         y2  area2          x3        y3  area3          x4         y4  area4          x5         y5  area5          x6         y6  area6          x7         y7  area7
range  344.794076  11.413887  156.0  316.632649  14.824798  162.0  139.382927  8.254458   57.0  341.829789  27.798828  152.0  301.394776  30.506514  160.0  124.607893  15.717863   55.0  344.664727  43.199648  108.0
FAILURE!!!! Some beads might have been misidentified
               x1         y1  area1          x2         y2  area2          x3        y3  area3          x4         y4  area4          x5         y5  area5          x6         y6  area6          x7         y7  area7
range  344.790247  11.431568  155.0  316.507712  14.816883  163.0  139.123054  8.270431   55.0  341.829789  27.821523  147.0  301.530813  30.604548  174.0  124.725056  15.686318   54.0  344.697834  43.241019  111.0
FAILURE!!!! Some beads might have been misidentified
               x1         y1  area1          x2         y2  area2          x3        y3  area3          x4         y4  area4          x5         y5  area5          x6         y6  area6          x7         y7  area7
range  344.828637  11.470723  150.0  316.786264  14.901776  158.0  139.547584  8.242263   52.0  341.876016  27.865468  150.0  301.233941  30.525587  162.0  124.431313  15.695355   55.0  344.658894  43.211262  110.0
FAILURE!!!! Some beads might have been misidentified
               x1         y1  area1         x2         y2  area2          x3        y3  area3          x4         y4  area4          x5         y5  area5          x6         y6  area6          x7         y7  area7
range  345.106912  11.378306  152.0  316.71794  14.831971  162.0  139.241735  8.240979   61.0  341.703093  27.865503  150.0  301.257861  30.617383  164.0  124.653932  15.691448   60.0  345.050473  43.219557  107.0
FAILURE!!!! Some beads might have been misidentified
               x1         y1  area1          x2         y2  area2          x3        y3  area3          x4         y4  area4          x5         y5  area5          x6         y6  area6          x7         y7  area7
range  344.695135  11.424166  152.0  316.532605  14.901776  159.0  139.487418  8.261633   56.0  341.983255  27.847637  144.0  301.491195  30.473659  161.0  124.480356  15.671392   51.0  344.480303  43.298039  112.0
FAILURE!!!! Some beads might have been misidentified
Residual vector length: 3150, Jacobian shape: (3150, 6)
view   0 | SOD= 572.638 mm | SDD= 802.742 mm | M= 1.402 | incident=4.7367°
[[ 218.08029    -527.4747      -46.106922  ]
 [ -92.77156     209.7771       18.893078  ]
 [   0.13877404    0.05587422    0.        ]
 [   0.            0.            0.1496    ]]
              x1         y1  area1          x2         y2  area2          x3        y3  area3          x4         y4  area4         x5         y5  area5          x6         y6  area6          x7         y7  area7
range  346.10936  11.535708  147.0  316.136669  15.062906  154.0  137.208792  8.283789   63.0  342.864682  28.031516  150.0  304.20541  30.635083  167.0  127.500295  15.533868   55.0  346.156209  43.642889  104.0
FAILURE!!!! Some beads might have been misidentified

iter 04 cost=174057.584693 -> 105924.757807 |dtheta|=2.622604e+00  lambda=1.235e-04

============================================================
Iteration 5
============================================================
Theta offsets (Unity frame):
  Source   : dSx=   0.000, dSy=   0.000, dSz=   0.000  (mm)
  Object   : dOx= -17.948, dOy=  -9.107, dOz=  -9.332  (mm)
  Object offset: offset_x=  -0.343, offset_z=   0.086  (mm)
  Detector : dDx=   0.000, dDy=   0.000, dDz=   0.000  (mm)
  Obj Stage rotY :   21.931 deg
============================================================

Unity geometry (world coordinates):
  Source   : x=   5.000, y=  60.000, z=   0.000
  Object   : x=   0.052, y=  13.893, z= 570.668
  Detector : x=  -8.000, y=  -5.000, z= 800.000
  Obj rotY :   0.0000 deg
view   0 | SOD= 572.638 mm | SDD= 802.742 mm | M= 1.402 | incident=4.7367°
[[ 218.08029    -527.4747      -46.106922  ]
 [ -92.77156     209.7771       18.893078  ]
 [   0.13877404    0.05587422    0.        ]
 [   0.            0.            0.1496    ]]
              x1         y1  area1          x2         y2  area2          x3        y3  area3          x4         y4  area4         x5         y5  area5          x6         y6  area6          x7         y7  area7
range  346.10936  11.535708  147.0  316.136669  15.062906  154.0  137.208792  8.283789   63.0  342.864682  28.031516  150.0  304.20541  30.635083  167.0  127.500295  15.533868   55.0  346.156209  43.642889  104.0
FAILURE!!!! Some beads might have been misidentified
               x1         y1  area1          x2         y2  area2         x3        y3  area3          x4         y4  area4          x5         y5  area5          x6         y6  area6          x7         y7  area7
range  346.033244  11.511014  138.0  316.135085  15.099813  152.0  137.23954  8.307847   58.0  342.847985  28.023028  154.0  304.213928  30.623751  165.0  127.476252  15.569476   53.0  346.163291  43.585428  101.0
FAILURE!!!! Some beads might have been misidentified
               x1         y1  area1         x2         y2  area2          x3        y3  area3          x4         y4  area4          x5         y5  area5          x6         y6  area6          x7         y7  area7
range  346.206507  11.540131  142.0  315.93052  15.040423  159.0  137.235372  8.327585   57.0  342.809346  28.000841  154.0  304.094654  30.542227  173.0  127.548504  15.542345   57.0  346.147455  43.582593   98.0
FAILURE!!!! Some beads might have been misidentified
               x1         y1  area1          x2         y2  area2          x3        y3  area3          x4       y4  area4          x5         y5  area5          x6         y6  area6          x7         y7  area7
range  346.076019  11.529712  134.0  316.173805  15.117568  154.0  137.150129  8.316501   61.0  342.815789  27.9651  151.0  304.232494  30.580592  171.0  127.549276  15.465927   56.0  346.090767  43.633552  100.0
FAILURE!!!! Some beads might have been misidentified
               x1         y1  area1          x2         y2  area2          x3        y3  area3          x4         y4  area4          x5        y5  area5          x6         y6  area6          x7         y7  area7
range  346.109991  11.532977  141.0  316.134139  15.141678  158.0  137.198595  8.341195   54.0  342.892723  28.093874  149.0  304.197729  30.58802  171.0  127.513648  15.518859   52.0  346.173114  43.528537   97.0
FAILURE!!!! Some beads might have been misidentified
               x1         y1  area1          x2         y2  area2          x3       y3  area3          x4         y4  area4         x5         y5  area5          x6      y6  area6          x7         y7  area7
range  346.085366  11.546479  147.0  316.136854  15.087296  153.0  137.184885  8.28443   62.0  342.840901  28.040187  150.0  304.20541  30.635083  166.0  127.509758  15.554   54.0  346.156209  43.642889  102.0
FAILURE!!!! Some beads might have been misidentified
              x1         y1  area1          x2         y2  area2          x3        y3  area3          x4         y4  area4          x5         y5  area5          x6         y6  area6          x7         y7  area7
range  346.10936  11.546479  146.0  316.136669  15.062906  154.0  137.199354  8.304947   63.0  342.880412  28.045918  149.0  304.184499  30.595384  167.0  127.529062  15.557442   55.0  346.150727  43.618561  104.0
FAILURE!!!! Some beads might have been misidentified
              x1         y1  area1          x2         y2  area2          x3        y3  area3          x4         y4  area4         x5         y5  area5          x6         y6  area6          x7         y7  area7
range  346.10936  11.549624  138.0  316.136854  15.083541  154.0  137.223199  8.283789   61.0  342.830266  27.996549  154.0  304.20541  30.554915  172.0  127.534243  15.536555   54.0  346.156209  43.541613   99.0
FAILURE!!!! Some beads might have been misidentified
              x1       y1  area1          x2         y2  area2          x3       y3  area3          x4         y4  area4         x5         y5  area5          x6         y6  area6          x7         y7  area7
range  346.10936  11.5048  147.0  316.136669  15.048145  155.0  137.223199  8.28587   62.0  342.840901  28.057656  149.0  304.20541  30.655941  166.0  127.492407  15.533868   56.0  346.150727  43.643738  102.0
FAILURE!!!! Some beads might have been misidentified
               x1         y1  area1         x2         y2  area2          x3        y3  area3          x4         y4  area4          x5         y5  area5          x6       y6  area6          x7         y7  area7
range  346.085366  11.493481  140.0  315.81932  15.077627  156.0  137.066388  8.323487   57.0  342.840901  28.022118  154.0  304.353334  30.514943  170.0  127.692886  15.5121   56.0  346.176311  43.630469   98.0
FAILURE!!!! Some beads might have been misidentified
              x1         y1  area1          x2        y2  area2          x3        y3  area3          x4         y4  area4          x5         y5  area5          x6         y6  area6          x7         y7  area7
range  346.10936  11.557664  138.0  316.225519  15.05381  154.0  137.408523  8.299573   54.0  342.880412  28.001752  153.0  304.070851  30.599218  176.0  127.376364  15.557063   53.0  346.150727  43.537551   97.0
FAILURE!!!! Some beads might have been misidentified
              x1        y1  area1          x2        y2  area2          x3        y3  area3          x4         y4  area4          x5         y5  area5        x6         y6  area6         x7         y7  area7
range  346.25272  11.52209  142.0  316.229645  15.04591  154.0  137.088995  8.346925   59.0  342.644773  28.054589  153.0  304.091568  30.538824  172.0  127.6421  15.572589   53.0  346.35923  43.595179   97.0
FAILURE!!!! Some beads might have been misidentified
              x1         y1  area1          x2         y2  area2          x3        y3  area3          x4         y4  area4          x5         y5  area5          x6         y6  area6          x7         y7  area7
range  345.98703  11.535708  138.0  315.838056  15.072547  154.0  137.221318  8.323487   59.0  343.012558  28.031516  153.0  304.319585  30.599218  173.0  127.400666  15.539232   58.0  345.951515  43.642889   99.0
FAILURE!!!! Some beads might have been misidentified
Residual vector length: 3150, Jacobian shape: (3150, 6)
view   0 | SOD= 570.797 mm | SDD= 802.742 mm | M= 1.406 | incident=4.7367°
[[ 227.50717    -521.4674      -46.05631   ]
 [ -97.58681     209.616        18.943691  ]
 [   0.13766412    0.05855553    0.        ]
 [   0.            0.            0.1496    ]]
               x1        y1  area1          x2         y2  area2          x3        y3  area3          x4         y4  area4          x5         y5  area5         x6         y6  area6          x7         y7  area7
range  345.967907  11.65351  144.0  313.858462  15.283563  167.0  135.370715  8.566416   58.0  344.999037  28.127597  149.0  308.249497  30.489265  171.0  129.98253  15.303173   54.0  345.924262  43.935707  101.0
FAILURE!!!! Some beads might have been misidentified

iter 05 cost=105924.757807 -> 72236.560660 |dtheta|=2.110287e+00  lambda=4.115e-05

============================================================
Iteration 6
============================================================
Theta offsets (Unity frame):
  Source   : dSx=   0.000, dSy=   0.000, dSz=   0.000  (mm)
  Object   : dOx= -18.067, dOy=  -9.056, dOz= -11.113  (mm)
  Object offset: offset_x=  -0.179, offset_z=   0.024  (mm)
  Detector : dDx=   0.000, dDy=   0.000, dDz=   0.000  (mm)
  Obj Stage rotY :   23.043 deg
============================================================

Unity geometry (world coordinates):
  Source   : x=   5.000, y=  60.000, z=   0.000
  Object   : x=  -0.067, y=  13.944, z= 568.887
  Detector : x=  -8.000, y=  -5.000, z= 800.000
  Obj rotY :   0.0000 deg
view   0 | SOD= 570.797 mm | SDD= 802.742 mm | M= 1.406 | incident=4.7367°
[[ 227.50717    -521.4674      -46.05631   ]
 [ -97.58681     209.616        18.943691  ]
 [   0.13766412    0.05855553    0.        ]
 [   0.            0.            0.1496    ]]
               x1        y1  area1          x2         y2  area2          x3        y3  area3          x4         y4  area4          x5         y5  area5         x6         y6  area6          x7         y7  area7
range  345.967907  11.65351  144.0  313.858462  15.283563  167.0  135.370715  8.566416   58.0  344.999037  28.127597  149.0  308.249497  30.489265  171.0  129.98253  15.303173   54.0  345.924262  43.935707  101.0
FAILURE!!!! Some beads might have been misidentified
               x1         y1  area1          x2         y2  area2          x3        y3  area3          x4         y4  area4          x5         y5  area5          x6         y6  area6          x7         y7  area7
range  345.951778  11.573272  146.0  313.993312  15.280996  162.0  135.264202  8.609791   55.0  345.021074  28.175552  148.0  308.210921  30.472959  171.0  130.051718  15.270381   57.0  345.907466  43.981818   97.0
FAILURE!!!! Some beads might have been misidentified
               x1         y1  area1          x2         y2  area2          x3        y3  area3          x4         y4  area4          x5         y5  area5          x6         y6  area6          x7         y7  area7
range  345.965072  11.646092  143.0  313.785206  15.289092  158.0  135.358824  8.589146   55.0  344.947524  28.152903  146.0  308.280207  30.444478  173.0  129.978759  15.282451   55.0  345.922647  43.914102   99.0
FAILURE!!!! Some beads might have been misidentified
               x1         y1  area1          x2         y2  area2          x3        y3  area3          x4         y4  area4         x5         y5  area5          x6         y6  area6          x7         y7  area7
range  346.022466  11.697545  146.0  313.882943  15.323092  162.0  135.388994  8.550142   56.0  345.027452  28.141535  153.0  308.21371  30.519865  166.0  130.029132  15.296382   50.0  345.938613  43.959975  105.0
FAILURE!!!! Some beads might have been misidentified
               x1         y1  area1          x2         y2  area2          x3        y3  area3          x4         y4  area4          x5         y5  area5          x6         y6  area6          x7         y7  area7
range  345.892173  11.672672  142.0  313.860697  15.332694  167.0  135.296078  8.606336   60.0  344.991353  28.120903  149.0  308.165959  30.450676  170.0  129.939578  15.289924   52.0  345.885468  43.965718   96.0
FAILURE!!!! Some beads might have been misidentified
               x1         y1  area1          x2         y2  area2          x3        y3  area3          x4         y4  area4          x5         y5  area5          x6         y6  area6          x7         y7  area7
range  345.967907  11.612059  144.0  313.877666  15.260351  167.0  135.370715  8.592789   57.0  345.007884  28.127597  150.0  308.249497  30.456373  167.0  129.988696  15.326398   55.0  345.925006  43.935707  107.0
FAILURE!!!! Some beads might have been misidentified
               x1        y1  area1          x2         y2  area2          x3        y3  area3          x4         y4  area4          x5         y5  area5          x6         y6  area6         x7         y7  area7
range  345.967907  11.65351  143.0  313.858462  15.283213  166.0  135.394755  8.556411   60.0  345.035594  28.127597  149.0  308.274404  30.489265  171.0  129.928406  15.290356   54.0  345.93986  43.954875  100.0
FAILURE!!!! Some beads might have been misidentified
               x1         y1  area1          x2         y2  area2          x3       y3  area3          x4         y4  area4          x5         y5  area5         x6         y6  area6          x7         y7  area7
range  345.913825  11.622422  141.0  313.858462  15.287694  163.0  135.370715  8.58271   60.0  345.023858  28.099375  149.0  308.249497  30.466612  170.0  129.96834  15.294709   54.0  345.900044  43.926077   99.0
FAILURE!!!! Some beads might have been misidentified
               x1         y1  area1          x2         y2  area2          x3        y3  area3          x4        y4  area4          x5         y5  area5         x6         y6  area6          x7         y7  area7
range  345.967907  11.589449  144.0  313.877666  15.311548  164.0  135.370715  8.566416   56.0  344.988002  28.11751  151.0  308.277036  30.437976  169.0  129.98253  15.307543   54.0  345.925006  43.934992  108.0
FAILURE!!!! Some beads might have been misidentified
               x1         y1  area1          x2         y2  area2          x3        y3  area3          x4         y4  area4          x5         y5  area5          x6         y6  area6         x7        y7  area7
range  345.967907  11.618619  146.0  313.706971  15.257273  163.0  135.140607  8.566594   59.0  344.986052  28.188936  147.0  308.371415  30.453366  165.0  130.142638  15.324153   54.0  345.93986  43.95194  100.0
FAILURE!!!! Some beads might have been misidentified
               x1         y1  area1          x2        y2  area2          x3        y3  area3         x4         y4  area4          x5         y5  area5          x6         y6  area6          x7        y7  area7
range  345.942557  11.600745  142.0  314.033572  15.29307  163.0  135.509788  8.563427   57.0  345.06143  28.139519  150.0  308.125301  30.498392  173.0  129.873896  15.283952   56.0  345.948006  43.94398   97.0
FAILURE!!!! Some beads might have been misidentified
               x1         y1  area1          x2         y2  area2          x3        y3  area3          x4         y4  area4          x5         y5  area5          x6         y6  area6          x7         y7  area7
range  346.190108  11.630828  147.0  314.028165  15.238784  166.0  135.224838  8.597468   56.0  344.739308  28.127597  151.0  308.172798  30.467066  165.0  130.112321  15.256948   58.0  346.124744  43.935707  106.0
FAILURE!!!! Some beads might have been misidentified
               x1        y1  area1          x2         y2  area2          x3      y3  area3          x4         y4  area4          x5         y5  area5          x6         y6  area6          x7         y7  area7
range  345.726741  11.65351  143.0  313.706971  15.316911  166.0  135.443434  8.5688   56.0  345.229291  28.127597  154.0  308.333415  30.449056  171.0  129.857776  15.332897   53.0  345.716459  43.954875  102.0
FAILURE!!!! Some beads might have been misidentified
Residual vector length: 3150, Jacobian shape: (3150, 6)
view   0 | SOD= 569.128 mm | SDD= 802.742 mm | M= 1.410 | incident=4.7367°
[[ 234.05602    -516.7257      -46.028965  ]
 [-101.248276    209.7315       18.971035  ]
 [   0.13683027    0.06047841    0.        ]
 [   0.            0.            0.1496    ]]
               x1         y1  area1          x2         y2  area2          x3        y3  area3          x4         y4  area4          x5        y5  area5         x6         y6  area6          x7        y7  area7
range  346.455285  11.713354  147.0  313.205847  15.451085  156.0  134.684109  8.733239   56.0  346.457783  28.137724  153.0  310.692734  30.46119  173.0  131.44557  15.312382   57.0  346.461538  44.28458  102.0
FAILURE!!!! Some beads might have been misidentified

iter 06 cost=72236.560660 -> 51810.588850 |dtheta|=1.833527e+00  lambda=1.372e-05

============================================================
Iteration 7
============================================================
Theta offsets (Unity frame):
  Source   : dSx=   0.000, dSy=   0.000, dSz=   0.000  (mm)
  Object   : dOx= -18.085, dOy=  -9.029, dOz= -12.759  (mm)
  Object offset: offset_x=  -0.097, offset_z=  -0.002  (mm)
  Detector : dDx=   0.000, dDy=   0.000, dDz=   0.000  (mm)
  Obj Stage rotY :   23.845 deg
============================================================

Unity geometry (world coordinates):
  Source   : x=   5.000, y=  60.000, z=   0.000
  Object   : x=  -0.085, y=  13.971, z= 567.241
  Detector : x=  -8.000, y=  -5.000, z= 800.000
  Obj rotY :   0.0000 deg
view   0 | SOD= 569.128 mm | SDD= 802.742 mm | M= 1.410 | incident=4.7367°
[[ 234.05602    -516.7257      -46.028965  ]
 [-101.248276    209.7315       18.971035  ]
 [   0.13683027    0.06047841    0.        ]
 [   0.            0.            0.1496    ]]
               x1         y1  area1          x2         y2  area2          x3        y3  area3          x4         y4  area4          x5        y5  area5         x6         y6  area6          x7        y7  area7
range  346.455285  11.713354  147.0  313.205847  15.451085  156.0  134.684109  8.733239   56.0  346.457783  28.137724  153.0  310.692734  30.46119  173.0  131.44557  15.312382   57.0  346.461538  44.28458  102.0
FAILURE!!!! Some beads might have been misidentified
               x1         y1  area1          x2         y2  area2          x3        y3  area3          x4         y4  area4          x5         y5  area5          x6         y6  area6          x7         y7  area7
range  346.382599  11.708138  143.0  313.229953  15.407261  163.0  134.699464  8.704584   51.0  346.409023  28.190392  152.0  310.588251  30.429514  177.0  131.475555  15.290385   57.0  346.587666  44.316009   95.0
FAILURE!!!! Some beads might have been misidentified
               x1         y1  area1          x2         y2  area2          x3        y3  area3          x4         y4  area4          x5         y5  area5          x6         y6  area6          x7         y7  area7
range  346.410693  11.649831  146.0  313.283291  15.498435  156.0  134.657938  8.699169   54.0  346.409509  28.107143  153.0  310.613827  30.353666  165.0  131.507594  15.288937   61.0  346.336395  44.260984  105.0
FAILURE!!!! Some beads might have been misidentified
               x1         y1  area1          x2         y2  area2          x3        y3  area3          x4         y4  area4          x5         y5  area5          x6         y6  area6          x7         y7  area7
range  346.394869  11.649686  152.0  313.256217  15.417142  165.0  134.632121  8.778967   54.0  346.446143  28.112779  149.0  310.684617  30.400407  171.0  131.497085  15.260504   53.0  346.451958  44.289206  102.0
FAILURE!!!! Some beads might have been misidentified
               x1         y1  area1         x2         y2  area2          x3        y3  area3          x4         y4  area4          x5         y5  area5          x6         y6  area6          x7         y7  area7
range  346.409202  11.699026  140.0  313.18181  15.366956  163.0  134.703245  8.641263   54.0  346.453766  28.195295  154.0  310.661327  30.491286  178.0  131.520099  15.344485   64.0  346.451675  44.265643   96.0
FAILURE!!!! Some beads might have been misidentified
               x1         y1  area1          x2         y2  area2          x3        y3  area3          x4         y4  area4          x5         y5  area5          x6         y6  area6          x7         y7  area7
range  346.455285  11.689021  145.0  313.189162  15.451085  157.0  134.684109  8.733239   55.0  346.478428  28.150824  154.0  310.692734  30.485989  165.0  131.468557  15.319529   56.0  346.443075  44.348311  103.0
FAILURE!!!! Some beads might have been misidentified
               x1         y1  area1          x2         y2  area2          x3        y3  area3          x4         y4  area4          x5         y5  area5          x6         y6  area6          x7        y7  area7
range  346.455285  11.713354  146.0  313.219669  15.451085  156.0  134.685891  8.733239   56.0  346.479424  28.137724  153.0  310.688726  30.445613  173.0  131.506588  15.334263   58.0  346.461538  44.28458  103.0
FAILURE!!!! Some beads might have been misidentified
               x1         y1  area1          x2         y2  area2          x3        y3  area3          x4         y4  area4          x5         y5  area5          x6         y6  area6          x7         y7  area7
range  346.455285  11.705304  147.0  313.205847  15.469487  156.0  134.684109  8.746865   56.0  346.457783  28.127994  156.0  310.692734  30.428643  165.0  131.469607  15.297374   58.0  346.443075  44.248074  103.0
FAILURE!!!! Some beads might have been misidentified
               x1         y1  area1          x2         y2  area2          x3        y3  area3          x4         y4  area4          x5         y5  area5          x6         y6  area6          x7         y7  area7
range  346.455285  11.697801  144.0  313.205847  15.427883  156.0  134.684109  8.733239   52.0  346.457783  28.137724  152.0  310.670818  30.439784  175.0  131.468557  15.312382   56.0  346.461538  44.279862  105.0
FAILURE!!!! Some beads might have been misidentified
               x1        y1  area1          x2         y2  area2          x3        y3  area3          x4         y4  area4          x5         y5  area5          x6         y6  area6          x7        y7  area7
range  346.455285  11.72793  146.0  313.107217  15.470934  153.0  134.588956  8.694914   53.0  346.492265  28.199628  154.0  310.698535  30.366073  166.0  131.597742  15.292321   58.0  346.428071  44.31126  104.0
FAILURE!!!! Some beads might have been misidentified
               x1        y1  area1          x2         y2  area2          x3        y3  area3          x4         y4  area4          x5         y5  area5         x6         y6  area6          x7         y7  area7
range  346.455285  11.63004  142.0  313.417184  15.443469  162.0  134.774818  8.701969   54.0  346.465587  28.097906  151.0  310.549919  30.504107  178.0  131.32979  15.309194   57.0  346.461538  44.265732   97.0
FAILURE!!!! Some beads might have been misidentified
               x1         y1  area1          x2         y2  area2          x3        y3  area3          x4         y4  area4          x5         y5  area5          x6         y6  area6         x7        y7  area7
range  346.601215  11.689021  145.0  313.397465  15.457798  155.0  134.629118  8.721896   54.0  346.104294  28.150824  153.0  310.542155  30.366073  163.0  131.530402  15.263566   59.0  346.69052  44.28458  105.0
FAILURE!!!! Some beads might have been misidentified
               x1         y1  area1          x2         y2  area2         x3        y3  area3          x4         y4  area4          x5        y5  area5          x6         y6  area6          x7         y7  area7
range  346.192077  11.713354  143.0  313.123382  15.495229  157.0  134.77782  8.699621   52.0  346.714238  28.137724  155.0  310.694404  30.38791  182.0  131.368935  15.318271   59.0  346.233541  44.348311   96.0
FAILURE!!!! Some beads might have been misidentified
Residual vector length: 3150, Jacobian shape: (3150, 6)
view   0 | SOD= 567.525 mm | SDD= 802.742 mm | M= 1.414 | incident=4.7367°
[[ 236.83318    -513.7014      -45.884033  ]
 [-103.34807     210.48486      19.115967  ]
 [   0.13642053    0.06139706    0.        ]
 [   0.            0.            0.1496    ]]
               x1         y1  area1          x2         y2  area2          x3        y3  area3          x4         y4  area4          x5         y5  area5          x6         y6  area6          x7         y7  area7
range  348.109756  11.653834  148.0  314.173163  15.311997  170.0  134.114773  8.797826   55.0  346.720882  28.367372  151.0  311.356255  30.496814  177.0  132.763992  15.193879   53.0  348.174852  44.172807   99.0
FAILURE!!!! Some beads might have been misidentified

iter 07 cost=51810.588850 -> 37900.377084 |dtheta|=1.688754e+00  lambda=4.572e-06

============================================================
Iteration 8
============================================================
Theta offsets (Unity frame):
  Source   : dSx=   0.000, dSy=   0.000, dSz=   0.000  (mm)
  Object   : dOx= -18.078, dOy=  -8.884, dOz= -14.396  (mm)
  Object offset: offset_x=  -0.063, offset_z=   0.039  (mm)
  Detector : dDx=   0.000, dDy=   0.000, dDz=   0.000  (mm)
  Obj Stage rotY :   24.230 deg
============================================================

Unity geometry (world coordinates):
  Source   : x=   5.000, y=  60.000, z=   0.000
  Object   : x=  -0.078, y=  14.116, z= 565.604
  Detector : x=  -8.000, y=  -5.000, z= 800.000
  Obj rotY :   0.0000 deg
view   0 | SOD= 567.525 mm | SDD= 802.742 mm | M= 1.414 | incident=4.7367°
[[ 236.83318    -513.7014      -45.884033  ]
 [-103.34807     210.48486      19.115967  ]
 [   0.13642053    0.06139706    0.        ]
 [   0.            0.            0.1496    ]]
               x1         y1  area1          x2         y2  area2          x3        y3  area3          x4         y4  area4          x5         y5  area5          x6         y6  area6          x7         y7  area7
range  348.109756  11.653834  148.0  314.173163  15.311997  170.0  134.114773  8.797826   55.0  346.720882  28.367372  151.0  311.356255  30.496814  177.0  132.763992  15.193879   53.0  348.174852  44.172807   99.0
FAILURE!!!! Some beads might have been misidentified
               x1         y1  area1          x2         y2  area2          x3        y3  area3          x4         y4  area4          x5         y5  area5          x6         y6  area6          x7         y7  area7
range  348.126234  11.634863  147.0  314.145072  15.349502  170.0  134.109073  8.791881   61.0  346.716808  28.386536  149.0  311.301736  30.541713  174.0  132.815579  15.230493   52.0  348.242159  44.209653  102.0
FAILURE!!!! Some beads might have been misidentified
               x1        y1  area1          x2         y2  area2          x3       y3  area3          x4         y4  area4         x5         y5  area5          x6         y6  area6          x7         y7  area7
range  348.246253  11.63574  148.0  314.210086  15.354279  165.0  134.198673  8.79961   57.0  346.663395  28.290878  151.0  311.32097  30.468343  179.0  132.806772  15.193042   55.0  348.126538  44.150376   99.0
FAILURE!!!! Some beads might have been misidentified
               x1         y1  area1          x2         y2  area2          x3        y3  area3          x4         y4  area4          x5         y5  area5          x6         y6  area6          x7         y7  area7
range  348.209803  11.698957  146.0  314.187038  15.426119  170.0  134.103846  8.724856   55.0  346.637006  28.289123  156.0  311.361578  30.522832  177.0  132.758227  15.244441   59.0  348.255012  44.210366  109.0
FAILURE!!!! Some beads might have been misidentified
               x1         y1  area1          x2         y2  area2          x3        y3  area3          x4         y4  area4          x5        y5  area5          x6         y6  area6          x7        y7  area7
range  348.198357  11.641223  149.0  314.198386  15.332891  168.0  134.173519  8.829953   56.0  346.729691  28.387896  149.0  311.419809  30.52737  177.0  132.798708  15.118284   61.0  348.244587  44.25178  102.0
FAILURE!!!! Some beads might have been misidentified
               x1         y1  area1          x2         y2  area2          x3      y3  area3          x4         y4  area4          x5         y5  area5          x6         y6  area6          x7         y7  area7
range  348.109756  11.653834  147.0  314.173163  15.311997  170.0  134.114773  8.7945   58.0  346.728995  28.367372  150.0  311.347154  30.519661  171.0  132.763992  15.172268   54.0  348.151638  44.191153  103.0
FAILURE!!!! Some beads might have been misidentified
               x1         y1  area1          x2         y2  area2          x3        y3  area3          x4         y4  area4          x5         y5  area5          x6         y6  area6          x7         y7  area7
range  348.109756  11.637733  148.0  314.173163  15.311997  166.0  134.114773  8.838187   55.0  346.728016  28.342568  155.0  311.356255  30.508249  176.0  132.783796  15.193879   53.0  348.223959  44.172807   99.0
FAILURE!!!! Some beads might have been misidentified
               x1       y1  area1          x2         y2  area2          x3       y3  area3          x4         y4  area4          x5         y5  area5          x6         y6  area6          x7         y7  area7
range  348.109756  11.6505  146.0  314.173163  15.293435  170.0  134.114773  8.77366   58.0  346.713768  28.329853  149.0  311.356255  30.525374  172.0  132.762601  15.193879   56.0  348.174852  44.205753  105.0
FAILURE!!!! Some beads might have been misidentified
               x1         y1  area1          x2         y2  area2          x3        y3  area3          x4         y4  area4          x5         y5  area5          x6         y6  area6          x7         y7  area7
range  348.109756  11.643818  149.0  314.173163  15.301963  166.0  134.114773  8.830456   55.0  346.720882  28.374241  155.0  311.356255  30.508249  174.0  132.763992  15.194929   53.0  348.151638  44.180412  102.0
FAILURE!!!! Some beads might have been misidentified
               x1        y1  area1          x2         y2  area2          x3        y3  area3          x4        y4  area4          x5         y5  area5         x6         y6  area6          x7         y7  area7
range  348.102203  11.65086  150.0  314.084268  15.376152  162.0  133.939556  8.800756   58.0  346.739191  28.30814  152.0  311.451513  30.508383  174.0  132.95933  15.201608   53.0  348.174852  44.162264  104.0
FAILURE!!!! Some beads might have been misidentified
               x1         y1  area1          x2         y2  area2          x3        y3  area3          x4         y4  area4          x5         y5  area5          x6         y6  area6          x7         y7  area7
range  348.131596  11.619743  145.0  314.304878  15.323505  170.0  134.304664  8.817878   55.0  346.697241  28.369275  148.0  311.130918  30.575652  173.0  132.695634  15.196862   56.0  348.273612  44.197765  103.0
FAILURE!!!! Some beads might have been misidentified
               x1        y1  area1          x2         y2  area2          x3        y3  area3          x4         y4  area4         x5         y5  area5         x6         y6  area6          x7         y7  area7
range  348.396034  11.63514  151.0  314.245235  15.365601  171.0  134.007254  8.832115   57.0  346.507411  28.367372  150.0  311.21171  30.518491  177.0  132.92859  15.177041   54.0  348.377018  44.172807  111.0
FAILURE!!!! Some beads might have been misidentified
               x1         y1  area1          x2         y2  area2         x3        y3  area3          x4         y4  area4          x5         y5  area5          x6         y6  area6          x7         y7  area7
range  347.976453  11.668614  148.0  314.173163  15.346076  168.0  134.23642  8.786933   61.0  346.848409  28.342568  155.0  311.430505  30.499748  170.0  132.691781  15.230622   54.0  348.015102  44.191153  103.0
FAILURE!!!! Some beads might have been misidentified
Residual vector length: 3150, Jacobian shape: (3150, 6)
view   0 | SOD= 566.429 mm | SDD= 802.742 mm | M= 1.417 | incident=4.7367°
[[ 238.87747    -511.5476      -45.810833  ]
 [-104.78837     210.9915       19.189167  ]
 [   0.13612318    0.06205351    0.        ]
 [   0.            0.            0.1496    ]]
               x1        y1  area1          x2         y2  area2         x3        y3  area3          x4         y4  area4          x5         y5  area5          x6         y6  area6          x7         y7  area7
range  348.860257  11.61746  149.0  314.896398  15.448476  172.0  134.64069  8.838943   60.0  347.358744  28.461883  153.0  311.891977  30.648187  171.0  132.739719  15.291944   57.0  348.684848  44.411215   97.0
FAILURE!!!! Some beads might have been misidentified

iter 08 cost=37900.377084 -> 30071.526824 |dtheta|=1.121435e+00  lambda=1.524e-06

============================================================
Iteration 9
============================================================
Theta offsets (Unity frame):
  Source   : dSx=   0.000, dSy=   0.000, dSz=   0.000  (mm)
  Object   : dOx= -18.089, dOy=  -8.811, dOz= -15.480  (mm)
  Object offset: offset_x=  -0.081, offset_z=   0.030  (mm)
  Detector : dDx=   0.000, dDy=   0.000, dDz=   0.000  (mm)
  Obj Stage rotY :   24.506 deg
============================================================

Unity geometry (world coordinates):
  Source   : x=   5.000, y=  60.000, z=   0.000
  Object   : x=  -0.089, y=  14.189, z= 564.520
  Detector : x=  -8.000, y=  -5.000, z= 800.000
  Obj rotY :   0.0000 deg
view   0 | SOD= 566.429 mm | SDD= 802.742 mm | M= 1.417 | incident=4.7367°
[[ 238.87747    -511.5476      -45.810833  ]
 [-104.78837     210.9915       19.189167  ]
 [   0.13612318    0.06205351    0.        ]
 [   0.            0.            0.1496    ]]
               x1        y1  area1          x2         y2  area2         x3        y3  area3          x4         y4  area4          x5         y5  area5          x6         y6  area6          x7         y7  area7
range  348.860257  11.61746  149.0  314.896398  15.448476  172.0  134.64069  8.838943   60.0  347.358744  28.461883  153.0  311.891977  30.648187  171.0  132.739719  15.291944   57.0  348.684848  44.411215   97.0
FAILURE!!!! Some beads might have been misidentified
               x1        y1  area1          x2         y2  area2          x3        y3  area3          x4         y4  area4          x5         y5  area5          x6         y6  area6         x7         y7  area7
range  348.812131  11.57655  151.0  314.962557  15.424749  163.0  134.692788  8.798202   59.0  347.478092  28.420865  158.0  311.875093  30.670178  171.0  132.706478  15.282535   54.0  348.79882  44.460705  104.0
FAILURE!!!! Some beads might have been misidentified
               x1         y1  area1          x2         y2  area2          x3        y3  area3          x4        y4  area4          x5         y5  area5          x6         y6  area6          x7         y7  area7
range  348.832325  11.570817  143.0  314.852446  15.463552  171.0  134.657444  8.853713   59.0  347.380648  28.50816  155.0  311.807803  30.647301  172.0  132.741533  15.296357   58.0  348.671427  44.409456   99.0
FAILURE!!!! Some beads might have been misidentified
              x1         y1  area1          x2         y2  area2          x3        y3  area3          x4         y4  area4          x5         y5  area5          x6         y6  area6          x7         y7  area7
range  348.86956  11.619889  145.0  314.855718  15.451521  169.0  134.568311  8.808366   55.0  347.352806  28.493621  154.0  311.977022  30.719599  167.0  132.745357  15.339752   53.0  348.614981  44.483239  100.0
FAILURE!!!! Some beads might have been misidentified
               x1         y1  area1          x2         y2  area2         x3        y3  area3          x4         y4  area4          x5         y5  area5          x6         y6  area6         x7         y7  area7
range  348.852746  11.621048  145.0  314.872087  15.380085  173.0  134.68596  8.851811   54.0  347.427723  28.419869  156.0  311.890389  30.670147  178.0  132.660221  15.355121   66.0  348.67316  44.381295   98.0
FAILURE!!!! Some beads might have been misidentified
               x1         y1  area1          x2         y2  area2          x3        y3  area3          x4         y4  area4          x5         y5  area5          x6         y6  area6          x7         y7  area7
range  348.837906  11.641638  149.0  314.896398  15.471121  170.0  134.618672  8.853078   61.0  347.358744  28.431599  154.0  311.891977  30.648187  170.0  132.733042  15.296112   59.0  348.703942  44.401869  100.0
FAILURE!!!! Some beads might have been misidentified
               x1         y1  area1          x2         y2  area2         x3        y3  area3          x4         y4  area4         x5         y5  area5          x6         y6  area6          x7         y7  area7
range  348.862038  11.623082  148.0  314.896398  15.448476  172.0  134.64069  8.827934   59.0  347.382966  28.461883  153.0  311.94214  30.661576  169.0  132.746855  15.274111   58.0  348.702617  44.396727  102.0
FAILURE!!!! Some beads might have been misidentified
               x1         y1  area1          x2         y2  area2          x3        y3  area3          x4         y4  area4         x5         y5  area5          x6         y6  area6          x7         y7  area7
range  348.860257  11.617702  147.0  314.878915  15.408853  173.0  134.618672  8.853536   68.0  347.358744  28.474792  154.0  311.94214  30.678237  172.0  132.739719  15.292343   58.0  348.693821  44.407087   99.0
FAILURE!!!! Some beads might have been misidentified
               x1         y1  area1         x2         y2  area2         x3        y3  area3          x4         y4  area4          x5         y5  area5          x6         y6  area6          x7         y7  area7
range  348.834952  11.607998  149.0  314.89097  15.449185  164.0  134.64069  8.835507   60.0  347.358744  28.426436  154.0  311.891977  30.660162  171.0  132.739719  15.297909   56.0  348.681311  44.424299   97.0
FAILURE!!!! Some beads might have been misidentified
               x1         y1  area1         x2         y2  area2         x3        y3  area3          x4       y4  area4          x5         y5  area5          x6         y6  area6         x7         y7  area7
range  348.870326  11.552466  153.0  314.69392  15.449185  169.0  134.49111  8.850208   61.0  347.380604  28.4303  159.0  312.004876  30.669883  171.0  132.849239  15.282631   56.0  348.67316  44.443638  103.0
FAILURE!!!! Some beads might have been misidentified
               x1         y1  area1          x2         y2  area2          x3        y3  area3          x4         y4  area4          x5         y5  area5          x6         y6  area6         x7         y7  area7
range  348.862038  11.581812  143.0  315.042953  15.422371  166.0  134.860816  8.770671   58.0  347.358744  28.498725  153.0  311.767955  30.646851  172.0  132.608249  15.347391   59.0  348.75182  44.426523   97.0
FAILURE!!!! Some beads might have been misidentified
               x1        y1  area1          x2         y2  area2          x3        y3  area3          x4         y4  area4          x5         y5  area5          x6         y6  area6          x7         y7  area7
range  348.993927  11.64188  147.0  315.040677  15.436006  170.0  134.539725  8.828492   57.0  347.218201  28.469821  156.0  311.794103  30.669883  171.0  132.805134  15.259814   53.0  348.956782  44.377248  101.0
FAILURE!!!! Some beads might have been misidentified
               x1        y1  area1          x2         y2  area2          x3        y3  area3          x4         y4  area4          x5         y5  area5          x6         y6  area6          x7         y7  area7
range  348.650529  11.64726  147.0  314.693365  15.464307  163.0  134.744158  8.832864   56.0  347.630588  28.395614  153.0  312.012676  30.631862  172.0  132.638783  15.290216   58.0  348.513464  44.421348   98.0
FAILURE!!!! Some beads might have been misidentified
Residual vector length: 3150, Jacobian shape: (3150, 6)
view   0 | SOD= 565.208 mm | SDD= 802.742 mm | M= 1.420 | incident=4.7367°
[[ 239.05261    -510.12357     -45.690445  ]
 [-105.63925     211.92664      19.309557  ]
 [   0.1360349     0.06224681    0.        ]
 [   0.            0.            0.1496    ]]
              x1         y1  area1          x2         y2  area2          x3        y3  area3          x4         y4  area4          x5         y5  area5          x6         y6  area6         x7         y7  area7
range  349.40497  11.586044  149.0  315.159198  15.396714  170.0  134.554268  8.727074   55.0  348.234746  28.309569  158.0  312.989568  30.596425  173.0  133.378812  15.312947   59.0  349.40428  44.460411   98.0
FAILURE!!!! Some beads might have been misidentified

iter 09 cost=30071.526824 -> 22919.844089 |dtheta|=1.221380e+00  lambda=1.000e-06

============================================================
Iteration 10
============================================================
Theta offsets (Unity frame):
  Source   : dSx=   0.000, dSy=   0.000, dSz=   0.000  (mm)
  Object   : dOx= -18.066, dOy=  -8.690, dOz= -16.692  (mm)
  Object offset: offset_x=  -0.054, offset_z=   0.027  (mm)
  Detector : dDx=   0.000, dDy=   0.000, dDz=   0.000  (mm)
  Obj Stage rotY :   24.588 deg
============================================================

Unity geometry (world coordinates):
  Source   : x=   5.000, y=  60.000, z=   0.000
  Object   : x=  -0.066, y=  14.310, z= 563.308
  Detector : x=  -8.000, y=  -5.000, z= 800.000
  Obj rotY :   0.0000 deg
view   0 | SOD= 565.208 mm | SDD= 802.742 mm | M= 1.420 | incident=4.7367°
[[ 239.05261    -510.12357     -45.690445  ]
 [-105.63925     211.92664      19.309557  ]
 [   0.1360349     0.06224681    0.        ]
 [   0.            0.            0.1496    ]]
              x1         y1  area1          x2         y2  area2          x3        y3  area3          x4         y4  area4          x5         y5  area5          x6         y6  area6         x7         y7  area7
range  349.40497  11.586044  149.0  315.159198  15.396714  170.0  134.554268  8.727074   55.0  348.234746  28.309569  158.0  312.989568  30.596425  173.0  133.378812  15.312947   59.0  349.40428  44.460411   98.0
FAILURE!!!! Some beads might have been misidentified
               x1         y1  area1          x2         y2  area2          x3        y3  area3          x4        y4  area4          x5         y5  area5          x6         y6  area6          x7         y7  area7
range  349.387629  11.641613  146.0  315.191909  15.381218  175.0  134.743369  8.737078   53.0  348.248291  28.35747  155.0  312.897073  30.699834  176.0  133.339222  15.319096   60.0  349.345957  44.502694   98.0
FAILURE!!!! Some beads might have been misidentified
               x1         y1  area1          x2         y2  area2          x3       y3  area3          x4         y4  area4          x5         y5  area5          x6         y6  area6          x7         y7  area7
range  349.403347  11.634432  145.0  315.063675  15.473934  167.0  134.530776  8.74104   55.0  348.242845  28.345387  157.0  312.858065  30.635028  175.0  133.396424  15.327769   56.0  349.489806  44.508094   98.0
FAILURE!!!! Some beads might have been misidentified
               x1         y1  area1        x2         y2  area2          x3       y3  area3          x4         y4  area4          x5         y5  area5          x6         y6  area6          x7         y7  area7
range  349.416948  11.620014  149.0  315.1166  15.394651  175.0  134.583601  8.71309   53.0  348.233921  28.384638  152.0  312.958445  30.601857  173.0  133.392311  15.282947   59.0  349.384233  44.477691  100.0
FAILURE!!!! Some beads might have been misidentified
               x1         y1  area1          x2         y2  area2          x3        y3  area3          x4         y4  area4          x5         y5  area5          x6         y6  area6         x7         y7  area7
range  349.401528  11.644558  146.0  315.139553  15.411583  172.0  134.519309  8.768199   54.0  348.183513  28.377283  157.0  312.954832  30.727204  175.0  133.302372  15.393373   55.0  349.42965  44.603448  101.0
FAILURE!!!! Some beads might have been misidentified
               x1         y1  area1          x2         y2  area2          x3        y3  area3          x4         y4  area4         x5         y5  area5          x6         y6  area6          x7        y7  area7
range  349.391875  11.586044  150.0  315.160571  15.402659  170.0  134.537143  8.727074   55.0  348.203227  28.334628  157.0  312.96988  30.596425  173.0  133.349084  15.347618   58.0  349.382107  44.44015   98.0
FAILURE!!!! Some beads might have been misidentified
              x1         y1  area1          x2         y2  area2          x3        y3  area3          x4         y4  area4          x5         y5  area5         x6         y6  area6          x7         y7  area7
range  349.40497  11.586044  149.0  315.159198  15.391569  171.0  134.572982  8.732551   55.0  348.234746  28.289389  157.0  313.001222  30.619595  174.0  133.44354  15.324562   58.0  349.407435  44.506821   99.0
FAILURE!!!! Some beads might have been misidentified
              x1         y1  area1          x2         y2  area2          x3        y3  area3        x4         y4  area4          x5        y5  area5          x6         y6  area6         x7         y7  area7
range  349.40497  11.619967  149.0  315.159198  15.396732  169.0  134.555394  8.732551   55.0  348.2242  28.312289  156.0  312.989568  30.60421  175.0  133.373911  15.351221   57.0  349.40428  44.421838   99.0
FAILURE!!!! Some beads might have been misidentified
              x1         y1  area1          x2         y2  area2          x3        y3  area3          x4         y4  area4          x5         y5  area5          x6         y6  area6          x7         y7  area7
range  349.40497  11.625075  148.0  315.159198  15.425042  171.0  134.554268  8.702235   56.0  348.234746  28.330767  157.0  312.989568  30.637901  172.0  133.373911  15.319456   59.0  349.382107  44.441398   97.0
FAILURE!!!! Some beads might have been misidentified
               x1         y1  area1          x2         y2  area2          x3        y3  area3          x4         y4  area4          x5        y5  area5         x6         y6  area6         x7         y7  area7
range  349.391875  11.649738  147.0  315.000503  15.417953  168.0  134.518542  8.766424   53.0  348.234746  28.290985  159.0  313.044645  30.60421  177.0  133.52253  15.328014   56.0  349.40428  44.575648   97.0
FAILURE!!!! Some beads might have been misidentified
              x1         y1  area1          x2         y2  area2          x3       y3  area3          x4         y4  area4          x5         y5  area5         x6         y6  area6         x7        y7  area7
range  349.40497  11.626307  148.0  315.250275  15.403751  173.0  134.789796  8.68609   55.0  348.200263  28.411872  156.0  312.861787  30.676749  172.0  133.20891  15.327019   59.0  349.39655  44.43514   96.0
FAILURE!!!! Some beads might have been misidentified
               x1         y1  area1         x2         y2  area2          x3        y3  area3          x4         y4  area4          x5         y5  area5          x6         y6  area6          x7        y7  area7
range  349.584417  11.586044  147.0  315.18291  15.412091  172.0  134.562445  8.720565   55.0  347.946027  28.334628  157.0  312.910732  30.653549  175.0  133.438809  15.321092   56.0  349.598671  44.44015   97.0
FAILURE!!!! Some beads might have been misidentified
               x1         y1  area1          x2         y2  area2          x3        y3  area3          x4         y4  area4          x5         y5  area5         x6         y6  area6          x7         y7  area7
range  349.251528  11.586044  148.0  315.028054  15.428456  170.0  134.706327  8.757553   53.0  348.545109  28.284606  157.0  313.044645  30.676749  174.0  133.23273  15.331917   61.0  349.244118  44.506821   98.0
FAILURE!!!! Some beads might have been misidentified
Residual vector length: 3150, Jacobian shape: (3150, 6)
view   0 | SOD= 564.024 mm | SDD= 802.742 mm | M= 1.423 | incident=4.7367°
[[ 239.82333    -508.45743     -45.59234   ]
 [-106.68056     212.72499      19.407663  ]
 [   0.13587816    0.06258821    0.        ]
 [   0.            0.            0.1496    ]]
               x1         y1  area1          x2         y2  area2         x3       y3  area3          x4         y4  area4          x5         y5  area5          x6         y6  area6          x7         y7  area7
range  350.692623  11.624788  148.0  316.093698  15.421312  166.0  134.55758  8.75961   56.0  348.618727  28.517853  161.0  313.465372  30.755937  172.0  134.037019  15.310243   54.0  350.592665  44.645646  103.0
FAILURE!!!! Some beads might have been misidentified

iter 10 cost=22919.844089 -> 16739.769400 |dtheta|=1.216641e+00  lambda=1.000e-06

============================================================
Iteration 11
============================================================
Theta offsets (Unity frame):
  Source   : dSx=   0.000, dSy=   0.000, dSz=   0.000  (mm)
  Object   : dOx= -18.056, dOy=  -8.592, dOz= -17.896  (mm)
  Object offset: offset_x=  -0.046, offset_z=   0.051  (mm)
  Detector : dDx=   0.000, dDy=   0.000, dDz=   0.000  (mm)
  Obj Stage rotY :   24.732 deg
============================================================

Unity geometry (world coordinates):
  Source   : x=   5.000, y=  60.000, z=   0.000
  Object   : x=  -0.056, y=  14.408, z= 562.104
  Detector : x=  -8.000, y=  -5.000, z= 800.000
  Obj rotY :   0.0000 deg
view   0 | SOD= 564.024 mm | SDD= 802.742 mm | M= 1.423 | incident=4.7367°
[[ 239.82333    -508.45743     -45.59234   ]
 [-106.68056     212.72499      19.407663  ]
 [   0.13587816    0.06258821    0.        ]
 [   0.            0.            0.1496    ]]
               x1         y1  area1          x2         y2  area2         x3       y3  area3          x4         y4  area4          x5         y5  area5          x6         y6  area6          x7         y7  area7
range  350.692623  11.624788  148.0  316.093698  15.421312  166.0  134.55758  8.75961   56.0  348.618727  28.517853  161.0  313.465372  30.755937  172.0  134.037019  15.310243   54.0  350.592665  44.645646  103.0
FAILURE!!!! Some beads might have been misidentified
              x1         y1  area1          x2         y2  area2          x3        y3  area3         x4         y4  area4          x5         y5  area5       x6         y6  area6          x7         y7  area7
range  350.68595  11.661304  149.0  316.060723  15.493622  169.0  134.600782  8.765164   57.0  348.70658  28.560779  164.0  313.572537  30.790156  166.0  133.958  15.271924   58.0  350.590069  44.580616  105.0
FAILURE!!!! Some beads might have been misidentified
               x1         y1  area1          x2         y2  area2          x3        y3  area3          x4         y4  area4          x5         y5  area5          x6         y6  area6          x7         y7  area7
range  350.709859  11.574545  145.0  316.118269  15.398847  169.0  134.500214  8.788444   53.0  348.567482  28.505201  161.0  313.319334  30.782201  169.0  133.983674  15.296818   59.0  350.516597  44.671379  101.0
FAILURE!!!! Some beads might have been misidentified
               x1         y1  area1          x2         y2  area2          x3        y3  area3          x4         y4  area4          x5         y5  area5          x6         y6  area6          x7         y7  area7
range  350.688986  11.604694  151.0  316.072893  15.481457  162.0  134.499029  8.806636   55.0  348.610612  28.437292  162.0  313.508892  30.707772  168.0  133.994487  15.394366   59.0  350.534629  44.605292  105.0
FAILURE!!!! Some beads might have been misidentified
               x1         y1  area1          x2         y2  area2          x3        y3  area3          x4         y4  area4          x5         y5  area5          x6         y6  area6          x7         y7  area7
range  350.782456  11.695827  146.0  316.055647  15.408644  169.0  134.562027  8.717278   54.0  348.612576  28.591899  160.0  313.441954  30.737201  177.0  134.001745  15.326973   56.0  350.555826  44.558348  106.0
FAILURE!!!! Some beads might have been misidentified
               x1         y1  area1          x2        y2  area2         x3       y3  area3         x4         y4  area4          x5         y5  area5          x6         y6  area6          x7         y7  area7
range  350.674676  11.642976  148.0  316.093698  15.43958  166.0  134.55097  8.75961   56.0  348.60579  28.544251  161.0  313.454429  30.766857  172.0  134.048361  15.328248   56.0  350.570796  44.645646  105.0
FAILURE!!!! Some beads might have been misidentified
               x1         y1  area1          x2         y2  area2         x3        y3  area3          x4         y4  area4          x5         y5  area5          x6         y6  area6          x7         y7  area7
range  350.692623  11.624788  148.0  316.095178  15.405553  166.0  134.55758  8.757823   56.0  348.603239  28.535483  162.0  313.446734  30.786075  171.0  134.040843  15.325045   56.0  350.630664  44.645646  105.0
FAILURE!!!! Some beads might have been misidentified
               x1         y1  area1          x2         y2  area2         x3        y3  area3          x4         y4  area4          x5         y5  area5          x6         y6  area6          x7         y7  area7
range  350.692623  11.666712  149.0  316.093698  15.440074  165.0  134.55758  8.775989   56.0  348.603272  28.528329  163.0  313.435804  30.814852  171.0  134.027926  15.320487   55.0  350.592665  44.654461  105.0
FAILURE!!!! Some beads might have been misidentified
               x1         y1  area1          x2         y2  area2         x3       y3  area3          x4        y4  area4          x5         y5  area5          x6        y6  area6          x7         y7  area7
range  350.682534  11.631226  149.0  316.093698  15.396927  170.0  134.55758  8.72437   57.0  348.618727  28.50181  162.0  313.477726  30.767734  172.0  134.018867  15.31649   56.0  350.582157  44.603893  106.0
FAILURE!!!! Some beads might have been misidentified
               x1         y1  area1          x2         y2  area2         x3        y3  area3          x4         y4  area4          x5         y5  area5          x6         y6  area6          x7         y7  area7
range  350.674676  11.579824  148.0  316.002604  15.430582  166.0  134.43695  8.777731   56.0  348.605757  28.528547  163.0  313.673288  30.778764  167.0  134.258868  15.257074   58.0  350.590278  44.599483  104.0
FAILURE!!!! Some beads might have been misidentified
               x1         y1  area1          x2        y2  area2          x3        y3  area3          x4         y4  area4          x5         y5  area5        x6       y6  area6          x7         y7  area7
range  350.692623  11.656025  147.0  316.171404  15.45642  170.0  134.686219  8.769244   57.0  348.603272  28.537433  161.0  313.264196  30.803362  171.0  133.7063  15.3445   55.0  350.630664  44.652512  105.0
FAILURE!!!! Some beads might have been misidentified
               x1         y1  area1         x2        y2  area2          x3        y3  area3          x4         y4  area4          x5         y5  area5          x6         y6  area6          x7         y7  area7
range  350.986046  11.624788  146.0  316.16334  15.41788  169.0  134.467897  8.758595   57.0  348.404961  28.577924  164.0  313.271053  30.808664  170.0  134.189716  15.331419   56.0  350.762743  44.614198  101.0
FAILURE!!!! Some beads might have been misidentified
               x1         y1  area1          x2         y2  area2          x3        y3  area3          x4        y4  area4          x5         y5  area5          x6         y6  area6          x7       y7  area7
range  350.409763  11.660664  148.0  316.043493  15.499551  169.0  134.663097  8.787409   54.0  348.868874  28.50181  159.0  313.587992  30.803362  171.0  133.832875  15.275011   61.0  350.343923  44.6418  106.0
FAILURE!!!! Some beads might have been misidentified
Residual vector length: 3150, Jacobian shape: (3150, 6)
view   0 | SOD= 563.295 mm | SDD= 802.742 mm | M= 1.425 | incident=4.7367°
[[ 240.10707    -507.52063     -45.523888  ]
 [-107.272545    213.24037      19.476112  ]
 [   0.13580205    0.0627532     0.        ]
 [   0.            0.            0.1496    ]]
               x1        y1  area1          x2         y2  area2          x3        y3  area3          x4         y4  area4          x5         y5  area5          x6         y6  area6          x7         y7  area7
range  350.233296  11.65852  147.0  315.642299  15.557873  158.0  134.613215  8.890343   59.0  349.799317  28.407234  159.0  314.692282  30.679786  168.0  134.253408  15.260673   58.0  350.270843  44.714008   99.0
FAILURE!!!! Some beads might have been misidentified

iter 11 cost=16739.769400 -> 13558.409012 |dtheta|=6.951847e-01  lambda=1.000e-06

============================================================
Iteration 12
============================================================
Theta offsets (Unity frame):
  Source   : dSx=   0.000, dSy=   0.000, dSz=   0.000  (mm)
  Object   : dOx= -18.052, dOy=  -8.524, dOz= -18.582  (mm)
  Object offset: offset_x=  -0.019, offset_z=   0.012  (mm)
  Detector : dDx=   0.000, dDy=   0.000, dDz=   0.000  (mm)
  Obj Stage rotY :   24.801 deg
============================================================

Unity geometry (world coordinates):
  Source   : x=   5.000, y=  60.000, z=   0.000
  Object   : x=  -0.052, y=  14.476, z= 561.418
  Detector : x=  -8.000, y=  -5.000, z= 800.000
  Obj rotY :   0.0000 deg
view   0 | SOD= 563.295 mm | SDD= 802.742 mm | M= 1.425 | incident=4.7367°
[[ 240.10707    -507.52063     -45.523888  ]
 [-107.272545    213.24037      19.476112  ]
 [   0.13580205    0.0627532     0.        ]
 [   0.            0.            0.1496    ]]
               x1        y1  area1          x2         y2  area2          x3        y3  area3          x4         y4  area4          x5         y5  area5          x6         y6  area6          x7         y7  area7
range  350.233296  11.65852  147.0  315.642299  15.557873  158.0  134.613215  8.890343   59.0  349.799317  28.407234  159.0  314.692282  30.679786  168.0  134.253408  15.260673   58.0  350.270843  44.714008   99.0
FAILURE!!!! Some beads might have been misidentified
               x1         y1  area1          x2         y2  area2          x3        y3  area3          x4         y4  area4          x5         y5  area5          x6         y6  area6          x7         y7  area7
range  350.279611  11.635835  150.0  315.621618  15.542243  167.0  134.729841  8.834596   57.0  349.828533  28.386861  160.0  314.648984  30.686983  171.0  134.259292  15.255784   54.0  350.316746  44.668634  100.0
FAILURE!!!! Some beads might have been misidentified
               x1         y1  area1          x2         y2  area2          x3        y3  area3          x4         y4  area4          x5         y5  area5          x6        y6  area6          x7         y7  area7
range  350.268555  11.677845  148.0  315.592698  15.515878  160.0  134.668148  8.895883   62.0  349.759868  28.375105  160.0  314.794335  30.734114  169.0  134.305019  15.23235   55.0  350.203012  44.737769  101.0
FAILURE!!!! Some beads might have been misidentified
               x1         y1  area1         x2         y2  area2          x3        y3  area3         x4         y4  area4          x5         y5  area5          x6         y6  area6         x7        y7  area7
range  350.230362  11.627688  149.0  315.65858  15.512469  160.0  134.649615  8.819896   61.0  349.77079  28.368437  158.0  314.743285  30.716491  169.0  134.295864  15.296014   59.0  350.18593  44.76216   98.0
FAILURE!!!! Some beads might have been misidentified
               x1         y1  area1          x2         y2  area2          x3       y3  area3          x4         y4  area4          x5         y5  area5          x6         y6  area6          x7         y7  area7
range  350.275523  11.628179  145.0  315.615071  15.628462  162.0  134.632315  8.83168   57.0  349.730991  28.552075  161.0  314.690763  30.712157  174.0  134.317273  15.298174   58.0  350.316278  44.816258  100.0
FAILURE!!!! Some beads might have been misidentified
               x1        y1  area1          x2         y2  area2          x3        y3  area3         x4         y4  area4          x5         y5  area5         x6         y6  area6          x7         y7  area7
range  350.233296  11.65852  146.0  315.642299  15.557873  158.0  134.608158  8.890343   59.0  349.76288  28.407234  160.0  314.668481  30.703341  168.0  134.26326  15.236953   57.0  350.240981  44.699714   99.0
FAILURE!!!! Some beads might have been misidentified
               x1        y1  area1          x2         y2  area2          x3        y3  area3         x4         y4  area4          x5        y5  area5          x6         y6  area6          x7         y7  area7
range  350.258492  11.65852  147.0  315.691479  15.577762  159.0  134.613215  8.900664   57.0  349.79122  28.429608  158.0  314.723529  30.69351  170.0  134.244484  15.266135   58.0  350.270843  44.714008   99.0
FAILURE!!!! Some beads might have been misidentified
               x1         y1  area1          x2         y2  area2          x3        y3  area3          x4         y4  area4          x5         y5  area5          x6         y6  area6          x7         y7  area7
range  350.233296  11.657736  148.0  315.666588  15.571318  158.0  134.613215  8.900684   59.0  349.799317  28.429608  160.0  314.708564  30.664416  169.0  134.253408  15.253767   58.0  350.270843  44.691423   99.0
FAILURE!!!! Some beads might have been misidentified
               x1         y1  area1          x2         y2  area2          x3        y3  area3         x4         y4  area4          x5         y5  area5          x6         y6  area6          x7         y7  area7
range  350.233296  11.668117  149.0  315.666588  15.555227  162.0  134.613215  8.895393   57.0  349.80202  28.407234  160.0  314.692282  30.668456  171.0  134.253408  15.262244   58.0  350.270843  44.720877  101.0
FAILURE!!!! Some beads might have been misidentified
               x1         y1  area1          x2         y2  area2          x3        y3  area3         x4         y4  area4          x5         y5  area5          x6         y6  area6          x7        y7  area7
range  350.233296  11.653626  148.0  315.281851  15.515187  165.0  134.501606  8.861645   58.0  349.79122  28.401145  161.0  314.915427  30.700024  166.0  134.467308  15.209283   57.0  350.248404  44.70859  102.0
FAILURE!!!! Some beads might have been misidentified
               x1         y1  area1          x2         y2  area2         x3        y3  area3         x4         y4  area4          x5         y5  area5          x6         y6  area6         x7         y7  area7
range  350.258492  11.660053  151.0  315.907017  15.559265  162.0  134.79622  8.909266   59.0  349.76288  28.357844  158.0  314.513073  30.728381  170.0  134.170476  15.243259   56.0  350.26342  44.697812  100.0
FAILURE!!!! Some beads might have been misidentified
               x1        y1  area1          x2         y2  area2          x3        y3  area3          x4         y4  area4          x5        y5  area5          x6         y6  area6          x7         y7  area7
range  350.438236  11.65852  149.0  315.873234  15.516861  163.0  134.569659  8.922292   61.0  349.672654  28.429608  159.0  314.585093  30.75474  170.0  134.386453  15.249114   56.0  350.430192  44.717021  103.0
FAILURE!!!! Some beads might have been misidentified
               x1        y1  area1          x2         y2  area2         x3        y3  area3          x4         y4  area4          x5         y5  area5          x6         y6  area6          x7         y7  area7
range  350.109931  11.65852  149.0  315.340201  15.550581  157.0  134.73103  8.827302   56.0  349.939739  28.407234  159.0  314.796704  30.658502  170.0  134.183606  15.266252   53.0  350.089566  44.720865   99.0
FAILURE!!!! Some beads might have been misidentified
Residual vector length: 3150, Jacobian shape: (3150, 6)
view   0 | SOD= 562.515 mm | SDD= 802.742 mm | M= 1.427 | incident=4.7367°
[[ 240.31427    -506.56314     -45.45775   ]
 [-107.78967     213.8483       19.542252  ]
 [   0.1357389     0.06288968    0.        ]
 [   0.            0.            0.1496    ]]
               x1         y1  area1          x2         y2  area2          x3        y3  area3          x4         y4  area4          x5         y5  area5          x6         y6  area6          x7         y7  area7
range  350.335508  11.657689  151.0  315.650181  15.588333  167.0  135.099577  8.818257   56.0  350.552719  28.452008  152.0  315.245435  30.694264  179.0  134.153536  15.423132   59.0  350.232668  45.104343  104.0
FAILURE!!!! Some beads might have been misidentified

iter 12 cost=13558.409012 -> 10626.121887 |dtheta|=7.615128e-01  lambda=1.000e-06

============================================================
Iteration 13
============================================================
Theta offsets (Unity frame):
  Source   : dSx=   0.000, dSy=   0.000, dSz=   0.000  (mm)
  Object   : dOx= -18.072, dOy=  -8.458, dOz= -19.338  (mm)
  Object offset: offset_x=  -0.025, offset_z=  -0.009  (mm)
  Detector : dDx=   0.000, dDy=   0.000, dDz=   0.000  (mm)
  Obj Stage rotY :   24.859 deg
============================================================

Unity geometry (world coordinates):
  Source   : x=   5.000, y=  60.000, z=   0.000
  Object   : x=  -0.072, y=  14.542, z= 560.662
  Detector : x=  -8.000, y=  -5.000, z= 800.000
  Obj rotY :   0.0000 deg
view   0 | SOD= 562.515 mm | SDD= 802.742 mm | M= 1.427 | incident=4.7367°
[[ 240.31427    -506.56314     -45.45775   ]
 [-107.78967     213.8483       19.542252  ]
 [   0.1357389     0.06288968    0.        ]
 [   0.            0.            0.1496    ]]
               x1         y1  area1          x2         y2  area2          x3        y3  area3          x4         y4  area4          x5         y5  area5          x6         y6  area6          x7         y7  area7
range  350.335508  11.657689  151.0  315.650181  15.588333  167.0  135.099577  8.818257   56.0  350.552719  28.452008  152.0  315.245435  30.694264  179.0  134.153536  15.423132   59.0  350.232668  45.104343  104.0
FAILURE!!!! Some beads might have been misidentified
               x1         y1  area1          x2         y2  area2          x3        y3  area3          x4        y4  area4          x5         y5  area5          x6        y6  area6          x7         y7  area7
range  350.474333  11.627403  149.0  315.773041  15.510886  172.0  135.163564  8.838512   63.0  350.648544  28.42789  153.0  315.159479  30.741114  179.0  134.075251  15.39939   62.0  350.165746  45.143108  106.0
FAILURE!!!! Some beads might have been misidentified
               x1         y1  area1          x2         y2  area2          x3        y3  area3         x4         y4  area4          x5         y5  area5          x6         y6  area6          x7         y7  area7
range  350.383467  11.648584  144.0  315.766012  15.547178  168.0  135.086442  8.891864   63.0  350.63775  28.389419  155.0  315.189363  30.745215  181.0  134.092894  15.387943   56.0  350.384718  45.044085  107.0
FAILURE!!!! Some beads might have been misidentified
              x1        y1  area1          x2         y2  area2          x3        y3  area3          x4         y4  area4          x5         y5  area5          x6         y6  area6          x7         y7  area7
range  350.37861  11.60042  151.0  315.651727  15.512684  169.0  135.112155  8.839184   60.0  350.601178  28.405761  151.0  315.245631  30.726931  172.0  134.151493  15.326828   59.0  350.249757  45.140227  101.0
FAILURE!!!! Some beads might have been misidentified
               x1         y1  area1          x2         y2  area2          x3        y3  area3          x4         y4  area4          x5         y5  area5          x6         y6  area6          x7         y7  area7
range  350.274999  11.572978  155.0  315.647865  15.540713  171.0  135.147503  8.853997   61.0  350.617953  28.487872  154.0  315.235033  30.709593  181.0  134.133427  15.400494   62.0  350.210009  44.997236  104.0
FAILURE!!!! Some beads might have been misidentified
               x1         y1  area1          x2         y2  area2          x3        y3  area3          x4         y4  area4         x5         y5  area5          x6         y6  area6          x7         y7  area7
range  350.335508  11.657689  153.0  315.627288  15.588333  167.0  135.099577  8.847366   59.0  350.528418  28.452008  152.0  315.17401  30.722776  179.0  134.149783  15.448846   60.0  350.232668  45.117772  104.0
FAILURE!!!! Some beads might have been misidentified
               x1         y1  area1          x2         y2  area2          x3        y3  area3          x4         y4  area4          x5         y5  area5         x6         y6  area6          x7         y7  area7
range  350.347959  11.657689  151.0  315.698746  15.565451  168.0  135.092922  8.817087   57.0  350.578982  28.429184  153.0  315.245435  30.713446  182.0  134.14764  15.397725   63.0  350.232668  45.079316  104.0
FAILURE!!!! Some beads might have been misidentified
               x1        y1  area1          x2         y2  area2          x3        y3  area3          x4        y4  area4          x5         y5  area5          x6         y6  area6          x7         y7  area7
range  350.335508  11.66202  152.0  315.650181  15.554448  167.0  135.099577  8.826935   58.0  350.552719  28.45061  152.0  315.222789  30.750331  180.0  134.153536  15.423132   60.0  350.232668  45.049472  105.0
FAILURE!!!! Some beads might have been misidentified
               x1         y1  area1          x2         y2  area2          x3        y3  area3          x4         y4  area4         x5         y5  area5          x6         y6  area6          x7        y7  area7
range  350.335508  11.615592  151.0  315.651323  15.534716  167.0  135.099577  8.813354   60.0  350.552719  28.471983  152.0  315.26886  30.739012  180.0  134.153536  15.417611   59.0  350.232668  45.09267  104.0
FAILURE!!!! Some beads might have been misidentified
               x1        y1  area1          x2        y2  area2         x3       y3  area3          x4         y4  area4          x5         y5  area5          x6         y6  area6          x7         y7  area7
range  350.335508  11.64418  149.0  315.485652  15.52664  171.0  135.02383  8.91984   60.0  350.631185  28.459707  157.0  315.360488  30.739682  180.0  134.237694  15.385611   61.0  350.208732  45.105995  105.0
FAILURE!!!! Some beads might have been misidentified
               x1         y1  area1          x2         y2  area2          x3        y3  area3          x4         y4  area4          x5         y5  area5          x6         y6  area6          x7         y7  area7
range  350.312504  11.631807  148.0  316.001227  15.554448  169.0  135.247826  8.846092   64.0  350.528418  28.357601  154.0  315.019473  30.739445  179.0  133.936545  15.394352   62.0  350.232668  45.071657  109.0
FAILURE!!!! Some beads might have been misidentified
               x1         y1  area1          x2        y2  area2          x3       y3  area3          x4         y4  area4          x5         y5  area5          x6         y6  area6          x7         y7  area7
range  350.625817  11.643121  149.0  315.960075  15.52664  169.0  135.044061  8.85658   63.0  350.439302  28.452008  152.0  315.087875  30.734148  180.0  134.215058  15.336258   57.0  350.387738  45.079316  106.0
FAILURE!!!! Some beads might have been misidentified
               x1         y1  area1          x2         y2  area2         x3        y3  area3          x4         y4  area4          x5         y5  area5          x6         y6  area6          x7         y7  area7
range  350.231982  11.649236  151.0  315.507492  15.554448  165.0  135.18618  8.861028   61.0  350.846992  28.429184  153.0  315.357104  30.743962  181.0  133.994132  15.453025   60.0  350.149301  45.117772  107.0
FAILURE!!!! Some beads might have been misidentified
Residual vector length: 3150, Jacobian shape: (3150, 6)
view   0 | SOD= 561.930 mm | SDD= 802.742 mm | M= 1.429 | incident=4.7367°
[[ 240.67496    -505.74545     -45.414288  ]
 [-108.36953     214.21077      19.585712  ]
 [   0.13565665    0.0630669     0.        ]
 [   0.            0.            0.1496    ]]
               x1        y1  area1          x2         y2  area2          x3        y3  area3          x4         y4  area4          x5         y5  area5          x6         y6  area6          x7         y7  area7
range  351.096126  11.71272  149.0  315.624446  15.511132  176.0  134.285441  8.935699   54.0  350.808076  28.413819  161.0  316.239655  30.766049  185.0  135.173412  15.336229   65.0  350.900407  45.046978  103.0
FAILURE!!!! Some beads might have been misidentified

iter 13 cost=10626.121887 -> 8498.947327 |dtheta|=6.078133e-01  lambda=1.000e-06

============================================================
Iteration 14
============================================================
Theta offsets (Unity frame):
  Source   : dSx=   0.000, dSy=   0.000, dSz=   0.000  (mm)
  Object   : dOx= -18.058, dOy=  -8.414, dOz= -19.938  (mm)
  Object offset: offset_x=   0.022, offset_z=   0.007  (mm)
  Detector : dDx=   0.000, dDy=   0.000, dDz=   0.000  (mm)
  Obj Stage rotY :   24.934 deg
============================================================

Unity geometry (world coordinates):
  Source   : x=   5.000, y=  60.000, z=   0.000
  Object   : x=  -0.058, y=  14.586, z= 560.062
  Detector : x=  -8.000, y=  -5.000, z= 800.000
  Obj rotY :   0.0000 deg
view   0 | SOD= 561.930 mm | SDD= 802.742 mm | M= 1.429 | incident=4.7367°
[[ 240.67496    -505.74545     -45.414288  ]
 [-108.36953     214.21077      19.585712  ]
 [   0.13565665    0.0630669     0.        ]
 [   0.            0.            0.1496    ]]
               x1        y1  area1          x2         y2  area2          x3        y3  area3          x4         y4  area4          x5         y5  area5          x6         y6  area6          x7         y7  area7
range  351.096126  11.71272  149.0  315.624446  15.511132  176.0  134.285441  8.935699   54.0  350.808076  28.413819  161.0  316.239655  30.766049  185.0  135.173412  15.336229   65.0  350.900407  45.046978  103.0
FAILURE!!!! Some beads might have been misidentified
               x1         y1  area1          x2         y2  area2          x3        y3  area3          x4         y4  area4          x5         y5  area5          x6         y6  area6          x7         y7  area7
range  351.166162  11.637597  145.0  315.708242  15.524933  172.0  134.358293  9.034125   57.0  350.876392  28.385076  159.0  316.165815  30.772307  179.0  135.217698  15.325062   62.0  350.839305  45.060692  101.0
FAILURE!!!! Some beads might have been misidentified
               x1         y1  area1          x2        y2  area2          x3        y3  area3          x4         y4  area4          x5         y5  area5          x6         y6  area6          x7         y7  area7
range  351.010257  11.678369  151.0  315.505767  15.47339  177.0  134.209495  8.963567   61.0  350.735071  28.411267  157.0  316.241886  30.823486  182.0  135.199929  15.274499   57.0  350.952024  45.012909   98.0
FAILURE!!!! Some beads might have been misidentified
               x1         y1  area1          x2         y2  area2          x3       y3  area3         x4        y4  area4          x5         y5  area5          x6         y6  area6         x7         y7  area7
range  351.066565  11.699605  149.0  315.650324  15.528319  178.0  134.211228  8.85507   59.0  350.79855  28.44112  159.0  316.222924  30.754918  178.0  135.177897  15.288654   63.0  350.87443  45.057699  101.0
FAILURE!!!! Some beads might have been misidentified
               x1         y1  area1          x2         y2  area2          x3        y3  area3          x4         y4  area4          x5         y5  area5          x6         y6  area6          x7         y7  area7
range  351.078218  11.601458  147.0  315.646325  15.498467  170.0  134.374784  8.911851   64.0  350.742783  28.505105  161.0  316.249259  30.861952  176.0  135.181054  15.374504   60.0  351.000397  44.991732   97.0
FAILURE!!!! Some beads might have been misidentified
               x1        y1  area1       x2         y2  area2          x3        y3  area3          x4         y4  area4          x5         y5  area5          x6         y6  area6          x7         y7  area7
range  351.096126  11.69538  149.0  315.625  15.511132  176.0  134.270192  8.941013   57.0  350.808076  28.415559  161.0  316.223477  30.754011  187.0  135.173412  15.318329   64.0  350.894309  45.046978  104.0
FAILURE!!!! Some beads might have been misidentified
               x1         y1  area1          x2         y2  area2          x3        y3  area3          x4         y4  area4          x5         y5  area5          x6        y6  area6          x7         y7  area7
range  351.096126  11.695422  149.0  315.624446  15.493917  173.0  134.296803  8.935699   55.0  350.825778  28.437998  159.0  316.239655  30.764801  184.0  135.173412  15.35679   65.0  350.920892  45.046978  103.0
FAILURE!!!! Some beads might have been misidentified
               x1         y1  area1       x2         y2  area2          x3        y3  area3          x4         y4  area4          x5         y5  area5          x6         y6  area6          x7         y7  area7
range  351.096126  11.719284  148.0  315.625  15.500331  175.0  134.285441  8.960542   56.0  350.808076  28.413524  159.0  316.239655  30.800756  179.0  135.173412  15.336229   65.0  350.900407  45.049938  104.0
FAILURE!!!! Some beads might have been misidentified
               x1         y1  area1          x2         y2  area2          x3        y3  area3          x4         y4  area4          x5         y5  area5          x6         y6  area6          x7         y7  area7
range  351.096126  11.668483  149.0  315.620202  15.495073  175.0  134.319312  8.954338   57.0  350.808076  28.414715  160.0  316.254504  30.719886  179.0  135.173412  15.318329   65.0  350.903717  45.074729  100.0
FAILURE!!!! Some beads might have been misidentified
               x1        y1  area1          x2         y2  area2          x3        y3  area3          x4         y4  area4          x5         y5  area5          x6         y6  area6         x7         y7  area7
range  351.096126  11.62945  148.0  315.395193  15.531207  170.0  134.073018  9.005871   55.0  350.825778  28.354722  160.0  316.444455  30.828819  177.0  135.387987  15.270633   60.0  350.87672  45.005926   99.0
FAILURE!!!! Some beads might have been misidentified
               x1         y1  area1          x2         y2  area2          x3       y3  area3          x4         y4  area4          x5         y5  area5          x6         y6  area6        x7         y7  area7
range  351.096126  11.698281  147.0  315.759677  15.494803  175.0  134.419743  8.95267   58.0  350.808076  28.441621  159.0  315.976643  30.747752  184.0  135.018239  15.403977   62.0  350.9305  45.051772  101.0
FAILURE!!!! Some beads might have been misidentified
               x1         y1  area1         x2         y2  area2          x3        y3  area3          x4         y4  area4         x5         y5  area5          x6         y6  area6          x7         y7  area7
range  351.292151  11.678082  151.0  315.73556  15.464341  172.0  134.112013  8.999659   61.0  350.542002  28.437154  160.0  316.09066  30.828873  176.0  135.289142  15.324126   59.0  351.164411  45.039061  101.0
FAILURE!!!! Some beads might have been misidentified
               x1         y1  area1          x2         y2  area2          x3        y3  area3          x4         y4  area4          x5         y5  area5          x6         y6  area6          x7         y7  area7
range  350.884268  11.719353  148.0  315.407971  15.521481  179.0  134.377961  9.012451   56.0  351.069461  28.394153  157.0  316.422548  30.714047  185.0  135.045568  15.257198   60.0  350.626919  45.046978  100.0
FAILURE!!!! Some beads might have been misidentified
Residual vector length: 3150, Jacobian shape: (3150, 6)
view   0 | SOD= 561.246 mm | SDD= 802.742 mm | M= 1.430 | incident=4.7367°
[[ 240.5448     -505.0528      -45.358097  ]
 [-108.710655    214.8011       19.641903  ]
 [   0.13563816    0.06310665    0.        ]
 [   0.            0.            0.1496    ]]
               x1         y1  area1          x2         y2  area2         x3        y3  area3          x4         y4  area4          x5         y5  area5          x6        y6  area6          x7         y7  area7
range  350.881903  11.636292  156.0  315.625021  15.623035  174.0  135.03545  8.844082   58.0  351.767339  28.395789  155.0  316.684347  30.822322  173.0  134.915711  15.42139   57.0  350.886426  45.035481  112.0
FAILURE!!!! Some beads might have been misidentified

iter 14 cost=8498.947327 -> 6457.109359 |dtheta|=6.553328e-01  lambda=1.000e-06

============================================================
Iteration 15
============================================================
Theta offsets (Unity frame):
  Source   : dSx=   0.000, dSy=   0.000, dSz=   0.000  (mm)
  Object   : dOx= -18.059, dOy=  -8.358, dOz= -20.590  (mm)
  Object offset: offset_x=   0.013, offset_z=  -0.023  (mm)
  Detector : dDx=   0.000, dDy=   0.000, dDz=   0.000  (mm)
  Obj Stage rotY :   24.951 deg
============================================================

Unity geometry (world coordinates):
  Source   : x=   5.000, y=  60.000, z=   0.000
  Object   : x=  -0.059, y=  14.642, z= 559.410
  Detector : x=  -8.000, y=  -5.000, z= 800.000
  Obj rotY :   0.0000 deg
view   0 | SOD= 561.246 mm | SDD= 802.742 mm | M= 1.430 | incident=4.7367°
[[ 240.5448     -505.0528      -45.358097  ]
 [-108.710655    214.8011       19.641903  ]
 [   0.13563816    0.06310665    0.        ]
 [   0.            0.            0.1496    ]]
               x1         y1  area1          x2         y2  area2         x3        y3  area3          x4         y4  area4          x5         y5  area5          x6        y6  area6          x7         y7  area7
range  350.881903  11.636292  156.0  315.625021  15.623035  174.0  135.03545  8.844082   58.0  351.767339  28.395789  155.0  316.684347  30.822322  173.0  134.915711  15.42139   57.0  350.886426  45.035481  112.0
FAILURE!!!! Some beads might have been misidentified
               x1        y1  area1          x2         y2  area2          x3        y3  area3          x4         y4  area4         x5         y5  area5          x6         y6  area6          x7         y7  area7
range  350.935097  11.64958  153.0  315.832416  15.582243  170.0  135.006886  8.899715   60.0  351.657479  28.363006  158.0  316.72548  30.785593  182.0  134.923657  15.414676   56.0  350.832557  45.028458  107.0
FAILURE!!!! Some beads might have been misidentified
               x1         y1  area1          x2         y2  area2          x3        y3  area3          x4         y4  area4          x5         y5  area5          x6         y6  area6          x7         y7  area7
range  350.878112  11.580417  150.0  315.761941  15.595133  169.0  134.933914  8.887696   57.0  351.795165  28.455011  158.0  316.754031  30.852694  179.0  134.822071  15.381237   60.0  350.826909  45.157045  103.0
FAILURE!!!! Some beads might have been misidentified
               x1        y1  area1          x2         y2  area2          x3        y3  area3          x4         y4  area4          x5         y5  area5          x6         y6  area6          x7         y7  area7
range  350.914645  11.65852  154.0  315.678708  15.691377  170.0  134.950202  8.893622   58.0  351.662673  28.440551  151.0  316.725899  30.800049  174.0  134.892248  15.397737   57.0  350.795865  45.065385  110.0
FAILURE!!!! Some beads might have been misidentified
               x1         y1  area1          x2        y2  area2          x3        y3  area3          x4         y4  area4          x5        y5  area5          x6         y6  area6          x7         y7  area7
range  350.913012  11.590372  157.0  315.603336  15.51739  167.0  134.993257  8.894533   58.0  351.761926  28.511691  164.0  316.660917  30.80834  174.0  134.924469  15.434889   56.0  350.849175  45.095356  110.0
FAILURE!!!! Some beads might have been misidentified
               x1         y1  area1          x2         y2  area2          x3        y3  area3          x4         y4  area4          x5         y5  area5          x6         y6  area6          x7         y7  area7
range  350.881903  11.636292  155.0  315.625021  15.601324  174.0  135.021113  8.874694   57.0  351.718156  28.395789  156.0  316.684347  30.844182  173.0  134.915707  15.445649   56.0  350.886426  45.012208  108.0
FAILURE!!!! Some beads might have been misidentified
               x1         y1  area1          x2         y2  area2          x3        y3  area3          x4         y4  area4         x5         y5  area5          x6         y6  area6          x7         y7  area7
range  350.935279  11.615383  156.0  315.650129  15.600251  175.0  135.019194  8.844082   58.0  351.767339  28.419021  156.0  316.67356  30.822322  173.0  134.906098  15.421212   58.0  350.853637  45.064978  110.0
FAILURE!!!! Some beads might have been misidentified
             x1         y1  area1          x2         y2  area2         x3        y3  area3          x4         y4  area4          x5         y5  area5          x6         y6  area6          x7        y7  area7
range  350.8949  11.675213  155.0  315.650129  15.640049  174.0  135.03545  8.887192   60.0  351.742798  28.390281  154.0  316.684347  30.840775  173.0  134.929784  15.408933   55.0  350.886426  45.04167  112.0
FAILURE!!!! Some beads might have been misidentified
               x1         y1  area1          x2         y2  area2         x3        y3  area3          x4         y4  area4          x5         y5  area5          x6         y6  area6          x7         y7  area7
range  350.899078  11.615383  153.0  315.650129  15.570914  174.0  135.03545  8.844082   58.0  351.725425  28.425543  157.0  316.684347  30.794618  176.0  134.930046  15.386749   58.0  350.886426  45.049808  103.0
FAILURE!!!! Some beads might have been misidentified
               x1         y1  area1          x2         y2  area2          x3        y3  area3          x4        y4  area4          x5         y5  area5          x6         y6  area6          x7         y7  area7
range  350.881903  11.618743  154.0  315.410122  15.565158  175.0  134.838647  8.886429   53.0  351.787641  28.36647  155.0  316.830202  30.809794  174.0  134.998922  15.386933   59.0  350.845524  45.072737  108.0
FAILURE!!!! Some beads might have been misidentified
               x1         y1  area1          x2         y2  area2         x3        y3  area3          x4         y4  area4         x5         y5  area5          x6         y6  area6          x7         y7  area7
range  350.929174  11.611255  147.0  316.082765  15.641667  164.0  135.15029  8.896728   57.0  351.732432  28.451547  161.0  316.62667  30.851728  183.0  134.677651  15.434669   53.0  350.879203  45.075345  104.0
FAILURE!!!! Some beads might have been misidentified
               x1         y1  area1          x2         y2  area2          x3        y3  area3          x4         y4  area4          x5         y5  area5          x6         y6  area6         x7         y7  area7
range  351.098733  11.615383  157.0  316.021503  15.565158  174.0  134.890805  8.904416   63.0  351.544668  28.419021  154.0  316.619084  30.814139  174.0  134.976746  15.405526   59.0  351.06488  44.998617  106.0
FAILURE!!!! Some beads might have been misidentified
               x1         y1  area1          x2         y2  area2          x3        y3  area3          x4         y4  area4          x5         y5  area5          x6         y6  area6          x7        y7  area7
range  350.714475  11.636292  154.0  315.484335  15.641667  167.0  135.088344  8.894257   54.0  351.907975  28.395789  156.0  316.783688  30.827713  178.0  134.779773  15.394364   61.0  350.594586  45.06605  107.0
FAILURE!!!! Some beads might have been misidentified
Residual vector length: 3150, Jacobian shape: (3150, 6)
view   0 | SOD= 560.736 mm | SDD= 802.742 mm | M= 1.432 | incident=4.7367°
[[ 240.46696    -504.52768     -45.298298  ]
 [-108.97311     215.23662      19.701702  ]
 [   0.13562196    0.06314144    0.        ]
 [   0.            0.            0.1496    ]]
               x1         y1  area1          x2        y2  area2          x3        y3  area3          x4         y4  area4          x5         y5  area5          x6        y6  area6          x7         y7  area7
range  351.568507  11.510457  153.0  316.772718  15.56119  162.0  135.300314  8.788868   60.0  351.821456  28.620114  164.0  316.518706  30.867347  182.0  134.904514  15.53402   61.0  351.622636  45.083867  104.0
FAILURE!!!! Some beads might have been misidentified

iter 15 cost=6457.109359 -> 5015.500502 |dtheta|=5.322100e-01  lambda=1.000e-06

============================================================
Iteration 16
============================================================
Theta offsets (Unity frame):
  Source   : dSx=   0.000, dSy=   0.000, dSz=   0.000  (mm)
  Object   : dOx= -18.042, dOy=  -8.298, dOz= -21.117  (mm)
  Object offset: offset_x=  -0.012, offset_z=  -0.003  (mm)
  Detector : dDx=   0.000, dDy=   0.000, dDz=   0.000  (mm)
  Obj Stage rotY :   24.965 deg
============================================================

Unity geometry (world coordinates):
  Source   : x=   5.000, y=  60.000, z=   0.000
  Object   : x=  -0.042, y=  14.702, z= 558.883
  Detector : x=  -8.000, y=  -5.000, z= 800.000
  Obj rotY :   0.0000 deg
view   0 | SOD= 560.736 mm | SDD= 802.742 mm | M= 1.432 | incident=4.7367°
[[ 240.46696    -504.52768     -45.298298  ]
 [-108.97311     215.23662      19.701702  ]
 [   0.13562196    0.06314144    0.        ]
 [   0.            0.            0.1496    ]]
               x1         y1  area1          x2        y2  area2          x3        y3  area3          x4         y4  area4          x5         y5  area5          x6        y6  area6          x7         y7  area7
range  351.568507  11.510457  153.0  316.772718  15.56119  162.0  135.300314  8.788868   60.0  351.821456  28.620114  164.0  316.518706  30.867347  182.0  134.904514  15.53402   61.0  351.622636  45.083867  104.0
FAILURE!!!! Some beads might have been misidentified
               x1         y1  area1          x2         y2  area2          x3       y3  area3          x4         y4  area4          x5         y5  area5          x6         y6  area6          x7         y7  area7
range  351.546976  11.567568  154.0  316.755367  15.531239  170.0  135.357021  8.77232   57.0  351.750887  28.597883  162.0  316.433702  30.873897  182.0  134.847046  15.438593   66.0  351.603975  45.074497  108.0
FAILURE!!!! Some beads might have been misidentified
               x1         y1  area1          x2         y2  area2          x3        y3  area3          x4        y4  area4          x5         y5  area5         x6         y6  area6          x7         y7  area7
range  351.557613  11.548984  149.0  316.746611  15.606073  161.0  135.290631  8.827711   57.0  351.687219  28.63209  162.0  316.546759  30.902696  179.0  134.84268  15.504935   61.0  351.661641  45.006174  105.0
FAILURE!!!! Some beads might have been misidentified
               x1         y1  area1          x2         y2  area2          x3        y3  area3          x4         y4  area4          x5         y5  area5          x6         y6  area6          x7         y7  area7
range  351.561643  11.627315  148.0  316.738614  15.498129  178.0  135.367175  8.767834   57.0  351.770358  28.606268  163.0  316.548933  30.893497  178.0  134.878411  15.442248   57.0  351.596774  44.988303  108.0
FAILURE!!!! Some beads might have been misidentified
               x1         y1  area1          x2        y2  area2          x3        y3  area3          x4         y4  area4          x5         y5  area5          x6         y6  area6          x7         y7  area7
range  351.565642  11.539801  156.0  316.747471  15.59385  160.0  135.303656  8.892608   58.0  351.760099  28.562123  163.0  316.514697  30.880399  186.0  134.833605  15.478649   62.0  351.656753  45.147994  101.0
FAILURE!!!! Some beads might have been misidentified
               x1         y1  area1          x2        y2  area2          x3        y3  area3          x4         y4  area4          x5         y5  area5          x6         y6  area6          x7         y7  area7
range  351.543272  11.521167  154.0  316.751667  15.56119  164.0  135.297353  8.788868   60.0  351.799468  28.620114  164.0  316.521615  30.860163  183.0  134.904514  15.558426   60.0  351.606474  45.037711  104.0
FAILURE!!!! Some beads might have been misidentified
               x1         y1  area1          x2         y2  area2          x3        y3  area3          x4         y4  area4          x5         y5  area5          x6         y6  area6          x7         y7  area7
range  351.547776  11.510457  152.0  316.772718  15.552446  162.0  135.276247  8.788868   61.0  351.803456  28.620114  165.0  316.518706  30.867347  183.0  134.880423  15.505564   62.0  351.622636  45.106813  105.0
FAILURE!!!! Some beads might have been misidentified
               x1         y1  area1          x2         y2  area2          x3        y3  area3          x4         y4  area4          x5         y5  area5          x6         y6  area6          x7         y7  area7
range  351.547776  11.527614  150.0  316.772718  15.573565  175.0  135.300314  8.801063   56.0  351.821512  28.601803  163.0  316.492893  30.861666  184.0  134.904514  15.536204   64.0  351.606474  45.062593  102.0
FAILURE!!!! Some beads might have been misidentified
               x1        y1  area1          x2         y2  area2          x3        y3  area3          x4         y4  area4          x5         y5  area5          x6        y6  area6          x7         y7  area7
range  351.578949  11.54031  152.0  316.772718  15.541443  165.0  135.300314  8.786868   60.0  351.821456  28.632342  162.0  316.518706  30.859386  184.0  134.880423  15.53402   64.0  351.622636  45.064829  105.0
FAILURE!!!! Some beads might have been misidentified
               x1         y1  area1          x2        y2  area2          x3       y3  area3          x4         y4  area4          x5         y5  area5          x6         y6  area6          x7         y7  area7
range  351.522541  11.545495  153.0  316.690574  15.55913  166.0  135.179521  8.81181   59.0  351.799468  28.567942  163.0  316.689579  30.884704  182.0  134.991904  15.424228   60.0  351.606474  45.033081  107.0
FAILURE!!!! Some beads might have been misidentified
               x1         y1  area1          x2         y2  area2         x3        y3  area3          x4         y4  area4          x5         y5  area5         x6         y6  area6          x7         y7  area7
range  351.568507  11.571057  150.0  316.797735  15.520801  164.0  135.42676  8.801038   59.0  351.803456  28.662031  165.0  316.268544  30.871711  187.0  134.79245  15.533856   66.0  351.622636  45.012354  103.0
FAILURE!!!! Some beads might have been misidentified
               x1         y1  area1          x2         y2  area2          x3        y3  area3         x4         y4  area4          x5         y5  area5          x6         y6  area6         x7         y7  area7
range  351.716238  11.513623  154.0  316.797735  15.544539  172.0  135.214804  8.852672   58.0  351.53824  28.620114  162.0  316.281175  30.873107  176.0  134.962835  15.485873   61.0  351.84842  45.058932  106.0
FAILURE!!!! Some beads might have been misidentified
               x1         y1  area1          x2         y2  area2          x3        y3  area3          x4         y4  area4          x5         y5  area5          x6         y6  area6          x7         y7  area7
range  351.388351  11.513771  153.0  316.690574  15.570844  165.0  135.363447  8.815541   57.0  351.899867  28.601148  163.0  316.632445  30.858803  185.0  134.811833  15.476364   61.0  351.417196  45.123672  109.0
FAILURE!!!! Some beads might have been misidentified
Residual vector length: 3150, Jacobian shape: (3150, 6)
view   0 | SOD= 560.191 mm | SDD= 802.742 mm | M= 1.433 | incident=4.7367°
[[ 240.40349    -503.95486     -45.274773  ]
 [-109.276695    215.69281      19.725227  ]
 [   0.1356009     0.06318668    0.        ]
 [   0.            0.            0.1496    ]]
               x1        y1  area1          x2         y2  area2          x3        y3  area3          x4         y4  area4         x5        y5  area5         x6         y6  area6          x7         y7  area7
range  352.078267  11.57969  147.0  317.030299  15.499927  164.0  135.439672  8.927634   60.0  351.781091  28.621553  165.0  316.65664  31.01679  178.0  134.99672  15.373504   53.0  352.172764  45.143115  102.0
FAILURE!!!! Some beads might have been misidentified

iter 16 cost=5015.500502 -> 3677.003506 |dtheta|=5.555851e-01  lambda=1.000e-06

============================================================
Iteration 17
============================================================
Theta offsets (Unity frame):
  Source   : dSx=   0.000, dSy=   0.000, dSz=   0.000  (mm)
  Object   : dOx= -18.036, dOy=  -8.275, dOz= -21.672  (mm)
  Object offset: offset_x=  -0.015, offset_z=   0.007  (mm)
  Detector : dDx=   0.000, dDy=   0.000, dDz=   0.000  (mm)
  Obj Stage rotY :   24.984 deg
============================================================

Unity geometry (world coordinates):
  Source   : x=   5.000, y=  60.000, z=   0.000
  Object   : x=  -0.036, y=  14.725, z= 558.328
  Detector : x=  -8.000, y=  -5.000, z= 800.000
  Obj rotY :   0.0000 deg
view   0 | SOD= 560.191 mm | SDD= 802.742 mm | M= 1.433 | incident=4.7367°
[[ 240.40349    -503.95486     -45.274773  ]
 [-109.276695    215.69281      19.725227  ]
 [   0.1356009     0.06318668    0.        ]
 [   0.            0.            0.1496    ]]
               x1        y1  area1          x2         y2  area2          x3        y3  area3          x4         y4  area4         x5        y5  area5         x6         y6  area6          x7         y7  area7
range  352.078267  11.57969  147.0  317.030299  15.499927  164.0  135.439672  8.927634   60.0  351.781091  28.621553  165.0  316.65664  31.01679  178.0  134.99672  15.373504   53.0  352.172764  45.143115  102.0
FAILURE!!!! Some beads might have been misidentified
               x1         y1  area1          x2         y2  area2          x3        y3  area3          x4         y4  area4          x5         y5  area5          x6         y6  area6          x7         y7  area7
range  352.124333  11.579132  153.0  317.096509  15.549834  167.0  135.431917  8.920343   60.0  351.832251  28.615174  164.0  316.724625  30.988117  181.0  135.142067  15.371951   52.0  352.107879  45.164959   99.0
FAILURE!!!! Some beads might have been misidentified
              x1       y1  area1          x2        y2  area2          x3        y3  area3          x4         y4  area4          x5         y5  area5         x6         y6  area6          x7         y7  area7
range  352.21139  11.5986  153.0  317.001965  15.59211  167.0  135.286706  8.896615   68.0  351.730706  28.590686  162.0  316.588519  31.001752  176.0  135.01648  15.419871   57.0  352.203361  45.183775  106.0
FAILURE!!!! Some beads might have been misidentified
              x1         y1  area1          x2         y2  area2          x3        y3  area3          x4         y4  area4          x5         y5  area5          x6         y6  area6          x7         y7  area7
range  352.06727  11.567937  151.0  317.030642  15.483986  164.0  135.353167  8.813658   58.0  351.897787  28.599936  164.0  316.627134  30.994124  180.0  134.981055  15.413063   52.0  352.101821  45.209029  103.0
FAILURE!!!! Some beads might have been misidentified
              x1         y1  area1          x2         y2  area2          x3        y3  area3          x4         y4  area4          x5         y5  area5          x6         y6  area6          x7         y7  area7
range  352.02969  11.573331  147.0  317.047613  15.588542  164.0  135.376298  8.877016   60.0  351.790105  28.644049  168.0  316.611302  31.052616  171.0  135.028516  15.454088   54.0  352.164994  45.188076   99.0
FAILURE!!!! Some beads might have been misidentified
               x1         y1  area1          x2         y2  area2          x3        y3  area3          x4         y4  area4          x5         y5  area5         x6         y6  area6          x7         y7  area7
range  352.070122  11.558368  147.0  317.030299  15.499927  163.0  135.439672  8.927634   64.0  351.782107  28.621553  165.0  316.642492  31.025661  180.0  134.99672  15.373504   53.0  352.152439  45.165073  102.0
FAILURE!!!! Some beads might have been misidentified
               x1        y1  area1          x2         y2  area2          x3        y3  area3          x4         y4  area4         x5         y5  area5          x6         y6  area6          x7         y7  area7
range  352.147451  11.57969  147.0  317.030299  15.518853  165.0  135.452107  8.942576   60.0  351.781091  28.621553  165.0  316.65664  30.991953  178.0  135.026157  15.366338   54.0  352.208051  45.130548  103.0
FAILURE!!!! Some beads might have been misidentified
               x1         y1  area1          x2         y2  area2          x3        y3  area3          x4         y4  area4         x5         y5  area5         x6         y6  area6          x7         y7  area7
range  352.093185  11.586052  147.0  317.030299  15.499395  163.0  135.402686  8.927634   64.0  351.781091  28.605701  164.0  316.65664  31.006106  177.0  134.99672  15.373504   53.0  352.171084  45.136661  103.0
FAILURE!!!! Some beads might have been misidentified
               x1         y1  area1          x2         y2  area2          x3        y3  area3          x4         y4  area4          x5         y5  area5         x6         y6  area6          x7         y7  area7
range  352.124565  11.554655  150.0  317.030299  15.539076  165.0  135.439672  8.921458   64.0  351.812939  28.660656  165.0  316.641304  30.976671  179.0  134.99672  15.373504   52.0  352.195428  45.151122  107.0
FAILURE!!!! Some beads might have been misidentified
               x1         y1  area1          x2         y2  area2          x3        y3  area3          x4         y4  area4          x5         y5  area5          x6         y6  area6          x7         y7  area7
range  352.070122  11.597781  155.0  316.896254  15.523202  170.0  135.229883  8.927634   58.0  351.781091  28.489806  161.0  316.801834  31.006106  182.0  135.269958  15.305242   55.0  352.187763  45.185024  104.0
FAILURE!!!! Some beads might have been misidentified
               x1         y1  area1          x2         y2  area2          x3        y3  area3          x4         y4  area4          x5         y5  area5          x6         y6  area6          x7         y7  area7
range  352.166406  11.594312  146.0  317.200786  15.567474  169.0  135.481836  8.921458   59.0  351.771312  28.716054  165.0  316.527982  30.947807  174.0  134.888924  15.453032   53.0  352.191372  45.151093  101.0
FAILURE!!!! Some beads might have been misidentified
               x1         y1  area1          x2         y2  area2          x3        y3  area3          x4         y4  area4          x5         y5  area5          x6         y6  area6          x7         y7  area7
range  352.416398  11.558417  153.0  317.154533  15.523202  168.0  135.265879  8.970901   66.0  351.618473  28.621553  163.0  316.539624  31.048003  180.0  135.171858  15.393553   58.0  352.377804  45.129878  104.0
FAILURE!!!! Some beads might have been misidentified
               x1        y1  area1          x2         y2  area2          x3        y3  area3          x4         y4  area4          x5         y5  area5          x6         y6  area6          x7         y7  area7
range  351.919325  11.57969  145.0  316.907749  15.575751  161.0  135.470264  8.837112   62.0  351.944485  28.621553  164.0  316.780022  30.931732  177.0  134.912342  15.374006   53.0  351.933437  45.176437  101.0
FAILURE!!!! Some beads might have been misidentified
Residual vector length: 3150, Jacobian shape: (3150, 6)
view   0 | SOD= 559.820 mm | SDD= 802.742 mm | M= 1.434 | incident=4.7367°
[[ 240.40471    -503.54477     -45.238388  ]
 [-109.504974    215.99135      19.76161   ]
 [   0.13558073    0.06322993    0.        ]
 [   0.            0.            0.1496    ]]
               x1         y1  area1         x2         y2  area2          x3       y3  area3         x4         y4  area4          x5         y5  area5          x6        y6  area6          x7         y7  area7
range  352.267255  11.601255  148.0  317.05711  15.517046  172.0  135.374546  8.86197   59.0  352.19253  28.540449  163.0  316.920572  31.047535  179.0  135.132672  15.37419   60.0  352.201423  45.214588   99.0
FAILURE!!!! Some beads might have been misidentified

iter 17 cost=3677.003506 -> 2932.760332 |dtheta|=3.663571e-01  lambda=1.000e-06

============================================================
Iteration 18
============================================================
Theta offsets (Unity frame):
  Source   : dSx=   0.000, dSy=   0.000, dSz=   0.000  (mm)
  Object   : dOx= -18.042, dOy=  -8.238, dOz= -22.036  (mm)
  Object offset: offset_x=  -0.006, offset_z=   0.002  (mm)
  Detector : dDx=   0.000, dDy=   0.000, dDz=   0.000  (mm)
  Obj Stage rotY :   25.003 deg
============================================================

Unity geometry (world coordinates):
  Source   : x=   5.000, y=  60.000, z=   0.000
  Object   : x=  -0.042, y=  14.762, z= 557.964
  Detector : x=  -8.000, y=  -5.000, z= 800.000
  Obj rotY :   0.0000 deg
view   0 | SOD= 559.820 mm | SDD= 802.742 mm | M= 1.434 | incident=4.7367°
[[ 240.40471    -503.54477     -45.238388  ]
 [-109.504974    215.99135      19.76161   ]
 [   0.13558073    0.06322993    0.        ]
 [   0.            0.            0.1496    ]]
               x1         y1  area1         x2         y2  area2          x3       y3  area3         x4         y4  area4          x5         y5  area5          x6        y6  area6          x7         y7  area7
range  352.267255  11.601255  148.0  317.05711  15.517046  172.0  135.374546  8.86197   59.0  352.19253  28.540449  163.0  316.920572  31.047535  179.0  135.132672  15.37419   60.0  352.201423  45.214588   99.0
FAILURE!!!! Some beads might have been misidentified
               x1         y1  area1          x2         y2  area2          x3       y3  area3          x4         y4  area4          x5        y5  area5          x6         y6  area6          x7         y7  area7
range  352.286235  11.622286  149.0  317.013528  15.482516  165.0  135.393366  8.81561   62.0  352.176466  28.493243  161.0  316.859137  31.00271  184.0  135.281825  15.407872   57.0  352.248744  45.198211  100.0
FAILURE!!!! Some beads might have been misidentified
               x1         y1  area1          x2         y2  area2          x3       y3  area3         x4         y4  area4          x5         y5  area5          x6         y6  area6          x7         y7  area7
range  352.277899  11.619675  149.0  317.123151  15.568368  170.0  135.408715  8.86109   58.0  352.20834  28.580112  164.0  316.946011  31.030507  178.0  135.086349  15.417231   56.0  352.170318  45.203982  103.0
FAILURE!!!! Some beads might have been misidentified
               x1         y1  area1          x2         y2  area2         x3        y3  area3          x4         y4  area4          x5         y5  area5          x6         y6  area6          x7         y7  area7
range  352.291323  11.609326  148.0  317.032489  15.570824  169.0  135.40081  8.927575   59.0  352.235427  28.612778  163.0  316.843362  31.031104  179.0  135.150088  15.312472   52.0  352.235816  45.178104  106.0
FAILURE!!!! Some beads might have been misidentified
               x1         y1  area1         x2         y2  area2          x3        y3  area3          x4         y4  area4          x5         y5  area5          x6         y6  area6          x7         y7  area7
range  352.289404  11.609382  149.0  316.99396  15.535295  171.0  135.302961  8.948475   62.0  352.105331  28.541053  169.0  316.928653  30.963965  175.0  135.178303  15.400031   61.0  352.133219  45.180224  101.0
FAILURE!!!! Some beads might have been misidentified
               x1         y1  area1         x2        y2  area2          x3        y3  area3         x4         y4  area4          x5         y5  area5          x6         y6  area6          x7         y7  area7
range  352.267255  11.601255  148.0  317.05711  15.55069  172.0  135.371472  8.838893   61.0  352.20475  28.540449  163.0  316.921054  31.024835  179.0  135.132672  15.378166   59.0  352.195052  45.214588   99.0
FAILURE!!!! Some beads might have been misidentified
               x1         y1  area1         x2         y2  area2          x3        y3  area3          x4         y4  area4          x5         y5  area5          x6         y6  area6          x7         y7  area7
range  352.267255  11.604968  145.0  317.05711  15.512281  171.0  135.350084  8.889188   63.0  352.184313  28.574737  162.0  316.937984  31.025607  179.0  135.109037  15.385964   60.0  352.201423  45.201142   99.0
FAILURE!!!! Some beads might have been misidentified
               x1         y1  area1         x2        y2  area2          x3        y3  area3          x4         y4  area4          x5         y5  area5          x6         y6  area6          x7         y7  area7
range  352.267255  11.627198  148.0  317.05711  15.52178  165.0  135.326623  8.864176   61.0  352.175992  28.549641  163.0  316.920572  31.062743  179.0  135.116635  15.378166   59.0  352.203558  45.180033   99.0
FAILURE!!!! Some beads might have been misidentified
               x1         y1  area1         x2         y2  area2          x3        y3  area3         x4         y4  area4          x5         y5  area5          x6         y6  area6          x7         y7  area7
range  352.267255  11.602901  149.0  317.05711  15.556383  171.0  135.339695  8.864052   62.0  352.19253  28.548071  161.0  316.920572  31.027523  180.0  135.109037  15.399071   60.0  352.201423  45.195948  101.0
FAILURE!!!! Some beads might have been misidentified
               x1         y1  area1          x2         y2  area2          x3        y3  area3          x4         y4  area4          x5         y5  area5          x6         y6  area6          x7         y7  area7
range  352.267255  11.659855  151.0  316.892458  15.553805  170.0  135.134691  8.891566   59.0  352.202809  28.473223  165.0  317.009921  31.065094  182.0  135.225257  15.373975   60.0  352.183101  45.218481  104.0
FAILURE!!!! Some beads might have been misidentified
               x1         y1  area1          x2         y2  area2          x3        y3  area3          x4         y4  area4          x5         y5  area5          x6         y6  area6          x7         y7  area7
range  352.373338  11.582106  150.0  317.234695  15.531328  165.0  135.515543  8.779872   61.0  352.175992  28.600132  160.0  316.846777  30.979068  180.0  135.007832  15.402136   60.0  352.240161  45.183712   99.0
FAILURE!!!! Some beads might have been misidentified
               x1         y1  area1          x2         y2  area2          x3        y3  area3          x4         y4  area4          x5        y5  area5          x6         y6  area6          x7         y7  area7
range  352.497343  11.580213  149.0  317.151643  15.546039  172.0  135.266267  8.831675   57.0  352.026353  28.540449  165.0  316.847774  31.06212  179.0  135.246188  15.415795   56.0  352.289796  45.180033  103.0
FAILURE!!!! Some beads might have been misidentified
               x1         y1  area1          x2         y2  area2          x3        y3  area3          x4         y4  area4          x5         y5  area5          x6         y6  area6          x7         y7  area7
range  352.066791  11.627198  146.0  316.925017  15.538147  172.0  135.509139  8.857102   62.0  352.356413  28.540449  164.0  316.977201  30.953363  182.0  135.061497  15.401057   60.0  352.129265  45.227835   97.0
FAILURE!!!! Some beads might have been misidentified
Residual vector length: 3150, Jacobian shape: (3150, 6)
view   0 | SOD= 559.498 mm | SDD= 802.742 mm | M= 1.435 | incident=4.7367°
[[ 240.41054    -503.1868      -45.20316   ]
 [-109.72178     216.24101      19.79684   ]
 [   0.13556117    0.06327187    0.        ]
 [   0.            0.            0.1496    ]]
               x1         y1  area1          x2         y2  area2          x3        y3  area3          x4         y4  area4          x5         y5  area5          x6         y6  area6          x7         y7  area7
range  352.340177  11.517576  152.0  317.048503  15.575977  168.0  135.472491  8.828656   61.0  352.468854  28.564865  163.0  317.139167  31.021523  180.0  135.320809  15.372482   55.0  352.290147  45.285849  100.0
FAILURE!!!! Some beads might have been misidentified

iter 18 cost=2932.760332 -> 2349.742375 |dtheta|=3.171916e-01  lambda=1.000e-06

============================================================
Iteration 19
============================================================
Theta offsets (Unity frame):
  Source   : dSx=   0.000, dSy=   0.000, dSz=   0.000  (mm)
  Object   : dOx= -18.032, dOy=  -8.203, dOz= -22.350  (mm)
  Object offset: offset_x=   0.001, offset_z=  -0.004  (mm)
  Detector : dDx=   0.000, dDy=   0.000, dDz=   0.000  (mm)
  Obj Stage rotY :   25.020 deg
============================================================

Unity geometry (world coordinates):
  Source   : x=   5.000, y=  60.000, z=   0.000
  Object   : x=  -0.032, y=  14.797, z= 557.650
  Detector : x=  -8.000, y=  -5.000, z= 800.000
  Obj rotY :   0.0000 deg
view   0 | SOD= 559.498 mm | SDD= 802.742 mm | M= 1.435 | incident=4.7367°
[[ 240.41054    -503.1868      -45.20316   ]
 [-109.72178     216.24101      19.79684   ]
 [   0.13556117    0.06327187    0.        ]
 [   0.            0.            0.1496    ]]
               x1         y1  area1          x2         y2  area2          x3        y3  area3          x4         y4  area4          x5         y5  area5          x6         y6  area6          x7         y7  area7
range  352.340177  11.517576  152.0  317.048503  15.575977  168.0  135.472491  8.828656   61.0  352.468854  28.564865  163.0  317.139167  31.021523  180.0  135.320809  15.372482   55.0  352.290147  45.285849  100.0
FAILURE!!!! Some beads might have been misidentified
               x1         y1  area1          x2         y2  area2          x3        y3  area3          x4         y4  area4         x5         y5  area5          x6         y6  area6          x7         y7  area7
range  352.378171  11.533472  153.0  317.037113  15.526979  165.0  135.390902  8.874289   65.0  352.467497  28.666657  163.0  317.21193  31.013257  177.0  135.422657  15.352529   54.0  352.344828  45.299029  102.0
FAILURE!!!! Some beads might have been misidentified
               x1         y1  area1          x2         y2  area2          x3        y3  area3          x4         y4  area4          x5         y5  area5          x6         y6  area6          x7         y7  area7
range  352.364895  11.514366  151.0  317.033564  15.574945  165.0  135.434235  8.837661   58.0  352.430612  28.614435  156.0  317.223384  31.063577  179.0  135.199882  15.403769   56.0  352.196395  45.235822   99.0
FAILURE!!!! Some beads might have been misidentified
               x1         y1  area1          x2         y2  area2          x3        y3  area3          x4         y4  area4          x5         y5  area5          x6         y6  area6          x7         y7  area7
range  352.358902  11.482913  153.0  317.023222  15.529643  167.0  135.455497  8.938255   51.0  352.491753  28.615782  164.0  317.147864  30.972233  178.0  135.316268  15.310491   52.0  352.323829  45.222732   99.0
FAILURE!!!! Some beads might have been misidentified
               x1        y1  area1          x2         y2  area2          x3        y3  area3          x4         y4  area4          x5         y5  area5          x6        y6  area6          x7         y7  area7
range  352.307214  11.62775  152.0  316.986463  15.606019  172.0  135.419312  8.832219   59.0  352.439628  28.471149  157.0  317.124858  31.002152  177.0  135.344114  15.35965   59.0  352.270384  45.200626  101.0
FAILURE!!!! Some beads might have been misidentified
               x1         y1  area1          x2         y2  area2          x3        y3  area3          x4         y4  area4          x5         y5  area5          x6        y6  area6          x7         y7  area7
range  352.346312  11.529241  152.0  317.048503  15.575977  167.0  135.472491  8.810819   61.0  352.468854  28.613462  163.0  317.088983  31.011461  179.0  135.299817  15.37857   55.0  352.308043  45.244361  100.0
FAILURE!!!! Some beads might have been misidentified
               x1         y1  area1          x2         y2  area2          x3        y3  area3          x4         y4  area4          x5         y5  area5          x6         y6  area6          x7         y7  area7
range  352.340177  11.517576  152.0  317.048503  15.575977  167.0  135.472491  8.863636   61.0  352.468854  28.599559  162.0  317.148684  30.999614  180.0  135.339768  15.414927   55.0  352.283929  45.240703  100.0
FAILURE!!!! Some beads might have been misidentified
               x1         y1  area1          x2         y2  area2          x3        y3  area3          x4         y4  area4          x5         y5  area5          x6         y6  area6          x7         y7  area7
range  352.347822  11.500752  150.0  317.048503  15.547425  161.0  135.463407  8.814491   61.0  352.468854  28.587838  162.0  317.117073  31.039523  177.0  135.333127  15.381248   54.0  352.290147  45.285849   99.0
FAILURE!!!! Some beads might have been misidentified
               x1         y1  area1          x2         y2  area2          x3        y3  area3          x4         y4  area4          x5         y5  area5          x6         y6  area6          x7         y7  area7
range  352.338647  11.528183  155.0  317.048503  15.545742  169.0  135.472491  8.838322   60.0  352.468854  28.556479  164.0  317.147423  31.011461  182.0  135.316047  15.390158   56.0  352.283929  45.302364  100.0
FAILURE!!!! Some beads might have been misidentified
               x1         y1  area1          x2         y2  area2          x3        y3  area3          x4         y4  area4          x5         y5  area5          x6         y6  area6          x7         y7  area7
range  352.315307  11.552495  155.0  316.943043  15.555831  168.0  135.270376  8.843483   67.0  352.493523  28.674623  161.0  317.373414  31.016857  177.0  135.397142  15.379277   56.0  352.290147  45.304307  103.0
FAILURE!!!! Some beads might have been misidentified
               x1         y1  area1          x2         y2  area2         x3        y3  area3          x4         y4  area4          x5         y5  area5          x6         y6  area6          x7         y7  area7
range  352.347822  11.495343  149.0  317.158429  15.515531  159.0  135.59564  8.870883   58.0  352.444284  28.606468  159.0  317.027698  31.005917  179.0  135.176234  15.439913   55.0  352.308043  45.230544   96.0
FAILURE!!!! Some beads might have been misidentified
               x1         y1  area1          x2         y2  area2          x3        y3  area3          x4         y4  area4          x5         y5  area5         x6         y6  area6          x7         y7  area7
range  352.653891  11.529241  153.0  317.113976  15.540822  168.0  135.387899  8.847152   59.0  352.264729  28.648155  164.0  317.099873  31.096085  178.0  135.37001  15.402534   56.0  352.430505  45.199215  103.0
FAILURE!!!! Some beads might have been misidentified
               x1         y1  area1          x2         y2  area2          x3        y3  area3         x4         y4  area4          x5         y5  area5          x6         y6  area6          x7         y7  area7
range  352.089175  11.494296  151.0  316.975965  15.515531  159.0  135.553647  8.758659   62.0  352.63338  28.587838  162.0  317.366697  31.005917  178.0  135.201374  15.389452   54.0  352.110718  45.285849   99.0
FAILURE!!!! Some beads might have been misidentified
Residual vector length: 3150, Jacobian shape: (3150, 6)
view   0 | SOD= 559.200 mm | SDD= 802.742 mm | M= 1.436 | incident=4.7367°
[[ 240.38162    -502.8721      -45.179985  ]
 [-109.90146     216.48232      19.820013  ]
 [   0.1355479     0.06330028    0.        ]
 [   0.            0.            0.1496    ]]
               x1         y1  area1          x2         y2  area2          x3        y3  area3          x4         y4  area4          x5         y5  area5          x6         y6  area6          x7         y7  area7
range  352.877784  11.491614  159.0  317.505861  15.543316  172.0  135.356753  8.898118   59.0  352.421053  28.721057  156.0  317.247069  31.008919  177.0  135.586549  15.467047   55.0  352.702304  45.142675  104.0
FAILURE!!!! Some beads might have been misidentified

iter 19 cost=2349.742375 -> 1837.680973 |dtheta|=3.119186e-01  lambda=1.000e-06

============================================================
Iteration 20
============================================================
Theta offsets (Unity frame):
  Source   : dSx=   0.000, dSy=   0.000, dSz=   0.000  (mm)
  Object   : dOx= -18.025, dOy=  -8.180, dOz= -22.660  (mm)
  Object offset: offset_x=   0.003, offset_z=   0.010  (mm)
  Detector : dDx=   0.000, dDy=   0.000, dDz=   0.000  (mm)
  Obj Stage rotY :   25.032 deg
============================================================

Unity geometry (world coordinates):
  Source   : x=   5.000, y=  60.000, z=   0.000
  Object   : x=  -0.025, y=  14.820, z= 557.340
  Detector : x=  -8.000, y=  -5.000, z= 800.000
  Obj rotY :   0.0000 deg
view   0 | SOD= 559.200 mm | SDD= 802.742 mm | M= 1.436 | incident=4.7367°
[[ 240.38162    -502.8721      -45.179985  ]
 [-109.90146     216.48232      19.820013  ]
 [   0.1355479     0.06330028    0.        ]
 [   0.            0.            0.1496    ]]
               x1         y1  area1          x2         y2  area2          x3        y3  area3          x4         y4  area4          x5         y5  area5          x6         y6  area6          x7         y7  area7
range  352.877784  11.491614  159.0  317.505861  15.543316  172.0  135.356753  8.898118   59.0  352.421053  28.721057  156.0  317.247069  31.008919  177.0  135.586549  15.467047   55.0  352.702304  45.142675  104.0
FAILURE!!!! Some beads might have been misidentified
               x1         y1  area1          x2         y2  area2          x3        y3  area3          x4         y4  area4          x5         y5  area5          x6         y6  area6         x7         y7  area7
range  352.831836  11.533536  151.0  317.450794  15.516115  171.0  135.334522  8.844406   64.0  352.397517  28.659471  158.0  317.333143  30.998663  175.0  135.541613  15.550587   58.0  352.78065  45.109164  101.0
FAILURE!!!! Some beads might have been misidentified
               x1         y1  area1          x2         y2  area2          x3        y3  area3          x4         y4  area4          x5         y5  area5        x6         y6  area6          x7         y7  area7
range  352.832653  11.511452  156.0  317.399369  15.532206  173.0  135.295485  8.919148   54.0  352.400462  28.634175  157.0  317.188998  31.020962  177.0  135.5627  15.412042   57.0  352.717174  45.201106  101.0
FAILURE!!!! Some beads might have been misidentified
               x1        y1  area1          x2         y2  area2          x3        y3  area3          x4         y4  area4          x5         y5  area5          x6         y6  area6          x7         y7  area7
range  352.822283  11.52252  151.0  317.490545  15.556747  173.0  135.401358  8.893386   55.0  352.418942  28.644536  162.0  317.247527  31.009301  182.0  135.518101  15.404653   55.0  352.689435  45.238521  102.0
FAILURE!!!! Some beads might have been misidentified
               x1         y1  area1          x2         y2  area2          x3        y3  area3          x4         y4  area4          x5         y5  area5          x6         y6  area6          x7         y7  area7
range  352.838115  11.512452  151.0  317.500935  15.560519  173.0  135.336597  8.851389   64.0  352.377584  28.564117  158.0  317.247182  30.978383  176.0  135.560648  15.519072   55.0  352.792683  45.256614  103.0
FAILURE!!!! Some beads might have been misidentified
               x1         y1  area1         x2         y2  area2          x3        y3  area3         x4         y4  area4          x5         y5  area5          x6         y6  area6          x7         y7  area7
range  352.877784  11.490864  151.0  317.48543  15.510739  173.0  135.393176  8.898118   59.0  352.40272  28.715043  154.0  317.246165  31.022515  177.0  135.530391  15.467047   54.0  352.676862  45.141061  103.0
FAILURE!!!! Some beads might have been misidentified
               x1         y1  area1         x2         y2  area2          x3        y3  area3          x4         y4  area4          x5         y5  area5          x6         y6  area6          x7         y7  area7
range  352.877784  11.491614  159.0  317.48543  15.543316  172.0  135.356508  8.873316   59.0  352.437432  28.672346  156.0  317.247069  31.008919  177.0  135.586549  15.482343   55.0  352.716301  45.204911  101.0
FAILURE!!!! Some beads might have been misidentified
               x1         y1  area1          x2         y2  area2          x3        y3  area3          x4         y4  area4          x5         y5  area5          x6         y6  area6          x7         y7  area7
range  352.877784  11.483426  152.0  317.505861  15.565182  172.0  135.356508  8.880252   59.0  352.437432  28.686699  153.0  317.262203  31.010918  177.0  135.586549  15.461388   52.0  352.747111  45.170071  102.0
FAILURE!!!! Some beads might have been misidentified
               x1         y1  area1          x2        y2  area2          x3        y3  area3          x4         y4  area4          x5         y5  area5          x6         y6  area6          x7         y7  area7
range  352.877784  11.493885  158.0  317.462888  15.51219  172.0  135.393176  8.879071   58.0  352.421053  28.658752  156.0  317.247069  31.025141  178.0  135.533164  15.467047   55.0  352.675568  45.148284  101.0
FAILURE!!!! Some beads might have been misidentified
               x1         y1  area1          x2         y2  area2          x3        y3  area3          x4        y4  area4          x5         y5  area5          x6         y6  area6          x7         y7  area7
range  352.877784  11.520894  153.0  317.159898  15.533189  174.0  135.171686  8.859001   65.0  352.483528  28.64379  156.0  317.445808  30.994175  178.0  135.658397  15.428931   58.0  352.700919  45.152234  102.0
FAILURE!!!! Some beads might have been misidentified
               x1         y1  area1          x2         y2  area2          x3        y3  area3         x4         y4  area4          x5        y5  area5          x6         y6  area6          x7         y7  area7
range  352.877784  11.524094  157.0  317.700632  15.540518  170.0  135.486538  8.872813   59.0  352.40272  28.649856  161.0  317.057595  31.06574  173.0  135.407764  15.488948   52.0  352.676862  45.154995  102.0
FAILURE!!!! Some beads might have been misidentified
               x1         y1  area1          x2         y2  area2          x3        y3  area3         x4         y4  area4          x5         y5  area5          x6         y6  area6          x7         y7  area7
range  353.037198  11.480089  158.0  317.680515  15.548485  173.0  135.241798  8.941974   60.0  352.22597  28.721057  155.0  317.083158  31.011103  180.0  135.635161  15.470595   58.0  352.995292  45.142675  100.0
FAILURE!!!! Some beads might have been misidentified
               x1         y1  area1         x2         y2  area2          x3        y3  area3          x4        y4  area4          x5         y5  area5          x6         y6  area6          x7         y7  area7
range  352.627292  11.491614  149.0  317.21279  15.559005  172.0  135.451089  8.857707   59.0  352.547339  28.65753  155.0  317.378323  31.074209  176.0  135.419219  15.543364   57.0  352.502531  45.160631  101.0
FAILURE!!!! Some beads might have been misidentified
Residual vector length: 3150, Jacobian shape: (3150, 6)
view   0 | SOD= 558.970 mm | SDD= 802.742 mm | M= 1.436 | incident=4.7367°
[[ 240.20842    -502.70023     -45.167366  ]
 [-109.95309     216.71336      19.832634  ]
 [   0.1355586     0.06327738    0.        ]
 [   0.            0.            0.1496    ]]
               x1         y1  area1          x2         y2  area2          x3      y3  area3          x4         y4  area4          x5         y5  area5          x6         y6  area6          x7         y7  area7
range  353.032784  11.548464  150.0  317.846801  15.582137  172.0  135.553755  8.9191   54.0  352.625409  28.599274  156.0  317.233607  31.014381  174.0  135.495493  15.528221   56.0  352.928291  45.288725  101.0
FAILURE!!!! Some beads might have been misidentified

iter 20 cost=1837.680973 -> 1502.684671 |dtheta|=2.282397e-01  lambda=1.000e-06

============================================================
Iteration 21
============================================================
Theta offsets (Unity frame):
  Source   : dSx=   0.000, dSy=   0.000, dSz=   0.000  (mm)
  Object   : dOx= -18.026, dOy=  -8.167, dOz= -22.888  (mm)
  Object offset: offset_x=  -0.006, offset_z=   0.008  (mm)
  Detector : dDx=   0.000, dDy=   0.000, dDz=   0.000  (mm)
  Obj Stage rotY :   25.023 deg
============================================================

Unity geometry (world coordinates):
  Source   : x=   5.000, y=  60.000, z=   0.000
  Object   : x=  -0.026, y=  14.833, z= 557.112
  Detector : x=  -8.000, y=  -5.000, z= 800.000
  Obj rotY :   0.0000 deg
view   0 | SOD= 558.970 mm | SDD= 802.742 mm | M= 1.436 | incident=4.7367°
[[ 240.20842    -502.70023     -45.167366  ]
 [-109.95309     216.71336      19.832634  ]
 [   0.1355586     0.06327738    0.        ]
 [   0.            0.            0.1496    ]]
               x1         y1  area1          x2         y2  area2          x3      y3  area3          x4         y4  area4          x5         y5  area5          x6         y6  area6          x7         y7  area7
range  353.032784  11.548464  150.0  317.846801  15.582137  172.0  135.553755  8.9191   54.0  352.625409  28.599274  156.0  317.233607  31.014381  174.0  135.495493  15.528221   56.0  352.928291  45.288725  101.0
FAILURE!!!! Some beads might have been misidentified
               x1         y1  area1          x2         y2  area2          x3        y3  area3          x4        y4  area4          x5         y5  area5          x6         y6  area6          x7         y7  area7
range  352.896032  11.523113  152.0  317.900179  15.526112  166.0  135.436446  8.846514   61.0  352.616844  28.58012  161.0  317.407887  30.998757  175.0  135.473598  15.556027   60.0  352.914013  45.291629   99.0
FAILURE!!!! Some beads might have been misidentified
               x1         y1  area1         x2         y2  area2          x3        y3  area3          x4         y4  area4          x5         y5  area5          x6         y6  area6          x7         y7  area7
range  352.975498  11.545139  154.0  317.68591  15.576803  170.0  135.576336  8.948504   55.0  352.587103  28.595934  160.0  317.278232  31.030545  174.0  135.466291  15.399023   57.0  352.929934  45.262941  100.0
FAILURE!!!! Some beads might have been misidentified
               x1        y1  area1          x2         y2  area2          x3        y3  area3          x4         y4  area4          x5         y5  area5          x6         y6  area6          x7         y7  area7
range  352.985483  11.52468  155.0  317.862724  15.490278  170.0  135.569767  8.908266   54.0  352.554366  28.651171  163.0  317.279261  31.083093  173.0  135.432681  15.513465   56.0  352.955285  45.178786  104.0
FAILURE!!!! Some beads might have been misidentified
               x1         y1  area1         x2         y2  area2          x3        y3  area3         x4         y4  area4          x5         y5  area5          x6         y6  area6          x7         y7  area7
range  352.992815  11.551925  155.0  317.86469  15.570533  167.0  135.506611  8.811272   65.0  352.59254  28.578979  163.0  317.285833  30.966611  170.0  135.520946  15.545322   60.0  352.951878  45.307484  103.0
FAILURE!!!! Some beads might have been misidentified
               x1         y1  area1          x2        y2  area2          x3        y3  area3          x4         y4  area4          x5         y5  area5          x6         y6  area6          x7         y7  area7
range  353.032784  11.548464  150.0  317.822368  15.57081  173.0  135.553755  8.896865   54.0  352.605422  28.576746  157.0  317.233607  31.018853  175.0  135.473859  15.511443   56.0  352.892906  45.265567  104.0
FAILURE!!!! Some beads might have been misidentified
               x1         y1  area1          x2         y2  area2          x3        y3  area3          x4         y4  area4          x5        y5  area5          x6         y6  area6          x7         y7  area7
range  353.032784  11.548464  154.0  317.846801  15.590168  172.0  135.561354  8.873257   56.0  352.625409  28.560618  157.0  317.264353  31.02401  173.0  135.525284  15.505433   55.0  352.928291  45.342546  102.0
FAILURE!!!! Some beads might have been misidentified
               x1         y1  area1          x2         y2  area2          x3       y3  area3          x4         y4  area4          x5         y5  area5          x6         y6  area6          x7         y7  area7
range  353.032784  11.514871  155.0  317.867037  15.533933  168.0  135.561354  8.88929   55.0  352.620768  28.595845  163.0  317.241361  31.037601  175.0  135.473859  15.499595   54.0  352.928291  45.249028  100.0
FAILURE!!!! Some beads might have been misidentified
               x1         y1  area1          x2        y2  area2          x3        y3  area3          x4         y4  area4          x5        y5  area5          x6         y6  area6          x7         y7  area7
range  353.032784  11.519795  151.0  317.822368  15.57081  173.0  135.533796  8.898769   55.0  352.605422  28.566529  155.0  317.233607  31.01355  174.0  135.438218  15.521505   57.0  352.907162  45.317207  101.0
FAILURE!!!! Some beads might have been misidentified
               x1         y1  area1         x2         y2  area2          x3        y3  area3          x4         y4  area4          x5         y5  area5          x6         y6  area6          x7         y7  area7
range  353.032784  11.491533  149.0  317.60877  15.529771  172.0  135.372853  8.859368   57.0  352.610562  28.564311  160.0  317.515678  30.999216  179.0  135.596514  15.491458   56.0  352.914035  45.306173  101.0
FAILURE!!!! Some beads might have been misidentified
               x1         y1  area1          x2       y2  area2          x3      y3  area3          x4         y4  area4          x5         y5  area5        x6         y6  area6         x7         y7  area7
range  353.048203  11.576719  153.0  317.973855  15.5218  166.0  135.631907  8.8853   57.0  352.598041  28.611743  158.0  317.163333  31.046737  173.0  135.3949  15.480332   59.0  352.92619  45.248396  101.0
FAILURE!!!! Some beads might have been misidentified
               x1         y1  area1          x2         y2  area2          x3        y3  area3          x4         y4  area4          x5         y5  area5          x6         y6  area6          x7         y7  area7
range  353.122522  11.548464  151.0  317.926879  15.539047  173.0  135.423273  8.968195   57.0  352.395382  28.599274  157.0  317.163333  31.028795  175.0  135.573212  15.471862   56.0  353.151818  45.264748  101.0
FAILURE!!!! Some beads might have been misidentified
               x1         y1  area1          x2         y2  area2         x3        y3  area3          x4         y4  area4          x5         y5  area5        x6         y6  area6          x7         y7  area7
range  352.749007  11.548464  151.0  317.652143  15.539932  173.0  135.59564  8.826823   58.0  352.798312  28.538091  158.0  317.443859  31.007576  176.0  135.3949  15.501914   62.0  352.692129  45.329968  105.0
FAILURE!!!! Some beads might have been misidentified
Residual vector length: 3150, Jacobian shape: (3150, 6)
view   0 | SOD= 558.737 mm | SDD= 802.742 mm | M= 1.437 | incident=4.7367°
[[ 240.13913    -502.4757      -45.154495  ]
 [-110.07982     216.90994      19.845503  ]
 [   0.13555354    0.0632882     0.        ]
 [   0.            0.            0.1496    ]]
               x1         y1  area1          x2         y2  area2          x3        y3  area3          x4         y4  area4          x5         y5  area5          x6         y6  area6          x7        y7  area7
range  353.148432  11.481389  152.0  317.910456  15.538914  173.0  135.461018  8.834432   62.0  352.757495  28.625216  162.0  317.566425  30.980289  179.0  135.635842  15.519789   56.0  353.098523  45.42767   98.0
FAILURE!!!! Some beads might have been misidentified

iter 21 cost=1502.684671 -> 1195.149497 |dtheta|=2.344613e-01  lambda=1.000e-06

============================================================
Iteration 22
============================================================
Theta offsets (Unity frame):
  Source   : dSx=   0.000, dSy=   0.000, dSz=   0.000  (mm)
  Object   : dOx= -18.018, dOy=  -8.154, dOz= -23.122  (mm)
  Object offset: offset_x=  -0.002, offset_z=   0.009  (mm)
  Detector : dDx=   0.000, dDy=   0.000, dDz=   0.000  (mm)
  Obj Stage rotY :   25.027 deg
============================================================

Unity geometry (world coordinates):
  Source   : x=   5.000, y=  60.000, z=   0.000
  Object   : x=  -0.018, y=  14.846, z= 556.878
  Detector : x=  -8.000, y=  -5.000, z= 800.000
  Obj rotY :   0.0000 deg
view   0 | SOD= 558.737 mm | SDD= 802.742 mm | M= 1.437 | incident=4.7367°
[[ 240.13913    -502.4757      -45.154495  ]
 [-110.07982     216.90994      19.845503  ]
 [   0.13555354    0.0632882     0.        ]
 [   0.            0.            0.1496    ]]
               x1         y1  area1          x2         y2  area2          x3        y3  area3          x4         y4  area4          x5         y5  area5          x6         y6  area6          x7        y7  area7
range  353.148432  11.481389  152.0  317.910456  15.538914  173.0  135.461018  8.834432   62.0  352.757495  28.625216  162.0  317.566425  30.980289  179.0  135.635842  15.519789   56.0  353.098523  45.42767   98.0
FAILURE!!!! Some beads might have been misidentified
               x1         y1  area1          x2         y2  area2          x3       y3  area3          x4         y4  area4          x5         y5  area5          x6         y6  area6         x7         y7  area7
range  353.092242  11.519168  156.0  318.013109  15.513228  177.0  135.423716  8.83862   66.0  352.706817  28.626955  154.0  317.593361  30.993732  175.0  135.523568  15.479644   58.0  353.06477  45.386242  108.0
FAILURE!!!! Some beads might have been misidentified
               x1         y1  area1          x2         y2  area2          x3       y3  area3          x4         y4  area4          x5         y5  area5          x6         y6  area6          x7         y7  area7
range  353.118767  11.523302  155.0  317.925533  15.557071  172.0  135.555451  8.90208   58.0  352.679266  28.579831  163.0  317.594916  30.972157  180.0  135.681117  15.533838   61.0  353.112906  45.303279  104.0
FAILURE!!!! Some beads might have been misidentified
               x1         y1  area1          x2         y2  area2        x3        y3  area3          x4         y4  area4          x5         y5  area5          x6         y6  area6          x7         y7  area7
range  353.183902  11.588376  153.0  317.901912  15.511141  174.0  135.4848  8.943806   53.0  352.815777  28.689876  157.0  317.523614  31.004075  179.0  135.581585  15.510127   55.0  353.015639  45.488299   98.0
FAILURE!!!! Some beads might have been misidentified
               x1         y1  area1          x2         y2  area2          x3        y3  area3          x4         y4  area4          x5         y5  area5          x6         y6  area6          x7         y7  area7
range  353.109094  11.512592  153.0  317.957688  15.601994  173.0  135.447891  8.828976   62.0  352.756155  28.707048  162.0  317.541947  30.978107  182.0  135.533873  15.507585   57.0  353.064571  45.273044  103.0
FAILURE!!!! Some beads might have been misidentified
               x1         y1  area1         x2         y2  area2          x3        y3  area3          x4         y4  area4          x5        y5  area5          x6         y6  area6          x7         y7  area7
range  353.155721  11.501452  152.0  317.92483  15.538914  173.0  135.461018  8.852402   61.0  352.748277  28.625216  162.0  317.566425  30.99237  179.0  135.644238  15.547351   55.0  353.098523  45.442184   98.0
FAILURE!!!! Some beads might have been misidentified
               x1         y1  area1          x2         y2  area2          x3        y3  area3          x4         y4  area4         x5         y5  area5          x6         y6  area6          x7         y7  area7
range  353.148432  11.495525  153.0  317.919076  15.538914  173.0  135.461018  8.843091   62.0  352.757495  28.625216  162.0  317.57577  30.980289  178.0  135.593382  15.510624   54.0  353.085619  45.423754  100.0
FAILURE!!!! Some beads might have been misidentified
               x1         y1  area1         x2         y2  area2          x3        y3  area3          x4         y4  area4          x5         y5  area5          x6         y6  area6          x7         y7  area7
range  353.148432  11.510811  152.0  317.93715  15.529027  174.0  135.461018  8.842795   62.0  352.776669  28.623862  163.0  317.566425  30.980289  178.0  135.635842  15.553518   48.0  353.098523  45.407617  102.0
FAILURE!!!! Some beads might have been misidentified
               x1         y1  area1          x2         y2  area2          x3        y3  area3          x4         y4  area4          x5         y5  area5          x6         y6  area6          x7         y7  area7
range  353.155721  11.512264  154.0  317.910456  15.551631  171.0  135.461018  8.875278   61.0  352.757495  28.636248  163.0  317.566425  30.993125  177.0  135.635842  15.519789   57.0  353.085619  45.382956  103.0
FAILURE!!!! Some beads might have been misidentified
               x1         y1  area1          x2         y2  area2          x3        y3  area3          x4         y4  area4          x5        y5  area5          x6         y6  area6          x7         y7  area7
range  353.155721  11.506027  154.0  317.848139  15.538747  174.0  135.363343  8.859266   61.0  352.767451  28.636227  162.0  317.774525  30.96893  175.0  135.785086  15.504223   57.0  353.098523  45.346609  103.0
FAILURE!!!! Some beads might have been misidentified
               x1         y1  area1          x2         y2  area2          x3        y3  area3          x4         y4  area4          x5         y5  area5          x6         y6  area6          x7         y7  area7
range  353.148432  11.536442  156.0  318.070912  15.526112  176.0  135.615824  8.849336   58.0  352.735003  28.615184  161.0  317.411986  31.008501  177.0  135.435266  15.516956   60.0  353.085619  45.395601  108.0
FAILURE!!!! Some beads might have been misidentified
               x1         y1  area1          x2         y2  area2          x3        y3  area3          x4         y4  area4         x5         y5  area5          x6         y6  area6          x7        y7  area7
range  353.269175  11.481389  152.0  318.054451  15.516887  174.0  135.408887  8.913429   62.0  352.460978  28.625216  162.0  317.45092  31.002144  179.0  135.773185  15.442409   59.0  353.253061  45.40387   99.0
FAILURE!!!! Some beads might have been misidentified
               x1         y1  area1          x2         y2  area2          x3        y3  area3         x4         y4  area4          x5         y5  area5          x6         y6  area6          x7        y7  area7
range  352.941834  11.495075  154.0  317.848139  15.564318  173.0  135.574908  8.812891   65.0  352.90884  28.625216  161.0  317.689724  30.972266  180.0  135.484526  15.566531   60.0  352.924614  45.44636  106.0
FAILURE!!!! Some beads might have been misidentified
Residual vector length: 3150, Jacobian shape: (3150, 6)
view   0 | SOD= 558.480 mm | SDD= 802.742 mm | M= 1.437 | incident=4.7367°
[[ 239.94078    -502.28525     -45.13839   ]
 [-110.15531     217.16019      19.861609  ]
 [   0.13556436    0.06326505    0.        ]
 [   0.            0.            0.1496    ]]
               x1         y1  area1          x2         y2  area2          x3        y3  area3          x4        y4  area4          x5         y5  area5          x6         y6  area6          x7         y7  area7
range  353.269161  11.563383  153.0  317.948446  15.538747  174.0  135.482969  8.870146   59.0  353.006954  28.67902  162.0  317.871013  30.955313  180.0  135.697616  15.509348   52.0  353.214188  45.339508  101.0
FAILURE!!!! Some beads might have been misidentified

iter 22 cost=1195.149497 -> 888.300474 |dtheta|=2.585323e-01  lambda=1.000e-06

============================================================
Iteration 23
============================================================
Theta offsets (Unity frame):
  Source   : dSx=   0.000, dSy=   0.000, dSz=   0.000  (mm)
  Object   : dOx= -18.018, dOy=  -8.138, dOz= -23.380  (mm)
  Object offset: offset_x=   0.003, offset_z=   0.010  (mm)
  Detector : dDx=   0.000, dDy=   0.000, dDz=   0.000  (mm)
  Obj Stage rotY :   25.017 deg
============================================================

Unity geometry (world coordinates):
  Source   : x=   5.000, y=  60.000, z=   0.000
  Object   : x=  -0.018, y=  14.862, z= 556.620
  Detector : x=  -8.000, y=  -5.000, z= 800.000
  Obj rotY :   0.0000 deg
view   0 | SOD= 558.480 mm | SDD= 802.742 mm | M= 1.437 | incident=4.7367°
[[ 239.94078    -502.28525     -45.13839   ]
 [-110.15531     217.16019      19.861609  ]
 [   0.13556436    0.06326505    0.        ]
 [   0.            0.            0.1496    ]]
               x1         y1  area1          x2         y2  area2          x3        y3  area3          x4        y4  area4          x5         y5  area5          x6         y6  area6          x7         y7  area7
range  353.269161  11.563383  153.0  317.948446  15.538747  174.0  135.482969  8.870146   59.0  353.006954  28.67902  162.0  317.871013  30.955313  180.0  135.697616  15.509348   52.0  353.214188  45.339508  101.0
FAILURE!!!! Some beads might have been misidentified
               x1        y1  area1        x2         y2  area2          x3        y3  area3         x4         y4  area4          x5        y5  area5          x6         y6  area6          x7         y7  area7
range  353.304022  11.54049  155.0  318.0134  15.540356  177.0  135.390809  8.857139   64.0  352.92948  28.683489  161.0  317.785276  30.99481  176.0  135.661339  15.480121   62.0  353.246404  45.321268  102.0
FAILURE!!!! Some beads might have been misidentified
               x1         y1  area1          x2        y2  area2          x3        y3  area3          x4         y4  area4          x5         y5  area5         x6         y6  area6          x7         y7  area7
range  353.269097  11.530618  157.0  317.939509  15.52681  175.0  135.538335  8.891584   57.0  352.917584  28.653987  159.0  317.806148  30.975059  185.0  135.74877  15.541862   67.0  353.153028  45.321663  105.0
FAILURE!!!! Some beads might have been misidentified
              x1         y1  area1          x2         y2  area2          x3        y3  area3          x4         y4  area4          x5         y5  area5         x6         y6  area6          x7         y7  area7
range  353.28585  11.580865  152.0  317.985309  15.547263  174.0  135.483503  8.931981   54.0  352.974633  28.613733  157.0  317.830374  30.994672  176.0  135.81964  15.466624   55.0  353.226483  45.375235  107.0
FAILURE!!!! Some beads might have been misidentified
               x1         y1  area1          x2         y2  area2          x3        y3  area3          x4         y4  area4          x5         y5  area5          x6        y6  area6          x7         y7  area7
range  353.274364  11.496165  156.0  317.978211  15.610743  169.0  135.451709  8.871137   65.0  353.015721  28.749998  162.0  317.895951  31.058214  186.0  135.690445  15.52685   58.0  353.127691  45.330983   98.0
FAILURE!!!! Some beads might have been misidentified
               x1         y1  area1          x2         y2  area2          x3        y3  area3         x4         y4  area4          x5         y5  area5          x6         y6  area6          x7         y7  area7
range  353.269161  11.587452  154.0  317.936721  15.551631  174.0  135.482969  8.849894   59.0  352.95674  28.663937  162.0  317.883496  30.955313  180.0  135.697616  15.511324   53.0  353.223944  45.317682  100.0
FAILURE!!!! Some beads might have been misidentified
               x1         y1  area1          x2         y2  area2          x3        y3  area3          x4         y4  area4          x5         y5  area5          x6         y6  area6          x7         y7  area7
range  353.269161  11.563383  154.0  317.948446  15.551631  173.0  135.482969  8.868502   61.0  353.050594  28.684973  161.0  317.871013  30.972238  182.0  135.697616  15.509348   57.0  353.189461  45.329913  100.0
FAILURE!!!! Some beads might have been misidentified
               x1         y1  area1          x2         y2  area2          x3        y3  area3          x4         y4  area4          x5         y5  area5          x6         y6  area6          x7         y7  area7
range  353.272846  11.523703  155.0  317.979141  15.551631  174.0  135.482969  8.856134   60.0  353.006954  28.684973  161.0  317.853616  30.993123  178.0  135.697616  15.509348   56.0  353.214188  45.324254  101.0
FAILURE!!!! Some beads might have been misidentified
               x1         y1  area1          x2         y2  area2          x3        y3  area3          x4         y4  area4          x5         y5  area5          x6         y6  area6          x7         y7  area7
range  353.257261  11.591365  152.0  317.948446  15.553993  175.0  135.482969  8.863541   58.0  353.026856  28.650085  163.0  317.895296  30.972238  183.0  135.697616  15.511324   56.0  353.214188  45.343198   98.0
FAILURE!!!! Some beads might have been misidentified
               x1        y1  area1          x2         y2  area2          x3        y3  area3          x4         y4  area4          x5         y5  area5          x6         y6  area6          x7         y7  area7
range  353.269161  11.55293  157.0  317.888032  15.563073  177.0  135.387754  8.882704   61.0  353.024063  28.701158  161.0  317.969339  30.949278  177.0  135.848362  15.490266   59.0  353.189461  45.353443  102.0
FAILURE!!!! Some beads might have been misidentified
               x1         y1  area1          x2         y2  area2          x3        y3  area3          x4         y4  area4          x5         y5  area5          x6         y6  area6          x7         y7  area7
range  353.269161  11.518179  159.0  318.108152  15.551631  174.0  135.582916  8.855374   62.0  353.006954  28.643917  163.0  317.598479  30.989301  182.0  135.578791  15.547899   54.0  353.235379  45.298423   99.0
FAILURE!!!! Some beads might have been misidentified
               x1         y1  area1          x2         y2  area2          x3        y3  area3         x4         y4  area4          x5         y5  area5          x6         y6  area6          x7         y7  area7
range  353.402182  11.556977  148.0  318.090001  15.540356  175.0  135.429254  8.906038   61.0  352.64861  28.684973  161.0  317.623816  30.989246  182.0  135.787748  15.513808   63.0  353.353625  45.317569  105.0
FAILURE!!!! Some beads might have been misidentified
               x1         y1  area1          x2         y2  area2          x3        y3  area3          x4         y4  area4          x5         y5  area5          x6         y6  area6          x7         y7  area7
range  353.170937  11.587452  155.0  317.906883  15.575434  175.0  135.551384  8.855916   63.0  353.198454  28.663937  162.0  318.024147  31.001417  179.0  135.625828  15.508282   65.0  353.045806  45.339508   99.0
FAILURE!!!! Some beads might have been misidentified
Residual vector length: 3150, Jacobian shape: (3150, 6)
view   0 | SOD= 558.283 mm | SDD= 802.742 mm | M= 1.438 | incident=4.7367°
[[ 239.67555    -502.19482     -45.11752   ]
 [-110.16223     217.37624      19.88248   ]
 [   0.13558705    0.06321637    0.        ]
 [   0.            0.            0.1496    ]]
               x1         y1  area1          x2         y2  area2         x3        y3  area3          x4         y4  area4          x5         y5  area5          x6         y6  area6          x7         y7  area7
range  353.400101  11.578085  149.0  318.068234  15.529634  173.0  135.56411  8.890271   57.0  353.188006  28.621713  159.0  317.937911  31.009188  177.0  135.692942  15.506454   62.0  353.205274  45.345977  100.0
FAILURE!!!! Some beads might have been misidentified

iter 23 cost=888.300474 -> 688.210274 |dtheta|=1.958264e-01  lambda=1.000e-06

============================================================
Iteration 24
============================================================
Theta offsets (Unity frame):
  Source   : dSx=   0.000, dSy=   0.000, dSz=   0.000  (mm)
  Object   : dOx= -18.014, dOy=  -8.118, dOz= -23.573  (mm)
  Object offset: offset_x=   0.001, offset_z=   0.007  (mm)
  Detector : dDx=   0.000, dDy=   0.000, dDz=   0.000  (mm)
  Obj Stage rotY :   24.997 deg
============================================================

Unity geometry (world coordinates):
  Source   : x=   5.000, y=  60.000, z=   0.000
  Object   : x=  -0.014, y=  14.882, z= 556.427
  Detector : x=  -8.000, y=  -5.000, z= 800.000
  Obj rotY :   0.0000 deg
view   0 | SOD= 558.283 mm | SDD= 802.742 mm | M= 1.438 | incident=4.7367°
[[ 239.67555    -502.19482     -45.11752   ]
 [-110.16223     217.37624      19.88248   ]
 [   0.13558705    0.06321637    0.        ]
 [   0.            0.            0.1496    ]]
               x1         y1  area1          x2         y2  area2         x3        y3  area3          x4         y4  area4          x5         y5  area5          x6         y6  area6          x7         y7  area7
range  353.400101  11.578085  149.0  318.068234  15.529634  173.0  135.56411  8.890271   57.0  353.188006  28.621713  159.0  317.937911  31.009188  177.0  135.692942  15.506454   62.0  353.205274  45.345977  100.0
FAILURE!!!! Some beads might have been misidentified
               x1         y1  area1          x2         y2  area2          x3        y3  area3          x4         y4  area4          x5         y5  area5          x6         y6  area6          x7         y7  area7
range  353.334385  11.581651  156.0  318.054326  15.541538  177.0  135.487613  8.840338   61.0  353.048151  28.625965  166.0  317.828359  30.921338  174.0  135.626988  15.449559   59.0  353.373684  45.366029  101.0
FAILURE!!!! Some beads might have been misidentified
               x1         y1  area1          x2         y2  area2          x3        y3  area3          x4         y4  area4          x5         y5  area5          x6        y6  area6          x7         y7  area7
range  353.379817  11.517676  152.0  318.178563  15.624403  176.0  135.640038  8.907421   56.0  353.098803  28.657386  159.0  318.015359  30.992626  181.0  135.690156  15.56155   64.0  353.192938  45.353672  104.0
FAILURE!!!! Some beads might have been misidentified
               x1         y1  area1          x2         y2  area2          x3        y3  area3          x4         y4  area4          x5         y5  area5          x6         y6  area6          x7        y7  area7
range  353.313413  11.609921  150.0  318.094977  15.509181  171.0  135.558871  8.866085   55.0  353.080621  28.741136  154.0  317.905441  30.987335  178.0  135.792973  15.444692   56.0  353.291292  45.35797  107.0
FAILURE!!!! Some beads might have been misidentified
               x1         y1  area1          x2         y2  area2          x3       y3  area3          x4         y4  area4          x5         y5  area5          x6         y6  area6          x7         y7  area7
range  353.307908  11.533346  158.0  318.014733  15.535705  175.0  135.516623  8.86712   63.0  353.165306  28.673866  162.0  317.940614  31.118386  176.0  135.690445  15.531331   56.0  353.177232  45.376959  101.0
FAILURE!!!! Some beads might have been misidentified
               x1         y1  area1          x2         y2  area2          x3        y3  area3          x4         y4  area4          x5         y5  area5          x6         y6  area6          x7         y7  area7
range  353.374618  11.578085  147.0  318.069739  15.553489  173.0  135.569812  8.890271   56.0  353.188006  28.621713  160.0  317.914963  31.009188  177.0  135.682616  15.516032   62.0  353.205274  45.321851  101.0
FAILURE!!!! Some beads might have been misidentified
               x1         y1  area1          x2         y2  area2         x3        y3  area3          x4         y4  area4          x5         y5  area5          x6         y6  area6          x7         y7  area7
range  353.400101  11.578085  149.0  318.068234  15.565998  177.0  135.56411  8.890271   57.0  353.176334  28.621713  159.0  317.956665  31.025475  178.0  135.692942  15.528397   63.0  353.205668  45.357972  101.0
FAILURE!!!! Some beads might have been misidentified
               x1         y1  area1          x2         y2  area2          x3       y3  area3          x4         y4  area4          x5         y5  area5          x6         y6  area6          x7         y7  area7
range  353.374618  11.578346  150.0  318.069739  15.526465  174.0  135.576073  8.91032   58.0  353.188006  28.638341  162.0  317.937911  31.015393  178.0  135.682616  15.504478   57.0  353.205668  45.356528  101.0
FAILURE!!!! Some beads might have been misidentified
               x1        y1  area1          x2         y2  area2         x3        y3  area3          x4        y4  area4          x5         y5  area5          x6         y6  area6          x7         y7  area7
range  353.400101  11.59589  155.0  318.052846  15.585242  175.0  135.56411  8.890271   58.0  353.188006  28.63607  158.0  317.977264  31.006556  178.0  135.692942  15.485498   63.0  353.205274  45.332419  101.0
FAILURE!!!! Some beads might have been misidentified
               x1         y1  area1          x2         y2  area2         x3       y3  area3          x4         y4  area4          x5         y5  area5          x6         y6  area6          x7         y7  area7
range  353.374618  11.551272  153.0  317.945233  15.579726  178.0  135.40829  8.93869   56.0  353.211754  28.659965  163.0  318.109528  30.943956  175.0  135.797066  15.472923   63.0  353.205668  45.396654  104.0
FAILURE!!!! Some beads might have been misidentified
               x1         y1  area1          x2         y2  area2          x3        y3  area3          x4         y4  area4          x5        y5  area5          x6         y6  area6          x7         y7  area7
range  353.400101  11.548055  154.0  318.307478  15.537144  175.0  135.657785  8.880366   58.0  353.126481  28.623386  163.0  317.799935  30.98757  180.0  135.517839  15.525114   64.0  353.226326  45.323047  101.0
FAILURE!!!! Some beads might have been misidentified
               x1         y1  area1          x2        y2  area2          x3        y3  area3          x4         y4  area4         x5         y5  area5          x6         y6  area6          x7         y7  area7
range  353.499802  11.578085  149.0  318.258398  15.57815  177.0  135.464046  8.869925   59.0  352.859961  28.638008  161.0  317.84576  31.020655  179.0  135.765856  15.551129   60.0  353.458156  45.345977  102.0
FAILURE!!!! Some beads might have been misidentified
               x1         y1  area1          x2         y2  area2          x3        y3  area3          x4         y4  area4          x5         y5  area5          x6         y6  area6          x7         y7  area7
range  353.214399  11.578085  152.0  317.960927  15.575105  172.0  135.604975  8.857821   57.0  353.286994  28.621713  155.0  318.087567  30.953309  179.0  135.573837  15.472923   63.0  353.106122  45.345977  100.0
FAILURE!!!! Some beads might have been misidentified
Residual vector length: 3150, Jacobian shape: (3150, 6)
view   0 | SOD= 558.136 mm | SDD= 802.742 mm | M= 1.438 | incident=4.7367°
[[ 239.65608    -502.04218     -45.10608   ]
 [-110.25574     217.49289      19.893923  ]
 [   0.13558055    0.06323033    0.        ]
 [   0.            0.            0.1496    ]]
              x1         y1  area1         x2         y2  area2          x3        y3  area3          x4         y4  area4          x5         y5  area5          x6         y6  area6          x7         y7  area7
range  353.34216  11.594337  152.0  318.03252  15.538838  175.0  135.491818  8.963719   54.0  353.211754  28.664873  162.0  318.091276  31.001522  176.0  135.715393  15.460537   66.0  353.347475  45.417461  103.0
FAILURE!!!! Some beads might have been misidentified

iter 24 cost=688.210274 -> 558.668066 |dtheta|=1.461526e-01  lambda=1.000e-06

============================================================
Iteration 25
============================================================
Theta offsets (Unity frame):
  Source   : dSx=   0.000, dSy=   0.000, dSz=   0.000  (mm)
  Object   : dOx= -18.011, dOy=  -8.106, dOz= -23.719  (mm)
  Object offset: offset_x=   0.008, offset_z=   0.007  (mm)
  Detector : dDx=   0.000, dDy=   0.000, dDz=   0.000  (mm)
  Obj Stage rotY :   25.003 deg
============================================================

Unity geometry (world coordinates):
  Source   : x=   5.000, y=  60.000, z=   0.000
  Object   : x=  -0.011, y=  14.894, z= 556.281
  Detector : x=  -8.000, y=  -5.000, z= 800.000
  Obj rotY :   0.0000 deg
view   0 | SOD= 558.136 mm | SDD= 802.742 mm | M= 1.438 | incident=4.7367°
[[ 239.65608    -502.04218     -45.10608   ]
 [-110.25574     217.49289      19.893923  ]
 [   0.13558055    0.06323033    0.        ]
 [   0.            0.            0.1496    ]]
              x1         y1  area1         x2         y2  area2          x3        y3  area3          x4         y4  area4          x5         y5  area5          x6         y6  area6          x7         y7  area7
range  353.34216  11.594337  152.0  318.03252  15.538838  175.0  135.491818  8.963719   54.0  353.211754  28.664873  162.0  318.091276  31.001522  176.0  135.715393  15.460537   66.0  353.347475  45.417461  103.0
FAILURE!!!! Some beads might have been misidentified
               x1        y1  area1          x2         y2  area2          x3        y3  area3          x4         y4  area4          x5         y5  area5          x6         y6  area6         x7         y7  area7
range  353.374481  11.58632  152.0  318.064092  15.508215  174.0  135.464535  8.834471   62.0  353.162487  28.690629  159.0  318.008057  30.950414  176.0  135.836348  15.488866   59.0  353.45152  45.402647  100.0
FAILURE!!!! Some beads might have been misidentified
               x1         y1  area1          x2         y2  area2         x3       y3  area3          x4         y4  area4          x5         y5  area5          x6         y6  area6          x7         y7  area7
range  353.388351  11.580214  149.0  318.182025  15.533103  178.0  135.56087  8.88561   53.0  353.195122  28.601012  167.0  318.165412  30.995128  177.0  135.842556  15.550953   67.0  353.229636  45.352558  106.0
FAILURE!!!! Some beads might have been misidentified
               x1         y1  area1          x2         y2  area2          x3        y3  area3          x4         y4  area4          x5         y5  area5          x6         y6  area6          x7         y7  area7
range  353.382274  11.580593  155.0  318.051365  15.543945  175.0  135.518274  8.932039   54.0  353.226141  28.732265  155.0  318.147736  31.000984  173.0  135.839099  15.496445   53.0  353.401917  45.364981  104.0
FAILURE!!!! Some beads might have been misidentified
               x1         y1  area1         x2         y2  area2          x3        y3  area3          x4         y4  area4         x5        y5  area5          x6         y6  area6          x7         y7  area7
range  353.424742  11.586229  150.0  318.02834  15.579221  173.0  135.464998  8.886831   63.0  353.276232  28.733032  165.0  318.15345  31.08187  181.0  135.694224  15.511195   59.0  353.373398  45.437806  102.0
FAILURE!!!! Some beads might have been misidentified
               x1         y1  area1         x2         y2  area2          x3        y3  area3          x4         y4  area4          x5        y5  area5          x6         y6  area6          x7         y7  area7
range  353.336282  11.560117  153.0  318.03252  15.538838  173.0  135.491818  8.963719   54.0  353.211754  28.667095  162.0  318.091276  30.98014  176.0  135.715393  15.440635   64.0  353.354839  45.385386  101.0
FAILURE!!!! Some beads might have been misidentified
              x1         y1  area1         x2         y2  area2          x3       y3  area3          x4        y4  area4          x5         y5  area5          x6         y6  area6          x7         y7  area7
range  353.34216  11.560117  152.0  318.03399  15.538838  173.0  135.491818  8.93869   54.0  353.229271  28.68767  163.0  318.090759  31.001522  176.0  135.709089  15.478611   65.0  353.341296  45.417461  102.0
FAILURE!!!! Some beads might have been misidentified
              x1         y1  area1          x2         y2  area2          x3        y3  area3          x4         y4  area4          x5         y5  area5          x6         y6  area6          x7         y7  area7
range  353.34216  11.569585  156.0  318.071955  15.568363  177.0  135.491818  8.963719   55.0  353.211754  28.667996  163.0  318.090759  30.996537  176.0  135.715393  15.478667   65.0  353.346537  45.387574  100.0
FAILURE!!!! Some beads might have been misidentified
               x1         y1  area1         x2         y2  area2          x3       y3  area3          x4         y4  area4          x5         y5  area5          x6         y6  area6          x7         y7  area7
range  353.336282  11.555366  151.0  318.03252  15.516341  174.0  135.491818  8.92425   55.0  353.211754  28.659825  162.0  318.091276  31.007243  175.0  135.715393  15.430625   66.0  353.349597  45.420008  103.0
FAILURE!!!! Some beads might have been misidentified
              x1         y1  area1          x2         y2  area2         x3        y3  area3          x4         y4  area4          x5         y5  area5         x6         y6  area6          x7         y7  area7
range  353.34216  11.605686  149.0  317.960927  15.512843  178.0  135.38205  8.981081   55.0  353.254879  28.669927  162.0  318.196686  30.996537  176.0  135.99029  15.397491   68.0  353.346537  45.397569  101.0
FAILURE!!!! Some beads might have been misidentified
               x1         y1  area1          x2         y2  area2          x3        y3  area3          x4         y4  area4          x5         y5  area5          x6         y6  area6          x7         y7  area7
range  353.355577  11.560848  151.0  318.153682  15.572462  175.0  135.622627  8.899019   58.0  353.211754  28.644582  158.0  317.969646  31.024734  173.0  135.695542  15.538635   61.0  353.370649  45.381404  103.0
FAILURE!!!! Some beads might have been misidentified
               x1         y1  area1          x2         y2  area2          x3        y3  area3          x4         y4  area4          x5         y5  area5          x6         y6  area6          x7         y7  area7
range  353.528496  11.560117  150.0  318.079572  15.512843  173.0  135.406356  8.882981   55.0  353.039158  28.667996  161.0  317.969646  31.027365  178.0  135.799633  15.538635   61.0  353.553465  45.393632  103.0
FAILURE!!!! Some beads might have been misidentified
               x1         y1  area1          x2         y2  area2          x3        y3  area3          x4         y4  area4          x5         y5  area5          x6         y6  area6          x7         y7  area7
range  353.234336  11.560117  154.0  317.962345  15.595104  175.0  135.560701  8.843517   58.0  353.315449  28.664873  158.0  318.204244  30.966663  176.0  135.715393  15.464874   64.0  353.127691  45.409185  100.0
FAILURE!!!! Some beads might have been misidentified
Residual vector length: 3150, Jacobian shape: (3150, 6)
view   0 | SOD= 557.946 mm | SDD= 802.742 mm | M= 1.439 | incident=4.7367°
[[ 239.57178    -501.87317     -45.088142  ]
 [-110.334854    217.66443      19.911856  ]
 [   0.135581      0.06322934    0.        ]
 [   0.            0.            0.1496    ]]
               x1         y1  area1          x2         y2  area2         x3        y3  area3          x4         y4  area4          x5         y5  area5          x6         y6  area6          x7         y7  area7
range  353.431454  11.609089  155.0  318.151959  15.610579  179.0  135.55694  8.954432   56.0  353.299389  28.676658  157.0  318.213019  31.025638  173.0  135.704658  15.478611   59.0  353.436252  45.453577  100.0
FAILURE!!!! Some beads might have been misidentified

iter 25 cost=558.668066 -> 411.494630 |dtheta|=1.895146e-01  lambda=1.000e-06

============================================================
Iteration 26
============================================================
Theta offsets (Unity frame):
  Source   : dSx=   0.000, dSy=   0.000, dSz=   0.000  (mm)
  Object   : dOx= -18.007, dOy=  -8.088, dOz= -23.907  (mm)
  Object offset: offset_x=   0.005, offset_z=   0.006  (mm)
  Detector : dDx=   0.000, dDy=   0.000, dDz=   0.000  (mm)
  Obj Stage rotY :   25.002 deg
============================================================

Unity geometry (world coordinates):
  Source   : x=   5.000, y=  60.000, z=   0.000
  Object   : x=  -0.007, y=  14.912, z= 556.093
  Detector : x=  -8.000, y=  -5.000, z= 800.000
  Obj rotY :   0.0000 deg
view   0 | SOD= 557.946 mm | SDD= 802.742 mm | M= 1.439 | incident=4.7367°
[[ 239.57178    -501.87317     -45.088142  ]
 [-110.334854    217.66443      19.911856  ]
 [   0.135581      0.06322934    0.        ]
 [   0.            0.            0.1496    ]]
               x1         y1  area1          x2         y2  area2         x3        y3  area3          x4         y4  area4          x5         y5  area5          x6         y6  area6          x7         y7  area7
range  353.431454  11.609089  155.0  318.151959  15.610579  179.0  135.55694  8.954432   56.0  353.299389  28.676658  157.0  318.213019  31.025638  173.0  135.704658  15.478611   59.0  353.436252  45.453577  100.0
FAILURE!!!! Some beads might have been misidentified
               x1         y1  area1          x2         y2  area2          x3        y3  area3          x4        y4  area4          x5         y5  area5          x6         y6  area6          x7        y7  area7
range  353.538998  11.493759  157.0  318.124207  15.516723  181.0  135.583873  8.994823   55.0  353.276114  28.68805  158.0  318.055018  31.056498  175.0  135.813008  15.444914   57.0  353.491536  45.45505  101.0
FAILURE!!!! Some beads might have been misidentified
               x1        y1  area1          x2         y2  area2          x3        y3  area3          x4         y4  area4          x5         y5  area5          x6         y6  area6          x7         y7  area7
range  353.535241  11.62491  148.0  318.288406  15.637874  178.0  135.620332  8.886977   53.0  353.304823  28.663202  163.0  318.193079  31.042043  178.0  135.778661  15.540857   69.0  353.434694  45.371678  106.0
FAILURE!!!! Some beads might have been misidentified
               x1         y1  area1          x2         y2  area2          x3       y3  area3          x4         y4  area4          x5         y5  area5          x6         y6  area6          x7         y7  area7
range  353.489458  11.572183  153.0  318.190106  15.623191  175.0  135.615382  8.90266   58.0  353.293536  28.742746  155.0  318.176923  31.000922  184.0  135.774912  15.458923   51.0  353.434404  45.377362  103.0
FAILURE!!!! Some beads might have been misidentified
               x1         y1  area1          x2         y2  area2          x3        y3  area3          x4         y4  area4          x5         y5  area5         x6         y6  area6          x7        y7  area7
range  353.456062  11.574543  151.0  318.121747  15.567924  177.0  135.535461  8.882512   60.0  353.333333  28.722132  159.0  318.177894  31.087618  178.0  135.72542  15.450806   60.0  353.514289  45.41636  103.0
FAILURE!!!! Some beads might have been misidentified
               x1         y1  area1          x2         y2  area2         x3       y3  area3          x4         y4  area4          x5         y5  area5          x6         y6  area6          x7         y7  area7
range  353.431454  11.609089  156.0  318.151959  15.561846  172.0  135.55694  8.98088   56.0  353.300465  28.711441  157.0  318.187656  30.994181  173.0  135.709089  15.478611   65.0  353.436252  45.453577  101.0
FAILURE!!!! Some beads might have been misidentified
               x1         y1  area1          x2        y2  area2          x3        y3  area3          x4         y4  area4          x5         y5  area5          x6         y6  area6          x7         y7  area7
range  353.456119  11.612607  154.0  318.151959  15.58814  179.0  135.546967  8.951123   56.0  353.299389  28.676658  157.0  318.213019  31.042658  173.0  135.715419  15.496659   59.0  353.480877  45.469598  103.0
FAILURE!!!! Some beads might have been misidentified
               x1         y1  area1          x2         y2  area2         x3        y3  area3          x4         y4  area4          x5         y5  area5          x6         y6  area6          x7         y7  area7
range  353.431454  11.570496  160.0  318.151959  15.575937  179.0  135.55694  8.951611   53.0  353.300465  28.739048  159.0  318.228868  31.025638  174.0  135.715419  15.496659   65.0  353.436252  45.427163  101.0
FAILURE!!!! Some beads might have been misidentified
               x1         y1  area1          x2         y2  area2         x3        y3  area3          x4         y4  area4          x5         y5  area5          x6         y6  area6          x7         y7  area7
range  353.456119  11.684983  151.0  318.151959  15.570896  174.0  135.55694  8.954432   56.0  353.299389  28.668972  157.0  318.187656  31.039347  174.0  135.704658  15.478611   64.0  353.455576  45.464808  102.0
FAILURE!!!! Some beads might have been misidentified
               x1        y1  area1          x2        y2  area2          x3       y3  area3          x4         y4  area4          x5         y5  area5         x6         y6  area6          x7         y7  area7
range  353.431454  11.62491  154.0  318.027624  15.58972  178.0  135.427353  9.00641   54.0  353.349069  28.697498  161.0  318.219782  30.996537  176.0  135.93741  15.422734   66.0  353.420087  45.430091  105.0
FAILURE!!!! Some beads might have been misidentified
               x1         y1  area1         x2         y2  area2          x3        y3  area3          x4         y4  area4          x5         y5  area5          x6        y6  area6          x7         y7  area7
range  353.475336  11.493759  150.0  318.36148  15.548087  179.0  135.750779  8.905299   56.0  353.287169  28.674987  163.0  317.991607  31.021682  176.0  135.701459  15.55068   52.0  353.480877  45.396636  100.0
FAILURE!!!! Some beads might have been misidentified
               x1         y1  area1         x2         y2  area2          x3        y3  area3          x4        y4  area4          x5         y5  area5          x6       y6  area6         x7         y7  area7
range  353.749124  11.609089  153.0  318.36148  15.544844  177.0  135.479366  8.870192   54.0  353.120244  28.73524  159.0  318.016681  31.055557  177.0  135.826275  15.5465   64.0  353.68543  45.453577  104.0
FAILURE!!!! Some beads might have been misidentified
               x1         y1  area1         x2         y2  area2          x3        y3  area3          x4         y4  area4          x5         y5  area5          x6         y6  area6          x7         y7  area7
range  353.325116  11.615819  156.0  318.06811  15.572213  173.0  135.689507  8.994234   53.0  353.460693  28.668953  162.0  318.227377  30.975401  175.0  135.704658  15.436846   63.0  353.235504  45.478091  101.0
FAILURE!!!! Some beads might have been misidentified
Residual vector length: 3150, Jacobian shape: (3150, 6)
view   0 | SOD= 557.848 mm | SDD= 802.742 mm | M= 1.439 | incident=4.7367°
[[ 239.56897    -501.76575     -45.08259   ]
 [-110.39362     217.74461      19.91741   ]
 [   0.13557608    0.06323989    0.        ]
 [   0.            0.            0.1496    ]]
               x1         y1  area1          x2         y2  area2          x3        y3  area3          x4         y4  area4          x5         y5  area5          x6         y6  area6          x7         y7  area7
range  353.595528  11.574941  154.0  318.260167  15.575937  176.0  135.547887  8.958213   55.0  353.333002  28.681708  157.0  318.238532  31.087943  177.0  135.746573  15.537332   64.0  353.539374  45.468913  105.0
FAILURE!!!! Some beads might have been misidentified

iter 26 cost=411.494630 -> 342.663950 |dtheta|=9.906487e-02  lambda=1.000e-06

============================================================
Iteration 27
============================================================
Theta offsets (Unity frame):
  Source   : dSx=   0.000, dSy=   0.000, dSz=   0.000  (mm)
  Object   : dOx= -18.008, dOy=  -8.083, dOz= -24.006  (mm)
  Object offset: offset_x=   0.007, offset_z=   0.007  (mm)
  Detector : dDx=   0.000, dDy=   0.000, dDz=   0.000  (mm)
  Obj Stage rotY :   25.007 deg
============================================================

Unity geometry (world coordinates):
  Source   : x=   5.000, y=  60.000, z=   0.000
  Object   : x=  -0.008, y=  14.917, z= 555.994
  Detector : x=  -8.000, y=  -5.000, z= 800.000
  Obj rotY :   0.0000 deg
view   0 | SOD= 557.848 mm | SDD= 802.742 mm | M= 1.439 | incident=4.7367°
[[ 239.56897    -501.76575     -45.08259   ]
 [-110.39362     217.74461      19.91741   ]
 [   0.13557608    0.06323989    0.        ]
 [   0.            0.            0.1496    ]]
               x1         y1  area1          x2         y2  area2          x3        y3  area3          x4         y4  area4          x5         y5  area5          x6         y6  area6          x7         y7  area7
range  353.595528  11.574941  154.0  318.260167  15.575937  176.0  135.547887  8.958213   55.0  353.333002  28.681708  157.0  318.238532  31.087943  177.0  135.746573  15.537332   64.0  353.539374  45.468913  105.0
FAILURE!!!! Some beads might have been misidentified
               x1         y1  area1          x2         y2  area2          x3        y3  area3          x4         y4  area4          x5         y5  area5          x6         y6  area6          x7        y7  area7
range  353.601534  11.576756  163.0  318.152547  15.540848  181.0  135.531474  8.985577   60.0  353.335864  28.753977  166.0  318.126088  31.034496  177.0  135.860208  15.478749   52.0  353.608265  45.44161  101.0
FAILURE!!!! Some beads might have been misidentified
               x1         y1  area1          x2         y2  area2          x3        y3  area3         x4         y4  area4          x5         y5  area5          x6         y6  area6          x7         y7  area7
range  353.614749  11.627329  149.0  318.323171  15.667362  178.0  135.631436  8.860449   54.0  353.38141  28.635122  162.0  318.297131  31.088341  183.0  135.839088  15.540605   70.0  353.657895  45.390385  106.0
FAILURE!!!! Some beads might have been misidentified
               x1         y1  area1          x2         y2  area2          x3        y3  area3         x4         y4  area4          x5         y5  area5          x6         y6  area6          x7         y7  area7
range  353.626514  11.588213  150.0  318.287436  15.645872  177.0  135.615382  8.899443   56.0  353.37278  28.714109  155.0  318.238263  31.031966  182.0  135.756203  15.474509   54.0  353.533122  45.385933  103.0
FAILURE!!!! Some beads might have been misidentified
               x1         y1  area1          x2         y2  area2          x3        y3  area3          x4         y4  area4          x5         y5  area5          x6         y6  area6          x7         y7  area7
range  353.580561  11.585058  150.0  318.269926  15.588342  179.0  135.551497  8.897269   60.0  353.370921  28.753435  160.0  318.231611  31.036387  176.0  135.771212  15.443588   60.0  353.571627  45.452423  106.0
FAILURE!!!! Some beads might have been misidentified
               x1         y1  area1          x2         y2  area2          x3       y3  area3          x4         y4  area4          x5         y5  area5          x6         y6  area6          x7         y7  area7
range  353.595528  11.574941  154.0  318.235803  15.578818  177.0  135.564515  8.95144   54.0  353.319756  28.681708  157.0  318.254242  31.048504  174.0  135.746573  15.517308   63.0  353.535436  45.510956  104.0
FAILURE!!!! Some beads might have been misidentified
               x1        y1  area1          x2         y2  area2          x3        y3  area3          x4        y4  area4          x5        y5  area5         x6         y6  area6          x7         y7  area7
range  353.595528  11.61507  154.0  318.358403  15.575937  177.0  135.565457  8.958213   54.0  353.381278  28.67394  158.0  318.218787  31.10843  184.0  135.75253  15.509019   60.0  353.550562  45.468913  105.0
FAILURE!!!! Some beads might have been misidentified
               x1         y1  area1          x2         y2  area2          x3       y3  area3          x4         y4  area4          x5         y5  area5          x6         y6  area6          x7         y7  area7
range  353.595528  11.576359  155.0  318.292035  15.575937  177.0  135.547887  8.97827   52.0  353.319756  28.682151  158.0  318.218787  31.041632  186.0  135.746573  15.537332   61.0  353.556611  45.456681  104.0
FAILURE!!!! Some beads might have been misidentified
               x1         y1  area1          x2         y2  area2          x3        y3  area3          x4         y4  area4          x5        y5  area5          x6         y6  area6         x7         y7  area7
range  353.595528  11.661927  153.0  318.333688  15.620982  175.0  135.565457  8.954432   54.0  353.358573  28.686596  158.0  318.218787  31.12545  183.0  135.768007  15.511195   62.0  353.51722  45.475699  103.0
FAILURE!!!! Some beads might have been misidentified
               x1        y1  area1          x2         y2  area2         x3        y3  area3          x4         y4  area4          x5         y5  area5          x6         y6  area6          x7         y7  area7
range  353.578093  11.63081  154.0  318.072666  15.666583  176.0  135.41264  9.007459   53.0  353.358573  28.694349  161.0  318.320416  31.048875  180.0  136.038292  15.523038   68.0  353.549696  45.407983  103.0
FAILURE!!!! Some beads might have been misidentified
               x1         y1  area1          x2         y2  area2          x3        y3  area3          x4         y4  area4          x5         y5  area5          x6        y6  area6          x7         y7  area7
range  353.642857  11.573275  154.0  318.402464  15.574207  179.0  135.748738  8.880314   57.0  353.319756  28.694749  168.0  318.175145  31.109755  178.0  135.674964  15.49235   60.0  353.541394  45.402857  103.0
FAILURE!!!! Some beads might have been misidentified
               x1        y1  area1          x2         y2  area2          x3        y3  area3          x4         y4  area4          x5         y5  area5          x6         y6  area6          x7         y7  area7
range  353.840038  11.58487  152.0  318.367699  15.557016  179.0  135.476386  8.863926   57.0  353.211754  28.713687  162.0  318.203257  31.071031  180.0  135.930411  15.476796   62.0  353.824496  45.468913  105.0
FAILURE!!!! Some beads might have been misidentified
               x1         y1  area1          x2         y2  area2          x3        y3  area3          x4         y4  area4          x5         y5  area5          x6         y6  area6          x7         y7  area7
range  353.380915  11.615747  160.0  318.072666  15.624637  179.0  135.676188  8.998029   55.0  353.502252  28.654596  162.0  318.280118  31.093674  184.0  135.694224  15.550477   61.0  353.397219  45.510956  100.0
FAILURE!!!! Some beads might have been misidentified
Residual vector length: 3150, Jacobian shape: (3150, 6)
view   0 | SOD= 557.743 mm | SDD= 802.742 mm | M= 1.439 | incident=4.7367°
[[ 239.53761    -501.6645      -45.07596   ]
 [-110.44001     217.83858      19.924042  ]
 [   0.13557477    0.06324273    0.        ]
 [   0.            0.            0.1496    ]]
              x1         y1  area1          x2         y2  area2          x3        y3  area3          x4         y4  area4          x5         y5  area5         x6         y6  area6          x7         y7  area7
range  353.78346  11.566305  153.0  318.396029  15.603687  180.0  135.694221  8.905299   56.0  353.361307  28.696683  156.0  318.203257  31.093541  185.0  135.72542  15.473503   55.0  353.775444  45.433091  106.0
FAILURE!!!! Some beads might have been misidentified

iter 27 cost=342.663950 -> 277.155544 |dtheta|=1.076310e-01  lambda=1.000e-06

============================================================
Iteration 28
============================================================
Theta offsets (Unity frame):
  Source   : dSx=   0.000, dSy=   0.000, dSz=   0.000  (mm)
  Object   : dOx= -18.005, dOy=  -8.076, dOz= -24.113  (mm)
  Object offset: offset_x=   0.001, offset_z=   0.009  (mm)
  Detector : dDx=   0.000, dDy=   0.000, dDz=   0.000  (mm)
  Obj Stage rotY :   25.008 deg
============================================================

Unity geometry (world coordinates):
  Source   : x=   5.000, y=  60.000, z=   0.000
  Object   : x=  -0.005, y=  14.924, z= 555.887
  Detector : x=  -8.000, y=  -5.000, z= 800.000
  Obj rotY :   0.0000 deg
view   0 | SOD= 557.743 mm | SDD= 802.742 mm | M= 1.439 | incident=4.7367°
[[ 239.53761    -501.6645      -45.07596   ]
 [-110.44001     217.83858      19.924042  ]
 [   0.13557477    0.06324273    0.        ]
 [   0.            0.            0.1496    ]]
              x1         y1  area1          x2         y2  area2          x3        y3  area3          x4         y4  area4          x5         y5  area5         x6         y6  area6          x7         y7  area7
range  353.78346  11.566305  153.0  318.396029  15.603687  180.0  135.694221  8.905299   56.0  353.361307  28.696683  156.0  318.203257  31.093541  185.0  135.72542  15.473503   55.0  353.775444  45.433091  106.0
FAILURE!!!! Some beads might have been misidentified
               x1         y1  area1          x2         y2  area2          x3        y3  area3          x4         y4  area4          x5         y5  area5          x6         y6  area6          x7         y7  area7
range  353.709141  11.542666  156.0  318.209773  15.580231  180.0  135.631757  8.939206   54.0  353.428366  28.736693  164.0  318.020037  31.039323  175.0  135.818702  15.468162   60.0  353.680478  45.445722  101.0
FAILURE!!!! Some beads might have been misidentified
               x1         y1  area1          x2         y2  area2          x3        y3  area3          x4         y4  area4          x5         y5  area5          x6         y6  area6          x7         y7  area7
range  353.642252  11.591622  150.0  318.585042  15.658198  177.0  135.747516  8.917642   56.0  353.379941  28.655735  161.0  318.252909  31.146272  182.0  135.725978  15.472874   64.0  353.737292  45.392181  106.0
FAILURE!!!! Some beads might have been misidentified
               x1         y1  area1         x2         y2  area2         x3        y3  area3          x4         y4  area4          x5         y5  area5          x6         y6  area6          x7         y7  area7
range  353.771398  11.680938  151.0  318.38124  15.623191  182.0  135.65522  8.904358   57.0  353.378641  28.764067  160.0  318.226329  31.039706  182.0  135.734564  15.500596   53.0  353.694384  45.469188  107.0
FAILURE!!!! Some beads might have been misidentified
               x1         y1  area1          x2        y2  area2          x3        y3  area3          x4         y4  area4          x5         y5  area5          x6         y6  area6         x7         y7  area7
range  353.699266  11.546157  152.0  318.383197  15.58731  183.0  135.601727  8.908229   62.0  353.360791  28.726706  160.0  318.190034  31.067355  186.0  135.757634  15.471805   58.0  353.69458  45.393396  107.0
FAILURE!!!! Some beads might have been misidentified
              x1         y1  area1          x2         y2  area2          x3        y3  area3          x4         y4  area4          x5         y5  area5         x6         y6  area6          x7         y7  area7
range  353.78346  11.577305  153.0  318.396029  15.603687  180.0  135.708992  8.930921   55.0  353.372468  28.696683  156.0  318.203257  31.116232  185.0  135.72542  15.453617   62.0  353.743285  45.454004  107.0
FAILURE!!!! Some beads might have been misidentified
              x1         y1  area1          x2         y2  area2          x3        y3  area3          x4         y4  area4          x5         y5  area5         x6         y6  area6          x7         y7  area7
range  353.78346  11.577305  154.0  318.410449  15.599966  179.0  135.662725  8.928811   56.0  353.361307  28.704283  156.0  318.203257  31.093541  186.0  135.72542  15.453811   57.0  353.783957  45.429175  107.0
FAILURE!!!! Some beads might have been misidentified
               x1         y1  area1          x2        y2  area2          x3        y3  area3          x4         y4  area4          x5         y5  area5         x6         y6  area6          x7         y7  area7
range  353.771369  11.551861  155.0  318.396029  15.62063  179.0  135.691463  8.954432   56.0  353.372468  28.688367  159.0  318.203257  31.087792  186.0  135.72542  15.454768   55.0  353.769134  45.445648  105.0
FAILURE!!!! Some beads might have been misidentified
              x1         y1  area1          x2         y2  area2          x3        y3  area3          x4         y4  area4          x5         y5  area5         x6         y6  area6          x7         y7  area7
range  353.78346  11.576483  154.0  318.410449  15.549594  179.0  135.662725  8.880314   53.0  353.361307  28.707255  154.0  318.203257  31.138179  185.0  135.72542  15.466595   61.0  353.785428  45.432068  106.0
FAILURE!!!! Some beads might have been misidentified
              x1         y1  area1          x2         y2  area2          x3        y3  area3          x4         y4  area4          x5         y5  area5          x6         y6  area6          x7         y7  area7
range  353.78346  11.603386  153.0  318.254784  15.556652  177.0  135.497516  8.972651   55.0  353.374504  28.703054  162.0  318.249721  31.045753  177.0  135.895451  15.439615   59.0  353.699421  45.400855  105.0
FAILURE!!!! Some beads might have been misidentified
               x1         y1  area1          x2        y2  area2          x3        y3  area3          x4         y4  area4          x5         y5  area5          x6         y6  area6          x7         y7  area7
range  353.809272  11.530901  157.0  318.610186  15.62063  177.0  135.834638  8.854182   53.0  353.372468  28.689374  164.0  318.065445  31.104438  180.0  135.673063  15.498715   59.0  353.800251  45.437048  103.0
FAILURE!!!! Some beads might have been misidentified
               x1         y1  area1          x2         y2  area2          x3        y3  area3          x4         y4  area4          x5         y5  area5          x6         y6  area6          x7        y7  area7
range  353.922449  11.558642  152.0  318.458848  15.556652  181.0  135.526624  8.840762   58.0  353.263347  28.704283  161.0  318.105884  31.070502  187.0  135.844125  15.456076   63.0  353.913762  45.40842  108.0
FAILURE!!!! Some beads might have been misidentified
               x1         y1  area1          x2         y2  area2          x3        y3  area3         x4        y4  area4          x5         y5  area5          x6        y6  area6          x7         y7  area7
range  353.444071  11.566305  154.0  318.364651  15.639202  180.0  135.791372  8.976432   55.0  353.54496  28.69059  160.0  318.177894  31.081795  186.0  135.692323  15.45933   66.0  353.504008  45.454004  103.0
FAILURE!!!! Some beads might have been misidentified
Residual vector length: 3150, Jacobian shape: (3150, 6)
view   0 | SOD= 557.680 mm | SDD= 802.742 mm | M= 1.439 | incident=4.7367°
[[ 239.44565    -501.6389      -45.069256  ]
 [-110.436676    217.91052      19.930744  ]
 [   0.13558315    0.06322477    0.        ]
 [   0.            0.            0.1496    ]]
               x1      y1  area1         x2         y2  area2          x3        y3  area3        x4         y4  area4          x5         y5  area5         x6        y6  area6          x7         y7  area7
range  353.700503  11.598  151.0  318.37672  15.598101  178.0  135.755775  8.911116   54.0  353.4108  28.692958  162.0  318.203257  31.132352  185.0  135.72542  15.49159   61.0  353.747074  45.434889  107.0
FAILURE!!!! Some beads might have been misidentified

iter 28 cost=277.155544 -> 244.706879 |dtheta|=6.103111e-02  lambda=1.000e-06

============================================================
Iteration 29
============================================================
Theta offsets (Unity frame):
  Source   : dSx=   0.000, dSy=   0.000, dSz=   0.000  (mm)
  Object   : dOx= -18.006, dOy=  -8.069, dOz= -24.173  (mm)
  Object offset: offset_x=   0.000, offset_z=   0.007  (mm)
  Detector : dDx=   0.000, dDy=   0.000, dDz=   0.000  (mm)
  Obj Stage rotY :   25.000 deg
============================================================

Unity geometry (world coordinates):
  Source   : x=   5.000, y=  60.000, z=   0.000
  Object   : x=  -0.006, y=  14.931, z= 555.827
  Detector : x=  -8.000, y=  -5.000, z= 800.000
  Obj rotY :   0.0000 deg
view   0 | SOD= 557.680 mm | SDD= 802.742 mm | M= 1.439 | incident=4.7367°
[[ 239.44565    -501.6389      -45.069256  ]
 [-110.436676    217.91052      19.930744  ]
 [   0.13558315    0.06322477    0.        ]
 [   0.            0.            0.1496    ]]
               x1      y1  area1         x2         y2  area2          x3        y3  area3        x4         y4  area4          x5         y5  area5         x6        y6  area6          x7         y7  area7
range  353.700503  11.598  151.0  318.37672  15.598101  178.0  135.755775  8.911116   54.0  353.4108  28.692958  162.0  318.203257  31.132352  185.0  135.72542  15.49159   61.0  353.747074  45.434889  107.0
FAILURE!!!! Some beads might have been misidentified
               x1         y1  area1          x2         y2  area2          x3        y3  area3          x4         y4  area4          x5        y5  area5          x6         y6  area6          x7         y7  area7
range  353.696608  11.632389  152.0  318.299616  15.573633  178.0  135.650593  8.917374   57.0  353.425287  28.731374  159.0  318.141163  31.02769  181.0  135.795471  15.469952   54.0  353.656405  45.446358  103.0
FAILURE!!!! Some beads might have been misidentified
               x1         y1  area1          x2         y2  area2          x3        y3  area3         x4         y4  area4          x5         y5  area5          x6         y6  area6          x7         y7  area7
range  353.682572  11.568224  148.0  318.517555  15.700321  176.0  135.764499  8.859227   56.0  353.45154  28.729617  162.0  318.330537  31.112814  181.0  135.749137  15.484535   65.0  353.735309  45.405085  103.0
FAILURE!!!! Some beads might have been misidentified
               x1         y1  area1          x2         y2  area2          x3        y3  area3          x4         y4  area4          x5         y5  area5          x6         y6  area6          x7         y7  area7
range  353.722919  11.723863  151.0  318.376278  15.641455  181.0  135.734041  8.927916   56.0  353.466295  28.741136  158.0  318.226329  31.012778  183.0  135.715419  15.508712   57.0  353.699977  45.472049  106.0
FAILURE!!!! Some beads might have been misidentified
               x1         y1  area1          x2         y2  area2          x3        y3  area3          x4         y4  area4          x5         y5  area5          x6         y6  area6          x7         y7  area7
range  353.699512  11.610235  148.0  318.413631  15.571675  181.0  135.648034  8.900413   56.0  353.436105  28.739871  158.0  318.230701  31.058675  187.0  135.753574  15.440024   58.0  353.699838  45.432495  106.0
FAILURE!!!! Some beads might have been misidentified
               x1      y1  area1          x2         y2  area2          x3        y3  area3          x4         y4  area4          x5         y5  area5         x6        y6  area6          x7         y7  area7
range  353.700503  11.598  151.0  318.385305  15.610866  178.0  135.735865  8.911116   54.0  353.438374  28.719427  162.0  318.203257  31.132352  186.0  135.72542  15.49159   61.0  353.742262  45.443541  108.0
FAILURE!!!! Some beads might have been misidentified
               x1      y1  area1         x2         y2  area2          x3        y3  area3        x4         y4  area4          x5         y5  area5         x6         y6  area6          x7         y7  area7
range  353.700503  11.598  151.0  318.37672  15.598101  178.0  135.741063  8.911116   59.0  353.4108  28.692958  161.0  318.203257  31.132352  186.0  135.72542  15.480201   63.0  353.763446  45.432636  108.0
FAILURE!!!! Some beads might have been misidentified
               x1         y1  area1          x2         y2  area2          x3        y3  area3          x4         y4  area4          x5         y5  area5         x6         y6  area6          x7         y7  area7
range  353.725051  11.616921  151.0  318.385305  15.584304  177.0  135.749717  8.911116   56.0  353.462851  28.717375  163.0  318.203257  31.110363  185.0  135.72542  15.476605   61.0  353.763446  45.400063  106.0
FAILURE!!!! Some beads might have been misidentified
               x1         y1  area1         x2         y2  area2          x3        y3  area3        x4         y4  area4          x5         y5  area5         x6         y6  area6          x7         y7  area7
range  353.700503  11.645213  149.0  318.37672  15.598101  181.0  135.782798  8.911116   55.0  353.4108  28.715567  158.0  318.203257  31.122161  186.0  135.72542  15.453893   59.0  353.757085  45.420965  105.0
FAILURE!!!! Some beads might have been misidentified
               x1         y1  area1          x2         y2  area2         x3        y3  area3          x4         y4  area4          x5         y5  area5          x6         y6  area6         x7         y7  area7
range  353.700503  11.644524  148.0  318.257992  15.655812  177.0  135.52368  8.982866   53.0  353.462851  28.689891  166.0  318.290198  31.085738  179.0  135.890056  15.446565   61.0  353.72296  45.428149  109.0
FAILURE!!!! Some beads might have been misidentified
               x1         y1  area1          x2         y2  area2          x3        y3  area3        x4         y4  area4          x5         y5  area5          x6         y6  area6          x7         y7  area7
range  353.700503  11.556089  154.0  318.614678  15.593322  176.0  135.898934  8.829597   56.0  353.4108  28.747303  163.0  318.151451  31.095285  180.0  135.673063  15.500272   55.0  353.757085  45.423295  103.0
FAILURE!!!! Some beads might have been misidentified
               x1         y1  area1         x2         y2  area2          x3        y3  area3          x4         y4  area4          x5         y5  area5          x6         y6  area6         x7         y7  area7
range  353.930116  11.606218  148.0  318.58342  15.655812  181.0  135.608376  8.847417   59.0  353.259311  28.693379  165.0  318.164462  31.100975  186.0  135.789296  15.446169   59.0  353.88969  45.409656  107.0
FAILURE!!!! Some beads might have been misidentified
               x1         y1  area1          x2         y2  area2          x3        y3  area3          x4         y4  area4          x5         y5  area5          x6         y6  area6          x7         y7  area7
range  353.449065  11.611215  155.0  318.303175  15.593322  181.0  135.857624  8.954386   52.0  353.617516  28.692958  160.0  318.370296  31.073235  187.0  135.692278  15.503417   62.0  353.502024  45.451569  104.0
FAILURE!!!! Some beads might have been misidentified
Residual vector length: 3150, Jacobian shape: (3150, 6)
view   0 | SOD= 557.580 mm | SDD= 802.742 mm | M= 1.440 | incident=4.7367°
[[ 239.47697    -501.5131      -45.061947  ]
 [-110.510994    217.98495      19.938053  ]
 [   0.13557386    0.06324467    0.        ]
 [   0.            0.            0.1496    ]]
               x1         y1  area1         x2         y2  area2          x3        y3  area3         x4         y4  area4          x5         y5  area5          x6         y6  area6          x7         y7  area7
range  353.840816  11.616294  151.0  318.45276  15.612156  176.0  135.753764  8.893042   56.0  353.44352  28.703717  163.0  318.314649  31.104756  186.0  135.767919  15.478607   61.0  353.774182  45.408967  108.0
FAILURE!!!! Some beads might have been misidentified

iter 29 cost=244.706879 -> 188.988569 |dtheta|=1.015131e-01  lambda=1.000e-06

============================================================
Iteration 30
============================================================
Theta offsets (Unity frame):
  Source   : dSx=   0.000, dSy=   0.000, dSz=   0.000  (mm)
  Object   : dOx= -18.006, dOy=  -8.062, dOz= -24.274  (mm)
  Object offset: offset_x=   0.001, offset_z=   0.007  (mm)
  Detector : dDx=   0.000, dDy=   0.000, dDz=   0.000  (mm)
  Obj Stage rotY :   25.009 deg
============================================================

Unity geometry (world coordinates):
  Source   : x=   5.000, y=  60.000, z=   0.000
  Object   : x=  -0.006, y=  14.938, z= 555.726
  Detector : x=  -8.000, y=  -5.000, z= 800.000
  Obj rotY :   0.0000 deg
view   0 | SOD= 557.580 mm | SDD= 802.742 mm | M= 1.440 | incident=4.7367°
[[ 239.47697    -501.5131      -45.061947  ]
 [-110.510994    217.98495      19.938053  ]
 [   0.13557386    0.06324467    0.        ]
 [   0.            0.            0.1496    ]]
               x1         y1  area1         x2         y2  area2          x3        y3  area3         x4         y4  area4          x5         y5  area5          x6         y6  area6          x7         y7  area7
range  353.840816  11.616294  151.0  318.45276  15.612156  176.0  135.753764  8.893042   56.0  353.44352  28.703717  163.0  318.314649  31.104756  186.0  135.767919  15.478607   61.0  353.774182  45.408967  108.0
FAILURE!!!! Some beads might have been misidentified
               x1         y1  area1        x2         y2  area2          x3        y3  area3         x4         y4  area4          x5         y5  area5          x6         y6  area6          x7         y7  area7
range  353.824878  11.618346  154.0  318.3775  15.622488  175.0  135.669064  8.901172   57.0  353.48061  28.717049  163.0  318.282656  31.014886  178.0  135.845338  15.466544   56.0  353.756347  45.399971  102.0
FAILURE!!!! Some beads might have been misidentified
               x1         y1  area1          x2         y2  area2          x3        y3  area3          x4         y4  area4          x5         y5  area5          x6         y6  area6          x7         y7  area7
range  353.821456  11.568284  148.0  318.577801  15.714501  176.0  135.781232  8.868431   56.0  353.551904  28.673386  164.0  318.322006  31.129156  181.0  135.839319  15.495479   63.0  353.802407  45.419774  104.0
FAILURE!!!! Some beads might have been misidentified
               x1         y1  area1          x2         y2  area2          x3        y3  area3          x4         y4  area4          x5         y5  area5          x6         y6  area6          x7         y7  area7
range  353.834093  11.676375  152.0  318.526063  15.643616  180.0  135.718561  8.927916   56.0  353.513295  28.710411  160.0  318.331661  31.042658  181.0  135.731097  15.496237   60.0  353.883082  45.465119  106.0
FAILURE!!!! Some beads might have been misidentified
               x1         y1  area1          x2         y2  area2          x3        y3  area3          x4         y4  area4          x5         y5  area5          x6         y6  area6          x7         y7  area7
range  353.840038  11.580749  151.0  318.530382  15.551691  180.0  135.657785  8.891679   59.0  353.461125  28.698584  159.0  318.383948  31.046225  186.0  135.797155  15.392323   56.0  353.819015  45.422134  107.0
FAILURE!!!! Some beads might have been misidentified
               x1         y1  area1         x2         y2  area2          x3        y3  area3          x4         y4  area4          x5         y5  area5          x6         y6  area6          x7         y7  area7
range  353.796572  11.616294  151.0  318.45276  15.632226  177.0  135.753764  8.893042   56.0  353.434426  28.752491  163.0  318.304609  31.127426  186.0  135.750347  15.478607   60.0  353.774182  45.426172  108.0
FAILURE!!!! Some beads might have been misidentified
               x1         y1  area1          x2         y2  area2          x3        y3  area3          x4         y4  area4          x5         y5  area5         x6         y6  area6          x7         y7  area7
range  353.840816  11.616294  151.0  318.527721  15.612156  177.0  135.755775  8.912844   56.0  353.432168  28.703717  162.0  318.301305  31.104756  185.0  135.78307  15.494497   61.0  353.789808  45.424351  106.0
FAILURE!!!! Some beads might have been misidentified
               x1         y1  area1         x2         y2  area2          x3        y3  area3         x4         y4  area4          x5         y5  area5          x6         y6  area6          x7         y7  area7
range  353.810698  11.609275  148.0  318.45276  15.601877  178.0  135.767616  8.890326   54.0  353.44352  28.701459  164.0  318.306814  31.092974  185.0  135.744064  15.478607   61.0  353.774182  45.397646  108.0
FAILURE!!!! Some beads might have been misidentified
               x1         y1  area1         x2         y2  area2          x3        y3  area3         x4         y4  area4          x5         y5  area5          x6         y6  area6          x7         y7  area7
range  353.840816  11.628396  150.0  318.45276  15.632226  178.0  135.753764  8.893042   55.0  353.44352  28.692958  159.0  318.314649  31.127426  186.0  135.767919  15.478607   60.0  353.774182  45.444249  107.0
FAILURE!!!! Some beads might have been misidentified
               x1         y1  area1          x2         y2  area2          x3       y3  area3          x4         y4  area4          x5         y5  area5          x6         y6  area6          x7         y7  area7
range  353.784133  11.614203  149.0  318.315569  15.668429  176.0  135.544104  8.98959   53.0  353.453745  28.699738  168.0  318.462588  31.054809  180.0  135.967864  15.461756   61.0  353.774182  45.420728  112.0
FAILURE!!!! Some beads might have been misidentified
              x1         y1  area1          x2         y2  area2          x3        y3  area3        x4         y4  area4          x5         y5  area5          x6         y6  area6          x7         y7  area7
range  353.81757  11.572428  151.0  318.606339  15.598704  175.0  135.903001  8.853193   58.0  353.4108  28.678401  161.0  318.143072  31.138179  178.0  135.686443  15.506621   58.0  353.806505  45.399017  106.0
FAILURE!!!! Some beads might have been misidentified
               x1         y1  area1          x2         y2  area2          x3       y3  area3          x4         y4  area4          x5         y5  area5         x6         y6  area6          x7         y7  area7
range  354.062322  11.628396  149.0  318.584003  15.655812  180.0  135.612721  8.84552   59.0  353.385229  28.726061  167.0  318.188906  31.054809  188.0  135.84034  15.431689   58.0  353.955148  45.408967  106.0
FAILURE!!!! Some beads might have been misidentified
               x1        y1  area1          x2         y2  area2          x3        y3  area3          x4         y4  area4          x5         y5  area5          x6         y6  area6          x7         y7  area7
range  353.610154  11.61566  151.0  318.341177  15.616169  179.0  135.882192  8.918278   54.0  353.660532  28.703717  162.0  318.428735  31.129824  185.0  135.711186  15.543852   61.0  353.603605  45.425072  108.0
FAILURE!!!! Some beads might have been misidentified
Residual vector length: 3150, Jacobian shape: (3150, 6)
view   0 | SOD= 557.474 mm | SDD= 802.742 mm | M= 1.440 | incident=4.7367°
[[ 239.46426    -501.40216     -45.05207   ]
 [-110.56718     218.07472      19.947931  ]
 [   0.13557003    0.06325287    0.        ]
 [   0.            0.            0.1496    ]]
               x1         y1  area1          x2         y2  area2         x3        y3  area3          x4         y4  area4          x5         y5  area5         x6         y6  area6          x7         y7  area7
range  353.836138  11.698933  149.0  318.617195  15.627226  177.0  135.85551  8.945347   56.0  353.617516  28.752491  162.0  318.354709  31.127426  186.0  135.78307  15.472162   63.0  353.806505  45.439326  105.0
FAILURE!!!! Some beads might have been misidentified

iter 30 cost=188.988569 -> 143.725346 |dtheta|=1.036804e-01  lambda=1.000e-06

============================================================
Iteration 31
============================================================
Theta offsets (Unity frame):
  Source   : dSx=   0.000, dSy=   0.000, dSz=   0.000  (mm)
  Object   : dOx= -18.006, dOy=  -8.052, dOz= -24.377  (mm)
  Object offset: offset_x=  -0.001, offset_z=   0.005  (mm)
  Detector : dDx=   0.000, dDy=   0.000, dDz=   0.000  (mm)
  Obj Stage rotY :   25.012 deg
============================================================

Unity geometry (world coordinates):
  Source   : x=   5.000, y=  60.000, z=   0.000
  Object   : x=  -0.006, y=  14.948, z= 555.623
  Detector : x=  -8.000, y=  -5.000, z= 800.000
  Obj rotY :   0.0000 deg
view   0 | SOD= 557.474 mm | SDD= 802.742 mm | M= 1.440 | incident=4.7367°
[[ 239.46426    -501.40216     -45.05207   ]
 [-110.56718     218.07472      19.947931  ]
 [   0.13557003    0.06325287    0.        ]
 [   0.            0.            0.1496    ]]
               x1         y1  area1          x2         y2  area2         x3        y3  area3          x4         y4  area4          x5         y5  area5         x6         y6  area6          x7         y7  area7
range  353.836138  11.698933  149.0  318.617195  15.627226  177.0  135.85551  8.945347   56.0  353.617516  28.752491  162.0  318.354709  31.127426  186.0  135.78307  15.472162   63.0  353.806505  45.439326  105.0
FAILURE!!!! Some beads might have been misidentified
               x1         y1  area1         x2         y2  area2         x3        y3  area3          x4         y4  area4          x5         y5  area5          x6         y6  area6          x7         y7  area7
range  353.805242  11.702074  151.0  318.40583  15.628442  176.0  135.83276  8.904358   58.0  353.658487  28.741568  164.0  318.287731  31.037159  179.0  135.824211  15.436332   57.0  353.765632  45.409054  104.0
FAILURE!!!! Some beads might have been misidentified
               x1         y1  area1          x2         y2  area2          x3        y3  area3          x4         y4  area4          x5         y5  area5          x6        y6  area6          x7         y7  area7
range  353.812599  11.625583  147.0  318.689477  15.685806  177.0  135.888031  8.847733   55.0  353.600727  28.729617  163.0  318.512253  31.083414  183.0  135.871824  15.57192   61.0  353.834004  45.447555  106.0
FAILURE!!!! Some beads might have been misidentified
               x1         y1  area1          x2         y2  area2          x3       y3  area3        x4         y4  area4          x5         y5  area5          x6         y6  area6          x7         y7  area7
range  353.846073  11.603118  147.0  318.595918  15.535255  178.0  135.848652  8.90715   60.0  353.6774  28.721317  158.0  318.355899  31.058046  181.0  135.706233  15.489325   59.0  353.893203  45.442525  101.0
FAILURE!!!! Some beads might have been misidentified
               x1         y1  area1          x2         y2  area2          x3        y3  area3          x4         y4  area4          x5         y5  area5          x6         y6  area6          x7         y7  area7
range  353.838171  11.578418  150.0  318.617284  15.612292  178.0  135.841046  8.900833   57.0  353.620918  28.702554  157.0  318.372369  31.013737  186.0  135.783244  15.392323   56.0  353.818842  45.485216  105.0
FAILURE!!!! Some beads might have been misidentified
               x1         y1  area1          x2         y2  area2         x3        y3  area3          x4         y4  area4          x5         y5  area5          x6         y6  area6          x7         y7  area7
range  353.836138  11.698933  150.0  318.617195  15.625743  176.0  135.85551  8.945347   58.0  353.617516  28.752491  162.0  318.348786  31.127426  186.0  135.744064  15.494497   62.0  353.806505  45.434435  106.0
FAILURE!!!! Some beads might have been misidentified
               x1         y1  area1          x2         y2  area2         x3        y3  area3          x4         y4  area4          x5         y5  area5          x6         y6  area6          x7         y7  area7
range  353.860129  11.699229  148.0  318.617195  15.647969  177.0  135.85551  8.932039   56.0  353.617516  28.703717  162.0  318.354709  31.127426  185.0  135.769286  15.472162   61.0  353.806505  45.479015  104.0
FAILURE!!!! Some beads might have been misidentified
               x1         y1  area1          x2         y2  area2         x3        y3  area3          x4         y4  area4          x5         y5  area5          x6         y6  area6          x7         y7  area7
range  353.860129  11.684031  151.0  318.617195  15.639448  174.0  135.85551  8.945347   56.0  353.617516  28.759626  162.0  318.368938  31.127426  185.0  135.730154  15.494497   61.0  353.806505  45.429832  105.0
FAILURE!!!! Some beads might have been misidentified
               x1         y1  area1          x2         y2  area2         x3        y3  area3          x4         y4  area4          x5         y5  area5         x6         y6  area6          x7         y7  area7
range  353.836138  11.709393  147.0  318.594954  15.632226  176.0  135.85551  8.910565   58.0  353.617516  28.685958  161.0  318.354709  31.142234  185.0  135.76171  15.486513   62.0  353.806505  45.467971  104.0
FAILURE!!!! Some beads might have been misidentified
               x1         y1  area1          x2         y2  area2          x3        y3  area3          x4         y4  area4         x5         y5  area5          x6         y6  area6          x7         y7  area7
range  353.836138  11.709631  148.0  318.368098  15.645872  181.0  135.684008  8.921464   56.0  353.617516  28.738207  164.0  318.57306  31.092974  179.0  135.916667  15.461756   61.0  353.806505  45.460171  109.0
FAILURE!!!! Some beads might have been misidentified
               x1         y1  area1          x2         y2  area2          x3        y3  area3          x4         y4  area4         x5         y5  area5          x6         y6  area6          x7         y7  area7
range  353.886272  11.618026  151.0  318.706967  15.623606  171.0  136.044114  8.859596   58.0  353.594857  28.732978  162.0  318.19652  31.145842  181.0  135.701706  15.514416   63.0  353.820172  45.396437  105.0
FAILURE!!!! Some beads might have been misidentified
               x1         y1  area1          x2         y2  area2          x3        y3  area3          x4         y4  area4          x5         y5  area5          x6         y6  area6          x7         y7  area7
range  354.028711  11.698933  148.0  318.686959  15.645872  179.0  135.725693  8.848953   59.0  353.391159  28.752491  164.0  318.237081  31.080667  186.0  135.830834  15.463375   55.0  353.986745  45.402097  105.0
FAILURE!!!! Some beads might have been misidentified
               x1         y1  area1          x2         y2  area2          x3        y3  area3          x4         y4  area4          x5         y5  area5          x6         y6  area6          x7         y7  area7
range  353.589131  11.730672  151.0  318.368098  15.679221  172.0  135.956671  8.933955   58.0  353.868054  28.703717  163.0  318.462588  31.063709  184.0  135.701706  15.537855   62.0  353.612891  45.500552   99.0
FAILURE!!!! Some beads might have been misidentified
Residual vector length: 3150, Jacobian shape: (3150, 6)
view   0 | SOD= 557.413 mm | SDD= 802.742 mm | M= 1.440 | incident=4.7367°
[[ 239.50069    -501.31796     -45.045982  ]
 [-110.61836     218.1163       19.95402   ]
 [   0.13556233    0.06326937    0.        ]
 [   0.            0.            0.1496    ]]
              x1        y1  area1         x2         y2  area2          x3        y3  area3          x4       y4  area4          x5         y5  area5         x6         y6  area6         x7         y7  area7
range  353.85808  11.67341  153.0  318.64959  15.644739  174.0  135.870865  8.899545   60.0  353.638633  28.7769  162.0  318.368938  31.127426  186.0  135.78307  15.517692   61.0  353.84445  45.422285  102.0
FAILURE!!!! Some beads might have been misidentified

iter 31 cost=143.725346 -> 121.183829 |dtheta|=6.102478e-02  lambda=1.000e-06

============================================================
Iteration 32
============================================================
Theta offsets (Unity frame):
  Source   : dSx=   0.000, dSy=   0.000, dSz=   0.000  (mm)
  Object   : dOx= -18.006, dOy=  -8.046, dOz= -24.438  (mm)
  Object offset: offset_x=  -0.002, offset_z=   0.005  (mm)
  Detector : dDx=   0.000, dDy=   0.000, dDz=   0.000  (mm)
  Obj Stage rotY :   25.019 deg
============================================================

Unity geometry (world coordinates):
  Source   : x=   5.000, y=  60.000, z=   0.000
  Object   : x=  -0.006, y=  14.954, z= 555.562
  Detector : x=  -8.000, y=  -5.000, z= 800.000
  Obj rotY :   0.0000 deg
view   0 | SOD= 557.413 mm | SDD= 802.742 mm | M= 1.440 | incident=4.7367°
[[ 239.50069    -501.31796     -45.045982  ]
 [-110.61836     218.1163       19.95402   ]
 [   0.13556233    0.06326937    0.        ]
 [   0.            0.            0.1496    ]]
              x1        y1  area1         x2         y2  area2          x3        y3  area3          x4       y4  area4          x5         y5  area5         x6         y6  area6         x7         y7  area7
range  353.85808  11.67341  153.0  318.64959  15.644739  174.0  135.870865  8.899545   60.0  353.638633  28.7769  162.0  318.368938  31.127426  186.0  135.78307  15.517692   61.0  353.84445  45.422285  102.0
FAILURE!!!! Some beads might have been misidentified
               x1         y1  area1          x2         y2  area2          x3        y3  area3          x4         y4  area4          x5         y5  area5          x6         y6  area6          x7         y7  area7
range  353.854413  11.690208  152.0  318.423313  15.682722  177.0  135.864759  8.904358   58.0  353.762393  28.743353  165.0  318.313958  31.026465  178.0  135.790644  15.435725   59.0  353.834299  45.423452  101.0
FAILURE!!!! Some beads might have been misidentified
               x1        y1  area1          x2       y2  area2          x3        y3  area3          x4         y4  area4         x5         y5  area5          x6         y6  area6          x7         y7  area7
range  353.845189  11.63669  148.0  318.734839  15.6238  177.0  135.888031  8.879218   57.0  353.652109  28.712068  162.0  318.51597  31.057294  184.0  135.858477  15.603499   61.0  353.883052  45.500075  107.0
FAILURE!!!! Some beads might have been misidentified
               x1         y1  area1          x2         y2  area2          x3        y3  area3          x4         y4  area4          x5         y5  area5          x6         y6  area6          x7         y7  area7
range  353.861844  11.579638  147.0  318.661684  15.593652  180.0  135.827594  8.882388   55.0  353.743531  28.734271  160.0  318.402083  31.065525  182.0  135.710296  15.489488   59.0  353.833742  45.417854  104.0
FAILURE!!!! Some beads might have been misidentified
              x1         y1  area1          x2         y2  area2          x3        y3  area3          x4         y4  area4          x5         y5  area5         x6         y6  area6          x7         y7  area7
range  353.94274  11.626043  149.0  318.604938  15.623445  176.0  135.887086  8.900833   57.0  353.637257  28.727702  159.0  318.383082  31.031019  184.0  135.80642  15.405247   53.0  353.827087  45.444794  102.0
FAILURE!!!! Some beads might have been misidentified
              x1         y1  area1         x2         y2  area2          x3        y3  area3          x4         y4  area4          x5         y5  area5         x6         y6  area6          x7         y7  area7
range  353.85808  11.689064  151.0  318.64959  15.644739  174.0  135.868912  8.899545   59.0  353.649482  28.725159  162.0  318.382922  31.127426  185.0  135.78307  15.516343   61.0  353.830783  45.448697  102.0
FAILURE!!!! Some beads might have been misidentified
               x1         y1  area1          x2         y2  area2          x3        y3  area3          x4         y4  area4          x5         y5  area5         x6         y6  area6         x7         y7  area7
range  353.884218  11.660705  154.0  318.636142  15.660671  175.0  135.870865  8.921483   60.0  353.617516  28.752491  162.0  318.376898  31.127426  186.0  135.78307  15.517692   62.0  353.86223  45.467557  104.0
FAILURE!!!! Some beads might have been misidentified
               x1         y1  area1          x2         y2  area2          x3        y3  area3          x4         y4  area4          x5         y5  area5          x6         y6  area6         x7         y7  area7
range  353.884218  11.655034  153.0  318.636142  15.625432  173.0  135.894833  8.899545   59.0  353.638633  28.783975  169.0  318.368938  31.132782  181.0  135.814248  15.540028   62.0  353.84445  45.422285  103.0
FAILURE!!!! Some beads might have been misidentified
              x1         y1  area1          x2        y2  area2          x3        y3  area3          x4         y4  area4          x5         y5  area5          x6         y6  area6         x7         y7  area7
range  353.85808  11.684609  148.0  318.636142  15.64619  175.0  135.874445  8.923405   60.0  353.638633  28.719799  163.0  318.390926  31.133253  186.0  135.764102  15.517692   61.0  353.86223  45.475724  105.0
FAILURE!!!! Some beads might have been misidentified
              x1         y1  area1          x2         y2  area2          x3        y3  area3          x4         y4  area4         x5         y5  area5          x6         y6  area6          x7         y7  area7
range  353.85808  11.681416  150.0  318.412237  15.653266  180.0  135.675676  8.921464   55.0  353.617516  28.736642  164.0  318.59788  31.084334  180.0  135.941518  15.434148   62.0  353.830783  45.474569  104.0
FAILURE!!!! Some beads might have been misidentified
               x1         y1  area1          x2         y2  area2          x3        y3  area3          x4         y4  area4          x5         y5  area5          x6         y6  area6         x7         y7  area7
range  353.939271  11.645481  149.0  318.794122  15.655783  173.0  136.067697  8.860686   59.0  353.649482  28.743353  163.0  318.223114  31.149897  182.0  135.701706  15.511872   62.0  353.86223  45.448958  106.0
FAILURE!!!! Some beads might have been misidentified
               x1         y1  area1          x2        y2  area2          x3        y3  area3          x4       y4  area4          x5         y5  area5          x6         y6  area6          x7         y7  area7
range  354.028203  11.660705  149.0  318.747951  15.64428  176.0  135.698645  8.845772   60.0  353.453745  28.7769  164.0  318.283446  31.084377  187.0  135.819962  15.471984   59.0  354.039867  45.399718  104.0
FAILURE!!!! Some beads might have been misidentified
               x1         y1  area1          x2         y2  area2         x3        y3  area3          x4         y4  area4          x5         y5  area5          x6         y6  area6          x7         y7  area7
range  353.671399  11.670478  153.0  318.555035  15.655783  172.0  135.95318  8.933955   54.0  353.960757  28.752491  163.0  318.486933  31.091624  185.0  135.688359  15.534006   62.0  353.677485  45.497672   98.0
FAILURE!!!! Some beads might have been misidentified
Residual vector length: 3150, Jacobian shape: (3150, 6)
view   0 | SOD= 557.354 mm | SDD= 802.742 mm | M= 1.440 | incident=4.7367°
[[ 239.40582   -501.29837    -45.0425   ]
 [-110.614685   218.18382     19.9575   ]
 [   0.135571     0.0632508    0.       ]
 [   0.           0.           0.1496   ]]
              x1         y1  area1          x2        y2  area2          x3        y3  area3          x4         y4  area4          x5         y5  area5          x6         y6  area6          x7         y7  area7
range  353.85808  11.661002  145.0  318.647101  15.64619  175.0  135.874813  8.912138   59.0  353.697329  28.703717  163.0  318.450949  31.192454  186.0  135.783113  15.463645   61.0  353.863279  45.485778  107.0
FAILURE!!!! Some beads might have been misidentified

iter 32 cost=121.183829 -> 101.939457 |dtheta|=5.741614e-02  lambda=1.000e-06

============================================================
Iteration 33
============================================================
Theta offsets (Unity frame):
  Source   : dSx=   0.000, dSy=   0.000, dSz=   0.000  (mm)
  Object   : dOx= -18.006, dOy=  -8.043, dOz= -24.494  (mm)
  Object offset: offset_x=  -0.001, offset_z=   0.003  (mm)
  Detector : dDx=   0.000, dDy=   0.000, dDz=   0.000  (mm)
  Obj Stage rotY :   25.011 deg
============================================================

Unity geometry (world coordinates):
  Source   : x=   5.000, y=  60.000, z=   0.000
  Object   : x=  -0.006, y=  14.957, z= 555.506
  Detector : x=  -8.000, y=  -5.000, z= 800.000
  Obj rotY :   0.0000 deg
view   0 | SOD= 557.354 mm | SDD= 802.742 mm | M= 1.440 | incident=4.7367°
[[ 239.40582   -501.29837    -45.0425   ]
 [-110.614685   218.18382     19.9575   ]
 [   0.135571     0.0632508    0.       ]
 [   0.           0.           0.1496   ]]
              x1         y1  area1          x2        y2  area2          x3        y3  area3          x4         y4  area4          x5         y5  area5          x6         y6  area6          x7         y7  area7
range  353.85808  11.661002  145.0  318.647101  15.64619  175.0  135.874813  8.912138   59.0  353.697329  28.703717  163.0  318.450949  31.192454  186.0  135.783113  15.463645   61.0  353.863279  45.485778  107.0
FAILURE!!!! Some beads might have been misidentified
               x1         y1  area1          x2         y2  area2          x3        y3  area3          x4         y4  area4          x5         y5  area5         x6         y6  area6          x7         y7  area7
range  353.854413  11.712766  153.0  318.423313  15.673922  175.0  135.864759  8.904358   59.0  353.888841  28.712465  162.0  318.452057  31.056368  179.0  135.78966  15.461382   59.0  353.791637  45.540881  104.0
FAILURE!!!! Some beads might have been misidentified
               x1         y1  area1          x2       y2  area2          x3        y3  area3          x4        y4  area4          x5         y5  area5          x6         y6  area6        x7        y7  area7
range  353.833108  11.605298  145.0  318.734839  15.6258  179.0  135.878613  8.864135   58.0  353.631148  28.69152  163.0  318.635289  31.094042  183.0  135.867468  15.582857   58.0  353.8347  45.51308  107.0
FAILURE!!!! Some beads might have been misidentified
               x1         y1  area1         x2         y2  area2          x3        y3  area3          x4         y4  area4         x5         y5  area5         x6         y6  area6         x7         y7  area7
range  353.881248  11.525274  146.0  318.65102  15.586821  182.0  135.826172  8.896623   54.0  353.813995  28.727316  158.0  318.45836  31.133253  180.0  135.72603  15.539201   63.0  353.82971  45.432575  104.0
FAILURE!!!! Some beads might have been misidentified
               x1         y1  area1          x2         y2  area2          x3        y3  area3          x4         y4  area4          x5         y5  area5          x6         y6  area6          x7         y7  area7
range  353.928694  11.674952  145.0  318.592896  15.625059  178.0  135.906412  8.953283   58.0  353.676146  28.706061  162.0  318.436973  31.059324  184.0  135.794525  15.469402   52.0  353.797284  45.462525  103.0
FAILURE!!!! Some beads might have been misidentified
              x1         y1  area1          x2         y2  area2          x3        y3  area3          x4         y4  area4          x5         y5  area5          x6         y6  area6          x7         y7  area7
range  353.85808  11.661002  145.0  318.652775  15.623852  175.0  135.876384  8.899545   59.0  353.673469  28.703717  163.0  318.450949  31.133253  186.0  135.774955  15.487016   63.0  353.863279  45.429649  103.0
FAILURE!!!! Some beads might have been misidentified
              x1         y1  area1          x2        y2  area2          x3        y3  area3          x4         y4  area4          x5         y5  area5          x6         y6  area6          x7         y7  area7
range  353.85808  11.664873  145.0  318.636142  15.64619  174.0  135.880078  8.921483   58.0  353.697329  28.703717  163.0  318.496421  31.192454  186.0  135.783113  15.462219   60.0  353.863279  45.482326  109.0
FAILURE!!!! Some beads might have been misidentified
              x1         y1  area1          x2         y2  area2          x3        y3  area3          x4         y4  area4          x5         y5  area5       x6         y6  area6          x7         y7  area7
range  353.85808  11.674063  151.0  318.660532  15.638344  175.0  135.870865  8.899545   59.0  353.697329  28.689838  163.0  318.450949  31.127426  183.0  135.775  15.449243   61.0  353.863279  45.506116  104.0
FAILURE!!!! Some beads might have been misidentified
              x1         y1  area1          x2         y2  area2          x3        y3  area3          x4         y4  area4          x5         y5  area5          x6         y6  area6          x7         y7  area7
range  353.85808  11.686731  145.0  318.628337  15.630507  180.0  135.874813  8.899545   58.0  353.673469  28.663625  159.0  318.450949  31.148696  187.0  135.796855  15.454426   58.0  353.863279  45.471022  108.0
FAILURE!!!! Some beads might have been misidentified
              x1         y1  area1          x2        y2  area2     x3        y3  area3          x4        y4  area4         x5         y5  area5          x6         y6  area6          x7         y7  area7
range  353.85808  11.666206  150.0  318.402846  15.64428  181.0  135.7  8.921464   56.0  353.722755  28.72344  163.0  318.67578  31.081247  177.0  135.959778  15.445751   57.0  353.863279  45.508188  105.0
FAILURE!!!! Some beads might have been misidentified
               x1         y1  area1          x2         y2  area2          x3        y3  area3          x4         y4  area4         x5         y5  area5          x6         y6  area6          x7         y7  area7
range  353.906349  11.651858  148.0  318.786578  15.638897  173.0  136.077115  8.879734   59.0  353.658474  28.680545  162.0  318.33977  31.126957  186.0  135.690738  15.470709   62.0  353.877629  45.545772  107.0
FAILURE!!!! Some beads might have been misidentified
               x1         y1  area1          x2         y2  area2          x3        y3  area3         x4         y4  area4          x5         y5  area5          x6         y6  area6          x7         y7  area7
range  354.016122  11.665708  146.0  318.765434  15.633751  176.0  135.788256  8.847788   61.0  353.52459  28.703717  162.0  318.381707  31.094963  186.0  135.941518  15.489608   57.0  354.011732  45.394773  107.0
FAILURE!!!! Some beads might have been misidentified
               x1        y1  area1          x2         y2  area2          x3        y3  area3          x4         y4  area4          x5         y5  area5          x6         y6  area6          x7         y7  area7
range  353.671399  11.66425  147.0  318.555035  15.671694  173.0  135.984678  8.942577   55.0  353.995399  28.703717  162.0  318.630076  31.093612  186.0  135.686907  15.575597   58.0  353.614604  45.506116  107.0
FAILURE!!!! Some beads might have been misidentified
Residual vector length: 3150, Jacobian shape: (3150, 6)
view   0 | SOD= 557.303 mm | SDD= 802.742 mm | M= 1.440 | incident=4.7367°
[[ 239.38362    -501.25162     -45.03868   ]
 [-110.63722     218.23042      19.961317  ]
 [   0.13557097    0.06325087    0.        ]
 [   0.            0.            0.1496    ]]
               x1         y1  area1          x2         y2  area2          x3        y3  area3          x4         y4  area4          x5         y5  area5          x6         y6  area6          x7         y7  area7
range  353.880111  11.659854  150.0  318.670233  15.636745  175.0  135.888246  8.899545   59.0  353.793197  28.703717  163.0  318.496421  31.183783  186.0  135.787173  15.462781   57.0  353.863279  45.485096  108.0
FAILURE!!!! Some beads might have been misidentified

iter 33 cost=101.939457 -> 84.772610 |dtheta|=5.131363e-02  lambda=1.000e-06

============================================================
Iteration 34
============================================================
Theta offsets (Unity frame):
  Source   : dSx=   0.000, dSy=   0.000, dSz=   0.000  (mm)
  Object   : dOx= -18.005, dOy=  -8.039, dOz= -24.545  (mm)
  Object offset: offset_x=  -0.001, offset_z=   0.003  (mm)
  Detector : dDx=   0.000, dDy=   0.000, dDz=   0.000  (mm)
  Obj Stage rotY :   25.011 deg
============================================================

Unity geometry (world coordinates):
  Source   : x=   5.000, y=  60.000, z=   0.000
  Object   : x=  -0.005, y=  14.961, z= 555.455
  Detector : x=  -8.000, y=  -5.000, z= 800.000
  Obj rotY :   0.0000 deg
view   0 | SOD= 557.303 mm | SDD= 802.742 mm | M= 1.440 | incident=4.7367°
[[ 239.38362    -501.25162     -45.03868   ]
 [-110.63722     218.23042      19.961317  ]
 [   0.13557097    0.06325087    0.        ]
 [   0.            0.            0.1496    ]]
               x1         y1  area1          x2         y2  area2          x3        y3  area3          x4         y4  area4          x5         y5  area5          x6         y6  area6          x7         y7  area7
range  353.880111  11.659854  150.0  318.670233  15.636745  175.0  135.888246  8.899545   59.0  353.793197  28.703717  163.0  318.496421  31.183783  186.0  135.787173  15.462781   57.0  353.863279  45.485096  108.0
FAILURE!!!! Some beads might have been misidentified
               x1         y1  area1          x2         y2  area2          x3        y3  area3          x4         y4  area4          x5         y5  area5          x6         y6  area6          x7         y7  area7
range  353.896274  11.667081  153.0  318.423313  15.679512  178.0  135.905695  8.913579   59.0  353.905413  28.740989  161.0  318.470006  31.056368  179.0  135.835293  15.498944   55.0  353.830509  45.504503  105.0
FAILURE!!!! Some beads might have been misidentified
               x1         y1  area1          x2         y2  area2          x3        y3  area3         x4         y4  area4         x5         y5  area5         x6         y6  area6          x7         y7  area7
range  353.891393  11.605864  149.0  318.759064  15.618126  177.0  135.918447  8.864793   58.0  353.67623  28.729755  163.0  318.65138  31.094042  181.0  135.86752  15.589949   58.0  353.855021  45.496204  107.0
FAILURE!!!! Some beads might have been misidentified
               x1        y1  area1          x2         y2  area2          x3        y3  area3         x4         y4  area4         x5         y5  area5          x6         y6  area6          x7         y7  area7
range  353.864408  11.49472  146.0  318.671909  15.618419  180.0  135.863548  8.905714   55.0  353.91002  28.727316  158.0  318.47954  31.124636  181.0  135.704545  15.510106   66.0  353.848351  45.438244  105.0
FAILURE!!!! Some beads might have been misidentified
               x1         y1  area1          x2         y2  area2          x3       y3  area3          x4         y4  area4          x5         y5  area5          x6         y6  area6          x7         y7  area7
range  353.955345  11.650009  150.0  318.615141  15.640786  178.0  135.906412  8.97827   57.0  353.774507  28.714099  162.0  318.453293  31.026726  184.0  135.792142  15.517203   51.0  353.858384  45.520194  103.0
FAILURE!!!! Some beads might have been misidentified
               x1         y1  area1          x2         y2  area2          x3        y3  area3          x4         y4  area4          x5         y5  area5          x6         y6  area6          x7         y7  area7
range  353.880111  11.645597  151.0  318.670233  15.636745  176.0  135.888246  8.899545   59.0  353.771289  28.703717  163.0  318.480414  31.183783  186.0  135.783113  15.428575   60.0  353.863279  45.485096  109.0
FAILURE!!!! Some beads might have been misidentified
               x1         y1  area1          x2         y2  area2          x3        y3  area3          x4         y4  area4          x5         y5  area5          x6         y6  area6          x7         y7  area7
range  353.880111  11.663771  150.0  318.675787  15.621354  174.0  135.888246  8.899545   59.0  353.843422  28.703717  163.0  318.494292  31.161707  185.0  135.787173  15.462219   57.0  353.863279  45.503134  107.0
FAILURE!!!! Some beads might have been misidentified
               x1        y1  area1          x2         y2  area2          x3        y3  area3          x4         y4  area4          x5         y5  area5          x6         y6  area6          x7         y7  area7
range  353.880111  11.66425  149.0  318.652775  15.651863  175.0  135.899736  8.899545   60.0  353.793197  28.689838  163.0  318.458059  31.186628  184.0  135.787173  15.428014   58.0  353.863279  45.474068  105.0
FAILURE!!!! Some beads might have been misidentified
               x1         y1  area1          x2         y2  area2          x3        y3  area3          x4         y4  area4          x5         y5  area5          x6         y6  area6          x7         y7  area7
range  353.880111  11.627908  145.0  318.670233  15.607591  178.0  135.888246  8.899545   59.0  353.793197  28.684923  159.0  318.496421  31.126957  188.0  135.787173  15.461424   56.0  353.863279  45.512928  109.0
FAILURE!!!! Some beads might have been misidentified
              x1         y1  area1          x2         y2  area2          x3        y3  area3         x4         y4  area4         x5         y5  area5          x6         y6  area6          x7         y7  area7
range  353.85808  11.667858  150.0  318.481702  15.643616  180.0  135.723437  8.921464   55.0  353.82288  28.726784  163.0  318.71005  31.061084  177.0  135.950344  15.450597   55.0  353.863279  45.496176  107.0
FAILURE!!!! Some beads might have been misidentified
               x1         y1  area1          x2         y2  area2          x3        y3  area3          x4         y4  area4          x5         y5  area5          x6         y6  area6          x7         y7  area7
range  353.880111  11.605087  152.0  318.804368  15.664105  175.0  136.067697  8.902001   59.0  353.801646  28.747303  162.0  318.383081  31.130214  184.0  135.684487  15.484729   58.0  353.900399  45.504531  107.0
FAILURE!!!! Some beads might have been misidentified
               x1         y1  area1          x2         y2  area2        x3        y3  area3          x4         y4  area4          x5         y5  area5          x6         y6  area6          x7         y7  area7
range  354.095822  11.649545  148.0  318.804368  15.611566  176.0  135.8156  8.860686   61.0  353.581967  28.703717  162.0  318.379738  31.062148  183.0  135.892157  15.489608   56.0  354.020178  45.463279  108.0
FAILURE!!!! Some beads might have been misidentified
               x1         y1  area1          x2        y2  area2          x3        y3  area3          x4         y4  area4          x5         y5  area5          x6         y6  area6          x7         y7  area7
range  353.707571  11.641473  150.0  318.574018  15.67799  172.0  136.025535  8.942577   59.0  354.003061  28.703717  162.0  318.694133  31.093612  184.0  135.710299  15.533654   55.0  353.665351  45.538869  103.0
FAILURE!!!! Some beads might have been misidentified
Residual vector length: 3150, Jacobian shape: (3150, 6)
view   0 | SOD= 557.232 mm | SDD= 802.742 mm | M= 1.441 | incident=4.7367°
[[ 239.31041    -501.2083      -45.03358   ]
 [-110.64839     218.3039       19.96642   ]
 [   0.13557643    0.06323918    0.        ]
 [   0.            0.            0.1496    ]]
               x1         y1  area1          x2         y2  area2          x3        y3  area3          x4         y4  area4          x5         y5  area5          x6         y6  area6          x7         y7  area7
range  353.886234  11.614869  145.0  318.731159  15.626314  179.0  135.935798  8.899545   58.0  353.893819  28.691035  161.0  318.629148  31.151387  186.0  135.796485  15.462219   59.0  353.882739  45.520152  105.0
FAILURE!!!! Some beads might have been misidentified

iter 34 cost=84.772610 -> 65.607437 |dtheta|=7.083715e-02  lambda=1.000e-06

============================================================
Iteration 35
============================================================
Theta offsets (Unity frame):
  Source   : dSx=   0.000, dSy=   0.000, dSz=   0.000  (mm)
  Object   : dOx= -18.005, dOy=  -8.034, dOz= -24.616  (mm)
  Object offset: offset_x=  -0.000, offset_z=   0.002  (mm)
  Detector : dDx=   0.000, dDy=   0.000, dDz=   0.000  (mm)
  Obj Stage rotY :   25.007 deg
============================================================

Unity geometry (world coordinates):
  Source   : x=   5.000, y=  60.000, z=   0.000
  Object   : x=  -0.005, y=  14.966, z= 555.384
  Detector : x=  -8.000, y=  -5.000, z= 800.000
  Obj rotY :   0.0000 deg
view   0 | SOD= 557.232 mm | SDD= 802.742 mm | M= 1.441 | incident=4.7367°
[[ 239.31041    -501.2083      -45.03358   ]
 [-110.64839     218.3039       19.96642   ]
 [   0.13557643    0.06323918    0.        ]
 [   0.            0.            0.1496    ]]
               x1         y1  area1          x2         y2  area2          x3        y3  area3          x4         y4  area4          x5         y5  area5          x6         y6  area6          x7         y7  area7
range  353.886234  11.614869  145.0  318.731159  15.626314  179.0  135.935798  8.899545   58.0  353.893819  28.691035  161.0  318.629148  31.151387  186.0  135.796485  15.462219   59.0  353.882739  45.520152  105.0
FAILURE!!!! Some beads might have been misidentified
               x1         y1  area1          x2         y2  area2          x3        y3  area3          x4         y4  area4         x5         y5  area5          x6         y6  area6          x7         y7  area7
range  353.916599  11.634963  154.0  318.582886  15.657398  176.0  135.910117  8.904358   58.0  353.908799  28.735706  163.0  318.53922  31.085359  181.0  135.845074  15.482403   56.0  353.949584  45.526741  102.0
FAILURE!!!! Some beads might have been misidentified
               x1         y1  area1          x2         y2  area2          x3        y3  area3          x4         y4  area4         x5         y5  area5          x6         y6  area6          x7         y7  area7
range  353.895568  11.595321  146.0  318.759064  15.635519  176.0  135.878613  8.852647   58.0  353.731078  28.665248  163.0  318.66756  31.092639  182.0  135.878532  15.507991   57.0  353.887279  45.487344  107.0
FAILURE!!!! Some beads might have been misidentified
               x1         y1  area1          x2         y2  area2          x3        y3  area3          x4         y4  area4          x5         y5  area5          x6         y6  area6          x7         y7  area7
range  353.960833  11.526252  147.0  318.740368  15.603378  178.0  135.922221  8.905714   62.0  353.934222  28.777789  157.0  318.601159  31.132299  183.0  135.722117  15.514958   62.0  353.873625  45.533136  105.0
FAILURE!!!! Some beads might have been misidentified
               x1         y1  area1          x2         y2  area2          x3        y3  area3          x4         y4  area4          x5         y5  area5          x6         y6  area6          x7         y7  area7
range  353.951617  11.709393  148.0  318.672802  15.647408  178.0  135.931163  8.935117   57.0  353.869388  28.751669  161.0  318.609713  31.044721  185.0  135.852218  15.483132   52.0  353.881123  45.571157  103.0
FAILURE!!!! Some beads might have been misidentified
               x1         y1  area1          x2         y2  area2          x3        y3  area3          x4         y4  area4          x5         y5  area5         x6         y6  area6          x7         y7  area7
range  353.886234  11.614869  145.0  318.711216  15.625677  180.0  135.923936  8.899545   59.0  353.868054  28.691035  158.0  318.604416  31.148696  186.0  135.81035  15.462219   59.0  353.874494  45.535001  107.0
FAILURE!!!! Some beads might have been misidentified
               x1         y1  area1          x2         y2  area2          x3        y3  area3          x4         y4  area4          x5         y5  area5         x6        y6  area6          x7         y7  area7
range  353.967627  11.614869  145.0  318.731159  15.623852  176.0  135.935798  8.899545   59.0  353.893819  28.674877  162.0  318.651248  31.151387  186.0  135.80642  15.48621   58.0  353.875043  45.524218  104.0
FAILURE!!!! Some beads might have been misidentified
              x1         y1  area1          x2         y2  area2          x3        y3  area3         x4         y4  area4          x5         y5  area5          x6         y6  area6          x7         y7  area7
range  353.89818  11.604924  149.0  318.731159  15.629814  176.0  135.899736  8.899545   59.0  353.89024  28.703717  163.0  318.604416  31.160696  185.0  135.799124  15.462219   55.0  353.882739  45.509747  108.0
FAILURE!!!! Some beads might have been misidentified
               x1         y1  area1          x2         y2  area2          x3        y3  area3          x4         y4  area4          x5         y5  area5         x6         y6  area6          x7         y7  area7
range  353.886234  11.592766  145.0  318.711216  15.621431  177.0  135.935798  8.899545   55.0  353.871633  28.705595  160.0  318.629148  31.151387  188.0  135.81035  15.462286   57.0  353.866798  45.550623  108.0
FAILURE!!!! Some beads might have been misidentified
              x1         y1  area1          x2         y2  area2          x3        y3  area3          x4         y4  area4          x5         y5  area5          x6        y6  area6          x7         y7  area7
range  353.89818  11.626658  158.0  318.582182  15.646642  179.0  135.823184  8.899443   57.0  353.871633  28.682697  164.0  318.784226  31.062148  177.0  136.029881  15.48485   55.0  353.882739  45.502591  112.0
FAILURE!!!! Some beads might have been misidentified
               x1         y1  area1          x2         y2  area2         x3        y3  area3         x4         y4  area4          x5         y5  area5          x6         y6  area6          x7         y7  area7
range  354.001224  11.594346  150.0  318.804368  15.602612  172.0  136.10753  8.893102   59.0  353.89024  28.698749  162.0  318.390994  31.161709  186.0  135.698959  15.475144   54.0  353.874494  45.511494  107.0
FAILURE!!!! Some beads might have been misidentified
               x1         y1  area1          x2         y2  area2          x3        y3  area3          x4         y4  area4          x5         y5  area5          x6        y6  area6          x7         y7  area7
range  354.105943  11.598745  146.0  318.804368  15.610308  178.0  135.807703  8.847705   62.0  353.620902  28.694848  162.0  318.392963  31.102673  185.0  135.968743  15.47781   54.0  354.105339  45.503547  103.0
FAILURE!!!! Some beads might have been misidentified
               x1         y1  area1          x2         y2  area2          x3       y3  area3          x4         y4  area4          x5         y5  area5          x6         y6  area6          x7         y7  area7
range  353.706224  11.611522  149.0  318.607047  15.610346  174.0  136.085762  8.89934   60.0  354.018975  28.674877  162.0  318.768628  31.127017  188.0  135.773309  15.533007   57.0  353.731524  45.548185  105.0
FAILURE!!!! Some beads might have been misidentified
Residual vector length: 3150, Jacobian shape: (3150, 6)
view   0 | SOD= 557.176 mm | SDD= 802.742 mm | M= 1.441 | incident=4.7367°
[[ 239.25261    -501.17438     -45.02844   ]
 [-110.65803     218.36128      19.971561  ]
 [   0.13558066    0.0632301     0.        ]
 [   0.            0.            0.1496    ]]
               x1         y1  area1          x2         y2  area2          x3        y3  area3          x4         y4  area4          x5         y5  area5         x6        y6  area6          x7         y7  area7
range  353.931907  11.553584  143.0  318.750903  15.556004  177.0  135.931703  8.899545   59.0  353.910299  28.677642  162.0  318.662818  31.151387  186.0  135.80642  15.48621   58.0  353.896866  45.556254  107.0
FAILURE!!!! Some beads might have been misidentified

iter 35 cost=65.607437 -> 51.833304 |dtheta|=5.538898e-02  lambda=1.000e-06

============================================================
Iteration 36
============================================================
Theta offsets (Unity frame):
  Source   : dSx=   0.000, dSy=   0.000, dSz=   0.000  (mm)
  Object   : dOx= -18.004, dOy=  -8.028, dOz= -24.671  (mm)
  Object offset: offset_x=  -0.000, offset_z=   0.002  (mm)
  Detector : dDx=   0.000, dDy=   0.000, dDz=   0.000  (mm)
  Obj Stage rotY :   25.003 deg
============================================================

Unity geometry (world coordinates):
  Source   : x=   5.000, y=  60.000, z=   0.000
  Object   : x=  -0.004, y=  14.972, z= 555.329
  Detector : x=  -8.000, y=  -5.000, z= 800.000
  Obj rotY :   0.0000 deg
view   0 | SOD= 557.176 mm | SDD= 802.742 mm | M= 1.441 | incident=4.7367°
[[ 239.25261    -501.17438     -45.02844   ]
 [-110.65803     218.36128      19.971561  ]
 [   0.13558066    0.0632301     0.        ]
 [   0.            0.            0.1496    ]]
               x1         y1  area1          x2         y2  area2          x3        y3  area3          x4         y4  area4          x5         y5  area5         x6        y6  area6          x7         y7  area7
range  353.931907  11.553584  143.0  318.750903  15.556004  177.0  135.931703  8.899545   59.0  353.910299  28.677642  162.0  318.662818  31.151387  186.0  135.80642  15.48621   58.0  353.896866  45.556254  107.0
FAILURE!!!! Some beads might have been misidentified
               x1         y1  area1          x2         y2  area2          x3        y3  area3          x4        y4  area4         x5         y5  area5         x6         y6  area6         x7         y7  area7
range  353.897443  11.621276  151.0  318.583313  15.590152  179.0  135.914027  8.904358   60.0  353.908799  28.75308  163.0  318.53922  31.085359  181.0  135.88822  15.522726   54.0  353.91489  45.532256  102.0
FAILURE!!!! Some beads might have been misidentified
              x1         y1  area1          x2         y2  area2          x3        y3  area3          x4         y4  area4          x5         y5  area5          x6         y6  area6          x7         y7  area7
range  353.91845  11.548314  146.0  318.759378  15.599864  174.0  135.946827  8.836021   60.0  353.731078  28.691757  161.0  318.660066  31.122051  183.0  135.890071  15.488343   56.0  353.909424  45.505748  108.0
FAILURE!!!! Some beads might have been misidentified
               x1         y1  area1          x2         y2  area2          x3       y3  area3          x4         y4  area4          x5         y5  area5          x6         y6  area6          x7        y7  area7
range  353.988506  11.483831  146.0  318.743591  15.566384  176.0  135.920621  8.93476   64.0  354.011836  28.785664  156.0  318.601159  31.132299  183.0  135.722117  15.491134   62.0  353.881974  45.54446  105.0
FAILURE!!!! Some beads might have been misidentified
               x1         y1  area1         x2         y2  area2          x3        y3  area3         x4         y4  area4          x5         y5  area5          x6         y6  area6         x7         y7  area7
range  353.961561  11.703358  146.0  318.69582  15.647969  178.0  135.950728  8.931748   56.0  353.88903  28.700209  163.0  318.687626  31.020496  185.0  135.846515  15.481212   52.0  353.84288  45.634748  103.0
FAILURE!!!! Some beads might have been misidentified
               x1         y1  area1          x2         y2  area2          x3        y3  area3          x4         y4  area4          x5         y5  area5         x6         y6  area6          x7         y7  area7
range  353.931907  11.553584  144.0  318.750903  15.546662  177.0  135.941189  8.899545   58.0  353.939796  28.694848  162.0  318.640788  31.151387  186.0  135.80642  15.462286   59.0  353.912597  45.524218  108.0
FAILURE!!!! Some beads might have been misidentified
              x1         y1  area1          x2         y2  area2          x3        y3  area3          x4         y4  area4          x5         y5  area5          x6         y6  area6          x7         y7  area7
range  353.95402  11.553584  143.0  318.750903  15.578739  180.0  135.935798  8.899545   59.0  353.913878  28.681758  159.0  318.651248  31.151387  186.0  135.817293  15.438927   54.0  353.884319  45.566669  103.0
FAILURE!!!! Some beads might have been misidentified
               x1         y1  area1          x2         y2  area2          x3        y3  area3          x4         y4  area4          x5         y5  area5          x6         y6  area6          x7         y7  area7
range  353.938409  11.554741  145.0  318.750903  15.594455  176.0  135.939689  8.899545   59.0  353.921079  28.703717  163.0  318.662818  31.155111  186.0  135.817293  15.486704   57.0  353.896866  45.486164  108.0
FAILURE!!!! Some beads might have been misidentified
               x1         y1  area1          x2         y2  area2          x3        y3  area3          x4         y4  area4          x5         y5  area5         x6         y6  area6          x7         y7  area7
range  353.931907  11.553677  143.0  318.750903  15.593062  176.0  135.941189  8.899545   54.0  353.910299  28.705595  160.0  318.662818  31.161709  189.0  135.80642  15.478367   55.0  353.904901  45.569697  100.0
FAILURE!!!! Some beads might have been misidentified
               x1         y1  area1          x2         y2  area2          x3        y3  area3          x4         y4  area4          x5         y5  area5          x6         y6  area6          x7         y7  area7
range  353.905802  11.601378  152.0  318.567063  15.621925  178.0  135.805492  8.899443   56.0  353.932594  28.701893  163.0  318.808291  31.079304  177.0  136.050627  15.456637   54.0  353.896866  45.531898  111.0
FAILURE!!!! Some beads might have been misidentified
               x1        y1  area1          x2         y2  area2          x3        y3  area3          x4         y4  area4          x5         y5  area5          x6         y6  area6          x7         y7  area7
range  354.001152  11.59143  147.0  318.822827  15.583856  175.0  136.118481  8.868582   60.0  353.921079  28.742944  162.0  318.392963  31.127017  186.0  135.718468  15.489652   54.0  353.904901  45.509699  105.0
FAILURE!!!! Some beads might have been misidentified
              x1         y1  area1          x2         y2  area2          x3       y3  area3          x4         y4  area4          x5         y5  area5          x6        y6  area6          x7         y7  area7
range  354.07982  11.535225  148.0  318.822827  15.599187  178.0  135.836663  8.87124   63.0  353.620902  28.716857  163.0  318.440222  31.079304  183.0  135.968743  15.45154   55.0  354.072294  45.477186  115.0
FAILURE!!!! Some beads might have been misidentified
               x1         y1  area1          x2       y2  area2         x3       y3  area3          x4         y4  area4          x5         y5  area5          x6         y6  area6         x7         y7  area7
range  353.736073  11.542256  147.0  318.620784  15.6072  175.0  136.10753  8.89934   56.0  354.018975  28.681758  155.0  318.793511  31.090253  186.0  135.773309  15.554735   57.0  353.75202  45.591684  104.0
FAILURE!!!! Some beads might have been misidentified
Residual vector length: 3150, Jacobian shape: (3150, 6)
view   0 | SOD= 557.137 mm | SDD= 802.742 mm | M= 1.441 | incident=4.7367°
[[ 239.28525    -501.11542     -45.024776  ]
 [-110.697266    218.38527      19.975224  ]
 [   0.13557434    0.06324364    0.        ]
 [   0.            0.            0.1496    ]]
               x1         y1  area1          x2         y2  area2          x3        y3  area3          x4         y4  area4          x5         y5  area5          x6         y6  area6          x7         y7  area7
range  353.980332  11.509643  144.0  318.727718  15.575615  178.0  135.941189  8.899545   57.0  353.976531  28.704174  162.0  318.686813  31.162854  187.0  135.838844  15.475144   59.0  353.909458  45.546056  106.0
FAILURE!!!! Some beads might have been misidentified

iter 36 cost=51.833304 -> 43.899992 |dtheta|=3.972741e-02  lambda=1.000e-06

============================================================
Iteration 37
============================================================
Theta offsets (Unity frame):
  Source   : dSx=   0.000, dSy=   0.000, dSz=   0.000  (mm)
  Object   : dOx= -18.004, dOy=  -8.025, dOz= -24.710  (mm)
  Object offset: offset_x=   0.000, offset_z=   0.002  (mm)
  Detector : dDx=   0.000, dDy=   0.000, dDz=   0.000  (mm)
  Obj Stage rotY :   25.008 deg
============================================================

Unity geometry (world coordinates):
  Source   : x=   5.000, y=  60.000, z=   0.000
  Object   : x=  -0.004, y=  14.975, z= 555.290
  Detector : x=  -8.000, y=  -5.000, z= 800.000
  Obj rotY :   0.0000 deg
view   0 | SOD= 557.137 mm | SDD= 802.742 mm | M= 1.441 | incident=4.7367°
[[ 239.28525    -501.11542     -45.024776  ]
 [-110.697266    218.38527      19.975224  ]
 [   0.13557434    0.06324364    0.        ]
 [   0.            0.            0.1496    ]]
               x1         y1  area1          x2         y2  area2          x3        y3  area3          x4         y4  area4          x5         y5  area5          x6         y6  area6          x7         y7  area7
range  353.980332  11.509643  144.0  318.727718  15.575615  178.0  135.941189  8.899545   57.0  353.976531  28.704174  162.0  318.686813  31.162854  187.0  135.838844  15.475144   59.0  353.909458  45.546056  106.0
FAILURE!!!! Some beads might have been misidentified
               x1        y1  area1          x2         y2  area2          x3        y3  area3          x4         y4  area4          x5         y5  area5          x6         y6  area6          x7         y7  area7
range  353.896658  11.52422  155.0  318.611417  15.631561  180.0  135.914027  8.913579   59.0  353.905413  28.720261  156.0  318.556707  31.085359  181.0  135.922506  15.504436   54.0  353.928067  45.537652  104.0
FAILURE!!!! Some beads might have been misidentified
               x1         y1  area1          x2         y2  area2          x3        y3  area3         x4         y4  area4          x5         y5  area5         x6         y6  area6          x7         y7  area7
range  353.935519  11.562828  145.0  318.774442  15.589264  173.0  135.979822  8.844285   59.0  353.80497  28.731023  162.0  318.660066  31.111749  186.0  135.89605  15.486694   56.0  353.923718  45.530018  107.0
FAILURE!!!! Some beads might have been misidentified
               x1         y1  area1          x2        y2  area2         x3        y3  area3          x4         y4  area4          x5         y5  area5         x6         y6  area6          x7         y7  area7
range  354.037586  11.486177  147.0  318.759857  15.56405  178.0  135.92166  8.914977   64.0  354.026531  28.777789  156.0  318.613651  31.132299  184.0  135.81195  15.467099   63.0  353.881974  45.505098  106.0
FAILURE!!!! Some beads might have been misidentified
               x1         y1  area1          x2         y2  area2          x3        y3  area3         x4         y4  area4          x5         y5  area5          x6         y6  area6          x7         y7  area7
range  353.975994  11.685825  152.0  318.714623  15.647846  174.0  135.952845  8.921208   56.0  353.93548  28.728739  164.0  318.701157  31.047467  180.0  135.871578  15.481212   53.0  353.862653  45.631179  109.0
FAILURE!!!! Some beads might have been misidentified
               x1         y1  area1          x2         y2  area2          x3        y3  area3          x4         y4  area4          x5         y5  area5          x6         y6  area6          x7         y7  area7
range  353.976386  11.494346  145.0  318.727718  15.575615  178.0  135.941411  8.949956   58.0  353.997492  28.741814  162.0  318.690478  31.183556  187.0  135.838844  15.486704   59.0  353.904901  45.528263  109.0
FAILURE!!!! Some beads might have been misidentified
               x1         y1  area1          x2         y2  area2          x3        y3  area3          x4         y4  area4          x5         y5  area5          x6         y6  area6          x7         y7  area7
range  353.980332  11.523611  143.0  318.750903  15.571319  179.0  135.941189  8.899545   58.0  353.933097  28.699905  161.0  318.686813  31.139029  186.0  135.857256  15.447061   54.0  353.896912  45.566701  104.0
FAILURE!!!! Some beads might have been misidentified
               x1         y1  area1          x2         y2  area2          x3        y3  area3          x4         y4  area4          x5         y5  area5          x6         y6  area6          x7         y7  area7
range  353.980332  11.548356  143.0  318.727718  15.575264  178.0  135.941189  8.899443   58.0  353.943878  28.704174  163.0  318.714574  31.160067  181.0  135.838844  15.463101   55.0  353.909458  45.533784  105.0
FAILURE!!!! Some beads might have been misidentified
               x1         y1  area1          x2         y2  area2          x3        y3  area3          x4         y4  area4          x5         y5  area5          x6         y6  area6          x7         y7  area7
range  353.958119  11.495785  145.0  318.727718  15.563863  176.0  135.941411  8.899545   58.0  353.976531  28.706942  159.0  318.662818  31.151387  186.0  135.838844  15.462504   54.0  353.896866  45.565174  102.0
FAILURE!!!! Some beads might have been misidentified
               x1         y1  area1          x2         y2  area2          x3        y3  area3          x4        y4  area4          x5         y5  area5         x6         y6  area6          x7         y7  area7
range  353.931907  11.541772  158.0  318.581963  15.580878  177.0  135.818971  8.924597   56.0  353.973436  28.74502  164.0  318.808291  31.062148  177.0  136.08617  15.455408   55.0  353.909458  45.546309  112.0
FAILURE!!!! Some beads might have been misidentified
               x1         y1  area1          x2         y2  area2          x3        y3  area3          x4         y4  area4          x5         y5  area5          x6         y6  area6          x7         y7  area7
range  354.042198  11.545276  147.0  318.820642  15.635001  177.0  136.130798  8.877505   61.0  353.942041  28.706264  155.0  318.426298  31.161709  189.0  135.730027  15.489652   54.0  353.904901  45.521362  105.0
FAILURE!!!! Some beads might have been misidentified
               x1         y1  area1          x2         y2  area2          x3        y3  area3          x4         y4  area4          x5         y5  area5          x6        y6  area6          x7         y7  area7
range  354.073126  11.486386  150.0  318.805578  15.568799  177.0  135.818971  8.896243   61.0  353.642127  28.741814  163.0  318.459963  31.062148  183.0  136.010642  15.45154   55.0  354.094596  45.527365  115.0
FAILURE!!!! Some beads might have been misidentified
               x1         y1  area1          x2         y2  area2          x3        y3  area3          x4         y4  area4          x5         y5  area5         x6         y6  area6          x7         y7  area7
range  353.759051  11.546746  147.0  318.638776  15.636674  176.0  136.074074  8.844374   58.0  354.050192  28.699905  154.0  318.808291  31.127017  186.0  135.77071  15.516583   55.0  353.765431  45.569617  105.0
FAILURE!!!! Some beads might have been misidentified
Residual vector length: 3150, Jacobian shape: (3150, 6)
view   0 | SOD= 557.103 mm | SDD= 802.742 mm | M= 1.441 | incident=4.7367°
[[ 239.27351    -501.08417     -45.02148   ]
 [-110.71355     218.41432      19.97852   ]
 [   0.13557394    0.06324451    0.        ]
 [   0.            0.            0.1496    ]]
               x1         y1  area1          x2         y2  area2          x3        y3  area3          x4         y4  area4          x5         y5  area5          x6         y6  area6          x7         y7  area7
range  353.987044  11.520044  144.0  318.716818  15.596262  179.0  135.959144  8.949956   56.0  354.024022  28.741814  162.0  318.735299  31.183556  186.0  135.838844  15.460311   56.0  353.909458  45.563827  104.0
FAILURE!!!! Some beads might have been misidentified

iter 37 cost=43.899992 -> 37.790881 |dtheta|=3.309187e-02  lambda=1.000e-06

============================================================
Iteration 38
============================================================
Theta offsets (Unity frame):
  Source   : dSx=   0.000, dSy=   0.000, dSz=   0.000  (mm)
  Object   : dOx= -18.003, dOy=  -8.021, dOz= -24.743  (mm)
  Object offset: offset_x=   0.000, offset_z=   0.002  (mm)
  Detector : dDx=   0.000, dDy=   0.000, dDz=   0.000  (mm)
  Obj Stage rotY :   25.009 deg
============================================================

Unity geometry (world coordinates):
  Source   : x=   5.000, y=  60.000, z=   0.000
  Object   : x=  -0.003, y=  14.979, z= 555.257
  Detector : x=  -8.000, y=  -5.000, z= 800.000
  Obj rotY :   0.0000 deg
view   0 | SOD= 557.103 mm | SDD= 802.742 mm | M= 1.441 | incident=4.7367°
[[ 239.27351    -501.08417     -45.02148   ]
 [-110.71355     218.41432      19.97852   ]
 [   0.13557394    0.06324451    0.        ]
 [   0.            0.            0.1496    ]]
               x1         y1  area1          x2         y2  area2          x3        y3  area3          x4         y4  area4          x5         y5  area5          x6         y6  area6          x7         y7  area7
range  353.987044  11.520044  144.0  318.716818  15.596262  179.0  135.959144  8.949956   56.0  354.024022  28.741814  162.0  318.735299  31.183556  186.0  135.838844  15.460311   56.0  353.909458  45.563827  104.0
FAILURE!!!! Some beads might have been misidentified
               x1         y1  area1          x2         y2  area2          x3        y3  area3          x4         y4  area4          x5         y5  area5          x6         y6  area6          x7         y7  area7
range  353.935208  11.527941  153.0  318.636063  15.610604  178.0  135.972712  8.944878   58.0  353.944268  28.736247  155.0  318.556707  31.085359  182.0  135.943978  15.505302   54.0  353.928067  45.545872  105.0
FAILURE!!!! Some beads might have been misidentified
               x1         y1  area1          x2        y2  area2          x3        y3  area3          x4         y4  area4         x5         y5  area5          x6         y6  area6         x7         y7  area7
range  353.952043  11.523512  145.0  318.857897  15.59054  174.0  135.990291  8.919224   59.0  353.858883  28.691783  161.0  318.69534  31.111749  186.0  135.911705  15.499175   56.0  353.94224  45.558214  107.0
FAILURE!!!! Some beads might have been misidentified
               x1         y1  area1          x2         y2  area2         x3        y3  area3          x4         y4  area4          x5         y5  area5         x6         y6  area6          x7         y7  area7
range  354.048692  11.486177  144.0  318.781443  15.569044  175.0  135.92166  8.909258   56.0  354.048502  28.756377  155.0  318.638414  31.132299  184.0  135.81195  15.473595   62.0  353.929397  45.537349  102.0
FAILURE!!!! Some beads might have been misidentified
               x1         y1  area1          x2         y2  area2          x3       y3  area3         x4         y4  area4          x5         y5  area5          x6         y6  area6          x7       y7  area7
range  353.994062  11.657262  152.0  318.747894  15.659522  175.0  135.998846  8.92231   61.0  353.93548  28.720876  164.0  318.729276  31.041283  179.0  135.939981  15.481212   53.0  353.922803  45.6543  111.0
FAILURE!!!! Some beads might have been misidentified
               x1         y1  area1          x2         y2  area2          x3        y3  area3          x4         y4  area4          x5         y5  area5          x6         y6  area6          x7         y7  area7
range  353.987044  11.512027  144.0  318.716818  15.596262  179.0  135.958806  8.949956   56.0  354.024022  28.741814  162.0  318.690478  31.183556  186.0  135.838844  15.486704   57.0  353.917484  45.527365  106.0
FAILURE!!!! Some beads might have been misidentified
               x1         y1  area1          x2         y2  area2          x3        y3  area3          x4         y4  area4          x5         y5  area5          x6         y6  area6          x7        y7  area7
range  354.032126  11.520044  142.0  318.727718  15.591153  179.0  135.941411  8.924699   58.0  354.003061  28.704174  162.0  318.731669  31.139029  186.0  135.857256  15.440271   52.0  353.896912  45.57785  103.0
FAILURE!!!! Some beads might have been misidentified
               x1        y1  area1          x2         y2  area2          x3        y3  area3          x4         y4  area4          x5         y5  area5          x6         y6  area6          x7         y7  area7
range  354.032126  11.47704  145.0  318.716818  15.599846  177.0  135.941411  8.949854   57.0  354.024022  28.700267  162.0  318.714574  31.160067  181.0  135.838844  15.452177   55.0  353.909458  45.523243  105.0
FAILURE!!!! Some beads might have been misidentified
               x1         y1  area1          x2        y2  area2          x3        y3  area3          x4         y4  area4          x5         y5  area5          x6         y6  area6          x7         y7  area7
range  353.987044  11.531252  142.0  318.716818  15.60839  178.0  135.941411  8.927916   59.0  354.003061  28.724139  158.0  318.690478  31.151387  187.0  135.838844  15.447511   54.0  353.896912  45.565174  105.0
FAILURE!!!! Some beads might have been misidentified
               x1         y1  area1          x2         y2  area2          x3        y3  area3          x4         y4  area4          x5         y5  area5          x6        y6  area6          x7         y7  area7
range  353.960833  11.517988  155.0  318.622151  15.568799  178.0  135.807982  8.949854   57.0  354.003061  28.726297  163.0  318.808291  31.062148  178.0  136.131884  15.47705   56.0  353.898728  45.554528  112.0
FAILURE!!!! Some beads might have been misidentified
               x1         y1  area1          x2         y2  area2          x3       y3  area3         x4         y4  area4          x5         y5  area5         x6         y6  area6          x7         y7  area7
range  354.052857  11.533465  148.0  318.872578  15.636674  175.0  136.130798  8.90266   60.0  354.01636  28.725532  155.0  318.459963  31.161709  189.0  135.77071  15.489652   54.0  353.929605  45.539238  104.0
FAILURE!!!! Some beads might have been misidentified
               x1         y1  area1          x2         y2  area2          x3        y3  area3          x4         y4  area4          x5         y5  area5          x6         y6  area6          x7         y7  area7
range  354.092113  11.498027  143.0  318.820642  15.568799  179.0  135.823753  8.942802   59.0  353.697329  28.735424  163.0  318.463947  31.102673  182.0  136.010642  15.441358   54.0  354.086353  45.504551  106.0
FAILURE!!!! Some beads might have been misidentified
               x1         y1  area1          x2         y2  area2          x3        y3  area3          x4         y4  area4          x5         y5  area5          x6         y6  area6          x7         y7  area7
range  353.795138  11.520044  146.0  318.645503  15.648471  176.0  136.095107  8.913587   57.0  354.105822  28.697236  161.0  318.808291  31.127017  187.0  135.771348  15.516583   55.0  353.783954  45.566701  103.0
FAILURE!!!! Some beads might have been misidentified
Residual vector length: 3150, Jacobian shape: (3150, 6)
view   0 | SOD= 557.069 mm | SDD= 802.742 mm | M= 1.441 | incident=4.7367°
[[ 239.28722    -501.0402      -45.019104  ]
 [-110.74126     218.43813      19.980896  ]
 [   0.1355703     0.06325231    0.        ]
 [   0.            0.            0.1496    ]]
               x1         y1  area1          x2         y2  area2          x3       y3  area3          x4       y4  area4          x5         y5  area5          x6         y6  area6          x7         y7  area7
range  354.032126  11.526252  150.0  318.740368  15.603094  178.0  135.958806  8.94772   61.0  354.003061  28.7769  162.0  318.734411  31.152016  182.0  135.857256  15.450381   52.0  353.896912  45.543887  103.0
FAILURE!!!! Some beads might have been misidentified

iter 38 cost=37.790881 -> 32.362947 |dtheta|=3.436691e-02  lambda=1.000e-06

============================================================
Iteration 39
============================================================
Theta offsets (Unity frame):
  Source   : dSx=   0.000, dSy=   0.000, dSz=   0.000  (mm)
  Object   : dOx= -18.002, dOy=  -8.019, dOz= -24.777  (mm)
  Object offset: offset_x=   0.001, offset_z=   0.002  (mm)
  Detector : dDx=   0.000, dDy=   0.000, dDz=   0.000  (mm)
  Obj Stage rotY :   25.012 deg
============================================================

Unity geometry (world coordinates):
  Source   : x=   5.000, y=  60.000, z=   0.000
  Object   : x=  -0.002, y=  14.981, z= 555.223
  Detector : x=  -8.000, y=  -5.000, z= 800.000
  Obj rotY :   0.0000 deg
view   0 | SOD= 557.069 mm | SDD= 802.742 mm | M= 1.441 | incident=4.7367°
[[ 239.28722    -501.0402      -45.019104  ]
 [-110.74126     218.43813      19.980896  ]
 [   0.1355703     0.06325231    0.        ]
 [   0.            0.            0.1496    ]]
               x1         y1  area1          x2         y2  area2          x3       y3  area3          x4       y4  area4          x5         y5  area5          x6         y6  area6          x7         y7  area7
range  354.032126  11.526252  150.0  318.740368  15.603094  178.0  135.958806  8.94772   61.0  354.003061  28.7769  162.0  318.734411  31.152016  182.0  135.857256  15.450381   52.0  353.896912  45.543887  103.0
FAILURE!!!! Some beads might have been misidentified
              x1         y1  area1          x2         y2  area2         x3        y3  area3          x4         y4  area4          x5         y5  area5          x6         y6  area6          x7         y7  area7
range  353.95952  11.511701  153.0  318.680575  15.610604  178.0  135.92559  8.944878   59.0  353.944268  28.774931  156.0  318.559977  31.135316  181.0  135.943978  15.474378   54.0  353.931798  45.560928  105.0
FAILURE!!!! Some beads might have been misidentified
               x1         y1  area1          x2        y2  area2          x3        y3  area3          x4         y4  area4         x5         y5  area5          x6         y6  area6          x7         y7  area7
range  353.962602  11.512335  147.0  318.857897  15.58176  174.0  135.974867  8.919224   58.0  353.883436  28.750291  163.0  318.69534  31.111749  185.0  135.925465  15.456421   56.0  353.974237  45.533533  106.0
FAILURE!!!! Some beads might have been misidentified
               x1        y1  area1          x2         y2  area2          x3        y3  area3          x4         y4  area4          x5         y5  area5          x6        y6  area6          x7         y7  area7
range  354.062703  11.50689  145.0  318.798573  15.569044  175.0  135.896907  8.919674   57.0  354.048502  28.751584  155.0  318.613651  31.132299  180.0  135.819962  15.42563   62.0  353.949757  45.534393  107.0
FAILURE!!!! Some beads might have been misidentified
               x1         y1  area1          x2         y2  area2          x3       y3  area3         x4         y4  area4          x5         y5  area5          x6         y6  area6          x7         y7  area7
range  354.059228  11.649545  152.0  318.773006  15.683427  174.0  136.025754  8.92231   57.0  353.93548  28.749348  166.0  318.740972  31.041574  178.0  135.908334  15.481212   53.0  353.909744  45.637752  109.0
FAILURE!!!! Some beads might have been misidentified
               x1         y1  area1          x2         y2  area2          x3        y3  area3          x4       y4  area4          x5         y5  area5          x6         y6  area6          x7         y7  area7
range  354.009912  11.526252  150.0  318.740368  15.603094  178.0  135.958806  8.904154   60.0  354.024022  28.7769  162.0  318.714574  31.152016  182.0  135.838844  15.460787   54.0  353.896912  45.543887  104.0
FAILURE!!!! Some beads might have been misidentified
               x1         y1  area1          x2         y2  area2         x3        y3  area3          x4         y4  area4          x5         y5  area5          x6         y6  area6          x7         y7  area7
range  354.032126  11.496867  144.0  318.751269  15.603094  178.0  135.97271  8.934348   60.0  354.003061  28.704174  162.0  318.747505  31.109344  184.0  135.875592  15.470645   50.0  353.900814  45.576916  101.0
FAILURE!!!! Some beads might have been misidentified
               x1         y1  area1          x2         y2  area2          x3        y3  area3          x4         y4  area4          x5         y5  area5          x6         y6  area6          x7         y7  area7
range  354.032126  11.502657  147.0  318.740368  15.638179  177.0  135.959144  8.948793   62.0  354.024022  28.711925  163.0  318.734411  31.133996  181.0  135.859005  15.440271   50.0  353.896912  45.533533  104.0
FAILURE!!!! Some beads might have been misidentified
               x1        y1  area1          x2         y2  area2          x3        y3  area3          x4         y4  area4          x5         y5  area5          x6         y6  area6          x7         y7  area7
range  354.032126  11.52187  142.0  318.740368  15.594148  178.0  135.947604  8.927916   57.0  354.003061  28.724139  159.0  318.764998  31.162854  188.0  135.857256  15.444029   51.0  353.896912  45.607507  102.0
FAILURE!!!! Some beads might have been misidentified
               x1         y1  area1          x2         y2  area2          x3        y3  area3          x4        y4  area4          x5         y5  area5          x6        y6  area6          x7         y7  area7
range  353.987044  11.498142  147.0  318.622151  15.596311  178.0  135.807982  8.926004   57.0  354.003061  28.79969  166.0  318.830171  31.102673  179.0  136.153356  15.47705   55.0  353.886182  45.546667  101.0
FAILURE!!!! Some beads might have been misidentified
               x1         y1  area1          x2         y2  area2          x3        y3  area3          x4         y4  area4          x5         y5  area5          x6         y6  area6          x7         y7  area7
range  354.052857  11.517988  149.0  318.887865  15.622972  176.0  136.130798  8.927916   60.0  354.024022  28.725532  155.0  318.482063  31.161709  188.0  135.737463  15.465107   54.0  353.946148  45.547795  105.0
FAILURE!!!! Some beads might have been misidentified
               x1        y1  area1          x2         y2  area2          x3        y3  area3          x4       y4  area4          x5         y5  area5          x6         y6  area6          x7         y7  area7
range  354.116425  11.48689  149.0  318.852581  15.571612  178.0  135.794286  8.942802   59.0  353.721881  28.7769  163.0  318.482063  31.102673  180.0  136.005748  15.414483   54.0  354.122081  45.501429  107.0
FAILURE!!!! Some beads might have been misidentified
               x1         y1  area1          x2        y2  area2         x3        y3  area3          x4         y4  area4         x5         y5  area5          x6        y6  area6          x7         y7  area7
range  353.805697  11.526252  147.0  318.645503  15.62227  174.0  136.08707  8.886213   55.0  354.105822  28.700361  157.0  318.82381  31.112533  185.0  135.795903  15.48896   54.0  353.783954  45.585411  104.0
FAILURE!!!! Some beads might have been misidentified
Residual vector length: 3150, Jacobian shape: (3150, 6)
view   0 | SOD= 557.042 mm | SDD= 802.742 mm | M= 1.441 | incident=4.7367°
[[ 239.25327    -501.02585     -45.016273  ]
 [-110.74374     218.4678       19.983727  ]
 [   0.13557306    0.06324638    0.        ]
 [   0.            0.            0.1496    ]]
               x1         y1  area1          x2         y2  area2          x3       y3  area3          x4         y4  area4          x5         y5  area5          x6         y6  area6         x7         y7  area7
range  354.071383  11.510414  145.0  318.774335  15.642229  178.0  135.958806  8.90494   58.0  354.003061  28.718433  160.0  318.747903  31.152016  183.0  135.873843  15.452642   50.0  353.95005  45.576916   99.0
FAILURE!!!! Some beads might have been misidentified

iter 39 cost=32.362947 -> 28.931383 |dtheta|=2.812373e-02  lambda=1.000e-06

============================================================
Iteration 40
============================================================
Theta offsets (Unity frame):
  Source   : dSx=   0.000, dSy=   0.000, dSz=   0.000  (mm)
  Object   : dOx= -18.002, dOy=  -8.016, dOz= -24.805  (mm)
  Object offset: offset_x=   0.001, offset_z=   0.002  (mm)
  Detector : dDx=   0.000, dDy=   0.000, dDz=   0.000  (mm)
  Obj Stage rotY :   25.010 deg
============================================================

Unity geometry (world coordinates):
  Source   : x=   5.000, y=  60.000, z=   0.000
  Object   : x=  -0.002, y=  14.984, z= 555.195
  Detector : x=  -8.000, y=  -5.000, z= 800.000
  Obj rotY :   0.0000 deg
view   0 | SOD= 557.042 mm | SDD= 802.742 mm | M= 1.441 | incident=4.7367°
[[ 239.25327    -501.02585     -45.016273  ]
 [-110.74374     218.4678       19.983727  ]
 [   0.13557306    0.06324638    0.        ]
 [   0.            0.            0.1496    ]]
               x1         y1  area1          x2         y2  area2          x3       y3  area3          x4         y4  area4          x5         y5  area5          x6         y6  area6         x7         y7  area7
range  354.071383  11.510414  145.0  318.774335  15.642229  178.0  135.958806  8.90494   58.0  354.003061  28.718433  160.0  318.747903  31.152016  183.0  135.873843  15.452642   50.0  353.95005  45.576916   99.0
FAILURE!!!! Some beads might have been misidentified
               x1         y1  area1          x2         y2  area2         x3        y3  area3          x4         y4  area4          x5         y5  area5          x6         y6  area6          x7         y7  area7
range  353.990202  11.503795  152.0  318.663151  15.582621  175.0  135.92559  8.944878   59.0  353.944268  28.774931  156.0  318.573914  31.113035  180.0  135.965354  15.485501   54.0  353.958054  45.557875  104.0
FAILURE!!!! Some beads might have been misidentified
              x1         y1  area1          x2        y2  area2          x3        y3  area3          x4         y4  area4          x5         y5  area5          x6         y6  area6          x7         y7  area7
range  354.04529  11.507579  148.0  318.857897  15.59054  175.0  135.966798  8.859657   57.0  353.905675  28.728848  164.0  318.715081  31.097265  185.0  135.925465  15.467937   56.0  354.011198  45.533533  108.0
FAILURE!!!! Some beads might have been misidentified
               x1         y1  area1          x2         y2  area2          x3        y3  area3          x4         y4  area4          x5         y5  area5          x6         y6  area6          x7         y7  area7
range  354.083586  11.519808  146.0  318.795069  15.563821  176.0  135.886966  8.919674   58.0  354.048502  28.715826  155.0  318.638414  31.132299  180.0  135.819962  15.414869   61.0  353.998754  45.534393  106.0
FAILURE!!!! Some beads might have been misidentified
               x1         y1  area1          x2         y2  area2          x3        y3  area3          x4         y4  area4          x5        y5  area5          x6         y6  area6          x7         y7  area7
range  354.012922  11.620217  152.0  318.804368  15.699655  173.0  136.008057  8.945347   61.0  353.978513  28.766444  165.0  318.755592  31.06327  178.0  135.933391  15.505818   53.0  353.962946  45.647662  110.0
FAILURE!!!! Some beads might have been misidentified
               x1         y1  area1          x2         y2  area2          x3        y3  area3          x4         y4  area4          x5         y5  area5          x6         y6  area6          x7        y7  area7
range  354.080096  11.510414  146.0  318.774335  15.642229  178.0  135.920457  8.888477   58.0  354.024022  28.756435  157.0  318.747903  31.152016  184.0  135.857256  15.461767   50.0  353.958545  45.57785  100.0
FAILURE!!!! Some beads might have been misidentified
               x1         y1  area1          x2         y2  area2          x3        y3  area3          x4         y4  area4          x5         y5  area5          x6         y6  area6          x7         y7  area7
range  354.071383  11.503155  145.0  318.774335  15.622863  178.0  135.983858  8.949956   58.0  354.003061  28.704174  162.0  318.747505  31.131958  184.0  135.887462  15.470645   50.0  353.969926  45.585429  101.0
FAILURE!!!! Some beads might have been misidentified
               x1         y1  area1          x2         y2  area2          x3        y3  area3          x4         y4  area4          x5         y5  area5          x6         y6  area6         x7        y7  area7
range  354.071383  11.503155  147.0  318.774335  15.632794  177.0  135.958806  8.925034   58.0  354.024022  28.711925  162.0  318.747505  31.133996  181.0  135.875592  15.440271   50.0  353.95005  45.53042  104.0
FAILURE!!!! Some beads might have been misidentified
               x1        y1  area1          x2         y2  area2          x3       y3  area3          x4         y4  area4          x5         y5  area5          x6         y6  area6         x7         y7  area7
range  354.071383  11.50158  150.0  318.756351  15.615878  176.0  135.958806  8.90715   57.0  353.992281  28.767464  157.0  318.768628  31.172003  183.0  135.859005  15.470645   51.0  353.95005  45.612711  105.0
FAILURE!!!! Some beads might have been misidentified
               x1         y1  area1          x2         y2  area2          x3        y3  area3          x4         y4  area4          x5         y5  area5         x6         y6  area6          x7         y7  area7
range  354.049168  11.532491  148.0  318.622151  15.566089  177.0  135.754129  8.926004   56.0  354.003061  28.778247  166.0  318.845689  31.102673  179.0  136.10764  15.485085   54.0  353.900814  45.546667  105.0
FAILURE!!!! Some beads might have been misidentified
               x1         y1  area1          x2        y2  area2       x3       y3  area3          x4         y4  area4          x5         y5  area5          x6         y6  area6          x7         y7  area7
range  354.100827  11.478884  151.0  318.893021  15.60977  177.0  136.125  8.90715   60.0  354.024022  28.750013  156.0  318.482063  31.161709  188.0  135.737463  15.450952   52.0  353.966024  45.544742  105.0
FAILURE!!!! Some beads might have been misidentified
               x1         y1  area1          x2         y2  area2          x3        y3  area3          x4         y4  area4          x5        y5  area5          x6         y6  area6          x7         y7  area7
range  354.174526  11.503155  144.0  318.876099  15.560996  175.0  135.809978  8.926659   58.0  353.721881  28.747142  163.0  318.589207  31.11684  184.0  136.017773  15.424569   54.0  354.148337  45.519026  108.0
FAILURE!!!! Some beads might have been misidentified
               x1         y1  area1          x2         y2  area2         x3        y3  area3          x4         y4  area4         x5         y5  area5          x6        y6  area6          x7         y7  area7
range  353.860966  11.526252  146.0  318.667985  15.629062  174.0  136.08707  8.884685   57.0  354.128061  28.690901  162.0  318.82381  31.127017  185.0  135.805387  15.48896   54.0  353.820915  45.625353  100.0
FAILURE!!!! Some beads might have been misidentified
Residual vector length: 3150, Jacobian shape: (3150, 6)
view   0 | SOD= 557.023 mm | SDD= 802.742 mm | M= 1.441 | incident=4.7367°
[[ 239.2388     -501.01172     -45.014862  ]
 [-110.74918     218.48631      19.98514   ]
 [   0.13557385    0.06324468    0.        ]
 [   0.            0.            0.1496    ]]
               x1         y1  area1          x2         y2  area2         x3        y3  area3          x4         y4  area4          x5         y5  area5          x6         y6  area6         x7         y7  area7
range  354.080096  11.528622  145.0  318.774335  15.642229  177.0  135.97271  8.902991   59.0  354.003061  28.742705  160.0  318.747903  31.152016  183.0  135.875592  15.470645   50.0  353.95005  45.585429  100.0
FAILURE!!!! Some beads might have been misidentified

iter 40 cost=28.931383 -> 26.870948 |dtheta|=1.874740e-02  lambda=1.000e-06

============================================================
Iteration 41
============================================================
Theta offsets (Unity frame):
  Source   : dSx=   0.000, dSy=   0.000, dSz=   0.000  (mm)
  Object   : dOx= -18.002, dOy=  -8.015, dOz= -24.824  (mm)
  Object offset: offset_x=   0.000, offset_z=   0.002  (mm)
  Detector : dDx=   0.000, dDy=   0.000, dDz=   0.000  (mm)
  Obj Stage rotY :   25.009 deg
============================================================

Unity geometry (world coordinates):
  Source   : x=   5.000, y=  60.000, z=   0.000
  Object   : x=  -0.002, y=  14.985, z= 555.176
  Detector : x=  -8.000, y=  -5.000, z= 800.000
  Obj rotY :   0.0000 deg
view   0 | SOD= 557.023 mm | SDD= 802.742 mm | M= 1.441 | incident=4.7367°
[[ 239.2388     -501.01172     -45.014862  ]
 [-110.74918     218.48631      19.98514   ]
 [   0.13557385    0.06324468    0.        ]
 [   0.            0.            0.1496    ]]
               x1         y1  area1          x2         y2  area2         x3        y3  area3          x4         y4  area4          x5         y5  area5          x6         y6  area6         x7         y7  area7
range  354.080096  11.528622  145.0  318.774335  15.642229  177.0  135.97271  8.902991   59.0  354.003061  28.742705  160.0  318.747903  31.152016  183.0  135.875592  15.470645   50.0  353.95005  45.585429  100.0
FAILURE!!!! Some beads might have been misidentified
               x1         y1  area1          x2         y2  area2          x3        y3  area3          x4        y4  area4          x5         y5  area5          x6         y6  area6          x7         y7  area7
range  354.014995  11.521764  151.0  318.709906  15.582621  175.0  135.972712  8.926895   59.0  353.966176  28.79741  164.0  318.573914  31.113035  180.0  135.943978  15.500311   53.0  353.958054  45.555995  104.0
FAILURE!!!! Some beads might have been misidentified
               x1         y1  area1          x2         y2  area2          x3        y3  area3          x4         y4  area4          x5         y5  area5          x6         y6  area6          x7         y7  area7
range  354.064314  11.470131  146.0  318.857897  15.576847  175.0  135.982174  8.859657   57.0  353.943906  28.729209  163.0  318.736059  31.097265  185.0  135.925465  15.481766   56.0  354.011198  45.533533  108.0
FAILURE!!!! Some beads might have been misidentified
               x1         y1  area1          x2       y2  area2          x3        y3  area3          x4         y4  area4          x5         y5  area5          x6        y6  area6          x7         y7  area7
range  354.050874  11.514181  148.0  318.795069  15.5278  177.0  135.911719  8.919674   60.0  354.067347  28.715826  155.0  318.638414  31.093909  180.0  135.824023  15.42563   59.0  354.002778  45.542482  109.0
FAILURE!!!! Some beads might have been misidentified
               x1         y1  area1          x2         y2  area2          x3        y3  area3          x4         y4  area4          x5         y5  area5          x6         y6  area6          x7         y7  area7
range  354.035736  11.596687  146.0  318.804368  15.621126  174.0  136.008057  8.945347   61.0  353.978513  28.766444  165.0  318.755592  31.038537  183.0  135.905839  15.505818   53.0  353.987821  45.647662  105.0
FAILURE!!!! Some beads might have been misidentified
               x1         y1  area1          x2         y2  area2          x3        y3  area3          x4         y4  area4          x5         y5  area5          x6         y6  area6         x7         y7  area7
range  354.080096  11.528622  147.0  318.774335  15.642229  177.0  135.958806  8.884329   57.0  354.024022  28.742705  158.0  318.747903  31.152016  184.0  135.857256  15.444029   50.0  353.95005  45.600609  102.0
FAILURE!!!! Some beads might have been misidentified
               x1         y1  area1          x2         y2  area2          x3        y3  area3          x4         y4  area4          x5         y5  area5          x6         y6  area6          x7         y7  area7
range  354.080096  11.528622  145.0  318.774335  15.647621  176.0  135.997761  8.905986   60.0  354.003061  28.711455  162.0  318.747505  31.131958  184.0  135.887462  15.518173   50.0  354.007039  45.585429  101.0
FAILURE!!!! Some beads might have been misidentified
               x1         y1  area1          x2         y2  area2         x3        y3  area3          x4         y4  area4          x5         y5  area5          x6         y6  area6         x7         y7  area7
range  354.080096  11.528622  146.0  318.774335  15.632794  177.0  135.97271  8.881224   60.0  354.024022  28.711925  162.0  318.747903  31.103375  182.0  135.859005  15.464518   50.0  353.95005  45.577412  105.0
FAILURE!!!! Some beads might have been misidentified
               x1         y1  area1          x2         y2  area2          x3       y3  area3          x4         y4  area4          x5         y5  area5          x6         y6  area6         x7         y7  area7
range  354.080096  11.487026  146.0  318.774335  15.615878  176.0  135.958806  8.90715   57.0  353.992281  28.762794  158.0  318.768628  31.172003  183.0  135.859005  15.494994   51.0  353.95005  45.602716  104.0
FAILURE!!!! Some beads might have been misidentified
               x1         y1  area1          x2         y2  area2          x3        y3  area3          x4         y4  area4         x5         y5  area5          x6        y6  area6         x7         y7  area7
range  354.049168  11.532491  147.0  318.644635  15.573709  175.0  135.769505  8.926004   56.0  354.003061  28.778608  165.0  318.84896  31.062148  177.0  136.115864  15.46571   54.0  353.91293  45.544787  111.0
FAILURE!!!! Some beads might have been misidentified
               x1         y1  area1          x2         y2  area2          x3        y3  area3          x4        y4  area4          x5         y5  area5          x6         y6  area6          x7         y7  area7
range  354.100827  11.459405  149.0  318.893021  15.602192  176.0  136.133037  8.898649   62.0  354.024022  28.74801  163.0  318.482063  31.161709  188.0  135.737463  15.491978   50.0  353.991091  45.544742  106.0
FAILURE!!!! Some beads might have been misidentified
               x1         y1  area1          x2         y2  area2          x3        y3  area3          x4         y4  area4          x5        y5  area5          x6         y6  area6          x7         y7  area7
range  354.185378  11.528622  144.0  318.873019  15.554611  173.0  135.810167  8.926659   58.0  353.792544  28.760247  163.0  318.626175  31.11684  184.0  136.069388  15.441811   54.0  354.148337  45.560685  104.0
FAILURE!!!! Some beads might have been misidentified
              x1         y1  area1          x2         y2  area2          x3        y3  area3          x4        y4  area4         x5         y5  area5          x6        y6  area6          x7         y7  area7
range  353.87999  11.528622  147.0  318.740368  15.622294  173.0  136.106973  8.886213   57.0  354.128061  28.72708  157.0  318.82708  31.112533  185.0  135.805387  15.48896   54.0  353.820915  45.625353  100.0
FAILURE!!!! Some beads might have been misidentified
Residual vector length: 3150, Jacobian shape: (3150, 6)
view   0 | SOD= 557.000 mm | SDD= 802.742 mm | M= 1.441 | incident=4.7367°
[[ 239.21754    -500.9969      -45.013016  ]
 [-110.75512     218.50859      19.986984  ]
 [   0.1355752     0.06324179    0.        ]
 [   0.            0.            0.1496    ]]
               x1         y1  area1          x2         y2  area2          x3        y3  area3          x4         y4  area4          x5         y5  area5          x6         y6  area6          x7         y7  area7
range  354.080096  11.530774  143.0  318.774335  15.623748  174.0  135.958806  8.883518   57.0  354.003061  28.711925  162.0  318.747505  31.109344  184.0  135.887462  15.518173   50.0  354.007039  45.595057  104.0
FAILURE!!!! Some beads might have been misidentified

iter 41 cost=26.870948 -> 24.736025 |dtheta|=2.289952e-02  lambda=1.000e-06

============================================================
Iteration 42
============================================================
Theta offsets (Unity frame):
  Source   : dSx=   0.000, dSy=   0.000, dSz=   0.000  (mm)
  Object   : dOx= -18.001, dOy=  -8.013, dOz= -24.846  (mm)
  Object offset: offset_x=   0.001, offset_z=   0.002  (mm)
  Detector : dDx=   0.000, dDy=   0.000, dDz=   0.000  (mm)
  Obj Stage rotY :   25.008 deg
============================================================

Unity geometry (world coordinates):
  Source   : x=   5.000, y=  60.000, z=   0.000
  Object   : x=  -0.001, y=  14.987, z= 555.154
  Detector : x=  -8.000, y=  -5.000, z= 800.000
  Obj rotY :   0.0000 deg
view   0 | SOD= 557.000 mm | SDD= 802.742 mm | M= 1.441 | incident=4.7367°
[[ 239.21754    -500.9969      -45.013016  ]
 [-110.75512     218.50859      19.986984  ]
 [   0.1355752     0.06324179    0.        ]
 [   0.            0.            0.1496    ]]
               x1         y1  area1          x2         y2  area2          x3        y3  area3          x4         y4  area4          x5         y5  area5          x6         y6  area6          x7         y7  area7
range  354.080096  11.530774  143.0  318.774335  15.623748  174.0  135.958806  8.883518   57.0  354.003061  28.711925  162.0  318.747505  31.109344  184.0  135.887462  15.518173   50.0  354.007039  45.595057  104.0
FAILURE!!!! Some beads might have been misidentified
               x1         y1  area1          x2         y2  area2          x3        y3  area3          x4         y4  area4          x5         y5  area5         x6         y6  area6          x7         y7  area7
range  354.072353  11.523532  150.0  318.709906  15.582621  175.0  135.941731  8.926895   60.0  353.992281  28.782524  163.0  318.593842  31.135316  181.0  135.98882  15.500311   52.0  354.064777  45.572046  102.0
FAILURE!!!! Some beads might have been misidentified
               x1         y1  area1          x2         y2  area2          x3        y3  area3          x4         y4  area4          x5         y5  area5          x6         y6  area6          x7         y7  area7
range  354.131779  11.463608  146.0  318.857897  15.588719  176.0  135.982174  8.857669   57.0  354.013456  28.729209  162.0  318.781988  31.097265  185.0  135.950735  15.463019   56.0  354.011198  45.564177  108.0
FAILURE!!!! Some beads might have been misidentified
               x1         y1  area1         x2         y2  area2          x3        y3  area3          x4         y4  area4          x5         y5  area5          x6        y6  area6          x7         y7  area7
range  354.069093  11.512087  151.0  318.78411  15.535491  176.0  135.886966  8.936539   60.0  354.067347  28.715826  155.0  318.656334  31.086245  178.0  135.860718  15.42563   58.0  354.040487  45.549583  108.0
FAILURE!!!! Some beads might have been misidentified
               x1         y1  area1          x2         y2  area2          x3        y3  area3          x4         y4  area4          x5        y5  area5          x6         y6  area6          x7         y7  area7
range  354.048045  11.563353  145.0  318.804368  15.618224  174.0  136.008057  8.945347   60.0  353.978513  28.753683  165.0  318.755592  31.01684  183.0  135.906292  15.505818   53.0  353.987821  45.624119  104.0
FAILURE!!!! Some beads might have been misidentified
               x1         y1  area1          x2         y2  area2          x3        y3  area3          x4         y4  area4          x5         y5  area5          x6         y6  area6          x7         y7  area7
range  354.080096  11.530774  143.0  318.774335  15.618377  175.0  135.937743  8.895552   57.0  354.024022  28.737685  163.0  318.747903  31.152016  185.0  135.875592  15.470645   50.0  353.975073  45.595057  102.0
FAILURE!!!! Some beads might have been misidentified
               x1         y1  area1          x2         y2  area2          x3        y3  area3          x4         y4  area4          x5         y5  area5          x6         y6  area6          x7         y7  area7
range  354.080096  11.530774  143.0  318.774335  15.633229  175.0  135.961084  8.904154   59.0  353.992281  28.711455  161.0  318.747505  31.109121  184.0  135.933018  15.518173   51.0  354.037231  45.580786  105.0
FAILURE!!!! Some beads might have been misidentified
               x1        y1  area1          x2         y2  area2          x3        y3  area3          x4         y4  area4          x5         y5  area5          x6         y6  area6          x7         y7  area7
range  354.080096  11.53097  149.0  318.774335  15.602543  176.0  135.937743  8.882388   59.0  354.024022  28.712517  162.0  318.747505  31.078094  177.0  135.887462  15.518173   50.0  354.014964  45.571957  114.0
FAILURE!!!! Some beads might have been misidentified
               x1         y1  area1          x2         y2  area2          x3       y3  area3          x4         y4  area4          x5         y5  area5          x6         y6  area6          x7         y7  area7
range  354.080096  11.530774  147.0  318.774335  15.555587  174.0  135.937743  8.90715   59.0  353.992281  28.762794  158.0  318.768628  31.148155  183.0  135.887462  15.518173   51.0  354.007039  45.627675  107.0
FAILURE!!!! Some beads might have been misidentified
               x1         y1  area1          x2         y2  area2          x3       y3  area3          x4         y4  area4          x5         y5  area5          x6         y6  area6          x7         y7  area7
range  354.057882  11.517179  148.0  318.644635  15.523491  176.0  135.785197  8.90443   56.0  354.003061  28.763723  164.0  318.869937  31.093369  178.0  136.115864  15.488952   54.0  353.992786  45.543616  110.0
FAILURE!!!! Some beads might have been misidentified
               x1         y1  area1          x2        y2  area2       x3       y3  area3          x4        y4  area4          x5         y5  area5          x6         y6  area6          x7        y7  area7
range  354.100827  11.469961  149.0  318.893021  15.55433  176.0  136.125  8.90715   60.0  354.003061  28.74801  163.0  318.506352  31.125622  182.0  135.747355  15.491978   51.0  353.994949  45.57193  114.0
FAILURE!!!! Some beads might have been misidentified
               x1         y1  area1          x2         y2  area2        x3        y3  area3          x4       y4  area4          x5        y5  area5          x6         y6  area6          x7         y7  area7
range  354.281029  11.530774  148.0  318.873019  15.554611  173.0  135.8279  8.908676   56.0  353.888199  28.7769  163.0  318.662426  31.11684  181.0  136.088401  15.451825   53.0  354.255061  45.555977  104.0
FAILURE!!!! Some beads might have been misidentified
               x1         y1  area1          x2         y2  area2          x3        y3  area3          x4         y4  area4         x5         y5  area5          x6         y6  area6          x7         y7  area7
range  353.923102  11.530774  148.0  318.717014  15.614161  173.0  136.081871  8.872497   57.0  354.117538  28.711455  157.0  318.82708  31.112533  186.0  135.826832  15.488952   53.0  353.820915  45.595057  105.0
FAILURE!!!! Some beads might have been misidentified
Residual vector length: 3150, Jacobian shape: (3150, 6)
view   0 | SOD= 556.983 mm | SDD= 802.742 mm | M= 1.441 | incident=4.7367°
[[ 239.1958     -500.98874     -45.01177   ]
 [-110.75574     218.52701      19.988232  ]
 [   0.13557705    0.06323781    0.        ]
 [   0.            0.            0.1496    ]]
               x1         y1  area1          x2         y2  area2          x3        y3  area3          x4         y4  area4          x5         y5  area5          x6         y6  area6          x7         y7  area7
range  354.080096  11.530774  147.0  318.786442  15.623748  174.0  136.018878  8.882388   57.0  354.003061  28.760183  162.0  318.768187  31.151872  183.0  135.887462  15.518173   51.0  354.037231  45.580786  105.0
FAILURE!!!! Some beads might have been misidentified

iter 42 cost=24.736025 -> 23.213045 |dtheta|=1.660242e-02  lambda=1.000e-06

============================================================
Iteration 43
============================================================
Theta offsets (Unity frame):
  Source   : dSx=   0.000, dSy=   0.000, dSz=   0.000  (mm)
  Object   : dOx= -18.001, dOy=  -8.012, dOz= -24.863  (mm)
  Object offset: offset_x=   0.001, offset_z=   0.002  (mm)
  Detector : dDx=   0.000, dDy=   0.000, dDz=   0.000  (mm)
  Obj Stage rotY :   25.006 deg
============================================================

Unity geometry (world coordinates):
  Source   : x=   5.000, y=  60.000, z=   0.000
  Object   : x=  -0.001, y=  14.988, z= 555.137
  Detector : x=  -8.000, y=  -5.000, z= 800.000
  Obj rotY :   0.0000 deg
view   0 | SOD= 556.983 mm | SDD= 802.742 mm | M= 1.441 | incident=4.7367°
[[ 239.1958     -500.98874     -45.01177   ]
 [-110.75574     218.52701      19.988232  ]
 [   0.13557705    0.06323781    0.        ]
 [   0.            0.            0.1496    ]]
               x1         y1  area1          x2         y2  area2          x3        y3  area3          x4         y4  area4          x5         y5  area5          x6         y6  area6          x7         y7  area7
range  354.080096  11.530774  147.0  318.786442  15.623748  174.0  136.018878  8.882388   57.0  354.003061  28.760183  162.0  318.768187  31.151872  183.0  135.887462  15.518173   51.0  354.037231  45.580786  105.0
FAILURE!!!! Some beads might have been misidentified
               x1         y1  area1          x2         y2  area2          x3        y3  area3          x4         y4  area4          x5         y5  area5          x6         y6  area6          x7         y7  area7
range  354.054499  11.499921  149.0  318.700754  15.582621  175.0  135.965337  8.926895   59.0  354.022893  28.782524  164.0  318.593842  31.107052  180.0  135.986348  15.500311   51.0  354.064777  45.548335  103.0
FAILURE!!!! Some beads might have been misidentified
               x1       y1  area1          x2         y2  area2          x3        y3  area3          x4         y4  area4          x5         y5  area5          x6         y6  area6          x7        y7  area7
range  354.131779  11.4643  147.0  318.857897  15.588719  175.0  135.982174  8.857669   57.0  354.035556  28.728711  162.0  318.795557  31.111426  186.0  135.950735  15.463019   56.0  354.011198  45.58869  107.0
FAILURE!!!! Some beads might have been misidentified
               x1         y1  area1         x2         y2  area2          x3        y3  area3          x4         y4  area4          x5         y5  area5          x6         y6  area6          x7         y7  area7
range  354.069093  11.512087  151.0  318.78411  15.535491  177.0  135.886966  8.936539   60.0  354.067347  28.737239  156.0  318.684776  31.093909  179.0  135.860718  15.444051   57.0  354.022094  45.549583  109.0
FAILURE!!!! Some beads might have been misidentified
              x1         y1  area1          x2        y2  area2          x3        y3  area3          x4         y4  area4         x5         y5  area5        x6         y6  area6          x7        y7  area7
range  354.05457  11.508054  145.0  318.804368  15.64279  172.0  135.957282  8.945347   61.0  353.993341  28.748101  165.0  318.77964  31.018447  183.0  135.9408  15.484471   52.0  353.987821  45.62832  106.0
FAILURE!!!! Some beads might have been misidentified
               x1         y1  area1          x2        y2  area2          x3        y3  area3          x4         y4  area4          x5         y5  area5          x6         y6  area6          x7         y7  area7
range  354.080096  11.530774  148.0  318.786442  15.60099  173.0  135.947748  8.895552   57.0  354.024022  28.784182  156.0  318.768628  31.152016  182.0  135.887462  15.494994   50.0  353.994949  45.595057  101.0
FAILURE!!!! Some beads might have been misidentified
               x1         y1  area1          x2         y2  area2          x3        y3  area3          x4         y4  area4          x5        y5  area5          x6         y6  area6          x7         y7  area7
range  354.100827  11.530774  143.0  318.755367  15.633229  175.0  136.018878  8.904154   59.0  353.992281  28.704174  162.0  318.781917  31.09471  185.0  135.897668  15.518173   51.0  354.037231  45.605689  106.0
FAILURE!!!! Some beads might have been misidentified
               x1        y1  area1          x2        y2  area2          x3        y3  area3          x4         y4  area4          x5         y5  area5          x6         y6  area6          x7         y7  area7
range  354.080096  11.53097  148.0  318.774335  15.65248  175.0  135.951646  8.882388   58.0  354.024022  28.711925  162.0  318.747505  31.109344  182.0  135.887462  15.518173   51.0  354.037231  45.571957  103.0
FAILURE!!!! Some beads might have been misidentified
               x1         y1  area1         x2         y2  area2          x3        y3  area3          x4         y4  area4          x5        y5  area5          x6         y6  area6          x7         y7  area7
range  354.080096  11.530774  147.0  318.78956  15.550527  174.0  135.993826  8.883518   59.0  353.992281  28.762794  158.0  318.768628  31.13786  185.0  135.887462  15.518173   50.0  354.037231  45.627675  100.0
FAILURE!!!! Some beads might have been misidentified
               x1         y1  area1          x2         y2  area2          x3       y3  area3          x4         y4  area4          x5         y5  area5          x6         y6  area6          x7         y7  area7
range  354.057882  11.494259  149.0  318.668185  15.563465  175.0  135.776076  8.90443   56.0  354.003061  28.763225  164.0  318.869326  31.062148  177.0  136.152144  15.488952   51.0  354.002644  45.543616  109.0
FAILURE!!!! Some beads might have been misidentified
               x1         y1  area1          x2        y2  area2       x3       y3  area3          x4        y4  area4          x5         y5  area5          x6         y6  area6          x7         y7  area7
range  354.100827  11.469961  148.0  318.893021  15.55433  176.0  136.125  8.90715   60.0  354.003061  28.74801  162.0  318.554615  31.101773  182.0  135.744883  15.512692   51.0  353.994949  45.593409  113.0
FAILURE!!!! Some beads might have been misidentified
               x1         y1  area1          x2         y2  area2        x3        y3  area3          x4         y4  area4          x5        y5  area5          x6         y6  area6          x7         y7  area7
range  354.281029  11.530774  148.0  318.893021  15.543095  173.0  135.8279  8.908676   57.0  353.910299  28.784182  163.0  318.686422  31.11684  181.0  136.103845  15.446978   54.0  354.255061  45.580786  105.0
FAILURE!!!! Some beads might have been misidentified
               x1         y1  area1          x2         y2  area2          x3        y3  area3         x4         y4  area4         x5         y5  area5          x6         y6  area6          x7        y7  area7
range  353.923102  11.530774  147.0  318.717014  15.614161  173.0  136.081871  8.872497   56.0  354.14815  28.720745  155.0  318.84896  31.134227  185.0  135.826832  15.488952   53.0  353.820915  45.61996  105.0
FAILURE!!!! Some beads might have been misidentified
Residual vector length: 3150, Jacobian shape: (3150, 6)
view   0 | SOD= 556.967 mm | SDD= 802.742 mm | M= 1.441 | incident=4.7367°
[[ 239.18758    -500.97495     -45.0104    ]
 [-110.76272     218.54141      19.989601  ]
 [   0.13557717    0.06323758    0.        ]
 [   0.            0.            0.1496    ]]
               x1         y1  area1          x2         y2  area2          x3        y3  area3          x4         y4  area4          x5         y5  area5          x6         y6  area6          x7         y7  area7
range  354.080096  11.530774  147.0  318.786442  15.595649  174.0  135.972763  8.896682   57.0  354.003061  28.767464  160.0  318.768187  31.129173  183.0  135.923349  15.518173   51.0  354.037231  45.580786  106.0
FAILURE!!!! Some beads might have been misidentified

iter 43 cost=23.213045 -> 22.194970 |dtheta|=1.631344e-02  lambda=1.000e-06

============================================================
Iteration 44
============================================================
Theta offsets (Unity frame):
  Source   : dSx=   0.000, dSy=   0.000, dSz=   0.000  (mm)
  Object   : dOx= -18.001, dOy=  -8.010, dOz= -24.879  (mm)
  Object offset: offset_x=   0.001, offset_z=   0.002  (mm)
  Detector : dDx=   0.000, dDy=   0.000, dDz=   0.000  (mm)
  Obj Stage rotY :   25.006 deg
============================================================

Unity geometry (world coordinates):
  Source   : x=   5.000, y=  60.000, z=   0.000
  Object   : x=  -0.001, y=  14.990, z= 555.121
  Detector : x=  -8.000, y=  -5.000, z= 800.000
  Obj rotY :   0.0000 deg
view   0 | SOD= 556.967 mm | SDD= 802.742 mm | M= 1.441 | incident=4.7367°
[[ 239.18758    -500.97495     -45.0104    ]
 [-110.76272     218.54141      19.989601  ]
 [   0.13557717    0.06323758    0.        ]
 [   0.            0.            0.1496    ]]
               x1         y1  area1          x2         y2  area2          x3        y3  area3          x4         y4  area4          x5         y5  area5          x6         y6  area6          x7         y7  area7
range  354.080096  11.530774  147.0  318.786442  15.595649  174.0  135.972763  8.896682   57.0  354.003061  28.767464  160.0  318.768187  31.129173  183.0  135.923349  15.518173   51.0  354.037231  45.580786  106.0
FAILURE!!!! Some beads might have been misidentified
               x1         y1  area1          x2         y2  area2          x3        y3  area3          x4         y4  area4          x5         y5  area5          x6         y6  area6          x7         y7  area7
range  354.080107  11.499921  150.0  318.713988  15.571105  175.0  135.895256  8.926895   59.0  354.022893  28.782524  164.0  318.603071  31.135316  181.0  135.946292  15.500311   51.0  354.064777  45.560637  103.0
FAILURE!!!! Some beads might have been misidentified
               x1       y1  area1          x2         y2  area2          x3        y3  area3          x4         y4  area4          x5         y5  area5         x6         y6  area6          x7        y7  area7
range  354.178765  11.4643  148.0  318.881447  15.607557  175.0  135.982174  8.849955   60.0  354.035556  28.728711  162.0  318.795557  31.111426  186.0  135.96237  15.463019   55.0  354.031337  45.58869  109.0
FAILURE!!!! Some beads might have been misidentified
               x1         y1  area1         x2         y2  area2          x3        y3  area3          x4         y4  area4          x5         y5  area5          x6         y6  area6          x7         y7  area7
range  354.069093  11.481931  150.0  318.78411  15.535491  177.0  135.886966  8.935807   60.0  354.067347  28.737239  155.0  318.684776  31.086245  179.0  135.874153  15.444051   56.0  354.019696  45.558784  104.0
FAILURE!!!! Some beads might have been misidentified
               x1         y1  area1          x2        y2  area2          x3        y3  area3          x4         y4  area4         x5         y5  area5          x6         y6  area6          x7         y7  area7
range  354.052857  11.508054  145.0  318.804368  15.64279  174.0  135.978988  8.945347   60.0  353.993341  28.753683  166.0  318.77964  31.018447  183.0  135.946018  15.463393   53.0  354.002531  45.619371  104.0
FAILURE!!!! Some beads might have been misidentified
               x1         y1  area1          x2         y2  area2          x3        y3  area3          x4         y4  area4          x5         y5  area5          x6         y6  area6          x7         y7  area7
range  354.080096  11.530774  147.0  318.786442  15.563554  171.0  135.937743  8.895552   57.0  354.003061  28.784182  157.0  318.768187  31.150014  182.0  135.911876  15.518173   50.0  354.029368  45.595057  104.0
FAILURE!!!! Some beads might have been misidentified
               x1         y1  area1          x2        y2  area2          x3        y3  area3          x4         y4  area4          x5         y5  area5          x6         y6  area6          x7         y7  area7
range  354.080096  11.530774  145.0  318.767475  15.60099  173.0  135.993826  8.904154   59.0  353.992281  28.711455  161.0  318.797436  31.109121  184.0  135.923349  15.518173   50.0  354.037231  45.605689  106.0
FAILURE!!!! Some beads might have been misidentified
               x1        y1  area1          x2        y2  area2          x3        y3  area3          x4         y4  area4          x5         y5  area5          x6         y6  area6          x7         y7  area7
range  354.080096  11.53097  149.0  318.786442  15.65248  176.0  135.972763  8.882388   58.0  354.003061  28.701448  160.0  318.768187  31.103375  182.0  135.897668  15.518173   51.0  354.037231  45.611916  103.0
FAILURE!!!! Some beads might have been misidentified
              x1         y1  area1          x2         y2  area2          x3        y3  area3          x4         y4  area4          x5        y5  area5          x6         y6  area6          x7         y7  area7
range  354.09411  11.530774  149.0  318.786442  15.575299  173.0  135.972763  8.883518   58.0  353.992281  28.762794  158.0  318.768187  31.13786  184.0  135.923349  15.518173   50.0  354.037231  45.627675   99.0
FAILURE!!!! Some beads might have been misidentified
               x1         y1  area1          x2         y2  area2          x3        y3  area3          x4         y4  area4          x5         y5  area5          x6         y6  area6          x7         y7  area7
range  354.080096  11.494259  149.0  318.668185  15.521912  175.0  135.776076  8.904249   56.0  353.992281  28.763225  164.0  318.893108  31.093369  178.0  136.152144  15.488952   51.0  354.037231  45.585283  105.0
FAILURE!!!! Some beads might have been misidentified
               x1         y1  area1          x2         y2  area2       x3        y3  area3          x4        y4  area4          x5         y5  area5         x6         y6  area6          x7        y7  area7
range  354.100827  11.471527  148.0  318.914506  15.568703  176.0  136.125  8.898649   62.0  354.003061  28.74801  164.0  318.554615  31.101773  182.0  135.76811  15.507275   51.0  354.037179  45.58869  109.0
FAILURE!!!! Some beads might have been misidentified
               x1         y1  area1          x2         y2  area2          x3        y3  area3          x4         y4  area4          x5        y5  area5          x6        y6  area6          x7         y7  area7
range  354.331165  11.530774  149.0  318.893021  15.557285  173.0  135.818713  8.908676   56.0  353.910299  28.784182  162.0  318.710517  31.11684  181.0  136.112069  15.44742   53.0  354.255061  45.580786  105.0
FAILURE!!!! Some beads might have been misidentified
               x1         y1  area1          x2         y2  area2          x3        y3  area3         x4         y4  area4         x5         y5  area5          x6         y6  area6          x7        y7  area7
range  353.927708  11.530774  148.0  318.717014  15.602192  174.0  136.081871  8.869707   56.0  354.14815  28.720745  157.0  318.84896  31.134227  185.0  135.826832  15.488952   52.0  353.841054  45.61996  105.0
FAILURE!!!! Some beads might have been misidentified
Residual vector length: 3150, Jacobian shape: (3150, 6)
view   0 | SOD= 556.947 mm | SDD= 802.742 mm | M= 1.441 | incident=4.7367°
[[ 239.18254    -500.9553      -45.009094  ]
 [-110.77375     218.55815      19.990906  ]
 [   0.13557664    0.06323871    0.        ]
 [   0.            0.            0.1496    ]]
              x1         y1  area1          x2         y2  area2          x3        y3  area3          x4         y4  area4          x5         y5  area5          x6         y6  area6          x7         y7  area7
range  354.09411  11.507756  147.0  318.786442  15.570855  175.0  135.972763  8.882388   58.0  353.992281  28.742976  159.0  318.797436  31.109121  182.0  135.923349  15.518173   50.0  354.037231  45.605689  106.0
FAILURE!!!! Some beads might have been misidentified

iter 44 cost=22.194970 -> 20.638796 |dtheta|=1.924936e-02  lambda=1.000e-06

============================================================
Iteration 45
============================================================
Theta offsets (Unity frame):
  Source   : dSx=   0.000, dSy=   0.000, dSz=   0.000  (mm)
  Object   : dOx= -18.000, dOy=  -8.009, dOz= -24.898  (mm)
  Object offset: offset_x=   0.002, offset_z=   0.001  (mm)
  Detector : dDx=   0.000, dDy=   0.000, dDz=   0.000  (mm)
  Obj Stage rotY :   25.006 deg
============================================================

Unity geometry (world coordinates):
  Source   : x=   5.000, y=  60.000, z=   0.000
  Object   : x=  -0.000, y=  14.991, z= 555.102
  Detector : x=  -8.000, y=  -5.000, z= 800.000
  Obj rotY :   0.0000 deg
view   0 | SOD= 556.947 mm | SDD= 802.742 mm | M= 1.441 | incident=4.7367°
[[ 239.18254    -500.9553      -45.009094  ]
 [-110.77375     218.55815      19.990906  ]
 [   0.13557664    0.06323871    0.        ]
 [   0.            0.            0.1496    ]]
              x1         y1  area1          x2         y2  area2          x3        y3  area3          x4         y4  area4          x5         y5  area5          x6         y6  area6          x7         y7  area7
range  354.09411  11.507756  147.0  318.786442  15.570855  175.0  135.972763  8.882388   58.0  353.992281  28.742976  159.0  318.797436  31.109121  182.0  135.923349  15.518173   50.0  354.037231  45.605689  106.0
FAILURE!!!! Some beads might have been misidentified
               x1         y1  area1          x2         y2  area2          x3        y3  area3          x4         y4  area4          x5         y5  area5          x6         y6  area6          x7         y7  area7
range  354.080107  11.501486  151.0  318.713988  15.571105  175.0  135.921108  8.926895   61.0  354.022893  28.760046  157.0  318.626815  31.135316  181.0  135.921717  15.508205   52.0  354.064777  45.598372  103.0
FAILURE!!!! Some beads might have been misidentified
               x1         y1  area1          x2         y2  area2          x3        y3  area3          x4         y4  area4          x5         y5  area5         x6         y6  area6          x7         y7  area7
range  354.154326  11.447179  149.0  318.846107  15.607557  175.0  135.982174  8.857669   54.0  354.082042  28.728711  162.0  318.818894  31.121735  185.0  135.96237  15.470353   52.0  354.011094  45.601997  108.0
FAILURE!!!! Some beads might have been misidentified
               x1         y1  area1         x2         y2  area2          x3        y3  area3          x4       y4  area4          x5         y5  area5          x6         y6  area6          x7        y7  area7
range  354.052489  11.481931  150.0  318.78411  15.535491  177.0  135.886966  8.936539   60.0  354.067347  28.7518  156.0  318.706657  31.116406  180.0  135.874153  15.444051   55.0  354.019696  45.58181  103.0
FAILURE!!!! Some beads might have been misidentified
               x1        y1  area1          x2        y2  area2          x3        y3  area3          x4         y4  area4          x5         y5  area5          x6         y6  area6          x7        y7  area7
range  354.052857  11.53978  145.0  318.799331  15.64279  174.0  135.957282  8.945347   60.0  353.993341  28.753683  165.0  318.791009  31.035736  183.0  135.944143  15.484438   52.0  354.002531  45.61517  108.0
FAILURE!!!! Some beads might have been misidentified
              x1         y1  area1          x2         y2  area2          x3        y3  area3          x4         y4  area4          x5         y5  area5          x6         y6  area6          x7         y7  area7
range  354.09411  11.507756  147.0  318.786442  15.572664  175.0  135.972763  8.884416   57.0  354.003061  28.784182  156.0  318.783705  31.129961  182.0  135.923349  15.518173   51.0  354.037231  45.580786  106.0
FAILURE!!!! Some beads might have been misidentified
              x1         y1  area1          x2        y2  area2         x3        y3  area3          x4         y4  area4          x5        y5  area5          x6         y6  area6          x7         y7  area7
range  354.09411  11.507756  147.0  318.767475  15.60099  173.0  136.01486  8.883518   58.0  353.992281  28.735695  162.0  318.797436  31.09471  182.0  135.976187  15.518173   50.0  354.030331  45.640967  106.0
FAILURE!!!! Some beads might have been misidentified
              x1         y1  area1          x2         y2  area2          x3        y3  area3          x4         y4  area4          x5         y5  area5          x6         y6  area6          x7         y7  area7
range  354.09411  11.507756  147.0  318.767475  15.664334  176.0  135.972763  8.882388   55.0  354.003061  28.685442  162.0  318.797436  31.123991  184.0  135.923349  15.518173   51.0  354.037231  45.595682  102.0
FAILURE!!!! Some beads might have been misidentified
              x1         y1  area1          x2         y2  area2          x3        y3  area3          x4         y4  area4          x5         y5  area5          x6         y6  area6          x7         y7  area7
range  354.09411  11.530774  146.0  318.767475  15.575299  173.0  135.993826  8.883518   58.0  353.992281  28.762794  158.0  318.798374  31.115154  184.0  135.923349  15.518173   50.0  354.037231  45.609695  105.0
FAILURE!!!! Some beads might have been misidentified
               x1         y1  area1          x2         y2  area2          x3        y3  area3          x4         y4  area4          x5         y5  area5          x6         y6  area6         x7         y7  area7
range  354.071896  11.494259  149.0  318.668185  15.524518  175.0  135.776265  8.929497   55.0  354.015356  28.763225  164.0  318.906651  31.093369  178.0  136.152144  15.488952   52.0  354.02252  45.598372  104.0
FAILURE!!!! Some beads might have been misidentified
               x1         y1  area1          x2         y2  area2       x3        y3  area3          x4         y4  area4          x5         y5  area5          x6         y6  area6          x7         y7  area7
range  354.129812  11.454405  149.0  318.914506  15.568703  176.0  136.125  8.883518   59.0  354.003061  28.725532  155.0  318.681927  31.101773  182.0  135.755215  15.549588   51.0  354.045042  45.601997  110.0
FAILURE!!!! Some beads might have been misidentified
               x1        y1  area1          x2         y2  area2          x3        y3  area3          x4         y4  area4          x5        y5  area5          x6         y6  area6          x7         y7  area7
range  354.306725  11.51554  149.0  318.893021  15.550527  173.0  135.818713  8.908676   56.0  353.924179  28.784182  163.0  318.710517  31.11684  182.0  136.112069  15.469435   52.0  354.247111  45.570313  105.0
FAILURE!!!! Some beads might have been misidentified
               x1         y1  area1          x2         y2  area2          x3        y3  area3          x4         y4  area4          x5         y5  area5          x6         y6  area6          x7         y7  area7
range  353.927708  11.507756  147.0  318.717014  15.602192  176.0  136.081871  8.863693   56.0  354.173018  28.711455  156.0  318.848393  31.134227  183.0  135.838652  15.496846   54.0  353.841054  45.655213  105.0
FAILURE!!!! Some beads might have been misidentified
Residual vector length: 3150, Jacobian shape: (3150, 6)
view   0 | SOD= 556.937 mm | SDD= 802.742 mm | M= 1.441 | incident=4.7367°
[[ 239.17648    -500.9469      -45.00829   ]
 [-110.77775     218.56757      19.99171   ]
 [   0.13557683    0.06323832    0.        ]
 [   0.            0.            0.1496    ]]
              x1         y1  area1          x2         y2  area2          x3        y3  area3          x4         y4  area4          x5         y5  area5          x6         y6  area6         x7         y7  area7
range  354.09411  11.508668  147.0  318.786442  15.576156  175.0  135.972763  8.882388   57.0  353.992281  28.767464  159.0  318.812103  31.109121  182.0  135.923349  15.518173   50.0  354.02252  45.605689  106.0
FAILURE!!!! Some beads might have been misidentified

iter 45 cost=20.638796 -> 20.279821 |dtheta|=9.788802e-03  lambda=1.000e-06

============================================================
Iteration 46
============================================================
Theta offsets (Unity frame):
  Source   : dSx=   0.000, dSy=   0.000, dSz=   0.000  (mm)
  Object   : dOx= -18.000, dOy=  -8.008, dOz= -24.908  (mm)
  Object offset: offset_x=   0.002, offset_z=   0.001  (mm)
  Detector : dDx=   0.000, dDy=   0.000, dDz=   0.000  (mm)
  Obj Stage rotY :   25.006 deg
============================================================

Unity geometry (world coordinates):
  Source   : x=   5.000, y=  60.000, z=   0.000
  Object   : x=  -0.000, y=  14.992, z= 555.092
  Detector : x=  -8.000, y=  -5.000, z= 800.000
  Obj rotY :   0.0000 deg
view   0 | SOD= 556.937 mm | SDD= 802.742 mm | M= 1.441 | incident=4.7367°
[[ 239.17648    -500.9469      -45.00829   ]
 [-110.77775     218.56757      19.99171   ]
 [   0.13557683    0.06323832    0.        ]
 [   0.            0.            0.1496    ]]
              x1         y1  area1          x2         y2  area2          x3        y3  area3          x4         y4  area4          x5         y5  area5          x6         y6  area6         x7         y7  area7
range  354.09411  11.508668  147.0  318.786442  15.576156  175.0  135.972763  8.882388   57.0  353.992281  28.767464  159.0  318.812103  31.109121  182.0  135.923349  15.518173   50.0  354.02252  45.605689  106.0
FAILURE!!!! Some beads might have been misidentified
               x1         y1  area1        x2         y2  area2          x3        y3  area3          x4         y4  area4          x5         y5  area5          x6         y6  area6          x7         y7  area7
range  354.080107  11.523323  150.0  318.7102  15.571105  175.0  135.922309  8.916306   61.0  354.022893  28.760046  158.0  318.626815  31.135316  181.0  135.921717  15.517145   52.0  354.064777  45.571655  103.0
FAILURE!!!! Some beads might have been misidentified
               x1         y1  area1          x2         y2  area2          x3        y3  area3          x4         y4  area4          x5         y5  area5         x6         y6  area6          x7         y7  area7
range  354.137901  11.447179  148.0  318.846107  15.620763  175.0  135.982174  8.857669   53.0  354.100726  28.729209  162.0  318.835839  31.121735  185.0  135.96237  15.491156   53.0  354.011094  45.645774  107.0
FAILURE!!!! Some beads might have been misidentified
               x1         y1  area1         x2         y2  area2          x3        y3  area3          x4       y4  area4          x5         y5  area5          x6         y6  area6          x7         y7  area7
range  354.052489  11.481931  150.0  318.78411  15.535491  177.0  135.886966  8.935807   60.0  354.067347  28.7518  157.0  318.720149  31.116406  181.0  135.874153  15.451092   55.0  354.019696  45.602433  104.0
FAILURE!!!! Some beads might have been misidentified
               x1        y1  area1          x2         y2  area2          x3        y3  area3          x4         y4  area4          x5         y5  area5          x6         y6  area6          x7        y7  area7
range  354.073126  11.53978  146.0  318.799331  15.623984  174.0  135.957282  8.945347   59.0  353.993341  28.763758  165.0  318.811773  31.035736  184.0  135.944143  15.484438   52.0  354.002531  45.61517  104.0
FAILURE!!!! Some beads might have been misidentified
               x1         y1  area1          x2         y2  area2          x3        y3  area3          x4         y4  area4          x5         y5  area5          x6         y6  area6          x7         y7  area7
range  354.104616  11.516452  147.0  318.767475  15.584517  175.0  135.972763  8.884416   57.0  354.003061  28.784182  157.0  318.783705  31.129173  184.0  135.923349  15.518173   51.0  354.037231  45.580786  105.0
FAILURE!!!! Some beads might have been misidentified
              x1         y1  area1          x2        y2  area2          x3        y3  area3          x4         y4  area4          x5        y5  area5          x6         y6  area6          x7         y7  area7
range  354.09411  11.507756  147.0  318.767475  15.60099  173.0  135.993826  8.882388   55.0  353.992281  28.735695  161.0  318.815373  31.09471  182.0  135.976187  15.516541   51.0  354.008379  45.640967  106.0
FAILURE!!!! Some beads might have been misidentified
              x1         y1  area1          x2         y2  area2          x3        y3  area3          x4         y4  area4          x5         y5  area5          x6         y6  area6         x7         y7  area7
range  354.09411  11.507756  146.0  318.767475  15.664334  175.0  135.972763  8.882388   56.0  354.024022  28.686035  161.0  318.797436  31.123991  183.0  135.928918  15.518173   52.0  354.02252  45.595682  103.0
FAILURE!!!! Some beads might have been misidentified
              x1         y1  area1          x2         y2  area2          x3        y3  area3          x4         y4  area4          x5        y5  area5          x6         y6  area6         x7         y7  area7
range  354.09411  11.530774  147.0  318.786442  15.575299  174.0  135.993826  8.896682   57.0  353.992281  28.762794  159.0  318.798374  31.13786  185.0  135.938898  15.518173   50.0  354.02252  45.627675  100.0
FAILURE!!!! Some beads might have been misidentified
               x1         y1  area1          x2         y2  area2          x3        y3  area3          x4         y4  area4          x5         y5  area5          x6         y6  area6         x7         y7  area7
range  354.082425  11.494259  149.0  318.668185  15.524518  175.0  135.785385  8.909884   55.0  354.015356  28.763225  164.0  318.915881  31.093369  178.0  136.152144  15.464239   51.0  354.02252  45.598372  105.0
FAILURE!!!! Some beads might have been misidentified
               x1         y1  area1          x2         y2  area2       x3        y3  area3          x4         y4  area4          x5        y5  area5          x6         y6  area6          x7         y7  area7
range  354.114841  11.476242  148.0  318.893021  15.568703  176.0  136.125  8.883518   59.0  354.003061  28.725532  156.0  318.730746  31.08729  183.0  135.755215  15.549588   51.0  354.045042  45.619057  110.0
FAILURE!!!! Some beads might have been misidentified
              x1        y1  area1          x2         y2  area2          x3        y3  area3          x4         y4  area4          x5        y5  area5          x6         y6  area6          x7         y7  area7
range  354.31276  11.51554  149.0  318.893021  15.550527  173.0  135.818713  8.908676   58.0  353.950602  28.784182  163.0  318.730355  31.11684  182.0  136.112069  15.459962   53.0  354.234818  45.570313  105.0
FAILURE!!!! Some beads might have been misidentified
               x1         y1  area1          x2         y2  area2          x3        y3  area3          x4         y4  area4          x5         y5  area5          x6         y6  area6          x7         y7  area7
range  353.905248  11.508668  147.0  318.717014  15.602192  176.0  136.081871  8.863693   56.0  354.173018  28.711455  157.0  318.857622  31.134227  183.0  135.838652  15.496846   54.0  353.841054  45.655213  106.0
FAILURE!!!! Some beads might have been misidentified
Residual vector length: 3150, Jacobian shape: (3150, 6)
view   0 | SOD= 556.930 mm | SDD= 802.742 mm | M= 1.441 | incident=4.7367°
[[ 239.17537    -500.9393      -45.00753   ]
 [-110.78217     218.57353      19.992472  ]
 [   0.13557653    0.06323894    0.        ]
 [   0.            0.            0.1496    ]]
               x1         y1  area1          x2         y2  area2          x3        y3  area3          x4         y4  area4          x5         y5  area5          x6         y6  area6         x7         y7  area7
range  354.104616  11.508668  148.0  318.786442  15.577944  174.0  135.972763  8.882388   57.0  354.003061  28.769814  159.0  318.836992  31.109121  182.0  135.953158  15.518173   52.0  354.02252  45.605689  106.0
FAILURE!!!! Some beads might have been misidentified

iter 46 cost=20.279821 -> 19.593944 |dtheta|=7.120954e-03  lambda=1.000e-06

============================================================
Iteration 47
============================================================
Theta offsets (Unity frame):
  Source   : dSx=   0.000, dSy=   0.000, dSz=   0.000  (mm)
  Object   : dOx= -18.000, dOy=  -8.008, dOz= -24.915  (mm)
  Object offset: offset_x=   0.002, offset_z=   0.001  (mm)
  Detector : dDx=   0.000, dDy=   0.000, dDz=   0.000  (mm)
  Obj Stage rotY :   25.006 deg
============================================================

Unity geometry (world coordinates):
  Source   : x=   5.000, y=  60.000, z=   0.000
  Object   : x=  -0.000, y=  14.992, z= 555.085
  Detector : x=  -8.000, y=  -5.000, z= 800.000
  Obj rotY :   0.0000 deg
view   0 | SOD= 556.930 mm | SDD= 802.742 mm | M= 1.441 | incident=4.7367°
[[ 239.17537    -500.9393      -45.00753   ]
 [-110.78217     218.57353      19.992472  ]
 [   0.13557653    0.06323894    0.        ]
 [   0.            0.            0.1496    ]]
               x1         y1  area1          x2         y2  area2          x3        y3  area3          x4         y4  area4          x5         y5  area5          x6         y6  area6         x7         y7  area7
range  354.104616  11.508668  148.0  318.786442  15.577944  174.0  135.972763  8.882388   57.0  354.003061  28.769814  159.0  318.836992  31.109121  182.0  135.953158  15.518173   52.0  354.02252  45.605689  106.0
FAILURE!!!! Some beads might have been misidentified
               x1         y1  area1        x2         y2  area2          x3        y3  area3          x4         y4  area4         x5         y5  area5          x6         y6  area6          x7         y7  area7
range  354.080107  11.499483  151.0  318.7102  15.564347  176.0  135.922309  8.916306   61.0  354.022893  28.760046  157.0  318.67012  31.135316  180.0  135.921717  15.517145   52.0  354.041085  45.593636  103.0
FAILURE!!!! Some beads might have been misidentified
               x1         y1  area1          x2         y2  area2          x3        y3  area3          x4         y4  area4          x5         y5  area5          x6         y6  area6          x7         y7  area7
range  354.131857  11.447179  148.0  318.846107  15.614555  174.0  135.997866  8.857669   54.0  354.121033  28.729209  162.0  318.847382  31.121735  185.0  135.968099  15.486028   52.0  354.011094  45.645774  107.0
FAILURE!!!! Some beads might have been misidentified
               x1         y1  area1         x2         y2  area2          x3        y3  area3          x4         y4  area4          x5         y5  area5          x6         y6  area6          x7         y7  area7
range  354.052032  11.481931  149.0  318.78411  15.521881  177.0  135.886966  8.944632   60.0  354.067347  28.730388  156.0  318.720149  31.116406  181.0  135.874153  15.451092   55.0  354.019696  45.602433  104.0
FAILURE!!!! Some beads might have been misidentified
               x1         y1  area1          x2         y2  area2          x3        y3  area3          x4         y4  area4          x5         y5  area5          x6         y6  area6         x7        y7  area7
range  354.073126  11.528551  146.0  318.799331  15.623984  174.0  135.981944  8.945347   59.0  354.040666  28.759423  165.0  318.844786  31.035736  184.0  135.944143  15.476613   52.0  353.98987  45.61517  104.0
FAILURE!!!! Some beads might have been misidentified
               x1         y1  area1          x2         y2  area2          x3        y3  area3          x4         y4  area4          x5         y5  area5          x6         y6  area6          x7         y7  area7
range  354.097397  11.508668  149.0  318.786442  15.584517  175.0  135.937743  8.884416   57.0  354.003061  28.769814  157.0  318.823286  31.150014  182.0  135.923349  15.518173   51.0  354.037231  45.580786  106.0
FAILURE!!!! Some beads might have been misidentified
              x1         y1  area1          x2         y2  area2          x3        y3  area3          x4         y4  area4          x5        y5  area5          x6         y6  area6          x7        y7  area7
range  354.09411  11.507756  147.0  318.786442  15.576156  174.0  135.993826  8.882388   55.0  354.015356  28.742976  161.0  318.840263  31.09471  182.0  136.001164  15.516541   51.0  354.008379  45.64474  106.0
FAILURE!!!! Some beads might have been misidentified
               x1         y1  area1          x2         y2  area2          x3        y3  area3          x4         y4  area4          x5         y5  area5          x6         y6  area6         x7         y7  area7
range  354.104616  11.507756  146.0  318.767475  15.664334  175.0  135.972763  8.881254   56.0  354.046939  28.685442  160.0  318.815373  31.123991  183.0  135.953158  15.518173   51.0  354.02252  45.595682  105.0
FAILURE!!!! Some beads might have been misidentified
               x1         y1  area1          x2         y2  area2          x3        y3  area3          x4         y4  area4          x5        y5  area5          x6         y6  area6         x7         y7  area7
range  354.104616  11.530774  148.0  318.786442  15.572388  173.0  135.972763  8.884416   56.0  353.992281  28.762794  159.0  318.823286  31.13786  185.0  135.938898  15.518173   50.0  354.02252  45.627675  100.0
FAILURE!!!! Some beads might have been misidentified
               x1         y1  area1          x2         y2  area2         x3      y3  area3          x4         y4  area4          x5         y5  area5          x6         y6  area6         x7         y7  area7
range  354.082425  11.484607  150.0  318.664452  15.553939  175.0  135.76086  8.9011   56.0  354.015356  28.763723  164.0  318.915881  31.078223  176.0  136.152144  15.464239   50.0  354.02252  45.598372  104.0
FAILURE!!!! Some beads might have been misidentified
               x1         y1  area1          x2         y2  area2       x3        y3  area3          x4         y4  area4          x5         y5  area5          x6         y6  area6          x7         y7  area7
range  354.109082  11.476242  148.0  318.893021  15.621945  177.0  136.125  8.883518   59.0  354.003061  28.725532  155.0  318.730746  31.145053  187.0  135.755215  15.549588   51.0  354.045042  45.641038  106.0
FAILURE!!!! Some beads might have been misidentified
               x1         y1  area1          x2         y2  area2          x3       y3  area3         x4         y4  area4          x5         y5  area5          x6         y6  area6          x7         y7  area7
range  354.323018  11.494985  150.0  318.873019  15.524518  174.0  135.818713  8.90715   57.0  353.95418  28.769814  163.0  318.757626  31.105346  180.0  136.112069  15.459962   53.0  354.211126  45.570313  108.0
FAILURE!!!! Some beads might have been misidentified
               x1         y1  area1          x2         y2  area2          x3        y3  area3          x4         y4  area4          x5         y5  area5          x6         y6  area6          x7         y7  area7
range  353.888946  11.507756  146.0  318.717014  15.607393  175.0  136.081871  8.863693   57.0  354.193324  28.681611  162.0  318.902337  31.134227  183.0  135.838652  15.496846   54.0  353.841054  45.655213  105.0
FAILURE!!!! Some beads might have been misidentified
Residual vector length: 3150, Jacobian shape: (3150, 6)
view   0 | SOD= 556.921 mm | SDD= 802.742 mm | M= 1.441 | incident=4.7367°
[[ 239.17888    -500.9276      -45.006958  ]
 [-110.78923     218.58008      19.993042  ]
 [   0.1355756     0.06324093    0.        ]
 [   0.            0.            0.1496    ]]
               x1         y1  area1          x2         y2  area2          x3        y3  area3          x4         y4  area4          x5         y5  area5          x6         y6  area6         x7        y7  area7
range  354.127343  11.508668  148.0  318.786442  15.589797  174.0  135.972763  8.882388   57.0  354.015356  28.769814  160.0  318.815373  31.109121  182.0  135.968691  15.518173   50.0  354.02252  45.64474  106.0
FAILURE!!!! Some beads might have been misidentified

iter 47 cost=19.593944 -> 19.407988 |dtheta|=9.334084e-03  lambda=1.000e-06

============================================================
Iteration 48
============================================================
Theta offsets (Unity frame):
  Source   : dSx=   0.000, dSy=   0.000, dSz=   0.000  (mm)
  Object   : dOx= -18.000, dOy=  -8.007, dOz= -24.924  (mm)
  Object offset: offset_x=   0.002, offset_z=   0.001  (mm)
  Detector : dDx=   0.000, dDy=   0.000, dDz=   0.000  (mm)
  Obj Stage rotY :   25.007 deg
============================================================

Unity geometry (world coordinates):
  Source   : x=   5.000, y=  60.000, z=   0.000
  Object   : x=  -0.000, y=  14.993, z= 555.076
  Detector : x=  -8.000, y=  -5.000, z= 800.000
  Obj rotY :   0.0000 deg
view   0 | SOD= 556.921 mm | SDD= 802.742 mm | M= 1.441 | incident=4.7367°
[[ 239.17888    -500.9276      -45.006958  ]
 [-110.78923     218.58008      19.993042  ]
 [   0.1355756     0.06324093    0.        ]
 [   0.            0.            0.1496    ]]
               x1         y1  area1          x2         y2  area2          x3        y3  area3          x4         y4  area4          x5         y5  area5          x6         y6  area6         x7        y7  area7
range  354.127343  11.508668  148.0  318.786442  15.589797  174.0  135.972763  8.882388   57.0  354.015356  28.769814  160.0  318.815373  31.109121  182.0  135.968691  15.518173   50.0  354.02252  45.64474  106.0
FAILURE!!!! Some beads might have been misidentified
               x1         y1  area1          x2         y2  area2         x3        y3  area3          x4         y4  area4          x5         y5  area5          x6         y6  area6          x7         y7  area7
range  354.104824  11.499483  151.0  318.732738  15.564347  176.0  135.94421  8.916306   61.0  354.026472  28.760046  157.0  318.737095  31.110676  180.0  136.019813  15.492405   53.0  354.063823  45.571655  102.0
FAILURE!!!! Some beads might have been misidentified
               x1         y1  area1          x2         y2  area2          x3        y3  area3          x4         y4  area4          x5        y5  area5          x6         y6  area6          x7         y7  area7
range  354.146801  11.447179  147.0  318.846107  15.614555  174.0  135.982174  8.857669   56.0  354.121033  28.739649  163.0  318.847382  31.11188  186.0  135.968099  15.491156   52.0  354.011094  45.645774  108.0
FAILURE!!!! Some beads might have been misidentified
               x1         y1  area1         x2         y2  area2          x3        y3  area3          x4       y4  area4          x5         y5  area5          x6         y6  area6          x7         y7  area7
range  354.052032  11.466079  149.0  318.78411  15.521881  177.0  135.886966  8.944632   60.0  354.067347  28.7518  157.0  318.720149  31.108743  181.0  135.874153  15.451092   55.0  354.019696  45.578962  103.0
FAILURE!!!! Some beads might have been misidentified
               x1         y1  area1          x2         y2  area2          x3        y3  area3          x4         y4  area4         x5         y5  area5          x6         y6  area6          x7        y7  area7
range  354.073126  11.532233  146.0  318.799331  15.623984  174.0  135.981944  8.945347   58.0  354.040666  28.759423  165.0  318.86644  31.035736  185.0  135.944143  15.479535   52.0  353.998307  45.61517  104.0
FAILURE!!!! Some beads might have been misidentified
               x1         y1  area1          x2         y2  area2          x3        y3  area3          x4         y4  area4          x5         y5  area5          x6         y6  area6          x7         y7  area7
range  354.127343  11.508668  149.0  318.786442  15.584517  175.0  135.947748  8.884416   57.0  354.003061  28.769814  157.0  318.798374  31.129961  184.0  135.947589  15.518173   51.0  354.037231  45.580786  103.0
FAILURE!!!! Some beads might have been misidentified
               x1         y1  area1          x2         y2  area2          x3        y3  area3          x4         y4  area4          x5        y5  area5          x6         y6  area6          x7        y7  area7
range  354.104616  11.508668  148.0  318.767475  15.595843  174.0  135.972763  8.882388   57.0  354.015356  28.742976  161.0  318.836198  31.09471  182.0  136.001164  15.516541   51.0  354.008379  45.64474  109.0
FAILURE!!!! Some beads might have been misidentified
               x1         y1  area1          x2         y2  area2          x3        y3  area3          x4         y4  area4          x5         y5  area5          x6         y6  area6         x7         y7  area7
range  354.119587  11.507756  146.0  318.786442  15.664334  175.0  135.972763  8.881254   56.0  354.046939  28.685442  161.0  318.840263  31.123991  183.0  136.001164  15.518173   51.0  354.02252  45.593623  101.0
FAILURE!!!! Some beads might have been misidentified
               x1         y1  area1          x2         y2  area2          x3        y3  area3          x4         y4  area4          x5         y5  area5          x6         y6  area6         x7         y7  area7
range  354.127343  11.530774  147.0  318.767475  15.565678  173.0  135.997725  8.884416   56.0  353.992281  28.762794  160.0  318.844218  31.125449  184.0  135.968691  15.518173   50.0  354.02252  45.605689  106.0
FAILURE!!!! Some beads might have been misidentified
               x1         y1  area1          x2         y2  area2         x3        y3  area3          x4         y4  area4          x5         y5  area5          x6         y6  area6         x7         y7  area7
range  354.082425  11.470419  150.0  318.664452  15.553939  175.0  135.76086  8.909884   55.0  354.015356  28.774163  165.0  318.915881  31.105346  176.0  136.152144  15.439426   50.0  354.02252  45.598372  105.0
FAILURE!!!! Some beads might have been misidentified
              x1         y1  area1          x2         y2  area2       x3        y3  area3          x4         y4  area4          x5         y5  area5          x6         y6  area6          x7         y7  area7
range  354.14801  11.476242  147.0  318.893021  15.630494  177.0  136.125  8.883518   59.0  354.003061  28.725532  155.0  318.743846  31.145053  187.0  135.791541  15.549588   51.0  354.045042  45.619057  106.0
FAILURE!!!! Some beads might have been misidentified
               x1         y1  area1          x2         y2  area2          x3       y3  area3         x4         y4  area4          x5        y5  area5          x6         y6  area6          x7        y7  area7
range  354.321702  11.484816  146.0  318.893021  15.550527  174.0  135.818713  8.90715   56.0  353.95418  28.747142  163.0  318.757626  31.11684  182.0  136.112069  15.494313   54.0  354.211126  45.56654  105.0
FAILURE!!!! Some beads might have been misidentified
               x1         y1  area1          x2         y2  area2          x3        y3  area3          x4         y4  area4          x5         y5  area5          x6         y6  area6          x7         y7  area7
range  353.929924  11.508668  147.0  318.717014  15.614161  175.0  136.081871  8.867613   56.0  354.193324  28.711455  157.0  318.902996  31.110538  183.0  135.838652  15.512106   54.0  353.863791  45.678397  108.0
FAILURE!!!! Some beads might have been misidentified
Residual vector length: 3150, Jacobian shape: (3150, 6)
view   0 | SOD= 556.913 mm | SDD= 802.742 mm | M= 1.441 | incident=4.7367°
[[ 239.1778     -500.91974     -45.006527  ]
 [-110.79412     218.5861       19.993473  ]
 [   0.13557526    0.06324165    0.        ]
 [   0.            0.            0.1496    ]]
               x1         y1  area1          x2         y2  area2          x3        y3  area3          x4         y4  area4          x5        y5  area5          x6         y6  area6          x7        y7  area7
range  354.127343  11.508668  148.0  318.786442  15.577944  174.0  135.972763  8.882388   58.0  354.026067  28.745404  160.0  318.862027  31.09471  184.0  136.001164  15.541265   50.0  354.030331  45.64474  102.0
FAILURE!!!! Some beads might have been misidentified

iter 48 cost=19.407988 -> 19.371817 |dtheta|=7.287723e-03  lambda=1.000e-06

============================================================
Iteration 49
============================================================
Theta offsets (Unity frame):
  Source   : dSx=   0.000, dSy=   0.000, dSz=   0.000  (mm)
  Object   : dOx= -18.000, dOy=  -8.007, dOz= -24.932  (mm)
  Object offset: offset_x=   0.003, offset_z=   0.001  (mm)
  Detector : dDx=   0.000, dDy=   0.000, dDz=   0.000  (mm)
  Obj Stage rotY :   25.008 deg
============================================================

Unity geometry (world coordinates):
  Source   : x=   5.000, y=  60.000, z=   0.000
  Object   : x=  -0.000, y=  14.993, z= 555.068
  Detector : x=  -8.000, y=  -5.000, z= 800.000
  Obj rotY :   0.0000 deg
view   0 | SOD= 556.913 mm | SDD= 802.742 mm | M= 1.441 | incident=4.7367°
[[ 239.1778     -500.91974     -45.006527  ]
 [-110.79412     218.5861       19.993473  ]
 [   0.13557526    0.06324165    0.        ]
 [   0.            0.            0.1496    ]]
               x1         y1  area1          x2         y2  area2          x3        y3  area3          x4         y4  area4          x5        y5  area5          x6         y6  area6          x7        y7  area7
range  354.127343  11.508668  148.0  318.786442  15.577944  174.0  135.972763  8.882388   58.0  354.026067  28.745404  160.0  318.862027  31.09471  184.0  136.001164  15.541265   50.0  354.030331  45.64474  102.0
FAILURE!!!! Some beads might have been misidentified
               x1         y1  area1          x2         y2  area2         x3        y3  area3          x4        y4  area4          x5         y5  area5          x6         y6  area6          x7         y7  area7
range  354.036567  11.499483  151.0  318.732738  15.564347  176.0  135.94421  8.916306   61.0  354.026472  28.78146  164.0  318.805509  31.104636  181.0  136.019813  15.492405   54.0  353.987389  45.582094  104.0
FAILURE!!!! Some beads might have been misidentified
               x1         y1  area1          x2         y2  area2          x3        y3  area3          x4         y4  area4          x5        y5  area5          x6         y6  area6          x7         y7  area7
range  354.146801  11.455612  147.0  318.846107  15.614555  174.0  135.982174  8.857669   55.0  354.172614  28.750291  163.0  318.868469  31.11188  186.0  135.975755  15.485965   52.0  354.011094  45.621921  108.0
FAILURE!!!! Some beads might have been misidentified
               x1         y1  area1         x2         y2  area2          x3        y3  area3          x4         y4  area4          x5         y5  area5          x6         y6  area6          x7         y7  area7
range  354.052032  11.481931  148.0  318.78411  15.545145  177.0  135.886966  8.944632   60.0  354.079945  28.730388  156.0  318.796342  31.108743  182.0  135.892556  15.454147   56.0  354.019696  45.591212  102.0
FAILURE!!!! Some beads might have been misidentified
               x1         y1  area1          x2         y2  area2          x3        y3  area3          x4         y4  area4         x5         y5  area5          x6         y6  area6          x7        y7  area7
range  354.073126  11.532233  146.0  318.799331  15.623984  174.0  135.981944  8.945347   59.0  354.040666  28.759423  165.0  318.86644  31.035736  185.0  135.944143  15.504574   51.0  353.998307  45.61517  104.0
FAILURE!!!! Some beads might have been misidentified
               x1         y1  area1          x2         y2  area2          x3        y3  area3          x4         y4  area4          x5         y5  area5          x6         y6  area6         x7         y7  area7
range  354.127343  11.472126  149.0  318.786442  15.584517  175.0  135.928494  8.882388   57.0  354.026067  28.769814  157.0  318.836992  31.129961  184.0  135.947589  15.518173   50.0  354.02252  45.630216  101.0
FAILURE!!!! Some beads might have been misidentified
               x1         y1  area1          x2         y2  area2          x3        y3  area3          x4         y4  area4          x5         y5  area5          x6         y6  area6          x7         y7  area7
range  354.112386  11.507756  148.0  318.786442  15.595843  174.0  135.972763  8.882388   58.0  354.018975  28.728608  161.0  318.882945  31.070088  182.0  136.001164  15.516541   51.0  354.008379  45.667924  109.0
FAILURE!!!! Some beads might have been misidentified
               x1         y1  area1          x2         y2  area2          x3        y3  area3          x4         y4  area4          x5         y5  area5          x6         y6  area6          x7         y7  area7
range  354.119587  11.473394  148.0  318.786442  15.664334  174.0  135.972763  8.882027   56.0  354.026067  28.742348  162.0  318.862027  31.109552  183.0  136.001164  15.541265   51.0  354.030331  45.642773  100.0
FAILURE!!!! Some beads might have been misidentified
               x1         y1  area1          x2         y2  area2          x3        y3  area3          x4         y4  area4          x5        y5  area5          x6         y6  area6          x7         y7  area7
range  354.127343  11.507756  148.0  318.786442  15.572388  173.0  135.949697  8.884416   55.0  354.015356  28.762794  161.0  318.847488  31.11098  184.0  136.001164  15.541265   50.0  354.008379  45.648667  102.0
FAILURE!!!! Some beads might have been misidentified
               x1         y1  area1          x2         y2  area2          x3        y3  area3          x4         y4  area4          x5         y5  area5          x6         y6  area6         x7         y7  area7
range  354.090196  11.484607  150.0  318.664452  15.553939  175.0  135.785575  8.909884   56.0  354.015356  28.784805  165.0  318.956569  31.055861  177.0  136.152144  15.432053   49.0  354.02252  45.599237  106.0
FAILURE!!!! Some beads might have been misidentified
               x1         y1  area1          x2         y2  area2       x3        y3  area3          x4         y4  area4          x5         y5  area5          x6         y6  area6          x7         y7  area7
range  354.127343  11.470488  147.0  318.893021  15.621945  177.0  136.125  8.883518   55.0  354.003061  28.732061  161.0  318.743846  31.121364  187.0  135.791541  15.572692   51.0  354.008379  45.604778  105.0
FAILURE!!!! Some beads might have been misidentified
               x1         y1  area1          x2         y2  area2          x3       y3  area3          x4         y4  area4          x5        y5  area5          x6         y6  area6          x7         y7  area7
range  354.279478  11.471214  147.0  318.893021  15.553939  174.0  135.818713  8.90715   56.0  353.977014  28.712515  163.0  318.757626  31.11684  182.0  136.132971  15.524847   55.0  354.134692  45.619743  103.0
FAILURE!!!! Some beads might have been misidentified
              x1         y1  area1          x2         y2  area2          x3        y3  area3        x4         y4  area4          x5         y5  area5          x6         y6  area6          x7         y7  area7
range  353.90389  11.508668  149.0  318.717014  15.607393  175.0  136.081871  8.875887   57.0  354.2181  28.728608  157.0  318.915881  31.110538  181.0  135.836269  15.513647   53.0  353.863791  45.678397  107.0
FAILURE!!!! Some beads might have been misidentified
Residual vector length: 3150, Jacobian shape: (3150, 6)
view   0 | SOD= 556.901 mm | SDD= 802.742 mm | M= 1.441 | incident=4.7367°
[[ 239.16959    -500.91055     -45.00558   ]
 [-110.79766     218.59758      19.99442   ]
 [   0.13557568    0.06324077    0.        ]
 [   0.            0.            0.1496    ]]
               x1         y1  area1          x2         y2  area2          x3        y3  area3          x4         y4  area4          x5        y5  area5          x6         y6  area6          x7        y7  area7
range  354.105153  11.508668  147.0  318.786442  15.607696  174.0  135.972763  8.882388   54.0  354.015356  28.753096  160.0  318.862027  31.09471  182.0  136.001164  15.516541   50.0  354.008379  45.64474  108.0
FAILURE!!!! Some beads might have been misidentified

iter 49 cost=19.371817 -> 18.567625 |dtheta|=1.122486e-02  lambda=1.000e-06

============================================================
Iteration 50
============================================================
Theta offsets (Unity frame):
  Source   : dSx=   0.000, dSy=   0.000, dSz=   0.000  (mm)
  Object   : dOx= -18.000, dOy=  -8.006, dOz= -24.943  (mm)
  Object offset: offset_x=   0.002, offset_z=  -0.000  (mm)
  Detector : dDx=   0.000, dDy=   0.000, dDz=   0.000  (mm)
  Obj Stage rotY :   25.007 deg
============================================================

Unity geometry (world coordinates):
  Source   : x=   5.000, y=  60.000, z=   0.000
  Object   : x=   0.000, y=  14.994, z= 555.057
  Detector : x=  -8.000, y=  -5.000, z= 800.000
  Obj rotY :   0.0000 deg
view   0 | SOD= 556.901 mm | SDD= 802.742 mm | M= 1.441 | incident=4.7367°
[[ 239.16959    -500.91055     -45.00558   ]
 [-110.79766     218.59758      19.99442   ]
 [   0.13557568    0.06324077    0.        ]
 [   0.            0.            0.1496    ]]
               x1         y1  area1          x2         y2  area2          x3        y3  area3          x4         y4  area4          x5        y5  area5          x6         y6  area6          x7        y7  area7
range  354.105153  11.508668  147.0  318.786442  15.607696  174.0  135.972763  8.882388   54.0  354.015356  28.753096  160.0  318.862027  31.09471  182.0  136.001164  15.516541   50.0  354.008379  45.64474  108.0
FAILURE!!!! Some beads might have been misidentified
               x1         y1  area1          x2         y2  area2          x3        y3  area3          x4         y4  area4          x5         y5  area5          x6         y6  area6         x7         y7  area7
range  354.036567  11.488778  150.0  318.732738  15.564347  175.0  135.952592  8.924428   61.0  354.067288  28.782524  165.0  318.820006  31.104636  181.0  136.035538  15.515571   55.0  353.94385  45.582094  104.0
FAILURE!!!! Some beads might have been misidentified
               x1         y1  area1          x2         y2  area2          x3        y3  area3          x4         y4  area4          x5         y5  area5          x6         y6  area6          x7        y7  area7
range  354.128335  11.455612  147.0  318.847021  15.605463  176.0  135.997866  8.863405   53.0  354.187487  28.739649  162.0  318.912402  31.098045  185.0  135.975755  15.497732   52.0  354.011094  45.63717  107.0
FAILURE!!!! Some beads might have been misidentified
               x1         y1  area1         x2         y2  area2          x3        y3  area3          x4       y4  area4          x5        y5  area5          x6         y6  area6          x7         y7  area7
range  354.052032  11.474233  149.0  318.78411  15.545145  177.0  135.886966  8.935818   58.0  354.079945  28.7518  157.0  318.815998  31.13883  183.0  135.874153  15.498802   56.0  354.011931  45.591212  102.0
FAILURE!!!! Some beads might have been misidentified
               x1         y1  area1          x2         y2  area2          x3        y3  area3          x4         y4  area4         x5        y5  area5          x6         y6  area6          x7        y7  area7
range  354.073126  11.544272  146.0  318.799331  15.648641  174.0  136.003651  8.931988   59.0  354.040666  28.759423  165.0  318.86644  31.05641  185.0  135.923811  15.504574   51.0  353.998307  45.61517  105.0
FAILURE!!!! Some beads might have been misidentified
               x1         y1  area1          x2         y2  area2          x3        y3  area3          x4         y4  area4          x5         y5  area5          x6         y6  area6         x7         y7  area7
range  354.105153  11.492566  148.0  318.786442  15.589797  175.0  135.972763  8.882388   57.0  354.026067  28.769814  157.0  318.840263  31.109121  184.0  135.928918  15.518173   50.0  354.02252  45.630216  101.0
FAILURE!!!! Some beads might have been misidentified
               x1         y1  area1          x2         y2  area2         x3        y3  area3          x4         y4  area4          x5        y5  area5          x6         y6  area6          x7         y7  area7
range  354.127343  11.508668  147.0  318.786442  15.607696  173.0  136.01486  8.882388   57.0  354.018975  28.742976  161.0  318.882945  31.09471  182.0  135.989151  15.516541   50.0  353.987821  45.667924  108.0
FAILURE!!!! Some beads might have been misidentified
               x1         y1  area1          x2         y2  area2          x3        y3  area3          x4         y4  area4          x5         y5  area5          x6         y6  area6          x7         y7  area7
range  354.127343  11.473394  147.0  318.786442  15.641666  173.0  135.993797  8.882027   56.0  354.026067  28.711925  162.0  318.862027  31.109552  183.0  136.001164  15.516541   54.0  354.008379  45.667652  100.0
FAILURE!!!! Some beads might have been misidentified
               x1         y1  area1          x2         y2  area2          x3        y3  area3          x4         y4  area4         x5         y5  area5          x6         y6  area6          x7         y7  area7
range  354.105153  11.461687  148.0  318.786442  15.572388  174.0  135.997725  8.882388   55.0  354.015356  28.762794  160.0  318.86118  31.100686  185.0  136.001164  15.516541   50.0  354.008379  45.634748  104.0
FAILURE!!!! Some beads might have been misidentified
               x1         y1  area1          x2         y2  area2          x3        y3  area3          x4         y4  area4          x5        y5  area5          x6         y6  area6          x7         y7  area7
range  354.105153  11.452548  149.0  318.664452  15.553939  175.0  135.818713  8.900744   57.0  354.057588  28.774163  164.0  318.956569  31.08065  177.0  136.152144  15.432053   52.0  353.976056  45.593419  108.0
FAILURE!!!! Some beads might have been misidentified
               x1         y1  area1          x2         y2  area2          x3        y3  area3          x4         y4  area4          x5         y5  area5          x6         y6  area6          x7         y7  area7
range  354.127343  11.491842  146.0  318.893021  15.599147  175.0  136.141141  8.883518   59.0  354.003061  28.725532  155.0  318.743846  31.121364  187.0  135.791541  15.565333   50.0  354.008379  45.648888  106.0
FAILURE!!!! Some beads might have been misidentified
               x1         y1  area1          x2         y2  area2          x3       y3  area3         x4         y4  area4          x5         y5  area5          x6         y6  area6          x7         y7  area7
range  354.279478  11.471214  147.0  318.883894  15.553939  173.0  135.840691  8.90715   61.0  353.99586  28.704838  163.0  318.757626  31.105346  179.0  136.132971  15.524847   51.0  354.134692  45.619743  106.0
FAILURE!!!! Some beads might have been misidentified
               x1         y1  area1          x2         y2  area2          x3        y3  area3          x4         y4  area4          x5         y5  area5          x6         y6  area6          x7         y7  area7
range  353.885424  11.507756  148.0  318.703668  15.607393  175.0  136.106973  8.863693   56.0  354.258916  28.713132  162.0  318.939625  31.110538  181.0  135.836269  15.513647   54.0  353.820252  45.678397  107.0
FAILURE!!!! Some beads might have been misidentified
Residual vector length: 3150, Jacobian shape: (3150, 6)
view   0 | SOD= 556.890 mm | SDD= 802.742 mm | M= 1.441 | incident=4.7367°
[[ 239.15292    -500.9057      -45.004387  ]
 [-110.797585    218.61055      19.995613  ]
 [   0.13557716    0.06323761    0.        ]
 [   0.            0.            0.1496    ]]
               x1         y1  area1          x2         y2  area2          x3        y3  area3          x4         y4  area4          x5         y5  area5          x6         y6  area6          x7        y7  area7
range  354.105153  11.479007  147.0  318.786442  15.584517  175.0  135.997725  8.881254   54.0  354.015356  28.769814  159.0  318.862027  31.102575  182.0  136.001164  15.516541   50.0  354.008379  45.64474  107.0
FAILURE!!!! Some beads might have been misidentified

iter 50 cost=18.567625 -> 18.464045 |dtheta|=1.132391e-02  lambda=1.000e-06

============================================================
Iteration 51
============================================================
Theta offsets (Unity frame):
  Source   : dSx=   0.000, dSy=   0.000, dSz=   0.000  (mm)
  Object   : dOx= -18.000, dOy=  -8.004, dOz= -24.954  (mm)
  Object offset: offset_x=   0.002, offset_z=  -0.000  (mm)
  Detector : dDx=   0.000, dDy=   0.000, dDz=   0.000  (mm)
  Obj Stage rotY :   25.006 deg
============================================================

Unity geometry (world coordinates):
  Source   : x=   5.000, y=  60.000, z=   0.000
  Object   : x=   0.000, y=  14.996, z= 555.046
  Detector : x=  -8.000, y=  -5.000, z= 800.000
  Obj rotY :   0.0000 deg
view   0 | SOD= 556.890 mm | SDD= 802.742 mm | M= 1.441 | incident=4.7367°
[[ 239.15292    -500.9057      -45.004387  ]
 [-110.797585    218.61055      19.995613  ]
 [   0.13557716    0.06323761    0.        ]
 [   0.            0.            0.1496    ]]
               x1         y1  area1          x2         y2  area2          x3        y3  area3          x4         y4  area4          x5         y5  area5          x6         y6  area6          x7        y7  area7
range  354.105153  11.479007  147.0  318.786442  15.584517  175.0  135.997725  8.881254   54.0  354.015356  28.769814  159.0  318.862027  31.102575  182.0  136.001164  15.516541   50.0  354.008379  45.64474  107.0
FAILURE!!!! Some beads might have been misidentified
               x1         y1  area1          x2         y2  area2          x3        y3  area3          x4        y4  area4          x5         y5  area5          x6         y6  area6         x7         y7  area7
range  354.036567  11.488778  150.0  318.732738  15.564347  174.0  135.952592  8.924428   61.0  354.115236  28.79741  165.0  318.820006  31.107052  180.0  136.035538  15.515571   55.0  353.94385  45.582094  105.0
FAILURE!!!! Some beads might have been misidentified
               x1         y1  area1          x2         y2  area2         x3        y3  area3         x4         y4  area4          x5         y5  area5          x6         y6  area6          x7         y7  area7
range  354.128335  11.473738  146.0  318.847021  15.623988  175.0  135.98265  8.863405   59.0  354.19146  28.754826  162.0  318.925894  31.098045  182.0  135.975755  15.497732   51.0  354.011094  45.691063  107.0
FAILURE!!!! Some beads might have been misidentified
               x1         y1  area1          x2         y2  area2          x3        y3  area3          x4       y4  area4          x5        y5  area5          x6         y6  area6          x7         y7  area7
range  354.052032  11.462679  149.0  318.803676  15.532068  177.0  135.919126  8.951208   57.0  354.079945  28.7518  157.0  318.837846  31.13883  183.0  135.874153  15.498802   55.0  354.011931  45.591212  101.0
FAILURE!!!! Some beads might have been misidentified
               x1         y1  area1          x2         y2  area2          x3        y3  area3          x4         y4  area4         x5         y5  area5          x6         y6  area6          x7         y7  area7
range  354.073126  11.554249  151.0  318.805578  15.633085  174.0  136.003651  8.921483   59.0  354.061602  28.759423  166.0  318.86644  31.043274  179.0  135.923811  15.521746   51.0  353.998307  45.619371  110.0
FAILURE!!!! Some beads might have been misidentified
               x1       y1  area1          x2         y2  area2          x3        y3  area3          x4         y4  area4          x5         y5  area5          x6         y6  area6          x7         y7  area7
range  354.105153  11.4956  148.0  318.763114  15.584517  175.0  135.997725  8.884416   57.0  354.026067  28.769814  157.0  318.862027  31.116974  184.0  135.928918  15.541265   50.0  354.000628  45.630216  102.0
FAILURE!!!! Some beads might have been misidentified
               x1         y1  area1          x2         y2  area2          x3        y3  area3          x4         y4  area4          x5         y5  area5          x6         y6  area6          x7         y7  area7
range  354.127343  11.501015  146.0  318.786442  15.607696  174.0  136.039912  8.881254   55.0  354.039509  28.742976  161.0  318.882945  31.124303  181.0  135.986901  15.516541   50.0  353.987821  45.667924  108.0
FAILURE!!!! Some beads might have been misidentified
               x1         y1  area1          x2         y2  area2          x3        y3  area3          x4         y4  area4          x5         y5  area5          x6         y6  area6          x7         y7  area7
range  354.105153  11.473394  146.0  318.763114  15.641666  173.0  135.984466  8.882027   55.0  354.026067  28.711925  161.0  318.862027  31.115537  183.0  136.001164  15.516541   51.0  354.008379  45.643289  100.0
FAILURE!!!! Some beads might have been misidentified
               x1       y1  area1          x2        y2  area2          x3        y3  area3          x4         y4  area4          x5         y5  area5          x6         y6  area6          x7         y7  area7
range  354.105153  11.4455  148.0  318.786442  15.55252  173.0  135.997725  8.884416   54.0  354.015356  28.762794  161.0  318.882945  31.064599  179.0  136.001164  15.516541   52.0  354.008379  45.657982  110.0
FAILURE!!!! Some beads might have been misidentified
               x1         y1  area1          x2         y2  area2          x3        y3  area3          x4         y4  area4          x5        y5  area5          x6         y6  area6          x7         y7  area7
range  354.087126  11.481902  149.0  318.651105  15.553939  175.0  135.803313  8.895353   58.0  354.078523  28.778608  163.0  318.956569  31.08065  177.0  136.152144  15.432053   52.0  353.976056  45.599237  108.0
FAILURE!!!! Some beads might have been misidentified
               x1         y1  area1          x2         y2  area2         x3        y3  area3          x4         y4  area4          x5         y5  area5          x6         y6  area6          x7        y7  area7
range  354.127343  11.480614  146.0  318.906326  15.583929  175.0  136.14362  8.882388   58.0  354.026067  28.773628  163.0  318.743846  31.134227  183.0  135.803361  15.565333   52.0  353.987821  45.67392  107.0
FAILURE!!!! Some beads might have been misidentified
               x1         y1  area1          x2         y2  area2          x3       y3  area3         x4         y4  area4          x5         y5  area5          x6         y6  area6          x7         y7  area7
range  354.279478  11.471214  148.0  318.883894  15.548652  175.0  135.840691  8.90715   61.0  353.99586  28.769814  163.0  318.761249  31.105346  179.0  136.132971  15.502238   54.0  354.134692  45.619743  105.0
FAILURE!!!! Some beads might have been misidentified
               x1         y1  area1          x2         y2  area2          x3        y3  area3          x4         y4  area4          x5         y5  area5          x6         y6  area6          x7         y7  area7
range  353.885424  11.524489  146.0  318.743591  15.607393  175.0  136.102341  8.863693   56.0  354.310442  28.742976  157.0  318.939625  31.110538  181.0  135.851859  15.513647   55.0  353.820252  45.678397  109.0
FAILURE!!!! Some beads might have been misidentified
Residual vector length: 3150, Jacobian shape: (3150, 6)
view   0 | SOD= 556.884 mm | SDD= 802.742 mm | M= 1.441 | incident=4.7367°
[[ 239.13576    -500.90775     -45.004154  ]
 [-110.79347     218.61885      19.995846  ]
 [   0.13557902    0.06323361    0.        ]
 [   0.            0.            0.1496    ]]
               x1         y1  area1          x2         y2  area2          x3        y3  area3          x4         y4  area4          x5         y5  area5          x6         y6  area6          x7         y7  area7
range  354.105153  11.524489  147.0  318.786442  15.584517  175.0  136.018759  8.881254   54.0  354.039509  28.742976  159.0  318.882945  31.102575  182.0  135.989151  15.516541   52.0  354.008379  45.667924  107.0
FAILURE!!!! Some beads might have been misidentified

iter 51 cost=18.464045 -> 18.089447 |dtheta|=5.492992e-03  lambda=1.000e-06

============================================================
Iteration 52
============================================================
Theta offsets (Unity frame):
  Source   : dSx=   0.000, dSy=   0.000, dSz=   0.000  (mm)
  Object   : dOx= -18.000, dOy=  -8.004, dOz= -24.959  (mm)
  Object offset: offset_x=   0.002, offset_z=  -0.001  (mm)
  Detector : dDx=   0.000, dDy=   0.000, dDz=   0.000  (mm)
  Obj Stage rotY :   25.004 deg
============================================================

Unity geometry (world coordinates):
  Source   : x=   5.000, y=  60.000, z=   0.000
  Object   : x=   0.000, y=  14.996, z= 555.041
  Detector : x=  -8.000, y=  -5.000, z= 800.000
  Obj rotY :   0.0000 deg
view   0 | SOD= 556.884 mm | SDD= 802.742 mm | M= 1.441 | incident=4.7367°
[[ 239.13576    -500.90775     -45.004154  ]
 [-110.79347     218.61885      19.995846  ]
 [   0.13557902    0.06323361    0.        ]
 [   0.            0.            0.1496    ]]
               x1         y1  area1          x2         y2  area2          x3        y3  area3          x4         y4  area4          x5         y5  area5          x6         y6  area6          x7         y7  area7
range  354.105153  11.524489  147.0  318.786442  15.584517  175.0  136.018759  8.881254   54.0  354.039509  28.742976  159.0  318.882945  31.102575  182.0  135.989151  15.516541   52.0  354.008379  45.667924  107.0
FAILURE!!!! Some beads might have been misidentified
               x1         y1  area1          x2         y2  area2          x3        y3  area3          x4         y4  area4          x5         y5  area5          x6         y6  area6         x7         y7  area7
range  354.036567  11.509207  150.0  318.732738  15.564347  174.0  135.999715  8.924428   61.0  354.115236  28.782524  165.0  318.820006  31.107052  180.0  135.979313  15.515571   55.0  353.94385  45.582094  106.0
FAILURE!!!! Some beads might have been misidentified
               x1         y1  area1          x2         y2  area2          x3        y3  area3          x4         y4  area4          x5         y5  area5          x6        y6  area6          x7         y7  area7
range  354.128335  11.473738  146.0  318.847021  15.575286  176.0  135.998054  8.872467   58.0  354.201621  28.729755  162.0  318.925894  31.086551  180.0  135.975755  15.45403   51.0  354.011094  45.691063  110.0
FAILURE!!!! Some beads might have been misidentified
               x1        y1  area1          x2         y2  area2          x3        y3  area3          x4         y4  area4          x5         y5  area5          x6         y6  area6          x7         y7  area7
range  354.052032  11.49603  149.0  318.803676  15.532068  177.0  135.926873  8.974807   59.0  354.102655  28.737239  157.0  318.822108  31.135573  183.0  135.874153  15.498307   56.0  354.011931  45.576821   99.0
FAILURE!!!! Some beads might have been misidentified
               x1         y1  area1          x2         y2  area2          x3        y3  area3          x4         y4  area4         x5         y5  area5          x6         y6  area6          x7         y7  area7
range  354.073126  11.569809  150.0  318.805578  15.633085  174.0  136.003651  8.921483   59.0  354.078353  28.763758  165.0  318.86644  31.043274  179.0  135.923811  15.526616   53.0  353.998307  45.604865  109.0
FAILURE!!!! Some beads might have been misidentified
               x1         y1  area1          x2         y2  area2          x3        y3  area3          x4         y4  area4          x5         y5  area5          x6         y6  area6          x7         y7  area7
range  354.105153  11.471214  147.0  318.763114  15.584517  175.0  135.997725  8.884416   54.0  354.026067  28.754338  162.0  318.848393  31.125197  184.0  135.951964  15.541265   51.0  354.000628  45.655213  103.0
FAILURE!!!! Some beads might have been misidentified
               x1         y1  area1          x2         y2  area2          x3        y3  area3          x4         y4  area4          x5         y5  area5          x6         y6  area6          x7         y7  area7
range  354.105153  11.501015  147.0  318.767475  15.577944  173.0  136.039912  8.881254   55.0  354.070006  28.742976  161.0  318.882945  31.064491  181.0  135.986901  15.491717   51.0  353.987821  45.667924  111.0
FAILURE!!!! Some beads might have been misidentified
               x1         y1  area1          x2         y2  area2          x3        y3  area3          x4         y4  area4          x5         y5  area5          x6         y6  area6          x7         y7  area7
range  354.105153  11.452837  146.0  318.763114  15.641666  173.0  135.984466  8.882027   55.0  354.026067  28.712517  161.0  318.862027  31.115537  183.0  135.964927  15.516541   51.0  354.008379  45.655238  103.0
FAILURE!!!! Some beads might have been misidentified
               x1         y1  area1          x2         y2  area2          x3        y3  area3          x4         y4  area4          x5         y5  area5          x6         y6  area6          x7         y7  area7
range  354.105153  11.457845  147.0  318.767475  15.572388  173.0  136.039912  8.884416   54.0  354.057588  28.762794  161.0  318.882945  31.121364  184.0  135.964927  15.497177   51.0  353.987821  45.675962  107.0
FAILURE!!!! Some beads might have been misidentified
               x1         y1  area1          x2         y2  area2          x3        y3  area3          x4         y4  area4          x5        y5  area5          x6         y6  area6          x7         y7  area7
range  354.105153  11.478587  149.0  318.651105  15.553939  176.0  135.818713  8.886213   58.0  354.099057  28.763225  163.0  318.976065  31.04429  177.0  136.152144  15.407159   52.0  353.976056  45.599237  107.0
FAILURE!!!! Some beads might have been misidentified
               x1         y1  area1          x2         y2  area2         x3        y3  area3          x4         y4  area4          x5         y5  area5          x6         y6  area6          x7        y7  area7
range  354.127343  11.504358  146.0  318.906326  15.599147  174.0  136.14362  8.882388   58.0  354.015356  28.749054  163.0  318.743846  31.134227  183.0  135.803361  15.565333   52.0  353.987821  45.67392  107.0
FAILURE!!!! Some beads might have been misidentified
               x1         y1  area1          x2         y2  area2          x3       y3  area3         x4         y4  area4          x5         y5  area5          x6         y6  area6          x7        y7  area7
range  354.279478  11.471214  148.0  318.863915  15.553939  174.0  135.840691  8.90715   61.0  353.99586  28.784182  162.0  318.761249  31.124466  180.0  136.119429  15.502238   54.0  354.134692  45.61597  104.0
FAILURE!!!! Some beads might have been misidentified
               x1        y1  area1          x2         y2  area2          x3        y3  area3          x4         y4  area4          x5         y5  area5          x6         y6  area6          x7         y7  area7
range  353.885424  11.51604  146.0  318.743591  15.607393  175.0  136.127442  8.863693   56.0  354.314415  28.742976  155.0  318.939625  31.134227  183.0  135.851859  15.513647   55.0  353.820252  45.667924  104.0
FAILURE!!!! Some beads might have been misidentified
Residual vector length: 3150, Jacobian shape: (3150, 6)
view   0 | SOD= 556.879 mm | SDD= 802.742 mm | M= 1.442 | incident=4.7367°
[[ 239.13004    -500.905       -45.00346   ]
 [-110.79387     218.62419      19.99654   ]
 [   0.13557948    0.0632326     0.        ]
 [   0.            0.            0.1496    ]]
               x1         y1  area1          x2         y2  area2          x3        y3  area3          x4         y4  area4          x5         y5  area5          x6         y6  area6          x7         y7  area7
range  354.105153  11.502481  147.0  318.786442  15.584517  175.0  136.018759  8.883282   53.0  354.039509  28.767464  159.0  318.882945  31.113686  182.0  135.989151  15.516541   52.0  354.008379  45.667924  107.0
FAILURE!!!! Some beads might have been misidentified

iter 52 cost=18.089447 -> 18.087863 |dtheta|=4.945455e-03  lambda=1.000e-06

============================================================
Iteration 53
============================================================
Theta offsets (Unity frame):
  Source   : dSx=   0.000, dSy=   0.000, dSz=   0.000  (mm)
  Object   : dOx= -18.000, dOy=  -8.003, dOz= -24.964  (mm)
  Object offset: offset_x=   0.002, offset_z=  -0.001  (mm)
  Detector : dDx=   0.000, dDy=   0.000, dDz=   0.000  (mm)
  Obj Stage rotY :   25.004 deg
============================================================

Unity geometry (world coordinates):
  Source   : x=   5.000, y=  60.000, z=   0.000
  Object   : x=   0.000, y=  14.997, z= 555.036
  Detector : x=  -8.000, y=  -5.000, z= 800.000
  Obj rotY :   0.0000 deg
view   0 | SOD= 556.879 mm | SDD= 802.742 mm | M= 1.442 | incident=4.7367°
[[ 239.13004    -500.905       -45.00346   ]
 [-110.79387     218.62419      19.99654   ]
 [   0.13557948    0.0632326     0.        ]
 [   0.            0.            0.1496    ]]
               x1         y1  area1          x2         y2  area2          x3        y3  area3          x4         y4  area4          x5         y5  area5          x6         y6  area6          x7         y7  area7
range  354.105153  11.502481  147.0  318.786442  15.584517  175.0  136.018759  8.883282   53.0  354.039509  28.767464  159.0  318.882945  31.113686  182.0  135.989151  15.516541   52.0  354.008379  45.667924  107.0
FAILURE!!!! Some beads might have been misidentified
               x1         y1  area1          x2         y2  area2          x3        y3  area3          x4        y4  area4         x5         y5  area5          x6        y6  area6         x7         y7  area7
range  354.055955  11.490722  150.0  318.732738  15.564347  174.0  135.952719  8.924428   61.0  354.115236  28.79741  165.0  318.83727  31.107052  180.0  135.902927  15.50381   53.0  353.94385  45.582094  105.0
FAILURE!!!! Some beads might have been misidentified
               x1         y1  area1          x2         y2  area2          x3        y3  area3         x4         y4  area4          x5         y5  area5          x6        y6  area6          x7         y7  area7
range  354.128335  11.473738  146.0  318.852967  15.575286  175.0  135.998054  8.872467   58.0  354.19146  28.763162  159.0  318.925894  31.086551  180.0  135.975755  15.45403   54.0  354.011094  45.685245  109.0
FAILURE!!!! Some beads might have been misidentified
              x1         y1  area1          x2         y2  area2          x3        y3  area3          x4         y4  area4          x5         y5  area5          x6         y6  area6          x7         y7  area7
range  354.07332  11.478474  149.0  318.817002  15.555245  177.0  135.926873  8.974807   57.0  354.102655  28.737239  157.0  318.831337  31.124563  182.0  135.874153  15.498307   56.0  354.091997  45.560592  100.0
FAILURE!!!! Some beads might have been misidentified
               x1         y1  area1          x2         y2  area2          x3        y3  area3         x4         y4  area4         x5         y5  area5          x6         y6  area6          x7         y7  area7
range  354.073126  11.498693  150.0  318.758493  15.610629  174.0  136.003651  8.921483   59.0  354.10041  28.763758  166.0  318.86644  31.062486  179.0  135.923811  15.537682   52.0  353.998307  45.619371  109.0
FAILURE!!!! Some beads might have been misidentified
               x1       y1  area1          x2         y2  area2          x3        y3  area3          x4         y4  area4          x5         y5  area5          x6         y6  area6          x7         y7  area7
range  354.087126  11.4956  147.0  318.772279  15.584517  175.0  135.997725  8.883282   53.0  354.026067  28.784182  156.0  318.848393  31.159645  184.0  135.951964  15.541265   53.0  354.000628  45.655213  103.0
FAILURE!!!! Some beads might have been misidentified
               x1         y1  area1          x2         y2  area2          x3        y3  area3          x4         y4  area4          x5         y5  area5          x6         y6  area6          x7         y7  area7
range  354.105153  11.502481  147.0  318.767475  15.584517  175.0  136.039912  8.881254   54.0  354.057588  28.742976  161.0  318.882945  31.064491  181.0  135.986901  15.491717   52.0  353.987821  45.667924  111.0
FAILURE!!!! Some beads might have been misidentified
               x1         y1  area1          x2        y2  area2          x3        y3  area3          x4         y4  area4          x5         y5  area5          x6         y6  area6          x7         y7  area7
range  354.105153  11.452837  146.0  318.763114  15.62223  174.0  135.984466  8.902286   57.0  354.050192  28.712517  161.0  318.862027  31.115537  183.0  136.001164  15.516541   51.0  354.008379  45.655238  102.0
FAILURE!!!! Some beads might have been misidentified
               x1         y1  area1          x2         y2  area2          x3        y3  area3          x4         y4  area4          x5         y5  area5          x6         y6  area6          x7         y7  area7
range  354.105153  11.457845  148.0  318.786442  15.572388  173.0  136.018878  8.884416   54.0  354.057588  28.762794  161.0  318.882945  31.121364  184.0  135.989151  15.497177   51.0  353.987821  45.675962  105.0
FAILURE!!!! Some beads might have been misidentified
               x1         y1  area1          x2         y2  area2          x3        y3  area3          x4         y4  area4          x5         y5  area5          x6         y6  area6          x7         y7  area7
range  354.087126  11.460101  149.0  318.648839  15.575299  175.0  135.818713  8.895353   58.0  354.095274  28.762465  161.0  318.976065  31.092393  182.0  136.152144  15.407159   52.0  354.000628  45.593419  106.0
FAILURE!!!! Some beads might have been misidentified
               x1         y1  area1          x2         y2  area2          x3        y3  area3          x4         y4  area4          x5         y5  area5          x6         y6  area6          x7        y7  area7
range  354.127602  11.504358  145.0  318.906326  15.568464  174.0  136.152002  8.882388   58.0  354.026067  28.798107  163.0  318.743846  31.134227  183.0  135.791541  15.565333   52.0  353.987821  45.67392  107.0
FAILURE!!!! Some beads might have been misidentified
               x1         y1  area1          x2        y2  area2          x3       y3  area3          x4         y4  area4          x5         y5  area5          x6         y6  area6          x7        y7  area7
range  354.279478  11.481816  148.0  318.897199  15.56062  176.0  135.840691  8.90715   65.0  353.992281  28.784182  162.0  318.761249  31.124466  180.0  136.132971  15.494914   53.0  354.134692  45.61597  105.0
FAILURE!!!! Some beads might have been misidentified
               x1       y1  area1         x2         y2  area2          x3        y3  area3          x4         y4  area4          x5         y5  area5          x6         y6  area6          x7         y7  area7
range  353.904812  11.4956  144.0  318.74452  15.611921  176.0  136.127442  8.863693   60.0  354.310442  28.742976  155.0  318.939625  31.110538  183.0  135.851859  15.513647   55.0  353.820252  45.678397  104.0
FAILURE!!!! Some beads might have been misidentified
Residual vector length: 3150, Jacobian shape: (3150, 6)
view   0 | SOD= 556.877 mm | SDD= 802.742 mm | M= 1.442 | incident=4.7367°
[[ 239.13063    -500.9029      -45.003323  ]
 [-110.79483     218.62553      19.996677  ]
 [   0.13557935    0.0632329     0.        ]
 [   0.            0.            0.1496    ]]
               x1         y1  area1          x2         y2  area2          x3        y3  area3          x4         y4  area4          x5         y5  area5          x6         y6  area6          x7         y7  area7
range  354.105153  11.502481  147.0  318.786442  15.584517  175.0  135.997725  8.883282   54.0  354.050192  28.767464  159.0  318.882945  31.113686  182.0  135.989151  15.516541   51.0  354.008379  45.667924  107.0
FAILURE!!!! Some beads might have been misidentified

iter 53 cost=18.087863 -> 18.122369 |dtheta|=1.624089e-03  lambda=1.000e-06

============================================================
Iteration 54
============================================================
Theta offsets (Unity frame):
  Source   : dSx=   0.000, dSy=   0.000, dSz=   0.000  (mm)
  Object   : dOx= -18.000, dOy=  -8.003, dOz= -24.964  (mm)
  Object offset: offset_x=   0.002, offset_z=  -0.001  (mm)
  Detector : dDx=   0.000, dDy=   0.000, dDz=   0.000  (mm)
  Obj Stage rotY :   25.004 deg
============================================================

Unity geometry (world coordinates):
  Source   : x=   5.000, y=  60.000, z=   0.000
  Object   : x=   0.000, y=  14.997, z= 555.036
  Detector : x=  -8.000, y=  -5.000, z= 800.000
  Obj rotY :   0.0000 deg
view   0 | SOD= 556.879 mm | SDD= 802.742 mm | M= 1.442 | incident=4.7367°
[[ 239.13004    -500.905       -45.00346   ]
 [-110.79387     218.62419      19.99654   ]
 [   0.13557948    0.0632326     0.        ]
 [   0.            0.            0.1496    ]]
               x1         y1  area1          x2         y2  area2          x3        y3  area3          x4         y4  area4          x5         y5  area5          x6         y6  area6          x7         y7  area7
range  354.105153  11.502481  147.0  318.786442  15.584517  175.0  136.018759  8.883282   53.0  354.039509  28.767464  159.0  318.882945  31.113686  182.0  135.989151  15.516541   52.0  354.008379  45.667924  107.0
FAILURE!!!! Some beads might have been misidentified
               x1         y1  area1          x2         y2  area2          x3        y3  area3          x4        y4  area4         x5         y5  area5          x6        y6  area6         x7         y7  area7
range  354.055955  11.490722  150.0  318.732738  15.564347  174.0  135.952719  8.924428   61.0  354.115236  28.79741  165.0  318.83727  31.107052  180.0  135.902927  15.50381   53.0  353.94385  45.582094  105.0
FAILURE!!!! Some beads might have been misidentified
               x1         y1  area1          x2         y2  area2          x3        y3  area3         x4         y4  area4          x5         y5  area5          x6        y6  area6          x7         y7  area7
range  354.128335  11.473738  146.0  318.852967  15.575286  175.0  135.998054  8.872467   58.0  354.19146  28.763162  159.0  318.925894  31.086551  180.0  135.975755  15.45403   54.0  354.011094  45.685245  109.0
FAILURE!!!! Some beads might have been misidentified
              x1         y1  area1          x2         y2  area2          x3        y3  area3          x4         y4  area4          x5         y5  area5          x6         y6  area6          x7         y7  area7
range  354.07332  11.478474  149.0  318.817002  15.555245  177.0  135.926873  8.974807   57.0  354.102655  28.737239  157.0  318.831337  31.124563  182.0  135.874153  15.498307   56.0  354.091997  45.560592  100.0
FAILURE!!!! Some beads might have been misidentified
               x1         y1  area1          x2         y2  area2          x3        y3  area3         x4         y4  area4         x5         y5  area5          x6         y6  area6          x7         y7  area7
range  354.073126  11.498693  150.0  318.758493  15.610629  174.0  136.003651  8.921483   59.0  354.10041  28.763758  166.0  318.86644  31.062486  179.0  135.923811  15.537682   52.0  353.998307  45.619371  109.0
FAILURE!!!! Some beads might have been misidentified
               x1       y1  area1          x2         y2  area2          x3        y3  area3          x4         y4  area4          x5         y5  area5          x6         y6  area6          x7         y7  area7
range  354.087126  11.4956  147.0  318.772279  15.584517  175.0  135.997725  8.883282   53.0  354.026067  28.784182  156.0  318.848393  31.159645  184.0  135.951964  15.541265   53.0  354.000628  45.655213  103.0
FAILURE!!!! Some beads might have been misidentified
               x1         y1  area1          x2         y2  area2          x3        y3  area3          x4         y4  area4          x5         y5  area5          x6         y6  area6          x7         y7  area7
range  354.105153  11.502481  147.0  318.767475  15.584517  175.0  136.039912  8.881254   54.0  354.057588  28.742976  161.0  318.882945  31.064491  181.0  135.986901  15.491717   52.0  353.987821  45.667924  111.0
FAILURE!!!! Some beads might have been misidentified
               x1         y1  area1          x2        y2  area2          x3        y3  area3          x4         y4  area4          x5         y5  area5          x6         y6  area6          x7         y7  area7
range  354.105153  11.452837  146.0  318.763114  15.62223  174.0  135.984466  8.902286   57.0  354.050192  28.712517  161.0  318.862027  31.115537  183.0  136.001164  15.516541   51.0  354.008379  45.655238  102.0
FAILURE!!!! Some beads might have been misidentified
               x1         y1  area1          x2         y2  area2          x3        y3  area3          x4         y4  area4          x5         y5  area5          x6         y6  area6          x7         y7  area7
range  354.105153  11.457845  148.0  318.786442  15.572388  173.0  136.018878  8.884416   54.0  354.057588  28.762794  161.0  318.882945  31.121364  184.0  135.989151  15.497177   51.0  353.987821  45.675962  105.0
FAILURE!!!! Some beads might have been misidentified
               x1         y1  area1          x2         y2  area2          x3        y3  area3          x4         y4  area4          x5         y5  area5          x6         y6  area6          x7         y7  area7
range  354.087126  11.460101  149.0  318.648839  15.575299  175.0  135.818713  8.895353   58.0  354.095274  28.762465  161.0  318.976065  31.092393  182.0  136.152144  15.407159   52.0  354.000628  45.593419  106.0
FAILURE!!!! Some beads might have been misidentified
               x1         y1  area1          x2         y2  area2          x3        y3  area3          x4         y4  area4          x5         y5  area5          x6         y6  area6          x7        y7  area7
range  354.127602  11.504358  145.0  318.906326  15.568464  174.0  136.152002  8.882388   58.0  354.026067  28.798107  163.0  318.743846  31.134227  183.0  135.791541  15.565333   52.0  353.987821  45.67392  107.0
FAILURE!!!! Some beads might have been misidentified
               x1         y1  area1          x2        y2  area2          x3       y3  area3          x4         y4  area4          x5         y5  area5          x6         y6  area6          x7        y7  area7
range  354.279478  11.481816  148.0  318.897199  15.56062  176.0  135.840691  8.90715   65.0  353.992281  28.784182  162.0  318.761249  31.124466  180.0  136.132971  15.494914   53.0  354.134692  45.61597  105.0
FAILURE!!!! Some beads might have been misidentified
               x1       y1  area1         x2         y2  area2          x3        y3  area3          x4         y4  area4          x5         y5  area5          x6         y6  area6          x7         y7  area7
range  353.904812  11.4956  144.0  318.74452  15.611921  176.0  136.127442  8.863693   60.0  354.310442  28.742976  155.0  318.939625  31.110538  183.0  135.851859  15.513647   55.0  353.820252  45.678397  104.0
FAILURE!!!! Some beads might have been misidentified
Residual vector length: 3150, Jacobian shape: (3150, 6)
view   0 | SOD= 556.877 mm | SDD= 802.742 mm | M= 1.442 | incident=4.7367°
[[ 239.13063    -500.9029      -45.003323  ]
 [-110.79483     218.62553      19.996677  ]
 [   0.13557935    0.0632329     0.        ]
 [   0.            0.            0.1496    ]]
               x1         y1  area1          x2         y2  area2          x3        y3  area3          x4         y4  area4          x5         y5  area5          x6         y6  area6          x7         y7  area7
range  354.105153  11.502481  147.0  318.786442  15.584517  175.0  135.997725  8.883282   54.0  354.050192  28.767464  159.0  318.882945  31.113686  182.0  135.989151  15.516541   51.0  354.008379  45.667924  107.0
FAILURE!!!! Some beads might have been misidentified

iter 54 cost=18.087863 -> 18.122369 |dtheta|=1.624089e-03  lambda=5.000e-06

============================================================
Iteration 55
============================================================
Theta offsets (Unity frame):
  Source   : dSx=   0.000, dSy=   0.000, dSz=   0.000  (mm)
  Object   : dOx= -18.000, dOy=  -8.003, dOz= -24.964  (mm)
  Object offset: offset_x=   0.002, offset_z=  -0.001  (mm)
  Detector : dDx=   0.000, dDy=   0.000, dDz=   0.000  (mm)
  Obj Stage rotY :   25.004 deg
============================================================

Unity geometry (world coordinates):
  Source   : x=   5.000, y=  60.000, z=   0.000
  Object   : x=   0.000, y=  14.997, z= 555.036
  Detector : x=  -8.000, y=  -5.000, z= 800.000
  Obj rotY :   0.0000 deg
view   0 | SOD= 556.879 mm | SDD= 802.742 mm | M= 1.442 | incident=4.7367°
[[ 239.13004    -500.905       -45.00346   ]
 [-110.79387     218.62419      19.99654   ]
 [   0.13557948    0.0632326     0.        ]
 [   0.            0.            0.1496    ]]
               x1         y1  area1          x2         y2  area2          x3        y3  area3          x4         y4  area4          x5         y5  area5          x6         y6  area6          x7         y7  area7
range  354.105153  11.502481  147.0  318.786442  15.584517  175.0  136.018759  8.883282   53.0  354.039509  28.767464  159.0  318.882945  31.113686  182.0  135.989151  15.516541   52.0  354.008379  45.667924  107.0
FAILURE!!!! Some beads might have been misidentified
               x1         y1  area1          x2         y2  area2          x3        y3  area3          x4        y4  area4         x5         y5  area5          x6        y6  area6         x7         y7  area7
range  354.055955  11.490722  150.0  318.732738  15.564347  174.0  135.952719  8.924428   61.0  354.115236  28.79741  165.0  318.83727  31.107052  180.0  135.902927  15.50381   53.0  353.94385  45.582094  105.0
FAILURE!!!! Some beads might have been misidentified
               x1         y1  area1          x2         y2  area2          x3        y3  area3         x4         y4  area4          x5         y5  area5          x6        y6  area6          x7         y7  area7
range  354.128335  11.473738  146.0  318.852967  15.575286  175.0  135.998054  8.872467   58.0  354.19146  28.763162  159.0  318.925894  31.086551  180.0  135.975755  15.45403   54.0  354.011094  45.685245  109.0
FAILURE!!!! Some beads might have been misidentified
              x1         y1  area1          x2         y2  area2          x3        y3  area3          x4         y4  area4          x5         y5  area5          x6         y6  area6          x7         y7  area7
range  354.07332  11.478474  149.0  318.817002  15.555245  177.0  135.926873  8.974807   57.0  354.102655  28.737239  157.0  318.831337  31.124563  182.0  135.874153  15.498307   56.0  354.091997  45.560592  100.0
FAILURE!!!! Some beads might have been misidentified
               x1         y1  area1          x2         y2  area2          x3        y3  area3         x4         y4  area4         x5         y5  area5          x6         y6  area6          x7         y7  area7
range  354.073126  11.498693  150.0  318.758493  15.610629  174.0  136.003651  8.921483   59.0  354.10041  28.763758  166.0  318.86644  31.062486  179.0  135.923811  15.537682   52.0  353.998307  45.619371  109.0
FAILURE!!!! Some beads might have been misidentified
               x1       y1  area1          x2         y2  area2          x3        y3  area3          x4         y4  area4          x5         y5  area5          x6         y6  area6          x7         y7  area7
range  354.087126  11.4956  147.0  318.772279  15.584517  175.0  135.997725  8.883282   53.0  354.026067  28.784182  156.0  318.848393  31.159645  184.0  135.951964  15.541265   53.0  354.000628  45.655213  103.0
FAILURE!!!! Some beads might have been misidentified
               x1         y1  area1          x2         y2  area2          x3        y3  area3          x4         y4  area4          x5         y5  area5          x6         y6  area6          x7         y7  area7
range  354.105153  11.502481  147.0  318.767475  15.584517  175.0  136.039912  8.881254   54.0  354.057588  28.742976  161.0  318.882945  31.064491  181.0  135.986901  15.491717   52.0  353.987821  45.667924  111.0
FAILURE!!!! Some beads might have been misidentified
               x1         y1  area1          x2        y2  area2          x3        y3  area3          x4         y4  area4          x5         y5  area5          x6         y6  area6          x7         y7  area7
range  354.105153  11.452837  146.0  318.763114  15.62223  174.0  135.984466  8.902286   57.0  354.050192  28.712517  161.0  318.862027  31.115537  183.0  136.001164  15.516541   51.0  354.008379  45.655238  102.0
FAILURE!!!! Some beads might have been misidentified
               x1         y1  area1          x2         y2  area2          x3        y3  area3          x4         y4  area4          x5         y5  area5          x6         y6  area6          x7         y7  area7
range  354.105153  11.457845  148.0  318.786442  15.572388  173.0  136.018878  8.884416   54.0  354.057588  28.762794  161.0  318.882945  31.121364  184.0  135.989151  15.497177   51.0  353.987821  45.675962  105.0
FAILURE!!!! Some beads might have been misidentified
               x1         y1  area1          x2         y2  area2          x3        y3  area3          x4         y4  area4          x5         y5  area5          x6         y6  area6          x7         y7  area7
range  354.087126  11.460101  149.0  318.648839  15.575299  175.0  135.818713  8.895353   58.0  354.095274  28.762465  161.0  318.976065  31.092393  182.0  136.152144  15.407159   52.0  354.000628  45.593419  106.0
FAILURE!!!! Some beads might have been misidentified
               x1         y1  area1          x2         y2  area2          x3        y3  area3          x4         y4  area4          x5         y5  area5          x6         y6  area6          x7        y7  area7
range  354.127602  11.504358  145.0  318.906326  15.568464  174.0  136.152002  8.882388   58.0  354.026067  28.798107  163.0  318.743846  31.134227  183.0  135.791541  15.565333   52.0  353.987821  45.67392  107.0
FAILURE!!!! Some beads might have been misidentified
               x1         y1  area1          x2        y2  area2          x3       y3  area3          x4         y4  area4          x5         y5  area5          x6         y6  area6          x7        y7  area7
range  354.279478  11.481816  148.0  318.897199  15.56062  176.0  135.840691  8.90715   65.0  353.992281  28.784182  162.0  318.761249  31.124466  180.0  136.132971  15.494914   53.0  354.134692  45.61597  105.0
FAILURE!!!! Some beads might have been misidentified
               x1       y1  area1         x2         y2  area2          x3        y3  area3          x4         y4  area4          x5         y5  area5          x6         y6  area6          x7         y7  area7
range  353.904812  11.4956  144.0  318.74452  15.611921  176.0  136.127442  8.863693   60.0  354.310442  28.742976  155.0  318.939625  31.110538  183.0  135.851859  15.513647   55.0  353.820252  45.678397  104.0
FAILURE!!!! Some beads might have been misidentified
Residual vector length: 3150, Jacobian shape: (3150, 6)
view   0 | SOD= 556.877 mm | SDD= 802.742 mm | M= 1.442 | incident=4.7367°
[[ 239.13063    -500.9029      -45.003323  ]
 [-110.79483     218.62553      19.996677  ]
 [   0.13557935    0.0632329     0.        ]
 [   0.            0.            0.1496    ]]
               x1         y1  area1          x2         y2  area2          x3        y3  area3          x4         y4  area4          x5         y5  area5          x6         y6  area6          x7         y7  area7
range  354.105153  11.502481  147.0  318.786442  15.584517  175.0  135.997725  8.883282   54.0  354.050192  28.767464  159.0  318.882945  31.113686  182.0  135.989151  15.516541   51.0  354.008379  45.667924  107.0
FAILURE!!!! Some beads might have been misidentified

iter 55 cost=18.087863 -> 18.122369 |dtheta|=1.624089e-03  lambda=2.500e-05

============================================================
Iteration 56
============================================================
Theta offsets (Unity frame):
  Source   : dSx=   0.000, dSy=   0.000, dSz=   0.000  (mm)
  Object   : dOx= -18.000, dOy=  -8.003, dOz= -24.964  (mm)
  Object offset: offset_x=   0.002, offset_z=  -0.001  (mm)
  Detector : dDx=   0.000, dDy=   0.000, dDz=   0.000  (mm)
  Obj Stage rotY :   25.004 deg
============================================================

Unity geometry (world coordinates):
  Source   : x=   5.000, y=  60.000, z=   0.000
  Object   : x=   0.000, y=  14.997, z= 555.036
  Detector : x=  -8.000, y=  -5.000, z= 800.000
  Obj rotY :   0.0000 deg
view   0 | SOD= 556.879 mm | SDD= 802.742 mm | M= 1.442 | incident=4.7367°
[[ 239.13004    -500.905       -45.00346   ]
 [-110.79387     218.62419      19.99654   ]
 [   0.13557948    0.0632326     0.        ]
 [   0.            0.            0.1496    ]]
               x1         y1  area1          x2         y2  area2          x3        y3  area3          x4         y4  area4          x5         y5  area5          x6         y6  area6          x7         y7  area7
range  354.105153  11.502481  147.0  318.786442  15.584517  175.0  136.018759  8.883282   53.0  354.039509  28.767464  159.0  318.882945  31.113686  182.0  135.989151  15.516541   52.0  354.008379  45.667924  107.0
FAILURE!!!! Some beads might have been misidentified
               x1         y1  area1          x2         y2  area2          x3        y3  area3          x4        y4  area4         x5         y5  area5          x6        y6  area6         x7         y7  area7
range  354.055955  11.490722  150.0  318.732738  15.564347  174.0  135.952719  8.924428   61.0  354.115236  28.79741  165.0  318.83727  31.107052  180.0  135.902927  15.50381   53.0  353.94385  45.582094  105.0
FAILURE!!!! Some beads might have been misidentified
               x1         y1  area1          x2         y2  area2          x3        y3  area3         x4         y4  area4          x5         y5  area5          x6        y6  area6          x7         y7  area7
range  354.128335  11.473738  146.0  318.852967  15.575286  175.0  135.998054  8.872467   58.0  354.19146  28.763162  159.0  318.925894  31.086551  180.0  135.975755  15.45403   54.0  354.011094  45.685245  109.0
FAILURE!!!! Some beads might have been misidentified
              x1         y1  area1          x2         y2  area2          x3        y3  area3          x4         y4  area4          x5         y5  area5          x6         y6  area6          x7         y7  area7
range  354.07332  11.478474  149.0  318.817002  15.555245  177.0  135.926873  8.974807   57.0  354.102655  28.737239  157.0  318.831337  31.124563  182.0  135.874153  15.498307   56.0  354.091997  45.560592  100.0
FAILURE!!!! Some beads might have been misidentified
               x1         y1  area1          x2         y2  area2          x3        y3  area3         x4         y4  area4         x5         y5  area5          x6         y6  area6          x7         y7  area7
range  354.073126  11.498693  150.0  318.758493  15.610629  174.0  136.003651  8.921483   59.0  354.10041  28.763758  166.0  318.86644  31.062486  179.0  135.923811  15.537682   52.0  353.998307  45.619371  109.0
FAILURE!!!! Some beads might have been misidentified
               x1       y1  area1          x2         y2  area2          x3        y3  area3          x4         y4  area4          x5         y5  area5          x6         y6  area6          x7         y7  area7
range  354.087126  11.4956  147.0  318.772279  15.584517  175.0  135.997725  8.883282   53.0  354.026067  28.784182  156.0  318.848393  31.159645  184.0  135.951964  15.541265   53.0  354.000628  45.655213  103.0
FAILURE!!!! Some beads might have been misidentified
               x1         y1  area1          x2         y2  area2          x3        y3  area3          x4         y4  area4          x5         y5  area5          x6         y6  area6          x7         y7  area7
range  354.105153  11.502481  147.0  318.767475  15.584517  175.0  136.039912  8.881254   54.0  354.057588  28.742976  161.0  318.882945  31.064491  181.0  135.986901  15.491717   52.0  353.987821  45.667924  111.0
FAILURE!!!! Some beads might have been misidentified
               x1         y1  area1          x2        y2  area2          x3        y3  area3          x4         y4  area4          x5         y5  area5          x6         y6  area6          x7         y7  area7
range  354.105153  11.452837  146.0  318.763114  15.62223  174.0  135.984466  8.902286   57.0  354.050192  28.712517  161.0  318.862027  31.115537  183.0  136.001164  15.516541   51.0  354.008379  45.655238  102.0
FAILURE!!!! Some beads might have been misidentified
               x1         y1  area1          x2         y2  area2          x3        y3  area3          x4         y4  area4          x5         y5  area5          x6         y6  area6          x7         y7  area7
range  354.105153  11.457845  148.0  318.786442  15.572388  173.0  136.018878  8.884416   54.0  354.057588  28.762794  161.0  318.882945  31.121364  184.0  135.989151  15.497177   51.0  353.987821  45.675962  105.0
FAILURE!!!! Some beads might have been misidentified
               x1         y1  area1          x2         y2  area2          x3        y3  area3          x4         y4  area4          x5         y5  area5          x6         y6  area6          x7         y7  area7
range  354.087126  11.460101  149.0  318.648839  15.575299  175.0  135.818713  8.895353   58.0  354.095274  28.762465  161.0  318.976065  31.092393  182.0  136.152144  15.407159   52.0  354.000628  45.593419  106.0
FAILURE!!!! Some beads might have been misidentified
               x1         y1  area1          x2         y2  area2          x3        y3  area3          x4         y4  area4          x5         y5  area5          x6         y6  area6          x7        y7  area7
range  354.127602  11.504358  145.0  318.906326  15.568464  174.0  136.152002  8.882388   58.0  354.026067  28.798107  163.0  318.743846  31.134227  183.0  135.791541  15.565333   52.0  353.987821  45.67392  107.0
FAILURE!!!! Some beads might have been misidentified
               x1         y1  area1          x2        y2  area2          x3       y3  area3          x4         y4  area4          x5         y5  area5          x6         y6  area6          x7        y7  area7
range  354.279478  11.481816  148.0  318.897199  15.56062  176.0  135.840691  8.90715   65.0  353.992281  28.784182  162.0  318.761249  31.124466  180.0  136.132971  15.494914   53.0  354.134692  45.61597  105.0
FAILURE!!!! Some beads might have been misidentified
               x1       y1  area1         x2         y2  area2          x3        y3  area3          x4         y4  area4          x5         y5  area5          x6         y6  area6          x7         y7  area7
range  353.904812  11.4956  144.0  318.74452  15.611921  176.0  136.127442  8.863693   60.0  354.310442  28.742976  155.0  318.939625  31.110538  183.0  135.851859  15.513647   55.0  353.820252  45.678397  104.0
FAILURE!!!! Some beads might have been misidentified
Residual vector length: 3150, Jacobian shape: (3150, 6)
view   0 | SOD= 556.877 mm | SDD= 802.742 mm | M= 1.442 | incident=4.7367°
[[ 239.13063    -500.9029      -45.003323  ]
 [-110.79483     218.62553      19.996677  ]
 [   0.13557935    0.0632329     0.        ]
 [   0.            0.            0.1496    ]]
               x1         y1  area1          x2         y2  area2          x3        y3  area3          x4         y4  area4          x5         y5  area5          x6         y6  area6          x7         y7  area7
range  354.105153  11.502481  147.0  318.786442  15.584517  175.0  135.997725  8.883282   54.0  354.050192  28.767464  159.0  318.882945  31.113686  182.0  135.989151  15.516541   51.0  354.008379  45.667924  107.0
FAILURE!!!! Some beads might have been misidentified

iter 56 cost=18.087863 -> 18.122369 |dtheta|=1.624089e-03  lambda=1.250e-04

============================================================
Iteration 57
============================================================
Theta offsets (Unity frame):
  Source   : dSx=   0.000, dSy=   0.000, dSz=   0.000  (mm)
  Object   : dOx= -18.000, dOy=  -8.003, dOz= -24.964  (mm)
  Object offset: offset_x=   0.002, offset_z=  -0.001  (mm)
  Detector : dDx=   0.000, dDy=   0.000, dDz=   0.000  (mm)
  Obj Stage rotY :   25.004 deg
============================================================

Unity geometry (world coordinates):
  Source   : x=   5.000, y=  60.000, z=   0.000
  Object   : x=   0.000, y=  14.997, z= 555.036
  Detector : x=  -8.000, y=  -5.000, z= 800.000
  Obj rotY :   0.0000 deg
view   0 | SOD= 556.879 mm | SDD= 802.742 mm | M= 1.442 | incident=4.7367°
[[ 239.13004    -500.905       -45.00346   ]
 [-110.79387     218.62419      19.99654   ]
 [   0.13557948    0.0632326     0.        ]
 [   0.            0.            0.1496    ]]
               x1         y1  area1          x2         y2  area2          x3        y3  area3          x4         y4  area4          x5         y5  area5          x6         y6  area6          x7         y7  area7
range  354.105153  11.502481  147.0  318.786442  15.584517  175.0  136.018759  8.883282   53.0  354.039509  28.767464  159.0  318.882945  31.113686  182.0  135.989151  15.516541   52.0  354.008379  45.667924  107.0
FAILURE!!!! Some beads might have been misidentified
               x1         y1  area1          x2         y2  area2          x3        y3  area3          x4        y4  area4         x5         y5  area5          x6        y6  area6         x7         y7  area7
range  354.055955  11.490722  150.0  318.732738  15.564347  174.0  135.952719  8.924428   61.0  354.115236  28.79741  165.0  318.83727  31.107052  180.0  135.902927  15.50381   53.0  353.94385  45.582094  105.0
FAILURE!!!! Some beads might have been misidentified
               x1         y1  area1          x2         y2  area2          x3        y3  area3         x4         y4  area4          x5         y5  area5          x6        y6  area6          x7         y7  area7
range  354.128335  11.473738  146.0  318.852967  15.575286  175.0  135.998054  8.872467   58.0  354.19146  28.763162  159.0  318.925894  31.086551  180.0  135.975755  15.45403   54.0  354.011094  45.685245  109.0
FAILURE!!!! Some beads might have been misidentified
              x1         y1  area1          x2         y2  area2          x3        y3  area3          x4         y4  area4          x5         y5  area5          x6         y6  area6          x7         y7  area7
range  354.07332  11.478474  149.0  318.817002  15.555245  177.0  135.926873  8.974807   57.0  354.102655  28.737239  157.0  318.831337  31.124563  182.0  135.874153  15.498307   56.0  354.091997  45.560592  100.0
FAILURE!!!! Some beads might have been misidentified
               x1         y1  area1          x2         y2  area2          x3        y3  area3         x4         y4  area4         x5         y5  area5          x6         y6  area6          x7         y7  area7
range  354.073126  11.498693  150.0  318.758493  15.610629  174.0  136.003651  8.921483   59.0  354.10041  28.763758  166.0  318.86644  31.062486  179.0  135.923811  15.537682   52.0  353.998307  45.619371  109.0
FAILURE!!!! Some beads might have been misidentified
               x1       y1  area1          x2         y2  area2          x3        y3  area3          x4         y4  area4          x5         y5  area5          x6         y6  area6          x7         y7  area7
range  354.087126  11.4956  147.0  318.772279  15.584517  175.0  135.997725  8.883282   53.0  354.026067  28.784182  156.0  318.848393  31.159645  184.0  135.951964  15.541265   53.0  354.000628  45.655213  103.0
FAILURE!!!! Some beads might have been misidentified
               x1         y1  area1          x2         y2  area2          x3        y3  area3          x4         y4  area4          x5         y5  area5          x6         y6  area6          x7         y7  area7
range  354.105153  11.502481  147.0  318.767475  15.584517  175.0  136.039912  8.881254   54.0  354.057588  28.742976  161.0  318.882945  31.064491  181.0  135.986901  15.491717   52.0  353.987821  45.667924  111.0
FAILURE!!!! Some beads might have been misidentified
               x1         y1  area1          x2        y2  area2          x3        y3  area3          x4         y4  area4          x5         y5  area5          x6         y6  area6          x7         y7  area7
range  354.105153  11.452837  146.0  318.763114  15.62223  174.0  135.984466  8.902286   57.0  354.050192  28.712517  161.0  318.862027  31.115537  183.0  136.001164  15.516541   51.0  354.008379  45.655238  102.0
FAILURE!!!! Some beads might have been misidentified
               x1         y1  area1          x2         y2  area2          x3        y3  area3          x4         y4  area4          x5         y5  area5          x6         y6  area6          x7         y7  area7
range  354.105153  11.457845  148.0  318.786442  15.572388  173.0  136.018878  8.884416   54.0  354.057588  28.762794  161.0  318.882945  31.121364  184.0  135.989151  15.497177   51.0  353.987821  45.675962  105.0
FAILURE!!!! Some beads might have been misidentified
               x1         y1  area1          x2         y2  area2          x3        y3  area3          x4         y4  area4          x5         y5  area5          x6         y6  area6          x7         y7  area7
range  354.087126  11.460101  149.0  318.648839  15.575299  175.0  135.818713  8.895353   58.0  354.095274  28.762465  161.0  318.976065  31.092393  182.0  136.152144  15.407159   52.0  354.000628  45.593419  106.0
FAILURE!!!! Some beads might have been misidentified
               x1         y1  area1          x2         y2  area2          x3        y3  area3          x4         y4  area4          x5         y5  area5          x6         y6  area6          x7        y7  area7
range  354.127602  11.504358  145.0  318.906326  15.568464  174.0  136.152002  8.882388   58.0  354.026067  28.798107  163.0  318.743846  31.134227  183.0  135.791541  15.565333   52.0  353.987821  45.67392  107.0
FAILURE!!!! Some beads might have been misidentified
               x1         y1  area1          x2        y2  area2          x3       y3  area3          x4         y4  area4          x5         y5  area5          x6         y6  area6          x7        y7  area7
range  354.279478  11.481816  148.0  318.897199  15.56062  176.0  135.840691  8.90715   65.0  353.992281  28.784182  162.0  318.761249  31.124466  180.0  136.132971  15.494914   53.0  354.134692  45.61597  105.0
FAILURE!!!! Some beads might have been misidentified
               x1       y1  area1         x2         y2  area2          x3        y3  area3          x4         y4  area4          x5         y5  area5          x6         y6  area6          x7         y7  area7
range  353.904812  11.4956  144.0  318.74452  15.611921  176.0  136.127442  8.863693   60.0  354.310442  28.742976  155.0  318.939625  31.110538  183.0  135.851859  15.513647   55.0  353.820252  45.678397  104.0
FAILURE!!!! Some beads might have been misidentified
Residual vector length: 3150, Jacobian shape: (3150, 6)
view   0 | SOD= 556.877 mm | SDD= 802.742 mm | M= 1.442 | incident=4.7367°
[[ 239.13063    -500.9029      -45.003323  ]
 [-110.79483     218.62553      19.996677  ]
 [   0.13557935    0.0632329     0.        ]
 [   0.            0.            0.1496    ]]
               x1         y1  area1          x2         y2  area2          x3        y3  area3          x4         y4  area4          x5         y5  area5          x6         y6  area6          x7         y7  area7
range  354.105153  11.502481  147.0  318.786442  15.584517  175.0  135.997725  8.883282   54.0  354.050192  28.767464  159.0  318.882945  31.113686  182.0  135.989151  15.516541   51.0  354.008379  45.667924  107.0
FAILURE!!!! Some beads might have been misidentified

iter 57 cost=18.087863 -> 18.122369 |dtheta|=1.624089e-03  lambda=6.250e-04

============================================================
Iteration 58
============================================================
Theta offsets (Unity frame):
  Source   : dSx=   0.000, dSy=   0.000, dSz=   0.000  (mm)
  Object   : dOx= -18.000, dOy=  -8.003, dOz= -24.964  (mm)
  Object offset: offset_x=   0.002, offset_z=  -0.001  (mm)
  Detector : dDx=   0.000, dDy=   0.000, dDz=   0.000  (mm)
  Obj Stage rotY :   25.004 deg
============================================================

Unity geometry (world coordinates):
  Source   : x=   5.000, y=  60.000, z=   0.000
  Object   : x=   0.000, y=  14.997, z= 555.036
  Detector : x=  -8.000, y=  -5.000, z= 800.000
  Obj rotY :   0.0000 deg
view   0 | SOD= 556.879 mm | SDD= 802.742 mm | M= 1.442 | incident=4.7367°
[[ 239.13004    -500.905       -45.00346   ]
 [-110.79387     218.62419      19.99654   ]
 [   0.13557948    0.0632326     0.        ]
 [   0.            0.            0.1496    ]]
               x1         y1  area1          x2         y2  area2          x3        y3  area3          x4         y4  area4          x5         y5  area5          x6         y6  area6          x7         y7  area7
range  354.105153  11.502481  147.0  318.786442  15.584517  175.0  136.018759  8.883282   53.0  354.039509  28.767464  159.0  318.882945  31.113686  182.0  135.989151  15.516541   52.0  354.008379  45.667924  107.0
FAILURE!!!! Some beads might have been misidentified
               x1         y1  area1          x2         y2  area2          x3        y3  area3          x4        y4  area4         x5         y5  area5          x6        y6  area6         x7         y7  area7
range  354.055955  11.490722  150.0  318.732738  15.564347  174.0  135.952719  8.924428   61.0  354.115236  28.79741  165.0  318.83727  31.107052  180.0  135.902927  15.50381   53.0  353.94385  45.582094  105.0
FAILURE!!!! Some beads might have been misidentified
               x1         y1  area1          x2         y2  area2          x3        y3  area3         x4         y4  area4          x5         y5  area5          x6        y6  area6          x7         y7  area7
range  354.128335  11.473738  146.0  318.852967  15.575286  175.0  135.998054  8.872467   58.0  354.19146  28.763162  159.0  318.925894  31.086551  180.0  135.975755  15.45403   54.0  354.011094  45.685245  109.0
FAILURE!!!! Some beads might have been misidentified
              x1         y1  area1          x2         y2  area2          x3        y3  area3          x4         y4  area4          x5         y5  area5          x6         y6  area6          x7         y7  area7
range  354.07332  11.478474  149.0  318.817002  15.555245  177.0  135.926873  8.974807   57.0  354.102655  28.737239  157.0  318.831337  31.124563  182.0  135.874153  15.498307   56.0  354.091997  45.560592  100.0
FAILURE!!!! Some beads might have been misidentified
               x1         y1  area1          x2         y2  area2          x3        y3  area3         x4         y4  area4         x5         y5  area5          x6         y6  area6          x7         y7  area7
range  354.073126  11.498693  150.0  318.758493  15.610629  174.0  136.003651  8.921483   59.0  354.10041  28.763758  166.0  318.86644  31.062486  179.0  135.923811  15.537682   52.0  353.998307  45.619371  109.0
FAILURE!!!! Some beads might have been misidentified
               x1       y1  area1          x2         y2  area2          x3        y3  area3          x4         y4  area4          x5         y5  area5          x6         y6  area6          x7         y7  area7
range  354.087126  11.4956  147.0  318.772279  15.584517  175.0  135.997725  8.883282   53.0  354.026067  28.784182  156.0  318.848393  31.159645  184.0  135.951964  15.541265   53.0  354.000628  45.655213  103.0
FAILURE!!!! Some beads might have been misidentified
               x1         y1  area1          x2         y2  area2          x3        y3  area3          x4         y4  area4          x5         y5  area5          x6         y6  area6          x7         y7  area7
range  354.105153  11.502481  147.0  318.767475  15.584517  175.0  136.039912  8.881254   54.0  354.057588  28.742976  161.0  318.882945  31.064491  181.0  135.986901  15.491717   52.0  353.987821  45.667924  111.0
FAILURE!!!! Some beads might have been misidentified
               x1         y1  area1          x2        y2  area2          x3        y3  area3          x4         y4  area4          x5         y5  area5          x6         y6  area6          x7         y7  area7
range  354.105153  11.452837  146.0  318.763114  15.62223  174.0  135.984466  8.902286   57.0  354.050192  28.712517  161.0  318.862027  31.115537  183.0  136.001164  15.516541   51.0  354.008379  45.655238  102.0
FAILURE!!!! Some beads might have been misidentified
               x1         y1  area1          x2         y2  area2          x3        y3  area3          x4         y4  area4          x5         y5  area5          x6         y6  area6          x7         y7  area7
range  354.105153  11.457845  148.0  318.786442  15.572388  173.0  136.018878  8.884416   54.0  354.057588  28.762794  161.0  318.882945  31.121364  184.0  135.989151  15.497177   51.0  353.987821  45.675962  105.0
FAILURE!!!! Some beads might have been misidentified
               x1         y1  area1          x2         y2  area2          x3        y3  area3          x4         y4  area4          x5         y5  area5          x6         y6  area6          x7         y7  area7
range  354.087126  11.460101  149.0  318.648839  15.575299  175.0  135.818713  8.895353   58.0  354.095274  28.762465  161.0  318.976065  31.092393  182.0  136.152144  15.407159   52.0  354.000628  45.593419  106.0
FAILURE!!!! Some beads might have been misidentified
               x1         y1  area1          x2         y2  area2          x3        y3  area3          x4         y4  area4          x5         y5  area5          x6         y6  area6          x7        y7  area7
range  354.127602  11.504358  145.0  318.906326  15.568464  174.0  136.152002  8.882388   58.0  354.026067  28.798107  163.0  318.743846  31.134227  183.0  135.791541  15.565333   52.0  353.987821  45.67392  107.0
FAILURE!!!! Some beads might have been misidentified
               x1         y1  area1          x2        y2  area2          x3       y3  area3          x4         y4  area4          x5         y5  area5          x6         y6  area6          x7        y7  area7
range  354.279478  11.481816  148.0  318.897199  15.56062  176.0  135.840691  8.90715   65.0  353.992281  28.784182  162.0  318.761249  31.124466  180.0  136.132971  15.494914   53.0  354.134692  45.61597  105.0
FAILURE!!!! Some beads might have been misidentified
               x1       y1  area1         x2         y2  area2          x3        y3  area3          x4         y4  area4          x5         y5  area5          x6         y6  area6          x7         y7  area7
range  353.904812  11.4956  144.0  318.74452  15.611921  176.0  136.127442  8.863693   60.0  354.310442  28.742976  155.0  318.939625  31.110538  183.0  135.851859  15.513647   55.0  353.820252  45.678397  104.0
FAILURE!!!! Some beads might have been misidentified
Residual vector length: 3150, Jacobian shape: (3150, 6)
view   0 | SOD= 556.877 mm | SDD= 802.742 mm | M= 1.442 | incident=4.7367°
[[ 239.13063    -500.9029      -45.003323  ]
 [-110.79483     218.62553      19.996677  ]
 [   0.13557935    0.0632329     0.        ]
 [   0.            0.            0.1496    ]]
               x1         y1  area1          x2         y2  area2          x3        y3  area3          x4         y4  area4          x5         y5  area5          x6         y6  area6          x7         y7  area7
range  354.105153  11.502481  147.0  318.786442  15.584517  175.0  135.997725  8.883282   54.0  354.050192  28.767464  159.0  318.882945  31.113686  182.0  135.989151  15.516541   51.0  354.008379  45.667924  107.0
FAILURE!!!! Some beads might have been misidentified

iter 58 cost=18.087863 -> 18.122369 |dtheta|=1.624088e-03  lambda=3.125e-03

============================================================
Iteration 59
============================================================
Theta offsets (Unity frame):
  Source   : dSx=   0.000, dSy=   0.000, dSz=   0.000  (mm)
  Object   : dOx= -18.000, dOy=  -8.003, dOz= -24.964  (mm)
  Object offset: offset_x=   0.002, offset_z=  -0.001  (mm)
  Detector : dDx=   0.000, dDy=   0.000, dDz=   0.000  (mm)
  Obj Stage rotY :   25.004 deg
============================================================

Unity geometry (world coordinates):
  Source   : x=   5.000, y=  60.000, z=   0.000
  Object   : x=   0.000, y=  14.997, z= 555.036
  Detector : x=  -8.000, y=  -5.000, z= 800.000
  Obj rotY :   0.0000 deg
view   0 | SOD= 556.879 mm | SDD= 802.742 mm | M= 1.442 | incident=4.7367°
[[ 239.13004    -500.905       -45.00346   ]
 [-110.79387     218.62419      19.99654   ]
 [   0.13557948    0.0632326     0.        ]
 [   0.            0.            0.1496    ]]
               x1         y1  area1          x2         y2  area2          x3        y3  area3          x4         y4  area4          x5         y5  area5          x6         y6  area6          x7         y7  area7
range  354.105153  11.502481  147.0  318.786442  15.584517  175.0  136.018759  8.883282   53.0  354.039509  28.767464  159.0  318.882945  31.113686  182.0  135.989151  15.516541   52.0  354.008379  45.667924  107.0
FAILURE!!!! Some beads might have been misidentified
               x1         y1  area1          x2         y2  area2          x3        y3  area3          x4        y4  area4         x5         y5  area5          x6        y6  area6         x7         y7  area7
range  354.055955  11.490722  150.0  318.732738  15.564347  174.0  135.952719  8.924428   61.0  354.115236  28.79741  165.0  318.83727  31.107052  180.0  135.902927  15.50381   53.0  353.94385  45.582094  105.0
FAILURE!!!! Some beads might have been misidentified
               x1         y1  area1          x2         y2  area2          x3        y3  area3         x4         y4  area4          x5         y5  area5          x6        y6  area6          x7         y7  area7
range  354.128335  11.473738  146.0  318.852967  15.575286  175.0  135.998054  8.872467   58.0  354.19146  28.763162  159.0  318.925894  31.086551  180.0  135.975755  15.45403   54.0  354.011094  45.685245  109.0
FAILURE!!!! Some beads might have been misidentified
              x1         y1  area1          x2         y2  area2          x3        y3  area3          x4         y4  area4          x5         y5  area5          x6         y6  area6          x7         y7  area7
range  354.07332  11.478474  149.0  318.817002  15.555245  177.0  135.926873  8.974807   57.0  354.102655  28.737239  157.0  318.831337  31.124563  182.0  135.874153  15.498307   56.0  354.091997  45.560592  100.0
FAILURE!!!! Some beads might have been misidentified
               x1         y1  area1          x2         y2  area2          x3        y3  area3         x4         y4  area4         x5         y5  area5          x6         y6  area6          x7         y7  area7
range  354.073126  11.498693  150.0  318.758493  15.610629  174.0  136.003651  8.921483   59.0  354.10041  28.763758  166.0  318.86644  31.062486  179.0  135.923811  15.537682   52.0  353.998307  45.619371  109.0
FAILURE!!!! Some beads might have been misidentified
               x1       y1  area1          x2         y2  area2          x3        y3  area3          x4         y4  area4          x5         y5  area5          x6         y6  area6          x7         y7  area7
range  354.087126  11.4956  147.0  318.772279  15.584517  175.0  135.997725  8.883282   53.0  354.026067  28.784182  156.0  318.848393  31.159645  184.0  135.951964  15.541265   53.0  354.000628  45.655213  103.0
FAILURE!!!! Some beads might have been misidentified
               x1         y1  area1          x2         y2  area2          x3        y3  area3          x4         y4  area4          x5         y5  area5          x6         y6  area6          x7         y7  area7
range  354.105153  11.502481  147.0  318.767475  15.584517  175.0  136.039912  8.881254   54.0  354.057588  28.742976  161.0  318.882945  31.064491  181.0  135.986901  15.491717   52.0  353.987821  45.667924  111.0
FAILURE!!!! Some beads might have been misidentified
               x1         y1  area1          x2        y2  area2          x3        y3  area3          x4         y4  area4          x5         y5  area5          x6         y6  area6          x7         y7  area7
range  354.105153  11.452837  146.0  318.763114  15.62223  174.0  135.984466  8.902286   57.0  354.050192  28.712517  161.0  318.862027  31.115537  183.0  136.001164  15.516541   51.0  354.008379  45.655238  102.0
FAILURE!!!! Some beads might have been misidentified
               x1         y1  area1          x2         y2  area2          x3        y3  area3          x4         y4  area4          x5         y5  area5          x6         y6  area6          x7         y7  area7
range  354.105153  11.457845  148.0  318.786442  15.572388  173.0  136.018878  8.884416   54.0  354.057588  28.762794  161.0  318.882945  31.121364  184.0  135.989151  15.497177   51.0  353.987821  45.675962  105.0
FAILURE!!!! Some beads might have been misidentified
               x1         y1  area1          x2         y2  area2          x3        y3  area3          x4         y4  area4          x5         y5  area5          x6         y6  area6          x7         y7  area7
range  354.087126  11.460101  149.0  318.648839  15.575299  175.0  135.818713  8.895353   58.0  354.095274  28.762465  161.0  318.976065  31.092393  182.0  136.152144  15.407159   52.0  354.000628  45.593419  106.0
FAILURE!!!! Some beads might have been misidentified
               x1         y1  area1          x2         y2  area2          x3        y3  area3          x4         y4  area4          x5         y5  area5          x6         y6  area6          x7        y7  area7
range  354.127602  11.504358  145.0  318.906326  15.568464  174.0  136.152002  8.882388   58.0  354.026067  28.798107  163.0  318.743846  31.134227  183.0  135.791541  15.565333   52.0  353.987821  45.67392  107.0
FAILURE!!!! Some beads might have been misidentified
               x1         y1  area1          x2        y2  area2          x3       y3  area3          x4         y4  area4          x5         y5  area5          x6         y6  area6          x7        y7  area7
range  354.279478  11.481816  148.0  318.897199  15.56062  176.0  135.840691  8.90715   65.0  353.992281  28.784182  162.0  318.761249  31.124466  180.0  136.132971  15.494914   53.0  354.134692  45.61597  105.0
FAILURE!!!! Some beads might have been misidentified
               x1       y1  area1         x2         y2  area2          x3        y3  area3          x4         y4  area4          x5         y5  area5          x6         y6  area6          x7         y7  area7
range  353.904812  11.4956  144.0  318.74452  15.611921  176.0  136.127442  8.863693   60.0  354.310442  28.742976  155.0  318.939625  31.110538  183.0  135.851859  15.513647   55.0  353.820252  45.678397  104.0
FAILURE!!!! Some beads might have been misidentified
Residual vector length: 3150, Jacobian shape: (3150, 6)
view   0 | SOD= 556.877 mm | SDD= 802.742 mm | M= 1.442 | incident=4.7367°
[[ 239.13063    -500.9029      -45.003323  ]
 [-110.79483     218.62553      19.996677  ]
 [   0.13557935    0.0632329     0.        ]
 [   0.            0.            0.1496    ]]
               x1         y1  area1          x2         y2  area2          x3        y3  area3          x4         y4  area4          x5         y5  area5          x6         y6  area6          x7         y7  area7
range  354.105153  11.502481  147.0  318.786442  15.584517  175.0  135.997725  8.883282   54.0  354.050192  28.767464  159.0  318.882945  31.113686  182.0  135.989151  15.516541   51.0  354.008379  45.667924  107.0
FAILURE!!!! Some beads might have been misidentified

iter 59 cost=18.087863 -> 18.122369 |dtheta|=1.624085e-03  lambda=1.562e-02
Stalled.

Estimated theta:
  dSx: +0.000000
  dSy: +0.000000
  dOx: -17.999677
  dOy: -8.003460
  dOz: -24.963993
  dDx: +0.000000
  dDy: +0.000000
  dDz: +0.000000
alpha: +2.500377e+01 deg)
offset_x: +0.002347
offset_z: -0.000863

Final cost table:
Fake theta: [  0.   0. -18.  -8. -25.   0.   0.   0.  25.   0.   0.]
Final estimated theta: [  0.           0.         -17.99967734  -8.00346    -24.96399286
   0.           0.           0.          25.00376539   0.00234726
  -0.00086285]
Diff from Expected: [ 0.          0.          0.00032266 -0.00346     0.03600714  0.
  0.          0.          0.00376539  0.00234726 -0.00086285]
################################################################################

