Phantom already exists, skipping: cuboid_phantom_7_normal.npy

################################################################################
Running cuboid=normal scenario=G3 N_ANGLES=3, K=7
view   0 | SOD= 556.844 mm | SDD= 802.742 mm | M= 1.442 | incident=4.7367°
[[ 239.08467    -500.88773     -45.        ]
 [-110.79194     218.66446      20.        ]
 [   0.13558364    0.06322369    0.        ]
 [   0.            0.            0.1496    ]]
               x1        y1  area1          x2         y2  area2          x3        y3  area3          x4         y4  area4          x5         y5  area5          x6         y6  area6          x7         y7  area7
range  301.050302  9.022544  134.0  276.237616  12.613296   92.0  116.657466  7.010501   22.0  311.328986  21.850019   66.0  268.613117  25.597596  149.0  118.182658  11.811984   28.0  301.306309  35.301214   67.0
FAILURE!!!! Some beads might have been misidentified
          image          x1          y1  area1          x2          y2  area2          x3          y3  area3          x4          y4  area4          x5          y5  area5          x6          y6  area6          x7          y7  area7
0  proj_000.png  506.377622  124.405594    429  390.871080  210.243902    287  460.094556  289.478510    349  525.504000  364.616000    375  636.949275  455.456522    276  573.198324  556.248603    358  506.337950  661.991690    361
1  proj_001.png  370.650847  115.383051    295  490.683377  197.630607    379  576.752022  289.927224    371  667.093851  386.466019    309  543.134118  481.054118    425  455.015666  555.603133    383  370.636054  626.690476    294
2  proj_002.png  671.701149  115.767241    348  667.108696  207.918478    368  511.931319  296.489011    364  355.764865  385.381081    370  368.336158  460.115819    354  520.521127  544.436620    355  671.942363  628.259366    347

============================================================
Iteration 0
============================================================
Theta offsets (Unity frame):
  Source   : dSx=   0.000, dSy=   0.000, dSz=   0.000  (mm)
  Object   : dOx=   0.000, dOy=   0.000, dOz=   0.000  (mm)
  Object offset: offset_x=   0.000, offset_z=   0.000  (mm)
  Detector : dDx=   0.000, dDy=   0.000, dDz=   0.000  (mm)
  Obj Stage rotY :    0.000 deg
============================================================

Unity geometry (world coordinates):
  Source   : x=   5.000, y=  60.000, z=   0.000
  Object   : x=  18.000, y=  23.000, z= 580.000
  Detector : x=  -8.000, y=  -5.000, z= 800.000
  Obj rotY :   0.0000 deg
view   0 | SOD= 581.324 mm | SDD= 802.742 mm | M= 1.381 | incident=4.7367°
[[ -13.     -580.      -37.    ]
 [ -26.      220.       28.    ]
 [   0.1496    0.        0.    ]
 [   0.        0.        0.1496]]
               x1        y1  area1          x2        y2  area2          x3        y3  area3          x4        y4  area4          x5         y5  area5          x6         y6  area6          x7         y7  area7
range  265.887979  5.040367   54.0  239.507837  8.749963   58.0  103.410172  5.434659   23.0  272.051477  18.55701   72.0  244.523161  20.926993   72.0  104.359479  10.615033   35.0  265.674653  31.841982   15.0
FAILURE!!!! Some beads might have been misidentified
               x1        y1  area1          x2        y2  area2          x3        y3  area3          x4         y4  area4          x5         y5  area5          x6         y6  area6          x7         y7  area7
range  265.904794  5.030266   61.0  239.513212  8.697716   57.0  103.371637  5.514584   27.0  272.037734  18.469586   70.0  244.561332  20.891108   76.0  104.278385  10.632393   20.0  265.674315  31.866148   23.0
FAILURE!!!! Some beads might have been misidentified
               x1        y1  area1          x2        y2  area2          x3        y3  area3          x4         y4  area4          x5       y5  area5         x6         y6  area6          x7         y7  area7
range  265.699432  5.022046   61.0  239.499077  8.677196   65.0  103.430507  5.439726   26.0  272.149683  18.526668   62.0  244.545477  20.9004   68.0  104.39777  10.562913   36.0  265.642871  31.899953   17.0
FAILURE!!!! Some beads might have been misidentified
              x1        y1  area1          x2        y2  area2          x3        y3  area3          x4         y4  area4          x5        y5  area5          x6         y6  area6          x7         y7  area7
range  265.75491  5.108797   58.0  239.464199  8.611424   49.0  103.415758  5.527102   29.0  272.112186  18.582095   78.0  244.517676  20.91053   75.0  104.431025  10.607611   31.0  265.636673  31.775415   17.0
FAILURE!!!! Some beads might have been misidentified
               x1        y1  area1          x2       y2  area2          x3        y3  area3          x4         y4  area4          x5         y5  area5          x6         y6  area6          x7         y7  area7
range  265.727583  5.048054   61.0  239.524137  8.60909   54.0  103.378424  5.448755   24.0  272.004077  18.523551   74.0  244.487667  20.959723   68.0  104.405142  10.644235   35.0  265.677191  31.797233   21.0
FAILURE!!!! Some beads might have been misidentified
               x1        y1  area1          x2        y2  area2          x3        y3  area3          x4         y4  area4          x5         y5  area5          x6        y6  area6          x7         y7  area7
range  265.795274  5.014064   53.0  239.571256  8.725536   54.0  103.410172  5.455734   28.0  272.052236  18.532723   78.0  244.519667  20.926993   72.0  104.359479  10.60307   35.0  265.651911  31.876413   19.0
FAILURE!!!! Some beads might have been misidentified
               x1        y1  area1          x2        y2  area2          x3        y3  area3          x4        y4  area4          x5         y5  area5          x6         y6  area6         x7         y7  area7
range  265.884817  5.040367   53.0  239.531837  8.749963   57.0  103.410172  5.458944   24.0  272.098993  18.55701   72.0  244.523161  20.926993   72.0  104.389109  10.653922   35.0  265.67781  31.851065   15.0
FAILURE!!!! Some beads might have been misidentified
               x1        y1  area1          x2        y2  area2          x3        y3  area3          x4         y4  area4          x5         y5  area5          x6         y6  area6          x7         y7  area7
range  265.880606  5.032713   57.0  239.531837  8.701318   62.0  103.410172  5.458944   24.0  272.104028  18.550262   72.0  244.523161  20.926993   72.0  104.375615  10.633373   36.0  265.709899  31.848615   16.0
FAILURE!!!! Some beads might have been misidentified
              x1        y1  area1          x2        y2  area2          x3        y3  area3          x4         y4  area4          x5         y5  area5          x6         y6  area6          x7         y7  area7
range  265.75872  5.040283   53.0  239.507837  8.749963   58.0  103.410172  5.434659   23.0  272.099655  18.530597   70.0  244.523161  20.926993   72.0  104.359479  10.615033   35.0  265.649227  31.857357   14.0
FAILURE!!!! Some beads might have been misidentified
               x1       y1  area1          x2        y2  area2          x3        y3  area3          x4         y4  area4          x5         y5  area5          x6         y6  area6         x7         y7  area7
range  265.735841  5.04451   58.0  239.496264  8.758006   62.0  103.264306  5.475258   19.0  272.136686  18.497319   59.0  244.518776  20.912463   70.0  104.539095  10.572115   28.0  265.68565  31.873861   22.0
FAILURE!!!! Some beads might have been misidentified
               x1       y1  area1         x2        y2  area2          x3        y3  area3          x4         y4  area4          x5         y5  area5          x6         y6  area6          x7         y7  area7
range  265.837453  5.03435   61.0  239.50974  8.655683   61.0  103.471522  5.435967   27.0  272.076485  18.536569   70.0  244.468822  20.882923   70.0  104.116323  10.683412   31.0  265.679814  31.873637   18.0
FAILURE!!!! Some beads might have been misidentified
               x1        y1  area1          x2        y2  area2          x3        y3  area3          x4         y4  area4          x5         y5  area5          x6         y6  area6          x7         y7  area7
range  265.966645  5.077404   54.0  239.553505  8.701415   55.0  103.369156  5.417042   24.0  271.906681  18.577828   74.0  244.399902  20.936623   71.0  104.449704  10.716615   33.0  265.958669  31.794296   15.0
FAILURE!!!! Some beads might have been misidentified
               x1        y1  area1          x2        y2  area2          x3        y3  area3          x4         y4  area4          x5         y5  area5          x6         y6  area6         x7         y7  area7
range  265.600177  5.028063   56.0  239.431482  8.711925   60.0  103.455094  5.469023   24.0  272.310371  18.516101   66.0  244.706263  20.915268   77.0  104.184615  10.571128   29.0  265.48751  31.878931   18.0
FAILURE!!!! Some beads might have been misidentified
Residual vector length: 105, Jacobian shape: (105, 6)
view   0 | SOD= 572.700 mm | SDD= 802.742 mm | M= 1.402 | incident=4.7367°
[[  66.55002    -567.2738      -41.911537  ]
 [ -36.350353    226.18729      23.088463  ]
 [   0.14865066    0.0168268     0.        ]
 [   0.            0.            0.1496    ]]
               x1        y1  area1         x2         y2  area2          x3        y3  area3          x4         y4  area4          x5         y5  area5         x6         y6  area6          x7         y7  area7
range  285.047399  8.006483   85.0  268.98779  10.536782   13.0  138.974661  4.351143   24.0  288.251555  19.805456   59.0  228.197701  25.869864   90.0  82.045795  15.092135   32.0  285.142691  36.444354   36.0
FAILURE!!!! Some beads might have been misidentified

iter 00 cost=452779.717071 -> 76345.983371 |dtheta|=1.801842e+01  lambda=1.000e-02

============================================================
Iteration 1
============================================================
Theta offsets (Unity frame):
  Source   : dSx=   0.000, dSy=   0.000, dSz=   0.000  (mm)
  Object   : dOx= -13.166, dOy=  -4.912, dOz=  -8.991  (mm)
  Object offset: offset_x=  -2.156, offset_z=   0.150  (mm)
  Detector : dDx=   0.000, dDy=   0.000, dDz=   0.000  (mm)
  Obj Stage rotY :    6.458 deg
============================================================

Unity geometry (world coordinates):
  Source   : x=   5.000, y=  60.000, z=   0.000
  Object   : x=   4.834, y=  18.088, z= 571.009
  Detector : x=  -8.000, y=  -5.000, z= 800.000
  Obj rotY :   0.0000 deg
view   0 | SOD= 572.700 mm | SDD= 802.742 mm | M= 1.402 | incident=4.7367°
[[  66.55002    -567.2738      -41.911537  ]
 [ -36.350353    226.18729      23.088463  ]
 [   0.14865066    0.0168268     0.        ]
 [   0.            0.            0.1496    ]]
               x1        y1  area1         x2         y2  area2          x3        y3  area3          x4         y4  area4          x5         y5  area5         x6         y6  area6          x7         y7  area7
range  285.047399  8.006483   85.0  268.98779  10.536782   13.0  138.974661  4.351143   24.0  288.251555  19.805456   59.0  228.197701  25.869864   90.0  82.045795  15.092135   32.0  285.142691  36.444354   36.0
FAILURE!!!! Some beads might have been misidentified
              x1        y1  area1          x2         y2  area2         x3       y3  area3         x4         y4  area4          x5         y5  area5         x6         y6  area6          x7         y7  area7
range  284.86279  7.935003   82.0  268.969646  10.552439   16.0  138.95848  4.36045   21.0  288.35614  19.852535   61.0  228.149214  25.788408   88.0  81.985914  15.213453   36.0  285.091455  36.433293   39.0
FAILURE!!!! Some beads might have been misidentified
               x1        y1  area1          x2         y2  area2          x3        y3  area3          x4         y4  area4          x5         y5  area5         x6         y6  area6          x7         y7  area7
range  285.028287  8.033197   92.0  269.033081  10.487732    9.0  138.846323  4.398446   25.0  288.376407  19.809049   62.0  228.290154  25.843389   86.0  82.023891  15.179557   28.0  285.066239  36.436777   36.0
FAILURE!!!! Some beads might have been misidentified
               x1       y1  area1          x2         y2  area2          x3        y3  area3          x4         y4  area4          x5        y5  area5         x6        y6  area6         x7         y7  area7
range  285.039415  8.00817   92.0  268.988199  10.474293   15.0  139.016146  4.391391   23.0  288.298332  19.964662   57.0  228.199367  25.86835   89.0  82.099237  15.13737   31.0  285.15121  36.430444   38.0
FAILURE!!!! Some beads might have been misidentified
              x1        y1  area1          x2         y2  area2          x3        y3  area3          x4         y4  area4          x5         y5  area5         x6         y6  area6          x7         y7  area7
range  285.01051  8.051244   82.0  269.001264  10.563306   13.0  138.965839  4.433064   18.0  288.265834  19.915613   57.0  228.236129  25.885772   89.0  82.102929  15.192344   34.0  285.103753  36.448511   37.0
FAILURE!!!! Some beads might have been misidentified
               x1        y1  area1         x2         y2  area2          x3        y3  area3          x4         y4  area4          x5         y5  area5         x6         y6  area6          x7         y7  area7
range  285.047399  8.006483   85.0  268.98779  10.536782   13.0  138.982305  4.350278   23.0  288.258452  19.782436   58.0  228.183857  25.869864   90.0  82.080171  15.164294   28.0  285.145875  36.399892   39.0
FAILURE!!!! Some beads might have been misidentified
               x1        y1  area1         x2         y2  area2          x3        y3  area3          x4         y4  area4          x5         y5  area5         x6         y6  area6          x7         y7  area7
range  285.052738  8.006483   86.0  268.98779  10.536782   13.0  138.974661  4.351143   24.0  288.264978  19.826546   60.0  228.207506  25.846713   89.0  82.087138  15.132951   32.0  285.124689  36.448931   34.0
FAILURE!!!! Some beads might have been misidentified
              x1        y1  area1         x2         y2  area2          x3        y3  area3          x4         y4  area4          x5         y5  area5         x6        y6  area6         x7         y7  area7
range  284.95027  8.037755   82.0  268.98779  10.536782   13.0  139.000053  4.350278   22.0  288.295489  19.799103   58.0  228.183857  25.869864   90.0  82.061367  15.10216   31.0  285.16617  36.430451   37.0
FAILURE!!!! Some beads might have been misidentified
               x1        y1  area1         x2         y2  area2          x3        y3  area3          x4         y4  area4          x5         y5  area5        x6         y6  area6          x7         y7  area7
range  285.052738  7.984665   86.0  268.98779  10.528982   14.0  138.974661  4.351143   24.0  288.204687  19.807042   61.0  228.197701  25.846713   89.0  82.07044  15.142766   30.0  285.121815  36.435058   36.0
FAILURE!!!! Some beads might have been misidentified
              x1        y1  area1         x2         y2  area2          x3        y3  area3          x4         y4  area4          x5         y5  area5         x6         y6  area6          x7         y7  area7
range  285.06242  7.933546   91.0  268.92806  10.550385   14.0  138.859735  4.406459   21.0  288.342736  19.841707   58.0  228.207506  25.847317   87.0  82.177409  15.138206   28.0  285.139831  36.435876   37.0
FAILURE!!!! Some beads might have been misidentified
               x1        y1  area1          x2         y2  area2          x3       y3  area3          x4         y4  area4          x5         y5  area5         x6         y6  area6          x7         y7  area7
range  284.923949  8.054988   85.0  269.057499  10.555743   15.0  139.027312  4.32608   21.0  288.305575  19.831148   62.0  228.145539  25.827337   87.0  81.867741  15.198693   36.0  285.068076  36.415247   38.0
FAILURE!!!! Some beads might have been misidentified
               x1        y1  area1          x2         y2  area2          x3        y3  area3          x4         y4  area4          x5         y5  area5        x6         y6  area6          x7         y7  area7
range  285.134939  8.061577   87.0  269.016782  10.498409    8.0  138.855189  4.421698   29.0  288.194454  19.806782   63.0  228.111967  25.869864   90.0  82.12685  15.214034   28.0  285.273314  36.384892   37.0
FAILURE!!!! Some beads might have been misidentified
               x1        y1  area1          x2         y2  area2          x3       y3  area3          x4         y4  area4          x5         y5  area5        x6         y6  area6          x7         y7  area7
range  284.792203  7.992506   79.0  268.976618  10.511265   13.0  138.993781  4.39832   25.0  288.563517  19.784943   62.0  228.301793  25.830661   90.0  81.91617  15.238051   28.0  284.950036  36.485148   36.0
FAILURE!!!! Some beads might have been misidentified
Residual vector length: 105, Jacobian shape: (105, 6)
view   0 | SOD= 567.973 mm | SDD= 802.742 mm | M= 1.413 | incident=4.7367°
[[ 125.5913     -552.1978      -43.560833  ]
 [ -60.88182     225.87468      21.439167  ]
 [   0.14602764    0.03249753    0.        ]
 [   0.            0.            0.1496    ]]
               x1        y1  area1          x2         y2  area2         x3        y3  area3          x4        y4  area4          x5         y5  area5         x6         y6  area6          x7         y7  area7
range  287.648085  8.541133   94.0  248.002924  12.323619   39.0  112.16486  6.853861   21.0  305.117825  21.31075   41.0  252.640552  24.535775  125.0  115.56683  11.396105   45.0  287.557273  35.269736   50.0
FAILURE!!!! Some beads might have been misidentified

iter 01 cost=76345.983371 -> 26417.899438 |dtheta|=8.528962e+00  lambda=3.333e-03

============================================================
Iteration 2
============================================================
Theta offsets (Unity frame):
  Source   : dSx=   0.000, dSy=   0.000, dSz=   0.000  (mm)
  Object   : dOx= -15.855, dOy=  -6.561, dOz= -13.456  (mm)
  Object offset: offset_x=   0.216, offset_z=  -0.250  (mm)
  Detector : dDx=   0.000, dDy=   0.000, dDz=   0.000  (mm)
  Obj Stage rotY :   12.546 deg
============================================================

Unity geometry (world coordinates):
  Source   : x=   5.000, y=  60.000, z=   0.000
  Object   : x=   2.145, y=  16.439, z= 566.544
  Detector : x=  -8.000, y=  -5.000, z= 800.000
  Obj rotY :   0.0000 deg
view   0 | SOD= 567.973 mm | SDD= 802.742 mm | M= 1.413 | incident=4.7367°
[[ 125.5913     -552.1978      -43.560833  ]
 [ -60.88182     225.87468      21.439167  ]
 [   0.14602764    0.03249753    0.        ]
 [   0.            0.            0.1496    ]]
               x1        y1  area1          x2         y2  area2         x3        y3  area3          x4        y4  area4          x5         y5  area5         x6         y6  area6          x7         y7  area7
range  287.648085  8.541133   94.0  248.002924  12.323619   39.0  112.16486  6.853861   21.0  305.117825  21.31075   41.0  252.640552  24.535775  125.0  115.56683  11.396105   45.0  287.557273  35.269736   50.0
FAILURE!!!! Some beads might have been misidentified
               x1        y1  area1          x2         y2  area2          x3        y3  area3          x4         y4  area4          x5        y5  area5        x6         y6  area6          x7         y7  area7
range  287.588353  8.593121  101.0  248.005913  12.188808   45.0  112.273468  6.940108   20.0  305.141101  21.404621   51.0  252.654904  24.50988  121.0  115.5914  11.376831   44.0  287.582392  35.280959   58.0
FAILURE!!!! Some beads might have been misidentified
               x1        y1  area1          x2         y2  area2          x3        y3  area3          x4         y4  area4         x5         y5  area5         x6         y6  area6          x7         y7  area7
range  287.681624  8.406522  106.0  247.961692  12.340932   26.0  112.209546  6.792776   15.0  305.082499  21.269343   46.0  252.68507  24.564842  115.0  115.59417  11.381213   54.0  287.525933  35.378663   57.0
FAILURE!!!! Some beads might have been misidentified
              x1        y1  area1          x2         y2  area2          x3        y3  area3          x4         y4  area4          x5         y5  area5          x6         y6  area6          x7         y7  area7
range  287.66398  8.350425   97.0  247.967493  12.262458   38.0  112.134815  6.839226   20.0  305.016776  21.258731   42.0  252.665248  24.514669  125.0  115.566939  11.325367   50.0  287.595731  35.347859   52.0
FAILURE!!!! Some beads might have been misidentified
               x1        y1  area1          x2         y2  area2          x3        y3  area3          x4         y4  area4          x5         y5  area5          x6         y6  area6         x7         y7  area7
range  287.686188  8.439036   91.0  248.000063  12.305459   34.0  112.196974  6.871947   25.0  305.194548  21.327499   33.0  252.664199  24.533561  122.0  115.562997  11.410525   53.0  287.58354  35.325407   54.0
FAILURE!!!! Some beads might have been misidentified
               x1        y1  area1          x2         y2  area2         x3        y3  area3          x4         y4  area4          x5         y5  area5         x6         y6  area6          x7         y7  area7
range  287.648085  8.541133   94.0  248.002924  12.323619   39.0  112.16486  6.853861   21.0  305.116247  21.340691   40.0  252.639826  24.562517  126.0  115.56683  11.404073   45.0  287.557273  35.252126   49.0
FAILURE!!!! Some beads might have been misidentified
               x1        y1  area1          x2         y2  area2         x3        y3  area3          x4         y4  area4          x5         y5  area5          x6         y6  area6          x7         y7  area7
range  287.648085  8.541133   94.0  248.002924  12.323619   39.0  112.16486  6.853861   21.0  305.120964  21.334385   39.0  252.652983  24.508341  126.0  115.645146  11.425289   49.0  287.557273  35.275202   49.0
FAILURE!!!! Some beads might have been misidentified
              x1        y1  area1          x2        y2  area2         x3        y3  area3          x4         y4  area4          x5         y5  area5          x6         y6  area6          x7         y7  area7
range  287.62923  8.554034   93.0  248.020695  12.27889   40.0  112.16486  6.834188   21.0  305.133436  21.336407   40.0  252.641931  24.535082  127.0  115.580127  11.399311   45.0  287.582436  35.291805   50.0
FAILURE!!!! Some beads might have been misidentified
               x1        y1  area1          x2         y2  area2         x3        y3  area3          x4         y4  area4          x5         y5  area5         x6         y6  area6          x7         y7  area7
range  287.648085  8.552384   95.0  248.002924  12.350105   39.0  112.16486  6.854489   21.0  305.084775  21.351351   41.0  252.613743  24.533872  124.0  115.56683  11.397898   47.0  287.553127  35.288854   52.0
FAILURE!!!! Some beads might have been misidentified
              x1      y1  area1          x2         y2  area2         x3        y3  area3          x4        y4  area4          x5         y5  area5          x6         y6  area6          x7         y7  area7
range  287.62895  8.5875   94.0  247.841953  12.280939   38.0  112.04424  6.815589   23.0  305.069115  21.34622   41.0  252.808719  24.526393  128.0  115.780526  11.377549   53.0  287.542412  35.293056   54.0
FAILURE!!!! Some beads might have been misidentified
             x1        y1  area1          x2         y2  area2          x3        y3  area3          x4         y4  area4          x5         y5  area5          x6         y6  area6          x7         y7  area7
range  287.5875  8.418469  113.0  248.125805  12.249566   32.0  112.280644  6.871893   12.0  305.081406  21.338502   48.0  252.487579  24.535412  110.0  115.352639  11.417355   43.0  287.586694  35.340356   58.0
FAILURE!!!! Some beads might have been misidentified
               x1        y1  area1          x2         y2  area2          x3        y3  area3          x4         y4  area4          x5         y5  area5          x6         y6  area6          x7         y7  area7
range  287.725201  8.587414   94.0  248.048401  12.336298   40.0  112.151062  6.915665   20.0  304.967698  21.460359   44.0  252.575815  24.571469  123.0  115.800346  11.379105   55.0  287.642249  35.230242   52.0
FAILURE!!!! Some beads might have been misidentified
               x1        y1  area1          x2        y2  area2          x3        y3  area3         x4         y4  area4          x5         y5  area5          x6         y6  area6          x7        y7  area7
range  287.512497  8.557412  101.0  247.864972  12.23671   32.0  112.380289  6.812266   20.0  305.25346  21.300789   51.0  252.752793  24.474217  119.0  115.517613  11.406939   43.0  287.478527  35.27838   55.0
FAILURE!!!! Some beads might have been misidentified
Residual vector length: 105, Jacobian shape: (105, 6)
view   0 | SOD= 567.463 mm | SDD= 802.742 mm | M= 1.415 | incident=4.7367°
[[ 182.24399    -535.50305     -45.13855   ]
 [ -81.62327     219.83995      19.861452  ]
 [   0.14201348    0.04703546    0.        ]
 [   0.            0.            0.1496    ]]
               x1        y1  area1          x2        y2  area2          x3        y3  area3          x4        y4  area4          x5         y5  area5          x6        y6  area6          x7         y7  area7
range  304.083406  8.547695  125.0  268.805982  12.22133   40.0  111.388272  6.697011   20.0  297.259837  21.89712   48.0  252.057777  26.122123  129.0  119.420519  11.74373   46.0  304.060122  33.709729   74.0
FAILURE!!!! Some beads might have been misidentified

iter 02 cost=26417.899438 -> 6161.842239 |dtheta|=6.437952e+00  lambda=1.111e-03

============================================================
Iteration 3
============================================================
Theta offsets (Unity frame):
  Source   : dSx=   0.000, dSy=   0.000, dSz=   0.000  (mm)
  Object   : dOx= -17.572, dOy=  -8.139, dOz= -14.859  (mm)
  Object offset: offset_x=  -0.064, offset_z=   0.504  (mm)
  Detector : dDx=   0.000, dDy=   0.000, dDz=   0.000  (mm)
  Obj Stage rotY :   18.325 deg
============================================================

Unity geometry (world coordinates):
  Source   : x=   5.000, y=  60.000, z=   0.000
  Object   : x=   0.428, y=  14.861, z= 565.141
  Detector : x=  -8.000, y=  -5.000, z= 800.000
  Obj rotY :   0.0000 deg
view   0 | SOD= 567.463 mm | SDD= 802.742 mm | M= 1.415 | incident=4.7367°
[[ 182.24399    -535.50305     -45.13855   ]
 [ -81.62327     219.83995      19.861452  ]
 [   0.14201348    0.04703546    0.        ]
 [   0.            0.            0.1496    ]]
               x1        y1  area1          x2        y2  area2          x3        y3  area3          x4        y4  area4          x5         y5  area5          x6        y6  area6          x7         y7  area7
range  304.083406  8.547695  125.0  268.805982  12.22133   40.0  111.388272  6.697011   20.0  297.259837  21.89712   48.0  252.057777  26.122123  129.0  119.420519  11.74373   46.0  304.060122  33.709729   74.0
FAILURE!!!! Some beads might have been misidentified
               x1        y1  area1          x2        y2  area2          x3        y3  area3          x4         y4  area4          x5         y5  area5          x6         y6  area6          x7         y7  area7
range  304.073827  8.551992  114.0  268.720555  12.25509   45.0  111.621254  6.585605   29.0  297.160714  21.833916   45.0  252.166667  26.267721  136.0  119.504668  11.741764   49.0  304.099026  33.730051   68.0
FAILURE!!!! Some beads might have been misidentified
               x1        y1  area1          x2         y2  area2          x3        y3  area3          x4        y4  area4          x5         y5  area5          x6         y6  area6          x7         y7  area7
range  304.160363  8.524769  134.0  268.833901  12.216961   35.0  111.375197  6.711897   21.0  297.303729  21.86691   42.0  252.087365  26.127155  125.0  119.414007  11.769554   42.0  303.987616  33.713439   75.0
FAILURE!!!! Some beads might have been misidentified
               x1        y1  area1          x2         y2  area2         x3        y3  area3          x4         y4  area4          x5        y5  area5         x6         y6  area6          x7         y7  area7
range  304.048162  8.568382  121.0  268.868217  12.268993   44.0  111.28391  6.681919   31.0  297.332519  21.908474   37.0  252.022011  26.19319  136.0  119.43588  11.713246   51.0  304.036815  33.779266   62.0
FAILURE!!!! Some beads might have been misidentified
               x1        y1  area1          x2         y2  area2          x3        y3  area3          x4         y4  area4         x5         y5  area5          x6         y6  area6         x7         y7  area7
range  304.055443  8.462792  120.0  268.818631  12.437588   49.0  111.354776  6.703479   26.0  297.260013  21.815972   49.0  252.05697  26.223526  137.0  119.229758  11.738523   48.0  304.06139  33.679868   69.0
FAILURE!!!! Some beads might have been misidentified
               x1        y1  area1          x2         y2  area2          x3        y3  area3          x4         y4  area4          x5         y5  area5          x6        y6  area6          x7         y7  area7
range  304.083406  8.541881  127.0  268.805982  12.238869   40.0  111.366049  6.720964   20.0  297.237307  21.873302   46.0  252.057777  26.122123  129.0  119.420519  11.74373   46.0  304.026777  33.716278   73.0
FAILURE!!!! Some beads might have been misidentified
               x1        y1  area1          x2        y2  area2          x3        y3  area3          x4        y4  area4          x5         y5  area5          x6         y6  area6          x7         y7  area7
range  304.218764  8.559363  131.0  268.805982  12.22133   40.0  111.388272  6.733109   21.0  297.259837  21.89712   48.0  252.057777  26.172559  132.0  119.420519  11.724356   45.0  304.095983  33.713155   76.0
FAILURE!!!! Some beads might have been misidentified
               x1        y1  area1          x2        y2  area2          x3        y3  area3          x4         y4  area4          x5         y5  area5          x6        y6  area6          x7         y7  area7
range  304.083406  8.525058  126.0  268.805982  12.22133   40.0  111.388272  6.711321   20.0  297.242907  21.897908   47.0  252.132137  26.123908  127.0  119.402144  11.74373   46.0  304.056596  33.703774   76.0
FAILURE!!!! Some beads might have been misidentified
               x1        y1  area1          x2        y2  area2          x3        y3  area3          x4         y4  area4          x5         y5  area5          x6        y6  area6          x7         y7  area7
range  304.223964  8.562514  129.0  268.766481  12.24267   40.0  111.386673  6.742821   21.0  297.231747  21.858092   48.0  252.081998  26.146562  132.0  119.420519  11.74373   46.0  304.035858  33.724831   75.0
FAILURE!!!! Some beads might have been misidentified
               x1       y1  area1          x2        y2  area2          x3        y3  area3        x4         y4  area4          x5         y5  area5          x6         y6  area6          x7         y7  area7
range  304.200168  8.55733  122.0  268.613558  12.27907   48.0  111.250795  6.807014   33.0  297.3177  21.911054   44.0  252.362148  26.199616  139.0  119.548417  11.726452   43.0  304.025607  33.717143   67.0
FAILURE!!!! Some beads might have been misidentified
               x1        y1  area1          x2         y2  area2          x3        y3  area3          x4         y4  area4          x5        y5  area5          x6         y6  area6          x7         y7  area7
range  304.071891  8.527533  126.0  269.022081  12.178014   36.0  111.636864  6.607899   22.0  297.240028  21.896895   47.0  251.906437  26.11463  132.0  119.266748  11.746716   47.0  304.076544  33.716281   77.0
FAILURE!!!! Some beads might have been misidentified
               x1        y1  area1          x2         y2  area2          x3       y3  area3          x4         y4  area4          x5         y5  area5          x6         y6  area6          x7         y7  area7
range  304.305265  8.529809  132.0  268.897341  12.254383   36.0  111.311435  6.69037   20.0  297.075782  21.845184   45.0  251.886517  26.138816  124.0  119.499634  11.677568   45.0  304.208435  33.714638   75.0
FAILURE!!!! Some beads might have been misidentified
               x1        y1  area1          x2         y2  area2          x3        y3  area3         x4        y4  area4          x5         y5  area5         x6         y6  area6          x7        y7  area7
range  303.886294  8.539159  122.0  268.709161  12.233249   35.0  111.717584  6.623994   17.0  297.45015  21.81941   40.0  252.111269  26.181983  128.0  119.38961  11.811974   48.0  303.886511  33.74047   76.0
FAILURE!!!! Some beads might have been misidentified
Residual vector length: 105, Jacobian shape: (105, 6)
view   0 | SOD= 564.099 mm | SDD= 802.742 mm | M= 1.423 | incident=4.7367°
[[ 212.56238    -520.55383     -45.262043  ]
 [ -95.20119     217.99242      19.737957  ]
 [   0.13900666    0.05529293    0.        ]
 [   0.            0.            0.1496    ]]
               x1        y1  area1          x2         y2  area2          x3        y3  area3          x4         y4  area4          x5         y5  area5          x6         y6  area6         x7         y7  area7
range  297.086804  8.781965  150.0  270.125018  12.595524   52.0  117.149529  6.522789   24.0  308.539536  20.871628   49.0  261.456098  25.298546  142.0  115.367619  11.490894   49.0  297.07103  34.101101   85.0
FAILURE!!!! Some beads might have been misidentified

iter 03 cost=6161.842239 -> 1732.522295 |dtheta|=4.461608e+00  lambda=3.704e-04

============================================================
Iteration 4
============================================================
Theta offsets (Unity frame):
  Source   : dSx=   0.000, dSy=   0.000, dSz=   0.000  (mm)
  Object   : dOx= -18.035, dOy=  -8.262, dOz= -17.694  (mm)
  Object offset: offset_x=  -0.077, offset_z=  -0.049  (mm)
  Detector : dDx=   0.000, dDy=   0.000, dDz=   0.000  (mm)
  Obj Stage rotY :   21.691 deg
============================================================

Unity geometry (world coordinates):
  Source   : x=   5.000, y=  60.000, z=   0.000
  Object   : x=  -0.035, y=  14.738, z= 562.306
  Detector : x=  -8.000, y=  -5.000, z= 800.000
  Obj rotY :   0.0000 deg
view   0 | SOD= 564.099 mm | SDD= 802.742 mm | M= 1.423 | incident=4.7367°
[[ 212.56238    -520.55383     -45.262043  ]
 [ -95.20119     217.99242      19.737957  ]
 [   0.13900666    0.05529293    0.        ]
 [   0.            0.            0.1496    ]]
               x1        y1  area1          x2         y2  area2          x3        y3  area3          x4         y4  area4          x5         y5  area5          x6         y6  area6         x7         y7  area7
range  297.086804  8.781965  150.0  270.125018  12.595524   52.0  117.149529  6.522789   24.0  308.539536  20.871628   49.0  261.456098  25.298546  142.0  115.367619  11.490894   49.0  297.07103  34.101101   85.0
FAILURE!!!! Some beads might have been misidentified
               x1        y1  area1          x2         y2  area2          x3       y3  area3          x4         y4  area4          x5         y5  area5         x6         y6  area6          x7         y7  area7
range  297.047131  8.734636  142.0  270.182858  12.570161   55.0  117.160432  6.52046   29.0  308.568735  20.803918   43.0  261.455157  25.282187  149.0  115.39451  11.520455   48.0  297.131376  34.193501   77.0
FAILURE!!!! Some beads might have been misidentified
               x1        y1  area1          x2         y2  area2          x3        y3  area3          x4         y4  area4          x5         y5  area5          x6         y6  area6          x7         y7  area7
range  297.075444  8.780844  151.0  270.033849  12.549223   50.0  117.028091  6.588193   28.0  308.502381  20.871135   46.0  261.468314  25.359755  141.0  115.469737  11.470533   52.0  297.076239  34.106209   81.0
FAILURE!!!! Some beads might have been misidentified
               x1        y1  area1          x2         y2  area2          x3        y3  area3          x4         y4  area4          x5        y5  area5          x6         y6  area6          x7         y7  area7
range  297.059572  8.572074  147.0  270.109789  12.507627   54.0  117.136774  6.456744   24.0  308.508368  20.775856   48.0  261.351616  25.35304  140.0  115.403546  11.458237   49.0  297.095919  34.198374   84.0
FAILURE!!!! Some beads might have been misidentified
               x1        y1  area1          x2         y2  area2          x3        y3  area3          x4         y4  area4          x5         y5  area5          x6         y6  area6          x7         y7  area7
range  297.058092  8.848343  147.0  270.145282  12.604729   54.0  117.177902  6.638783   23.0  308.538477  20.776527   54.0  261.428644  25.378909  144.0  115.378264  11.431797   41.0  297.025398  34.167767   81.0
FAILURE!!!! Some beads might have been misidentified
               x1        y1  area1          x2        y2  area2          x3        y3  area3          x4         y4  area4          x5         y5  area5          x6         y6  area6          x7         y7  area7
range  297.086599  8.808269  150.0  270.125018  12.61657   52.0  117.149529  6.522789   24.0  308.539536  20.871628   49.0  261.429351  25.298546  142.0  115.367619  11.490894   49.0  297.096344  34.100811   85.0
FAILURE!!!! Some beads might have been misidentified
               x1        y1  area1          x2         y2  area2          x3        y3  area3          x4         y4  area4          x5         y5  area5          x6         y6  area6         x7         y7  area7
range  297.086804  8.781965  150.0  270.125018  12.595524   52.0  117.150041  6.534768   23.0  308.552319  20.892928   50.0  261.456098  25.298546  142.0  115.367619  11.490894   49.0  297.07103  34.110538   84.0
FAILURE!!!! Some beads might have been misidentified
              x1        y1  area1          x2         y2  area2          x3       y3  area3          x4         y4  area4          x5        y5  area5          x6         y6  area6          x7         y7  area7
range  297.08231  8.781363  148.0  270.101622  12.589341   53.0  117.149529  6.55882   24.0  308.595715  20.926911   50.0  261.430601  25.28341  141.0  115.367619  11.490894   49.0  297.093148  34.122564   84.0
FAILURE!!!! Some beads might have been misidentified
               x1        y1  area1          x2        y2  area2          x3        y3  area3          x4         y4  area4          x5         y5  area5          x6         y6  area6          x7         y7  area7
range  297.065986  8.798132  149.0  270.125018  12.61657   52.0  117.122554  6.499712   21.0  308.539536  20.886791   49.0  261.456098  25.288609  141.0  115.351727  11.508382   48.0  297.096344  34.134582   85.0
FAILURE!!!! Some beads might have been misidentified
               x1        y1  area1        x2         y2  area2          x3        y3  area3          x4         y4  area4          x5         y5  area5          x6         y6  area6          x7         y7  area7
range  297.079592  8.754782  145.0  269.9802  12.556529   54.0  117.053275  6.591614   25.0  308.566295  20.892065   50.0  261.653089  25.280929  148.0  115.546174  11.470433   46.0  297.039732  34.118211   80.0
FAILURE!!!! Some beads might have been misidentified
              x1        y1  area1          x2         y2  area2          x3        y3  area3          x4         y4  area4          x5         y5  area5          x6         y6  area6          x7         y7  area7
range  297.06815  8.777078  149.0  270.190175  12.527466   48.0  117.232248  6.526357   26.0  308.547367  20.767703   43.0  261.308572  25.357552  142.0  115.234919  11.509259   47.0  297.097063  34.177059   80.0
FAILURE!!!! Some beads might have been misidentified
               x1        y1  area1          x2         y2  area2          x3        y3  area3          x4         y4  area4          x5         y5  area5          x6         y6  area6         x7         y7  area7
range  297.155424  8.773504  151.0  270.160475  12.605158   52.0  117.105014  6.542092   22.0  308.355237  20.854769   44.0  261.317601  25.317084  143.0  115.495824  11.481994   48.0  297.22881  34.125391   84.0
FAILURE!!!! Some beads might have been misidentified
               x1        y1  area1          x2         y2  area2          x3        y3  area3          x4        y4  area4          x5         y5  area5          x6         y6  area6          x7         y7  area7
range  296.967152  8.799456  147.0  269.982526  12.624426   52.0  117.216919  6.585756   28.0  308.731749  20.93401   46.0  261.527375  25.304994  143.0  115.281538  11.540463   50.0  296.948657  34.126268   82.0
FAILURE!!!! Some beads might have been misidentified
Residual vector length: 105, Jacobian shape: (105, 6)
view   0 | SOD= 562.977 mm | SDD= 802.742 mm | M= 1.426 | incident=4.7367°
[[ 228.91968    -512.32904     -45.3686    ]
 [-103.38713     215.50417      19.6314    ]
 [   0.1370784     0.05991385    0.        ]
 [   0.            0.            0.1496    ]]
               x1        y1  area1          x2         y2  area2         x3        y3  area3          x4         y4  area4          x5         y5  area5          x6        y6  area6          x7         y7  area7
range  299.513692  8.864656  143.0  268.594755  12.629759   55.0  111.16934  6.922793   18.0  307.112275  21.109886   42.0  267.866586  25.266914  150.0  121.667995  11.12566   49.0  299.735246  34.480991   87.0
FAILURE!!!! Some beads might have been misidentified

iter 04 cost=1732.522295 -> 695.886372 |dtheta|=2.330753e+00  lambda=1.235e-04

============================================================
Iteration 5
============================================================
Theta offsets (Unity frame):
  Source   : dSx=   0.000, dSy=   0.000, dSz=   0.000  (mm)
  Object   : dOx= -17.848, dOy=  -8.369, dOz= -18.947  (mm)
  Object offset: offset_x=   0.274, offset_z=   0.075  (mm)
  Detector : dDx=   0.000, dDy=   0.000, dDz=   0.000  (mm)
  Obj Stage rotY :   23.609 deg
============================================================

Unity geometry (world coordinates):
  Source   : x=   5.000, y=  60.000, z=   0.000
  Object   : x=   0.152, y=  14.631, z= 561.053
  Detector : x=  -8.000, y=  -5.000, z= 800.000
  Obj rotY :   0.0000 deg
view   0 | SOD= 562.977 mm | SDD= 802.742 mm | M= 1.426 | incident=4.7367°
[[ 228.91968    -512.32904     -45.3686    ]
 [-103.38713     215.50417      19.6314    ]
 [   0.1370784     0.05991385    0.        ]
 [   0.            0.            0.1496    ]]
               x1        y1  area1          x2         y2  area2         x3        y3  area3          x4         y4  area4          x5         y5  area5          x6        y6  area6          x7         y7  area7
range  299.513692  8.864656  143.0  268.594755  12.629759   55.0  111.16934  6.922793   18.0  307.112275  21.109886   42.0  267.866586  25.266914  150.0  121.667995  11.12566   49.0  299.735246  34.480991   87.0
FAILURE!!!! Some beads might have been misidentified
               x1        y1  area1          x2         y2  area2        x3        y3  area3          x4         y4  area4          x5         y5  area5          x6         y6  area6          x7         y7  area7
range  299.586399  8.892209  145.0  268.514191  12.586593   59.0  111.0351  6.911485   30.0  307.127296  21.052968   46.0  267.892033  25.225895  148.0  121.692113  11.051292   48.0  299.745468  34.493377   85.0
FAILURE!!!! Some beads might have been misidentified
              x1        y1  area1          x2         y2  area2          x3        y3  area3          x4         y4  area4          x5        y5  area5          x6         y6  area6          x7         y7  area7
range  299.56404  8.895862  134.0  268.613421  12.598079   56.0  111.233861  6.921531   16.0  307.122108  21.052253   42.0  267.998526  25.30812  152.0  121.568276  11.098968   48.0  299.664546  34.471336   87.0
FAILURE!!!! Some beads might have been misidentified
               x1        y1  area1         x2         y2  area2         x3        y3  area3          x4         y4  area4          x5        y5  area5          x6         y6  area6          x7         y7  area7
range  299.508032  8.914705  148.0  268.56835  12.613005   56.0  111.20657  6.889701   18.0  307.098029  21.081819   43.0  267.866286  25.21798  153.0  121.632479  10.946903   44.0  299.703486  34.534831   82.0
FAILURE!!!! Some beads might have been misidentified
               x1        y1  area1          x2         y2  area2          x3        y3  area3          x4         y4  area4          x5         y5  area5          x6         y6  area6          x7         y7  area7
range  299.593401  8.742504  138.0  268.583386  12.604432   57.0  111.152956  6.831277   22.0  307.059827  21.122335   45.0  267.887952  25.304694  154.0  121.662351  11.174207   44.0  299.673752  34.482747   85.0
FAILURE!!!! Some beads might have been misidentified
              x1        y1  area1          x2         y2  area2         x3        y3  area3          x4         y4  area4         x5         y5  area5          x6         y6  area6          x7         y7  area7
range  299.49395  8.864656  143.0  268.592645  12.629759   55.0  111.16934  6.946991   18.0  307.059085  21.108354   45.0  267.86487  25.266914  150.0  121.635491  11.119102   43.0  299.693571  34.493576   87.0
FAILURE!!!! Some beads might have been misidentified
               x1        y1  area1          x2         y2  area2          x3        y3  area3          x4         y4  area4          x5         y5  area5          x6         y6  area6          x7         y7  area7
range  299.529432  8.842338  142.0  268.599918  12.655214   54.0  111.173753  6.923626   17.0  307.112275  21.071498   42.0  267.866586  25.276341  151.0  121.652492  11.105722   49.0  299.735246  34.480991   87.0
FAILURE!!!! Some beads might have been misidentified
               x1        y1  area1          x2         y2  area2          x3        y3  area3          x4         y4  area4          x5         y5  area5          x6         y6  area6          x7         y7  area7
range  299.527149  8.886878  142.0  268.605246  12.580533   59.0  111.126032  6.872319   25.0  307.120016  21.065934   39.0  267.905018  25.287557  156.0  121.636413  11.100118   48.0  299.694696  34.436899   76.0
FAILURE!!!! Some beads might have been misidentified
               x1        y1  area1          x2         y2  area2          x3        y3  area3          x4         y4  area4          x5         y5  area5          x6        y6  area6          x7         y7  area7
range  299.527174  8.840669  143.0  268.565875  12.653086   54.0  111.191366  6.933245   17.0  307.131752  21.064191   43.0  267.866586  25.276341  151.0  121.667995  11.12566   49.0  299.762828  34.521408   85.0
FAILURE!!!! Some beads might have been misidentified
               x1        y1  area1          x2         y2  area2          x3        y3  area3          x4         y4  area4          x5         y5  area5          x6         y6  area6          x7         y7  area7
range  299.428462  8.842926  143.0  268.446754  12.627261   55.0  110.961849  6.908213   25.0  307.120016  21.059244   43.0  268.009746  25.227947  152.0  121.802023  11.098049   46.0  299.772195  34.482379   84.0
FAILURE!!!! Some beads might have been misidentified
              x1        y1  area1          x2         y2  area2          x3        y3  area3          x4         y4  area4          x5         y5  area5          x6         y6  area6          x7         y7  area7
range  299.64983  8.907461  141.0  268.669364  12.586461   58.0  111.313664  6.903891   20.0  307.165926  21.131751   42.0  267.819312  25.343834  152.0  121.504792  11.075062   48.0  299.694696  34.425124   83.0
FAILURE!!!! Some beads might have been misidentified
               x1        y1  area1          x2         y2  area2         x3        y3  area3          x4         y4  area4          x5         y5  area5          x6         y6  area6          x7        y7  area7
range  299.833792  8.826667  135.0  268.619804  12.591591   55.0  111.15117  6.960747   17.0  307.019112  21.084196   45.0  267.789973  25.277118  150.0  121.677926  11.043823   46.0  299.822822  34.52455   87.0
FAILURE!!!! Some beads might have been misidentified
              x1        y1  area1          x2         y2  area2          x3       y3  area3          x4         y4  area4          x5         y5  area5          x6         y6  area6         x7         y7  area7
range  299.34501  8.855329  144.0  268.567207  12.629065   57.0  111.228834  6.91566   21.0  307.274825  21.023481   45.0  268.006397  25.249669  148.0  121.558202  11.136186   43.0  299.51562  34.511896   87.0
FAILURE!!!! Some beads might have been misidentified
Residual vector length: 105, Jacobian shape: (105, 6)
view   0 | SOD= 562.418 mm | SDD= 802.742 mm | M= 1.427 | incident=4.7367°
[[ 231.11191    -510.72787     -45.363235  ]
 [-104.36026     215.65181      19.636763  ]
 [   0.1368163     0.06051003    0.        ]
 [   0.            0.            0.1496    ]]
               x1        y1  area1          x2         y2  area2          x3        y3  area3          x4         y4  area4          x5         y5  area5          x6         y6  area6          x7         y7  area7
range  297.706013  8.777814  138.0  271.902349  12.618112   59.0  116.012361  6.588758   23.0  309.435313  21.236953   48.0  265.636619  25.289654  149.0  116.815392  11.620501   44.0  297.828524  34.634545   79.0
FAILURE!!!! Some beads might have been misidentified

iter 05 cost=695.886372 -> 544.098319 |dtheta|=5.841114e-01  lambda=4.115e-05

============================================================
Iteration 6
============================================================
Theta offsets (Unity frame):
  Source   : dSx=   0.000, dSy=   0.000, dSz=   0.000  (mm)
  Object   : dOx= -17.793, dOy=  -8.363, dOz= -19.382  (mm)
  Object offset: offset_x=   0.009, offset_z=  -0.053  (mm)
  Detector : dDx=   0.000, dDy=   0.000, dDz=   0.000  (mm)
  Obj Stage rotY :   23.858 deg
============================================================

Unity geometry (world coordinates):
  Source   : x=   5.000, y=  60.000, z=   0.000
  Object   : x=   0.207, y=  14.637, z= 560.618
  Detector : x=  -8.000, y=  -5.000, z= 800.000
  Obj rotY :   0.0000 deg
view   0 | SOD= 562.418 mm | SDD= 802.742 mm | M= 1.427 | incident=4.7367°
[[ 231.11191    -510.72787     -45.363235  ]
 [-104.36026     215.65181      19.636763  ]
 [   0.1368163     0.06051003    0.        ]
 [   0.            0.            0.1496    ]]
               x1        y1  area1          x2         y2  area2          x3        y3  area3          x4         y4  area4          x5         y5  area5          x6         y6  area6          x7         y7  area7
range  297.706013  8.777814  138.0  271.902349  12.618112   59.0  116.012361  6.588758   23.0  309.435313  21.236953   48.0  265.636619  25.289654  149.0  116.815392  11.620501   44.0  297.828524  34.634545   79.0
FAILURE!!!! Some beads might have been misidentified
               x1        y1  area1          x2         y2  area2          x3        y3  area3          x4         y4  area4          x5         y5  area5          x6         y6  area6          x7         y7  area7
range  297.742729  8.809475  146.0  271.970544  12.595049   60.0  115.932931  6.622894   27.0  309.459081  21.246993   46.0  265.586495  25.308901  150.0  116.880533  11.533365   40.0  297.744467  34.730175   83.0
FAILURE!!!! Some beads might have been misidentified
               x1        y1  area1          x2         y2  area2         x3        y3  area3          x4         y4  area4          x5         y5  area5          x6         y6  area6          x7         y7  area7
range  297.836305  8.753032  129.0  271.906048  12.559682   57.0  116.02336  6.590113   19.0  309.343996  21.209064   51.0  265.619668  25.286041  152.0  116.868004  11.645736   46.0  297.739146  34.629732   79.0
FAILURE!!!! Some beads might have been misidentified
               x1        y1  area1          x2         y2  area2          x3        y3  area3          x4         y4  area4          x5         y5  area5          x6         y6  area6          x7       y7  area7
range  297.745246  8.815578  140.0  272.028387  12.574561   60.0  115.998094  6.620376   32.0  309.343035  21.273495   49.0  265.546974  25.270222  150.0  116.869468  11.697452   39.0  297.840378  34.6771   76.0
FAILURE!!!! Some beads might have been misidentified
               x1        y1  area1         x2         y2  area2          x3        y3  area3          x4        y4  area4          x5         y5  area5          x6         y6  area6          x7         y7  area7
range  297.768814  8.837319  140.0  271.93516  12.599025   62.0  115.983794  6.612734   24.0  309.399077  21.18794   55.0  265.641826  25.217092  151.0  116.799193  11.619951   38.0  297.761598  34.716679   79.0
FAILURE!!!! Some beads might have been misidentified
               x1        y1  area1          x2         y2  area2         x3        y3  area3          x4         y4  area4         x5         y5  area5          x6         y6  area6         x7         y7  area7
range  297.681509  8.768182  139.0  271.945252  12.607827   60.0  116.01723  6.588758   24.0  309.435313  21.236953   48.0  265.58313  25.252268  147.0  116.826897  11.623056   46.0  297.80693  34.650759   80.0
FAILURE!!!! Some beads might have been misidentified
               x1        y1  area1          x2         y2  area2          x3        y3  area3          x4         y4  area4          x5         y5  area5          x6         y6  area6          x7         y7  area7
range  297.706013  8.777814  138.0  271.926929  12.583585   60.0  115.994191  6.610161   22.0  309.435313  21.236953   48.0  265.587863  25.262813  150.0  116.796125  11.604737   44.0  297.823856  34.694808   78.0
FAILURE!!!! Some beads might have been misidentified
               x1        y1  area1          x2         y2  area2          x3        y3  area3          x4         y4  area4          x5         y5  area5          x6         y6  area6         x7         y7  area7
range  297.692845  8.737943  140.0  271.926929  12.591824   61.0  116.012361  6.629172   23.0  309.411567  21.295156   47.0  265.587863  25.203336  152.0  116.792235  11.651792   45.0  297.80693  34.621303   79.0
FAILURE!!!! Some beads might have been misidentified
               x1        y1  area1          x2         y2  area2         x3        y3  area3          x4         y4  area4          x5         y5  area5          x6        y6  area6          x7         y7  area7
range  297.704845  8.783206  138.0  271.940109  12.619268   58.0  116.01723  6.582587   24.0  309.421915  21.240874   49.0  265.636619  25.289654  149.0  116.826717  11.60806   42.0  297.802471  34.671027   77.0
FAILURE!!!! Some beads might have been misidentified
               x1        y1  area1          x2         y2  area2          x3        y3  area3          x4         y4  area4          x5         y5  area5          x6         y6  area6          x7         y7  area7
range  297.840648  8.769728  135.0  271.860752  12.541904   55.0  115.872217  6.686814   25.0  309.434222  21.287449   48.0  265.770165  25.230531  152.0  116.951658  11.585943   46.0  297.838472  34.684932   77.0
FAILURE!!!! Some beads might have been misidentified
               x1        y1  area1          x2         y2  area2          x3        y3  area3          x4         y4  area4          x5         y5  area5          x6        y6  area6          x7         y7  area7
range  297.803255  8.714205  137.0  272.017586  12.579554   65.0  116.226119  6.533544   21.0  309.439923  21.194972   48.0  265.450699  25.367535  152.0  116.736359  11.61399   43.0  297.812302  34.615312   80.0
FAILURE!!!! Some beads might have been misidentified
               x1        y1  area1         x2         y2  area2          x3        y3  area3          x4         y4  area4          x5        y5  area5          x6         y6  area6          x7         y7  area7
range  298.048997  8.758343  131.0  272.01243  12.551557   59.0  115.932881  6.563648   23.0  309.353518  21.249988   50.0  265.495704  25.22843  149.0  116.958362  11.555482   46.0  297.957027  34.665179   79.0
FAILURE!!!! Some beads might have been misidentified
               x1        y1  area1          x2         y2  area2          x3        y3  area3          x4         y4  area4          x5         y5  area5          x6         y6  area6          x7         y7  area7
range  297.562306  8.793077  142.0  271.880952  12.611201   66.0  116.059817  6.641762   25.0  309.475976  21.255288   48.0  265.696975  25.288324  150.0  116.792235  11.648604   41.0  297.610273  34.754882   79.0
FAILURE!!!! Some beads might have been misidentified
Residual vector length: 105, Jacobian shape: (105, 6)
view   0 | SOD= 561.029 mm | SDD= 802.742 mm | M= 1.431 | incident=4.7367°
[[ 232.93172    -508.37515     -45.28722   ]
 [-105.88059     216.45256      19.71278   ]
 [   0.1365363     0.06113919    0.        ]
 [   0.            0.            0.1496    ]]
               x1        y1  area1          x2         y2  area2          x3       y3  area3          x4         y4  area4          x5         y5  area5          x6         y6  area6          x7         y7  area7
range  299.440152  8.953859  143.0  273.080017  12.538369   59.0  115.472182  6.85892   25.0  309.188314  21.399312   48.0  266.020697  25.491422  148.0  117.800404  11.615128   36.0  299.546122  34.732693   81.0
FAILURE!!!! Some beads might have been misidentified

iter 06 cost=544.098319 -> 304.170466 |dtheta|=1.482084e+00  lambda=1.372e-05

============================================================
Iteration 7
============================================================
Theta offsets (Unity frame):
  Source   : dSx=   0.000, dSy=   0.000, dSz=   0.000  (mm)
  Object   : dOx= -17.848, dOy=  -8.287, dOz= -20.836  (mm)
  Object offset: offset_x=   0.022, offset_z=   0.013  (mm)
  Detector : dDx=   0.000, dDy=   0.000, dDz=   0.000  (mm)
  Obj Stage rotY :   24.122 deg
============================================================

Unity geometry (world coordinates):
  Source   : x=   5.000, y=  60.000, z=   0.000
  Object   : x=   0.152, y=  14.713, z= 559.164
  Detector : x=  -8.000, y=  -5.000, z= 800.000
  Obj rotY :   0.0000 deg
view   0 | SOD= 561.029 mm | SDD= 802.742 mm | M= 1.431 | incident=4.7367°
[[ 232.93172    -508.37515     -45.28722   ]
 [-105.88059     216.45256      19.71278   ]
 [   0.1365363     0.06113919    0.        ]
 [   0.            0.            0.1496    ]]
               x1        y1  area1          x2         y2  area2          x3       y3  area3          x4         y4  area4          x5         y5  area5          x6         y6  area6          x7         y7  area7
range  299.440152  8.953859  143.0  273.080017  12.538369   59.0  115.472182  6.85892   25.0  309.188314  21.399312   48.0  266.020697  25.491422  148.0  117.800404  11.615128   36.0  299.546122  34.732693   81.0
FAILURE!!!! Some beads might have been misidentified
               x1        y1  area1          x2         y2  area2          x3        y3  area3         x4         y4  area4          x5         y5  area5          x6         y6  area6          x7         y7  area7
range  299.446912  9.014209  146.0  273.168785  12.514313   60.0  115.594036  6.754756   25.0  309.26416  21.433509   50.0  266.047201  25.520493  151.0  117.886191  11.656855   37.0  299.545292  34.723349   87.0
FAILURE!!!! Some beads might have been misidentified
               x1        y1  area1         x2         y2  area2          x3        y3  area3          x4         y4  area4          x5         y5  area5         x6        y6  area6          x7         y7  area7
range  299.444076  8.973971  143.0  273.11557  12.467663   55.0  115.470809  6.838163   17.0  308.961166  21.357507   52.0  266.039087  25.435564  142.0  117.73297  11.60219   40.0  299.480228  34.783604   84.0
FAILURE!!!! Some beads might have been misidentified
               x1        y1  area1          x2         y2  area2          x3        y3  area3          x4         y4  area4          x5         y5  area5          x6         y6  area6          x7         y7  area7
range  299.481695  8.978701  135.0  273.183515  12.567856   58.0  115.530144  6.835843   24.0  309.111705  21.408101   41.0  266.189056  25.434532  158.0  117.801306  11.559899   43.0  299.514992  34.625223   75.0
FAILURE!!!! Some beads might have been misidentified
               x1       y1  area1          x2         y2  area2         x3        y3  area3          x4         y4  area4          x5         y5  area5          x6        y6  area6          x7         y7  area7
range  299.374098  8.95844  143.0  273.082932  12.517322   63.0  115.44894  6.875487   24.0  309.213832  21.521667   48.0  265.962852  25.449496  149.0  117.830507  11.63871   41.0  299.559927  34.767828   83.0
FAILURE!!!! Some beads might have been misidentified
               x1        y1  area1          x2         y2  area2          x3       y3  area3          x4         y4  area4          x5         y5  area5          x6        y6  area6          x7         y7  area7
range  299.440152  8.953859  143.0  273.103656  12.538369   60.0  115.472182  6.85892   25.0  309.165481  21.388133   49.0  266.020697  25.437294  147.0  117.775438  11.60735   36.0  299.552146  34.717162   82.0
FAILURE!!!! Some beads might have been misidentified
               x1        y1  area1          x2         y2  area2          x3       y3  area3          x4         y4  area4          x5         y5  area5         x6         y6  area6          x7         y7  area7
range  299.440152  8.953859  143.0  273.080017  12.538369   59.0  115.472182  6.85892   25.0  309.186578  21.403524   49.0  266.017357  25.485348  148.0  117.81995  11.615128   37.0  299.566504  34.657884   82.0
FAILURE!!!! Some beads might have been misidentified
               x1        y1  area1          x2         y2  area2          x3        y3  area3          x4         y4  area4          x5         y5  area5          x6         y6  area6          x7        y7  area7
range  299.440495  8.942109  136.0  273.100541  12.532642   62.0  115.470538  6.853811   30.0  309.178444  21.422759   49.0  266.071773  25.435265  151.0  117.866332  11.568111   37.0  299.546122  34.77727   72.0
FAILURE!!!! Some beads might have been misidentified
               x1        y1  area1          x2         y2  area2          x3        y3  area3         x4         y4  area4          x5         y5  area5          x6         y6  area6          x7         y7  area7
range  299.423342  8.961084  132.0  273.089824  12.485418   66.0  115.514889  6.759012   25.0  309.07582  21.390882   31.0  266.123853  25.506307  160.0  117.795473  11.591057   47.0  299.469469  34.716049   78.0
FAILURE!!!! Some beads might have been misidentified
               x1        y1  area1          x2        y2  area2          x3        y3  area3          x4         y4  area4          x5         y5  area5          x6         y6  area6          x7         y7  area7
range  299.428952  9.038863  144.0  272.992329  12.57859   56.0  115.356271  6.818093   26.0  308.888437  21.332456   49.0  266.133015  25.444718  146.0  117.924575  11.605038   37.0  299.494316  34.865888   87.0
FAILURE!!!! Some beads might have been misidentified
               x1        y1  area1          x2         y2  area2          x3        y3  area3         x4         y4  area4          x5         y5  area5          x6        y6  area6          x7         y7  area7
range  299.429372  8.988838  137.0  273.157262  12.487017   57.0  115.650397  6.811511   24.0  309.09816  21.405298   30.0  265.967166  25.436392  157.0  117.649721  11.63053   47.0  299.472309  34.746222   76.0
FAILURE!!!! Some beads might have been misidentified
               x1        y1  area1          x2         y2  area2          x3        y3  area3         x4         y4  area4          x5         y5  area5          x6        y6  area6          x7         y7  area7
range  299.567039  8.944399  140.0  273.212756  12.502237   61.0  115.366413  6.783427   23.0  308.79437  21.362125   49.0  265.969415  25.489692  148.0  117.837235  11.61385   37.0  299.679659  34.745031   83.0
FAILURE!!!! Some beads might have been misidentified
               x1        y1  area1        x2         y2  area2          x3        y3  area3          x4         y4  area4          x5         y5  area5          x6         y6  area6          x7         y7  area7
range  299.317358  9.006036  134.0  273.0363  12.545499   60.0  115.546001  6.821428   26.0  309.392387  21.402384   45.0  266.083968  25.450293  159.0  117.713269  11.597116   47.0  299.353134  34.710906   75.0
FAILURE!!!! Some beads might have been misidentified
Residual vector length: 105, Jacobian shape: (105, 6)
view   0 | SOD= 560.066 mm | SDD= 802.742 mm | M= 1.433 | incident=4.7367°
[[ 235.10704    -506.31436     -45.214397  ]
 [-107.00207     216.96317      19.785603  ]
 [   0.1362565     0.06176024    0.        ]
 [   0.            0.            0.1496    ]]
               x1        y1  area1          x2         y2  area2          x3       y3  area3          x4        y4  area4          x5         y5  area5          x6         y6  area6          x7         y7  area7
range  300.568514  8.884505  138.0  276.197915  12.594664   55.0  117.135712  6.75242    9.0  309.012579  21.71154   53.0  264.704737  25.598772  152.0  116.556435  11.742194   39.0  300.578671  34.873129   83.0
FAILURE!!!! Some beads might have been misidentified

iter 07 cost=304.170466 -> 153.009133 |dtheta|=1.054180e+00  lambda=4.572e-06

============================================================
Iteration 8
============================================================
Theta offsets (Unity frame):
  Source   : dSx=   0.000, dSy=   0.000, dSz=   0.000  (mm)
  Object   : dOx= -18.012, dOy=  -8.214, dOz= -21.834  (mm)
  Object offset: offset_x=  -0.100, offset_z=   0.048  (mm)
  Detector : dDx=   0.000, dDy=   0.000, dDz=   0.000  (mm)
  Obj Stage rotY :   24.383 deg
============================================================

Unity geometry (world coordinates):
  Source   : x=   5.000, y=  60.000, z=   0.000
  Object   : x=  -0.012, y=  14.786, z= 558.166
  Detector : x=  -8.000, y=  -5.000, z= 800.000
  Obj rotY :   0.0000 deg
view   0 | SOD= 560.066 mm | SDD= 802.742 mm | M= 1.433 | incident=4.7367°
[[ 235.10704    -506.31436     -45.214397  ]
 [-107.00207     216.96317      19.785603  ]
 [   0.1362565     0.06176024    0.        ]
 [   0.            0.            0.1496    ]]
               x1        y1  area1          x2         y2  area2          x3       y3  area3          x4        y4  area4          x5         y5  area5          x6         y6  area6          x7         y7  area7
range  300.568514  8.884505  138.0  276.197915  12.594664   55.0  117.135712  6.75242    9.0  309.012579  21.71154   53.0  264.704737  25.598772  152.0  116.556435  11.742194   39.0  300.578671  34.873129   83.0
FAILURE!!!! Some beads might have been misidentified
               x1       y1  area1          x2         y2  area2          x3        y3  area3          x4         y4  area4         x5        y5  area5          x6        y6  area6          x7         y7  area7
range  300.519101  8.89106  132.0  276.175656  12.545414   59.0  117.121765  6.732847   22.0  308.982602  21.681976   55.0  264.68023  25.63227  157.0  116.523998  11.72231   33.0  300.601715  34.917534   80.0
FAILURE!!!! Some beads might have been misidentified
               x1        y1  area1          x2         y2  area2          x3        y3  area3          x4         y4  area4          x5         y5  area5          x6         y6  area6         x7         y7  area7
range  300.590317  8.861332  139.0  276.067878  12.555799   56.0  117.187725  6.812956   12.0  308.937895  21.678584   51.0  264.740438  25.612538  152.0  116.648982  11.644297   36.0  300.62081  34.837919   86.0
FAILURE!!!! Some beads might have been misidentified
               x1       y1  area1          x2        y2  area2          x3        y3  area3          x4         y4  area4          x5         y5  area5          x6         y6  area6          x7         y7  area7
range  300.574105  8.90125  140.0  276.173262  12.47311   56.0  117.184426  6.700566   14.0  309.011011  21.573073   54.0  264.620471  25.600488  153.0  116.596823  11.635268   41.0  300.577613  34.746853   80.0
FAILURE!!!! Some beads might have been misidentified
               x1        y1  area1          x2        y2  area2          x3        y3  area3          x4         y4  area4          x5         y5  area5         x6       y6  area6          x7         y7  area7
range  300.561255  8.887081  138.0  276.260003  12.51789   57.0  117.196789  6.785465   16.0  309.017307  21.658405   50.0  264.718812  25.624471  148.0  116.65341  11.7627   42.0  300.579689  34.847872   86.0
FAILURE!!!! Some beads might have been misidentified
               x1        y1  area1          x2         y2  area2          x3       y3  area3          x4         y4  area4          x5         y5  area5          x6         y6  area6          x7         y7  area7
range  300.530391  8.886441  140.0  276.190391  12.594664   55.0  117.135712  6.75242    9.0  308.974769  21.706888   53.0  264.704737  25.590097  153.0  116.545052  11.742194   40.0  300.578671  34.873129   83.0
FAILURE!!!! Some beads might have been misidentified
               x1        y1  area1          x2         y2  area2          x3       y3  area3          x4         y4  area4          x5         y5  area5          x6         y6  area6          x7         y7  area7
range  300.594087  8.876906  137.0  276.197915  12.594664   55.0  117.135712  6.75242    9.0  309.013834  21.736865   54.0  264.704737  25.613988  153.0  116.570522  11.762677   39.0  300.582354  34.897368   82.0
FAILURE!!!! Some beads might have been misidentified
               x1        y1  area1          x2         y2  area2          x3        y3  area3          x4         y4  area4          x5         y5  area5          x6         y6  area6          x7         y7  area7
range  300.530391  8.880019  135.0  276.161449  12.597383   59.0  117.158876  6.761727   14.0  308.991799  21.700152   50.0  264.706559  25.593932  157.0  116.585282  11.704538   42.0  300.582679  34.853589   77.0
FAILURE!!!! Some beads might have been misidentified
               x1        y1  area1          x2        y2  area2          x3        y3  area3          x4         y4  area4          x5         y5  area5         x6         y6  area6          x7         y7  area7
range  300.594087  8.909164  137.0  276.182282  12.59249   54.0  117.135712  6.738235   10.0  308.996103  21.754206   55.0  264.691757  25.623113  153.0  116.56336  11.762677   38.0  300.629428  34.881498   84.0
FAILURE!!!! Some beads might have been misidentified
               x1        y1  area1          x2         y2  area2          x3        y3  area3          x4         y4  area4          x5         y5  area5          x6         y6  area6          x7         y7  area7
range  300.564589  8.927724  131.0  275.966454  12.602886   59.0  116.958897  6.784234   19.0  308.997899  21.694629   50.0  264.741362  25.579916  154.0  116.759475  11.692406   39.0  300.597273  34.894812   83.0
FAILURE!!!! Some beads might have been misidentified
               x1       y1  area1          x2         y2  area2          x3        y3  area3          x4         y4  area4          x5         y5  area5          x6         y6  area6          x7         y7  area7
range  300.511717  8.82254  138.0  276.283955  12.547433   55.0  117.284225  6.744559   13.0  308.976146  21.720399   54.0  264.631421  25.634376  154.0  116.470543  11.682098   39.0  300.603085  34.887928   81.0
FAILURE!!!! Some beads might have been misidentified
               x1        y1  area1          x2         y2  area2          x3        y3  area3          x4         y4  area4          x5        y5  area5          x6         y6  area6          x7        y7  area7
range  300.747575  8.906485  140.0  276.275381  12.611428   57.0  117.117767  6.748268   12.0  308.770602  21.673441   57.0  264.666063  25.60561  152.0  116.659405  11.766178   42.0  300.766077  34.82312   88.0
FAILURE!!!! Some beads might have been misidentified
               x1        y1  area1          x2         y2  area2         x3        y3  area3          x4         y4  area4          x5         y5  area5          x6         y6  area6          x7         y7  area7
range  300.384646  8.898804  139.0  276.039393  12.562832   56.0  117.29858  6.788958   13.0  309.149895  21.680094   49.0  264.752451  25.627448  154.0  116.522467  11.746773   37.0  300.486354  34.897368   82.0
FAILURE!!!! Some beads might have been misidentified
Residual vector length: 105, Jacobian shape: (105, 6)
view   0 | SOD= 559.443 mm | SDD= 802.742 mm | M= 1.435 | incident=4.7367°
[[ 236.73964    -504.8602      -45.239     ]
 [-108.07912     217.12944      19.761003  ]
 [   0.13602395    0.06227072    0.        ]
 [   0.            0.            0.1496    ]]
               x1        y1  area1          x2         y2  area2          x3       y3  area3          x4         y4  area4          x5         y5  area5          x6        y6  area6          x7        y7  area7
range  300.644517  8.995122  135.0  275.688774  12.434131   56.0  116.668177  6.83451   31.0  309.195568  21.692797   57.0  265.880098  25.565266  158.0  117.029782  11.76509   33.0  300.676444  34.99338   73.0
FAILURE!!!! Some beads might have been misidentified

iter 08 cost=153.009133 -> 87.001947 |dtheta|=6.554388e-01  lambda=1.524e-06

============================================================
Iteration 9
============================================================
Theta offsets (Unity frame):
  Source   : dSx=   0.000, dSy=   0.000, dSz=   0.000  (mm)
  Object   : dOx= -18.048, dOy=  -8.239, dOz= -22.450  (mm)
  Object offset: offset_x=  -0.061, offset_z=   0.037  (mm)
  Detector : dDx=   0.000, dDy=   0.000, dDz=   0.000  (mm)
  Obj Stage rotY :   24.598 deg
============================================================

Unity geometry (world coordinates):
  Source   : x=   5.000, y=  60.000, z=   0.000
  Object   : x=  -0.048, y=  14.761, z= 557.550
  Detector : x=  -8.000, y=  -5.000, z= 800.000
  Obj rotY :   0.0000 deg
view   0 | SOD= 559.443 mm | SDD= 802.742 mm | M= 1.435 | incident=4.7367°
[[ 236.73964    -504.8602      -45.239     ]
 [-108.07912     217.12944      19.761003  ]
 [   0.13602395    0.06227072    0.        ]
 [   0.            0.            0.1496    ]]
               x1        y1  area1          x2         y2  area2          x3       y3  area3          x4         y4  area4          x5         y5  area5          x6        y6  area6          x7        y7  area7
range  300.644517  8.995122  135.0  275.688774  12.434131   56.0  116.668177  6.83451   31.0  309.195568  21.692797   57.0  265.880098  25.565266  158.0  117.029782  11.76509   33.0  300.676444  34.99338   73.0
FAILURE!!!! Some beads might have been misidentified
              x1        y1  area1          x2         y2  area2          x3        y3  area3          x4         y4  area4         x5         y5  area5          x6         y6  area6          x7         y7  area7
range  300.61925  9.022005  136.0  275.686187  12.522498   53.0  116.594712  6.844919   25.0  309.358352  21.661055   50.0  265.84918  25.601296  154.0  117.091312  11.790581   32.0  300.687146  35.006035   78.0
FAILURE!!!! Some beads might have been misidentified
               x1        y1  area1          x2         y2  area2          x3        y3  area3          x4         y4  area4          x5         y5  area5          x6         y6  area6          x7         y7  area7
range  300.485167  9.007423  133.0  275.740038  12.491593   68.0  116.924152  6.876248   33.0  309.381085  21.650687   42.0  265.860118  25.431138  164.0  117.124383  11.770486   38.0  300.650866  35.007179   70.0
FAILURE!!!! Some beads might have been misidentified
               x1        y1  area1          x2         y2  area2          x3       y3  area3          x4         y4  area4          x5         y5  area5          x6         y6  area6        x7         y7  area7
range  300.589034  8.999555  134.0  275.664013  12.421995   62.0  116.667099  6.87238   34.0  309.307998  21.613327   52.0  265.919436  25.608028  155.0  117.042163  11.805705   40.0  300.6058  34.805948   76.0
FAILURE!!!! Some beads might have been misidentified
               x1        y1  area1          x2         y2  area2          x3        y3  area3          x4        y4  area4          x5        y5  area5          x6         y6  area6          x7         y7  area7
range  300.612144  8.948919  137.0  275.651854  12.453728   55.0  116.850225  6.894763   26.0  309.375855  21.72765   44.0  265.916959  25.50927  158.0  117.121569  11.819651   38.0  300.653026  35.055882   74.0
FAILURE!!!! Some beads might have been misidentified
               x1       y1  area1          x2         y2  area2          x3        y3  area3          x4         y4  area4          x5         y5  area5          x6         y6  area6         x7         y7  area7
range  300.644517  8.92632  146.0  275.563925  12.459177   47.0  116.813078  6.777657   19.0  309.210919  21.597112   57.0  265.788438  25.598073  147.0  117.088401  11.729191   34.0  300.65352  34.915514   89.0
FAILURE!!!! Some beads might have been misidentified
               x1        y1  area1          x2         y2  area2          x3        y3  area3          x4        y4  area4         x5         y5  area5          x6        y6  area6          x7        y7  area7
range  300.644517  8.995122  135.0  275.738916  12.434131   57.0  116.666168  6.838526   31.0  309.195568  21.67708   57.0  265.91405  25.565266  158.0  117.008842  11.76509   32.0  300.692389  34.99338   73.0
FAILURE!!!! Some beads might have been misidentified
               x1        y1  area1          x2         y2  area2          x3        y3  area3          x4         y4  area4          x5         y5  area5          x6         y6  area6          x7         y7  area7
range  300.684759  9.005616  137.0  275.714158  12.451584   58.0  116.644813  6.824784   30.0  309.214417  21.729251   56.0  265.847409  25.582075  157.0  117.053701  11.781328   34.0  300.638189  35.020652   75.0
FAILURE!!!! Some beads might have been misidentified
               x1        y1  area1          x2         y2  area2          x3        y3  area3          x4        y4  area4          x5         y5  area5          x6         y6  area6          x7        y7  area7
range  300.606554  8.990182  138.0  275.738916  12.463737   57.0  116.689622  6.823643   31.0  309.188991  21.67708   58.0  265.928963  25.557377  156.0  116.985006  11.781161   34.0  300.676444  34.97426   73.0
FAILURE!!!! Some beads might have been misidentified
              x1        y1  area1         x2         y2  area2         x3        y3  area3          x4         y4  area4          x5         y5  area5          x6         y6  area6          x7         y7  area7
range  300.61657  8.982134  140.0  275.53812  12.494223   49.0  116.58517  6.806748   30.0  309.261952  21.706549   52.0  266.112547  25.579213  155.0  117.265338  11.775403   32.0  300.707572  34.957146   78.0
FAILURE!!!! Some beads might have been misidentified
               x1        y1  area1          x2         y2  area2          x3        y3  area3          x4         y4  area4          x5         y5  area5          x6         y6  area6         x7         y7  area7
range  300.684759  8.983297  138.0  275.876895  12.479142   64.0  116.933694  6.819105   24.0  309.201278  21.573484   57.0  265.610528  25.495327  158.0  116.911872  11.780093   34.0  300.64411  34.984089   78.0
FAILURE!!!! Some beads might have been misidentified
               x1        y1  area1          x2         y2  area2          x3        y3  area3          x4         y4  area4          x5         y5  area5          x6         y6  area6         x7         y7  area7
range  300.650465  8.950446  141.0  275.663822  12.512157   54.0  116.824097  6.840486   26.0  309.214719  21.701958   51.0  265.718911  25.572999  151.0  117.180404  11.755036   37.0  300.80043  34.953719   81.0
FAILURE!!!! Some beads might have been misidentified
               x1        y1  area1          x2         y2  area2          x3       y3  area3          x4         y4  area4          x5        y5  area5          x6         y6  area6          x7         y7  area7
range  300.450163  9.050918  132.0  275.651813  12.501586   59.0  116.666168  6.85743   28.0  309.516221  21.655801   42.0  266.054272  25.57208  158.0  116.941319  11.781328   37.0  300.531333  35.046713   73.0
FAILURE!!!! Some beads might have been misidentified
Residual vector length: 105, Jacobian shape: (105, 6)
view   0 | SOD= 559.246 mm | SDD= 802.742 mm | M= 1.435 | incident=4.7367°
[[ 237.21214    -504.42172     -45.227234  ]
 [-108.41939     217.17918      19.772764  ]
 [   0.13595375    0.06242385    0.        ]
 [   0.            0.            0.1496    ]]
               x1        y1  area1          x2         y2  area2          x3        y3  area3         x4         y4  area4          x5         y5  area5          x6         y6  area6          x7         y7  area7
range  300.043734  9.013306  141.0  275.097406  12.522999   61.0  117.048878  6.774481   29.0  310.39723  21.708849   49.0  266.427895  25.629459  155.0  116.938508  11.835564   41.0  300.053258  35.134029   78.0
FAILURE!!!! Some beads might have been misidentified

iter 09 cost=87.001947 -> 75.016338 |dtheta|=1.688653e-01  lambda=1.000e-06

============================================================
Iteration 10
============================================================
Theta offsets (Unity frame):
  Source   : dSx=   0.000, dSy=   0.000, dSz=   0.000  (mm)
  Object   : dOx= -18.046, dOy=  -8.227, dOz= -22.597  (mm)
  Object offset: offset_x=  -0.047, offset_z=  -0.012  (mm)
  Detector : dDx=   0.000, dDy=   0.000, dDz=   0.000  (mm)
  Obj Stage rotY :   24.662 deg
============================================================

Unity geometry (world coordinates):
  Source   : x=   5.000, y=  60.000, z=   0.000
  Object   : x=  -0.046, y=  14.773, z= 557.403
  Detector : x=  -8.000, y=  -5.000, z= 800.000
  Obj rotY :   0.0000 deg
view   0 | SOD= 559.246 mm | SDD= 802.742 mm | M= 1.435 | incident=4.7367°
[[ 237.21214    -504.42172     -45.227234  ]
 [-108.41939     217.17918      19.772764  ]
 [   0.13595375    0.06242385    0.        ]
 [   0.            0.            0.1496    ]]
               x1        y1  area1          x2         y2  area2          x3        y3  area3         x4         y4  area4          x5         y5  area5          x6         y6  area6          x7         y7  area7
range  300.043734  9.013306  141.0  275.097406  12.522999   61.0  117.048878  6.774481   29.0  310.39723  21.708849   49.0  266.427895  25.629459  155.0  116.938508  11.835564   41.0  300.053258  35.134029   78.0
FAILURE!!!! Some beads might have been misidentified
               x1        y1  area1          x2         y2  area2       x3        y3  area3          x4        y4  area4          x5         y5  area5          x6         y6  area6         x7         y7  area7
range  299.984088  8.968254  145.0  275.119648  12.586916   59.0  117.082  6.867348   28.0  310.318823  21.63993   59.0  266.568356  25.598819  152.0  117.033868  11.862828   36.0  300.02633  35.228773   77.0
FAILURE!!!! Some beads might have been misidentified
               x1        y1  area1          x2         y2  area2          x3        y3  area3          x4         y4  area4          x5         y5  area5          x6         y6  area6          x7         y7  area7
range  299.983252  9.059283  132.0  275.215884  12.506738   75.0  116.945716  6.844037   29.0  310.369071  21.666574   41.0  266.541924  25.519505  155.0  116.854919  11.824014   38.0  300.013513  35.140547   77.0
FAILURE!!!! Some beads might have been misidentified
               x1        y1  area1        x2         y2  area2          x3        y3  area3          x4         y4  area4          x5         y5  area5          x6         y6  area6          x7         y7  area7
range  300.005578  9.033651  138.0  275.1535  12.506498   63.0  116.999474  6.840352   29.0  310.376615  21.701491   46.0  266.449537  25.634038  155.0  116.910742  11.785257   42.0  300.024174  35.194548   78.0
FAILURE!!!! Some beads might have been misidentified
               x1        y1  area1          x2         y2  area2          x3        y3  area3         x4         y4  area4          x5         y5  area5          x6         y6  area6          x7         y7  area7
range  300.049762  9.011702  138.0  275.110299  12.501976   62.0  117.041441  6.773638   32.0  310.38902  21.684483   54.0  266.414739  25.547115  158.0  116.936184  11.895773   40.0  300.058622  35.148292   80.0
FAILURE!!!! Some beads might have been misidentified
              x1        y1  area1          x2         y2  area2          x3        y3  area3          x4         y4  area4          x5         y5  area5          x6         y6  area6          x7         y7  area7
range  300.01962  8.998921  143.0  275.097406  12.522999   61.0  117.064029  6.794167   30.0  310.387123  21.685071   50.0  266.402142  25.637317  154.0  116.911734  11.821839   40.0  300.052596  35.134029   78.0
FAILURE!!!! Some beads might have been misidentified
               x1        y1  area1          x2         y2  area2          x3        y3  area3         x4         y4  area4          x5         y5  area5          x6         y6  area6          x7         y7  area7
range  300.054256  8.988303  140.0  275.118174  12.539017   62.0  117.029892  6.758022   30.0  310.39723  21.708849   49.0  266.433043  25.604909  154.0  116.938508  11.835564   41.0  300.053258  35.156401   79.0
FAILURE!!!! Some beads might have been misidentified
               x1        y1  area1          x2         y2  area2          x3        y3  area3         x4         y4  area4          x5         y5  area5          x6         y6  area6          x7         y7  area7
range  299.984593  9.043629  138.0  275.130726  12.533271   63.0  117.045035  6.777715   31.0  310.39723  21.708849   49.0  266.487185  25.590486  160.0  116.918325  11.821839   41.0  300.030343  35.186265   79.0
FAILURE!!!! Some beads might have been misidentified
               x1        y1  area1          x2         y2  area2          x3        y3  area3          x4         y4  area4          x5         y5  area5          x6         y6  area6          x7         y7  area7
range  300.054256  8.960207  144.0  275.081066  12.500147   62.0  117.073788  6.776874   28.0  310.393067  21.724372   47.0  266.435196  25.591395  152.0  116.938508  11.823467   40.0  300.052596  35.164503   77.0
FAILURE!!!! Some beads might have been misidentified
               x1        y1  area1          x2         y2  area2          x3       y3  area3          x4         y4  area4          x5         y5  area5          x6         y6  area6          x7         y7  area7
range  300.028189  8.938839  144.0  274.972724  12.598565   58.0  116.911924  6.79093   28.0  310.429696  21.691052   47.0  266.717383  25.580042  154.0  117.107515  11.834727   42.0  300.043837  35.186859   78.0
FAILURE!!!! Some beads might have been misidentified
               x1        y1  area1          x2         y2  area2         x3        y3  area3          x4         y4  area4          x5         y5  area5          x6         y6  area6          x7        y7  area7
range  299.984313  9.093134  133.0  275.371451  12.539653   68.0  117.12902  6.820601   32.0  310.346218  21.736961   49.0  266.264143  25.546774  154.0  116.688721  11.834074   40.0  300.030343  35.17366   77.0
FAILURE!!!! Some beads might have been misidentified
               x1      y1  area1          x2         y2  area2         x3        y3  area3          x4         y4  area4          x5         y5  area5          x6         y6  area6          x7         y7  area7
range  300.151751  8.9868  140.0  275.207514  12.511567   67.0  116.92786  6.870642   30.0  310.246675  21.724105   58.0  266.361442  25.620229  156.0  117.048922  11.827827   35.0  300.132291  35.114132   77.0
FAILURE!!!! Some beads might have been misidentified
              x1        y1  area1          x2         y2  area2          x3        y3  area3          x4         y4  area4          x5        y5  area5         x6         y6  area6         x7         y7  area7
range  299.84032  9.026193  139.0  275.093762  12.547382   61.0  117.101057  6.763983   29.0  310.563361  21.714087   49.0  266.618239  25.61509  155.0  116.91612  11.845624   39.0  299.93252  35.198314   78.0
FAILURE!!!! Some beads might have been misidentified
Residual vector length: 105, Jacobian shape: (105, 6)
view   0 | SOD= 558.847 mm | SDD= 802.742 mm | M= 1.436 | incident=4.7367°
[[ 237.36339    -503.91553     -45.139854  ]
 [-108.797005    217.43182      19.860146  ]
 [   0.13590796    0.06252349    0.        ]
 [   0.            0.            0.1496    ]]
               x1        y1  area1          x2         y2  area2          x3        y3  area3          x4         y4  area4          x5         y5  area5          x6         y6  area6          x7         y7  area7
range  300.039117  8.904846  128.0  274.825207  12.450153   61.0  116.302496  6.790882   20.0  310.618722  21.564701   45.0  267.706447  25.462056  165.0  117.716111  11.825995   42.0  299.983378  35.182743   85.0
FAILURE!!!! Some beads might have been misidentified

iter 10 cost=75.016338 -> 55.732581 |dtheta|=4.041290e-01  lambda=1.000e-06

============================================================
Iteration 11
============================================================
Theta offsets (Unity frame):
  Source   : dSx=   0.000, dSy=   0.000, dSz=   0.000  (mm)
  Object   : dOx= -18.042, dOy=  -8.140, dOz= -22.985  (mm)
  Object offset: offset_x=   0.008, offset_z=  -0.017  (mm)
  Detector : dDx=   0.000, dDy=   0.000, dDz=   0.000  (mm)
  Obj Stage rotY :   24.704 deg
============================================================

Unity geometry (world coordinates):
  Source   : x=   5.000, y=  60.000, z=   0.000
  Object   : x=  -0.042, y=  14.860, z= 557.015
  Detector : x=  -8.000, y=  -5.000, z= 800.000
  Obj rotY :   0.0000 deg
view   0 | SOD= 558.847 mm | SDD= 802.742 mm | M= 1.436 | incident=4.7367°
[[ 237.36339    -503.91553     -45.139854  ]
 [-108.797005    217.43182      19.860146  ]
 [   0.13590796    0.06252349    0.        ]
 [   0.            0.            0.1496    ]]
               x1        y1  area1          x2         y2  area2          x3        y3  area3          x4         y4  area4          x5         y5  area5          x6         y6  area6          x7         y7  area7
range  300.039117  8.904846  128.0  274.825207  12.450153   61.0  116.302496  6.790882   20.0  310.618722  21.564701   45.0  267.706447  25.462056  165.0  117.716111  11.825995   42.0  299.983378  35.182743   85.0
FAILURE!!!! Some beads might have been misidentified
               x1        y1  area1          x2         y2  area2          x3        y3  area3          x4         y4  area4          x5        y5  area5          x6         y6  area6          x7         y7  area7
range  300.192239  8.875275  127.0  274.878327  12.465368   66.0  116.390743  6.817013   21.0  310.564294  21.602507   41.0  267.646105  25.44397  166.0  117.650447  11.800203   47.0  300.032147  35.134887   83.0
FAILURE!!!! Some beads might have been misidentified
               x1        y1  area1          x2         y2  area2          x3        y3  area3          x4         y4  area4         x5         y5  area5          x6         y6  area6         x7         y7  area7
range  299.918514  8.933105  132.0  274.836734  12.450131   53.0  116.342647  6.814289   24.0  310.536981  21.594779   51.0  267.53342  25.465644  158.0  117.824867  11.858001   39.0  299.91883  35.106664   79.0
FAILURE!!!! Some beads might have been misidentified
               x1       y1  area1          x2         y2  area2          x3        y3  area3          x4         y4  area4         x5         y5  area5          x6         y6  area6          x7         y7  area7
range  300.019162  9.05134  132.0  274.804346  12.485156   61.0  116.372745  6.800618   24.0  310.580688  21.528966   43.0  267.69433  25.359152  162.0  117.696158  11.891598   40.0  299.970852  35.103207   82.0
FAILURE!!!! Some beads might have been misidentified
               x1        y1  area1          x2        y2  area2         x3        y3  area3          x4         y4  area4          x5         y5  area5          x6        y6  area6          x7        y7  area7
range  300.013359  8.972567  131.0  274.896269  12.59495   61.0  116.14196  6.804831   17.0  310.633464  21.611902   42.0  267.735621  25.445329  165.0  117.679475  11.75962   45.0  299.968241  35.23799   84.0
FAILURE!!!! Some beads might have been misidentified
               x1        y1  area1          x2         y2  area2          x3        y3  area3          x4         y4  area4          x5         y5  area5          x6         y6  area6          x7         y7  area7
range  300.039117  8.904846  128.0  274.825207  12.450153   61.0  116.302496  6.790882   20.0  310.602827  21.564701   44.0  267.689399  25.458116  166.0  117.693108  11.842834   41.0  299.959686  35.127646   87.0
FAILURE!!!! Some beads might have been misidentified
               x1        y1  area1          x2         y2  area2          x3        y3  area3          x4         y4  area4          x5         y5  area5          x6         y6  area6         x7         y7  area7
range  300.039117  8.904846  128.0  274.816724  12.474575   60.0  116.302496  6.805486   20.0  310.618722  21.564701   45.0  267.706447  25.466122  164.0  117.711883  11.822883   41.0  300.00921  35.174979   84.0
FAILURE!!!! Some beads might have been misidentified
               x1        y1  area1          x2         y2  area2          x3        y3  area3          x4         y4  area4          x5         y5  area5          x6         y6  area6          x7         y7  area7
range  300.083803  8.968004  130.0  274.825207  12.425069   60.0  116.354243  6.790882   16.0  310.594697  21.543426   48.0  267.706447  25.437069  162.0  117.677268  11.817525   40.0  299.980813  35.203118   87.0
FAILURE!!!! Some beads might have been misidentified
               x1        y1  area1          x2         y2  area2          x3        y3  area3          x4         y4  area4          x5         y5  area5         x6         y6  area6         x7        y7  area7
range  300.072303  8.899991  129.0  274.815839  12.481253   57.0  116.204243  6.805486   16.0  310.602827  21.585022   44.0  267.523052  25.445998  163.0  117.70027  11.841244   39.0  300.00921  35.14399   86.0
FAILURE!!!! Some beads might have been misidentified
               x1        y1  area1          x2         y2  area2          x3        y3  area3          x4         y4  area4          x5         y5  area5          x6         y6  area6          x7         y7  area7
range  299.934778  8.891895  124.0  274.789505  12.484662   61.0  116.116918  6.757999   17.0  310.550608  21.581846   46.0  267.740921  25.467239  164.0  117.822315  11.842325   43.0  299.956979  35.058839   81.0
FAILURE!!!! Some beads might have been misidentified
               x1        y1  area1         x2         y2  area2          x3        y3  area3          x4         y4  area4          x5         y5  area5          x6         y6  area6          x7         y7  area7
range  300.145214  9.025836  134.0  274.87647  12.431521   60.0  116.601764  6.831226   24.0  310.543602  21.555823   42.0  267.495959  25.455168  161.0  117.671172  11.806255   40.0  300.004971  35.192474   82.0
FAILURE!!!! Some beads might have been misidentified
               x1        y1  area1          x2         y2  area2          x3        y3  area3         x4         y4  area4          x5         y5  area5          x6        y6  area6          x7         y7  area7
range  300.306776  8.914237  132.0  274.877174  12.469066   54.0  116.167705  6.814347   16.0  310.27298  21.603481   48.0  267.618885  25.493986  163.0  117.802268  11.73965   44.0  300.230697  35.055467   82.0
FAILURE!!!! Some beads might have been misidentified
               x1        y1  area1          x2         y2  area2          x3        y3  area3          x4         y4  area4          x5         y5  area5          x6        y6  area6          x7         y7  area7
range  299.778825  8.914237  132.0  274.812871  12.484384   61.0  116.478069  6.801309   20.0  310.763774  21.603546   44.0  267.706447  25.427336  164.0  117.610114  11.88877   42.0  299.757326  35.224417   84.0
FAILURE!!!! Some beads might have been misidentified
Residual vector length: 105, Jacobian shape: (105, 6)
view   0 | SOD= 558.446 mm | SDD= 802.742 mm | M= 1.437 | incident=4.7367°
[[ 238.35507    -503.00455     -45.107613  ]
 [-109.47911     217.53717      19.892387  ]
 [   0.13576244    0.06283885    0.        ]
 [   0.            0.            0.1496    ]]
               x1        y1  area1          x2         y2  area2          x3        y3  area3          x4         y4  area4          x5         y5  area5          x6         y6  area6          x7         y7  area7
range  300.631519  9.009002  140.0  275.398749  12.463449   58.0  116.209291  6.917363   18.0  310.209548  21.687242   45.0  267.704827  25.455622  161.0  118.048629  11.707106   46.0  300.696089  35.182458   82.0
FAILURE!!!! Some beads might have been misidentified

iter 11 cost=55.732581 -> 30.018793 |dtheta|=4.514837e-01  lambda=1.000e-06

============================================================
Iteration 12
============================================================
Theta offsets (Unity frame):
  Source   : dSx=   0.000, dSy=   0.000, dSz=   0.000  (mm)
  Object   : dOx= -18.027, dOy=  -8.108, dOz= -23.414  (mm)
  Object offset: offset_x=   0.004, offset_z=   0.013  (mm)
  Detector : dDx=   0.000, dDy=   0.000, dDz=   0.000  (mm)
  Obj Stage rotY :   24.837 deg
============================================================

Unity geometry (world coordinates):
  Source   : x=   5.000, y=  60.000, z=   0.000
  Object   : x=  -0.027, y=  14.892, z= 556.586
  Detector : x=  -8.000, y=  -5.000, z= 800.000
  Obj rotY :   0.0000 deg
view   0 | SOD= 558.446 mm | SDD= 802.742 mm | M= 1.437 | incident=4.7367°
[[ 238.35507    -503.00455     -45.107613  ]
 [-109.47911     217.53717      19.892387  ]
 [   0.13576244    0.06283885    0.        ]
 [   0.            0.            0.1496    ]]
               x1        y1  area1          x2         y2  area2          x3        y3  area3          x4         y4  area4          x5         y5  area5          x6         y6  area6          x7         y7  area7
range  300.631519  9.009002  140.0  275.398749  12.463449   58.0  116.209291  6.917363   18.0  310.209548  21.687242   45.0  267.704827  25.455622  161.0  118.048629  11.707106   46.0  300.696089  35.182458   82.0
FAILURE!!!! Some beads might have been misidentified
               x1        y1  area1          x2         y2  area2          x3        y3  area3          x4         y4  area4          x5        y5  area5          x6         y6  area6          x7         y7  area7
range  300.637361  9.008192  134.0  275.337846  12.427294   56.0  116.406264  6.887449   20.0  310.236799  21.659345   53.0  267.622736  25.53931  161.0  118.019532  11.765914   35.0  300.602132  35.339501   86.0
FAILURE!!!! Some beads might have been misidentified
               x1        y1  area1          x2         y2  area2          x3        y3  area3          x4         y4  area4          x5         y5  area5          x6       y6  area6         x7        y7  area7
range  300.739242  8.996327  140.0  275.336672  12.509435   58.0  116.125525  6.974865   15.0  310.294509  21.697735   51.0  267.586252  25.443664  158.0  118.106467  11.6449   43.0  300.62212  35.18713   89.0
FAILURE!!!! Some beads might have been misidentified
               x1        y1  area1          x2         y2  area2          x3        y3  area3          x4         y4  area4          x5         y5  area5        x6         y6  area6          x7         y7  area7
range  300.604717  9.029088  138.0  275.343013  12.469283   61.0  116.282493  6.925818   16.0  310.180948  21.629021   45.0  267.712093  25.485777  163.0  118.0985  11.697492   47.0  300.679434  35.207867   85.0
FAILURE!!!! Some beads might have been misidentified
               x1        y1  area1         x2         y2  area2          x3        y3  area3        x4       y4  area4          x5         y5  area5          x6       y6  area6          x7         y7  area7
range  300.713458  8.933775  126.0  275.39961  12.449235   64.0  116.158637  6.807385   27.0  310.2415  21.6887   44.0  267.559328  25.555232  169.0  118.098616  11.8054   46.0  300.742607  35.142558   70.0
FAILURE!!!! Some beads might have been misidentified
               x1        y1  area1          x2         y2  area2          x3        y3  area3          x4         y4  area4          x5        y5  area5          x6         y6  area6          x7         y7  area7
range  300.631519  9.009002  140.0  275.398749  12.463449   58.0  116.210734  6.917363   19.0  310.197679  21.661874   46.0  267.693889  25.48085  162.0  118.048629  11.707106   46.0  300.685734  35.203095   85.0
FAILURE!!!! Some beads might have been misidentified
              x1        y1  area1         x2         y2  area2          x3        y3  area3          x4         y4  area4          x5        y5  area5          x6         y6  area6          x7         y7  area7
range  300.65194  8.951825  146.0  275.38273  12.487031   50.0  116.196721  6.920336   15.0  310.243011  21.665759   50.0  267.704827  25.47958  152.0  117.986286  11.687321   35.0  300.657219  35.206119   94.0
FAILURE!!!! Some beads might have been misidentified
               x1        y1  area1          x2         y2  area2          x3        y3  area3          x4         y4  area4          x5         y5  area5          x6         y6  area6          x7         y7  area7
range  300.574954  9.010993  139.0  275.398749  12.480544   57.0  116.205946  6.917363   17.0  310.186488  21.688967   46.0  267.704827  25.448719  163.0  118.097182  11.707106   44.0  300.653975  35.215822   83.0
FAILURE!!!! Some beads might have been misidentified
               x1        y1  area1          x2         y2  area2          x3        y3  area3          x4         y4  area4          x5         y5  area5          x6         y6  area6          x7         y7  area7
range  300.631519  9.054029  131.0  275.407431  12.477634   67.0  116.228806  6.894286   24.0  310.201102  21.688054   46.0  267.574208  25.529264  171.0  118.084848  11.726946   45.0  300.745455  35.244392   74.0
FAILURE!!!! Some beads might have been misidentified
               x1        y1  area1          x2         y2  area2          x3        y3  area3          x4         y4  area4          x5         y5  area5          x6         y6  area6          x7       y7  area7
range  300.648124  9.009875  131.0  275.217819  12.497185   63.0  116.089808  6.896787   19.0  310.234659  21.631814   48.0  267.830929  25.485346  168.0  118.187228  11.729168   41.0  300.684844  35.2396   80.0
FAILURE!!!! Some beads might have been misidentified
               x1        y1  area1          x2         y2  area2          x3        y3  area3          x4         y4  area4          x5         y5  area5          x6         y6  area6          x7        y7  area7
range  300.633989  9.007387  139.0  275.417747  12.470573   52.0  116.297676  6.902867   22.0  310.258024  21.687323   60.0  267.421776  25.543358  157.0  117.909441  11.653349   31.0  300.657474  35.25583   96.0
FAILURE!!!! Some beads might have been misidentified
               x1        y1  area1          x2         y2  area2          x3        y3  area3          x4         y4  area4          x5         y5  area5          x6         y6  area6          x7         y7  area7
range  300.781557  8.980605  143.0  275.412309  12.486269   57.0  116.054767  6.920336   15.0  310.150024  21.685208   48.0  267.606631  25.481238  158.0  118.168062  11.707106   43.0  300.799044  35.140575   89.0
FAILURE!!!! Some beads might have been misidentified
               x1        y1  area1          x2         y2  area2          x3        y3  area3          x4         y4  area4          x5        y5  area5          x6         y6  area6          x7         y7  area7
range  300.575765  8.987137  142.0  275.234645  12.448421   50.0  116.412088  6.929674   13.0  310.378487  21.664509   55.0  267.802939  25.47958  152.0  117.956054  11.676803   35.0  300.474908  35.278517   94.0
FAILURE!!!! Some beads might have been misidentified
Residual vector length: 105, Jacobian shape: (105, 6)
view   0 | SOD= 558.289 mm | SDD= 802.742 mm | M= 1.438 | incident=4.7367°
[[ 237.91267    -503.041       -45.101997  ]
 [-109.42562     217.73991      19.898003  ]
 [   0.13580564    0.06274542    0.        ]
 [   0.            0.            0.1496    ]]
               x1        y1  area1          x2         y2  area2          x3        y3  area3        x4         y4  area4          x5         y5  area5          x6         y6  area6          x7         y7  area7
range  300.753518  8.968265  135.0  275.271124  12.485156   61.0  115.667788  6.831533   18.0  310.2415  21.754686   44.0  268.031739  25.432378  158.0  118.524491  11.712571   44.0  300.850371  35.107157   72.0
FAILURE!!!! Some beads might have been misidentified

iter 12 cost=30.018793 -> 26.976489 |dtheta|=1.691792e-01  lambda=1.000e-06

============================================================
Iteration 13
============================================================
Theta offsets (Unity frame):
  Source   : dSx=   0.000, dSy=   0.000, dSz=   0.000  (mm)
  Object   : dOx= -18.017, dOy=  -8.102, dOz= -23.577  (mm)
  Object offset: offset_x=   0.028, offset_z=   0.019  (mm)
  Detector : dDx=   0.000, dDy=   0.000, dDz=   0.000  (mm)
  Obj Stage rotY :   24.798 deg
============================================================

Unity geometry (world coordinates):
  Source   : x=   5.000, y=  60.000, z=   0.000
  Object   : x=  -0.017, y=  14.898, z= 556.423
  Detector : x=  -8.000, y=  -5.000, z= 800.000
  Obj rotY :   0.0000 deg
view   0 | SOD= 558.289 mm | SDD= 802.742 mm | M= 1.438 | incident=4.7367°
[[ 237.91267    -503.041       -45.101997  ]
 [-109.42562     217.73991      19.898003  ]
 [   0.13580564    0.06274542    0.        ]
 [   0.            0.            0.1496    ]]
               x1        y1  area1          x2         y2  area2          x3        y3  area3        x4         y4  area4          x5         y5  area5          x6         y6  area6          x7         y7  area7
range  300.753518  8.968265  135.0  275.271124  12.485156   61.0  115.667788  6.831533   18.0  310.2415  21.754686   44.0  268.031739  25.432378  158.0  118.524491  11.712571   44.0  300.850371  35.107157   72.0
FAILURE!!!! Some beads might have been misidentified
               x1        y1  area1          x2         y2  area2         x3        y3  area3          x4         y4  area4          x5         y5  area5          x6         y6  area6          x7         y7  area7
range  300.781557  9.087619  133.0  275.181814  12.545296   66.0  115.70984  6.864803   26.0  310.258942  21.753472   45.0  267.960178  25.430766  162.0  118.566133  11.708563   42.0  300.834892  35.124674   75.0
FAILURE!!!! Some beads might have been misidentified
               x1        y1  area1          x2         y2  area2          x3        y3  area3          x4         y4  area4          x5         y5  area5          x6         y6  area6          x7         y7  area7
range  300.829212  8.960422  133.0  275.257564  12.486748   59.0  115.663936  6.893638   21.0  310.350728  21.677283   49.0  268.128863  25.493947  167.0  118.473872  11.660925   49.0  300.829652  35.066955   69.0
FAILURE!!!! Some beads might have been misidentified
              x1       y1  area1          x2         y2  area2         x3        y3  area3          x4         y4  area4          x5         y5  area5          x6         y6  area6         x7         y7  area7
range  300.73288  9.04193  134.0  275.269173  12.516946   58.0  115.67124  6.902066   24.0  310.206123  21.681863   46.0  268.015251  25.497436  158.0  118.604387  11.733762   44.0  300.84281  35.208749   76.0
FAILURE!!!! Some beads might have been misidentified
               x1        y1  area1          x2         y2  area2        x3        y3  area3          x4         y4  area4          x5         y5  area5          x6         y6  area6          x7        y7  area7
range  300.798058  8.970337  133.0  275.237945  12.481818   63.0  115.6886  6.826044   22.0  310.270136  21.687139   46.0  268.034332  25.560833  154.0  118.563588  11.748973   44.0  300.832877  35.07785   75.0
FAILURE!!!! Some beads might have been misidentified
               x1        y1  area1          x2         y2  area2          x3        y3  area3          x4         y4  area4          x5         y5  area5          x6         y6  area6          x7         y7  area7
range  300.753518  8.964946  136.0  275.271124  12.485156   61.0  115.667788  6.831533   18.0  310.225499  21.730067   46.0  268.031739  25.432378  158.0  118.542744  11.696241   44.0  300.850371  35.107157   72.0
FAILURE!!!! Some beads might have been misidentified
               x1        y1  area1          x2         y2  area2          x3        y3  area3          x4         y4  area4          x5         y5  area5          x6         y6  area6          x7         y7  area7
range  300.753518  8.968265  135.0  275.271124  12.485156   61.0  115.667788  6.831533   18.0  310.261656  21.730561   43.0  268.068277  25.458174  156.0  118.524491  11.676499   44.0  300.861505  35.096562   73.0
FAILURE!!!! Some beads might have been misidentified
               x1        y1  area1          x2         y2  area2          x3        y3  area3          x4         y4  area4          x5         y5  area5          x6         y6  area6          x7         y7  area7
range  300.739242  8.993021  141.0  275.271124  12.502172   60.0  115.688937  6.831533   18.0  310.232477  21.754443   45.0  268.031739  25.453089  156.0  118.542744  11.696241   44.0  300.858927  35.082948   71.0
FAILURE!!!! Some beads might have been misidentified
               x1        y1  area1          x2         y2  area2          x3        y3  area3        x4         y4  area4          x5         y5  area5          x6         y6  area6          x7         y7  area7
range  300.775117  8.974908  135.0  275.258303  12.499344   62.0  115.667788  6.831533   18.0  310.2415  21.740959   44.0  268.055012  25.432378  158.0  118.524491  11.676499   44.0  300.850371  35.152109   75.0
FAILURE!!!! Some beads might have been misidentified
               x1        y1  area1          x2         y2  area2         x3        y3  area3          x4         y4  area4          x5         y5  area5          x6         y6  area6          x7         y7  area7
range  300.825624  9.043272  139.0  275.160095  12.541948   52.0  115.54993  6.882095   25.0  310.301619  21.688798   53.0  268.194277  25.529837  148.0  118.636712  11.658671   37.0  300.838906  35.203524   83.0
FAILURE!!!! Some beads might have been misidentified
               x1        y1  area1          x2         y2  area2          x3        y3  area3        x4         y4  area4          x5       y5  area5          x6        y6  area6          x7         y7  area7
range  300.742702  9.002645  129.0  275.279133  12.498489   61.0  115.765476  6.851653   21.0  310.2415  21.701558   44.0  267.864334  25.4849  166.0  118.364375  11.72057   43.0  300.858228  35.097802   71.0
FAILURE!!!! Some beads might have been misidentified
              x1        y1  area1          x2        y2  area2          x3        y3  area3          x4         y4  area4         x5         y5  area5          x6         y6  area6          x7         y7  area7
range  300.88722  8.960868  142.0  275.279133  12.48547   51.0  115.657205  6.831533   18.0  310.162309  21.723566   54.0  267.90699  25.573446  144.0  118.602697  11.710061   36.0  300.977437  35.133448   83.0
FAILURE!!!! Some beads might have been misidentified
               x1        y1  area1          x2         y2  area2          x3        y3  area3          x4         y4  area4          x5         y5  area5          x6         y6  area6          x7         y7  area7
range  300.719961  9.008533  135.0  275.257564  12.500524   62.0  115.831481  6.873518   19.0  310.377809  21.732636   47.0  268.215934  25.426958  160.0  118.500805  11.676608   44.0  300.647982  35.085674   75.0
FAILURE!!!! Some beads might have been misidentified
Residual vector length: 105, Jacobian shape: (105, 6)
view   0 | SOD= 557.869 mm | SDD= 802.742 mm | M= 1.439 | incident=4.7367°
[[ 239.22865    -501.95004     -45.090492  ]
 [-110.265526    217.78798      19.909508  ]
 [   0.13561723    0.06315163    0.        ]
 [   0.            0.            0.1496    ]]
               x1        y1  area1          x2         y2  area2          x3        y3  area3          x4         y4  area4          x5         y5  area5          x6         y6  area6         x7         y7  area7
range  301.122968  9.033562  136.0  275.397281  12.456206   54.0  115.957222  6.809091   27.0  310.637436  21.692986   51.0  268.262546  25.507518  155.0  118.653312  11.708494   42.0  300.95415  35.302917   82.0
FAILURE!!!! Some beads might have been misidentified

iter 13 cost=26.976489 -> 11.550247 |dtheta|=4.495467e-01  lambda=1.000e-06

============================================================
Iteration 14
============================================================
Theta offsets (Unity frame):
  Source   : dSx=   0.000, dSy=   0.000, dSz=   0.000  (mm)
  Object   : dOx= -18.004, dOy=  -8.090, dOz= -23.992  (mm)
  Object offset: offset_x=   0.027, offset_z=   0.013  (mm)
  Detector : dDx=   0.000, dDy=   0.000, dDz=   0.000  (mm)
  Obj Stage rotY :   24.970 deg
============================================================

Unity geometry (world coordinates):
  Source   : x=   5.000, y=  60.000, z=   0.000
  Object   : x=  -0.004, y=  14.910, z= 556.008
  Detector : x=  -8.000, y=  -5.000, z= 800.000
  Obj rotY :   0.0000 deg
view   0 | SOD= 557.869 mm | SDD= 802.742 mm | M= 1.439 | incident=4.7367°
[[ 239.22865    -501.95004     -45.090492  ]
 [-110.265526    217.78798      19.909508  ]
 [   0.13561723    0.06315163    0.        ]
 [   0.            0.            0.1496    ]]
               x1        y1  area1          x2         y2  area2          x3        y3  area3          x4         y4  area4          x5         y5  area5          x6         y6  area6         x7         y7  area7
range  301.122968  9.033562  136.0  275.397281  12.456206   54.0  115.957222  6.809091   27.0  310.637436  21.692986   51.0  268.262546  25.507518  155.0  118.653312  11.708494   42.0  300.95415  35.302917   82.0
FAILURE!!!! Some beads might have been misidentified
               x1        y1  area1          x2         y2  area2          x3        y3  area3         x4         y4  area4          x5         y5  area5          x6         y6  area6          x7         y7  area7
range  301.063292  9.047225  139.0  275.470541  12.473636   54.0  116.008205  6.828281   25.0  310.65413  21.689504   41.0  268.235356  25.613777  153.0  118.495215  11.785188   41.0  301.049905  35.326072   89.0
FAILURE!!!! Some beads might have been misidentified
               x1        y1  area1          x2         y2  area2          x3        y3  area3          x4         y4  area4          x5         y5  area5          x6         y6  area6          x7         y7  area7
range  300.977594  9.051408  130.0  275.450678  12.458402   58.0  116.046562  6.883612   30.0  310.604603  21.653073   48.0  268.312091  25.462559  161.0  118.620749  11.697957   44.0  300.926049  35.321982   82.0
FAILURE!!!! Some beads might have been misidentified
               x1        y1  area1         x2         y2  area2          x3        y3  area3          x4         y4  area4          x5         y5  area5          x6         y6  area6          x7         y7  area7
range  301.110818  8.967768  136.0  275.39629  12.517934   51.0  115.962692  6.925905   26.0  310.594137  21.751211   50.0  268.260562  25.594236  156.0  118.597536  11.731688   44.0  301.017098  35.324044   84.0
FAILURE!!!! Some beads might have been misidentified
               x1        y1  area1          x2        y2  area2          x3       y3  area3          x4         y4  area4          x5         y5  area5          x6         y6  area6          x7         y7  area7
range  301.132266  9.025767  136.0  275.494676  12.45265   55.0  115.948331  6.88419   27.0  310.630802  21.749662   52.0  268.257451  25.518527  154.0  118.681054  11.720208   43.0  300.987646  35.238162   81.0
FAILURE!!!! Some beads might have been misidentified
              x1        y1  area1          x2         y2  area2          x3        y3  area3          x4         y4  area4          x5         y5  area5          x6         y6  area6         x7         y7  area7
range  301.12759  9.033562  136.0  275.377907  12.456206   54.0  115.957222  6.809091   27.0  310.637436  21.736734   51.0  268.262546  25.507518  155.0  118.653312  11.708494   42.0  300.95415  35.279545   83.0
FAILURE!!!! Some beads might have been misidentified
               x1        y1  area1          x2         y2  area2          x3        y3  area3          x4         y4  area4          x5         y5  area5          x6         y6  area6          x7         y7  area7
range  301.122968  9.033562  136.0  275.391579  12.456206   54.0  115.957222  6.827042   27.0  310.665899  21.704104   51.0  268.262546  25.529506  154.0  118.653312  11.707038   41.0  300.977778  35.299301   84.0
FAILURE!!!! Some beads might have been misidentified
               x1        y1  area1          x2         y2  area2          x3        y3  area3          x4         y4  area4         x5        y5  area5          x6        y6  area6          x7         y7  area7
range  301.133028  9.021767  137.0  275.383766  12.456705   56.0  115.982156  6.828531   26.0  310.648889  21.692986   52.0  268.24205  25.52968  154.0  118.633403  11.72379   42.0  300.979207  35.305888   87.0
FAILURE!!!! Some beads might have been misidentified
              x1        y1  area1          x2         y2  area2          x3        y3  area3          x4         y4  area4          x5         y5  area5          x6         y6  area6          x7         y7  area7
range  301.12759  9.026556  134.0  275.397281  12.463647   53.0  115.957222  6.827042   27.0  310.637436  21.736734   51.0  268.262546  25.558271  154.0  118.653312  11.707038   41.0  300.945227  35.301487   81.0
FAILURE!!!! Some beads might have been misidentified
               x1        y1  area1          x2        y2  area2          x3        y3  area3          x4        y4  area4          x5         y5  area5          x6         y6  area6          x7         y7  area7
range  301.100393  8.988747  133.0  275.317241  12.52354   54.0  115.932526  6.877257   27.0  310.627468  21.67045   49.0  268.287717  25.562929  155.0  118.783471  11.724877   39.0  300.966332  35.301004   85.0
FAILURE!!!! Some beads might have been misidentified
               x1        y1  area1          x2         y2  area2          x3      y3  area3          x4         y4  area4          x5         y5  area5          x6         y6  area6          x7         y7  area7
range  301.129906  9.076311  133.0  275.498599  12.467998   58.0  116.116435  6.8555   26.0  310.612631  21.690668   50.0  268.198274  25.524878  155.0  118.495686  11.725651   43.0  301.025448  35.360144   86.0
FAILURE!!!! Some beads might have been misidentified
              x1        y1  area1          x2         y2  area2          x3        y3  area3          x4         y4  area4          x5         y5  area5          x6         y6  area6        x7         y7  area7
range  301.16769  9.002467  135.0  275.502661  12.455955   53.0  115.913911  6.789019   29.0  310.479784  21.716848   48.0  268.210184  25.473995  159.0  118.727871  11.748817   45.0  301.1389  35.240593   81.0
FAILURE!!!! Some beads might have been misidentified
               x1        y1  area1          x2         y2  area2          x3        y3  area3          x4         y4  area4          x5         y5  area5          x6         y6  area6         x7         y7  area7
range  300.925095  9.067279  138.0  275.349361  12.413647   53.0  115.989358  6.837203   27.0  310.812975  21.691839   45.0  268.307778  25.554887  154.0  118.511605  11.711611   43.0  300.83853  35.363434   85.0
FAILURE!!!! Some beads might have been misidentified
Residual vector length: 105, Jacobian shape: (105, 6)
view   0 | SOD= 557.663 mm | SDD= 802.742 mm | M= 1.439 | incident=4.7367°
[[ 238.37303    -502.13272     -45.0488    ]
 [-109.95437     218.17072      19.951199  ]
 [   0.13571937    0.06293178    0.        ]
 [   0.            0.            0.1496    ]]
               x1        y1  area1          x2        y2  area2          x3        y3  area3          x4         y4  area4          x5         y5  area5          x6         y6  area6          x7         y7  area7
range  301.284339  8.901636  132.0  276.178438  12.55923   61.0  116.748849  6.863982   31.0  310.575439  21.757359   41.0  267.717029  25.621647  158.0  118.092281  11.751515   42.0  301.306202  35.215448   79.0
FAILURE!!!! Some beads might have been misidentified

iter 14 cost=11.550247 -> 8.004268 |dtheta|=2.380203e-01  lambda=1.000e-06

============================================================
Iteration 15
============================================================
Theta offsets (Unity frame):
  Source   : dSx=   0.000, dSy=   0.000, dSz=   0.000  (mm)
  Object   : dOx= -18.009, dOy=  -8.049, dOz= -24.202  (mm)
  Object offset: offset_x=  -0.016, offset_z=   0.020  (mm)
  Detector : dDx=   0.000, dDy=   0.000, dDz=   0.000  (mm)
  Obj Stage rotY :   24.877 deg
============================================================

Unity geometry (world coordinates):
  Source   : x=   5.000, y=  60.000, z=   0.000
  Object   : x=  -0.009, y=  14.951, z= 555.798
  Detector : x=  -8.000, y=  -5.000, z= 800.000
  Obj rotY :   0.0000 deg
view   0 | SOD= 557.663 mm | SDD= 802.742 mm | M= 1.439 | incident=4.7367°
[[ 238.37303    -502.13272     -45.0488    ]
 [-109.95437     218.17072      19.951199  ]
 [   0.13571937    0.06293178    0.        ]
 [   0.            0.            0.1496    ]]
               x1        y1  area1          x2        y2  area2          x3        y3  area3          x4         y4  area4          x5         y5  area5          x6         y6  area6          x7         y7  area7
range  301.284339  8.901636  132.0  276.178438  12.55923   61.0  116.748849  6.863982   31.0  310.575439  21.757359   41.0  267.717029  25.621647  158.0  118.092281  11.751515   42.0  301.306202  35.215448   79.0
FAILURE!!!! Some beads might have been misidentified
               x1        y1  area1          x2         y2  area2          x3        y3  area3          x4         y4  area4          x5         y5  area5          x6         y6  area6          x7         y7  area7
range  301.242113  8.934826  125.0  276.058252  12.503717   70.0  116.687259  6.903545   27.0  310.652279  21.707604   44.0  267.620787  25.569524  164.0  117.954662  11.787886   37.0  301.219064  35.204738   79.0
FAILURE!!!! Some beads might have been misidentified
               x1        y1  area1         x2      y2  area2         x3        y3  area3          x4         y4  area4          x5         y5  area5          x6         y6  area6          x7        y7  area7
range  301.307107  8.884141  140.0  276.27509  12.539   60.0  116.75493  6.901561   29.0  310.615296  21.848436   48.0  267.690139  25.692842  155.0  118.074258  11.825074   42.0  301.144758  35.21766   91.0
FAILURE!!!! Some beads might have been misidentified
              x1       y1  area1         x2         y2  area2          x3        y3  area3          x4         y4  area4          x5         y5  area5          x6         y6  area6          x7         y7  area7
range  301.29207  8.92716  133.0  276.20213  12.533469   57.0  116.758616  6.867299   31.0  310.605283  21.734315   41.0  267.740802  25.571327  163.0  118.055087  11.797735   40.0  301.260648  35.235124   82.0
FAILURE!!!! Some beads might have been misidentified
               x1        y1  area1          x2         y2  area2          x3        y3  area3          x4         y4  area4          x5         y5  area5          x6         y6  area6          x7         y7  area7
range  301.250603  8.911264  133.0  276.240235  12.563939   58.0  116.763528  6.777743   29.0  310.669766  21.779086   44.0  267.718214  25.543017  159.0  118.126069  11.799057   40.0  301.277621  35.116625   83.0
FAILURE!!!! Some beads might have been misidentified
               x1        y1  area1          x2        y2  area2          x3        y3  area3          x4         y4  area4          x5         y5  area5         x6         y6  area6          x7         y7  area7
range  301.284339  8.901636  132.0  276.178438  12.55923   61.0  116.748849  6.863982   31.0  310.571365  21.691796   39.0  267.710174  25.600913  157.0  117.97619  11.726474   37.0  301.318729  35.192235   80.0
FAILURE!!!! Some beads might have been misidentified
               x1        y1  area1          x2        y2  area2          x3        y3  area3          x4         y4  area4         x5         y5  area5          x6         y6  area6         x7         y7  area7
range  301.266493  8.901636  132.0  276.178438  12.55923   61.0  116.745344  6.838976   32.0  310.580484  21.778156   41.0  267.72498  25.604171  160.0  118.078509  11.758928   41.0  301.30845  35.215256   79.0
FAILURE!!!! Some beads might have been misidentified
               x1        y1  area1          x2         y2  area2          x3        y3  area3          x4         y4  area4          x5         y5  area5          x6        y6  area6          x7         y7  area7
range  301.279066  8.900204  132.0  276.227924  12.604747   63.0  116.745344  6.838976   32.0  310.595403  21.738996   41.0  267.707361  25.574679  158.0  118.078509  11.76251   43.0  301.247918  35.225194   78.0
FAILURE!!!! Some beads might have been misidentified
               x1        y1  area1          x2         y2  area2          x3        y3  area3          x4         y4  area4         x5         y5  area5          x6         y6  area6          x7         y7  area7
range  301.287527  8.885459  131.0  276.152442  12.559209   61.0  116.748849  6.863982   31.0  310.583661  21.779796   42.0  267.75407  25.621647  158.0  117.972219  11.737703   36.0  301.292353  35.168351   79.0
FAILURE!!!! Some beads might have been misidentified
               x1        y1  area1          x2         y2  area2          x3        y3  area3          x4         y4  area4          x5         y5  area5          x6         y6  area6          x7         y7  area7
range  301.297107  8.918019  126.0  275.861687  12.515234   70.0  116.544561  6.901651   28.0  310.636019  21.703488   43.0  267.857896  25.551833  161.0  118.193718  11.775429   43.0  301.233383  35.215775   79.0
FAILURE!!!! Some beads might have been misidentified
               x1        y1  area1          x2         y2  area2          x3        y3  area3         x4        y4  area4          x5         y5  area5         x6         y6  area6          x7         y7  area7
range  301.279066  8.901743  134.0  276.423367  12.536388   62.0  116.849983  6.863704   33.0  310.61745  21.84225   44.0  267.484014  25.666806  161.0  117.84528  11.771351   37.0  301.241435  35.256691   80.0
FAILURE!!!! Some beads might have been misidentified
               x1        y1  area1          x2        y2  area2          x3        y3  area3          x4         y4  area4          x5         y5  area5          x6         y6  area6          x7         y7  area7
range  301.407527  8.892086  137.0  276.261772  12.57533   59.0  116.691532  6.870958   29.0  310.452501  21.805194   44.0  267.577001  25.653613  156.0  118.157516  11.752798   34.0  301.339999  35.189058   89.0
FAILURE!!!! Some beads might have been misidentified
               x1        y1  area1          x2         y2  area2          x3        y3  area3         x4         y4  area4         x5         y5  area5          x6         y6  area6          x7        y7  area7
range  301.156303  8.910335  129.0  276.030162  12.549303   62.0  116.850625  6.844058   30.0  310.78809  21.745271   47.0  267.82487  25.623086  161.0  117.878224  11.852786   41.0  301.077263  35.23031   80.0
FAILURE!!!! Some beads might have been misidentified
Residual vector length: 105, Jacobian shape: (105, 6)
view   0 | SOD= 557.556 mm | SDD= 802.742 mm | M= 1.440 | incident=4.7367°
[[ 238.62071    -501.89484     -45.057377  ]
 [-110.1351      218.20125      19.942623  ]
 [   0.13568193    0.0630125     0.        ]
 [   0.            0.            0.1496    ]]
               x1        y1  area1          x2        y2  area2          x3        y3  area3          x4         y4  area4          x5         y5  area5          x6         y6  area6          x7         y7  area7
range  300.989998  8.988393  133.0  276.100656  12.57636   65.0  116.915538  6.830801   26.0  311.209489  21.744508   51.0  268.093452  25.435581  160.0  117.800622  11.832014   39.0  300.771154  35.287022   76.0
FAILURE!!!! Some beads might have been misidentified

iter 15 cost=8.004268 -> 5.268389 |dtheta|=9.181983e-02  lambda=1.000e-06

============================================================
Iteration 16
============================================================
Theta offsets (Unity frame):
  Source   : dSx=   0.000, dSy=   0.000, dSz=   0.000  (mm)
  Object   : dOx= -18.004, dOy=  -8.057, dOz= -24.282  (mm)
  Object offset: offset_x=  -0.015, offset_z=  -0.008  (mm)
  Detector : dDx=   0.000, dDy=   0.000, dDz=   0.000  (mm)
  Obj Stage rotY :   24.911 deg
============================================================

Unity geometry (world coordinates):
  Source   : x=   5.000, y=  60.000, z=   0.000
  Object   : x=  -0.004, y=  14.943, z= 555.718
  Detector : x=  -8.000, y=  -5.000, z= 800.000
  Obj rotY :   0.0000 deg
view   0 | SOD= 557.556 mm | SDD= 802.742 mm | M= 1.440 | incident=4.7367°
[[ 238.62071    -501.89484     -45.057377  ]
 [-110.1351      218.20125      19.942623  ]
 [   0.13568193    0.0630125     0.        ]
 [   0.            0.            0.1496    ]]
               x1        y1  area1          x2        y2  area2          x3        y3  area3          x4         y4  area4          x5         y5  area5          x6         y6  area6          x7         y7  area7
range  300.989998  8.988393  133.0  276.100656  12.57636   65.0  116.915538  6.830801   26.0  311.209489  21.744508   51.0  268.093452  25.435581  160.0  117.800622  11.832014   39.0  300.771154  35.287022   76.0
FAILURE!!!! Some beads might have been misidentified
               x1        y1  area1         x2         y2  area2          x3        y3  area3          x4         y4  area4          x5         y5  area5          x6         y6  area6         x7         y7  area7
range  300.970505  8.956895  139.0  275.94576  12.505441   62.0  116.874248  6.846575   26.0  311.234002  21.755394   50.0  267.821774  25.335437  161.0  117.749379  11.841728   45.0  300.80469  35.266439   78.0
FAILURE!!!! Some beads might have been misidentified
               x1        y1  area1          x2        y2  area2          x3        y3  area3          x4         y4  area4          x5         y5  area5          x6         y6  area6          x7         y7  area7
range  300.833471  8.971606  128.0  276.198876  12.52227   59.0  116.960476  6.796001   29.0  311.255836  21.779801   54.0  268.116418  25.521149  154.0  117.657976  11.892021   41.0  300.817073  35.286932   78.0
FAILURE!!!! Some beads might have been misidentified
               x1        y1  area1          x2         y2  area2          x3        y3  area3          x4         y4  area4          x5         y5  area5          x6         y6  area6          x7         y7  area7
range  300.975265  8.933119  136.0  276.094505  12.595015   67.0  116.892129  6.782552   27.0  311.179287  21.741191   54.0  268.071855  25.427516  163.0  117.779486  11.947611   40.0  300.856899  35.278233   78.0
FAILURE!!!! Some beads might have been misidentified
               x1       y1  area1          x2         y2  area2          x3        y3  area3          x4         y4  area4          x5         y5  area5          x6         y6  area6          x7         y7  area7
range  300.937462  9.19982  129.0  276.107945  12.447896   66.0  116.847597  6.796454   28.0  311.299842  21.740801   49.0  267.923548  25.469578  159.0  117.622816  11.910181   42.0  300.776989  35.307668   77.0
FAILURE!!!! Some beads might have been misidentified
               x1        y1  area1          x2        y2  area2          x3        y3  area3          x4         y4  area4          x5         y5  area5         x6         y6  area6         x7         y7  area7
range  300.989998  8.966695  134.0  276.100656  12.57636   65.0  116.855594  6.853345   24.0  311.209489  21.744508   51.0  268.078208  25.457753  159.0  117.81972  11.832014   40.0  300.76058  35.310625   77.0
FAILURE!!!! Some beads might have been misidentified
               x1        y1  area1          x2         y2  area2          x3        y3  area3          x4         y4  area4         x5         y5  area5          x6         y6  area6          x7         y7  area7
range  300.989998  8.988393  133.0  276.122807  12.602275   65.0  116.915893  6.830801   27.0  311.273324  21.717646   52.0  268.11659  25.435581  160.0  117.800622  11.809422   40.0  300.762793  35.282063   76.0
FAILURE!!!! Some beads might have been misidentified
               x1        y1  area1          x2         y2  area2          x3        y3  area3          x4         y4  area4         x5         y5  area5          x6         y6  area6          x7         y7  area7
range  300.970505  9.014079  134.0  276.146608  12.536756   64.0  116.871572  6.853345   25.0  311.255136  21.734229   53.0  268.07259  25.469583  159.0  117.796006  11.824009   40.0  300.779584  35.292918   74.0
FAILURE!!!! Some beads might have been misidentified
               x1        y1  area1          x2         y2  area2          x3        y3  area3          x4         y4  area4         x5         y5  area5          x6         y6  area6          x7         y7  area7
range  301.039762  8.933436  133.0  276.074236  12.591266   62.0  116.915538  6.830801   26.0  311.227677  21.741524   50.0  268.12658  25.457753  159.0  117.800622  11.832014   39.0  300.771154  35.254101   75.0
FAILURE!!!! Some beads might have been misidentified
               x1       y1  area1          x2         y2  area2          x3       y3  area3          x4         y4  area4          x5        y5  area5          x6         y6  area6          x7         y7  area7
range  300.977714  8.95604  134.0  275.922414  12.565517   56.0  116.739178  6.88856   17.0  311.255136  21.729045   53.0  268.220345  25.41401  153.0  117.825998  11.830603   41.0  300.744493  35.264198   81.0
FAILURE!!!! Some beads might have been misidentified
               x1       y1  area1          x2         y2  area2          x3        y3  area3          x4         y4  area4          x5         y5  area5          x6         y6  area6         x7         y7  area7
range  300.970505  8.97246  133.0  276.222222  12.508564   63.0  117.129473  6.822853   35.0  311.211789  21.769358   51.0  267.836977  25.482129  155.0  117.553704  11.857618   40.0  300.81917  35.233917   75.0
FAILURE!!!! Some beads might have been misidentified
               x1        y1  area1          x2         y2  area2         x3        y3  area3          x4         y4  area4          x5         y5  area5          x6         y6  area6         x7         y7  area7
range  301.086891  8.948718  130.0  276.100656  12.574769   63.0  116.76836  6.833265   24.0  311.167086  21.794823   53.0  267.844015  25.491755  158.0  117.843373  11.852676   42.0  300.98172  35.307726   78.0
FAILURE!!!! Some beads might have been misidentified
               x1        y1  area1          x2        y2  area2          x3        y3  area3          x4         y4  area4          x5         y5  area5          x6         y6  area6          x7         y7  area7
range  300.717086  8.971271  134.0  276.122807  12.54431   70.0  117.019498  6.803948   33.0  311.309473  21.726111   50.0  268.239161  25.384063  166.0  117.743101  11.901428   44.0  300.640044  35.299089   71.0
FAILURE!!!! Some beads might have been misidentified
Residual vector length: 105, Jacobian shape: (105, 6)
view   0 | SOD= 557.431 mm | SDD= 802.742 mm | M= 1.440 | incident=4.7367°
[[ 238.87048   -501.63828    -45.046383 ]
 [-110.334305   218.2402      19.953617 ]
 [   0.1356426    0.0630971    0.       ]
 [   0.           0.           0.1496   ]]
               x1        y1  area1          x2         y2  area2          x3        y3  area3          x4        y4  area4          x5         y5  area5          x6         y6  area6          x7         y7  area7
range  301.159485  8.918309  135.0  276.006438  12.579713   54.0  116.616321  6.915965   18.0  311.007978  21.78922   49.0  268.158599  25.456042  157.0  117.997566  11.892273   35.0  301.018795  35.279252   85.0
FAILURE!!!! Some beads might have been misidentified

iter 16 cost=5.268389 -> 3.734339 |dtheta|=1.419923e-01  lambda=1.000e-06

============================================================
Iteration 17
============================================================
Theta offsets (Unity frame):
  Source   : dSx=   0.000, dSy=   0.000, dSz=   0.000  (mm)
  Object   : dOx= -18.006, dOy=  -8.046, dOz= -24.418  (mm)
  Object offset: offset_x=  -0.002, offset_z=   0.003  (mm)
  Detector : dDx=   0.000, dDy=   0.000, dDz=   0.000  (mm)
  Obj Stage rotY :   24.947 deg
============================================================

Unity geometry (world coordinates):
  Source   : x=   5.000, y=  60.000, z=   0.000
  Object   : x=  -0.006, y=  14.954, z= 555.582
  Detector : x=  -8.000, y=  -5.000, z= 800.000
  Obj rotY :   0.0000 deg
view   0 | SOD= 557.431 mm | SDD= 802.742 mm | M= 1.440 | incident=4.7367°
[[ 238.87048   -501.63828    -45.046383 ]
 [-110.334305   218.2402      19.953617 ]
 [   0.1356426    0.0630971    0.       ]
 [   0.           0.           0.1496   ]]
               x1        y1  area1          x2         y2  area2          x3        y3  area3          x4        y4  area4          x5         y5  area5          x6         y6  area6          x7         y7  area7
range  301.159485  8.918309  135.0  276.006438  12.579713   54.0  116.616321  6.915965   18.0  311.007978  21.78922   49.0  268.158599  25.456042  157.0  117.997566  11.892273   35.0  301.018795  35.279252   85.0
FAILURE!!!! Some beads might have been misidentified
               x1        y1  area1          x2         y2  area2          x3        y3  area3          x4         y4  area4          x5         y5  area5          x6         y6  area6          x7         y7  area7
range  301.167173  8.913176  132.0  275.921834  12.561369   59.0  116.651756  6.888251   13.0  311.156019  21.768163   49.0  267.963097  25.507057  157.0  117.969154  11.787234   42.0  301.028835  35.331461   81.0
FAILURE!!!! Some beads might have been misidentified
               x1        y1  area1          x2        y2  area2          x3        y3  area3          x4         y4  area4          x5         y5  area5         x6        y6  area6          x7         y7  area7
range  301.167727  8.909362  136.0  276.235931  12.50351   56.0  116.602609  6.928801   15.0  311.035658  21.783508   47.0  268.246829  25.490293  153.0  118.19643  11.91516   41.0  301.004461  35.246809   86.0
FAILURE!!!! Some beads might have been misidentified
               x1       y1  area1          x2         y2  area2          x3        y3  area3          x4         y4  area4         x5         y5  area5          x6         y6  area6        x7         y7  area7
range  301.229414  8.94572  137.0  276.053261  12.558798   54.0  116.630861  6.873926   20.0  310.963174  21.834896   44.0  268.17645  25.476582  154.0  118.053368  11.821634   36.0  301.0305  35.262325   87.0
FAILURE!!!! Some beads might have been misidentified
               x1        y1  area1          x2        y2  area2          x3        y3  area3          x4         y4  area4          x5         y5  area5          x6         y6  area6          x7         y7  area7
range  301.139638  9.014427  137.0  275.974249  12.49311   51.0  116.632001  6.797698   22.0  311.079994  21.715396   42.0  268.070893  25.526747  156.0  117.985596  11.912259   35.0  300.998555  35.360674   88.0
FAILURE!!!! Some beads might have been misidentified
               x1        y1  area1          x2         y2  area2          x3        y3  area3          x4        y4  area4          x5         y5  area5         x6         y6  area6          x7         y7  area7
range  301.159485  8.918309  135.0  276.006438  12.579713   54.0  116.616321  6.915965   18.0  311.007978  21.78922   49.0  268.158599  25.456042  157.0  118.00911  11.848219   36.0  301.051089  35.305182   83.0
FAILURE!!!! Some beads might have been misidentified
               x1        y1  area1          x2         y2  area2          x3        y3  area3          x4        y4  area4          x5         y5  area5          x6         y6  area6          x7         y7  area7
range  301.159485  8.918309  135.0  276.006438  12.558763   53.0  116.616321  6.915965   18.0  311.019327  21.78922   50.0  268.208599  25.456042  157.0  117.997566  11.892273   35.0  300.988974  35.280148   89.0
FAILURE!!!! Some beads might have been misidentified
               x1        y1  area1         x2         y2  area2          x3        y3  area3          x4         y4  area4          x5         y5  area5          x6         y6  area6        x7         y7  area7
range  301.159485  8.934909  137.0  276.03212  12.587309   53.0  116.640706  6.915965   18.0  311.019327  21.767571   50.0  268.158599  25.494993  156.0  117.989962  11.897722   35.0  300.9762  35.280295   91.0
FAILURE!!!! Some beads might have been misidentified
               x1        y1  area1          x2         y2  area2          x3        y3  area3          x4         y4  area4          x5         y5  area5          x6         y6  area6         x7         y7  area7
range  301.149291  8.954089  133.0  275.944086  12.565942   56.0  116.594652  6.915965   18.0  311.040848  21.791641   47.0  268.217085  25.438482  157.0  118.025957  11.870816   36.0  301.05104  35.307298   81.0
FAILURE!!!! Some beads might have been misidentified
              x1        y1  area1          x2         y2  area2          x3        y3  area3          x4         y4  area4          x5         y5  area5          x6         y6  area6          x7         y7  area7
range  301.13476  8.942412  133.0  275.898488  12.546867   53.0  116.468238  6.885347   12.0  310.998632  21.728519   51.0  268.412728  25.542736  154.0  118.228063  11.736548   33.0  300.995617  35.259449   85.0
FAILURE!!!! Some beads might have been misidentified
               x1        y1  area1          x2         y2  area2          x3        y3  area3          x4        y4  area4          x5        y5  area5          x6         y6  area6          x7         y7  area7
range  301.160052  8.884507  135.0  276.235931  12.578121   59.0  116.771316  6.933717   19.0  311.050088  21.79996   45.0  267.942721  25.44943  155.0  117.849629  11.919193   39.0  301.062053  35.302242   86.0
FAILURE!!!! Some beads might have been misidentified
               x1        y1  area1          x2         y2  area2          x3        y3  area3          x4         y4  area4          x5         y5  area5          x6         y6  area6          x7         y7  area7
range  301.206997  8.920507  135.0  276.029784  12.495261   52.0  116.549014  6.915965   18.0  310.924109  21.784044   49.0  267.896028  25.508726  153.0  118.284967  11.893457   41.0  301.084266  35.221842   87.0
FAILURE!!!! Some beads might have been misidentified
               x1        y1  area1          x2         y2  area2          x3        y3  area3          x4         y4  area4         x5         y5  area5          x6         y6  area6          x7         y7  area7
range  301.092274  8.889072  134.0  276.006438  12.542656   57.0  116.752933  6.911152   18.0  311.167621  21.807772   45.0  268.32517  25.467886  157.0  117.839963  11.915265   41.0  300.952248  35.356693   85.0
FAILURE!!!! Some beads might have been misidentified
Residual vector length: 105, Jacobian shape: (105, 6)
view   0 | SOD= 557.274 mm | SDD= 802.742 mm | M= 1.440 | incident=4.7367°
[[ 238.9733     -501.41562     -45.04267   ]
 [-110.48286     218.34087      19.957329  ]
 [   0.13562056    0.06314447    0.        ]
 [   0.            0.            0.1496    ]]
               x1        y1  area1          x2         y2  area2          x3        y3  area3          x4         y4  area4          x5         y5  area5          x6         y6  area6          x7         y7  area7
range  301.227877  8.959219  130.0  276.146153  12.621468   65.0  116.652286  6.804773   25.0  311.062984  21.706855   43.0  268.149675  25.510656  167.0  118.051399  11.825364   35.0  301.076466  35.486913   82.0
FAILURE!!!! Some beads might have been misidentified

iter 17 cost=3.734339 -> 2.338769 |dtheta|=1.606777e-01  lambda=1.000e-06

============================================================
Iteration 18
============================================================
Theta offsets (Unity frame):
  Source   : dSx=   0.000, dSy=   0.000, dSz=   0.000  (mm)
  Object   : dOx= -18.000, dOy=  -8.043, dOz= -24.577  (mm)
  Object offset: offset_x=  -0.000, offset_z=   0.006  (mm)
  Detector : dDx=   0.000, dDy=   0.000, dDz=   0.000  (mm)
  Obj Stage rotY :   24.967 deg
============================================================

Unity geometry (world coordinates):
  Source   : x=   5.000, y=  60.000, z=   0.000
  Object   : x=   0.000, y=  14.957, z= 555.423
  Detector : x=  -8.000, y=  -5.000, z= 800.000
  Obj rotY :   0.0000 deg
view   0 | SOD= 557.274 mm | SDD= 802.742 mm | M= 1.440 | incident=4.7367°
[[ 238.9733     -501.41562     -45.04267   ]
 [-110.48286     218.34087      19.957329  ]
 [   0.13562056    0.06314447    0.        ]
 [   0.            0.            0.1496    ]]
               x1        y1  area1          x2         y2  area2          x3        y3  area3          x4         y4  area4          x5         y5  area5          x6         y6  area6          x7         y7  area7
range  301.227877  8.959219  130.0  276.146153  12.621468   65.0  116.652286  6.804773   25.0  311.062984  21.706855   43.0  268.149675  25.510656  167.0  118.051399  11.825364   35.0  301.076466  35.486913   82.0
FAILURE!!!! Some beads might have been misidentified
               x1        y1  area1          x2         y2  area2          x3        y3  area3          x4         y4  area4          x5         y5  area5        x6         y6  area6          x7         y7  area7
range  301.218009  8.936362  131.0  276.041178  12.488731   66.0  116.541285  6.814111   34.0  311.252115  21.710964   49.0  268.168879  25.477844  159.0  117.9872  11.843301   39.0  301.182615  35.517327   80.0
FAILURE!!!! Some beads might have been misidentified
              x1        y1  area1          x2         y2  area2          x3        y3  area3          x4         y4  area4          x5         y5  area5          x6         y6  area6          x7         y7  area7
range  301.18454  8.936475  125.0  276.203057  12.499748   61.0  116.610612  6.858405   26.0  311.064684  21.643794   41.0  268.250791  25.513576  161.0  118.248905  11.827823   36.0  301.055678  35.479723   76.0
FAILURE!!!! Some beads might have been misidentified
               x1        y1  area1          x2         y2  area2          x3        y3  area3          x4         y4  area4          x5         y5  area5          x6         y6  area6          x7         y7  area7
range  301.243147  8.896756  133.0  276.144497  12.558062   68.0  116.710081  6.922137   24.0  311.052197  21.802487   48.0  268.131403  25.466782  166.0  118.137483  11.827546   36.0  301.069295  35.367932   81.0
FAILURE!!!! Some beads might have been misidentified
               x1        y1  area1         x2         y2  area2          x3        y3  area3          x4         y4  area4          x5        y5  area5          x6         y6  area6          x7         y7  area7
range  301.162828  9.013489  127.0  276.28388  12.475924   68.0  116.654471  6.805488   25.0  311.024742  21.700036   41.0  268.159176  25.44376  166.0  118.022295  11.891319   35.0  301.121521  35.403823   82.0
FAILURE!!!! Some beads might have been misidentified
               x1        y1  area1          x2         y2  area2          x3        y3  area3          x4         y4  area4          x5         y5  area5          x6         y6  area6          x7         y7  area7
range  301.227877  8.959219  130.0  276.153017  12.596203   66.0  116.661316  6.807385   25.0  311.048726  21.685291   44.0  268.149675  25.510656  167.0  118.036234  11.825364   33.0  301.052661  35.469761   81.0
FAILURE!!!! Some beads might have been misidentified
               x1        y1  area1          x2         y2  area2          x3        y3  area3          x4         y4  area4          x5         y5  area5          x6         y6  area6          x7         y7  area7
range  301.238023  8.957702  128.0  276.146153  12.621468   65.0  116.652286  6.804773   25.0  311.079994  21.706855   42.0  268.165579  25.510656  167.0  118.030901  11.800174   35.0  301.086296  35.459993   80.0
FAILURE!!!! Some beads might have been misidentified
               x1       y1  area1          x2         y2  area2         x3        y3  area3          x4         y4  area4          x5         y5  area5         x6         y6  area6          x7         y7  area7
range  301.248374  8.94317  129.0  276.153509  12.555505   66.0  116.66394  6.804773   23.0  311.028197  21.700905   45.0  268.125112  25.492252  166.0  118.05884  11.825364   34.0  301.098339  35.467579   79.0
FAILURE!!!! Some beads might have been misidentified
               x1        y1  area1          x2         y2  area2          x3       y3  area3          x4         y4  area4         x5         y5  area5         x6         y6  area6          x7         y7  area7
range  301.194191  8.966056  130.0  276.097582  12.591266   62.0  116.662663  6.82929   24.0  311.062984  21.706855   43.0  268.18984  25.502384  164.0  118.05884  11.824174   33.0  301.078792  35.481236   81.0
FAILURE!!!! Some beads might have been misidentified
               x1        y1  area1          x2         y2  area2          x3        y3  area3     x4         y4  area4          x5         y5  area5         x6         y6  area6         x7         y7  area7
range  301.174431  8.965599  132.0  275.750547  12.558404   62.0  116.362541  6.857921   28.0  311.0  21.701504   46.0  268.401378  25.521879  160.0  118.35371  11.784423   37.0  301.06864  35.484296   84.0
FAILURE!!!! Some beads might have been misidentified
               x1        y1  area1          x2        y2  area2          x3        y3  area3          x4         y4  area4         x5         y5  area5          x6         y6  area6          x7         y7  area7
range  301.234397  8.917458  126.0  276.294319  12.50705   66.0  116.726864  6.817417   27.0  311.062984  21.685933   43.0  267.94822  25.520536  160.0  117.904869  11.859268   38.0  301.096624  35.470795   76.0
FAILURE!!!! Some beads might have been misidentified
               x1        y1  area1          x2         y2  area2          x3       y3  area3          x4         y4  area4          x5         y5  area5          x6         y6  area6          x7         y7  area7
range  301.275255  8.980421  129.0  276.402571  12.523437   69.0  116.554092  6.78548   24.0  310.939067  21.680351   47.0  268.069354  25.512702  165.0  118.330916  11.850174   37.0  301.267835  35.451863   81.0
FAILURE!!!! Some beads might have been misidentified
               x1        y1  area1          x2        y2  area2          x3        y3  area3         x4         y4  area4          x5         y5  area5          x6         y6  area6          x7         y7  area7
range  301.117431  8.953317  128.0  276.122807  12.52929   66.0  116.720598  6.804773   25.0  311.31056  21.700219   44.0  268.334823  25.469028  162.0  117.901433  11.844174   39.0  300.985662  35.520127   80.0
FAILURE!!!! Some beads might have been misidentified
Residual vector length: 105, Jacobian shape: (105, 6)
view   0 | SOD= 557.193 mm | SDD= 802.742 mm | M= 1.441 | incident=4.7367°
[[ 239.05415    -501.2876      -45.03704   ]
 [-110.56784     218.38834      19.96296   ]
 [   0.135606      0.06317572    0.        ]
 [   0.            0.            0.1496    ]]
               x1       y1  area1          x2         y2  area2          x3        y3  area3          x4        y4  area4          x5         y5  area5          x6         y6  area6          x7         y7  area7
range  301.275027  8.89666  129.0  276.270693  12.594107   64.0  116.617503  6.782869   24.0  310.970651  21.70206   45.0  268.152207  25.495876  162.0  118.292969  11.892457   40.0  301.280558  35.449408   83.0
FAILURE!!!! Some beads might have been misidentified

iter 18 cost=2.338769 -> 1.629626 |dtheta|=8.779769e-02  lambda=1.000e-06

============================================================
Iteration 19
============================================================
Theta offsets (Unity frame):
  Source   : dSx=   0.000, dSy=   0.000, dSz=   0.000  (mm)
  Object   : dOx= -18.000, dOy=  -8.037, dOz= -24.664  (mm)
  Object offset: offset_x=   0.001, offset_z=   0.011  (mm)
  Detector : dDx=   0.000, dDy=   0.000, dDz=   0.000  (mm)
  Obj Stage rotY :   24.980 deg
============================================================

Unity geometry (world coordinates):
  Source   : x=   5.000, y=  60.000, z=   0.000
  Object   : x=  -0.000, y=  14.963, z= 555.336
  Detector : x=  -8.000, y=  -5.000, z= 800.000
  Obj rotY :   0.0000 deg
view   0 | SOD= 557.193 mm | SDD= 802.742 mm | M= 1.441 | incident=4.7367°
[[ 239.05415    -501.2876      -45.03704   ]
 [-110.56784     218.38834      19.96296   ]
 [   0.135606      0.06317572    0.        ]
 [   0.            0.            0.1496    ]]
               x1       y1  area1          x2         y2  area2          x3        y3  area3          x4        y4  area4          x5         y5  area5          x6         y6  area6          x7         y7  area7
range  301.275027  8.89666  129.0  276.270693  12.594107   64.0  116.617503  6.782869   24.0  310.970651  21.70206   45.0  268.152207  25.495876  162.0  118.292969  11.892457   40.0  301.280558  35.449408   83.0
FAILURE!!!! Some beads might have been misidentified
               x1        y1  area1          x2         y2  area2          x3        y3  area3          x4         y4  area4          x5         y5  area5          x6         y6  area6          x7        y7  area7
range  301.312996  8.921839  130.0  276.255026  12.507446   63.0  116.453158  6.814111   31.0  311.062984  21.775362   43.0  268.222241  25.513451  160.0  118.114399  11.872425   33.0  301.302876  35.45745   84.0
FAILURE!!!! Some beads might have been misidentified
               x1        y1  area1          x2         y2  area2          x3        y3  area3          x4         y4  area4          x5         y5  area5          x6         y6  area6          x7         y7  area7
range  301.325321  8.936441  128.0  276.246725  12.535921   60.0  116.528138  6.861226   25.0  311.002306  21.613725   42.0  268.283653  25.495111  167.0  118.290821  11.893169   42.0  301.210269  35.391625   79.0
FAILURE!!!! Some beads might have been misidentified
               x1        y1  area1          x2         y2  area2          x3        y3  area3          x4         y4  area4          x5         y5  area5          x6         y6  area6          x7         y7  area7
range  301.270129  8.870059  130.0  276.291254  12.570879   65.0  116.667534  6.939114   23.0  311.019327  21.753511   50.0  268.171236  25.549365  160.0  118.316019  11.924339   40.0  301.256819  35.462071   80.0
FAILURE!!!! Some beads might have been misidentified
               x1        y1  area1          x2        y2  area2          x3        y3  area3          x4         y4  area4          x5         y5  area5          x6         y6  area6         x7         y7  area7
range  301.270977  9.067059  125.0  276.331647  12.51588   66.0  116.636727  6.805488   25.0  310.995876  21.757035   41.0  268.186467  25.461228  164.0  118.254342  11.911259   38.0  301.25798  35.408409   78.0
FAILURE!!!! Some beads might have been misidentified
               x1       y1  area1          x2         y2  area2          x3        y3  area3          x4        y4  area4          x5         y5  area5          x6         y6  area6          x7         y7  area7
range  301.262652  8.89666  129.0  276.222316  12.594107   64.0  116.617503  6.782869   24.0  310.970651  21.70206   45.0  268.152207  25.495876  162.0  118.298125  11.847457   38.0  301.278538  35.449408   83.0
FAILURE!!!! Some beads might have been misidentified
               x1       y1  area1          x2         y2  area2          x3        y3  area3          x4        y4  area4          x5         y5  area5          x6         y6  area6          x7         y7  area7
range  301.275027  8.89666  129.0  276.251136  12.594107   64.0  116.594559  6.782869   24.0  310.989627  21.70206   44.0  268.152207  25.495876  162.0  118.311029  11.892457   41.0  301.264212  35.428141   82.0
FAILURE!!!! Some beads might have been misidentified
               x1        y1  area1          x2         y2  area2          x3        y3  area3          x4         y4  area4         x5         y5  area5          x6         y6  area6          x7        y7  area7
range  301.287351  8.903671  127.0  276.226403  12.582148   63.0  116.612413  6.804773   23.0  310.989627  21.711788   44.0  268.17819  25.504273  161.0  118.311029  11.892457   41.0  301.264017  35.42997   81.0
FAILURE!!!! Some beads might have been misidentified
               x1        y1  area1          x2         y2  area2          x3        y3  area3          x4        y4  area4          x5         y5  area5          x6         y6  area6          x7         y7  area7
range  301.262652  8.949322  131.0  276.307949  12.601736   65.0  116.613096  6.807385   25.0  310.970651  21.70206   45.0  268.149314  25.514328  162.0  118.256054  11.847457   36.0  301.276722  35.451431   85.0
FAILURE!!!! Some beads might have been misidentified
               x1        y1  area1          x2         y2  area2          x3        y3  area3          x4         y4  area4          x5         y5  area5         x6         y6  area6          x7         y7  area7
range  301.262652  8.965698  130.0  275.947589  12.589964   60.0  116.341884  6.857921   29.0  310.975052  21.748858   45.0  268.396241  25.500118  159.0  118.42416  11.857622   39.0  301.198928  35.467537   85.0
FAILURE!!!! Some beads might have been misidentified
               x1        y1  area1          x2         y2  area2          x3        y3  area3          x4        y4  area4          x5         y5  area5          x6         y6  area6          x7         y7  area7
range  301.295229  8.961318  126.0  276.553238  12.583316   65.0  116.676427  6.817417   25.0  311.042528  21.68704   44.0  268.044132  25.542993  164.0  118.070673  11.926857   41.0  301.289421  35.417462   78.0
FAILURE!!!! Some beads might have been misidentified
              x1        y1  area1          x2         y2  area2          x3        y3  area3          x4         y4  area4          x5         y5  area5          x6         y6  area6         x7         y7  area7
range  301.35994  8.877656  130.0  276.510215  12.511706   66.0  116.510199  6.760964   23.0  310.897487  21.649166   47.0  268.121506  25.488604  165.0  118.392996  11.861122   39.0  301.43708  35.424865   81.0
FAILURE!!!! Some beads might have been misidentified
               x1        y1  area1          x2         y2  area2          x3        y3  area3          x4         y4  area4          x5         y5  area5          x6         y6  area6          x7         y7  area7
range  301.227582  8.875458  130.0  276.179431  12.543946   66.0  116.676435  6.804773   24.0  311.142862  21.706855   39.0  268.345434  25.493831  164.0  118.009134  11.883579   36.0  301.093673  35.462897   81.0
FAILURE!!!! Some beads might have been misidentified
Residual vector length: 105, Jacobian shape: (105, 6)
view   0 | SOD= 557.123 mm | SDD= 802.742 mm | M= 1.441 | incident=4.7367°
[[ 238.90482    -501.28183     -45.026653  ]
 [-110.548676    218.47595      19.973347  ]
 [   0.13562079    0.06314397    0.        ]
 [   0.            0.            0.1496    ]]
               x1        y1  area1          x2         y2  area2          x3        y3  area3         x4         y4  area4         x5         y5  area5          x6        y6  area6          x7         y7  area7
range  301.270129  8.934101  133.0  276.164006  12.591192   69.0  116.718822  6.879686   22.0  311.34067  21.746911   47.0  268.43958  25.501754  159.0  118.052384  11.80337   36.0  301.114125  35.436593   81.0
FAILURE!!!! Some beads might have been misidentified

iter 19 cost=1.629626 -> 1.120617 |dtheta|=6.295679e-02  lambda=1.000e-06

============================================================
Iteration 20
============================================================
Theta offsets (Unity frame):
  Source   : dSx=   0.000, dSy=   0.000, dSz=   0.000  (mm)
  Object   : dOx= -17.998, dOy=  -8.027, dOz= -24.723  (mm)
  Object offset: offset_x=   0.001, offset_z=   0.002  (mm)
  Detector : dDx=   0.000, dDy=   0.000, dDz=   0.000  (mm)
  Obj Stage rotY :   24.966 deg
============================================================

Unity geometry (world coordinates):
  Source   : x=   5.000, y=  60.000, z=   0.000
  Object   : x=   0.002, y=  14.973, z= 555.277
  Detector : x=  -8.000, y=  -5.000, z= 800.000
  Obj rotY :   0.0000 deg
view   0 | SOD= 557.123 mm | SDD= 802.742 mm | M= 1.441 | incident=4.7367°
[[ 238.90482    -501.28183     -45.026653  ]
 [-110.548676    218.47595      19.973347  ]
 [   0.13562079    0.06314397    0.        ]
 [   0.            0.            0.1496    ]]
               x1        y1  area1          x2         y2  area2          x3        y3  area3         x4         y4  area4         x5         y5  area5          x6        y6  area6          x7         y7  area7
range  301.270129  8.934101  133.0  276.164006  12.591192   69.0  116.718822  6.879686   22.0  311.34067  21.746911   47.0  268.43958  25.501754  159.0  118.052384  11.80337   36.0  301.114125  35.436593   81.0
FAILURE!!!! Some beads might have been misidentified
               x1        y1  area1         x2         y2  area2          x3        y3  area3          x4         y4  area4          x5         y5  area5          x6         y6  area6          x7         y7  area7
range  301.186869  8.959802  133.0  276.00442  12.542909   61.0  116.497467  6.889742   27.0  311.286581  21.747877   59.0  268.232188  25.504274  153.0  117.999184  11.847184   33.0  301.252129  35.502389   86.0
FAILURE!!!! Some beads might have been misidentified
               x1        y1  area1          x2         y2  area2          x3        y3  area3          x4         y4  area4          x5        y5  area5          x6         y6  area6          x7         y7  area7
range  301.229414  8.904306  130.0  276.182018  12.549615   63.0  116.671737  6.856516   23.0  311.204647  21.712708   40.0  268.495727  25.48053  163.0  118.282561  11.782883   36.0  301.072307  35.437774   80.0
FAILURE!!!! Some beads might have been misidentified
              x1        y1  area1          x2         y2  area2          x3        y3  area3          x4         y4  area4          x5         y5  area5          x6         y6  area6         x7         y7  area7
range  301.26719  8.872897  126.0  276.205303  12.577945   69.0  116.742113  6.888273   30.0  311.353373  21.793159   48.0  268.603068  25.487188  160.0  118.096475  11.829562   38.0  301.07583  35.440135   78.0
FAILURE!!!! Some beads might have been misidentified
               x1        y1  area1          x2         y2  area2          x3        y3  area3          x4         y4  area4          x5         y5  area5          x6         y6  area6          x7        y7  area7
range  301.248374  8.921306  132.0  276.169955  12.540244   68.0  116.685549  6.804773   27.0  311.246862  21.771605   48.0  268.416325  25.493503  161.0  118.097151  11.941161   37.0  301.110993  35.46226   81.0
FAILURE!!!! Some beads might have been misidentified
               x1        y1  area1         x2         y2  area2          x3       y3  area3          x4         y4  area4         x5         y5  area5          x6         y6  area6          x7         y7  area7
range  301.270129  8.934101  133.0  276.13739  12.586796   69.0  116.719178  6.89873   21.0  311.233167  21.751769   46.0  268.43958  25.491714  158.0  118.050304  11.828593   35.0  301.086296  35.459993   80.0
FAILURE!!!! Some beads might have been misidentified
               x1        y1  area1          x2         y2  area2          x3        y3  area3          x4         y4  area4          x5         y5  area5          x6        y6  area6         x7         y7  area7
range  301.270129  8.934101  133.0  276.164006  12.591192   69.0  116.709156  6.856581   23.0  311.359823  21.723891   46.0  268.420527  25.501754  159.0  118.052384  11.80337   36.0  301.11981  35.436593   81.0
FAILURE!!!! Some beads might have been misidentified
               x1        y1  area1          x2       y2  area2          x3       y3  area3          x4         y4  area4          x5         y5  area5          x6         y6  area6          x7         y7  area7
range  301.229789  8.913574  135.0  276.176855  12.5492   68.0  116.685755  6.89873   21.0  311.219189  21.733604   42.0  268.420527  25.519866  162.0  118.051399  11.799036   33.0  301.093673  35.442171   82.0
FAILURE!!!! Some beads might have been misidentified
               x1        y1  area1          x2         y2  area2          x3        y3  area3          x4         y4  area4        x5         y5  area5          x6        y6  area6         x7        y7  area7
range  301.288184  8.917105  129.0  276.184349  12.598546   68.0  116.708118  6.856581   24.0  311.255367  21.747656   51.0  268.3873  25.478813  160.0  118.052384  11.80337   36.0  301.05441  35.46576   81.0
FAILURE!!!! Some beads might have been misidentified
               x1        y1  area1          x2         y2  area2          x3        y3  area3          x4         y4  area4          x5         y5  area5          x6         y6  area6          x7         y7  area7
range  301.237215  8.942905  129.0  275.782118  12.572684   65.0  116.433158  6.908789   27.0  311.214482  21.758543   40.0  268.636759  25.530593  160.0  118.380894  11.790929   34.0  301.079656  35.484296   84.0
FAILURE!!!! Some beads might have been misidentified
              x1        y1  area1          x2         y2  area2          x3        y3  area3          x4         y4  area4          x5        y5  area5          x6         y6  area6          x7         y7  area7
range  301.22241  8.865456  131.0  276.353224  12.542621   68.0  116.855591  6.861329   29.0  311.261784  21.743044   53.0  268.196922  25.45871  161.0  117.875639  11.831167   41.0  301.133252  35.451262   78.0
FAILURE!!!! Some beads might have been misidentified
               x1        y1  area1          x2        y2  area2          x3       y3  area3          x4         y4  area4          x5         y5  area5          x6         y6  area6          x7         y7  area7
range  301.270129  8.934101  133.0  276.315436  12.59012   64.0  116.622614  6.89873   21.0  311.035796  21.744446   49.0  268.229869  25.500059  159.0  118.310327  11.837438   36.0  301.316922  35.428682   84.0
FAILURE!!!! Some beads might have been misidentified
               x1        y1  area1          x2         y2  area2          x3        y3  area3        x4         y4  area4          x5         y5  area5          x6         y6  area6          x7         y7  area7
range  301.169879  8.938985  136.0  276.140659  12.585689   61.0  116.697154  6.874873   21.0  311.4719  21.698297   49.0  268.616261  25.475142  154.0  117.978287  11.814248   30.0  300.989161  35.487109   84.0
FAILURE!!!! Some beads might have been misidentified
Residual vector length: 105, Jacobian shape: (105, 6)
view   0 | SOD= 557.108 mm | SDD= 802.742 mm | M= 1.441 | incident=4.7367°
[[ 238.9896     -501.22464     -45.024117  ]
 [-110.595726    218.46912      19.975882  ]
 [   0.13560922    0.06316881    0.        ]
 [   0.            0.            0.1496    ]]
               x1        y1  area1          x2         y2  area2          x3       y3  area3          x4         y4  area4          x5         y5  area5          x6         y6  area6          x7         y7  area7
range  301.270129  8.917946  132.0  276.266149  12.570879   65.0  116.646306  6.89873   21.0  311.058345  21.734699   48.0  268.368858  25.563912  158.0  118.310327  11.837438   36.0  301.278538  35.428682   84.0
FAILURE!!!! Some beads might have been misidentified

iter 20 cost=1.120617 -> 1.048088 |dtheta|=2.489351e-02  lambda=1.000e-06

============================================================
Iteration 21
============================================================
Theta offsets (Unity frame):
  Source   : dSx=   0.000, dSy=   0.000, dSz=   0.000  (mm)
  Object   : dOx= -17.999, dOy=  -8.024, dOz= -24.745  (mm)
  Object offset: offset_x=   0.003, offset_z=   0.008  (mm)
  Detector : dDx=   0.000, dDy=   0.000, dDz=   0.000  (mm)
  Obj Stage rotY :   24.977 deg
============================================================

Unity geometry (world coordinates):
  Source   : x=   5.000, y=  60.000, z=   0.000
  Object   : x=   0.001, y=  14.976, z= 555.255
  Detector : x=  -8.000, y=  -5.000, z= 800.000
  Obj rotY :   0.0000 deg
view   0 | SOD= 557.108 mm | SDD= 802.742 mm | M= 1.441 | incident=4.7367°
[[ 238.9896     -501.22464     -45.024117  ]
 [-110.595726    218.46912      19.975882  ]
 [   0.13560922    0.06316881    0.        ]
 [   0.            0.            0.1496    ]]
               x1        y1  area1          x2         y2  area2          x3       y3  area3          x4         y4  area4          x5         y5  area5          x6         y6  area6          x7         y7  area7
range  301.270129  8.917946  132.0  276.266149  12.570879   65.0  116.646306  6.89873   21.0  311.058345  21.734699   48.0  268.368858  25.563912  158.0  118.310327  11.837438   36.0  301.278538  35.428682   84.0
FAILURE!!!! Some beads might have been misidentified
               x1        y1  area1          x2         y2  area2          x3        y3  area3          x4         y4  area4          x5         y5  area5          x6         y6  area6          x7         y7  area7
range  301.254899  8.938299  133.0  276.160865  12.570557   57.0  116.485983  6.919862   27.0  311.252165  21.763524   58.0  268.266911  25.556317  152.0  118.182935  11.847184   29.0  301.297207  35.485596   87.0
FAILURE!!!! Some beads might have been misidentified
               x1        y1  area1          x2         y2  area2          x3        y3  area3          x4         y4  area4          x5        y5  area5          x6         y6  area6          x7         y7  area7
range  301.314181  8.894779  130.0  276.252104  12.517385   62.0  116.563897  6.929458   23.0  311.134056  21.696604   41.0  268.474544  25.49042  167.0  118.363319  11.799722   40.0  301.197374  35.426251   74.0
FAILURE!!!! Some beads might have been misidentified
               x1        y1  area1          x2         y2  area2         x3        y3  area3          x4        y4  area4          x5         y5  area5          x6         y6  area6          x7         y7  area7
range  301.297892  8.904947  125.0  276.285086  12.565419   65.0  116.67014  6.920273   28.0  311.127848  21.85671   43.0  268.521866  25.577014  157.0  118.398272  11.827546   42.0  301.256819  35.394449   83.0
FAILURE!!!! Some beads might have been misidentified
               x1        y1  area1          x2         y2  area2          x3        y3  area3         x4         y4  area4          x5         y5  area5          x6         y6  area6         x7         y7  area7
range  301.262652  8.933002  132.0  276.195835  12.619266   63.0  116.615598  6.804773   24.0  311.05383  21.723657   43.0  268.366365  25.505348  161.0  118.333001  11.923863   37.0  301.22169  35.425293   83.0
FAILURE!!!! Some beads might have been misidentified
               x1        y1  area1          x2         y2  area2          x3        y3  area3          x4         y4  area4          x5         y5  area5          x6         y6  area6          x7         y7  area7
range  301.270129  8.890607  130.0  276.242902  12.570879   65.0  116.652793  6.923423   22.0  311.035796  21.735099   49.0  268.389721  25.563912  158.0  118.310853  11.825364   37.0  301.241475  35.469016   82.0
FAILURE!!!! Some beads might have been misidentified
               x1        y1  area1          x2         y2  area2          x3       y3  area3          x4         y4  area4         x5         y5  area5          x6         y6  area6          x7         y7  area7
range  301.270129  8.905155  131.0  276.291254  12.570879   65.0  116.646306  6.89873   21.0  311.096031  21.746001   46.0  268.38729  25.537402  157.0  118.310327  11.812248   35.0  301.278538  35.428682   84.0
FAILURE!!!! Some beads might have been misidentified
              x1        y1  area1          x2         y2  area2          x3       y3  area3         x4         y4  area4          x5         y5  area5          x6         y6  area6          x7         y7  area7
range  301.29566  8.895971  130.0  276.266707  12.542753   67.0  116.665214  6.89873   21.0  311.11893  21.763939   45.0  268.368858  25.563912  158.0  118.310013  11.825364   39.0  301.220207  35.501962   80.0
FAILURE!!!! Some beads might have been misidentified
               x1        y1  area1          x2         y2  area2          x3       y3  area3          x4         y4  area4          x5         y5  area5          x6         y6  area6          x7         y7  area7
range  301.270129  8.934101  133.0  276.303365  12.569067   65.0  116.646306  6.89873   21.0  311.058395  21.770285   48.0  268.424887  25.548821  159.0  118.310327  11.837438   36.0  301.217609  35.428682   84.0
FAILURE!!!! Some beads might have been misidentified
              x1        y1  area1          x2        y2  area2         x3        y3  area3          x4         y4  area4          x5        y5  area5          x6         y6  area6         x7         y7  area7
range  301.29566  8.941325  129.0  275.938564  12.59372   61.0  116.28581  6.916958   26.0  311.133085  21.728419   42.0  268.546352  25.59271  159.0  118.450846  11.788307   39.0  301.16784  35.484296   84.0
FAILURE!!!! Some beads might have been misidentified
               x1        y1  area1          x2         y2  area2          x3        y3  area3          x4         y4  area4          x5         y5  area5          x6         y6  area6         x7         y7  area7
range  301.277997  8.868347  130.0  276.449688  12.490271   63.0  116.742875  6.934271   23.0  311.058395  21.732729   48.0  268.078718  25.492252  166.0  118.010484  11.855977   33.0  301.29108  35.463015   77.0
FAILURE!!!! Some beads might have been misidentified
               x1        y1  area1          x2         y2  area2          x3        y3  area3          x4         y4  area4          x5         y5  area5          x6         y6  area6          x7         y7  area7
range  301.334383  8.917039  130.0  276.390703  12.534079   66.0  116.557917  6.923423   22.0  310.994388  21.720606   49.0  268.202096  25.563484  161.0  118.411675  11.850174   42.0  301.448109  35.423289   79.0
FAILURE!!!! Some beads might have been misidentified
               x1        y1  area1          x2         y2  area2          x3        y3  area3          x4         y4  area4          x5         y5  area5          x6         y6  area6          x7         y7  area7
range  301.229789  8.891442  133.0  276.168401  12.523756   69.0  116.740556  6.893917   21.0  311.411613  21.739125   43.0  268.616831  25.543872  159.0  118.052384  11.795142   34.0  301.033871  35.465611   81.0
FAILURE!!!! Some beads might have been misidentified
Residual vector length: 105, Jacobian shape: (105, 6)
view   0 | SOD= 557.037 mm | SDD= 802.742 mm | M= 1.441 | incident=4.7367°
[[ 239.08746    -501.09946     -45.019196  ]
 [-110.67917     218.5062       19.980803  ]
 [   0.13559331    0.06320297    0.        ]
 [   0.            0.            0.1496    ]]
              x1        y1  area1          x2         y2  area2          x3        y3  area3          x4         y4  area4          x5         y5  area5          x6         y6  area6          x7         y7  area7
range  301.29566  8.836873  129.0  276.226403  12.514034   66.0  116.714213  6.910906   19.0  311.276282  21.765058   38.0  268.616831  25.537402  157.0  118.268181  11.875351   36.0  301.169791  35.442354   80.0
FAILURE!!!! Some beads might have been misidentified

iter 21 cost=1.048088 -> 0.806471 |dtheta|=6.646632e-02  lambda=1.000e-06

============================================================
Iteration 22
============================================================
Theta offsets (Unity frame):
  Source   : dSx=   0.000, dSy=   0.000, dSz=   0.000  (mm)
  Object   : dOx= -18.002, dOy=  -8.019, dOz= -24.809  (mm)
  Object offset: offset_x=   0.004, offset_z=   0.001  (mm)
  Detector : dDx=   0.000, dDy=   0.000, dDz=   0.000  (mm)
  Obj Stage rotY :   24.991 deg
============================================================

Unity geometry (world coordinates):
  Source   : x=   5.000, y=  60.000, z=   0.000
  Object   : x=  -0.002, y=  14.981, z= 555.191
  Detector : x=  -8.000, y=  -5.000, z= 800.000
  Obj rotY :   0.0000 deg
view   0 | SOD= 557.037 mm | SDD= 802.742 mm | M= 1.441 | incident=4.7367°
[[ 239.08746    -501.09946     -45.019196  ]
 [-110.67917     218.5062       19.980803  ]
 [   0.13559331    0.06320297    0.        ]
 [   0.            0.            0.1496    ]]
              x1        y1  area1          x2         y2  area2          x3        y3  area3          x4         y4  area4          x5         y5  area5          x6         y6  area6          x7         y7  area7
range  301.29566  8.836873  129.0  276.226403  12.514034   66.0  116.714213  6.910906   19.0  311.276282  21.765058   38.0  268.616831  25.537402  157.0  118.268181  11.875351   36.0  301.169791  35.442354   80.0
FAILURE!!!! Some beads might have been misidentified
               x1        y1  area1          x2        y2  area2          x3        y3  area3          x4         y4  area4          x5         y5  area5          x6         y6  area6          x7         y7  area7
range  301.218462  8.898939  135.0  276.251002  12.50698   60.0  116.492535  6.917217   24.0  311.387893  21.771303   51.0  268.433673  25.547545  154.0  118.119368  11.865367   31.0  301.219935  35.525023   87.0
FAILURE!!!! Some beads might have been misidentified
               x1        y1  area1      x2         y2  area2          x3        y3  area3         x4        y4  area4         x5         y5  area5          x6        y6  area6          x7         y7  area7
range  301.273467  8.866421  129.0  276.25  12.528503   61.0  116.613103  6.922586   20.0  311.31867  21.71224   44.0  268.55083  25.470292  166.0  118.304304  11.80243   40.0  301.085778  35.410966   79.0
FAILURE!!!! Some beads might have been misidentified
               x1        y1  area1          x2         y2  area2          x3        y3  area3          x4         y4  area4          x5         y5  area5          x6         y6  area6          x7         y7  area7
range  301.277701  8.828416  123.0  276.305079  12.540106   66.0  116.760453  6.971734   30.0  311.283493  21.881424   38.0  268.642812  25.592294  157.0  118.318775  11.862717   40.0  301.116475  35.475766   76.0
FAILURE!!!! Some beads might have been misidentified
               x1        y1  area1          x2         y2  area2          x3        y3  area3         x4         y4  area4          x5         y5  area5          x6         y6  area6          x7        y7  area7
range  301.250318  8.904934  129.0  276.222222  12.573526   64.0  116.647742  6.801952   27.0  311.16583  21.740576   39.0  268.527427  25.499371  162.0  118.273907  11.848712   38.0  301.148855  35.43249   78.0
FAILURE!!!! Some beads might have been misidentified
              x1        y1  area1          x2         y2  area2          x3        y3  area3          x4        y4  area4          x5         y5  area5          x6         y6  area6          x7         y7  area7
range  301.29566  8.836873  129.0  276.226403  12.535344   65.0  116.722071  6.935584   20.0  311.276282  21.77524   38.0  268.616831  25.537402  157.0  118.278059  11.830351   36.0  301.178147  35.463602   81.0
FAILURE!!!! Some beads might have been misidentified
              x1        y1  area1          x2         y2  area2          x3        y3  area3          x4         y4  area4          x5         y5  area5          x6         y6  area6          x7        y7  area7
range  301.29566  8.853045  128.0  276.226403  12.514034   66.0  116.697037  6.910906   19.0  311.276282  21.765058   38.0  268.629372  25.559255  158.0  118.217615  11.875351   37.0  301.186897  35.42997   81.0
FAILURE!!!! Some beads might have been misidentified
               x1        y1  area1          x2         y2  area2          x3        y3  area3          x4         y4  area4          x5         y5  area5          x6         y6  area6          x7         y7  area7
range  301.312307  8.874078  127.0  276.252104  12.493358   66.0  116.736487  6.910906   22.0  311.276282  21.770894   38.0  268.633162  25.581253  157.0  118.259636  11.883579   41.0  301.134879  35.465177   75.0
FAILURE!!!! Some beads might have been misidentified
               x1        y1  area1          x2         y2  area2          x3        y3  area3          x4         y4  area4          x5         y5  area5          x6         y6  area6          x7         y7  area7
range  301.287823  8.827316  128.0  276.200589  12.539211   65.0  116.680703  6.910906   19.0  311.253617  21.746001   37.0  268.629372  25.537402  157.0  118.280661  11.854817   34.0  301.155306  35.449408   83.0
FAILURE!!!! Some beads might have been misidentified
               x1        y1  area1          x2         y2  area2        x3        y3  area3          x4        y4  area4          x5        y5  area5          x6         y6  area6          x7         y7  area7
range  301.304471  8.922999  130.0  276.104803  12.538423   64.0  116.4087  6.912302   21.0  311.335167  21.75115   43.0  268.762358  25.59271  159.0  118.447338  11.842273   37.0  301.100602  35.490172   86.0
FAILURE!!!! Some beads might have been misidentified
               x1        y1  area1          x2         y2  area2         x3        y3  area3         x4         y4  area4          x5         y5  area5          x6         y6  area6          x7         y7  area7
range  301.286869  8.876471  128.0  276.339844  12.459195   62.0  116.81568  6.907418   24.0  311.27423  21.734616   36.0  268.334823  25.488595  168.0  118.071402  11.880274   40.0  301.167167  35.418876   76.0
FAILURE!!!! Some beads might have been misidentified
               x1        y1  area1          x2         y2  area2          x3        y3  area3          x4         y4  area4          x5         y5  area5          x6         y6  area6          x7         y7  area7
range  301.314181  8.855395  130.0  276.300904  12.542073   62.0  116.599732  6.940397   21.0  311.108232  21.754665   43.0  268.437091  25.536973  160.0  118.392996  11.847457   41.0  301.303081  35.451238   82.0
FAILURE!!!! Some beads might have been misidentified
               x1        y1  area1          x2         y2  area2          x3        y3  area3          x4         y4  area4          x5         y5  area5          x6         y6  area6          x7         y7  area7
range  301.169879  8.850019  132.0  276.203057  12.533406   59.0  116.702207  6.898276   16.0  311.642985  21.774368   50.0  268.693117  25.510479  155.0  118.048217  11.833435   28.0  301.002632  35.509665   82.0
FAILURE!!!! Some beads might have been misidentified
Residual vector length: 105, Jacobian shape: (105, 6)
view   0 | SOD= 556.988 mm | SDD= 802.742 mm | M= 1.441 | incident=4.7367°
[[ 238.84363    -501.1616      -45.012184  ]
 [-110.60812     218.59702      19.987814  ]
 [   0.13562095    0.06314364    0.        ]
 [   0.            0.            0.1496    ]]
               x1        y1  area1          x2         y2  area2          x3       y3  area3          x4         y4  area4          x5         y5  area5          x6         y6  area6          x7         y7  area7
range  301.323234  8.954221  126.0  276.229138  12.571506   65.0  116.731418  6.92838   23.0  311.260035  21.750612   37.0  268.621257  25.565315  160.0  118.312933  11.809666   37.0  301.213228  35.443962   86.0
FAILURE!!!! Some beads might have been misidentified

iter 22 cost=0.806471 -> 0.655463 |dtheta|=5.760074e-02  lambda=1.000e-06

============================================================
Iteration 23
============================================================
Theta offsets (Unity frame):
  Source   : dSx=   0.000, dSy=   0.000, dSz=   0.000  (mm)
  Object   : dOx= -17.999, dOy=  -8.012, dOz= -24.860  (mm)
  Object offset: offset_x=   0.005, offset_z=   0.004  (mm)
  Detector : dDx=   0.000, dDy=   0.000, dDz=   0.000  (mm)
  Obj Stage rotY :   24.966 deg
============================================================

Unity geometry (world coordinates):
  Source   : x=   5.000, y=  60.000, z=   0.000
  Object   : x=   0.001, y=  14.988, z= 555.140
  Detector : x=  -8.000, y=  -5.000, z= 800.000
  Obj rotY :   0.0000 deg
view   0 | SOD= 556.988 mm | SDD= 802.742 mm | M= 1.441 | incident=4.7367°
[[ 238.84363    -501.1616      -45.012184  ]
 [-110.60812     218.59702      19.987814  ]
 [   0.13562095    0.06314364    0.        ]
 [   0.            0.            0.1496    ]]
               x1        y1  area1          x2         y2  area2          x3       y3  area3          x4         y4  area4          x5         y5  area5          x6         y6  area6          x7         y7  area7
range  301.323234  8.954221  126.0  276.229138  12.571506   65.0  116.731418  6.92838   23.0  311.260035  21.750612   37.0  268.621257  25.565315  160.0  118.312933  11.809666   37.0  301.213228  35.443962   86.0
FAILURE!!!! Some beads might have been misidentified
              x1        y1  area1          x2         y2  area2        x3        y3  area3          x4         y4  area4          x5         y5  area5          x6         y6  area6          x7         y7  area7
range  301.27465  8.960481  124.0  276.161341  12.550332   64.0  116.4844  6.993319   32.0  311.302851  21.731804   52.0  268.433673  25.549036  156.0  118.174772  11.797184   37.0  301.284836  35.457455   82.0
FAILURE!!!! Some beads might have been misidentified
               x1       y1  area1          x2       y2  area2          x3        y3  area3          x4         y4  area4          x5         y5  area5         x6         y6  area6          x7         y7  area7
range  301.348965  8.87594  133.0  276.247747  12.5258   58.0  116.636041  6.904618   21.0  311.289524  21.803261   47.0  268.563194  25.470619  163.0  118.33417  11.741152   33.0  301.199159  35.415844   87.0
FAILURE!!!! Some beads might have been misidentified
               x1        y1  area1          x2        y2  area2          x3        y3  area3         x4         y4  area4          x5         y5  area5          x6         y6  area6          x7         y7  area7
range  301.330569  8.828723  125.0  276.288843  12.54407   67.0  116.713944  6.980503   25.0  311.22996  21.836411   41.0  268.642812  25.561619  159.0  118.437488  11.800099   41.0  301.163451  35.481406   83.0
FAILURE!!!! Some beads might have been misidentified
               x1       y1  area1          x2         y2  area2          x3        y3  area3          x4       y4  area4          x5         y5  area5          x6         y6  area6          x7         y7  area7
range  301.270129  8.94572  137.0  276.129168  12.571129   54.0  116.582657  6.932061   13.0  311.193315  21.7592   41.0  268.549358  25.533452  154.0  118.383377  11.951524   39.0  301.180885  35.437633   88.0
FAILURE!!!! Some beads might have been misidentified
              x1        y1  area1          x2         y2  area2          x3        y3  area3          x4         y4  area4          x5         y5  area5          x6         y6  area6          x7        y7  area7
range  301.31105  8.931182  127.0  276.229138  12.571506   65.0  116.709134  6.888566   24.0  311.260035  21.764787   37.0  268.621257  25.565315  160.0  118.336532  11.802367   37.0  301.203086  35.43445   85.0
FAILURE!!!! Some beads might have been misidentified
              x1        y1  area1          x2         y2  area2          x3       y3  area3          x4         y4  area4          x5         y5  area5          x6         y6  area6          x7         y7  area7
range  301.31105  8.931182  127.0  276.251356  12.585451   66.0  116.729024  6.92838   22.0  311.260035  21.750612   37.0  268.633798  25.565315  160.0  118.316557  11.834378   37.0  301.209512  35.443962   86.0
FAILURE!!!! Some beads might have been misidentified
               x1        y1  area1          x2         y2  area2          x3       y3  area3          x4         y4  area4          x5         y5  area5          x6         y6  area6          x7         y7  area7
range  301.285626  8.881875  126.0  276.251356  12.585451   66.0  116.729024  6.92838   22.0  311.260035  21.756024   37.0  268.625705  25.537182  159.0  118.333835  11.809666   36.0  301.227731  35.451431   85.0
FAILURE!!!! Some beads might have been misidentified
               x1        y1  area1          x2         y2  area2         x3        y3  area3          x4         y4  area4          x5         y5  area5          x6         y6  area6          x7         y7  area7
range  301.323234  8.940499  126.0  276.205303  12.586394   67.0  116.72292  6.912252   25.0  311.397925  21.801637   44.0  268.621257  25.563626  160.0  118.336532  11.794139   35.0  301.201415  35.443962   86.0
FAILURE!!!! Some beads might have been misidentified
              x1        y1  area1          x2         y2  area2          x3        y3  area3          x4         y4  area4          x5         y5  area5          x6         y6  area6          x7         y7  area7
range  301.31105  8.931972  126.0  276.005061  12.562535   62.0  116.367406  6.976777   29.0  311.253683  21.747242   39.0  268.754841  25.570857  158.0  118.511829  11.790929   35.0  301.127023  35.449544   85.0
FAILURE!!!! Some beads might have been misidentified
               x1        y1  area1         x2         y2  area2          x3        y3  area3          x4         y4  area4          x5         y5  area5          x6         y6  area6          x7        y7  area7
range  301.287306  8.887369  125.0  276.44576  12.563422   65.0  116.800216  6.918202   24.0  311.315646  21.792801   51.0  268.417363  25.492544  164.0  118.151773  11.799036   39.0  301.261997  35.42997   81.0
FAILURE!!!! Some beads might have been misidentified
               x1        y1  area1          x2      y2  area2          x3       y3  area3          x4         y4  area4          x5         y5  area5          x6         y6  area6          x7         y7  area7
range  301.357456  8.935568  127.0  276.377415  12.583   65.0  116.623232  6.92116   26.0  311.035796  21.773158   49.0  268.462483  25.563912  158.0  118.456665  11.818544   42.0  301.475412  35.383355   81.0
FAILURE!!!! Some beads might have been misidentified
               x1        y1  area1          x2         y2  area2          x3        y3  area3          x4         y4  area4          x5         y5  area5          x6         y6  area6         x7         y7  area7
range  301.233153  8.907353  134.0  276.192495  12.574749   59.0  116.840785  6.882491   20.0  311.580072  21.759618   51.0  268.709907  25.549372  152.0  118.118598  11.820162   28.0  301.05691  35.473241   88.0
FAILURE!!!! Some beads might have been misidentified
Residual vector length: 105, Jacobian shape: (105, 6)
view   0 | SOD= 556.970 mm | SDD= 802.742 mm | M= 1.441 | incident=4.7367°
[[ 238.86082    -501.13416     -45.01218   ]
 [-110.62274     218.60901      19.98782   ]
 [   0.13561815    0.06314963    0.        ]
 [   0.            0.            0.1496    ]]
              x1        y1  area1          x2         y2  area2          x3        y3  area3          x4         y4  area4          x5        y5  area5          x6         y6  area6          x7        y7  area7
range  301.31105  8.874245  125.0  276.323442  12.573694   65.0  116.742824  6.952328   23.0  311.321664  21.766307   41.0  268.607143  25.55931  162.0  118.275897  11.881586   39.0  301.228033  35.48162   85.0
FAILURE!!!! Some beads might have been misidentified

iter 23 cost=0.655463 -> 0.599248 |dtheta|=1.798847e-02  lambda=1.000e-06

============================================================
Iteration 24
============================================================
Theta offsets (Unity frame):
  Source   : dSx=   0.000, dSy=   0.000, dSz=   0.000  (mm)
  Object   : dOx= -17.999, dOy=  -8.012, dOz= -24.878  (mm)
  Object offset: offset_x=   0.002, offset_z=   0.004  (mm)
  Detector : dDx=   0.000, dDy=   0.000, dDz=   0.000  (mm)
  Obj Stage rotY :   24.969 deg
============================================================

Unity geometry (world coordinates):
  Source   : x=   5.000, y=  60.000, z=   0.000
  Object   : x=   0.001, y=  14.988, z= 555.122
  Detector : x=  -8.000, y=  -5.000, z= 800.000
  Obj rotY :   0.0000 deg
view   0 | SOD= 556.970 mm | SDD= 802.742 mm | M= 1.441 | incident=4.7367°
[[ 238.86082    -501.13416     -45.01218   ]
 [-110.62274     218.60901      19.98782   ]
 [   0.13561815    0.06314963    0.        ]
 [   0.            0.            0.1496    ]]
              x1        y1  area1          x2         y2  area2          x3        y3  area3          x4         y4  area4          x5        y5  area5          x6         y6  area6          x7        y7  area7
range  301.31105  8.874245  125.0  276.323442  12.573694   65.0  116.742824  6.952328   23.0  311.321664  21.766307   41.0  268.607143  25.55931  162.0  118.275897  11.881586   39.0  301.228033  35.48162   85.0
FAILURE!!!! Some beads might have been misidentified
               x1        y1  area1          x2        y2  area2          x3        y3  area3          x4         y4  area4          x5         y5  area5          x6         y6  area6          x7         y7  area7
range  301.319184  8.945969  125.0  276.187301  12.53858   65.0  116.633227  6.939977   28.0  311.302851  21.731804   52.0  268.433673  25.549036  156.0  118.094439  11.840793   37.0  301.308964  35.500865   81.0
FAILURE!!!! Some beads might have been misidentified
               x1        y1  area1          x2         y2  area2          x3        y3  area3          x4         y4  area4         x5         y5  area5          x6         y6  area6          x7         y7  area7
range  301.341752  8.872429  124.0  276.273346  12.574138   62.0  116.680188  6.897538   26.0  311.329287  21.781483   41.0  268.55083  25.512702  165.0  118.304684  11.829108   40.0  301.240219  35.338717   73.0
FAILURE!!!! Some beads might have been misidentified
               x1        y1  area1          x2        y2  area2          x3       y3  area3          x4         y4  area4          x5        y5  area5         x6         y6  area6          x7         y7  area7
range  301.352456  8.902185  134.0  276.399204  12.57451   63.0  116.750109  6.94639   19.0  311.400794  21.860526   45.0  268.647904  25.53499  156.0  118.32498  11.838871   43.0  301.185309  35.440738   88.0
FAILURE!!!! Some beads might have been misidentified
              x1        y1  area1          x2         y2  area2         x3       y3  area3          x4         y4  area4          x5         y5  area5          x6         y6  area6         x7         y7  area7
range  301.29566  8.951308  133.0  276.295023  12.559096   64.0  116.68552  6.82929   24.0  311.193315  21.739391   41.0  268.501623  25.486641  164.0  118.301273  11.939846   41.0  301.21425  35.399899   81.0
FAILURE!!!! Some beads might have been misidentified
              x1        y1  area1          x2         y2  area2          x3        y3  area3          x4         y4  area4          x5         y5  area5          x6         y6  area6          x7         y7  area7
range  301.31105  8.874245  125.0  276.323442  12.573694   65.0  116.742824  6.936185   23.0  311.321664  21.766307   41.0  268.621257  25.565315  160.0  118.312933  11.809666   37.0  301.228033  35.451431   85.0
FAILURE!!!! Some beads might have been misidentified
              x1        y1  area1          x2         y2  area2          x3        y3  area3          x4        y4  area4         x5         y5  area5          x6         y6  area6          x7         y7  area7
range  301.31105  8.874245  125.0  276.348449  12.573694   65.0  116.728033  6.952328   21.0  311.397925  21.76341   44.0  268.55671  25.519866  162.0  118.257058  11.881586   40.0  301.205116  35.460352   84.0
FAILURE!!!! Some beads might have been misidentified
               x1        y1  area1         x2         y2  area2          x3        y3  area3          x4         y4  area4          x5         y5  area5          x6         y6  area6          x7         y7  area7
range  301.275027  8.864306  126.0  276.27509  12.539211   65.0  116.732346  6.952328   21.0  311.260035  21.750612   37.0  268.586005  25.565315  160.0  118.281102  11.882928   35.0  301.276924  35.449476   84.0
FAILURE!!!! Some beads might have been misidentified
              x1        y1  area1          x2         y2  area2          x3        y3  area3         x4        y4  area4          x5         y5  area5          x6         y6  area6          x7         y7  area7
range  301.31105  8.931182  127.0  276.324715  12.585451   66.0  116.742824  6.936185   23.0  311.40383  21.75711   46.0  268.591841  25.521912  160.0  118.257058  11.881586   40.0  301.209851  35.491043   86.0
FAILURE!!!! Some beads might have been misidentified
              x1       y1  area1          x2         y2  area2          x3        y3  area3          x4         y4  area4         x5         y5  area5          x6         y6  area6          x7         y7  area7
range  301.31105  8.91746  127.0  276.039024  12.590522   64.0  116.494565  6.929243   24.0  311.269937  21.738871   36.0  268.74537  25.570857  158.0  118.431497  11.823687   36.0  301.183589  35.492955   84.0
FAILURE!!!! Some beads might have been misidentified
               x1       y1  area1          x2         y2  area2          x3       y3  area3          x4         y4  area4         x5         y5  area5          x6         y6  area6          x7         y7  area7
range  301.295174  8.88014  123.0  276.496124  12.535115   64.0  116.855969  6.89223   25.0  311.329688  21.792172   50.0  268.31577  25.512702  165.0  118.048463  11.869228   39.0  301.263361  35.424983   77.0
FAILURE!!!! Some beads might have been misidentified
               x1        y1  area1          x2         y2  area2          x3        y3  area3          x4         y4  area4          x5         y5  area5         x6         y6  area6          x7         y7  area7
range  301.379555  8.878631  125.0  276.423367  12.566425   64.0  116.637595  6.939114   23.0  311.035796  21.758984   49.0  268.391717  25.585766  159.0  118.42899  11.818544   42.0  301.517612  35.400336   81.0
FAILURE!!!! Some beads might have been misidentified
               x1        y1  area1          x2         y2  area2          x3        y3  area3          x4         y4  area4          x5         y5  area5          x6        y6  area6          x7        y7  area7
range  301.258945  8.902754  123.0  276.253564  12.530574   68.0  116.800216  6.904618   24.0  311.569625  21.743546   44.0  268.655586  25.478238  157.0  118.043263  11.86737   35.0  301.042771  35.48953   82.0
FAILURE!!!! Some beads might have been misidentified
Residual vector length: 105, Jacobian shape: (105, 6)
view   0 | SOD= 556.952 mm | SDD= 802.742 mm | M= 1.441 | incident=4.7367°
[[ 238.88329    -501.10364     -45.00976   ]
 [-110.6461      218.6173       19.990238  ]
 [   0.13561413    0.06315827    0.        ]
 [   0.            0.            0.1496    ]]
               x1        y1  area1          x2         y2  area2          x3       y3  area3          x4         y4  area4          x5         y5  area5          x6         y6  area6          x7        y7  area7
range  301.323234  8.897283  124.0  276.298337  12.573694   65.0  116.711354  6.92838   21.0  311.260035  21.750612   37.0  268.638245  25.537182  159.0  118.359467  11.834378   37.0  301.228033  35.48162   85.0
FAILURE!!!! Some beads might have been misidentified

iter 24 cost=0.599248 -> 0.602819 |dtheta|=2.011710e-02  lambda=1.000e-06

============================================================
Iteration 25
============================================================
Theta offsets (Unity frame):
  Source   : dSx=   0.000, dSy=   0.000, dSz=   0.000  (mm)
  Object   : dOx= -17.999, dOy=  -8.012, dOz= -24.878  (mm)
  Object offset: offset_x=   0.002, offset_z=   0.004  (mm)
  Detector : dDx=   0.000, dDy=   0.000, dDz=   0.000  (mm)
  Obj Stage rotY :   24.969 deg
============================================================

Unity geometry (world coordinates):
  Source   : x=   5.000, y=  60.000, z=   0.000
  Object   : x=   0.001, y=  14.988, z= 555.122
  Detector : x=  -8.000, y=  -5.000, z= 800.000
  Obj rotY :   0.0000 deg
view   0 | SOD= 556.970 mm | SDD= 802.742 mm | M= 1.441 | incident=4.7367°
[[ 238.86082    -501.13416     -45.01218   ]
 [-110.62274     218.60901      19.98782   ]
 [   0.13561815    0.06314963    0.        ]
 [   0.            0.            0.1496    ]]
              x1        y1  area1          x2         y2  area2          x3        y3  area3          x4         y4  area4          x5        y5  area5          x6         y6  area6          x7        y7  area7
range  301.31105  8.874245  125.0  276.323442  12.573694   65.0  116.742824  6.952328   23.0  311.321664  21.766307   41.0  268.607143  25.55931  162.0  118.275897  11.881586   39.0  301.228033  35.48162   85.0
FAILURE!!!! Some beads might have been misidentified
               x1        y1  area1          x2        y2  area2          x3        y3  area3          x4         y4  area4          x5         y5  area5          x6         y6  area6          x7         y7  area7
range  301.319184  8.945969  125.0  276.187301  12.53858   65.0  116.633227  6.939977   28.0  311.302851  21.731804   52.0  268.433673  25.549036  156.0  118.094439  11.840793   37.0  301.308964  35.500865   81.0
FAILURE!!!! Some beads might have been misidentified
               x1        y1  area1          x2         y2  area2          x3        y3  area3          x4         y4  area4         x5         y5  area5          x6         y6  area6          x7         y7  area7
range  301.341752  8.872429  124.0  276.273346  12.574138   62.0  116.680188  6.897538   26.0  311.329287  21.781483   41.0  268.55083  25.512702  165.0  118.304684  11.829108   40.0  301.240219  35.338717   73.0
FAILURE!!!! Some beads might have been misidentified
               x1        y1  area1          x2        y2  area2          x3       y3  area3          x4         y4  area4          x5        y5  area5         x6         y6  area6          x7         y7  area7
range  301.352456  8.902185  134.0  276.399204  12.57451   63.0  116.750109  6.94639   19.0  311.400794  21.860526   45.0  268.647904  25.53499  156.0  118.32498  11.838871   43.0  301.185309  35.440738   88.0
FAILURE!!!! Some beads might have been misidentified
              x1        y1  area1          x2         y2  area2         x3       y3  area3          x4         y4  area4          x5         y5  area5          x6         y6  area6         x7         y7  area7
range  301.29566  8.951308  133.0  276.295023  12.559096   64.0  116.68552  6.82929   24.0  311.193315  21.739391   41.0  268.501623  25.486641  164.0  118.301273  11.939846   41.0  301.21425  35.399899   81.0
FAILURE!!!! Some beads might have been misidentified
              x1        y1  area1          x2         y2  area2          x3        y3  area3          x4         y4  area4          x5         y5  area5          x6         y6  area6          x7         y7  area7
range  301.31105  8.874245  125.0  276.323442  12.573694   65.0  116.742824  6.936185   23.0  311.321664  21.766307   41.0  268.621257  25.565315  160.0  118.312933  11.809666   37.0  301.228033  35.451431   85.0
FAILURE!!!! Some beads might have been misidentified
              x1        y1  area1          x2         y2  area2          x3        y3  area3          x4        y4  area4         x5         y5  area5          x6         y6  area6          x7         y7  area7
range  301.31105  8.874245  125.0  276.348449  12.573694   65.0  116.728033  6.952328   21.0  311.397925  21.76341   44.0  268.55671  25.519866  162.0  118.257058  11.881586   40.0  301.205116  35.460352   84.0
FAILURE!!!! Some beads might have been misidentified
               x1        y1  area1         x2         y2  area2          x3        y3  area3          x4         y4  area4          x5         y5  area5          x6         y6  area6          x7         y7  area7
range  301.275027  8.864306  126.0  276.27509  12.539211   65.0  116.732346  6.952328   21.0  311.260035  21.750612   37.0  268.586005  25.565315  160.0  118.281102  11.882928   35.0  301.276924  35.449476   84.0
FAILURE!!!! Some beads might have been misidentified
              x1        y1  area1          x2         y2  area2          x3        y3  area3         x4        y4  area4          x5         y5  area5          x6         y6  area6          x7         y7  area7
range  301.31105  8.931182  127.0  276.324715  12.585451   66.0  116.742824  6.936185   23.0  311.40383  21.75711   46.0  268.591841  25.521912  160.0  118.257058  11.881586   40.0  301.209851  35.491043   86.0
FAILURE!!!! Some beads might have been misidentified
              x1       y1  area1          x2         y2  area2          x3        y3  area3          x4         y4  area4         x5         y5  area5          x6         y6  area6          x7         y7  area7
range  301.31105  8.91746  127.0  276.039024  12.590522   64.0  116.494565  6.929243   24.0  311.269937  21.738871   36.0  268.74537  25.570857  158.0  118.431497  11.823687   36.0  301.183589  35.492955   84.0
FAILURE!!!! Some beads might have been misidentified
               x1       y1  area1          x2         y2  area2          x3       y3  area3          x4         y4  area4         x5         y5  area5          x6         y6  area6          x7         y7  area7
range  301.295174  8.88014  123.0  276.496124  12.535115   64.0  116.855969  6.89223   25.0  311.329688  21.792172   50.0  268.31577  25.512702  165.0  118.048463  11.869228   39.0  301.263361  35.424983   77.0
FAILURE!!!! Some beads might have been misidentified
               x1        y1  area1          x2         y2  area2          x3        y3  area3          x4         y4  area4          x5         y5  area5         x6         y6  area6          x7         y7  area7
range  301.379555  8.878631  125.0  276.423367  12.566425   64.0  116.637595  6.939114   23.0  311.035796  21.758984   49.0  268.391717  25.585766  159.0  118.42899  11.818544   42.0  301.517612  35.400336   81.0
FAILURE!!!! Some beads might have been misidentified
               x1        y1  area1          x2         y2  area2          x3        y3  area3          x4         y4  area4          x5         y5  area5          x6        y6  area6          x7        y7  area7
range  301.258945  8.902754  123.0  276.253564  12.530574   68.0  116.800216  6.904618   24.0  311.569625  21.743546   44.0  268.655586  25.478238  157.0  118.043263  11.86737   35.0  301.042771  35.48953   82.0
FAILURE!!!! Some beads might have been misidentified
Residual vector length: 105, Jacobian shape: (105, 6)
view   0 | SOD= 556.952 mm | SDD= 802.742 mm | M= 1.441 | incident=4.7367°
[[ 238.88329    -501.10364     -45.00976   ]
 [-110.6461      218.6173       19.990238  ]
 [   0.13561413    0.06315827    0.        ]
 [   0.            0.            0.1496    ]]
               x1        y1  area1          x2         y2  area2          x3       y3  area3          x4         y4  area4          x5         y5  area5          x6         y6  area6          x7        y7  area7
range  301.323234  8.897283  124.0  276.298337  12.573694   65.0  116.711354  6.92838   21.0  311.260035  21.750612   37.0  268.638245  25.537182  159.0  118.359467  11.834378   37.0  301.228033  35.48162   85.0
FAILURE!!!! Some beads might have been misidentified

iter 25 cost=0.599248 -> 0.602819 |dtheta|=2.011710e-02  lambda=5.000e-06

============================================================
Iteration 26
============================================================
Theta offsets (Unity frame):
  Source   : dSx=   0.000, dSy=   0.000, dSz=   0.000  (mm)
  Object   : dOx= -17.999, dOy=  -8.012, dOz= -24.878  (mm)
  Object offset: offset_x=   0.002, offset_z=   0.004  (mm)
  Detector : dDx=   0.000, dDy=   0.000, dDz=   0.000  (mm)
  Obj Stage rotY :   24.969 deg
============================================================

Unity geometry (world coordinates):
  Source   : x=   5.000, y=  60.000, z=   0.000
  Object   : x=   0.001, y=  14.988, z= 555.122
  Detector : x=  -8.000, y=  -5.000, z= 800.000
  Obj rotY :   0.0000 deg
view   0 | SOD= 556.970 mm | SDD= 802.742 mm | M= 1.441 | incident=4.7367°
[[ 238.86082    -501.13416     -45.01218   ]
 [-110.62274     218.60901      19.98782   ]
 [   0.13561815    0.06314963    0.        ]
 [   0.            0.            0.1496    ]]
              x1        y1  area1          x2         y2  area2          x3        y3  area3          x4         y4  area4          x5        y5  area5          x6         y6  area6          x7        y7  area7
range  301.31105  8.874245  125.0  276.323442  12.573694   65.0  116.742824  6.952328   23.0  311.321664  21.766307   41.0  268.607143  25.55931  162.0  118.275897  11.881586   39.0  301.228033  35.48162   85.0
FAILURE!!!! Some beads might have been misidentified
               x1        y1  area1          x2        y2  area2          x3        y3  area3          x4         y4  area4          x5         y5  area5          x6         y6  area6          x7         y7  area7
range  301.319184  8.945969  125.0  276.187301  12.53858   65.0  116.633227  6.939977   28.0  311.302851  21.731804   52.0  268.433673  25.549036  156.0  118.094439  11.840793   37.0  301.308964  35.500865   81.0
FAILURE!!!! Some beads might have been misidentified
               x1        y1  area1          x2         y2  area2          x3        y3  area3          x4         y4  area4         x5         y5  area5          x6         y6  area6          x7         y7  area7
range  301.341752  8.872429  124.0  276.273346  12.574138   62.0  116.680188  6.897538   26.0  311.329287  21.781483   41.0  268.55083  25.512702  165.0  118.304684  11.829108   40.0  301.240219  35.338717   73.0
FAILURE!!!! Some beads might have been misidentified
               x1        y1  area1          x2        y2  area2          x3       y3  area3          x4         y4  area4          x5        y5  area5         x6         y6  area6          x7         y7  area7
range  301.352456  8.902185  134.0  276.399204  12.57451   63.0  116.750109  6.94639   19.0  311.400794  21.860526   45.0  268.647904  25.53499  156.0  118.32498  11.838871   43.0  301.185309  35.440738   88.0
FAILURE!!!! Some beads might have been misidentified
              x1        y1  area1          x2         y2  area2         x3       y3  area3          x4         y4  area4          x5         y5  area5          x6         y6  area6         x7         y7  area7
range  301.29566  8.951308  133.0  276.295023  12.559096   64.0  116.68552  6.82929   24.0  311.193315  21.739391   41.0  268.501623  25.486641  164.0  118.301273  11.939846   41.0  301.21425  35.399899   81.0
FAILURE!!!! Some beads might have been misidentified
              x1        y1  area1          x2         y2  area2          x3        y3  area3          x4         y4  area4          x5         y5  area5          x6         y6  area6          x7         y7  area7
range  301.31105  8.874245  125.0  276.323442  12.573694   65.0  116.742824  6.936185   23.0  311.321664  21.766307   41.0  268.621257  25.565315  160.0  118.312933  11.809666   37.0  301.228033  35.451431   85.0
FAILURE!!!! Some beads might have been misidentified
              x1        y1  area1          x2         y2  area2          x3        y3  area3          x4        y4  area4         x5         y5  area5          x6         y6  area6          x7         y7  area7
range  301.31105  8.874245  125.0  276.348449  12.573694   65.0  116.728033  6.952328   21.0  311.397925  21.76341   44.0  268.55671  25.519866  162.0  118.257058  11.881586   40.0  301.205116  35.460352   84.0
FAILURE!!!! Some beads might have been misidentified
               x1        y1  area1         x2         y2  area2          x3        y3  area3          x4         y4  area4          x5         y5  area5          x6         y6  area6          x7         y7  area7
range  301.275027  8.864306  126.0  276.27509  12.539211   65.0  116.732346  6.952328   21.0  311.260035  21.750612   37.0  268.586005  25.565315  160.0  118.281102  11.882928   35.0  301.276924  35.449476   84.0
FAILURE!!!! Some beads might have been misidentified
              x1        y1  area1          x2         y2  area2          x3        y3  area3         x4        y4  area4          x5         y5  area5          x6         y6  area6          x7         y7  area7
range  301.31105  8.931182  127.0  276.324715  12.585451   66.0  116.742824  6.936185   23.0  311.40383  21.75711   46.0  268.591841  25.521912  160.0  118.257058  11.881586   40.0  301.209851  35.491043   86.0
FAILURE!!!! Some beads might have been misidentified
              x1       y1  area1          x2         y2  area2          x3        y3  area3          x4         y4  area4         x5         y5  area5          x6         y6  area6          x7         y7  area7
range  301.31105  8.91746  127.0  276.039024  12.590522   64.0  116.494565  6.929243   24.0  311.269937  21.738871   36.0  268.74537  25.570857  158.0  118.431497  11.823687   36.0  301.183589  35.492955   84.0
FAILURE!!!! Some beads might have been misidentified
               x1       y1  area1          x2         y2  area2          x3       y3  area3          x4         y4  area4         x5         y5  area5          x6         y6  area6          x7         y7  area7
range  301.295174  8.88014  123.0  276.496124  12.535115   64.0  116.855969  6.89223   25.0  311.329688  21.792172   50.0  268.31577  25.512702  165.0  118.048463  11.869228   39.0  301.263361  35.424983   77.0
FAILURE!!!! Some beads might have been misidentified
               x1        y1  area1          x2         y2  area2          x3        y3  area3          x4         y4  area4          x5         y5  area5         x6         y6  area6          x7         y7  area7
range  301.379555  8.878631  125.0  276.423367  12.566425   64.0  116.637595  6.939114   23.0  311.035796  21.758984   49.0  268.391717  25.585766  159.0  118.42899  11.818544   42.0  301.517612  35.400336   81.0
FAILURE!!!! Some beads might have been misidentified
               x1        y1  area1          x2         y2  area2          x3        y3  area3          x4         y4  area4          x5         y5  area5          x6        y6  area6          x7        y7  area7
range  301.258945  8.902754  123.0  276.253564  12.530574   68.0  116.800216  6.904618   24.0  311.569625  21.743546   44.0  268.655586  25.478238  157.0  118.043263  11.86737   35.0  301.042771  35.48953   82.0
FAILURE!!!! Some beads might have been misidentified
Residual vector length: 105, Jacobian shape: (105, 6)
view   0 | SOD= 556.952 mm | SDD= 802.742 mm | M= 1.441 | incident=4.7367°
[[ 238.88329    -501.10364     -45.00976   ]
 [-110.6461      218.6173       19.990238  ]
 [   0.13561413    0.06315827    0.        ]
 [   0.            0.            0.1496    ]]
               x1        y1  area1          x2         y2  area2          x3       y3  area3          x4         y4  area4          x5         y5  area5          x6         y6  area6          x7        y7  area7
range  301.323234  8.897283  124.0  276.298337  12.573694   65.0  116.711354  6.92838   21.0  311.260035  21.750612   37.0  268.638245  25.537182  159.0  118.359467  11.834378   37.0  301.228033  35.48162   85.0
FAILURE!!!! Some beads might have been misidentified

iter 26 cost=0.599248 -> 0.602819 |dtheta|=2.011710e-02  lambda=2.500e-05

============================================================
Iteration 27
============================================================
Theta offsets (Unity frame):
  Source   : dSx=   0.000, dSy=   0.000, dSz=   0.000  (mm)
  Object   : dOx= -17.999, dOy=  -8.012, dOz= -24.878  (mm)
  Object offset: offset_x=   0.002, offset_z=   0.004  (mm)
  Detector : dDx=   0.000, dDy=   0.000, dDz=   0.000  (mm)
  Obj Stage rotY :   24.969 deg
============================================================

Unity geometry (world coordinates):
  Source   : x=   5.000, y=  60.000, z=   0.000
  Object   : x=   0.001, y=  14.988, z= 555.122
  Detector : x=  -8.000, y=  -5.000, z= 800.000
  Obj rotY :   0.0000 deg
view   0 | SOD= 556.970 mm | SDD= 802.742 mm | M= 1.441 | incident=4.7367°
[[ 238.86082    -501.13416     -45.01218   ]
 [-110.62274     218.60901      19.98782   ]
 [   0.13561815    0.06314963    0.        ]
 [   0.            0.            0.1496    ]]
              x1        y1  area1          x2         y2  area2          x3        y3  area3          x4         y4  area4          x5        y5  area5          x6         y6  area6          x7        y7  area7
range  301.31105  8.874245  125.0  276.323442  12.573694   65.0  116.742824  6.952328   23.0  311.321664  21.766307   41.0  268.607143  25.55931  162.0  118.275897  11.881586   39.0  301.228033  35.48162   85.0
FAILURE!!!! Some beads might have been misidentified
               x1        y1  area1          x2        y2  area2          x3        y3  area3          x4         y4  area4          x5         y5  area5          x6         y6  area6          x7         y7  area7
range  301.319184  8.945969  125.0  276.187301  12.53858   65.0  116.633227  6.939977   28.0  311.302851  21.731804   52.0  268.433673  25.549036  156.0  118.094439  11.840793   37.0  301.308964  35.500865   81.0
FAILURE!!!! Some beads might have been misidentified
               x1        y1  area1          x2         y2  area2          x3        y3  area3          x4         y4  area4         x5         y5  area5          x6         y6  area6          x7         y7  area7
range  301.341752  8.872429  124.0  276.273346  12.574138   62.0  116.680188  6.897538   26.0  311.329287  21.781483   41.0  268.55083  25.512702  165.0  118.304684  11.829108   40.0  301.240219  35.338717   73.0
FAILURE!!!! Some beads might have been misidentified
               x1        y1  area1          x2        y2  area2          x3       y3  area3          x4         y4  area4          x5        y5  area5         x6         y6  area6          x7         y7  area7
range  301.352456  8.902185  134.0  276.399204  12.57451   63.0  116.750109  6.94639   19.0  311.400794  21.860526   45.0  268.647904  25.53499  156.0  118.32498  11.838871   43.0  301.185309  35.440738   88.0
FAILURE!!!! Some beads might have been misidentified
              x1        y1  area1          x2         y2  area2         x3       y3  area3          x4         y4  area4          x5         y5  area5          x6         y6  area6         x7         y7  area7
range  301.29566  8.951308  133.0  276.295023  12.559096   64.0  116.68552  6.82929   24.0  311.193315  21.739391   41.0  268.501623  25.486641  164.0  118.301273  11.939846   41.0  301.21425  35.399899   81.0
FAILURE!!!! Some beads might have been misidentified
              x1        y1  area1          x2         y2  area2          x3        y3  area3          x4         y4  area4          x5         y5  area5          x6         y6  area6          x7         y7  area7
range  301.31105  8.874245  125.0  276.323442  12.573694   65.0  116.742824  6.936185   23.0  311.321664  21.766307   41.0  268.621257  25.565315  160.0  118.312933  11.809666   37.0  301.228033  35.451431   85.0
FAILURE!!!! Some beads might have been misidentified
              x1        y1  area1          x2         y2  area2          x3        y3  area3          x4        y4  area4         x5         y5  area5          x6         y6  area6          x7         y7  area7
range  301.31105  8.874245  125.0  276.348449  12.573694   65.0  116.728033  6.952328   21.0  311.397925  21.76341   44.0  268.55671  25.519866  162.0  118.257058  11.881586   40.0  301.205116  35.460352   84.0
FAILURE!!!! Some beads might have been misidentified
               x1        y1  area1         x2         y2  area2          x3        y3  area3          x4         y4  area4          x5         y5  area5          x6         y6  area6          x7         y7  area7
range  301.275027  8.864306  126.0  276.27509  12.539211   65.0  116.732346  6.952328   21.0  311.260035  21.750612   37.0  268.586005  25.565315  160.0  118.281102  11.882928   35.0  301.276924  35.449476   84.0
FAILURE!!!! Some beads might have been misidentified
              x1        y1  area1          x2         y2  area2          x3        y3  area3         x4        y4  area4          x5         y5  area5          x6         y6  area6          x7         y7  area7
range  301.31105  8.931182  127.0  276.324715  12.585451   66.0  116.742824  6.936185   23.0  311.40383  21.75711   46.0  268.591841  25.521912  160.0  118.257058  11.881586   40.0  301.209851  35.491043   86.0
FAILURE!!!! Some beads might have been misidentified
              x1       y1  area1          x2         y2  area2          x3        y3  area3          x4         y4  area4         x5         y5  area5          x6         y6  area6          x7         y7  area7
range  301.31105  8.91746  127.0  276.039024  12.590522   64.0  116.494565  6.929243   24.0  311.269937  21.738871   36.0  268.74537  25.570857  158.0  118.431497  11.823687   36.0  301.183589  35.492955   84.0
FAILURE!!!! Some beads might have been misidentified
               x1       y1  area1          x2         y2  area2          x3       y3  area3          x4         y4  area4         x5         y5  area5          x6         y6  area6          x7         y7  area7
range  301.295174  8.88014  123.0  276.496124  12.535115   64.0  116.855969  6.89223   25.0  311.329688  21.792172   50.0  268.31577  25.512702  165.0  118.048463  11.869228   39.0  301.263361  35.424983   77.0
FAILURE!!!! Some beads might have been misidentified
               x1        y1  area1          x2         y2  area2          x3        y3  area3          x4         y4  area4          x5         y5  area5         x6         y6  area6          x7         y7  area7
range  301.379555  8.878631  125.0  276.423367  12.566425   64.0  116.637595  6.939114   23.0  311.035796  21.758984   49.0  268.391717  25.585766  159.0  118.42899  11.818544   42.0  301.517612  35.400336   81.0
FAILURE!!!! Some beads might have been misidentified
               x1        y1  area1          x2         y2  area2          x3        y3  area3          x4         y4  area4          x5         y5  area5          x6        y6  area6          x7        y7  area7
range  301.258945  8.902754  123.0  276.253564  12.530574   68.0  116.800216  6.904618   24.0  311.569625  21.743546   44.0  268.655586  25.478238  157.0  118.043263  11.86737   35.0  301.042771  35.48953   82.0
FAILURE!!!! Some beads might have been misidentified
Residual vector length: 105, Jacobian shape: (105, 6)
view   0 | SOD= 556.952 mm | SDD= 802.742 mm | M= 1.441 | incident=4.7367°
[[ 238.88329    -501.10364     -45.00976   ]
 [-110.6461      218.6173       19.990238  ]
 [   0.13561413    0.06315827    0.        ]
 [   0.            0.            0.1496    ]]
               x1        y1  area1          x2         y2  area2          x3       y3  area3          x4         y4  area4          x5         y5  area5          x6         y6  area6          x7        y7  area7
range  301.323234  8.897283  124.0  276.298337  12.573694   65.0  116.711354  6.92838   21.0  311.260035  21.750612   37.0  268.638245  25.537182  159.0  118.359467  11.834378   37.0  301.228033  35.48162   85.0
FAILURE!!!! Some beads might have been misidentified

iter 27 cost=0.599248 -> 0.602819 |dtheta|=2.011709e-02  lambda=1.250e-04

============================================================
Iteration 28
============================================================
Theta offsets (Unity frame):
  Source   : dSx=   0.000, dSy=   0.000, dSz=   0.000  (mm)
  Object   : dOx= -17.999, dOy=  -8.012, dOz= -24.878  (mm)
  Object offset: offset_x=   0.002, offset_z=   0.004  (mm)
  Detector : dDx=   0.000, dDy=   0.000, dDz=   0.000  (mm)
  Obj Stage rotY :   24.969 deg
============================================================

Unity geometry (world coordinates):
  Source   : x=   5.000, y=  60.000, z=   0.000
  Object   : x=   0.001, y=  14.988, z= 555.122
  Detector : x=  -8.000, y=  -5.000, z= 800.000
  Obj rotY :   0.0000 deg
view   0 | SOD= 556.970 mm | SDD= 802.742 mm | M= 1.441 | incident=4.7367°
[[ 238.86082    -501.13416     -45.01218   ]
 [-110.62274     218.60901      19.98782   ]
 [   0.13561815    0.06314963    0.        ]
 [   0.            0.            0.1496    ]]
              x1        y1  area1          x2         y2  area2          x3        y3  area3          x4         y4  area4          x5        y5  area5          x6         y6  area6          x7        y7  area7
range  301.31105  8.874245  125.0  276.323442  12.573694   65.0  116.742824  6.952328   23.0  311.321664  21.766307   41.0  268.607143  25.55931  162.0  118.275897  11.881586   39.0  301.228033  35.48162   85.0
FAILURE!!!! Some beads might have been misidentified
               x1        y1  area1          x2        y2  area2          x3        y3  area3          x4         y4  area4          x5         y5  area5          x6         y6  area6          x7         y7  area7
range  301.319184  8.945969  125.0  276.187301  12.53858   65.0  116.633227  6.939977   28.0  311.302851  21.731804   52.0  268.433673  25.549036  156.0  118.094439  11.840793   37.0  301.308964  35.500865   81.0
FAILURE!!!! Some beads might have been misidentified
               x1        y1  area1          x2         y2  area2          x3        y3  area3          x4         y4  area4         x5         y5  area5          x6         y6  area6          x7         y7  area7
range  301.341752  8.872429  124.0  276.273346  12.574138   62.0  116.680188  6.897538   26.0  311.329287  21.781483   41.0  268.55083  25.512702  165.0  118.304684  11.829108   40.0  301.240219  35.338717   73.0
FAILURE!!!! Some beads might have been misidentified
               x1        y1  area1          x2        y2  area2          x3       y3  area3          x4         y4  area4          x5        y5  area5         x6         y6  area6          x7         y7  area7
range  301.352456  8.902185  134.0  276.399204  12.57451   63.0  116.750109  6.94639   19.0  311.400794  21.860526   45.0  268.647904  25.53499  156.0  118.32498  11.838871   43.0  301.185309  35.440738   88.0
FAILURE!!!! Some beads might have been misidentified
              x1        y1  area1          x2         y2  area2         x3       y3  area3          x4         y4  area4          x5         y5  area5          x6         y6  area6         x7         y7  area7
range  301.29566  8.951308  133.0  276.295023  12.559096   64.0  116.68552  6.82929   24.0  311.193315  21.739391   41.0  268.501623  25.486641  164.0  118.301273  11.939846   41.0  301.21425  35.399899   81.0
FAILURE!!!! Some beads might have been misidentified
              x1        y1  area1          x2         y2  area2          x3        y3  area3          x4         y4  area4          x5         y5  area5          x6         y6  area6          x7         y7  area7
range  301.31105  8.874245  125.0  276.323442  12.573694   65.0  116.742824  6.936185   23.0  311.321664  21.766307   41.0  268.621257  25.565315  160.0  118.312933  11.809666   37.0  301.228033  35.451431   85.0
FAILURE!!!! Some beads might have been misidentified
              x1        y1  area1          x2         y2  area2          x3        y3  area3          x4        y4  area4         x5         y5  area5          x6         y6  area6          x7         y7  area7
range  301.31105  8.874245  125.0  276.348449  12.573694   65.0  116.728033  6.952328   21.0  311.397925  21.76341   44.0  268.55671  25.519866  162.0  118.257058  11.881586   40.0  301.205116  35.460352   84.0
FAILURE!!!! Some beads might have been misidentified
               x1        y1  area1         x2         y2  area2          x3        y3  area3          x4         y4  area4          x5         y5  area5          x6         y6  area6          x7         y7  area7
range  301.275027  8.864306  126.0  276.27509  12.539211   65.0  116.732346  6.952328   21.0  311.260035  21.750612   37.0  268.586005  25.565315  160.0  118.281102  11.882928   35.0  301.276924  35.449476   84.0
FAILURE!!!! Some beads might have been misidentified
              x1        y1  area1          x2         y2  area2          x3        y3  area3         x4        y4  area4          x5         y5  area5          x6         y6  area6          x7         y7  area7
range  301.31105  8.931182  127.0  276.324715  12.585451   66.0  116.742824  6.936185   23.0  311.40383  21.75711   46.0  268.591841  25.521912  160.0  118.257058  11.881586   40.0  301.209851  35.491043   86.0
FAILURE!!!! Some beads might have been misidentified
              x1       y1  area1          x2         y2  area2          x3        y3  area3          x4         y4  area4         x5         y5  area5          x6         y6  area6          x7         y7  area7
range  301.31105  8.91746  127.0  276.039024  12.590522   64.0  116.494565  6.929243   24.0  311.269937  21.738871   36.0  268.74537  25.570857  158.0  118.431497  11.823687   36.0  301.183589  35.492955   84.0
FAILURE!!!! Some beads might have been misidentified
               x1       y1  area1          x2         y2  area2          x3       y3  area3          x4         y4  area4         x5         y5  area5          x6         y6  area6          x7         y7  area7
range  301.295174  8.88014  123.0  276.496124  12.535115   64.0  116.855969  6.89223   25.0  311.329688  21.792172   50.0  268.31577  25.512702  165.0  118.048463  11.869228   39.0  301.263361  35.424983   77.0
FAILURE!!!! Some beads might have been misidentified
               x1        y1  area1          x2         y2  area2          x3        y3  area3          x4         y4  area4          x5         y5  area5         x6         y6  area6          x7         y7  area7
range  301.379555  8.878631  125.0  276.423367  12.566425   64.0  116.637595  6.939114   23.0  311.035796  21.758984   49.0  268.391717  25.585766  159.0  118.42899  11.818544   42.0  301.517612  35.400336   81.0
FAILURE!!!! Some beads might have been misidentified
               x1        y1  area1          x2         y2  area2          x3        y3  area3          x4         y4  area4          x5         y5  area5          x6        y6  area6          x7        y7  area7
range  301.258945  8.902754  123.0  276.253564  12.530574   68.0  116.800216  6.904618   24.0  311.569625  21.743546   44.0  268.655586  25.478238  157.0  118.043263  11.86737   35.0  301.042771  35.48953   82.0
FAILURE!!!! Some beads might have been misidentified
Residual vector length: 105, Jacobian shape: (105, 6)
view   0 | SOD= 556.952 mm | SDD= 802.742 mm | M= 1.441 | incident=4.7367°
[[ 238.88329    -501.10364     -45.00976   ]
 [-110.6461      218.6173       19.990238  ]
 [   0.13561413    0.06315827    0.        ]
 [   0.            0.            0.1496    ]]
               x1        y1  area1          x2         y2  area2          x3       y3  area3          x4         y4  area4          x5         y5  area5          x6         y6  area6          x7        y7  area7
range  301.323234  8.897283  124.0  276.298337  12.573694   65.0  116.711354  6.92838   21.0  311.260035  21.750612   37.0  268.638245  25.537182  159.0  118.359467  11.834378   37.0  301.228033  35.48162   85.0
FAILURE!!!! Some beads might have been misidentified

iter 28 cost=0.599248 -> 0.602819 |dtheta|=2.011704e-02  lambda=6.250e-04

============================================================
Iteration 29
============================================================
Theta offsets (Unity frame):
  Source   : dSx=   0.000, dSy=   0.000, dSz=   0.000  (mm)
  Object   : dOx= -17.999, dOy=  -8.012, dOz= -24.878  (mm)
  Object offset: offset_x=   0.002, offset_z=   0.004  (mm)
  Detector : dDx=   0.000, dDy=   0.000, dDz=   0.000  (mm)
  Obj Stage rotY :   24.969 deg
============================================================

Unity geometry (world coordinates):
  Source   : x=   5.000, y=  60.000, z=   0.000
  Object   : x=   0.001, y=  14.988, z= 555.122
  Detector : x=  -8.000, y=  -5.000, z= 800.000
  Obj rotY :   0.0000 deg
view   0 | SOD= 556.970 mm | SDD= 802.742 mm | M= 1.441 | incident=4.7367°
[[ 238.86082    -501.13416     -45.01218   ]
 [-110.62274     218.60901      19.98782   ]
 [   0.13561815    0.06314963    0.        ]
 [   0.            0.            0.1496    ]]
              x1        y1  area1          x2         y2  area2          x3        y3  area3          x4         y4  area4          x5        y5  area5          x6         y6  area6          x7        y7  area7
range  301.31105  8.874245  125.0  276.323442  12.573694   65.0  116.742824  6.952328   23.0  311.321664  21.766307   41.0  268.607143  25.55931  162.0  118.275897  11.881586   39.0  301.228033  35.48162   85.0
FAILURE!!!! Some beads might have been misidentified
               x1        y1  area1          x2        y2  area2          x3        y3  area3          x4         y4  area4          x5         y5  area5          x6         y6  area6          x7         y7  area7
range  301.319184  8.945969  125.0  276.187301  12.53858   65.0  116.633227  6.939977   28.0  311.302851  21.731804   52.0  268.433673  25.549036  156.0  118.094439  11.840793   37.0  301.308964  35.500865   81.0
FAILURE!!!! Some beads might have been misidentified
               x1        y1  area1          x2         y2  area2          x3        y3  area3          x4         y4  area4         x5         y5  area5          x6         y6  area6          x7         y7  area7
range  301.341752  8.872429  124.0  276.273346  12.574138   62.0  116.680188  6.897538   26.0  311.329287  21.781483   41.0  268.55083  25.512702  165.0  118.304684  11.829108   40.0  301.240219  35.338717   73.0
FAILURE!!!! Some beads might have been misidentified
               x1        y1  area1          x2        y2  area2          x3       y3  area3          x4         y4  area4          x5        y5  area5         x6         y6  area6          x7         y7  area7
range  301.352456  8.902185  134.0  276.399204  12.57451   63.0  116.750109  6.94639   19.0  311.400794  21.860526   45.0  268.647904  25.53499  156.0  118.32498  11.838871   43.0  301.185309  35.440738   88.0
FAILURE!!!! Some beads might have been misidentified
              x1        y1  area1          x2         y2  area2         x3       y3  area3          x4         y4  area4          x5         y5  area5          x6         y6  area6         x7         y7  area7
range  301.29566  8.951308  133.0  276.295023  12.559096   64.0  116.68552  6.82929   24.0  311.193315  21.739391   41.0  268.501623  25.486641  164.0  118.301273  11.939846   41.0  301.21425  35.399899   81.0
FAILURE!!!! Some beads might have been misidentified
              x1        y1  area1          x2         y2  area2          x3        y3  area3          x4         y4  area4          x5         y5  area5          x6         y6  area6          x7         y7  area7
range  301.31105  8.874245  125.0  276.323442  12.573694   65.0  116.742824  6.936185   23.0  311.321664  21.766307   41.0  268.621257  25.565315  160.0  118.312933  11.809666   37.0  301.228033  35.451431   85.0
FAILURE!!!! Some beads might have been misidentified
              x1        y1  area1          x2         y2  area2          x3        y3  area3          x4        y4  area4         x5         y5  area5          x6         y6  area6          x7         y7  area7
range  301.31105  8.874245  125.0  276.348449  12.573694   65.0  116.728033  6.952328   21.0  311.397925  21.76341   44.0  268.55671  25.519866  162.0  118.257058  11.881586   40.0  301.205116  35.460352   84.0
FAILURE!!!! Some beads might have been misidentified
               x1        y1  area1         x2         y2  area2          x3        y3  area3          x4         y4  area4          x5         y5  area5          x6         y6  area6          x7         y7  area7
range  301.275027  8.864306  126.0  276.27509  12.539211   65.0  116.732346  6.952328   21.0  311.260035  21.750612   37.0  268.586005  25.565315  160.0  118.281102  11.882928   35.0  301.276924  35.449476   84.0
FAILURE!!!! Some beads might have been misidentified
              x1        y1  area1          x2         y2  area2          x3        y3  area3         x4        y4  area4          x5         y5  area5          x6         y6  area6          x7         y7  area7
range  301.31105  8.931182  127.0  276.324715  12.585451   66.0  116.742824  6.936185   23.0  311.40383  21.75711   46.0  268.591841  25.521912  160.0  118.257058  11.881586   40.0  301.209851  35.491043   86.0
FAILURE!!!! Some beads might have been misidentified
              x1       y1  area1          x2         y2  area2          x3        y3  area3          x4         y4  area4         x5         y5  area5          x6         y6  area6          x7         y7  area7
range  301.31105  8.91746  127.0  276.039024  12.590522   64.0  116.494565  6.929243   24.0  311.269937  21.738871   36.0  268.74537  25.570857  158.0  118.431497  11.823687   36.0  301.183589  35.492955   84.0
FAILURE!!!! Some beads might have been misidentified
               x1       y1  area1          x2         y2  area2          x3       y3  area3          x4         y4  area4         x5         y5  area5          x6         y6  area6          x7         y7  area7
range  301.295174  8.88014  123.0  276.496124  12.535115   64.0  116.855969  6.89223   25.0  311.329688  21.792172   50.0  268.31577  25.512702  165.0  118.048463  11.869228   39.0  301.263361  35.424983   77.0
FAILURE!!!! Some beads might have been misidentified
               x1        y1  area1          x2         y2  area2          x3        y3  area3          x4         y4  area4          x5         y5  area5         x6         y6  area6          x7         y7  area7
range  301.379555  8.878631  125.0  276.423367  12.566425   64.0  116.637595  6.939114   23.0  311.035796  21.758984   49.0  268.391717  25.585766  159.0  118.42899  11.818544   42.0  301.517612  35.400336   81.0
FAILURE!!!! Some beads might have been misidentified
               x1        y1  area1          x2         y2  area2          x3        y3  area3          x4         y4  area4          x5         y5  area5          x6        y6  area6          x7        y7  area7
range  301.258945  8.902754  123.0  276.253564  12.530574   68.0  116.800216  6.904618   24.0  311.569625  21.743546   44.0  268.655586  25.478238  157.0  118.043263  11.86737   35.0  301.042771  35.48953   82.0
FAILURE!!!! Some beads might have been misidentified
Residual vector length: 105, Jacobian shape: (105, 6)
view   0 | SOD= 556.952 mm | SDD= 802.742 mm | M= 1.441 | incident=4.7367°
[[ 238.88329    -501.10364     -45.00976   ]
 [-110.6461      218.6173       19.990238  ]
 [   0.13561413    0.06315827    0.        ]
 [   0.            0.            0.1496    ]]
               x1        y1  area1          x2         y2  area2          x3       y3  area3          x4         y4  area4          x5         y5  area5          x6         y6  area6          x7        y7  area7
range  301.323234  8.897283  124.0  276.298337  12.573694   65.0  116.711354  6.92838   21.0  311.260035  21.750612   37.0  268.638245  25.537182  159.0  118.359467  11.834378   37.0  301.228033  35.48162   85.0
FAILURE!!!! Some beads might have been misidentified

iter 29 cost=0.599248 -> 0.602819 |dtheta|=2.011677e-02  lambda=3.125e-03

============================================================
Iteration 30
============================================================
Theta offsets (Unity frame):
  Source   : dSx=   0.000, dSy=   0.000, dSz=   0.000  (mm)
  Object   : dOx= -17.999, dOy=  -8.012, dOz= -24.878  (mm)
  Object offset: offset_x=   0.002, offset_z=   0.004  (mm)
  Detector : dDx=   0.000, dDy=   0.000, dDz=   0.000  (mm)
  Obj Stage rotY :   24.969 deg
============================================================

Unity geometry (world coordinates):
  Source   : x=   5.000, y=  60.000, z=   0.000
  Object   : x=   0.001, y=  14.988, z= 555.122
  Detector : x=  -8.000, y=  -5.000, z= 800.000
  Obj rotY :   0.0000 deg
view   0 | SOD= 556.970 mm | SDD= 802.742 mm | M= 1.441 | incident=4.7367°
[[ 238.86082    -501.13416     -45.01218   ]
 [-110.62274     218.60901      19.98782   ]
 [   0.13561815    0.06314963    0.        ]
 [   0.            0.            0.1496    ]]
              x1        y1  area1          x2         y2  area2          x3        y3  area3          x4         y4  area4          x5        y5  area5          x6         y6  area6          x7        y7  area7
range  301.31105  8.874245  125.0  276.323442  12.573694   65.0  116.742824  6.952328   23.0  311.321664  21.766307   41.0  268.607143  25.55931  162.0  118.275897  11.881586   39.0  301.228033  35.48162   85.0
FAILURE!!!! Some beads might have been misidentified
               x1        y1  area1          x2        y2  area2          x3        y3  area3          x4         y4  area4          x5         y5  area5          x6         y6  area6          x7         y7  area7
range  301.319184  8.945969  125.0  276.187301  12.53858   65.0  116.633227  6.939977   28.0  311.302851  21.731804   52.0  268.433673  25.549036  156.0  118.094439  11.840793   37.0  301.308964  35.500865   81.0
FAILURE!!!! Some beads might have been misidentified
               x1        y1  area1          x2         y2  area2          x3        y3  area3          x4         y4  area4         x5         y5  area5          x6         y6  area6          x7         y7  area7
range  301.341752  8.872429  124.0  276.273346  12.574138   62.0  116.680188  6.897538   26.0  311.329287  21.781483   41.0  268.55083  25.512702  165.0  118.304684  11.829108   40.0  301.240219  35.338717   73.0
FAILURE!!!! Some beads might have been misidentified
               x1        y1  area1          x2        y2  area2          x3       y3  area3          x4         y4  area4          x5        y5  area5         x6         y6  area6          x7         y7  area7
range  301.352456  8.902185  134.0  276.399204  12.57451   63.0  116.750109  6.94639   19.0  311.400794  21.860526   45.0  268.647904  25.53499  156.0  118.32498  11.838871   43.0  301.185309  35.440738   88.0
FAILURE!!!! Some beads might have been misidentified
              x1        y1  area1          x2         y2  area2         x3       y3  area3          x4         y4  area4          x5         y5  area5          x6         y6  area6         x7         y7  area7
range  301.29566  8.951308  133.0  276.295023  12.559096   64.0  116.68552  6.82929   24.0  311.193315  21.739391   41.0  268.501623  25.486641  164.0  118.301273  11.939846   41.0  301.21425  35.399899   81.0
FAILURE!!!! Some beads might have been misidentified
              x1        y1  area1          x2         y2  area2          x3        y3  area3          x4         y4  area4          x5         y5  area5          x6         y6  area6          x7         y7  area7
range  301.31105  8.874245  125.0  276.323442  12.573694   65.0  116.742824  6.936185   23.0  311.321664  21.766307   41.0  268.621257  25.565315  160.0  118.312933  11.809666   37.0  301.228033  35.451431   85.0
FAILURE!!!! Some beads might have been misidentified
              x1        y1  area1          x2         y2  area2          x3        y3  area3          x4        y4  area4         x5         y5  area5          x6         y6  area6          x7         y7  area7
range  301.31105  8.874245  125.0  276.348449  12.573694   65.0  116.728033  6.952328   21.0  311.397925  21.76341   44.0  268.55671  25.519866  162.0  118.257058  11.881586   40.0  301.205116  35.460352   84.0
FAILURE!!!! Some beads might have been misidentified
               x1        y1  area1         x2         y2  area2          x3        y3  area3          x4         y4  area4          x5         y5  area5          x6         y6  area6          x7         y7  area7
range  301.275027  8.864306  126.0  276.27509  12.539211   65.0  116.732346  6.952328   21.0  311.260035  21.750612   37.0  268.586005  25.565315  160.0  118.281102  11.882928   35.0  301.276924  35.449476   84.0
FAILURE!!!! Some beads might have been misidentified
              x1        y1  area1          x2         y2  area2          x3        y3  area3         x4        y4  area4          x5         y5  area5          x6         y6  area6          x7         y7  area7
range  301.31105  8.931182  127.0  276.324715  12.585451   66.0  116.742824  6.936185   23.0  311.40383  21.75711   46.0  268.591841  25.521912  160.0  118.257058  11.881586   40.0  301.209851  35.491043   86.0
FAILURE!!!! Some beads might have been misidentified
              x1       y1  area1          x2         y2  area2          x3        y3  area3          x4         y4  area4         x5         y5  area5          x6         y6  area6          x7         y7  area7
range  301.31105  8.91746  127.0  276.039024  12.590522   64.0  116.494565  6.929243   24.0  311.269937  21.738871   36.0  268.74537  25.570857  158.0  118.431497  11.823687   36.0  301.183589  35.492955   84.0
FAILURE!!!! Some beads might have been misidentified
               x1       y1  area1          x2         y2  area2          x3       y3  area3          x4         y4  area4         x5         y5  area5          x6         y6  area6          x7         y7  area7
range  301.295174  8.88014  123.0  276.496124  12.535115   64.0  116.855969  6.89223   25.0  311.329688  21.792172   50.0  268.31577  25.512702  165.0  118.048463  11.869228   39.0  301.263361  35.424983   77.0
FAILURE!!!! Some beads might have been misidentified
               x1        y1  area1          x2         y2  area2          x3        y3  area3          x4         y4  area4          x5         y5  area5         x6         y6  area6          x7         y7  area7
range  301.379555  8.878631  125.0  276.423367  12.566425   64.0  116.637595  6.939114   23.0  311.035796  21.758984   49.0  268.391717  25.585766  159.0  118.42899  11.818544   42.0  301.517612  35.400336   81.0
FAILURE!!!! Some beads might have been misidentified
               x1        y1  area1          x2         y2  area2          x3        y3  area3          x4         y4  area4          x5         y5  area5          x6        y6  area6          x7        y7  area7
range  301.258945  8.902754  123.0  276.253564  12.530574   68.0  116.800216  6.904618   24.0  311.569625  21.743546   44.0  268.655586  25.478238  157.0  118.043263  11.86737   35.0  301.042771  35.48953   82.0
FAILURE!!!! Some beads might have been misidentified
Residual vector length: 105, Jacobian shape: (105, 6)
view   0 | SOD= 556.952 mm | SDD= 802.742 mm | M= 1.441 | incident=4.7367°
[[ 238.88329    -501.10364     -45.00976   ]
 [-110.6461      218.6173       19.990238  ]
 [   0.13561413    0.06315827    0.        ]
 [   0.            0.            0.1496    ]]
               x1        y1  area1          x2         y2  area2          x3       y3  area3          x4         y4  area4          x5         y5  area5          x6         y6  area6          x7        y7  area7
range  301.323234  8.897283  124.0  276.298337  12.573694   65.0  116.711354  6.92838   21.0  311.260035  21.750612   37.0  268.638245  25.537182  159.0  118.359467  11.834378   37.0  301.228033  35.48162   85.0
FAILURE!!!! Some beads might have been misidentified

iter 30 cost=0.599248 -> 0.602819 |dtheta|=2.011546e-02  lambda=1.562e-02

============================================================
Iteration 31
============================================================
Theta offsets (Unity frame):
  Source   : dSx=   0.000, dSy=   0.000, dSz=   0.000  (mm)
  Object   : dOx= -17.999, dOy=  -8.012, dOz= -24.878  (mm)
  Object offset: offset_x=   0.002, offset_z=   0.004  (mm)
  Detector : dDx=   0.000, dDy=   0.000, dDz=   0.000  (mm)
  Obj Stage rotY :   24.969 deg
============================================================

Unity geometry (world coordinates):
  Source   : x=   5.000, y=  60.000, z=   0.000
  Object   : x=   0.001, y=  14.988, z= 555.122
  Detector : x=  -8.000, y=  -5.000, z= 800.000
  Obj rotY :   0.0000 deg
view   0 | SOD= 556.970 mm | SDD= 802.742 mm | M= 1.441 | incident=4.7367°
[[ 238.86082    -501.13416     -45.01218   ]
 [-110.62274     218.60901      19.98782   ]
 [   0.13561815    0.06314963    0.        ]
 [   0.            0.            0.1496    ]]
              x1        y1  area1          x2         y2  area2          x3        y3  area3          x4         y4  area4          x5        y5  area5          x6         y6  area6          x7        y7  area7
range  301.31105  8.874245  125.0  276.323442  12.573694   65.0  116.742824  6.952328   23.0  311.321664  21.766307   41.0  268.607143  25.55931  162.0  118.275897  11.881586   39.0  301.228033  35.48162   85.0
FAILURE!!!! Some beads might have been misidentified
               x1        y1  area1          x2        y2  area2          x3        y3  area3          x4         y4  area4          x5         y5  area5          x6         y6  area6          x7         y7  area7
range  301.319184  8.945969  125.0  276.187301  12.53858   65.0  116.633227  6.939977   28.0  311.302851  21.731804   52.0  268.433673  25.549036  156.0  118.094439  11.840793   37.0  301.308964  35.500865   81.0
FAILURE!!!! Some beads might have been misidentified
               x1        y1  area1          x2         y2  area2          x3        y3  area3          x4         y4  area4         x5         y5  area5          x6         y6  area6          x7         y7  area7
range  301.341752  8.872429  124.0  276.273346  12.574138   62.0  116.680188  6.897538   26.0  311.329287  21.781483   41.0  268.55083  25.512702  165.0  118.304684  11.829108   40.0  301.240219  35.338717   73.0
FAILURE!!!! Some beads might have been misidentified
               x1        y1  area1          x2        y2  area2          x3       y3  area3          x4         y4  area4          x5        y5  area5         x6         y6  area6          x7         y7  area7
range  301.352456  8.902185  134.0  276.399204  12.57451   63.0  116.750109  6.94639   19.0  311.400794  21.860526   45.0  268.647904  25.53499  156.0  118.32498  11.838871   43.0  301.185309  35.440738   88.0
FAILURE!!!! Some beads might have been misidentified
              x1        y1  area1          x2         y2  area2         x3       y3  area3          x4         y4  area4          x5         y5  area5          x6         y6  area6         x7         y7  area7
range  301.29566  8.951308  133.0  276.295023  12.559096   64.0  116.68552  6.82929   24.0  311.193315  21.739391   41.0  268.501623  25.486641  164.0  118.301273  11.939846   41.0  301.21425  35.399899   81.0
FAILURE!!!! Some beads might have been misidentified
              x1        y1  area1          x2         y2  area2          x3        y3  area3          x4         y4  area4          x5         y5  area5          x6         y6  area6          x7         y7  area7
range  301.31105  8.874245  125.0  276.323442  12.573694   65.0  116.742824  6.936185   23.0  311.321664  21.766307   41.0  268.621257  25.565315  160.0  118.312933  11.809666   37.0  301.228033  35.451431   85.0
FAILURE!!!! Some beads might have been misidentified
              x1        y1  area1          x2         y2  area2          x3        y3  area3          x4        y4  area4         x5         y5  area5          x6         y6  area6          x7         y7  area7
range  301.31105  8.874245  125.0  276.348449  12.573694   65.0  116.728033  6.952328   21.0  311.397925  21.76341   44.0  268.55671  25.519866  162.0  118.257058  11.881586   40.0  301.205116  35.460352   84.0
FAILURE!!!! Some beads might have been misidentified
               x1        y1  area1         x2         y2  area2          x3        y3  area3          x4         y4  area4          x5         y5  area5          x6         y6  area6          x7         y7  area7
range  301.275027  8.864306  126.0  276.27509  12.539211   65.0  116.732346  6.952328   21.0  311.260035  21.750612   37.0  268.586005  25.565315  160.0  118.281102  11.882928   35.0  301.276924  35.449476   84.0
FAILURE!!!! Some beads might have been misidentified
              x1        y1  area1          x2         y2  area2          x3        y3  area3         x4        y4  area4          x5         y5  area5          x6         y6  area6          x7         y7  area7
range  301.31105  8.931182  127.0  276.324715  12.585451   66.0  116.742824  6.936185   23.0  311.40383  21.75711   46.0  268.591841  25.521912  160.0  118.257058  11.881586   40.0  301.209851  35.491043   86.0
FAILURE!!!! Some beads might have been misidentified
              x1       y1  area1          x2         y2  area2          x3        y3  area3          x4         y4  area4         x5         y5  area5          x6         y6  area6          x7         y7  area7
range  301.31105  8.91746  127.0  276.039024  12.590522   64.0  116.494565  6.929243   24.0  311.269937  21.738871   36.0  268.74537  25.570857  158.0  118.431497  11.823687   36.0  301.183589  35.492955   84.0
FAILURE!!!! Some beads might have been misidentified
               x1       y1  area1          x2         y2  area2          x3       y3  area3          x4         y4  area4         x5         y5  area5          x6         y6  area6          x7         y7  area7
range  301.295174  8.88014  123.0  276.496124  12.535115   64.0  116.855969  6.89223   25.0  311.329688  21.792172   50.0  268.31577  25.512702  165.0  118.048463  11.869228   39.0  301.263361  35.424983   77.0
FAILURE!!!! Some beads might have been misidentified
               x1        y1  area1          x2         y2  area2          x3        y3  area3          x4         y4  area4          x5         y5  area5         x6         y6  area6          x7         y7  area7
range  301.379555  8.878631  125.0  276.423367  12.566425   64.0  116.637595  6.939114   23.0  311.035796  21.758984   49.0  268.391717  25.585766  159.0  118.42899  11.818544   42.0  301.517612  35.400336   81.0
FAILURE!!!! Some beads might have been misidentified
               x1        y1  area1          x2         y2  area2          x3        y3  area3          x4         y4  area4          x5         y5  area5          x6        y6  area6          x7        y7  area7
range  301.258945  8.902754  123.0  276.253564  12.530574   68.0  116.800216  6.904618   24.0  311.569625  21.743546   44.0  268.655586  25.478238  157.0  118.043263  11.86737   35.0  301.042771  35.48953   82.0
FAILURE!!!! Some beads might have been misidentified
Residual vector length: 105, Jacobian shape: (105, 6)
view   0 | SOD= 556.952 mm | SDD= 802.742 mm | M= 1.441 | incident=4.7367°
[[ 238.88329    -501.1037      -45.009766  ]
 [-110.646065    218.61725      19.990236  ]
 [   0.13561414    0.06315826    0.        ]
 [   0.            0.            0.1496    ]]
               x1        y1  area1          x2         y2  area2          x3       y3  area3          x4         y4  area4          x5         y5  area5          x6         y6  area6          x7        y7  area7
range  301.323234  8.897283  124.0  276.298337  12.573694   65.0  116.711354  6.92838   21.0  311.260035  21.750612   37.0  268.638245  25.537182  159.0  118.359467  11.834378   37.0  301.228033  35.48162   85.0
FAILURE!!!! Some beads might have been misidentified

iter 31 cost=0.599248 -> 0.602819 |dtheta|=2.010887e-02  lambda=7.812e-02

============================================================
Iteration 32
============================================================
Theta offsets (Unity frame):
  Source   : dSx=   0.000, dSy=   0.000, dSz=   0.000  (mm)
  Object   : dOx= -17.999, dOy=  -8.012, dOz= -24.878  (mm)
  Object offset: offset_x=   0.002, offset_z=   0.004  (mm)
  Detector : dDx=   0.000, dDy=   0.000, dDz=   0.000  (mm)
  Obj Stage rotY :   24.969 deg
============================================================

Unity geometry (world coordinates):
  Source   : x=   5.000, y=  60.000, z=   0.000
  Object   : x=   0.001, y=  14.988, z= 555.122
  Detector : x=  -8.000, y=  -5.000, z= 800.000
  Obj rotY :   0.0000 deg
view   0 | SOD= 556.970 mm | SDD= 802.742 mm | M= 1.441 | incident=4.7367°
[[ 238.86082    -501.13416     -45.01218   ]
 [-110.62274     218.60901      19.98782   ]
 [   0.13561815    0.06314963    0.        ]
 [   0.            0.            0.1496    ]]
              x1        y1  area1          x2         y2  area2          x3        y3  area3          x4         y4  area4          x5        y5  area5          x6         y6  area6          x7        y7  area7
range  301.31105  8.874245  125.0  276.323442  12.573694   65.0  116.742824  6.952328   23.0  311.321664  21.766307   41.0  268.607143  25.55931  162.0  118.275897  11.881586   39.0  301.228033  35.48162   85.0
FAILURE!!!! Some beads might have been misidentified
               x1        y1  area1          x2        y2  area2          x3        y3  area3          x4         y4  area4          x5         y5  area5          x6         y6  area6          x7         y7  area7
range  301.319184  8.945969  125.0  276.187301  12.53858   65.0  116.633227  6.939977   28.0  311.302851  21.731804   52.0  268.433673  25.549036  156.0  118.094439  11.840793   37.0  301.308964  35.500865   81.0
FAILURE!!!! Some beads might have been misidentified
               x1        y1  area1          x2         y2  area2          x3        y3  area3          x4         y4  area4         x5         y5  area5          x6         y6  area6          x7         y7  area7
range  301.341752  8.872429  124.0  276.273346  12.574138   62.0  116.680188  6.897538   26.0  311.329287  21.781483   41.0  268.55083  25.512702  165.0  118.304684  11.829108   40.0  301.240219  35.338717   73.0
FAILURE!!!! Some beads might have been misidentified
               x1        y1  area1          x2        y2  area2          x3       y3  area3          x4         y4  area4          x5        y5  area5         x6         y6  area6          x7         y7  area7
range  301.352456  8.902185  134.0  276.399204  12.57451   63.0  116.750109  6.94639   19.0  311.400794  21.860526   45.0  268.647904  25.53499  156.0  118.32498  11.838871   43.0  301.185309  35.440738   88.0
FAILURE!!!! Some beads might have been misidentified
              x1        y1  area1          x2         y2  area2         x3       y3  area3          x4         y4  area4          x5         y5  area5          x6         y6  area6         x7         y7  area7
range  301.29566  8.951308  133.0  276.295023  12.559096   64.0  116.68552  6.82929   24.0  311.193315  21.739391   41.0  268.501623  25.486641  164.0  118.301273  11.939846   41.0  301.21425  35.399899   81.0
FAILURE!!!! Some beads might have been misidentified
              x1        y1  area1          x2         y2  area2          x3        y3  area3          x4         y4  area4          x5         y5  area5          x6         y6  area6          x7         y7  area7
range  301.31105  8.874245  125.0  276.323442  12.573694   65.0  116.742824  6.936185   23.0  311.321664  21.766307   41.0  268.621257  25.565315  160.0  118.312933  11.809666   37.0  301.228033  35.451431   85.0
FAILURE!!!! Some beads might have been misidentified
              x1        y1  area1          x2         y2  area2          x3        y3  area3          x4        y4  area4         x5         y5  area5          x6         y6  area6          x7         y7  area7
range  301.31105  8.874245  125.0  276.348449  12.573694   65.0  116.728033  6.952328   21.0  311.397925  21.76341   44.0  268.55671  25.519866  162.0  118.257058  11.881586   40.0  301.205116  35.460352   84.0
FAILURE!!!! Some beads might have been misidentified
               x1        y1  area1         x2         y2  area2          x3        y3  area3          x4         y4  area4          x5         y5  area5          x6         y6  area6          x7         y7  area7
range  301.275027  8.864306  126.0  276.27509  12.539211   65.0  116.732346  6.952328   21.0  311.260035  21.750612   37.0  268.586005  25.565315  160.0  118.281102  11.882928   35.0  301.276924  35.449476   84.0
FAILURE!!!! Some beads might have been misidentified
              x1        y1  area1          x2         y2  area2          x3        y3  area3         x4        y4  area4          x5         y5  area5          x6         y6  area6          x7         y7  area7
range  301.31105  8.931182  127.0  276.324715  12.585451   66.0  116.742824  6.936185   23.0  311.40383  21.75711   46.0  268.591841  25.521912  160.0  118.257058  11.881586   40.0  301.209851  35.491043   86.0
FAILURE!!!! Some beads might have been misidentified
              x1       y1  area1          x2         y2  area2          x3        y3  area3          x4         y4  area4         x5         y5  area5          x6         y6  area6          x7         y7  area7
range  301.31105  8.91746  127.0  276.039024  12.590522   64.0  116.494565  6.929243   24.0  311.269937  21.738871   36.0  268.74537  25.570857  158.0  118.431497  11.823687   36.0  301.183589  35.492955   84.0
FAILURE!!!! Some beads might have been misidentified
               x1       y1  area1          x2         y2  area2          x3       y3  area3          x4         y4  area4         x5         y5  area5          x6         y6  area6          x7         y7  area7
range  301.295174  8.88014  123.0  276.496124  12.535115   64.0  116.855969  6.89223   25.0  311.329688  21.792172   50.0  268.31577  25.512702  165.0  118.048463  11.869228   39.0  301.263361  35.424983   77.0
FAILURE!!!! Some beads might have been misidentified
               x1        y1  area1          x2         y2  area2          x3        y3  area3          x4         y4  area4          x5         y5  area5         x6         y6  area6          x7         y7  area7
range  301.379555  8.878631  125.0  276.423367  12.566425   64.0  116.637595  6.939114   23.0  311.035796  21.758984   49.0  268.391717  25.585766  159.0  118.42899  11.818544   42.0  301.517612  35.400336   81.0
FAILURE!!!! Some beads might have been misidentified
               x1        y1  area1          x2         y2  area2          x3        y3  area3          x4         y4  area4          x5         y5  area5          x6        y6  area6          x7        y7  area7
range  301.258945  8.902754  123.0  276.253564  12.530574   68.0  116.800216  6.904618   24.0  311.569625  21.743546   44.0  268.655586  25.478238  157.0  118.043263  11.86737   35.0  301.042771  35.48953   82.0
FAILURE!!!! Some beads might have been misidentified
Residual vector length: 105, Jacobian shape: (105, 6)
view   0 | SOD= 556.952 mm | SDD= 802.742 mm | M= 1.441 | incident=4.7367°
[[ 238.88321    -501.10373     -45.00977   ]
 [-110.64603     218.61726      19.99023   ]
 [   0.13561414    0.06315824    0.        ]
 [   0.            0.            0.1496    ]]
               x1        y1  area1          x2         y2  area2          x3       y3  area3          x4         y4  area4          x5         y5  area5          x6         y6  area6          x7        y7  area7
range  301.323234  8.897283  124.0  276.298337  12.573694   65.0  116.711354  6.92838   21.0  311.260035  21.750612   37.0  268.638245  25.537182  159.0  118.359467  11.834378   37.0  301.228033  35.48162   85.0
FAILURE!!!! Some beads might have been misidentified

iter 32 cost=0.599248 -> 0.602819 |dtheta|=2.007599e-02  lambda=3.906e-01

============================================================
Iteration 33
============================================================
Theta offsets (Unity frame):
  Source   : dSx=   0.000, dSy=   0.000, dSz=   0.000  (mm)
  Object   : dOx= -17.999, dOy=  -8.012, dOz= -24.878  (mm)
  Object offset: offset_x=   0.002, offset_z=   0.004  (mm)
  Detector : dDx=   0.000, dDy=   0.000, dDz=   0.000  (mm)
  Obj Stage rotY :   24.969 deg
============================================================

Unity geometry (world coordinates):
  Source   : x=   5.000, y=  60.000, z=   0.000
  Object   : x=   0.001, y=  14.988, z= 555.122
  Detector : x=  -8.000, y=  -5.000, z= 800.000
  Obj rotY :   0.0000 deg
view   0 | SOD= 556.970 mm | SDD= 802.742 mm | M= 1.441 | incident=4.7367°
[[ 238.86082    -501.13416     -45.01218   ]
 [-110.62274     218.60901      19.98782   ]
 [   0.13561815    0.06314963    0.        ]
 [   0.            0.            0.1496    ]]
              x1        y1  area1          x2         y2  area2          x3        y3  area3          x4         y4  area4          x5        y5  area5          x6         y6  area6          x7        y7  area7
range  301.31105  8.874245  125.0  276.323442  12.573694   65.0  116.742824  6.952328   23.0  311.321664  21.766307   41.0  268.607143  25.55931  162.0  118.275897  11.881586   39.0  301.228033  35.48162   85.0
FAILURE!!!! Some beads might have been misidentified
               x1        y1  area1          x2        y2  area2          x3        y3  area3          x4         y4  area4          x5         y5  area5          x6         y6  area6          x7         y7  area7
range  301.319184  8.945969  125.0  276.187301  12.53858   65.0  116.633227  6.939977   28.0  311.302851  21.731804   52.0  268.433673  25.549036  156.0  118.094439  11.840793   37.0  301.308964  35.500865   81.0
FAILURE!!!! Some beads might have been misidentified
               x1        y1  area1          x2         y2  area2          x3        y3  area3          x4         y4  area4         x5         y5  area5          x6         y6  area6          x7         y7  area7
range  301.341752  8.872429  124.0  276.273346  12.574138   62.0  116.680188  6.897538   26.0  311.329287  21.781483   41.0  268.55083  25.512702  165.0  118.304684  11.829108   40.0  301.240219  35.338717   73.0
FAILURE!!!! Some beads might have been misidentified
               x1        y1  area1          x2        y2  area2          x3       y3  area3          x4         y4  area4          x5        y5  area5         x6         y6  area6          x7         y7  area7
range  301.352456  8.902185  134.0  276.399204  12.57451   63.0  116.750109  6.94639   19.0  311.400794  21.860526   45.0  268.647904  25.53499  156.0  118.32498  11.838871   43.0  301.185309  35.440738   88.0
FAILURE!!!! Some beads might have been misidentified
              x1        y1  area1          x2         y2  area2         x3       y3  area3          x4         y4  area4          x5         y5  area5          x6         y6  area6         x7         y7  area7
range  301.29566  8.951308  133.0  276.295023  12.559096   64.0  116.68552  6.82929   24.0  311.193315  21.739391   41.0  268.501623  25.486641  164.0  118.301273  11.939846   41.0  301.21425  35.399899   81.0
FAILURE!!!! Some beads might have been misidentified
              x1        y1  area1          x2         y2  area2          x3        y3  area3          x4         y4  area4          x5         y5  area5          x6         y6  area6          x7         y7  area7
range  301.31105  8.874245  125.0  276.323442  12.573694   65.0  116.742824  6.936185   23.0  311.321664  21.766307   41.0  268.621257  25.565315  160.0  118.312933  11.809666   37.0  301.228033  35.451431   85.0
FAILURE!!!! Some beads might have been misidentified
              x1        y1  area1          x2         y2  area2          x3        y3  area3          x4        y4  area4         x5         y5  area5          x6         y6  area6          x7         y7  area7
range  301.31105  8.874245  125.0  276.348449  12.573694   65.0  116.728033  6.952328   21.0  311.397925  21.76341   44.0  268.55671  25.519866  162.0  118.257058  11.881586   40.0  301.205116  35.460352   84.0
FAILURE!!!! Some beads might have been misidentified
               x1        y1  area1         x2         y2  area2          x3        y3  area3          x4         y4  area4          x5         y5  area5          x6         y6  area6          x7         y7  area7
range  301.275027  8.864306  126.0  276.27509  12.539211   65.0  116.732346  6.952328   21.0  311.260035  21.750612   37.0  268.586005  25.565315  160.0  118.281102  11.882928   35.0  301.276924  35.449476   84.0
FAILURE!!!! Some beads might have been misidentified
              x1        y1  area1          x2         y2  area2          x3        y3  area3         x4        y4  area4          x5         y5  area5          x6         y6  area6          x7         y7  area7
range  301.31105  8.931182  127.0  276.324715  12.585451   66.0  116.742824  6.936185   23.0  311.40383  21.75711   46.0  268.591841  25.521912  160.0  118.257058  11.881586   40.0  301.209851  35.491043   86.0
FAILURE!!!! Some beads might have been misidentified
              x1       y1  area1          x2         y2  area2          x3        y3  area3          x4         y4  area4         x5         y5  area5          x6         y6  area6          x7         y7  area7
range  301.31105  8.91746  127.0  276.039024  12.590522   64.0  116.494565  6.929243   24.0  311.269937  21.738871   36.0  268.74537  25.570857  158.0  118.431497  11.823687   36.0  301.183589  35.492955   84.0
FAILURE!!!! Some beads might have been misidentified
               x1       y1  area1          x2         y2  area2          x3       y3  area3          x4         y4  area4         x5         y5  area5          x6         y6  area6          x7         y7  area7
range  301.295174  8.88014  123.0  276.496124  12.535115   64.0  116.855969  6.89223   25.0  311.329688  21.792172   50.0  268.31577  25.512702  165.0  118.048463  11.869228   39.0  301.263361  35.424983   77.0
FAILURE!!!! Some beads might have been misidentified
               x1        y1  area1          x2         y2  area2          x3        y3  area3          x4         y4  area4          x5         y5  area5         x6         y6  area6          x7         y7  area7
range  301.379555  8.878631  125.0  276.423367  12.566425   64.0  116.637595  6.939114   23.0  311.035796  21.758984   49.0  268.391717  25.585766  159.0  118.42899  11.818544   42.0  301.517612  35.400336   81.0
FAILURE!!!! Some beads might have been misidentified
               x1        y1  area1          x2         y2  area2          x3        y3  area3          x4         y4  area4          x5         y5  area5          x6        y6  area6          x7        y7  area7
range  301.258945  8.902754  123.0  276.253564  12.530574   68.0  116.800216  6.904618   24.0  311.569625  21.743546   44.0  268.655586  25.478238  157.0  118.043263  11.86737   35.0  301.042771  35.48953   82.0
FAILURE!!!! Some beads might have been misidentified
Residual vector length: 105, Jacobian shape: (105, 6)
view   0 | SOD= 556.953 mm | SDD= 802.742 mm | M= 1.441 | incident=4.7367°
[[ 238.88286    -501.1041      -45.009792  ]
 [-110.645744    218.6172       19.990208  ]
 [   0.1356142     0.06315812    0.        ]
 [   0.            0.            0.1496    ]]
               x1        y1  area1          x2         y2  area2          x3       y3  area3          x4         y4  area4          x5         y5  area5          x6         y6  area6          x7        y7  area7
range  301.323234  8.897283  124.0  276.298337  12.573694   65.0  116.711354  6.92838   21.0  311.260035  21.750612   37.0  268.625705  25.537182  159.0  118.359467  11.834378   37.0  301.228033  35.48162   85.0
FAILURE!!!! Some beads might have been misidentified

iter 33 cost=0.599248 -> 0.609304 |dtheta|=1.991326e-02  lambda=1.953e+00

============================================================
Iteration 34
============================================================
Theta offsets (Unity frame):
  Source   : dSx=   0.000, dSy=   0.000, dSz=   0.000  (mm)
  Object   : dOx= -17.999, dOy=  -8.012, dOz= -24.878  (mm)
  Object offset: offset_x=   0.002, offset_z=   0.004  (mm)
  Detector : dDx=   0.000, dDy=   0.000, dDz=   0.000  (mm)
  Obj Stage rotY :   24.969 deg
============================================================

Unity geometry (world coordinates):
  Source   : x=   5.000, y=  60.000, z=   0.000
  Object   : x=   0.001, y=  14.988, z= 555.122
  Detector : x=  -8.000, y=  -5.000, z= 800.000
  Obj rotY :   0.0000 deg
view   0 | SOD= 556.970 mm | SDD= 802.742 mm | M= 1.441 | incident=4.7367°
[[ 238.86082    -501.13416     -45.01218   ]
 [-110.62274     218.60901      19.98782   ]
 [   0.13561815    0.06314963    0.        ]
 [   0.            0.            0.1496    ]]
              x1        y1  area1          x2         y2  area2          x3        y3  area3          x4         y4  area4          x5        y5  area5          x6         y6  area6          x7        y7  area7
range  301.31105  8.874245  125.0  276.323442  12.573694   65.0  116.742824  6.952328   23.0  311.321664  21.766307   41.0  268.607143  25.55931  162.0  118.275897  11.881586   39.0  301.228033  35.48162   85.0
FAILURE!!!! Some beads might have been misidentified
               x1        y1  area1          x2        y2  area2          x3        y3  area3          x4         y4  area4          x5         y5  area5          x6         y6  area6          x7         y7  area7
range  301.319184  8.945969  125.0  276.187301  12.53858   65.0  116.633227  6.939977   28.0  311.302851  21.731804   52.0  268.433673  25.549036  156.0  118.094439  11.840793   37.0  301.308964  35.500865   81.0
FAILURE!!!! Some beads might have been misidentified
               x1        y1  area1          x2         y2  area2          x3        y3  area3          x4         y4  area4         x5         y5  area5          x6         y6  area6          x7         y7  area7
range  301.341752  8.872429  124.0  276.273346  12.574138   62.0  116.680188  6.897538   26.0  311.329287  21.781483   41.0  268.55083  25.512702  165.0  118.304684  11.829108   40.0  301.240219  35.338717   73.0
FAILURE!!!! Some beads might have been misidentified
               x1        y1  area1          x2        y2  area2          x3       y3  area3          x4         y4  area4          x5        y5  area5         x6         y6  area6          x7         y7  area7
range  301.352456  8.902185  134.0  276.399204  12.57451   63.0  116.750109  6.94639   19.0  311.400794  21.860526   45.0  268.647904  25.53499  156.0  118.32498  11.838871   43.0  301.185309  35.440738   88.0
FAILURE!!!! Some beads might have been misidentified
              x1        y1  area1          x2         y2  area2         x3       y3  area3          x4         y4  area4          x5         y5  area5          x6         y6  area6         x7         y7  area7
range  301.29566  8.951308  133.0  276.295023  12.559096   64.0  116.68552  6.82929   24.0  311.193315  21.739391   41.0  268.501623  25.486641  164.0  118.301273  11.939846   41.0  301.21425  35.399899   81.0
FAILURE!!!! Some beads might have been misidentified
              x1        y1  area1          x2         y2  area2          x3        y3  area3          x4         y4  area4          x5         y5  area5          x6         y6  area6          x7         y7  area7
range  301.31105  8.874245  125.0  276.323442  12.573694   65.0  116.742824  6.936185   23.0  311.321664  21.766307   41.0  268.621257  25.565315  160.0  118.312933  11.809666   37.0  301.228033  35.451431   85.0
FAILURE!!!! Some beads might have been misidentified
              x1        y1  area1          x2         y2  area2          x3        y3  area3          x4        y4  area4         x5         y5  area5          x6         y6  area6          x7         y7  area7
range  301.31105  8.874245  125.0  276.348449  12.573694   65.0  116.728033  6.952328   21.0  311.397925  21.76341   44.0  268.55671  25.519866  162.0  118.257058  11.881586   40.0  301.205116  35.460352   84.0
FAILURE!!!! Some beads might have been misidentified
               x1        y1  area1         x2         y2  area2          x3        y3  area3          x4         y4  area4          x5         y5  area5          x6         y6  area6          x7         y7  area7
range  301.275027  8.864306  126.0  276.27509  12.539211   65.0  116.732346  6.952328   21.0  311.260035  21.750612   37.0  268.586005  25.565315  160.0  118.281102  11.882928   35.0  301.276924  35.449476   84.0
FAILURE!!!! Some beads might have been misidentified
              x1        y1  area1          x2         y2  area2          x3        y3  area3         x4        y4  area4          x5         y5  area5          x6         y6  area6          x7         y7  area7
range  301.31105  8.931182  127.0  276.324715  12.585451   66.0  116.742824  6.936185   23.0  311.40383  21.75711   46.0  268.591841  25.521912  160.0  118.257058  11.881586   40.0  301.209851  35.491043   86.0
FAILURE!!!! Some beads might have been misidentified
              x1       y1  area1          x2         y2  area2          x3        y3  area3          x4         y4  area4         x5         y5  area5          x6         y6  area6          x7         y7  area7
range  301.31105  8.91746  127.0  276.039024  12.590522   64.0  116.494565  6.929243   24.0  311.269937  21.738871   36.0  268.74537  25.570857  158.0  118.431497  11.823687   36.0  301.183589  35.492955   84.0
FAILURE!!!! Some beads might have been misidentified
               x1       y1  area1          x2         y2  area2          x3       y3  area3          x4         y4  area4         x5         y5  area5          x6         y6  area6          x7         y7  area7
range  301.295174  8.88014  123.0  276.496124  12.535115   64.0  116.855969  6.89223   25.0  311.329688  21.792172   50.0  268.31577  25.512702  165.0  118.048463  11.869228   39.0  301.263361  35.424983   77.0
FAILURE!!!! Some beads might have been misidentified
               x1        y1  area1          x2         y2  area2          x3        y3  area3          x4         y4  area4          x5         y5  area5         x6         y6  area6          x7         y7  area7
range  301.379555  8.878631  125.0  276.423367  12.566425   64.0  116.637595  6.939114   23.0  311.035796  21.758984   49.0  268.391717  25.585766  159.0  118.42899  11.818544   42.0  301.517612  35.400336   81.0
FAILURE!!!! Some beads might have been misidentified
               x1        y1  area1          x2         y2  area2          x3        y3  area3          x4         y4  area4          x5         y5  area5          x6        y6  area6          x7        y7  area7
range  301.258945  8.902754  123.0  276.253564  12.530574   68.0  116.800216  6.904618   24.0  311.569625  21.743546   44.0  268.655586  25.478238  157.0  118.043263  11.86737   35.0  301.042771  35.48953   82.0
FAILURE!!!! Some beads might have been misidentified
Residual vector length: 105, Jacobian shape: (105, 6)
view   0 | SOD= 556.953 mm | SDD= 802.742 mm | M= 1.441 | incident=4.7367°
[[ 238.88113    -501.10574     -45.009907  ]
 [-110.64447     218.61702      19.990093  ]
 [   0.13561447    0.06315755    0.        ]
 [   0.            0.            0.1496    ]]
               x1        y1  area1          x2         y2  area2          x3       y3  area3          x4         y4  area4          x5         y5  area5          x6         y6  area6          x7        y7  area7
range  301.323234  8.897283  124.0  276.298337  12.573694   65.0  116.711354  6.92838   21.0  311.260035  21.750612   37.0  268.621257  25.563912  158.0  118.379531  11.834378   38.0  301.228033  35.48162   85.0
FAILURE!!!! Some beads might have been misidentified

iter 34 cost=0.599248 -> 0.621069 |dtheta|=1.913909e-02  lambda=9.766e+00

============================================================
Iteration 35
============================================================
Theta offsets (Unity frame):
  Source   : dSx=   0.000, dSy=   0.000, dSz=   0.000  (mm)
  Object   : dOx= -17.999, dOy=  -8.012, dOz= -24.878  (mm)
  Object offset: offset_x=   0.002, offset_z=   0.004  (mm)
  Detector : dDx=   0.000, dDy=   0.000, dDz=   0.000  (mm)
  Obj Stage rotY :   24.969 deg
============================================================

Unity geometry (world coordinates):
  Source   : x=   5.000, y=  60.000, z=   0.000
  Object   : x=   0.001, y=  14.988, z= 555.122
  Detector : x=  -8.000, y=  -5.000, z= 800.000
  Obj rotY :   0.0000 deg
view   0 | SOD= 556.970 mm | SDD= 802.742 mm | M= 1.441 | incident=4.7367°
[[ 238.86082    -501.13416     -45.01218   ]
 [-110.62274     218.60901      19.98782   ]
 [   0.13561815    0.06314963    0.        ]
 [   0.            0.            0.1496    ]]
              x1        y1  area1          x2         y2  area2          x3        y3  area3          x4         y4  area4          x5        y5  area5          x6         y6  area6          x7        y7  area7
range  301.31105  8.874245  125.0  276.323442  12.573694   65.0  116.742824  6.952328   23.0  311.321664  21.766307   41.0  268.607143  25.55931  162.0  118.275897  11.881586   39.0  301.228033  35.48162   85.0
FAILURE!!!! Some beads might have been misidentified
               x1        y1  area1          x2        y2  area2          x3        y3  area3          x4         y4  area4          x5         y5  area5          x6         y6  area6          x7         y7  area7
range  301.319184  8.945969  125.0  276.187301  12.53858   65.0  116.633227  6.939977   28.0  311.302851  21.731804   52.0  268.433673  25.549036  156.0  118.094439  11.840793   37.0  301.308964  35.500865   81.0
FAILURE!!!! Some beads might have been misidentified
               x1        y1  area1          x2         y2  area2          x3        y3  area3          x4         y4  area4         x5         y5  area5          x6         y6  area6          x7         y7  area7
range  301.341752  8.872429  124.0  276.273346  12.574138   62.0  116.680188  6.897538   26.0  311.329287  21.781483   41.0  268.55083  25.512702  165.0  118.304684  11.829108   40.0  301.240219  35.338717   73.0
FAILURE!!!! Some beads might have been misidentified
               x1        y1  area1          x2        y2  area2          x3       y3  area3          x4         y4  area4          x5        y5  area5         x6         y6  area6          x7         y7  area7
range  301.352456  8.902185  134.0  276.399204  12.57451   63.0  116.750109  6.94639   19.0  311.400794  21.860526   45.0  268.647904  25.53499  156.0  118.32498  11.838871   43.0  301.185309  35.440738   88.0
FAILURE!!!! Some beads might have been misidentified
              x1        y1  area1          x2         y2  area2         x3       y3  area3          x4         y4  area4          x5         y5  area5          x6         y6  area6         x7         y7  area7
range  301.29566  8.951308  133.0  276.295023  12.559096   64.0  116.68552  6.82929   24.0  311.193315  21.739391   41.0  268.501623  25.486641  164.0  118.301273  11.939846   41.0  301.21425  35.399899   81.0
FAILURE!!!! Some beads might have been misidentified
              x1        y1  area1          x2         y2  area2          x3        y3  area3          x4         y4  area4          x5         y5  area5          x6         y6  area6          x7         y7  area7
range  301.31105  8.874245  125.0  276.323442  12.573694   65.0  116.742824  6.936185   23.0  311.321664  21.766307   41.0  268.621257  25.565315  160.0  118.312933  11.809666   37.0  301.228033  35.451431   85.0
FAILURE!!!! Some beads might have been misidentified
              x1        y1  area1          x2         y2  area2          x3        y3  area3          x4        y4  area4         x5         y5  area5          x6         y6  area6          x7         y7  area7
range  301.31105  8.874245  125.0  276.348449  12.573694   65.0  116.728033  6.952328   21.0  311.397925  21.76341   44.0  268.55671  25.519866  162.0  118.257058  11.881586   40.0  301.205116  35.460352   84.0
FAILURE!!!! Some beads might have been misidentified
               x1        y1  area1         x2         y2  area2          x3        y3  area3          x4         y4  area4          x5         y5  area5          x6         y6  area6          x7         y7  area7
range  301.275027  8.864306  126.0  276.27509  12.539211   65.0  116.732346  6.952328   21.0  311.260035  21.750612   37.0  268.586005  25.565315  160.0  118.281102  11.882928   35.0  301.276924  35.449476   84.0
FAILURE!!!! Some beads might have been misidentified
              x1        y1  area1          x2         y2  area2          x3        y3  area3         x4        y4  area4          x5         y5  area5          x6         y6  area6          x7         y7  area7
range  301.31105  8.931182  127.0  276.324715  12.585451   66.0  116.742824  6.936185   23.0  311.40383  21.75711   46.0  268.591841  25.521912  160.0  118.257058  11.881586   40.0  301.209851  35.491043   86.0
FAILURE!!!! Some beads might have been misidentified
              x1       y1  area1          x2         y2  area2          x3        y3  area3          x4         y4  area4         x5         y5  area5          x6         y6  area6          x7         y7  area7
range  301.31105  8.91746  127.0  276.039024  12.590522   64.0  116.494565  6.929243   24.0  311.269937  21.738871   36.0  268.74537  25.570857  158.0  118.431497  11.823687   36.0  301.183589  35.492955   84.0
FAILURE!!!! Some beads might have been misidentified
               x1       y1  area1          x2         y2  area2          x3       y3  area3          x4         y4  area4         x5         y5  area5          x6         y6  area6          x7         y7  area7
range  301.295174  8.88014  123.0  276.496124  12.535115   64.0  116.855969  6.89223   25.0  311.329688  21.792172   50.0  268.31577  25.512702  165.0  118.048463  11.869228   39.0  301.263361  35.424983   77.0
FAILURE!!!! Some beads might have been misidentified
               x1        y1  area1          x2         y2  area2          x3        y3  area3          x4         y4  area4          x5         y5  area5         x6         y6  area6          x7         y7  area7
range  301.379555  8.878631  125.0  276.423367  12.566425   64.0  116.637595  6.939114   23.0  311.035796  21.758984   49.0  268.391717  25.585766  159.0  118.42899  11.818544   42.0  301.517612  35.400336   81.0
FAILURE!!!! Some beads might have been misidentified
               x1        y1  area1          x2         y2  area2          x3        y3  area3          x4         y4  area4          x5         y5  area5          x6        y6  area6          x7        y7  area7
range  301.258945  8.902754  123.0  276.253564  12.530574   68.0  116.800216  6.904618   24.0  311.569625  21.743546   44.0  268.655586  25.478238  157.0  118.043263  11.86737   35.0  301.042771  35.48953   82.0
FAILURE!!!! Some beads might have been misidentified
Residual vector length: 105, Jacobian shape: (105, 6)
view   0 | SOD= 556.956 mm | SDD= 802.742 mm | M= 1.441 | incident=4.7367°
[[ 238.87448    -501.1121      -45.01036   ]
 [-110.63952     218.6163       19.989641  ]
 [   0.13561548    0.06315537    0.        ]
 [   0.            0.            0.1496    ]]
               x1        y1  area1          x2         y2  area2          x3       y3  area3          x4         y4  area4          x5         y5  area5          x6         y6  area6          x7        y7  area7
range  301.323234  8.897283  124.0  276.298337  12.573694   65.0  116.711354  6.92838   21.0  311.260035  21.750612   37.0  268.621257  25.563912  158.0  118.357274  11.858995   37.0  301.228033  35.48162   85.0
FAILURE!!!! Some beads might have been misidentified

iter 35 cost=0.599248 -> 0.603076 |dtheta|=1.604868e-02  lambda=4.883e+01

============================================================
Iteration 36
============================================================
Theta offsets (Unity frame):
  Source   : dSx=   0.000, dSy=   0.000, dSz=   0.000  (mm)
  Object   : dOx= -17.999, dOy=  -8.012, dOz= -24.878  (mm)
  Object offset: offset_x=   0.002, offset_z=   0.004  (mm)
  Detector : dDx=   0.000, dDy=   0.000, dDz=   0.000  (mm)
  Obj Stage rotY :   24.969 deg
============================================================

Unity geometry (world coordinates):
  Source   : x=   5.000, y=  60.000, z=   0.000
  Object   : x=   0.001, y=  14.988, z= 555.122
  Detector : x=  -8.000, y=  -5.000, z= 800.000
  Obj rotY :   0.0000 deg
view   0 | SOD= 556.970 mm | SDD= 802.742 mm | M= 1.441 | incident=4.7367°
[[ 238.86082    -501.13416     -45.01218   ]
 [-110.62274     218.60901      19.98782   ]
 [   0.13561815    0.06314963    0.        ]
 [   0.            0.            0.1496    ]]
              x1        y1  area1          x2         y2  area2          x3        y3  area3          x4         y4  area4          x5        y5  area5          x6         y6  area6          x7        y7  area7
range  301.31105  8.874245  125.0  276.323442  12.573694   65.0  116.742824  6.952328   23.0  311.321664  21.766307   41.0  268.607143  25.55931  162.0  118.275897  11.881586   39.0  301.228033  35.48162   85.0
FAILURE!!!! Some beads might have been misidentified
               x1        y1  area1          x2        y2  area2          x3        y3  area3          x4         y4  area4          x5         y5  area5          x6         y6  area6          x7         y7  area7
range  301.319184  8.945969  125.0  276.187301  12.53858   65.0  116.633227  6.939977   28.0  311.302851  21.731804   52.0  268.433673  25.549036  156.0  118.094439  11.840793   37.0  301.308964  35.500865   81.0
FAILURE!!!! Some beads might have been misidentified
               x1        y1  area1          x2         y2  area2          x3        y3  area3          x4         y4  area4         x5         y5  area5          x6         y6  area6          x7         y7  area7
range  301.341752  8.872429  124.0  276.273346  12.574138   62.0  116.680188  6.897538   26.0  311.329287  21.781483   41.0  268.55083  25.512702  165.0  118.304684  11.829108   40.0  301.240219  35.338717   73.0
FAILURE!!!! Some beads might have been misidentified
               x1        y1  area1          x2        y2  area2          x3       y3  area3          x4         y4  area4          x5        y5  area5         x6         y6  area6          x7         y7  area7
range  301.352456  8.902185  134.0  276.399204  12.57451   63.0  116.750109  6.94639   19.0  311.400794  21.860526   45.0  268.647904  25.53499  156.0  118.32498  11.838871   43.0  301.185309  35.440738   88.0
FAILURE!!!! Some beads might have been misidentified
              x1        y1  area1          x2         y2  area2         x3       y3  area3          x4         y4  area4          x5         y5  area5          x6         y6  area6         x7         y7  area7
range  301.29566  8.951308  133.0  276.295023  12.559096   64.0  116.68552  6.82929   24.0  311.193315  21.739391   41.0  268.501623  25.486641  164.0  118.301273  11.939846   41.0  301.21425  35.399899   81.0
FAILURE!!!! Some beads might have been misidentified
              x1        y1  area1          x2         y2  area2          x3        y3  area3          x4         y4  area4          x5         y5  area5          x6         y6  area6          x7         y7  area7
range  301.31105  8.874245  125.0  276.323442  12.573694   65.0  116.742824  6.936185   23.0  311.321664  21.766307   41.0  268.621257  25.565315  160.0  118.312933  11.809666   37.0  301.228033  35.451431   85.0
FAILURE!!!! Some beads might have been misidentified
              x1        y1  area1          x2         y2  area2          x3        y3  area3          x4        y4  area4         x5         y5  area5          x6         y6  area6          x7         y7  area7
range  301.31105  8.874245  125.0  276.348449  12.573694   65.0  116.728033  6.952328   21.0  311.397925  21.76341   44.0  268.55671  25.519866  162.0  118.257058  11.881586   40.0  301.205116  35.460352   84.0
FAILURE!!!! Some beads might have been misidentified
               x1        y1  area1         x2         y2  area2          x3        y3  area3          x4         y4  area4          x5         y5  area5          x6         y6  area6          x7         y7  area7
range  301.275027  8.864306  126.0  276.27509  12.539211   65.0  116.732346  6.952328   21.0  311.260035  21.750612   37.0  268.586005  25.565315  160.0  118.281102  11.882928   35.0  301.276924  35.449476   84.0
FAILURE!!!! Some beads might have been misidentified
              x1        y1  area1          x2         y2  area2          x3        y3  area3         x4        y4  area4          x5         y5  area5          x6         y6  area6          x7         y7  area7
range  301.31105  8.931182  127.0  276.324715  12.585451   66.0  116.742824  6.936185   23.0  311.40383  21.75711   46.0  268.591841  25.521912  160.0  118.257058  11.881586   40.0  301.209851  35.491043   86.0
FAILURE!!!! Some beads might have been misidentified
              x1       y1  area1          x2         y2  area2          x3        y3  area3          x4         y4  area4         x5         y5  area5          x6         y6  area6          x7         y7  area7
range  301.31105  8.91746  127.0  276.039024  12.590522   64.0  116.494565  6.929243   24.0  311.269937  21.738871   36.0  268.74537  25.570857  158.0  118.431497  11.823687   36.0  301.183589  35.492955   84.0
FAILURE!!!! Some beads might have been misidentified
               x1       y1  area1          x2         y2  area2          x3       y3  area3          x4         y4  area4         x5         y5  area5          x6         y6  area6          x7         y7  area7
range  301.295174  8.88014  123.0  276.496124  12.535115   64.0  116.855969  6.89223   25.0  311.329688  21.792172   50.0  268.31577  25.512702  165.0  118.048463  11.869228   39.0  301.263361  35.424983   77.0
FAILURE!!!! Some beads might have been misidentified
               x1        y1  area1          x2         y2  area2          x3        y3  area3          x4         y4  area4          x5         y5  area5         x6         y6  area6          x7         y7  area7
range  301.379555  8.878631  125.0  276.423367  12.566425   64.0  116.637595  6.939114   23.0  311.035796  21.758984   49.0  268.391717  25.585766  159.0  118.42899  11.818544   42.0  301.517612  35.400336   81.0
FAILURE!!!! Some beads might have been misidentified
               x1        y1  area1          x2         y2  area2          x3        y3  area3          x4         y4  area4          x5         y5  area5          x6        y6  area6          x7        y7  area7
range  301.258945  8.902754  123.0  276.253564  12.530574   68.0  116.800216  6.904618   24.0  311.569625  21.743546   44.0  268.655586  25.478238  157.0  118.043263  11.86737   35.0  301.042771  35.48953   82.0
FAILURE!!!! Some beads might have been misidentified
Residual vector length: 105, Jacobian shape: (105, 6)
view   0 | SOD= 556.963 mm | SDD= 802.742 mm | M= 1.441 | incident=4.7367°
[[ 238.8619     -501.1254      -45.01136   ]
 [-110.62925     218.6141       19.98864   ]
 [   0.1356175     0.06315106    0.        ]
 [   0.            0.            0.1496    ]]
               x1        y1  area1          x2         y2  area2          x3        y3  area3          x4         y4  area4          x5         y5  area5         x6         y6  area6          x7        y7  area7
range  301.323234  8.906901  125.0  276.323442  12.573694   65.0  116.729024  6.952328   22.0  311.260035  21.750612   37.0  268.633798  25.565315  160.0  118.33637  11.858995   38.0  301.228033  35.48162   85.0
FAILURE!!!! Some beads might have been misidentified

iter 36 cost=0.599248 -> 0.590256 |dtheta|=9.049048e-03  lambda=2.441e+02

============================================================
Iteration 37
============================================================
Theta offsets (Unity frame):
  Source   : dSx=   0.000, dSy=   0.000, dSz=   0.000  (mm)
  Object   : dOx= -17.999, dOy=  -8.011, dOz= -24.887  (mm)
  Object offset: offset_x=   0.004, offset_z=   0.005  (mm)
  Detector : dDx=   0.000, dDy=   0.000, dDz=   0.000  (mm)
  Obj Stage rotY :   24.969 deg
============================================================

Unity geometry (world coordinates):
  Source   : x=   5.000, y=  60.000, z=   0.000
  Object   : x=   0.001, y=  14.989, z= 555.113
  Detector : x=  -8.000, y=  -5.000, z= 800.000
  Obj rotY :   0.0000 deg
view   0 | SOD= 556.963 mm | SDD= 802.742 mm | M= 1.441 | incident=4.7367°
[[ 238.8619     -501.1254      -45.01136   ]
 [-110.62925     218.6141       19.98864   ]
 [   0.1356175     0.06315106    0.        ]
 [   0.            0.            0.1496    ]]
               x1        y1  area1          x2         y2  area2          x3        y3  area3          x4         y4  area4          x5         y5  area5         x6         y6  area6          x7        y7  area7
range  301.323234  8.906901  125.0  276.323442  12.573694   65.0  116.729024  6.952328   22.0  311.260035  21.750612   37.0  268.633798  25.565315  160.0  118.33637  11.858995   38.0  301.228033  35.48162   85.0
FAILURE!!!! Some beads might have been misidentified
               x1        y1  area1          x2         y2  area2          x3        y3  area3          x4         y4  area4          x5         y5  area5          x6         y6  area6          x7         y7  area7
range  301.312605  8.874858  133.0  276.161341  12.567159   56.0  116.529863  6.929967   29.0  311.286581  21.747877   59.0  268.433673  25.556317  152.0  118.168275  11.865367   29.0  301.363375  35.498552   85.0
FAILURE!!!! Some beads might have been misidentified
               x1        y1  area1          x2         y2  area2          x3        y3  area3          x4         y4  area4         x5         y5  area5          x6         y6  area6          x7         y7  area7
range  301.348965  8.852539  132.0  276.288986  12.533752   57.0  116.625544  6.905506   21.0  311.289524  21.784649   47.0  268.55083  25.470619  163.0  118.340987  11.767032   34.0  301.249789  35.381809   80.0
FAILURE!!!! Some beads might have been misidentified
               x1        y1  area1          x2         y2  area2         x3        y3  area3         x4         y4  area4          x5         y5  area5          x6        y6  area6          x7         y7  area7
range  301.352456  8.850576  126.0  276.407547  12.546249   67.0  116.72747  6.934273   28.0  311.23019  21.792769   40.0  268.642812  25.561619  159.0  118.419148  11.79596   42.0  301.185309  35.481406   83.0
FAILURE!!!! Some beads might have been misidentified
               x1        y1  area1          x2         y2  area2          x3       y3  area3          x4         y4  area4          x5         y5  area5          x6         y6  area6         x7         y7  area7
range  301.288635  8.952646  134.0  276.295023  12.568936   63.0  116.678757  6.82929   24.0  311.168213  21.731938   40.0  268.501623  25.495326  163.0  118.321937  11.920812   39.0  301.21425  35.424324   82.0
FAILURE!!!! Some beads might have been misidentified
               x1        y1  area1          x2         y2  area2          x3        y3  area3          x4         y4  area4          x5         y5  area5          x6         y6  area6          x7         y7  area7
range  301.323234  8.897283  124.0  276.298337  12.573694   65.0  116.711354  6.912252   21.0  311.246346  21.750612   38.0  268.621257  25.543248  161.0  118.355843  11.809666   37.0  301.224302  35.451431   85.0
FAILURE!!!! Some beads might have been misidentified
              x1        y1  area1          x2         y2  area2          x3        y3  area3          x4         y4  area4          x5         y5  area5          x6         y6  area6          x7         y7  area7
range  301.31105  8.883862  126.0  276.323442  12.573694   65.0  116.724713  6.952328   21.0  311.260035  21.750612   37.0  268.619261  25.565315  160.0  118.309354  11.881586   39.0  301.232768  35.480875   87.0
FAILURE!!!! Some beads might have been misidentified
              x1        y1  area1         x2         y2  area2          x3       y3  area3          x4         y4  area4          x5         y5  area5          x6         y6  area6          x7        y7  area7
range  301.31105  8.875271  126.0  276.27509  12.573694   65.0  116.729024  6.92838   22.0  311.260035  21.736914   37.0  268.611114  25.537182  159.0  118.357274  11.866735   35.0  301.276924  35.47403   83.0
FAILURE!!!! Some beads might have been misidentified
               x1        y1  area1          x2        y2  area2          x3        y3  area3          x4         y4  area4          x5         y5  area5          x6         y6  area6          x7         y7  area7
range  301.323234  8.954221  126.0  276.324715  12.59078   67.0  116.725214  6.936185   22.0  311.246346  21.736074   38.0  268.596201  25.546414  163.0  118.341176  11.858995   40.0  301.261088  35.491039   83.0
FAILURE!!!! Some beads might have been misidentified
               x1        y1  area1          x2         y2  area2          x3        y3  area3          x4         y4  area4         x5         y5  area5          x6         y6  area6         x7        y7  area7
range  301.323234  8.940499  126.0  276.013065  12.562535   62.0  116.354098  6.937187   30.0  311.253683  21.747242   39.0  268.74537  25.570857  158.0  118.459836  11.859112   37.0  301.28399  35.44604   82.0
FAILURE!!!! Some beads might have been misidentified
               x1        y1  area1          x2         y2  area2         x3        y3  area3          x4         y4  area4         x5         y5  area5          x6      y6  area6         x7         y7  area7
range  301.295174  8.863967  124.0  276.471359  12.528161   62.0  116.79857  6.900198   25.0  311.315646  21.774189   51.0  268.31577  25.526036  166.0  118.134953  11.845   41.0  301.28654  35.437357   77.0
FAILURE!!!! Some beads might have been misidentified
               x1        y1  area1          x2         y2  area2          x3        y3  area3          x4         y4  area4          x5         y5  area5          x6         y6  area6          x7         y7  area7
range  301.386769  8.874914  132.0  276.423367  12.544803   60.0  116.621276  6.939114   23.0  310.994561  21.773848   53.0  268.441518  25.543683  157.0  118.379161  11.818544   34.0  301.500439  35.374616   87.0
FAILURE!!!! Some beads might have been misidentified
               x1       y1  area1          x2         y2  area2         x3        y3  area3          x4         y4  area4          x5         y5  area5         x6         y6  area6          x7         y7  area7
range  301.252366  8.84126  132.0  276.253564  12.545159   59.0  116.81914  6.904618   21.0  311.575754  21.759618   52.0  268.697543  25.549372  152.0  118.12541  11.850344   26.0  301.077158  35.496641   87.0
FAILURE!!!! Some beads might have been misidentified
Residual vector length: 105, Jacobian shape: (105, 6)
view   0 | SOD= 556.949 mm | SDD= 802.742 mm | M= 1.441 | incident=4.7367°
[[ 238.84323    -501.11942     -45.01058   ]
 [-110.62977     218.62889      19.989422  ]
 [   0.13561909    0.06314764    0.        ]
 [   0.            0.            0.1496    ]]
               x1        y1  area1          x2         y2  area2          x3        y3  area3          x4         y4  area4          x5         y5  area5          x6         y6  area6          x7         y7  area7
range  301.323234  8.919915  126.0  276.348449  12.579024   66.0  116.711354  6.936185   22.0  311.246346  21.750612   38.0  268.619261  25.563912  158.0  118.377177  11.881586   41.0  301.294802  35.480861   84.0
FAILURE!!!! Some beads might have been misidentified

iter 37 cost=0.590256 -> 0.544838 |dtheta|=1.464712e-02  lambda=8.138e+01

============================================================
Iteration 38
============================================================
Theta offsets (Unity frame):
  Source   : dSx=   0.000, dSy=   0.000, dSz=   0.000  (mm)
  Object   : dOx= -17.999, dOy=  -8.011, dOz= -24.901  (mm)
  Object offset: offset_x=   0.005, offset_z=   0.006  (mm)
  Detector : dDx=   0.000, dDy=   0.000, dDz=   0.000  (mm)
  Obj Stage rotY :   24.968 deg
============================================================

Unity geometry (world coordinates):
  Source   : x=   5.000, y=  60.000, z=   0.000
  Object   : x=   0.001, y=  14.989, z= 555.099
  Detector : x=  -8.000, y=  -5.000, z= 800.000
  Obj rotY :   0.0000 deg
view   0 | SOD= 556.949 mm | SDD= 802.742 mm | M= 1.441 | incident=4.7367°
[[ 238.84323    -501.11942     -45.01058   ]
 [-110.62977     218.62889      19.989422  ]
 [   0.13561909    0.06314764    0.        ]
 [   0.            0.            0.1496    ]]
               x1        y1  area1          x2         y2  area2          x3        y3  area3          x4         y4  area4          x5         y5  area5          x6         y6  area6          x7         y7  area7
range  301.323234  8.919915  126.0  276.348449  12.579024   66.0  116.711354  6.936185   22.0  311.246346  21.750612   38.0  268.619261  25.563912  158.0  118.377177  11.881586   41.0  301.294802  35.480861   84.0
FAILURE!!!! Some beads might have been misidentified
               x1        y1  area1          x2         y2  area2          x3        y3  area3          x4         y4  area4          x5         y5  area5         x6         y6  area6          x7         y7  area7
range  301.312605  8.874858  133.0  276.182142  12.559392   57.0  116.529863  6.947921   28.0  311.286581  21.747877   59.0  268.433673  25.556317  152.0  118.23082  11.868651   28.0  301.384975  35.488374   86.0
FAILURE!!!! Some beads might have been misidentified
               x1        y1  area1          x2         y2  area2          x3       y3  area3          x4         y4  area4         x5         y5  area5          x6         y6  area6          x7         y7  area7
range  301.365639  8.873682  133.0  276.326321  12.533752   57.0  116.649397  6.91454   20.0  311.289524  21.784649   47.0  268.55083  25.470619  163.0  118.384205  11.769489   35.0  301.250319  35.381809   80.0
FAILURE!!!! Some beads might have been misidentified
               x1        y1  area1          x2         y2  area2          x3        y3  area3          x4         y4  area4          x5         y5  area5          x6        y6  area6          x7         y7  area7
range  301.373441  8.845115  124.0  276.407547  12.559557   67.0  116.723542  6.959059   27.0  311.202933  21.834241   38.0  268.642812  25.577014  157.0  118.419148  11.79596   42.0  301.185309  35.481406   83.0
FAILURE!!!! Some beads might have been misidentified
               x1        y1  area1          x2         y2  area2          x3       y3  area3          x4         y4  area4          x5         y5  area5          x6         y6  area6          x7         y7  area7
range  301.314181  8.960533  133.0  276.334686  12.566648   65.0  116.660988  6.82929   24.0  311.168213  21.731938   40.0  268.527427  25.499921  160.0  118.337113  11.920812   38.0  301.247969  35.391643   80.0
FAILURE!!!! Some beads might have been misidentified
               x1        y1  area1          x2         y2  area2          x3        y3  area3          x4         y4  area4          x5         y5  area5          x6         y6  area6          x7        y7  area7
range  301.323234  8.906901  125.0  276.348449  12.579024   66.0  116.711354  6.936185   22.0  311.246346  21.750612   38.0  268.621257  25.563912  158.0  118.379531  11.834378   38.0  301.228033  35.48162   85.0
FAILURE!!!! Some beads might have been misidentified
               x1        y1  area1          x2         y2  area2          x3        y3  area3          x4         y4  area4         x5         y5  area5         x6         y6  area6          x7         y7  area7
range  301.323234  8.919915  126.0  276.348449  12.579024   66.0  116.707001  6.952328   21.0  311.246346  21.750612   38.0  268.59824  25.559617  156.0  118.36692  11.924584   42.0  301.310555  35.461956   83.0
FAILURE!!!! Some beads might have been misidentified
              x1        y1  area1          x2         y2  area2          x3        y3  area3          x4         y4  area4          x5         y5  area5          x6         y6  area6          x7         y7  area7
range  301.33107  8.897283  124.0  276.323442  12.573694   65.0  116.711354  6.952328   21.0  311.243715  21.756587   38.0  268.577114  25.537182  159.0  118.379986  11.889326   37.0  301.270673  35.475941   84.0
FAILURE!!!! Some beads might have been misidentified
               x1        y1  area1          x2         y2  area2          x3        y3  area3          x4         y4  area4          x5         y5  area5          x6         y6  area6          x7         y7  area7
range  301.323234  8.959487  128.0  276.374439  12.570125   66.0  116.689024  6.936185   22.0  311.230802  21.736074   39.0  268.596201  25.546414  163.0  118.390547  11.881586   42.0  301.261382  35.461956   83.0
FAILURE!!!! Some beads might have been misidentified
               x1        y1  area1          x2         y2  area2          x3        y3  area3          x4         y4  area4         x5        y5  area5          x6         y6  area6          x7        y7  area7
range  301.341752  8.921846  127.0  276.013065  12.589355   62.0  116.355342  6.937187   29.0  311.253683  21.747242   39.0  268.74537  25.59271  159.0  118.506985  11.851545   41.0  301.335329  35.44186   80.0
FAILURE!!!! Some beads might have been misidentified
               x1        y1  area1          x2         y2  area2          x3        y3  area3          x4         y4  area4         x5         y5  area5          x6         y6  area6          x7         y7  area7
range  301.338938  8.874908  124.0  276.496124  12.552677   63.0  116.822423  6.909232   24.0  311.315646  21.774189   51.0  268.31577  25.526036  166.0  118.221366  11.847457   40.0  301.282162  35.418422   76.0
FAILURE!!!! Some beads might have been misidentified
               x1        y1  area1          x2         y2  area2          x3        y3  area3          x4         y4  area4          x5         y5  area5          x6         y6  area6          x7         y7  area7
range  301.394827  8.863482  132.0  276.423367  12.544803   60.0  116.596935  6.939114   23.0  310.994561  21.773848   53.0  268.441518  25.543683  157.0  118.444708  11.843256   37.0  301.520415  35.404804   87.0
FAILURE!!!! Some beads might have been misidentified
              x1        y1  area1          x2         y2  area2          x3        y3  area3          x4         y4  area4          x5         y5  area5          x6         y6  area6          x7         y7  area7
range  301.27947  8.908975  126.0  276.253564  12.570574   68.0  116.800216  6.904618   24.0  311.528558  21.769673   45.0  268.693117  25.559255  158.0  118.185897  11.893342   38.0  301.122603  35.494314   84.0
FAILURE!!!! Some beads might have been misidentified
Residual vector length: 105, Jacobian shape: (105, 6)
view   0 | SOD= 556.933 mm | SDD= 802.742 mm | M= 1.441 | incident=4.7367°
[[ 238.86201    -501.09198     -45.009686  ]
 [-110.65105     218.63687      19.990314  ]
 [   0.13561557    0.06315519    0.        ]
 [   0.            0.            0.1496    ]]
               x1       y1  area1          x2         y2  area2          x3        y3  area3          x4         y4  area4          x5         y5  area5         x6         y6  area6          x7         y7  area7
range  301.323234  8.93631  127.0  276.299708  12.585451   66.0  116.729024  6.952328   22.0  311.260035  21.736914   37.0  268.663891  25.530593  160.0  118.32068  11.904089   39.0  301.228718  35.498799   84.0
FAILURE!!!! Some beads might have been misidentified

iter 38 cost=0.544838 -> 0.568107 |dtheta|=1.556125e-02  lambda=2.713e+01

============================================================
Iteration 39
============================================================
Theta offsets (Unity frame):
  Source   : dSx=   0.000, dSy=   0.000, dSz=   0.000  (mm)
  Object   : dOx= -17.999, dOy=  -8.011, dOz= -24.901  (mm)
  Object offset: offset_x=   0.005, offset_z=   0.006  (mm)
  Detector : dDx=   0.000, dDy=   0.000, dDz=   0.000  (mm)
  Obj Stage rotY :   24.968 deg
============================================================

Unity geometry (world coordinates):
  Source   : x=   5.000, y=  60.000, z=   0.000
  Object   : x=   0.001, y=  14.989, z= 555.099
  Detector : x=  -8.000, y=  -5.000, z= 800.000
  Obj rotY :   0.0000 deg
view   0 | SOD= 556.949 mm | SDD= 802.742 mm | M= 1.441 | incident=4.7367°
[[ 238.84323    -501.11942     -45.01058   ]
 [-110.62977     218.62889      19.989422  ]
 [   0.13561909    0.06314764    0.        ]
 [   0.            0.            0.1496    ]]
               x1        y1  area1          x2         y2  area2          x3        y3  area3          x4         y4  area4          x5         y5  area5          x6         y6  area6          x7         y7  area7
range  301.323234  8.919915  126.0  276.348449  12.579024   66.0  116.711354  6.936185   22.0  311.246346  21.750612   38.0  268.619261  25.563912  158.0  118.377177  11.881586   41.0  301.294802  35.480861   84.0
FAILURE!!!! Some beads might have been misidentified
               x1        y1  area1          x2         y2  area2          x3        y3  area3          x4         y4  area4          x5         y5  area5         x6         y6  area6          x7         y7  area7
range  301.312605  8.874858  133.0  276.182142  12.559392   57.0  116.529863  6.947921   28.0  311.286581  21.747877   59.0  268.433673  25.556317  152.0  118.23082  11.868651   28.0  301.384975  35.488374   86.0
FAILURE!!!! Some beads might have been misidentified
               x1        y1  area1          x2         y2  area2          x3       y3  area3          x4         y4  area4         x5         y5  area5          x6         y6  area6          x7         y7  area7
range  301.365639  8.873682  133.0  276.326321  12.533752   57.0  116.649397  6.91454   20.0  311.289524  21.784649   47.0  268.55083  25.470619  163.0  118.384205  11.769489   35.0  301.250319  35.381809   80.0
FAILURE!!!! Some beads might have been misidentified
               x1        y1  area1          x2         y2  area2          x3        y3  area3          x4         y4  area4          x5         y5  area5          x6        y6  area6          x7         y7  area7
range  301.373441  8.845115  124.0  276.407547  12.559557   67.0  116.723542  6.959059   27.0  311.202933  21.834241   38.0  268.642812  25.577014  157.0  118.419148  11.79596   42.0  301.185309  35.481406   83.0
FAILURE!!!! Some beads might have been misidentified
               x1        y1  area1          x2         y2  area2          x3       y3  area3          x4         y4  area4          x5         y5  area5          x6         y6  area6          x7         y7  area7
range  301.314181  8.960533  133.0  276.334686  12.566648   65.0  116.660988  6.82929   24.0  311.168213  21.731938   40.0  268.527427  25.499921  160.0  118.337113  11.920812   38.0  301.247969  35.391643   80.0
FAILURE!!!! Some beads might have been misidentified
               x1        y1  area1          x2         y2  area2          x3        y3  area3          x4         y4  area4          x5         y5  area5          x6         y6  area6          x7        y7  area7
range  301.323234  8.906901  125.0  276.348449  12.579024   66.0  116.711354  6.936185   22.0  311.246346  21.750612   38.0  268.621257  25.563912  158.0  118.379531  11.834378   38.0  301.228033  35.48162   85.0
FAILURE!!!! Some beads might have been misidentified
               x1        y1  area1          x2         y2  area2          x3        y3  area3          x4         y4  area4         x5         y5  area5         x6         y6  area6          x7         y7  area7
range  301.323234  8.919915  126.0  276.348449  12.579024   66.0  116.707001  6.952328   21.0  311.246346  21.750612   38.0  268.59824  25.559617  156.0  118.36692  11.924584   42.0  301.310555  35.461956   83.0
FAILURE!!!! Some beads might have been misidentified
              x1        y1  area1          x2         y2  area2          x3        y3  area3          x4         y4  area4          x5         y5  area5          x6         y6  area6          x7         y7  area7
range  301.33107  8.897283  124.0  276.323442  12.573694   65.0  116.711354  6.952328   21.0  311.243715  21.756587   38.0  268.577114  25.537182  159.0  118.379986  11.889326   37.0  301.270673  35.475941   84.0
FAILURE!!!! Some beads might have been misidentified
               x1        y1  area1          x2         y2  area2          x3        y3  area3          x4         y4  area4          x5         y5  area5          x6         y6  area6          x7         y7  area7
range  301.323234  8.959487  128.0  276.374439  12.570125   66.0  116.689024  6.936185   22.0  311.230802  21.736074   39.0  268.596201  25.546414  163.0  118.390547  11.881586   42.0  301.261382  35.461956   83.0
FAILURE!!!! Some beads might have been misidentified
               x1        y1  area1          x2         y2  area2          x3        y3  area3          x4         y4  area4         x5        y5  area5          x6         y6  area6          x7        y7  area7
range  301.341752  8.921846  127.0  276.013065  12.589355   62.0  116.355342  6.937187   29.0  311.253683  21.747242   39.0  268.74537  25.59271  159.0  118.506985  11.851545   41.0  301.335329  35.44186   80.0
FAILURE!!!! Some beads might have been misidentified
               x1        y1  area1          x2         y2  area2          x3        y3  area3          x4         y4  area4         x5         y5  area5          x6         y6  area6          x7         y7  area7
range  301.338938  8.874908  124.0  276.496124  12.552677   63.0  116.822423  6.909232   24.0  311.315646  21.774189   51.0  268.31577  25.526036  166.0  118.221366  11.847457   40.0  301.282162  35.418422   76.0
FAILURE!!!! Some beads might have been misidentified
               x1        y1  area1          x2         y2  area2          x3        y3  area3          x4         y4  area4          x5         y5  area5          x6         y6  area6          x7         y7  area7
range  301.394827  8.863482  132.0  276.423367  12.544803   60.0  116.596935  6.939114   23.0  310.994561  21.773848   53.0  268.441518  25.543683  157.0  118.444708  11.843256   37.0  301.520415  35.404804   87.0
FAILURE!!!! Some beads might have been misidentified
              x1        y1  area1          x2         y2  area2          x3        y3  area3          x4         y4  area4          x5         y5  area5          x6         y6  area6          x7         y7  area7
range  301.27947  8.908975  126.0  276.253564  12.570574   68.0  116.800216  6.904618   24.0  311.528558  21.769673   45.0  268.693117  25.559255  158.0  118.185897  11.893342   38.0  301.122603  35.494314   84.0
FAILURE!!!! Some beads might have been misidentified
Residual vector length: 105, Jacobian shape: (105, 6)
view   0 | SOD= 556.937 mm | SDD= 802.742 mm | M= 1.441 | incident=4.7367°
[[ 238.85439    -501.1005      -45.01023   ]
 [-110.6447      218.63515      19.989769  ]
 [   0.1356168     0.06315256    0.        ]
 [   0.            0.            0.1496    ]]
               x1       y1  area1          x2         y2  area2          x3        y3  area3          x4         y4  area4          x5         y5  area5         x6         y6  area6          x7         y7  area7
range  301.323234  8.93631  127.0  276.299708  12.585451   66.0  116.724713  6.952328   21.0  311.285037  21.734004   38.0  268.638245  25.538585  161.0  118.32068  11.904089   39.0  301.232768  35.505414   86.0
FAILURE!!!! Some beads might have been misidentified

iter 39 cost=0.544838 -> 0.571821 |dtheta|=1.108649e-02  lambda=1.356e+02

============================================================
Iteration 40
============================================================
Theta offsets (Unity frame):
  Source   : dSx=   0.000, dSy=   0.000, dSz=   0.000  (mm)
  Object   : dOx= -17.999, dOy=  -8.011, dOz= -24.901  (mm)
  Object offset: offset_x=   0.005, offset_z=   0.006  (mm)
  Detector : dDx=   0.000, dDy=   0.000, dDz=   0.000  (mm)
  Obj Stage rotY :   24.968 deg
============================================================

Unity geometry (world coordinates):
  Source   : x=   5.000, y=  60.000, z=   0.000
  Object   : x=   0.001, y=  14.989, z= 555.099
  Detector : x=  -8.000, y=  -5.000, z= 800.000
  Obj rotY :   0.0000 deg
view   0 | SOD= 556.949 mm | SDD= 802.742 mm | M= 1.441 | incident=4.7367°
[[ 238.84323    -501.11942     -45.01058   ]
 [-110.62977     218.62889      19.989422  ]
 [   0.13561909    0.06314764    0.        ]
 [   0.            0.            0.1496    ]]
               x1        y1  area1          x2         y2  area2          x3        y3  area3          x4         y4  area4          x5         y5  area5          x6         y6  area6          x7         y7  area7
range  301.323234  8.919915  126.0  276.348449  12.579024   66.0  116.711354  6.936185   22.0  311.246346  21.750612   38.0  268.619261  25.563912  158.0  118.377177  11.881586   41.0  301.294802  35.480861   84.0
FAILURE!!!! Some beads might have been misidentified
               x1        y1  area1          x2         y2  area2          x3        y3  area3          x4         y4  area4          x5         y5  area5         x6         y6  area6          x7         y7  area7
range  301.312605  8.874858  133.0  276.182142  12.559392   57.0  116.529863  6.947921   28.0  311.286581  21.747877   59.0  268.433673  25.556317  152.0  118.23082  11.868651   28.0  301.384975  35.488374   86.0
FAILURE!!!! Some beads might have been misidentified
               x1        y1  area1          x2         y2  area2          x3       y3  area3          x4         y4  area4         x5         y5  area5          x6         y6  area6          x7         y7  area7
range  301.365639  8.873682  133.0  276.326321  12.533752   57.0  116.649397  6.91454   20.0  311.289524  21.784649   47.0  268.55083  25.470619  163.0  118.384205  11.769489   35.0  301.250319  35.381809   80.0
FAILURE!!!! Some beads might have been misidentified
               x1        y1  area1          x2         y2  area2          x3        y3  area3          x4         y4  area4          x5         y5  area5          x6        y6  area6          x7         y7  area7
range  301.373441  8.845115  124.0  276.407547  12.559557   67.0  116.723542  6.959059   27.0  311.202933  21.834241   38.0  268.642812  25.577014  157.0  118.419148  11.79596   42.0  301.185309  35.481406   83.0
FAILURE!!!! Some beads might have been misidentified
               x1        y1  area1          x2         y2  area2          x3       y3  area3          x4         y4  area4          x5         y5  area5          x6         y6  area6          x7         y7  area7
range  301.314181  8.960533  133.0  276.334686  12.566648   65.0  116.660988  6.82929   24.0  311.168213  21.731938   40.0  268.527427  25.499921  160.0  118.337113  11.920812   38.0  301.247969  35.391643   80.0
FAILURE!!!! Some beads might have been misidentified
               x1        y1  area1          x2         y2  area2          x3        y3  area3          x4         y4  area4          x5         y5  area5          x6         y6  area6          x7        y7  area7
range  301.323234  8.906901  125.0  276.348449  12.579024   66.0  116.711354  6.936185   22.0  311.246346  21.750612   38.0  268.621257  25.563912  158.0  118.379531  11.834378   38.0  301.228033  35.48162   85.0
FAILURE!!!! Some beads might have been misidentified
               x1        y1  area1          x2         y2  area2          x3        y3  area3          x4         y4  area4         x5         y5  area5         x6         y6  area6          x7         y7  area7
range  301.323234  8.919915  126.0  276.348449  12.579024   66.0  116.707001  6.952328   21.0  311.246346  21.750612   38.0  268.59824  25.559617  156.0  118.36692  11.924584   42.0  301.310555  35.461956   83.0
FAILURE!!!! Some beads might have been misidentified
              x1        y1  area1          x2         y2  area2          x3        y3  area3          x4         y4  area4          x5         y5  area5          x6         y6  area6          x7         y7  area7
range  301.33107  8.897283  124.0  276.323442  12.573694   65.0  116.711354  6.952328   21.0  311.243715  21.756587   38.0  268.577114  25.537182  159.0  118.379986  11.889326   37.0  301.270673  35.475941   84.0
FAILURE!!!! Some beads might have been misidentified
               x1        y1  area1          x2         y2  area2          x3        y3  area3          x4         y4  area4          x5         y5  area5          x6         y6  area6          x7         y7  area7
range  301.323234  8.959487  128.0  276.374439  12.570125   66.0  116.689024  6.936185   22.0  311.230802  21.736074   39.0  268.596201  25.546414  163.0  118.390547  11.881586   42.0  301.261382  35.461956   83.0
FAILURE!!!! Some beads might have been misidentified
               x1        y1  area1          x2         y2  area2          x3        y3  area3          x4         y4  area4         x5        y5  area5          x6         y6  area6          x7        y7  area7
range  301.341752  8.921846  127.0  276.013065  12.589355   62.0  116.355342  6.937187   29.0  311.253683  21.747242   39.0  268.74537  25.59271  159.0  118.506985  11.851545   41.0  301.335329  35.44186   80.0
FAILURE!!!! Some beads might have been misidentified
               x1        y1  area1          x2         y2  area2          x3        y3  area3          x4         y4  area4         x5         y5  area5          x6         y6  area6          x7         y7  area7
range  301.338938  8.874908  124.0  276.496124  12.552677   63.0  116.822423  6.909232   24.0  311.315646  21.774189   51.0  268.31577  25.526036  166.0  118.221366  11.847457   40.0  301.282162  35.418422   76.0
FAILURE!!!! Some beads might have been misidentified
               x1        y1  area1          x2         y2  area2          x3        y3  area3          x4         y4  area4          x5         y5  area5          x6         y6  area6          x7         y7  area7
range  301.394827  8.863482  132.0  276.423367  12.544803   60.0  116.596935  6.939114   23.0  310.994561  21.773848   53.0  268.441518  25.543683  157.0  118.444708  11.843256   37.0  301.520415  35.404804   87.0
FAILURE!!!! Some beads might have been misidentified
              x1        y1  area1          x2         y2  area2          x3        y3  area3          x4         y4  area4          x5         y5  area5          x6         y6  area6          x7         y7  area7
range  301.27947  8.908975  126.0  276.253564  12.570574   68.0  116.800216  6.904618   24.0  311.528558  21.769673   45.0  268.693117  25.559255  158.0  118.185897  11.893342   38.0  301.122603  35.494314   84.0
FAILURE!!!! Some beads might have been misidentified
Residual vector length: 105, Jacobian shape: (105, 6)
view   0 | SOD= 556.944 mm | SDD= 802.742 mm | M= 1.441 | incident=4.7367°
[[ 238.84494    -501.11215     -45.010902  ]
 [-110.63598     218.6323       19.989098  ]
 [   0.13561839    0.06314913    0.        ]
 [   0.            0.            0.1496    ]]
               x1       y1  area1          x2         y2  area2          x3        y3  area3          x4         y4  area4          x5         y5  area5         x6         y6  area6          x7         y7  area7
range  301.323234  8.93631  127.0  276.324715  12.585451   66.0  116.728033  6.952328   21.0  311.260035  21.726728   37.0  268.638245  25.538585  161.0  118.32068  11.904089   39.0  301.254334  35.488616   85.0
FAILURE!!!! Some beads might have been misidentified

iter 40 cost=0.544838 -> 0.547937 |dtheta|=4.807492e-03  lambda=6.782e+02

============================================================
Iteration 41
============================================================
Theta offsets (Unity frame):
  Source   : dSx=   0.000, dSy=   0.000, dSz=   0.000  (mm)
  Object   : dOx= -17.999, dOy=  -8.011, dOz= -24.901  (mm)
  Object offset: offset_x=   0.005, offset_z=   0.006  (mm)
  Detector : dDx=   0.000, dDy=   0.000, dDz=   0.000  (mm)
  Obj Stage rotY :   24.968 deg
============================================================

Unity geometry (world coordinates):
  Source   : x=   5.000, y=  60.000, z=   0.000
  Object   : x=   0.001, y=  14.989, z= 555.099
  Detector : x=  -8.000, y=  -5.000, z= 800.000
  Obj rotY :   0.0000 deg
view   0 | SOD= 556.949 mm | SDD= 802.742 mm | M= 1.441 | incident=4.7367°
[[ 238.84323    -501.11942     -45.01058   ]
 [-110.62977     218.62889      19.989422  ]
 [   0.13561909    0.06314764    0.        ]
 [   0.            0.            0.1496    ]]
               x1        y1  area1          x2         y2  area2          x3        y3  area3          x4         y4  area4          x5         y5  area5          x6         y6  area6          x7         y7  area7
range  301.323234  8.919915  126.0  276.348449  12.579024   66.0  116.711354  6.936185   22.0  311.246346  21.750612   38.0  268.619261  25.563912  158.0  118.377177  11.881586   41.0  301.294802  35.480861   84.0
FAILURE!!!! Some beads might have been misidentified
               x1        y1  area1          x2         y2  area2          x3        y3  area3          x4         y4  area4          x5         y5  area5         x6         y6  area6          x7         y7  area7
range  301.312605  8.874858  133.0  276.182142  12.559392   57.0  116.529863  6.947921   28.0  311.286581  21.747877   59.0  268.433673  25.556317  152.0  118.23082  11.868651   28.0  301.384975  35.488374   86.0
FAILURE!!!! Some beads might have been misidentified
               x1        y1  area1          x2         y2  area2          x3       y3  area3          x4         y4  area4         x5         y5  area5          x6         y6  area6          x7         y7  area7
range  301.365639  8.873682  133.0  276.326321  12.533752   57.0  116.649397  6.91454   20.0  311.289524  21.784649   47.0  268.55083  25.470619  163.0  118.384205  11.769489   35.0  301.250319  35.381809   80.0
FAILURE!!!! Some beads might have been misidentified
               x1        y1  area1          x2         y2  area2          x3        y3  area3          x4         y4  area4          x5         y5  area5          x6        y6  area6          x7         y7  area7
range  301.373441  8.845115  124.0  276.407547  12.559557   67.0  116.723542  6.959059   27.0  311.202933  21.834241   38.0  268.642812  25.577014  157.0  118.419148  11.79596   42.0  301.185309  35.481406   83.0
FAILURE!!!! Some beads might have been misidentified
               x1        y1  area1          x2         y2  area2          x3       y3  area3          x4         y4  area4          x5         y5  area5          x6         y6  area6          x7         y7  area7
range  301.314181  8.960533  133.0  276.334686  12.566648   65.0  116.660988  6.82929   24.0  311.168213  21.731938   40.0  268.527427  25.499921  160.0  118.337113  11.920812   38.0  301.247969  35.391643   80.0
FAILURE!!!! Some beads might have been misidentified
               x1        y1  area1          x2         y2  area2          x3        y3  area3          x4         y4  area4          x5         y5  area5          x6         y6  area6          x7        y7  area7
range  301.323234  8.906901  125.0  276.348449  12.579024   66.0  116.711354  6.936185   22.0  311.246346  21.750612   38.0  268.621257  25.563912  158.0  118.379531  11.834378   38.0  301.228033  35.48162   85.0
FAILURE!!!! Some beads might have been misidentified
               x1        y1  area1          x2         y2  area2          x3        y3  area3          x4         y4  area4         x5         y5  area5         x6         y6  area6          x7         y7  area7
range  301.323234  8.919915  126.0  276.348449  12.579024   66.0  116.707001  6.952328   21.0  311.246346  21.750612   38.0  268.59824  25.559617  156.0  118.36692  11.924584   42.0  301.310555  35.461956   83.0
FAILURE!!!! Some beads might have been misidentified
              x1        y1  area1          x2         y2  area2          x3        y3  area3          x4         y4  area4          x5         y5  area5          x6         y6  area6          x7         y7  area7
range  301.33107  8.897283  124.0  276.323442  12.573694   65.0  116.711354  6.952328   21.0  311.243715  21.756587   38.0  268.577114  25.537182  159.0  118.379986  11.889326   37.0  301.270673  35.475941   84.0
FAILURE!!!! Some beads might have been misidentified
               x1        y1  area1          x2         y2  area2          x3        y3  area3          x4         y4  area4          x5         y5  area5          x6         y6  area6          x7         y7  area7
range  301.323234  8.959487  128.0  276.374439  12.570125   66.0  116.689024  6.936185   22.0  311.230802  21.736074   39.0  268.596201  25.546414  163.0  118.390547  11.881586   42.0  301.261382  35.461956   83.0
FAILURE!!!! Some beads might have been misidentified
               x1        y1  area1          x2         y2  area2          x3        y3  area3          x4         y4  area4         x5        y5  area5          x6         y6  area6          x7        y7  area7
range  301.341752  8.921846  127.0  276.013065  12.589355   62.0  116.355342  6.937187   29.0  311.253683  21.747242   39.0  268.74537  25.59271  159.0  118.506985  11.851545   41.0  301.335329  35.44186   80.0
FAILURE!!!! Some beads might have been misidentified
               x1        y1  area1          x2         y2  area2          x3        y3  area3          x4         y4  area4         x5         y5  area5          x6         y6  area6          x7         y7  area7
range  301.338938  8.874908  124.0  276.496124  12.552677   63.0  116.822423  6.909232   24.0  311.315646  21.774189   51.0  268.31577  25.526036  166.0  118.221366  11.847457   40.0  301.282162  35.418422   76.0
FAILURE!!!! Some beads might have been misidentified
               x1        y1  area1          x2         y2  area2          x3        y3  area3          x4         y4  area4          x5         y5  area5          x6         y6  area6          x7         y7  area7
range  301.394827  8.863482  132.0  276.423367  12.544803   60.0  116.596935  6.939114   23.0  310.994561  21.773848   53.0  268.441518  25.543683  157.0  118.444708  11.843256   37.0  301.520415  35.404804   87.0
FAILURE!!!! Some beads might have been misidentified
              x1        y1  area1          x2         y2  area2          x3        y3  area3          x4         y4  area4          x5         y5  area5          x6         y6  area6          x7         y7  area7
range  301.27947  8.908975  126.0  276.253564  12.570574   68.0  116.800216  6.904618   24.0  311.528558  21.769673   45.0  268.693117  25.559255  158.0  118.185897  11.893342   38.0  301.122603  35.494314   84.0
FAILURE!!!! Some beads might have been misidentified
Residual vector length: 105, Jacobian shape: (105, 6)
view   0 | SOD= 556.948 mm | SDD= 802.742 mm | M= 1.441 | incident=4.7367°
[[ 238.84235    -501.11774     -45.01094   ]
 [-110.631584    218.63013      19.989058  ]
 [   0.135619      0.06314781    0.        ]
 [   0.            0.            0.1496    ]]
               x1       y1  area1          x2        y2  area2          x3        y3  area3          x4         y4  area4          x5         y5  area5          x6         y6  area6          x7         y7  area7
range  301.323234  8.93631  127.0  276.324715  12.59078   67.0  116.707001  6.952328   21.0  311.246346  21.750612   38.0  268.623708  25.538585  161.0  118.342595  11.904089   40.0  301.254334  35.488616   85.0
FAILURE!!!! Some beads might have been misidentified

iter 41 cost=0.544838 -> 0.545486 |dtheta|=1.529196e-03  lambda=3.391e+03

============================================================
Iteration 42
============================================================
Theta offsets (Unity frame):
  Source   : dSx=   0.000, dSy=   0.000, dSz=   0.000  (mm)
  Object   : dOx= -17.999, dOy=  -8.011, dOz= -24.901  (mm)
  Object offset: offset_x=   0.005, offset_z=   0.006  (mm)
  Detector : dDx=   0.000, dDy=   0.000, dDz=   0.000  (mm)
  Obj Stage rotY :   24.968 deg
============================================================

Unity geometry (world coordinates):
  Source   : x=   5.000, y=  60.000, z=   0.000
  Object   : x=   0.001, y=  14.989, z= 555.099
  Detector : x=  -8.000, y=  -5.000, z= 800.000
  Obj rotY :   0.0000 deg
view   0 | SOD= 556.949 mm | SDD= 802.742 mm | M= 1.441 | incident=4.7367°
[[ 238.84323    -501.11942     -45.01058   ]
 [-110.62977     218.62889      19.989422  ]
 [   0.13561909    0.06314764    0.        ]
 [   0.            0.            0.1496    ]]
               x1        y1  area1          x2         y2  area2          x3        y3  area3          x4         y4  area4          x5         y5  area5          x6         y6  area6          x7         y7  area7
range  301.323234  8.919915  126.0  276.348449  12.579024   66.0  116.711354  6.936185   22.0  311.246346  21.750612   38.0  268.619261  25.563912  158.0  118.377177  11.881586   41.0  301.294802  35.480861   84.0
FAILURE!!!! Some beads might have been misidentified
               x1        y1  area1          x2         y2  area2          x3        y3  area3          x4         y4  area4          x5         y5  area5         x6         y6  area6          x7         y7  area7
range  301.312605  8.874858  133.0  276.182142  12.559392   57.0  116.529863  6.947921   28.0  311.286581  21.747877   59.0  268.433673  25.556317  152.0  118.23082  11.868651   28.0  301.384975  35.488374   86.0
FAILURE!!!! Some beads might have been misidentified
               x1        y1  area1          x2         y2  area2          x3       y3  area3          x4         y4  area4         x5         y5  area5          x6         y6  area6          x7         y7  area7
range  301.365639  8.873682  133.0  276.326321  12.533752   57.0  116.649397  6.91454   20.0  311.289524  21.784649   47.0  268.55083  25.470619  163.0  118.384205  11.769489   35.0  301.250319  35.381809   80.0
FAILURE!!!! Some beads might have been misidentified
               x1        y1  area1          x2         y2  area2          x3        y3  area3          x4         y4  area4          x5         y5  area5          x6        y6  area6          x7         y7  area7
range  301.373441  8.845115  124.0  276.407547  12.559557   67.0  116.723542  6.959059   27.0  311.202933  21.834241   38.0  268.642812  25.577014  157.0  118.419148  11.79596   42.0  301.185309  35.481406   83.0
FAILURE!!!! Some beads might have been misidentified
               x1        y1  area1          x2         y2  area2          x3       y3  area3          x4         y4  area4          x5         y5  area5          x6         y6  area6          x7         y7  area7
range  301.314181  8.960533  133.0  276.334686  12.566648   65.0  116.660988  6.82929   24.0  311.168213  21.731938   40.0  268.527427  25.499921  160.0  118.337113  11.920812   38.0  301.247969  35.391643   80.0
FAILURE!!!! Some beads might have been misidentified
               x1        y1  area1          x2         y2  area2          x3        y3  area3          x4         y4  area4          x5         y5  area5          x6         y6  area6          x7        y7  area7
range  301.323234  8.906901  125.0  276.348449  12.579024   66.0  116.711354  6.936185   22.0  311.246346  21.750612   38.0  268.621257  25.563912  158.0  118.379531  11.834378   38.0  301.228033  35.48162   85.0
FAILURE!!!! Some beads might have been misidentified
               x1        y1  area1          x2         y2  area2          x3        y3  area3          x4         y4  area4         x5         y5  area5         x6         y6  area6          x7         y7  area7
range  301.323234  8.919915  126.0  276.348449  12.579024   66.0  116.707001  6.952328   21.0  311.246346  21.750612   38.0  268.59824  25.559617  156.0  118.36692  11.924584   42.0  301.310555  35.461956   83.0
FAILURE!!!! Some beads might have been misidentified
              x1        y1  area1          x2         y2  area2          x3        y3  area3          x4         y4  area4          x5         y5  area5          x6         y6  area6          x7         y7  area7
range  301.33107  8.897283  124.0  276.323442  12.573694   65.0  116.711354  6.952328   21.0  311.243715  21.756587   38.0  268.577114  25.537182  159.0  118.379986  11.889326   37.0  301.270673  35.475941   84.0
FAILURE!!!! Some beads might have been misidentified
               x1        y1  area1          x2         y2  area2          x3        y3  area3          x4         y4  area4          x5         y5  area5          x6         y6  area6          x7         y7  area7
range  301.323234  8.959487  128.0  276.374439  12.570125   66.0  116.689024  6.936185   22.0  311.230802  21.736074   39.0  268.596201  25.546414  163.0  118.390547  11.881586   42.0  301.261382  35.461956   83.0
FAILURE!!!! Some beads might have been misidentified
               x1        y1  area1          x2         y2  area2          x3        y3  area3          x4         y4  area4         x5        y5  area5          x6         y6  area6          x7        y7  area7
range  301.341752  8.921846  127.0  276.013065  12.589355   62.0  116.355342  6.937187   29.0  311.253683  21.747242   39.0  268.74537  25.59271  159.0  118.506985  11.851545   41.0  301.335329  35.44186   80.0
FAILURE!!!! Some beads might have been misidentified
               x1        y1  area1          x2         y2  area2          x3        y3  area3          x4         y4  area4         x5         y5  area5          x6         y6  area6          x7         y7  area7
range  301.338938  8.874908  124.0  276.496124  12.552677   63.0  116.822423  6.909232   24.0  311.315646  21.774189   51.0  268.31577  25.526036  166.0  118.221366  11.847457   40.0  301.282162  35.418422   76.0
FAILURE!!!! Some beads might have been misidentified
               x1        y1  area1          x2         y2  area2          x3        y3  area3          x4         y4  area4          x5         y5  area5          x6         y6  area6          x7         y7  area7
range  301.394827  8.863482  132.0  276.423367  12.544803   60.0  116.596935  6.939114   23.0  310.994561  21.773848   53.0  268.441518  25.543683  157.0  118.444708  11.843256   37.0  301.520415  35.404804   87.0
FAILURE!!!! Some beads might have been misidentified
              x1        y1  area1          x2         y2  area2          x3        y3  area3          x4         y4  area4          x5         y5  area5          x6         y6  area6          x7         y7  area7
range  301.27947  8.908975  126.0  276.253564  12.570574   68.0  116.800216  6.904618   24.0  311.528558  21.769673   45.0  268.693117  25.559255  158.0  118.185897  11.893342   38.0  301.122603  35.494314   84.0
FAILURE!!!! Some beads might have been misidentified
Residual vector length: 105, Jacobian shape: (105, 6)
view   0 | SOD= 556.949 mm | SDD= 802.742 mm | M= 1.441 | incident=4.7367°
[[ 238.8428     -501.11908     -45.010715  ]
 [-110.63022     218.62921      19.989285  ]
 [   0.13561907    0.06314765    0.        ]
 [   0.            0.            0.1496    ]]
               x1        y1  area1          x2         y2  area2          x3        y3  area3          x4         y4  area4          x5         y5  area5          x6         y6  area6          x7         y7  area7
range  301.323234  8.919915  126.0  276.348449  12.579024   66.0  116.707001  6.952328   21.0  311.246346  21.750612   38.0  268.619261  25.565315  160.0  118.349399  11.881586   41.0  301.268849  35.488616   85.0
FAILURE!!!! Some beads might have been misidentified

iter 42 cost=0.544838 -> 0.551670 |dtheta|=3.987427e-04  lambda=1.695e+04

============================================================
Iteration 43
============================================================
Theta offsets (Unity frame):
  Source   : dSx=   0.000, dSy=   0.000, dSz=   0.000  (mm)
  Object   : dOx= -17.999, dOy=  -8.011, dOz= -24.901  (mm)
  Object offset: offset_x=   0.005, offset_z=   0.006  (mm)
  Detector : dDx=   0.000, dDy=   0.000, dDz=   0.000  (mm)
  Obj Stage rotY :   24.968 deg
============================================================

Unity geometry (world coordinates):
  Source   : x=   5.000, y=  60.000, z=   0.000
  Object   : x=   0.001, y=  14.989, z= 555.099
  Detector : x=  -8.000, y=  -5.000, z= 800.000
  Obj rotY :   0.0000 deg
view   0 | SOD= 556.949 mm | SDD= 802.742 mm | M= 1.441 | incident=4.7367°
[[ 238.84323    -501.11942     -45.01058   ]
 [-110.62977     218.62889      19.989422  ]
 [   0.13561909    0.06314764    0.        ]
 [   0.            0.            0.1496    ]]
               x1        y1  area1          x2         y2  area2          x3        y3  area3          x4         y4  area4          x5         y5  area5          x6         y6  area6          x7         y7  area7
range  301.323234  8.919915  126.0  276.348449  12.579024   66.0  116.711354  6.936185   22.0  311.246346  21.750612   38.0  268.619261  25.563912  158.0  118.377177  11.881586   41.0  301.294802  35.480861   84.0
FAILURE!!!! Some beads might have been misidentified
               x1        y1  area1          x2         y2  area2          x3        y3  area3          x4         y4  area4          x5         y5  area5         x6         y6  area6          x7         y7  area7
range  301.312605  8.874858  133.0  276.182142  12.559392   57.0  116.529863  6.947921   28.0  311.286581  21.747877   59.0  268.433673  25.556317  152.0  118.23082  11.868651   28.0  301.384975  35.488374   86.0
FAILURE!!!! Some beads might have been misidentified
               x1        y1  area1          x2         y2  area2          x3       y3  area3          x4         y4  area4         x5         y5  area5          x6         y6  area6          x7         y7  area7
range  301.365639  8.873682  133.0  276.326321  12.533752   57.0  116.649397  6.91454   20.0  311.289524  21.784649   47.0  268.55083  25.470619  163.0  118.384205  11.769489   35.0  301.250319  35.381809   80.0
FAILURE!!!! Some beads might have been misidentified
               x1        y1  area1          x2         y2  area2          x3        y3  area3          x4         y4  area4          x5         y5  area5          x6        y6  area6          x7         y7  area7
range  301.373441  8.845115  124.0  276.407547  12.559557   67.0  116.723542  6.959059   27.0  311.202933  21.834241   38.0  268.642812  25.577014  157.0  118.419148  11.79596   42.0  301.185309  35.481406   83.0
FAILURE!!!! Some beads might have been misidentified
               x1        y1  area1          x2         y2  area2          x3       y3  area3          x4         y4  area4          x5         y5  area5          x6         y6  area6          x7         y7  area7
range  301.314181  8.960533  133.0  276.334686  12.566648   65.0  116.660988  6.82929   24.0  311.168213  21.731938   40.0  268.527427  25.499921  160.0  118.337113  11.920812   38.0  301.247969  35.391643   80.0
FAILURE!!!! Some beads might have been misidentified
               x1        y1  area1          x2         y2  area2          x3        y3  area3          x4         y4  area4          x5         y5  area5          x6         y6  area6          x7        y7  area7
range  301.323234  8.906901  125.0  276.348449  12.579024   66.0  116.711354  6.936185   22.0  311.246346  21.750612   38.0  268.621257  25.563912  158.0  118.379531  11.834378   38.0  301.228033  35.48162   85.0
FAILURE!!!! Some beads might have been misidentified
               x1        y1  area1          x2         y2  area2          x3        y3  area3          x4         y4  area4         x5         y5  area5         x6         y6  area6          x7         y7  area7
range  301.323234  8.919915  126.0  276.348449  12.579024   66.0  116.707001  6.952328   21.0  311.246346  21.750612   38.0  268.59824  25.559617  156.0  118.36692  11.924584   42.0  301.310555  35.461956   83.0
FAILURE!!!! Some beads might have been misidentified
              x1        y1  area1          x2         y2  area2          x3        y3  area3          x4         y4  area4          x5         y5  area5          x6         y6  area6          x7         y7  area7
range  301.33107  8.897283  124.0  276.323442  12.573694   65.0  116.711354  6.952328   21.0  311.243715  21.756587   38.0  268.577114  25.537182  159.0  118.379986  11.889326   37.0  301.270673  35.475941   84.0
FAILURE!!!! Some beads might have been misidentified
               x1        y1  area1          x2         y2  area2          x3        y3  area3          x4         y4  area4          x5         y5  area5          x6         y6  area6          x7         y7  area7
range  301.323234  8.959487  128.0  276.374439  12.570125   66.0  116.689024  6.936185   22.0  311.230802  21.736074   39.0  268.596201  25.546414  163.0  118.390547  11.881586   42.0  301.261382  35.461956   83.0
FAILURE!!!! Some beads might have been misidentified
               x1        y1  area1          x2         y2  area2          x3        y3  area3          x4         y4  area4         x5        y5  area5          x6         y6  area6          x7        y7  area7
range  301.341752  8.921846  127.0  276.013065  12.589355   62.0  116.355342  6.937187   29.0  311.253683  21.747242   39.0  268.74537  25.59271  159.0  118.506985  11.851545   41.0  301.335329  35.44186   80.0
FAILURE!!!! Some beads might have been misidentified
               x1        y1  area1          x2         y2  area2          x3        y3  area3          x4         y4  area4         x5         y5  area5          x6         y6  area6          x7         y7  area7
range  301.338938  8.874908  124.0  276.496124  12.552677   63.0  116.822423  6.909232   24.0  311.315646  21.774189   51.0  268.31577  25.526036  166.0  118.221366  11.847457   40.0  301.282162  35.418422   76.0
FAILURE!!!! Some beads might have been misidentified
               x1        y1  area1          x2         y2  area2          x3        y3  area3          x4         y4  area4          x5         y5  area5          x6         y6  area6          x7         y7  area7
range  301.394827  8.863482  132.0  276.423367  12.544803   60.0  116.596935  6.939114   23.0  310.994561  21.773848   53.0  268.441518  25.543683  157.0  118.444708  11.843256   37.0  301.520415  35.404804   87.0
FAILURE!!!! Some beads might have been misidentified
              x1        y1  area1          x2         y2  area2          x3        y3  area3          x4         y4  area4          x5         y5  area5          x6         y6  area6          x7         y7  area7
range  301.27947  8.908975  126.0  276.253564  12.570574   68.0  116.800216  6.904618   24.0  311.528558  21.769673   45.0  268.693117  25.559255  158.0  118.185897  11.893342   38.0  301.122603  35.494314   84.0
FAILURE!!!! Some beads might have been misidentified
Residual vector length: 105, Jacobian shape: (105, 6)
view   0 | SOD= 556.949 mm | SDD= 802.742 mm | M= 1.441 | incident=4.7367°
[[ 238.84315    -501.1194      -45.010612  ]
 [-110.629845    218.62892      19.98939   ]
 [   0.13561909    0.06314764    0.        ]
 [   0.            0.            0.1496    ]]
               x1        y1  area1          x2         y2  area2          x3        y3  area3          x4         y4  area4          x5         y5  area5          x6         y6  area6          x7         y7  area7
range  301.323234  8.919915  126.0  276.348449  12.579024   66.0  116.711354  6.936185   22.0  311.246346  21.750612   38.0  268.619261  25.563912  158.0  118.377177  11.881586   41.0  301.268849  35.488616   85.0
FAILURE!!!! Some beads might have been misidentified

iter 43 cost=0.544838 -> 0.557535 |dtheta|=8.685306e-05  lambda=8.477e+04

============================================================
Iteration 44
============================================================
Theta offsets (Unity frame):
  Source   : dSx=   0.000, dSy=   0.000, dSz=   0.000  (mm)
  Object   : dOx= -17.999, dOy=  -8.011, dOz= -24.901  (mm)
  Object offset: offset_x=   0.005, offset_z=   0.006  (mm)
  Detector : dDx=   0.000, dDy=   0.000, dDz=   0.000  (mm)
  Obj Stage rotY :   24.968 deg
============================================================

Unity geometry (world coordinates):
  Source   : x=   5.000, y=  60.000, z=   0.000
  Object   : x=   0.001, y=  14.989, z= 555.099
  Detector : x=  -8.000, y=  -5.000, z= 800.000
  Obj rotY :   0.0000 deg
view   0 | SOD= 556.949 mm | SDD= 802.742 mm | M= 1.441 | incident=4.7367°
[[ 238.84323    -501.11942     -45.01058   ]
 [-110.62977     218.62889      19.989422  ]
 [   0.13561909    0.06314764    0.        ]
 [   0.            0.            0.1496    ]]
               x1        y1  area1          x2         y2  area2          x3        y3  area3          x4         y4  area4          x5         y5  area5          x6         y6  area6          x7         y7  area7
range  301.323234  8.919915  126.0  276.348449  12.579024   66.0  116.711354  6.936185   22.0  311.246346  21.750612   38.0  268.619261  25.563912  158.0  118.377177  11.881586   41.0  301.294802  35.480861   84.0
FAILURE!!!! Some beads might have been misidentified
               x1        y1  area1          x2         y2  area2          x3        y3  area3          x4         y4  area4          x5         y5  area5         x6         y6  area6          x7         y7  area7
range  301.312605  8.874858  133.0  276.182142  12.559392   57.0  116.529863  6.947921   28.0  311.286581  21.747877   59.0  268.433673  25.556317  152.0  118.23082  11.868651   28.0  301.384975  35.488374   86.0
FAILURE!!!! Some beads might have been misidentified
               x1        y1  area1          x2         y2  area2          x3       y3  area3          x4         y4  area4         x5         y5  area5          x6         y6  area6          x7         y7  area7
range  301.365639  8.873682  133.0  276.326321  12.533752   57.0  116.649397  6.91454   20.0  311.289524  21.784649   47.0  268.55083  25.470619  163.0  118.384205  11.769489   35.0  301.250319  35.381809   80.0
FAILURE!!!! Some beads might have been misidentified
               x1        y1  area1          x2         y2  area2          x3        y3  area3          x4         y4  area4          x5         y5  area5          x6        y6  area6          x7         y7  area7
range  301.373441  8.845115  124.0  276.407547  12.559557   67.0  116.723542  6.959059   27.0  311.202933  21.834241   38.0  268.642812  25.577014  157.0  118.419148  11.79596   42.0  301.185309  35.481406   83.0
FAILURE!!!! Some beads might have been misidentified
               x1        y1  area1          x2         y2  area2          x3       y3  area3          x4         y4  area4          x5         y5  area5          x6         y6  area6          x7         y7  area7
range  301.314181  8.960533  133.0  276.334686  12.566648   65.0  116.660988  6.82929   24.0  311.168213  21.731938   40.0  268.527427  25.499921  160.0  118.337113  11.920812   38.0  301.247969  35.391643   80.0
FAILURE!!!! Some beads might have been misidentified
               x1        y1  area1          x2         y2  area2          x3        y3  area3          x4         y4  area4          x5         y5  area5          x6         y6  area6          x7        y7  area7
range  301.323234  8.906901  125.0  276.348449  12.579024   66.0  116.711354  6.936185   22.0  311.246346  21.750612   38.0  268.621257  25.563912  158.0  118.379531  11.834378   38.0  301.228033  35.48162   85.0
FAILURE!!!! Some beads might have been misidentified
               x1        y1  area1          x2         y2  area2          x3        y3  area3          x4         y4  area4         x5         y5  area5         x6         y6  area6          x7         y7  area7
range  301.323234  8.919915  126.0  276.348449  12.579024   66.0  116.707001  6.952328   21.0  311.246346  21.750612   38.0  268.59824  25.559617  156.0  118.36692  11.924584   42.0  301.310555  35.461956   83.0
FAILURE!!!! Some beads might have been misidentified
              x1        y1  area1          x2         y2  area2          x3        y3  area3          x4         y4  area4          x5         y5  area5          x6         y6  area6          x7         y7  area7
range  301.33107  8.897283  124.0  276.323442  12.573694   65.0  116.711354  6.952328   21.0  311.243715  21.756587   38.0  268.577114  25.537182  159.0  118.379986  11.889326   37.0  301.270673  35.475941   84.0
FAILURE!!!! Some beads might have been misidentified
               x1        y1  area1          x2         y2  area2          x3        y3  area3          x4         y4  area4          x5         y5  area5          x6         y6  area6          x7         y7  area7
range  301.323234  8.959487  128.0  276.374439  12.570125   66.0  116.689024  6.936185   22.0  311.230802  21.736074   39.0  268.596201  25.546414  163.0  118.390547  11.881586   42.0  301.261382  35.461956   83.0
FAILURE!!!! Some beads might have been misidentified
               x1        y1  area1          x2         y2  area2          x3        y3  area3          x4         y4  area4         x5        y5  area5          x6         y6  area6          x7        y7  area7
range  301.341752  8.921846  127.0  276.013065  12.589355   62.0  116.355342  6.937187   29.0  311.253683  21.747242   39.0  268.74537  25.59271  159.0  118.506985  11.851545   41.0  301.335329  35.44186   80.0
FAILURE!!!! Some beads might have been misidentified
               x1        y1  area1          x2         y2  area2          x3        y3  area3          x4         y4  area4         x5         y5  area5          x6         y6  area6          x7         y7  area7
range  301.338938  8.874908  124.0  276.496124  12.552677   63.0  116.822423  6.909232   24.0  311.315646  21.774189   51.0  268.31577  25.526036  166.0  118.221366  11.847457   40.0  301.282162  35.418422   76.0
FAILURE!!!! Some beads might have been misidentified
               x1        y1  area1          x2         y2  area2          x3        y3  area3          x4         y4  area4          x5         y5  area5          x6         y6  area6          x7         y7  area7
range  301.394827  8.863482  132.0  276.423367  12.544803   60.0  116.596935  6.939114   23.0  310.994561  21.773848   53.0  268.441518  25.543683  157.0  118.444708  11.843256   37.0  301.520415  35.404804   87.0
FAILURE!!!! Some beads might have been misidentified
              x1        y1  area1          x2         y2  area2          x3        y3  area3          x4         y4  area4          x5         y5  area5          x6         y6  area6          x7         y7  area7
range  301.27947  8.908975  126.0  276.253564  12.570574   68.0  116.800216  6.904618   24.0  311.528558  21.769673   45.0  268.693117  25.559255  158.0  118.185897  11.893342   38.0  301.122603  35.494314   84.0
FAILURE!!!! Some beads might have been misidentified
Residual vector length: 105, Jacobian shape: (105, 6)
view   0 | SOD= 556.949 mm | SDD= 802.742 mm | M= 1.441 | incident=4.7367°
[[ 238.84319    -501.11935     -45.010586  ]
 [-110.6298      218.62894      19.989414  ]
 [   0.13561909    0.06314764    0.        ]
 [   0.            0.            0.1496    ]]
               x1        y1  area1          x2         y2  area2          x3        y3  area3          x4         y4  area4          x5         y5  area5          x6         y6  area6          x7         y7  area7
range  301.323234  8.919915  126.0  276.348449  12.579024   66.0  116.711354  6.936185   22.0  311.246346  21.750612   38.0  268.619261  25.563912  158.0  118.377177  11.881586   41.0  301.294802  35.480861   84.0
FAILURE!!!! Some beads might have been misidentified

iter 44 cost=0.544838 -> 0.544838 |dtheta|=1.771381e-05  lambda=4.239e+05

============================================================
Iteration 45
============================================================
Theta offsets (Unity frame):
  Source   : dSx=   0.000, dSy=   0.000, dSz=   0.000  (mm)
  Object   : dOx= -17.999, dOy=  -8.011, dOz= -24.901  (mm)
  Object offset: offset_x=   0.005, offset_z=   0.006  (mm)
  Detector : dDx=   0.000, dDy=   0.000, dDz=   0.000  (mm)
  Obj Stage rotY :   24.968 deg
============================================================

Unity geometry (world coordinates):
  Source   : x=   5.000, y=  60.000, z=   0.000
  Object   : x=   0.001, y=  14.989, z= 555.099
  Detector : x=  -8.000, y=  -5.000, z= 800.000
  Obj rotY :   0.0000 deg
view   0 | SOD= 556.949 mm | SDD= 802.742 mm | M= 1.441 | incident=4.7367°
[[ 238.84323    -501.11942     -45.01058   ]
 [-110.62977     218.62889      19.989422  ]
 [   0.13561909    0.06314764    0.        ]
 [   0.            0.            0.1496    ]]
               x1        y1  area1          x2         y2  area2          x3        y3  area3          x4         y4  area4          x5         y5  area5          x6         y6  area6          x7         y7  area7
range  301.323234  8.919915  126.0  276.348449  12.579024   66.0  116.711354  6.936185   22.0  311.246346  21.750612   38.0  268.619261  25.563912  158.0  118.377177  11.881586   41.0  301.294802  35.480861   84.0
FAILURE!!!! Some beads might have been misidentified
               x1        y1  area1          x2         y2  area2          x3        y3  area3          x4         y4  area4          x5         y5  area5         x6         y6  area6          x7         y7  area7
range  301.312605  8.874858  133.0  276.182142  12.559392   57.0  116.529863  6.947921   28.0  311.286581  21.747877   59.0  268.433673  25.556317  152.0  118.23082  11.868651   28.0  301.384975  35.488374   86.0
FAILURE!!!! Some beads might have been misidentified
               x1        y1  area1          x2         y2  area2          x3       y3  area3          x4         y4  area4         x5         y5  area5          x6         y6  area6          x7         y7  area7
range  301.365639  8.873682  133.0  276.326321  12.533752   57.0  116.649397  6.91454   20.0  311.289524  21.784649   47.0  268.55083  25.470619  163.0  118.384205  11.769489   35.0  301.250319  35.381809   80.0
FAILURE!!!! Some beads might have been misidentified
               x1        y1  area1          x2         y2  area2          x3        y3  area3          x4         y4  area4          x5         y5  area5          x6        y6  area6          x7         y7  area7
range  301.373441  8.845115  124.0  276.407547  12.559557   67.0  116.723542  6.959059   27.0  311.202933  21.834241   38.0  268.642812  25.577014  157.0  118.419148  11.79596   42.0  301.185309  35.481406   83.0
FAILURE!!!! Some beads might have been misidentified
               x1        y1  area1          x2         y2  area2          x3       y3  area3          x4         y4  area4          x5         y5  area5          x6         y6  area6          x7         y7  area7
range  301.314181  8.960533  133.0  276.334686  12.566648   65.0  116.660988  6.82929   24.0  311.168213  21.731938   40.0  268.527427  25.499921  160.0  118.337113  11.920812   38.0  301.247969  35.391643   80.0
FAILURE!!!! Some beads might have been misidentified
               x1        y1  area1          x2         y2  area2          x3        y3  area3          x4         y4  area4          x5         y5  area5          x6         y6  area6          x7        y7  area7
range  301.323234  8.906901  125.0  276.348449  12.579024   66.0  116.711354  6.936185   22.0  311.246346  21.750612   38.0  268.621257  25.563912  158.0  118.379531  11.834378   38.0  301.228033  35.48162   85.0
FAILURE!!!! Some beads might have been misidentified
               x1        y1  area1          x2         y2  area2          x3        y3  area3          x4         y4  area4         x5         y5  area5         x6         y6  area6          x7         y7  area7
range  301.323234  8.919915  126.0  276.348449  12.579024   66.0  116.707001  6.952328   21.0  311.246346  21.750612   38.0  268.59824  25.559617  156.0  118.36692  11.924584   42.0  301.310555  35.461956   83.0
FAILURE!!!! Some beads might have been misidentified
              x1        y1  area1          x2         y2  area2          x3        y3  area3          x4         y4  area4          x5         y5  area5          x6         y6  area6          x7         y7  area7
range  301.33107  8.897283  124.0  276.323442  12.573694   65.0  116.711354  6.952328   21.0  311.243715  21.756587   38.0  268.577114  25.537182  159.0  118.379986  11.889326   37.0  301.270673  35.475941   84.0
FAILURE!!!! Some beads might have been misidentified
               x1        y1  area1          x2         y2  area2          x3        y3  area3          x4         y4  area4          x5         y5  area5          x6         y6  area6          x7         y7  area7
range  301.323234  8.959487  128.0  276.374439  12.570125   66.0  116.689024  6.936185   22.0  311.230802  21.736074   39.0  268.596201  25.546414  163.0  118.390547  11.881586   42.0  301.261382  35.461956   83.0
FAILURE!!!! Some beads might have been misidentified
               x1        y1  area1          x2         y2  area2          x3        y3  area3          x4         y4  area4         x5        y5  area5          x6         y6  area6          x7        y7  area7
range  301.341752  8.921846  127.0  276.013065  12.589355   62.0  116.355342  6.937187   29.0  311.253683  21.747242   39.0  268.74537  25.59271  159.0  118.506985  11.851545   41.0  301.335329  35.44186   80.0
FAILURE!!!! Some beads might have been misidentified
               x1        y1  area1          x2         y2  area2          x3        y3  area3          x4         y4  area4         x5         y5  area5          x6         y6  area6          x7         y7  area7
range  301.338938  8.874908  124.0  276.496124  12.552677   63.0  116.822423  6.909232   24.0  311.315646  21.774189   51.0  268.31577  25.526036  166.0  118.221366  11.847457   40.0  301.282162  35.418422   76.0
FAILURE!!!! Some beads might have been misidentified
               x1        y1  area1          x2         y2  area2          x3        y3  area3          x4         y4  area4          x5         y5  area5          x6         y6  area6          x7         y7  area7
range  301.394827  8.863482  132.0  276.423367  12.544803   60.0  116.596935  6.939114   23.0  310.994561  21.773848   53.0  268.441518  25.543683  157.0  118.444708  11.843256   37.0  301.520415  35.404804   87.0
FAILURE!!!! Some beads might have been misidentified
              x1        y1  area1          x2         y2  area2          x3        y3  area3          x4         y4  area4          x5         y5  area5          x6         y6  area6          x7         y7  area7
range  301.27947  8.908975  126.0  276.253564  12.570574   68.0  116.800216  6.904618   24.0  311.528558  21.769673   45.0  268.693117  25.559255  158.0  118.185897  11.893342   38.0  301.122603  35.494314   84.0
FAILURE!!!! Some beads might have been misidentified
Residual vector length: 105, Jacobian shape: (105, 6)
view   0 | SOD= 556.949 mm | SDD= 802.742 mm | M= 1.441 | incident=4.7367°
[[ 238.84323    -501.11942     -45.010582  ]
 [-110.62977     218.62889      19.989418  ]
 [   0.13561909    0.06314764    0.        ]
 [   0.            0.            0.1496    ]]
               x1        y1  area1          x2         y2  area2          x3        y3  area3          x4         y4  area4          x5         y5  area5          x6         y6  area6          x7         y7  area7
range  301.323234  8.919915  126.0  276.348449  12.579024   66.0  116.711354  6.936185   22.0  311.246346  21.750612   38.0  268.619261  25.563912  158.0  118.377177  11.881586   41.0  301.294802  35.480861   84.0
FAILURE!!!! Some beads might have been misidentified

iter 45 cost=0.544838 -> 0.544838 |dtheta|=7.529906e-06  lambda=1.000e+06

============================================================
Iteration 46
============================================================
Theta offsets (Unity frame):
  Source   : dSx=   0.000, dSy=   0.000, dSz=   0.000  (mm)
  Object   : dOx= -17.999, dOy=  -8.011, dOz= -24.901  (mm)
  Object offset: offset_x=   0.005, offset_z=   0.006  (mm)
  Detector : dDx=   0.000, dDy=   0.000, dDz=   0.000  (mm)
  Obj Stage rotY :   24.968 deg
============================================================

Unity geometry (world coordinates):
  Source   : x=   5.000, y=  60.000, z=   0.000
  Object   : x=   0.001, y=  14.989, z= 555.099
  Detector : x=  -8.000, y=  -5.000, z= 800.000
  Obj rotY :   0.0000 deg
view   0 | SOD= 556.949 mm | SDD= 802.742 mm | M= 1.441 | incident=4.7367°
[[ 238.84323    -501.11942     -45.01058   ]
 [-110.62977     218.62889      19.989422  ]
 [   0.13561909    0.06314764    0.        ]
 [   0.            0.            0.1496    ]]
               x1        y1  area1          x2         y2  area2          x3        y3  area3          x4         y4  area4          x5         y5  area5          x6         y6  area6          x7         y7  area7
range  301.323234  8.919915  126.0  276.348449  12.579024   66.0  116.711354  6.936185   22.0  311.246346  21.750612   38.0  268.619261  25.563912  158.0  118.377177  11.881586   41.0  301.294802  35.480861   84.0
FAILURE!!!! Some beads might have been misidentified
               x1        y1  area1          x2         y2  area2          x3        y3  area3          x4         y4  area4          x5         y5  area5         x6         y6  area6          x7         y7  area7
range  301.312605  8.874858  133.0  276.182142  12.559392   57.0  116.529863  6.947921   28.0  311.286581  21.747877   59.0  268.433673  25.556317  152.0  118.23082  11.868651   28.0  301.384975  35.488374   86.0
FAILURE!!!! Some beads might have been misidentified
               x1        y1  area1          x2         y2  area2          x3       y3  area3          x4         y4  area4         x5         y5  area5          x6         y6  area6          x7         y7  area7
range  301.365639  8.873682  133.0  276.326321  12.533752   57.0  116.649397  6.91454   20.0  311.289524  21.784649   47.0  268.55083  25.470619  163.0  118.384205  11.769489   35.0  301.250319  35.381809   80.0
FAILURE!!!! Some beads might have been misidentified
               x1        y1  area1          x2         y2  area2          x3        y3  area3          x4         y4  area4          x5         y5  area5          x6        y6  area6          x7         y7  area7
range  301.373441  8.845115  124.0  276.407547  12.559557   67.0  116.723542  6.959059   27.0  311.202933  21.834241   38.0  268.642812  25.577014  157.0  118.419148  11.79596   42.0  301.185309  35.481406   83.0
FAILURE!!!! Some beads might have been misidentified
               x1        y1  area1          x2         y2  area2          x3       y3  area3          x4         y4  area4          x5         y5  area5          x6         y6  area6          x7         y7  area7
range  301.314181  8.960533  133.0  276.334686  12.566648   65.0  116.660988  6.82929   24.0  311.168213  21.731938   40.0  268.527427  25.499921  160.0  118.337113  11.920812   38.0  301.247969  35.391643   80.0
FAILURE!!!! Some beads might have been misidentified
               x1        y1  area1          x2         y2  area2          x3        y3  area3          x4         y4  area4          x5         y5  area5          x6         y6  area6          x7        y7  area7
range  301.323234  8.906901  125.0  276.348449  12.579024   66.0  116.711354  6.936185   22.0  311.246346  21.750612   38.0  268.621257  25.563912  158.0  118.379531  11.834378   38.0  301.228033  35.48162   85.0
FAILURE!!!! Some beads might have been misidentified
               x1        y1  area1          x2         y2  area2          x3        y3  area3          x4         y4  area4         x5         y5  area5         x6         y6  area6          x7         y7  area7
range  301.323234  8.919915  126.0  276.348449  12.579024   66.0  116.707001  6.952328   21.0  311.246346  21.750612   38.0  268.59824  25.559617  156.0  118.36692  11.924584   42.0  301.310555  35.461956   83.0
FAILURE!!!! Some beads might have been misidentified
              x1        y1  area1          x2         y2  area2          x3        y3  area3          x4         y4  area4          x5         y5  area5          x6         y6  area6          x7         y7  area7
range  301.33107  8.897283  124.0  276.323442  12.573694   65.0  116.711354  6.952328   21.0  311.243715  21.756587   38.0  268.577114  25.537182  159.0  118.379986  11.889326   37.0  301.270673  35.475941   84.0
FAILURE!!!! Some beads might have been misidentified
               x1        y1  area1          x2         y2  area2          x3        y3  area3          x4         y4  area4          x5         y5  area5          x6         y6  area6          x7         y7  area7
range  301.323234  8.959487  128.0  276.374439  12.570125   66.0  116.689024  6.936185   22.0  311.230802  21.736074   39.0  268.596201  25.546414  163.0  118.390547  11.881586   42.0  301.261382  35.461956   83.0
FAILURE!!!! Some beads might have been misidentified
               x1        y1  area1          x2         y2  area2          x3        y3  area3          x4         y4  area4         x5        y5  area5          x6         y6  area6          x7        y7  area7
range  301.341752  8.921846  127.0  276.013065  12.589355   62.0  116.355342  6.937187   29.0  311.253683  21.747242   39.0  268.74537  25.59271  159.0  118.506985  11.851545   41.0  301.335329  35.44186   80.0
FAILURE!!!! Some beads might have been misidentified
               x1        y1  area1          x2         y2  area2          x3        y3  area3          x4         y4  area4         x5         y5  area5          x6         y6  area6          x7         y7  area7
range  301.338938  8.874908  124.0  276.496124  12.552677   63.0  116.822423  6.909232   24.0  311.315646  21.774189   51.0  268.31577  25.526036  166.0  118.221366  11.847457   40.0  301.282162  35.418422   76.0
FAILURE!!!! Some beads might have been misidentified
               x1        y1  area1          x2         y2  area2          x3        y3  area3          x4         y4  area4          x5         y5  area5          x6         y6  area6          x7         y7  area7
range  301.394827  8.863482  132.0  276.423367  12.544803   60.0  116.596935  6.939114   23.0  310.994561  21.773848   53.0  268.441518  25.543683  157.0  118.444708  11.843256   37.0  301.520415  35.404804   87.0
FAILURE!!!! Some beads might have been misidentified
              x1        y1  area1          x2         y2  area2          x3        y3  area3          x4         y4  area4          x5         y5  area5          x6         y6  area6          x7         y7  area7
range  301.27947  8.908975  126.0  276.253564  12.570574   68.0  116.800216  6.904618   24.0  311.528558  21.769673   45.0  268.693117  25.559255  158.0  118.185897  11.893342   38.0  301.122603  35.494314   84.0
FAILURE!!!! Some beads might have been misidentified
Residual vector length: 105, Jacobian shape: (105, 6)
view   0 | SOD= 556.949 mm | SDD= 802.742 mm | M= 1.441 | incident=4.7367°
[[ 238.84323    -501.11942     -45.010582  ]
 [-110.62977     218.62889      19.989418  ]
 [   0.13561909    0.06314764    0.        ]
 [   0.            0.            0.1496    ]]
               x1        y1  area1          x2         y2  area2          x3        y3  area3          x4         y4  area4          x5         y5  area5          x6         y6  area6          x7         y7  area7
range  301.323234  8.919915  126.0  276.348449  12.579024   66.0  116.711354  6.936185   22.0  311.246346  21.750612   38.0  268.619261  25.563912  158.0  118.377177  11.881586   41.0  301.294802  35.480861   84.0
FAILURE!!!! Some beads might have been misidentified

iter 46 cost=0.544838 -> 0.544838 |dtheta|=7.529906e-06  lambda=1.000e+06

============================================================
Iteration 47
============================================================
Theta offsets (Unity frame):
  Source   : dSx=   0.000, dSy=   0.000, dSz=   0.000  (mm)
  Object   : dOx= -17.999, dOy=  -8.011, dOz= -24.901  (mm)
  Object offset: offset_x=   0.005, offset_z=   0.006  (mm)
  Detector : dDx=   0.000, dDy=   0.000, dDz=   0.000  (mm)
  Obj Stage rotY :   24.968 deg
============================================================

Unity geometry (world coordinates):
  Source   : x=   5.000, y=  60.000, z=   0.000
  Object   : x=   0.001, y=  14.989, z= 555.099
  Detector : x=  -8.000, y=  -5.000, z= 800.000
  Obj rotY :   0.0000 deg
view   0 | SOD= 556.949 mm | SDD= 802.742 mm | M= 1.441 | incident=4.7367°
[[ 238.84323    -501.11942     -45.01058   ]
 [-110.62977     218.62889      19.989422  ]
 [   0.13561909    0.06314764    0.        ]
 [   0.            0.            0.1496    ]]
               x1        y1  area1          x2         y2  area2          x3        y3  area3          x4         y4  area4          x5         y5  area5          x6         y6  area6          x7         y7  area7
range  301.323234  8.919915  126.0  276.348449  12.579024   66.0  116.711354  6.936185   22.0  311.246346  21.750612   38.0  268.619261  25.563912  158.0  118.377177  11.881586   41.0  301.294802  35.480861   84.0
FAILURE!!!! Some beads might have been misidentified
               x1        y1  area1          x2         y2  area2          x3        y3  area3          x4         y4  area4          x5         y5  area5         x6         y6  area6          x7         y7  area7
range  301.312605  8.874858  133.0  276.182142  12.559392   57.0  116.529863  6.947921   28.0  311.286581  21.747877   59.0  268.433673  25.556317  152.0  118.23082  11.868651   28.0  301.384975  35.488374   86.0
FAILURE!!!! Some beads might have been misidentified
               x1        y1  area1          x2         y2  area2          x3       y3  area3          x4         y4  area4         x5         y5  area5          x6         y6  area6          x7         y7  area7
range  301.365639  8.873682  133.0  276.326321  12.533752   57.0  116.649397  6.91454   20.0  311.289524  21.784649   47.0  268.55083  25.470619  163.0  118.384205  11.769489   35.0  301.250319  35.381809   80.0
FAILURE!!!! Some beads might have been misidentified
               x1        y1  area1          x2         y2  area2          x3        y3  area3          x4         y4  area4          x5         y5  area5          x6        y6  area6          x7         y7  area7
range  301.373441  8.845115  124.0  276.407547  12.559557   67.0  116.723542  6.959059   27.0  311.202933  21.834241   38.0  268.642812  25.577014  157.0  118.419148  11.79596   42.0  301.185309  35.481406   83.0
FAILURE!!!! Some beads might have been misidentified
               x1        y1  area1          x2         y2  area2          x3       y3  area3          x4         y4  area4          x5         y5  area5          x6         y6  area6          x7         y7  area7
range  301.314181  8.960533  133.0  276.334686  12.566648   65.0  116.660988  6.82929   24.0  311.168213  21.731938   40.0  268.527427  25.499921  160.0  118.337113  11.920812   38.0  301.247969  35.391643   80.0
FAILURE!!!! Some beads might have been misidentified
               x1        y1  area1          x2         y2  area2          x3        y3  area3          x4         y4  area4          x5         y5  area5          x6         y6  area6          x7        y7  area7
range  301.323234  8.906901  125.0  276.348449  12.579024   66.0  116.711354  6.936185   22.0  311.246346  21.750612   38.0  268.621257  25.563912  158.0  118.379531  11.834378   38.0  301.228033  35.48162   85.0
FAILURE!!!! Some beads might have been misidentified
               x1        y1  area1          x2         y2  area2          x3        y3  area3          x4         y4  area4         x5         y5  area5         x6         y6  area6          x7         y7  area7
range  301.323234  8.919915  126.0  276.348449  12.579024   66.0  116.707001  6.952328   21.0  311.246346  21.750612   38.0  268.59824  25.559617  156.0  118.36692  11.924584   42.0  301.310555  35.461956   83.0
FAILURE!!!! Some beads might have been misidentified
              x1        y1  area1          x2         y2  area2          x3        y3  area3          x4         y4  area4          x5         y5  area5          x6         y6  area6          x7         y7  area7
range  301.33107  8.897283  124.0  276.323442  12.573694   65.0  116.711354  6.952328   21.0  311.243715  21.756587   38.0  268.577114  25.537182  159.0  118.379986  11.889326   37.0  301.270673  35.475941   84.0
FAILURE!!!! Some beads might have been misidentified
               x1        y1  area1          x2         y2  area2          x3        y3  area3          x4         y4  area4          x5         y5  area5          x6         y6  area6          x7         y7  area7
range  301.323234  8.959487  128.0  276.374439  12.570125   66.0  116.689024  6.936185   22.0  311.230802  21.736074   39.0  268.596201  25.546414  163.0  118.390547  11.881586   42.0  301.261382  35.461956   83.0
FAILURE!!!! Some beads might have been misidentified
               x1        y1  area1          x2         y2  area2          x3        y3  area3          x4         y4  area4         x5        y5  area5          x6         y6  area6          x7        y7  area7
range  301.341752  8.921846  127.0  276.013065  12.589355   62.0  116.355342  6.937187   29.0  311.253683  21.747242   39.0  268.74537  25.59271  159.0  118.506985  11.851545   41.0  301.335329  35.44186   80.0
FAILURE!!!! Some beads might have been misidentified
               x1        y1  area1          x2         y2  area2          x3        y3  area3          x4         y4  area4         x5         y5  area5          x6         y6  area6          x7         y7  area7
range  301.338938  8.874908  124.0  276.496124  12.552677   63.0  116.822423  6.909232   24.0  311.315646  21.774189   51.0  268.31577  25.526036  166.0  118.221366  11.847457   40.0  301.282162  35.418422   76.0
FAILURE!!!! Some beads might have been misidentified
               x1        y1  area1          x2         y2  area2          x3        y3  area3          x4         y4  area4          x5         y5  area5          x6         y6  area6          x7         y7  area7
range  301.394827  8.863482  132.0  276.423367  12.544803   60.0  116.596935  6.939114   23.0  310.994561  21.773848   53.0  268.441518  25.543683  157.0  118.444708  11.843256   37.0  301.520415  35.404804   87.0
FAILURE!!!! Some beads might have been misidentified
              x1        y1  area1          x2         y2  area2          x3        y3  area3          x4         y4  area4          x5         y5  area5          x6         y6  area6          x7         y7  area7
range  301.27947  8.908975  126.0  276.253564  12.570574   68.0  116.800216  6.904618   24.0  311.528558  21.769673   45.0  268.693117  25.559255  158.0  118.185897  11.893342   38.0  301.122603  35.494314   84.0
FAILURE!!!! Some beads might have been misidentified
Residual vector length: 105, Jacobian shape: (105, 6)
view   0 | SOD= 556.949 mm | SDD= 802.742 mm | M= 1.441 | incident=4.7367°
[[ 238.84323    -501.11942     -45.010582  ]
 [-110.62977     218.62889      19.989418  ]
 [   0.13561909    0.06314764    0.        ]
 [   0.            0.            0.1496    ]]
               x1        y1  area1          x2         y2  area2          x3        y3  area3          x4         y4  area4          x5         y5  area5          x6         y6  area6          x7         y7  area7
range  301.323234  8.919915  126.0  276.348449  12.579024   66.0  116.711354  6.936185   22.0  311.246346  21.750612   38.0  268.619261  25.563912  158.0  118.377177  11.881586   41.0  301.294802  35.480861   84.0
FAILURE!!!! Some beads might have been misidentified

iter 47 cost=0.544838 -> 0.544838 |dtheta|=7.529906e-06  lambda=1.000e+06

============================================================
Iteration 48
============================================================
Theta offsets (Unity frame):
  Source   : dSx=   0.000, dSy=   0.000, dSz=   0.000  (mm)
  Object   : dOx= -17.999, dOy=  -8.011, dOz= -24.901  (mm)
  Object offset: offset_x=   0.005, offset_z=   0.006  (mm)
  Detector : dDx=   0.000, dDy=   0.000, dDz=   0.000  (mm)
  Obj Stage rotY :   24.968 deg
============================================================

Unity geometry (world coordinates):
  Source   : x=   5.000, y=  60.000, z=   0.000
  Object   : x=   0.001, y=  14.989, z= 555.099
  Detector : x=  -8.000, y=  -5.000, z= 800.000
  Obj rotY :   0.0000 deg
view   0 | SOD= 556.949 mm | SDD= 802.742 mm | M= 1.441 | incident=4.7367°
[[ 238.84323    -501.11942     -45.01058   ]
 [-110.62977     218.62889      19.989422  ]
 [   0.13561909    0.06314764    0.        ]
 [   0.            0.            0.1496    ]]
               x1        y1  area1          x2         y2  area2          x3        y3  area3          x4         y4  area4          x5         y5  area5          x6         y6  area6          x7         y7  area7
range  301.323234  8.919915  126.0  276.348449  12.579024   66.0  116.711354  6.936185   22.0  311.246346  21.750612   38.0  268.619261  25.563912  158.0  118.377177  11.881586   41.0  301.294802  35.480861   84.0
FAILURE!!!! Some beads might have been misidentified
               x1        y1  area1          x2         y2  area2          x3        y3  area3          x4         y4  area4          x5         y5  area5         x6         y6  area6          x7         y7  area7
range  301.312605  8.874858  133.0  276.182142  12.559392   57.0  116.529863  6.947921   28.0  311.286581  21.747877   59.0  268.433673  25.556317  152.0  118.23082  11.868651   28.0  301.384975  35.488374   86.0
FAILURE!!!! Some beads might have been misidentified
               x1        y1  area1          x2         y2  area2          x3       y3  area3          x4         y4  area4         x5         y5  area5          x6         y6  area6          x7         y7  area7
range  301.365639  8.873682  133.0  276.326321  12.533752   57.0  116.649397  6.91454   20.0  311.289524  21.784649   47.0  268.55083  25.470619  163.0  118.384205  11.769489   35.0  301.250319  35.381809   80.0
FAILURE!!!! Some beads might have been misidentified
               x1        y1  area1          x2         y2  area2          x3        y3  area3          x4         y4  area4          x5         y5  area5          x6        y6  area6          x7         y7  area7
range  301.373441  8.845115  124.0  276.407547  12.559557   67.0  116.723542  6.959059   27.0  311.202933  21.834241   38.0  268.642812  25.577014  157.0  118.419148  11.79596   42.0  301.185309  35.481406   83.0
FAILURE!!!! Some beads might have been misidentified
               x1        y1  area1          x2         y2  area2          x3       y3  area3          x4         y4  area4          x5         y5  area5          x6         y6  area6          x7         y7  area7
range  301.314181  8.960533  133.0  276.334686  12.566648   65.0  116.660988  6.82929   24.0  311.168213  21.731938   40.0  268.527427  25.499921  160.0  118.337113  11.920812   38.0  301.247969  35.391643   80.0
FAILURE!!!! Some beads might have been misidentified
               x1        y1  area1          x2         y2  area2          x3        y3  area3          x4         y4  area4          x5         y5  area5          x6         y6  area6          x7        y7  area7
range  301.323234  8.906901  125.0  276.348449  12.579024   66.0  116.711354  6.936185   22.0  311.246346  21.750612   38.0  268.621257  25.563912  158.0  118.379531  11.834378   38.0  301.228033  35.48162   85.0
FAILURE!!!! Some beads might have been misidentified
               x1        y1  area1          x2         y2  area2          x3        y3  area3          x4         y4  area4         x5         y5  area5         x6         y6  area6          x7         y7  area7
range  301.323234  8.919915  126.0  276.348449  12.579024   66.0  116.707001  6.952328   21.0  311.246346  21.750612   38.0  268.59824  25.559617  156.0  118.36692  11.924584   42.0  301.310555  35.461956   83.0
FAILURE!!!! Some beads might have been misidentified
              x1        y1  area1          x2         y2  area2          x3        y3  area3          x4         y4  area4          x5         y5  area5          x6         y6  area6          x7         y7  area7
range  301.33107  8.897283  124.0  276.323442  12.573694   65.0  116.711354  6.952328   21.0  311.243715  21.756587   38.0  268.577114  25.537182  159.0  118.379986  11.889326   37.0  301.270673  35.475941   84.0
FAILURE!!!! Some beads might have been misidentified
               x1        y1  area1          x2         y2  area2          x3        y3  area3          x4         y4  area4          x5         y5  area5          x6         y6  area6          x7         y7  area7
range  301.323234  8.959487  128.0  276.374439  12.570125   66.0  116.689024  6.936185   22.0  311.230802  21.736074   39.0  268.596201  25.546414  163.0  118.390547  11.881586   42.0  301.261382  35.461956   83.0
FAILURE!!!! Some beads might have been misidentified
               x1        y1  area1          x2         y2  area2          x3        y3  area3          x4         y4  area4         x5        y5  area5          x6         y6  area6          x7        y7  area7
range  301.341752  8.921846  127.0  276.013065  12.589355   62.0  116.355342  6.937187   29.0  311.253683  21.747242   39.0  268.74537  25.59271  159.0  118.506985  11.851545   41.0  301.335329  35.44186   80.0
FAILURE!!!! Some beads might have been misidentified
               x1        y1  area1          x2         y2  area2          x3        y3  area3          x4         y4  area4         x5         y5  area5          x6         y6  area6          x7         y7  area7
range  301.338938  8.874908  124.0  276.496124  12.552677   63.0  116.822423  6.909232   24.0  311.315646  21.774189   51.0  268.31577  25.526036  166.0  118.221366  11.847457   40.0  301.282162  35.418422   76.0
FAILURE!!!! Some beads might have been misidentified
               x1        y1  area1          x2         y2  area2          x3        y3  area3          x4         y4  area4          x5         y5  area5          x6         y6  area6          x7         y7  area7
range  301.394827  8.863482  132.0  276.423367  12.544803   60.0  116.596935  6.939114   23.0  310.994561  21.773848   53.0  268.441518  25.543683  157.0  118.444708  11.843256   37.0  301.520415  35.404804   87.0
FAILURE!!!! Some beads might have been misidentified
              x1        y1  area1          x2         y2  area2          x3        y3  area3          x4         y4  area4          x5         y5  area5          x6         y6  area6          x7         y7  area7
range  301.27947  8.908975  126.0  276.253564  12.570574   68.0  116.800216  6.904618   24.0  311.528558  21.769673   45.0  268.693117  25.559255  158.0  118.185897  11.893342   38.0  301.122603  35.494314   84.0
FAILURE!!!! Some beads might have been misidentified
Residual vector length: 105, Jacobian shape: (105, 6)
view   0 | SOD= 556.949 mm | SDD= 802.742 mm | M= 1.441 | incident=4.7367°
[[ 238.84323    -501.11942     -45.010582  ]
 [-110.62977     218.62889      19.989418  ]
 [   0.13561909    0.06314764    0.        ]
 [   0.            0.            0.1496    ]]
               x1        y1  area1          x2         y2  area2          x3        y3  area3          x4         y4  area4          x5         y5  area5          x6         y6  area6          x7         y7  area7
range  301.323234  8.919915  126.0  276.348449  12.579024   66.0  116.711354  6.936185   22.0  311.246346  21.750612   38.0  268.619261  25.563912  158.0  118.377177  11.881586   41.0  301.294802  35.480861   84.0
FAILURE!!!! Some beads might have been misidentified

iter 48 cost=0.544838 -> 0.544838 |dtheta|=7.529906e-06  lambda=1.000e+06

============================================================
Iteration 49
============================================================
Theta offsets (Unity frame):
  Source   : dSx=   0.000, dSy=   0.000, dSz=   0.000  (mm)
  Object   : dOx= -17.999, dOy=  -8.011, dOz= -24.901  (mm)
  Object offset: offset_x=   0.005, offset_z=   0.006  (mm)
  Detector : dDx=   0.000, dDy=   0.000, dDz=   0.000  (mm)
  Obj Stage rotY :   24.968 deg
============================================================

Unity geometry (world coordinates):
  Source   : x=   5.000, y=  60.000, z=   0.000
  Object   : x=   0.001, y=  14.989, z= 555.099
  Detector : x=  -8.000, y=  -5.000, z= 800.000
  Obj rotY :   0.0000 deg
view   0 | SOD= 556.949 mm | SDD= 802.742 mm | M= 1.441 | incident=4.7367°
[[ 238.84323    -501.11942     -45.01058   ]
 [-110.62977     218.62889      19.989422  ]
 [   0.13561909    0.06314764    0.        ]
 [   0.            0.            0.1496    ]]
               x1        y1  area1          x2         y2  area2          x3        y3  area3          x4         y4  area4          x5         y5  area5          x6         y6  area6          x7         y7  area7
range  301.323234  8.919915  126.0  276.348449  12.579024   66.0  116.711354  6.936185   22.0  311.246346  21.750612   38.0  268.619261  25.563912  158.0  118.377177  11.881586   41.0  301.294802  35.480861   84.0
FAILURE!!!! Some beads might have been misidentified
               x1        y1  area1          x2         y2  area2          x3        y3  area3          x4         y4  area4          x5         y5  area5         x6         y6  area6          x7         y7  area7
range  301.312605  8.874858  133.0  276.182142  12.559392   57.0  116.529863  6.947921   28.0  311.286581  21.747877   59.0  268.433673  25.556317  152.0  118.23082  11.868651   28.0  301.384975  35.488374   86.0
FAILURE!!!! Some beads might have been misidentified
               x1        y1  area1          x2         y2  area2          x3       y3  area3          x4         y4  area4         x5         y5  area5          x6         y6  area6          x7         y7  area7
range  301.365639  8.873682  133.0  276.326321  12.533752   57.0  116.649397  6.91454   20.0  311.289524  21.784649   47.0  268.55083  25.470619  163.0  118.384205  11.769489   35.0  301.250319  35.381809   80.0
FAILURE!!!! Some beads might have been misidentified
               x1        y1  area1          x2         y2  area2          x3        y3  area3          x4         y4  area4          x5         y5  area5          x6        y6  area6          x7         y7  area7
range  301.373441  8.845115  124.0  276.407547  12.559557   67.0  116.723542  6.959059   27.0  311.202933  21.834241   38.0  268.642812  25.577014  157.0  118.419148  11.79596   42.0  301.185309  35.481406   83.0
FAILURE!!!! Some beads might have been misidentified
               x1        y1  area1          x2         y2  area2          x3       y3  area3          x4         y4  area4          x5         y5  area5          x6         y6  area6          x7         y7  area7
range  301.314181  8.960533  133.0  276.334686  12.566648   65.0  116.660988  6.82929   24.0  311.168213  21.731938   40.0  268.527427  25.499921  160.0  118.337113  11.920812   38.0  301.247969  35.391643   80.0
FAILURE!!!! Some beads might have been misidentified
               x1        y1  area1          x2         y2  area2          x3        y3  area3          x4         y4  area4          x5         y5  area5          x6         y6  area6          x7        y7  area7
range  301.323234  8.906901  125.0  276.348449  12.579024   66.0  116.711354  6.936185   22.0  311.246346  21.750612   38.0  268.621257  25.563912  158.0  118.379531  11.834378   38.0  301.228033  35.48162   85.0
FAILURE!!!! Some beads might have been misidentified
               x1        y1  area1          x2         y2  area2          x3        y3  area3          x4         y4  area4         x5         y5  area5         x6         y6  area6          x7         y7  area7
range  301.323234  8.919915  126.0  276.348449  12.579024   66.0  116.707001  6.952328   21.0  311.246346  21.750612   38.0  268.59824  25.559617  156.0  118.36692  11.924584   42.0  301.310555  35.461956   83.0
FAILURE!!!! Some beads might have been misidentified
              x1        y1  area1          x2         y2  area2          x3        y3  area3          x4         y4  area4          x5         y5  area5          x6         y6  area6          x7         y7  area7
range  301.33107  8.897283  124.0  276.323442  12.573694   65.0  116.711354  6.952328   21.0  311.243715  21.756587   38.0  268.577114  25.537182  159.0  118.379986  11.889326   37.0  301.270673  35.475941   84.0
FAILURE!!!! Some beads might have been misidentified
               x1        y1  area1          x2         y2  area2          x3        y3  area3          x4         y4  area4          x5         y5  area5          x6         y6  area6          x7         y7  area7
range  301.323234  8.959487  128.0  276.374439  12.570125   66.0  116.689024  6.936185   22.0  311.230802  21.736074   39.0  268.596201  25.546414  163.0  118.390547  11.881586   42.0  301.261382  35.461956   83.0
FAILURE!!!! Some beads might have been misidentified
               x1        y1  area1          x2         y2  area2          x3        y3  area3          x4         y4  area4         x5        y5  area5          x6         y6  area6          x7        y7  area7
range  301.341752  8.921846  127.0  276.013065  12.589355   62.0  116.355342  6.937187   29.0  311.253683  21.747242   39.0  268.74537  25.59271  159.0  118.506985  11.851545   41.0  301.335329  35.44186   80.0
FAILURE!!!! Some beads might have been misidentified
               x1        y1  area1          x2         y2  area2          x3        y3  area3          x4         y4  area4         x5         y5  area5          x6         y6  area6          x7         y7  area7
range  301.338938  8.874908  124.0  276.496124  12.552677   63.0  116.822423  6.909232   24.0  311.315646  21.774189   51.0  268.31577  25.526036  166.0  118.221366  11.847457   40.0  301.282162  35.418422   76.0
FAILURE!!!! Some beads might have been misidentified
               x1        y1  area1          x2         y2  area2          x3        y3  area3          x4         y4  area4          x5         y5  area5          x6         y6  area6          x7         y7  area7
range  301.394827  8.863482  132.0  276.423367  12.544803   60.0  116.596935  6.939114   23.0  310.994561  21.773848   53.0  268.441518  25.543683  157.0  118.444708  11.843256   37.0  301.520415  35.404804   87.0
FAILURE!!!! Some beads might have been misidentified
              x1        y1  area1          x2         y2  area2          x3        y3  area3          x4         y4  area4          x5         y5  area5          x6         y6  area6          x7         y7  area7
range  301.27947  8.908975  126.0  276.253564  12.570574   68.0  116.800216  6.904618   24.0  311.528558  21.769673   45.0  268.693117  25.559255  158.0  118.185897  11.893342   38.0  301.122603  35.494314   84.0
FAILURE!!!! Some beads might have been misidentified
Residual vector length: 105, Jacobian shape: (105, 6)
view   0 | SOD= 556.949 mm | SDD= 802.742 mm | M= 1.441 | incident=4.7367°
[[ 238.84323    -501.11942     -45.010582  ]
 [-110.62977     218.62889      19.989418  ]
 [   0.13561909    0.06314764    0.        ]
 [   0.            0.            0.1496    ]]
               x1        y1  area1          x2         y2  area2          x3        y3  area3          x4         y4  area4          x5         y5  area5          x6         y6  area6          x7         y7  area7
range  301.323234  8.919915  126.0  276.348449  12.579024   66.0  116.711354  6.936185   22.0  311.246346  21.750612   38.0  268.619261  25.563912  158.0  118.377177  11.881586   41.0  301.294802  35.480861   84.0
FAILURE!!!! Some beads might have been misidentified

iter 49 cost=0.544838 -> 0.544838 |dtheta|=7.529906e-06  lambda=1.000e+06

============================================================
Iteration 50
============================================================
Theta offsets (Unity frame):
  Source   : dSx=   0.000, dSy=   0.000, dSz=   0.000  (mm)
  Object   : dOx= -17.999, dOy=  -8.011, dOz= -24.901  (mm)
  Object offset: offset_x=   0.005, offset_z=   0.006  (mm)
  Detector : dDx=   0.000, dDy=   0.000, dDz=   0.000  (mm)
  Obj Stage rotY :   24.968 deg
============================================================

Unity geometry (world coordinates):
  Source   : x=   5.000, y=  60.000, z=   0.000
  Object   : x=   0.001, y=  14.989, z= 555.099
  Detector : x=  -8.000, y=  -5.000, z= 800.000
  Obj rotY :   0.0000 deg
view   0 | SOD= 556.949 mm | SDD= 802.742 mm | M= 1.441 | incident=4.7367°
[[ 238.84323    -501.11942     -45.01058   ]
 [-110.62977     218.62889      19.989422  ]
 [   0.13561909    0.06314764    0.        ]
 [   0.            0.            0.1496    ]]
               x1        y1  area1          x2         y2  area2          x3        y3  area3          x4         y4  area4          x5         y5  area5          x6         y6  area6          x7         y7  area7
range  301.323234  8.919915  126.0  276.348449  12.579024   66.0  116.711354  6.936185   22.0  311.246346  21.750612   38.0  268.619261  25.563912  158.0  118.377177  11.881586   41.0  301.294802  35.480861   84.0
FAILURE!!!! Some beads might have been misidentified
               x1        y1  area1          x2         y2  area2          x3        y3  area3          x4         y4  area4          x5         y5  area5         x6         y6  area6          x7         y7  area7
range  301.312605  8.874858  133.0  276.182142  12.559392   57.0  116.529863  6.947921   28.0  311.286581  21.747877   59.0  268.433673  25.556317  152.0  118.23082  11.868651   28.0  301.384975  35.488374   86.0
FAILURE!!!! Some beads might have been misidentified
               x1        y1  area1          x2         y2  area2          x3       y3  area3          x4         y4  area4         x5         y5  area5          x6         y6  area6          x7         y7  area7
range  301.365639  8.873682  133.0  276.326321  12.533752   57.0  116.649397  6.91454   20.0  311.289524  21.784649   47.0  268.55083  25.470619  163.0  118.384205  11.769489   35.0  301.250319  35.381809   80.0
FAILURE!!!! Some beads might have been misidentified
               x1        y1  area1          x2         y2  area2          x3        y3  area3          x4         y4  area4          x5         y5  area5          x6        y6  area6          x7         y7  area7
range  301.373441  8.845115  124.0  276.407547  12.559557   67.0  116.723542  6.959059   27.0  311.202933  21.834241   38.0  268.642812  25.577014  157.0  118.419148  11.79596   42.0  301.185309  35.481406   83.0
FAILURE!!!! Some beads might have been misidentified
               x1        y1  area1          x2         y2  area2          x3       y3  area3          x4         y4  area4          x5         y5  area5          x6         y6  area6          x7         y7  area7
range  301.314181  8.960533  133.0  276.334686  12.566648   65.0  116.660988  6.82929   24.0  311.168213  21.731938   40.0  268.527427  25.499921  160.0  118.337113  11.920812   38.0  301.247969  35.391643   80.0
FAILURE!!!! Some beads might have been misidentified
               x1        y1  area1          x2         y2  area2          x3        y3  area3          x4         y4  area4          x5         y5  area5          x6         y6  area6          x7        y7  area7
range  301.323234  8.906901  125.0  276.348449  12.579024   66.0  116.711354  6.936185   22.0  311.246346  21.750612   38.0  268.621257  25.563912  158.0  118.379531  11.834378   38.0  301.228033  35.48162   85.0
FAILURE!!!! Some beads might have been misidentified
               x1        y1  area1          x2         y2  area2          x3        y3  area3          x4         y4  area4         x5         y5  area5         x6         y6  area6          x7         y7  area7
range  301.323234  8.919915  126.0  276.348449  12.579024   66.0  116.707001  6.952328   21.0  311.246346  21.750612   38.0  268.59824  25.559617  156.0  118.36692  11.924584   42.0  301.310555  35.461956   83.0
FAILURE!!!! Some beads might have been misidentified
              x1        y1  area1          x2         y2  area2          x3        y3  area3          x4         y4  area4          x5         y5  area5          x6         y6  area6          x7         y7  area7
range  301.33107  8.897283  124.0  276.323442  12.573694   65.0  116.711354  6.952328   21.0  311.243715  21.756587   38.0  268.577114  25.537182  159.0  118.379986  11.889326   37.0  301.270673  35.475941   84.0
FAILURE!!!! Some beads might have been misidentified
               x1        y1  area1          x2         y2  area2          x3        y3  area3          x4         y4  area4          x5         y5  area5          x6         y6  area6          x7         y7  area7
range  301.323234  8.959487  128.0  276.374439  12.570125   66.0  116.689024  6.936185   22.0  311.230802  21.736074   39.0  268.596201  25.546414  163.0  118.390547  11.881586   42.0  301.261382  35.461956   83.0
FAILURE!!!! Some beads might have been misidentified
               x1        y1  area1          x2         y2  area2          x3        y3  area3          x4         y4  area4         x5        y5  area5          x6         y6  area6          x7        y7  area7
range  301.341752  8.921846  127.0  276.013065  12.589355   62.0  116.355342  6.937187   29.0  311.253683  21.747242   39.0  268.74537  25.59271  159.0  118.506985  11.851545   41.0  301.335329  35.44186   80.0
FAILURE!!!! Some beads might have been misidentified
               x1        y1  area1          x2         y2  area2          x3        y3  area3          x4         y4  area4         x5         y5  area5          x6         y6  area6          x7         y7  area7
range  301.338938  8.874908  124.0  276.496124  12.552677   63.0  116.822423  6.909232   24.0  311.315646  21.774189   51.0  268.31577  25.526036  166.0  118.221366  11.847457   40.0  301.282162  35.418422   76.0
FAILURE!!!! Some beads might have been misidentified
               x1        y1  area1          x2         y2  area2          x3        y3  area3          x4         y4  area4          x5         y5  area5          x6         y6  area6          x7         y7  area7
range  301.394827  8.863482  132.0  276.423367  12.544803   60.0  116.596935  6.939114   23.0  310.994561  21.773848   53.0  268.441518  25.543683  157.0  118.444708  11.843256   37.0  301.520415  35.404804   87.0
FAILURE!!!! Some beads might have been misidentified
              x1        y1  area1          x2         y2  area2          x3        y3  area3          x4         y4  area4          x5         y5  area5          x6         y6  area6          x7         y7  area7
range  301.27947  8.908975  126.0  276.253564  12.570574   68.0  116.800216  6.904618   24.0  311.528558  21.769673   45.0  268.693117  25.559255  158.0  118.185897  11.893342   38.0  301.122603  35.494314   84.0
FAILURE!!!! Some beads might have been misidentified
Residual vector length: 105, Jacobian shape: (105, 6)
view   0 | SOD= 556.949 mm | SDD= 802.742 mm | M= 1.441 | incident=4.7367°
[[ 238.84323    -501.11942     -45.010582  ]
 [-110.62977     218.62889      19.989418  ]
 [   0.13561909    0.06314764    0.        ]
 [   0.            0.            0.1496    ]]
               x1        y1  area1          x2         y2  area2          x3        y3  area3          x4         y4  area4          x5         y5  area5          x6         y6  area6          x7         y7  area7
range  301.323234  8.919915  126.0  276.348449  12.579024   66.0  116.711354  6.936185   22.0  311.246346  21.750612   38.0  268.619261  25.563912  158.0  118.377177  11.881586   41.0  301.294802  35.480861   84.0
FAILURE!!!! Some beads might have been misidentified

iter 50 cost=0.544838 -> 0.544838 |dtheta|=7.529906e-06  lambda=1.000e+06

============================================================
Iteration 51
============================================================
Theta offsets (Unity frame):
  Source   : dSx=   0.000, dSy=   0.000, dSz=   0.000  (mm)
  Object   : dOx= -17.999, dOy=  -8.011, dOz= -24.901  (mm)
  Object offset: offset_x=   0.005, offset_z=   0.006  (mm)
  Detector : dDx=   0.000, dDy=   0.000, dDz=   0.000  (mm)
  Obj Stage rotY :   24.968 deg
============================================================

Unity geometry (world coordinates):
  Source   : x=   5.000, y=  60.000, z=   0.000
  Object   : x=   0.001, y=  14.989, z= 555.099
  Detector : x=  -8.000, y=  -5.000, z= 800.000
  Obj rotY :   0.0000 deg
view   0 | SOD= 556.949 mm | SDD= 802.742 mm | M= 1.441 | incident=4.7367°
[[ 238.84323    -501.11942     -45.01058   ]
 [-110.62977     218.62889      19.989422  ]
 [   0.13561909    0.06314764    0.        ]
 [   0.            0.            0.1496    ]]
               x1        y1  area1          x2         y2  area2          x3        y3  area3          x4         y4  area4          x5         y5  area5          x6         y6  area6          x7         y7  area7
range  301.323234  8.919915  126.0  276.348449  12.579024   66.0  116.711354  6.936185   22.0  311.246346  21.750612   38.0  268.619261  25.563912  158.0  118.377177  11.881586   41.0  301.294802  35.480861   84.0
FAILURE!!!! Some beads might have been misidentified
               x1        y1  area1          x2         y2  area2          x3        y3  area3          x4         y4  area4          x5         y5  area5         x6         y6  area6          x7         y7  area7
range  301.312605  8.874858  133.0  276.182142  12.559392   57.0  116.529863  6.947921   28.0  311.286581  21.747877   59.0  268.433673  25.556317  152.0  118.23082  11.868651   28.0  301.384975  35.488374   86.0
FAILURE!!!! Some beads might have been misidentified
               x1        y1  area1          x2         y2  area2          x3       y3  area3          x4         y4  area4         x5         y5  area5          x6         y6  area6          x7         y7  area7
range  301.365639  8.873682  133.0  276.326321  12.533752   57.0  116.649397  6.91454   20.0  311.289524  21.784649   47.0  268.55083  25.470619  163.0  118.384205  11.769489   35.0  301.250319  35.381809   80.0
FAILURE!!!! Some beads might have been misidentified
               x1        y1  area1          x2         y2  area2          x3        y3  area3          x4         y4  area4          x5         y5  area5          x6        y6  area6          x7         y7  area7
range  301.373441  8.845115  124.0  276.407547  12.559557   67.0  116.723542  6.959059   27.0  311.202933  21.834241   38.0  268.642812  25.577014  157.0  118.419148  11.79596   42.0  301.185309  35.481406   83.0
FAILURE!!!! Some beads might have been misidentified
               x1        y1  area1          x2         y2  area2          x3       y3  area3          x4         y4  area4          x5         y5  area5          x6         y6  area6          x7         y7  area7
range  301.314181  8.960533  133.0  276.334686  12.566648   65.0  116.660988  6.82929   24.0  311.168213  21.731938   40.0  268.527427  25.499921  160.0  118.337113  11.920812   38.0  301.247969  35.391643   80.0
FAILURE!!!! Some beads might have been misidentified
               x1        y1  area1          x2         y2  area2          x3        y3  area3          x4         y4  area4          x5         y5  area5          x6         y6  area6          x7        y7  area7
range  301.323234  8.906901  125.0  276.348449  12.579024   66.0  116.711354  6.936185   22.0  311.246346  21.750612   38.0  268.621257  25.563912  158.0  118.379531  11.834378   38.0  301.228033  35.48162   85.0
FAILURE!!!! Some beads might have been misidentified
               x1        y1  area1          x2         y2  area2          x3        y3  area3          x4         y4  area4         x5         y5  area5         x6         y6  area6          x7         y7  area7
range  301.323234  8.919915  126.0  276.348449  12.579024   66.0  116.707001  6.952328   21.0  311.246346  21.750612   38.0  268.59824  25.559617  156.0  118.36692  11.924584   42.0  301.310555  35.461956   83.0
FAILURE!!!! Some beads might have been misidentified
              x1        y1  area1          x2         y2  area2          x3        y3  area3          x4         y4  area4          x5         y5  area5          x6         y6  area6          x7         y7  area7
range  301.33107  8.897283  124.0  276.323442  12.573694   65.0  116.711354  6.952328   21.0  311.243715  21.756587   38.0  268.577114  25.537182  159.0  118.379986  11.889326   37.0  301.270673  35.475941   84.0
FAILURE!!!! Some beads might have been misidentified
               x1        y1  area1          x2         y2  area2          x3        y3  area3          x4         y4  area4          x5         y5  area5          x6         y6  area6          x7         y7  area7
range  301.323234  8.959487  128.0  276.374439  12.570125   66.0  116.689024  6.936185   22.0  311.230802  21.736074   39.0  268.596201  25.546414  163.0  118.390547  11.881586   42.0  301.261382  35.461956   83.0
FAILURE!!!! Some beads might have been misidentified
               x1        y1  area1          x2         y2  area2          x3        y3  area3          x4         y4  area4         x5        y5  area5          x6         y6  area6          x7        y7  area7
range  301.341752  8.921846  127.0  276.013065  12.589355   62.0  116.355342  6.937187   29.0  311.253683  21.747242   39.0  268.74537  25.59271  159.0  118.506985  11.851545   41.0  301.335329  35.44186   80.0
FAILURE!!!! Some beads might have been misidentified
               x1        y1  area1          x2         y2  area2          x3        y3  area3          x4         y4  area4         x5         y5  area5          x6         y6  area6          x7         y7  area7
range  301.338938  8.874908  124.0  276.496124  12.552677   63.0  116.822423  6.909232   24.0  311.315646  21.774189   51.0  268.31577  25.526036  166.0  118.221366  11.847457   40.0  301.282162  35.418422   76.0
FAILURE!!!! Some beads might have been misidentified
               x1        y1  area1          x2         y2  area2          x3        y3  area3          x4         y4  area4          x5         y5  area5          x6         y6  area6          x7         y7  area7
range  301.394827  8.863482  132.0  276.423367  12.544803   60.0  116.596935  6.939114   23.0  310.994561  21.773848   53.0  268.441518  25.543683  157.0  118.444708  11.843256   37.0  301.520415  35.404804   87.0
FAILURE!!!! Some beads might have been misidentified
              x1        y1  area1          x2         y2  area2          x3        y3  area3          x4         y4  area4          x5         y5  area5          x6         y6  area6          x7         y7  area7
range  301.27947  8.908975  126.0  276.253564  12.570574   68.0  116.800216  6.904618   24.0  311.528558  21.769673   45.0  268.693117  25.559255  158.0  118.185897  11.893342   38.0  301.122603  35.494314   84.0
FAILURE!!!! Some beads might have been misidentified
Residual vector length: 105, Jacobian shape: (105, 6)
view   0 | SOD= 556.949 mm | SDD= 802.742 mm | M= 1.441 | incident=4.7367°
[[ 238.84323    -501.11942     -45.010582  ]
 [-110.62977     218.62889      19.989418  ]
 [   0.13561909    0.06314764    0.        ]
 [   0.            0.            0.1496    ]]
               x1        y1  area1          x2         y2  area2          x3        y3  area3          x4         y4  area4          x5         y5  area5          x6         y6  area6          x7         y7  area7
range  301.323234  8.919915  126.0  276.348449  12.579024   66.0  116.711354  6.936185   22.0  311.246346  21.750612   38.0  268.619261  25.563912  158.0  118.377177  11.881586   41.0  301.294802  35.480861   84.0
FAILURE!!!! Some beads might have been misidentified

iter 51 cost=0.544838 -> 0.544838 |dtheta|=7.529906e-06  lambda=1.000e+06
Stalled.

Estimated theta:
  dSx: +0.000000
  dSy: +0.000000
  dOx: -17.999186
  dOy: -8.010578
  dOz: -24.901100
  dDx: +0.000000
  dDy: +0.000000
  dDz: +0.000000
alpha: +2.496787e+01 deg)
offset_x: +0.004591
offset_z: +0.006322

Final cost table:
Fake theta: [  0.   0. -18.  -8. -25.   0.   0.   0.  25.   0.   0.]
Final estimated theta: [  0.           0.         -17.99918583  -8.01057815 -24.90110041
   0.           0.           0.          24.96786574   0.00459091
   0.00632157]
Diff from Expected: [ 0.          0.          0.00081417 -0.01057815  0.09889959  0.
  0.          0.         -0.03213426  0.00459091  0.00632157]
################################################################################

