Phantom already exists, skipping: cuboid_phantom_2_normal.npy

################################################################################
Running cuboid=normal scenario=G3 N_ANGLES=5, K=2
view   0 | SOD= 556.844 mm | SDD= 802.742 mm | M= 1.442 | incident=4.7367°
[[ 239.08467    -500.88773     -45.        ]
 [-110.79194     218.66446      20.        ]
 [   0.13558364    0.06322369    0.        ]
 [   0.            0.            0.1496    ]]
               x1         y1  area1          x2         y2  area2
range  339.861076  10.527063  152.0  339.845016  42.148847  118.0
FAILURE!!!! Some beads might have been misidentified
          image          x1          y1  area1          x2          y2  area2
0  proj_000.png  506.310531  124.365437   1111  506.183993  662.243790   1087
1  proj_001.png  343.525617  119.978178   1054  343.544508  644.849432   1056
2  proj_002.png  422.800834  113.838373    959  422.823529  620.094943    969
3  proj_003.png  625.181078  114.094608    983  625.171717  621.211111    990
4  proj_004.png  683.386692  120.499518   1037  683.389524  646.908571   1050

============================================================
Iteration 0
============================================================
Theta offsets (Unity frame):
  Source   : dSx=   0.000, dSy=   0.000, dSz=   0.000  (mm)
  Object   : dOx=   0.000, dOy=   0.000, dOz=   0.000  (mm)
  Object offset: offset_x=   0.000, offset_z=   0.000  (mm)
  Detector : dDx=   0.000, dDy=   0.000, dDz=   0.000  (mm)
  Obj Stage rotY :    0.000 deg
============================================================

Unity geometry (world coordinates):
  Source   : x=   5.000, y=  60.000, z=   0.000
  Object   : x=  18.000, y=  23.000, z= 580.000
  Detector : x=  -8.000, y=  -5.000, z= 800.000
  Obj rotY :   0.0000 deg
view   0 | SOD= 581.324 mm | SDD= 802.742 mm | M= 1.381 | incident=4.7367°
[[ -13.     -580.      -37.    ]
 [ -26.      220.       28.    ]
 [   0.1496    0.        0.    ]
 [   0.        0.        0.1496]]
               x1        y1  area1          x2         y2  area2
range  312.091749  5.534005  146.0  312.118486  35.301467  128.0
FAILURE!!!! Some beads might have been misidentified
               x1       y1  area1          x2         y2  area2
range  312.146501  5.53125  150.0  312.176225  35.279341  126.0
FAILURE!!!! Some beads might have been misidentified
               x1        y1  area1          x2         y2  area2
range  312.022039  5.531068  153.0  311.984521  35.359383  129.0
FAILURE!!!! Some beads might have been misidentified
               x1        y1  area1          x2        y2  area2
range  312.093812  5.599987  146.0  312.106521  35.22915  125.0
FAILURE!!!! Some beads might have been misidentified
               x1        y1  area1          x2         y2  area2
range  312.074706  5.485395  148.0  312.070546  35.308495  128.0
FAILURE!!!! Some beads might have been misidentified
               x1        y1  area1          x2         y2  area2
range  312.091749  5.534005  146.0  312.113946  35.268317  126.0
FAILURE!!!! Some beads might have been misidentified
               x1        y1  area1          x2         y2  area2
range  312.091749  5.544218  145.0  312.134285  35.334503  130.0
FAILURE!!!! Some beads might have been misidentified
               x1        y1  area1          x2        y2  area2
range  312.067863  5.551556  153.0  312.072907  35.31586  127.0
FAILURE!!!! Some beads might have been misidentified
               x1        y1  area1          x2         y2  area2
range  312.107783  5.539103  144.0  312.118486  35.304239  125.0
FAILURE!!!! Some beads might have been misidentified
               x1        y1  area1          x2         y2  area2
range  312.120224  5.544218  145.0  312.151136  35.264863  126.0
FAILURE!!!! Some beads might have been misidentified
               x1        y1  area1          x2         y2  area2
range  311.976464  5.538537  158.0  312.019769  35.375776  129.0
FAILURE!!!! Some beads might have been misidentified
               x1        y1  area1          x2         y2  area2
range  312.235113  5.537546  149.0  312.242421  35.262525  126.0
FAILURE!!!! Some beads might have been misidentified
               x1        y1  area1          x2         y2  area2
range  311.918442  5.544218  145.0  311.950713  35.319497  129.0
FAILURE!!!! Some beads might have been misidentified
Residual vector length: 25, Jacobian shape: (25, 6)
view   0 | SOD= 598.534 mm | SDD= 802.742 mm | M= 1.341 | incident=4.7367°
[[-100.2987     -588.35974     -44.896687  ]
 [  27.250734    201.51373      20.103313  ]
 [   0.14727986   -0.02624504    0.        ]
 [   0.            0.            0.1496    ]]
               x1        y1  area1          x2         y2  area2
range  356.921924  7.851004   99.0  356.936159  31.803017  105.0
FAILURE!!!! Some beads might have been misidentified

iter 00 cost=202364.662985 -> 31554.044499 |dtheta|=2.532288e+01  lambda=1.000e-02

============================================================
Iteration 1
============================================================
Theta offsets (Unity frame):
  Source   : dSx=   0.000, dSy=   0.000, dSz=   0.000  (mm)
  Object   : dOx= -16.992, dOy=  -7.897, dOz=  13.222  (mm)
  Object offset: offset_x=  -0.484, offset_z=   3.609  (mm)
  Detector : dDx=   0.000, dDy=   0.000, dDz=   0.000  (mm)
  Obj Stage rotY :  -10.104 deg
============================================================

Unity geometry (world coordinates):
  Source   : x=   5.000, y=  60.000, z=   0.000
  Object   : x=   1.008, y=  15.103, z= 593.222
  Detector : x=  -8.000, y=  -5.000, z= 800.000
  Obj rotY :   0.0000 deg
view   0 | SOD= 598.534 mm | SDD= 802.742 mm | M= 1.341 | incident=4.7367°
[[-100.2987     -588.35974     -44.896687  ]
 [  27.250734    201.51373      20.103313  ]
 [   0.14727986   -0.02624504    0.        ]
 [   0.            0.            0.1496    ]]
               x1        y1  area1          x2         y2  area2
range  356.921924  7.851004   99.0  356.936159  31.803017  105.0
FAILURE!!!! Some beads might have been misidentified
               x1        y1  area1          x2         y2  area2
range  356.925017  7.917528  107.0  356.946529  31.793923  105.0
FAILURE!!!! Some beads might have been misidentified
               x1        y1  area1          x2         y2  area2
range  356.929378  7.890627  102.0  357.011066  31.833893  106.0
FAILURE!!!! Some beads might have been misidentified
               x1        y1  area1          x2         y2  area2
range  356.924971  7.886847  104.0  356.986266  31.709052  100.0
FAILURE!!!! Some beads might have been misidentified
               x1       y1  area1          x2         y2  area2
range  356.928636  7.89412  102.0  356.933507  31.880038  111.0
FAILURE!!!! Some beads might have been misidentified
               x1        y1  area1          x2        y2  area2
range  356.917824  7.851004   99.0  356.932361  31.80119  105.0
FAILURE!!!! Some beads might have been misidentified
              x1        y1  area1          x2         y2  area2
range  356.93266  7.851004   99.0  356.942891  31.818151  106.0
FAILURE!!!! Some beads might have been misidentified
               x1        y1  area1          x2        y2  area2
range  356.920358  7.847984   98.0  356.917739  31.79208  105.0
FAILURE!!!! Some beads might have been misidentified
              x1        y1  area1          x2         y2  area2
range  356.93266  7.846044  100.0  356.959404  31.859381  109.0
FAILURE!!!! Some beads might have been misidentified
               x1        y1  area1          x2         y2  area2
range  357.022598  7.846748  101.0  356.996433  31.763825  106.0
FAILURE!!!! Some beads might have been misidentified
               x1        y1  area1         x2         y2  area2
range  356.790186  7.856443  100.0  356.81541  31.799984  106.0
FAILURE!!!! Some beads might have been misidentified
               x1        y1  area1          x2       y2  area2
range  357.040348  7.893357  103.0  357.054361  31.7538  102.0
FAILURE!!!! Some beads might have been misidentified
               x1        y1  area1          x2         y2  area2
range  356.747872  7.869887  105.0  356.788435  31.843151  109.0
FAILURE!!!! Some beads might have been misidentified
Residual vector length: 25, Jacobian shape: (25, 6)
view   0 | SOD= 591.867 mm | SDD= 802.742 mm | M= 1.356 | incident=4.7367°
[[  78.32469    -584.72076     -47.68319   ]
 [ -25.394022    208.63374      17.31681   ]
 [   0.14863323    0.01698011    0.        ]
 [   0.            0.            0.1496    ]]
               x1         y1  area1          x2         y2  area2
range  333.507646  11.424929  133.0  333.626555  40.725427  130.0
FAILURE!!!! Some beads might have been misidentified

iter 01 cost=31554.044499 -> 4106.388782 |dtheta|=1.843784e+01  lambda=3.333e-03

============================================================
Iteration 2
============================================================
Theta offsets (Unity frame):
  Source   : dSx=   0.000, dSy=   0.000, dSz=   0.000  (mm)
  Object   : dOx= -19.054, dOy= -10.683, dOz=   8.489  (mm)
  Object offset: offset_x=  -5.397, offset_z=   1.343  (mm)
  Detector : dDx=   0.000, dDy=   0.000, dDz=   0.000  (mm)
  Obj Stage rotY :    6.517 deg
============================================================

Unity geometry (world coordinates):
  Source   : x=   5.000, y=  60.000, z=   0.000
  Object   : x=  -1.054, y=  12.317, z= 588.489
  Detector : x=  -8.000, y=  -5.000, z= 800.000
  Obj rotY :   0.0000 deg
view   0 | SOD= 591.867 mm | SDD= 802.742 mm | M= 1.356 | incident=4.7367°
[[  78.32469    -584.72076     -47.68319   ]
 [ -25.394022    208.63374      17.31681   ]
 [   0.14863323    0.01698011    0.        ]
 [   0.            0.            0.1496    ]]
               x1         y1  area1          x2         y2  area2
range  333.507646  11.424929  133.0  333.626555  40.725427  130.0
FAILURE!!!! Some beads might have been misidentified
               x1         y1  area1          x2         y2  area2
range  333.581877  11.364086  132.0  333.598915  40.760849  131.0
FAILURE!!!! Some beads might have been misidentified
               x1         y1  area1          x2         y2  area2
range  333.605674  11.494034  138.0  333.606035  40.721181  124.0
FAILURE!!!! Some beads might have been misidentified
               x1         y1  area1          x2         y2  area2
range  333.569387  11.510969  131.0  333.642609  40.755918  127.0
FAILURE!!!! Some beads might have been misidentified
               x1         y1  area1          x2         y2  area2
range  333.530988  11.359441  134.0  333.565821  40.709248  127.0
FAILURE!!!! Some beads might have been misidentified
               x1         y1  area1          x2         y2  area2
range  333.486969  11.424929  132.0  333.597834  40.744448  129.0
FAILURE!!!! Some beads might have been misidentified
               x1         y1  area1          x2         y2  area2
range  333.507646  11.424929  133.0  333.640367  40.726743  128.0
FAILURE!!!! Some beads might have been misidentified
               x1         y1  area1          x2         y2  area2
range  333.521955  11.449512  133.0  333.626555  40.706015  127.0
FAILURE!!!! Some beads might have been misidentified
               x1         y1  area1          x2         y2  area2
range  333.476305  11.400865  133.0  333.601994  40.709691  130.0
FAILURE!!!! Some beads might have been misidentified
               x1         y1  area1          x2         y2  area2
range  333.492068  11.392227  137.0  333.610147  40.701184  132.0
FAILURE!!!! Some beads might have been misidentified
               x1         y1  area1          x2         y2  area2
range  333.554971  11.482808  132.0  333.613132  40.731215  125.0
FAILURE!!!! Some beads might have been misidentified
               x1        y1  area1          x2         y2  area2
range  333.807418  11.42689  130.0  333.828331  40.705821  123.0
FAILURE!!!! Some beads might have been misidentified
               x1         y1  area1          x2         y2  area2
range  333.339103  11.443892  133.0  333.380721  40.769333  130.0
FAILURE!!!! Some beads might have been misidentified
Residual vector length: 25, Jacobian shape: (25, 6)
view   0 | SOD= 575.164 mm | SDD= 802.742 mm | M= 1.396 | incident=4.7367°
[[  81.842224   -567.4348      -46.187294  ]
 [ -30.573002    224.73424      18.812706  ]
 [   0.14843802    0.01860953    0.        ]
 [   0.            0.            0.1496    ]]
               x1         y1  area1          x2         y2  area2
range  322.467871  11.881807  160.0  322.406338  44.753098  146.0
FAILURE!!!! Some beads might have been misidentified

iter 02 cost=4106.388782 -> 1634.438319 |dtheta|=1.559039e+01  lambda=1.111e-03

============================================================
Iteration 3
============================================================
Theta offsets (Unity frame):
  Source   : dSx=   0.000, dSy=   0.000, dSz=   0.000  (mm)
  Object   : dOx= -18.103, dOy=  -9.187, dOz=  -6.941  (mm)
  Object offset: offset_x=  -5.518, offset_z=   0.149  (mm)
  Detector : dDx=   0.000, dDy=   0.000, dDz=   0.000  (mm)
  Obj Stage rotY :    7.146 deg
============================================================

Unity geometry (world coordinates):
  Source   : x=   5.000, y=  60.000, z=   0.000
  Object   : x=  -0.103, y=  13.813, z= 573.059
  Detector : x=  -8.000, y=  -5.000, z= 800.000
  Obj rotY :   0.0000 deg
view   0 | SOD= 575.164 mm | SDD= 802.742 mm | M= 1.396 | incident=4.7367°
[[  81.842224   -567.4348      -46.187294  ]
 [ -30.573002    224.73424      18.812706  ]
 [   0.14843802    0.01860953    0.        ]
 [   0.            0.            0.1496    ]]
               x1         y1  area1          x2         y2  area2
range  322.467871  11.881807  160.0  322.406338  44.753098  146.0
FAILURE!!!! Some beads might have been misidentified
               x1         y1  area1          x2         y2  area2
range  322.443701  11.910439  149.0  322.514771  44.714354  145.0
FAILURE!!!! Some beads might have been misidentified
               x1         y1  area1          x2         y2  area2
range  322.460627  11.891734  162.0  322.408672  44.735562  142.0
FAILURE!!!! Some beads might have been misidentified
              x1         y1  area1          x2         y2  area2
range  322.48685  11.842388  163.0  322.461796  44.720276  151.0
FAILURE!!!! Some beads might have been misidentified
               x1         y1  area1          x2         y2  area2
range  322.452092  11.930175  158.0  322.409918  44.836667  143.0
FAILURE!!!! Some beads might have been misidentified
               x1         y1  area1          x2         y2  area2
range  322.467871  11.853614  160.0  322.406338  44.737578  147.0
FAILURE!!!! Some beads might have been misidentified
               x1         y1  area1          x2         y2  area2
range  322.482254  11.881807  160.0  322.424442  44.769495  144.0
FAILURE!!!! Some beads might have been misidentified
               x1         y1  area1         x2         y2  area2
range  322.493791  11.891407  159.0  322.42501  44.753458  146.0
FAILURE!!!! Some beads might have been misidentified
               x1         y1  area1          x2         y2  area2
range  322.445694  11.883817  160.0  322.407792  44.751426  145.0
FAILURE!!!! Some beads might have been misidentified
               x1         y1  area1          x2         y2  area2
range  322.465113  11.907867  158.0  322.437698  44.727446  141.0
FAILURE!!!! Some beads might have been misidentified
               x1         y1  area1          x2         y2  area2
range  322.478077  11.894306  153.0  322.434039  44.736339  145.0
FAILURE!!!! Some beads might have been misidentified
               x1         y1  area1          x2        y2  area2
range  322.632322  11.894473  154.0  322.641251  44.68975  148.0
FAILURE!!!! Some beads might have been misidentified
               x1         y1  area1          x2         y2  area2
range  322.274464  11.916224  160.0  322.255148  44.793261  141.0
FAILURE!!!! Some beads might have been misidentified
Residual vector length: 25, Jacobian shape: (25, 6)
view   0 | SOD= 565.722 mm | SDD= 802.742 mm | M= 1.419 | incident=4.7367°
[[  95.52017    -555.73486     -45.56897   ]
 [ -38.197464    233.11784      19.431032  ]
 [   0.14788274    0.0226021     0.        ]
 [   0.            0.            0.1496    ]]
               x1         y1  area1         x2         y2  area2
range  339.857146  11.257647  161.0  339.91884  44.708868  150.0
FAILURE!!!! Some beads might have been misidentified

iter 03 cost=1634.438319 -> 596.205135 |dtheta|=1.010709e+01  lambda=3.704e-04

============================================================
Iteration 4
============================================================
Theta offsets (Unity frame):
  Source   : dSx=   0.000, dSy=   0.000, dSz=   0.000  (mm)
  Object   : dOx= -17.922, dOy=  -8.569, dOz= -16.894  (mm)
  Object offset: offset_x=  -5.539, offset_z=   0.681  (mm)
  Detector : dDx=   0.000, dDy=   0.000, dDz=   0.000  (mm)
  Obj Stage rotY :    8.690 deg
============================================================

Unity geometry (world coordinates):
  Source   : x=   5.000, y=  60.000, z=   0.000
  Object   : x=   0.078, y=  14.431, z= 563.106
  Detector : x=  -8.000, y=  -5.000, z= 800.000
  Obj rotY :   0.0000 deg
view   0 | SOD= 565.722 mm | SDD= 802.742 mm | M= 1.419 | incident=4.7367°
[[  95.52017    -555.73486     -45.56897   ]
 [ -38.197464    233.11784      19.431032  ]
 [   0.14788274    0.0226021     0.        ]
 [   0.            0.            0.1496    ]]
               x1         y1  area1         x2         y2  area2
range  339.857146  11.257647  161.0  339.91884  44.708868  150.0
FAILURE!!!! Some beads might have been misidentified
               x1         y1  area1          x2         y2  area2
range  339.868926  11.302887  162.0  339.884464  44.768824  150.0
FAILURE!!!! Some beads might have been misidentified
               x1        y1  area1          x2         y2  area2
range  340.023763  11.27605  160.0  339.905734  44.700315  154.0
FAILURE!!!! Some beads might have been misidentified
               x1         y1  area1          x2         y2  area2
range  339.877556  11.276989  170.0  339.876124  44.771304  147.0
FAILURE!!!! Some beads might have been misidentified
              x1         y1  area1          x2         y2  area2
range  339.89868  11.482287  150.0  339.909983  44.726224  145.0
FAILURE!!!! Some beads might have been misidentified
               x1         y1  area1          x2         y2  area2
range  339.857146  11.257647  161.0  339.907236  44.698321  150.0
FAILURE!!!! Some beads might have been misidentified
               x1         y1  area1          x2         y2  area2
range  339.852969  11.269394  160.0  339.924078  44.708868  150.0
FAILURE!!!! Some beads might have been misidentified
               x1         y1  area1         x2         y2  area2
range  339.898287  11.229007  162.0  340.01355  44.712183  155.0
FAILURE!!!! Some beads might have been misidentified
               x1         y1  area1          x2         y2  area2
range  339.842392  11.280633  160.0  339.910139  44.731655  148.0
FAILURE!!!! Some beads might have been misidentified
               x1         y1  area1         x2         y2  area2
range  339.858561  11.263577  164.0  339.91679  44.735566  147.0
FAILURE!!!! Some beads might have been misidentified
               x1         y1  area1          x2         y2  area2
range  339.943245  11.307215  160.0  339.979245  44.746339  157.0
FAILURE!!!! Some beads might have been misidentified
               x1         y1  area1        x2         y2  area2
range  340.200003  11.264069  161.0  340.1286  44.701271  156.0
FAILURE!!!! Some beads might have been misidentified
               x1         y1  area1          x2         y2  area2
range  339.696328  11.261018  158.0  339.661599  44.715261  149.0
FAILURE!!!! Some beads might have been misidentified
Residual vector length: 25, Jacobian shape: (25, 6)
view   0 | SOD= 562.303 mm | SDD= 802.742 mm | M= 1.428 | incident=4.7367°
[[ 100.50396    -551.37885     -45.44077   ]
 [ -41.943714    235.94424      19.55923   ]
 [   0.1476233     0.02423884    0.        ]
 [   0.            0.            0.1496    ]]
               x1         y1  area1          x2         y2  area2
range  342.966461  11.135182  157.0  342.898767  44.655232  142.0
FAILURE!!!! Some beads might have been misidentified

iter 04 cost=596.205135 -> 395.257585 |dtheta|=3.530288e+00  lambda=1.235e-04

============================================================
Iteration 5
============================================================
Theta offsets (Unity frame):
  Source   : dSx=   0.000, dSy=   0.000, dSz=   0.000  (mm)
  Object   : dOx= -17.874, dOy=  -8.441, dOz= -20.316  (mm)
  Object offset: offset_x=  -4.965, offset_z=   0.694  (mm)
  Detector : dDx=   0.000, dDy=   0.000, dDz=   0.000  (mm)
  Obj Stage rotY :    9.324 deg
============================================================

Unity geometry (world coordinates):
  Source   : x=   5.000, y=  60.000, z=   0.000
  Object   : x=   0.126, y=  14.559, z= 559.684
  Detector : x=  -8.000, y=  -5.000, z= 800.000
  Obj rotY :   0.0000 deg
view   0 | SOD= 562.303 mm | SDD= 802.742 mm | M= 1.428 | incident=4.7367°
[[ 100.50396    -551.37885     -45.44077   ]
 [ -41.943714    235.94424      19.55923   ]
 [   0.1476233     0.02423884    0.        ]
 [   0.            0.            0.1496    ]]
               x1         y1  area1          x2         y2  area2
range  342.966461  11.135182  157.0  342.898767  44.655232  142.0
FAILURE!!!! Some beads might have been misidentified
               x1         y1  area1          x2        y2  area2
range  342.998722  11.097968  161.0  342.948766  44.64074  144.0
FAILURE!!!! Some beads might have been misidentified
               x1         y1  area1          x2         y2  area2
range  342.982786  11.170095  158.0  342.887952  44.644986  143.0
FAILURE!!!! Some beads might have been misidentified
               x1         y1  area1          x2         y2  area2
range  342.972125  11.149495  157.0  342.912437  44.654421  141.0
FAILURE!!!! Some beads might have been misidentified
               x1         y1  area1         x2         y2  area2
range  342.978482  11.261287  164.0  342.92373  44.807356  144.0
FAILURE!!!! Some beads might have been misidentified
               x1         y1  area1          x2         y2  area2
range  342.966461  11.135182  157.0  342.899565  44.635343  142.0
FAILURE!!!! Some beads might have been misidentified
               x1         y1  area1          x2         y2  area2
range  342.980787  11.135182  157.0  342.899087  44.720937  145.0
FAILURE!!!! Some beads might have been misidentified
               x1         y1  area1          x2         y2  area2
range  342.966461  11.135182  155.0  342.926179  44.643343  143.0
FAILURE!!!! Some beads might have been misidentified
               x1         y1  area1          x2         y2  area2
range  342.977321  11.132741  159.0  342.880411  44.676763  143.0
FAILURE!!!! Some beads might have been misidentified
               x1         y1  area1          x2         y2  area2
range  342.986646  11.130607  161.0  342.906719  44.671761  141.0
FAILURE!!!! Some beads might have been misidentified
               x1         y1  area1          x2         y2  area2
range  342.953837  11.133782  158.0  342.941298  44.626285  144.0
FAILURE!!!! Some beads might have been misidentified
               x1         y1  area1          x2         y2  area2
range  343.151646  11.124302  156.0  343.075237  44.611706  143.0
FAILURE!!!! Some beads might have been misidentified
               x1         y1  area1          x2         y2  area2
range  342.805835  11.166359  157.0  342.746233  44.748606  146.0
FAILURE!!!! Some beads might have been misidentified
Residual vector length: 25, Jacobian shape: (25, 6)
view   0 | SOD= 561.725 mm | SDD= 802.742 mm | M= 1.429 | incident=4.7367°
[[ 121.05716    -546.6419      -45.419094  ]
 [ -51.98584     234.52719      19.580906  ]
 [   0.14656575    0.02997735    0.        ]
 [   0.            0.            0.1496    ]]
               x1         y1  area1          x2        y2  area2
range  339.383313  11.249892  170.0  339.347004  44.96001  141.0
FAILURE!!!! Some beads might have been misidentified

iter 05 cost=395.257585 -> 302.952639 |dtheta|=2.392283e+00  lambda=4.115e-05

============================================================
Iteration 6
============================================================
Theta offsets (Unity frame):
  Source   : dSx=   0.000, dSy=   0.000, dSz=   0.000  (mm)
  Object   : dOx= -17.849, dOy=  -8.419, dOz= -20.549  (mm)
  Object offset: offset_x=  -4.215, offset_z=   0.362  (mm)
  Detector : dDx=   0.000, dDy=   0.000, dDz=   0.000  (mm)
  Obj Stage rotY :   11.559 deg
============================================================

Unity geometry (world coordinates):
  Source   : x=   5.000, y=  60.000, z=   0.000
  Object   : x=   0.151, y=  14.581, z= 559.451
  Detector : x=  -8.000, y=  -5.000, z= 800.000
  Obj rotY :   0.0000 deg
view   0 | SOD= 561.725 mm | SDD= 802.742 mm | M= 1.429 | incident=4.7367°
[[ 121.05716    -546.6419      -45.419094  ]
 [ -51.98584     234.52719      19.580906  ]
 [   0.14656575    0.02997735    0.        ]
 [   0.            0.            0.1496    ]]
               x1         y1  area1          x2        y2  area2
range  339.383313  11.249892  170.0  339.347004  44.96001  141.0
FAILURE!!!! Some beads might have been misidentified
               x1         y1  area1          x2         y2  area2
range  339.479665  11.228553  169.0  339.459789  44.987343  146.0
FAILURE!!!! Some beads might have been misidentified
               x1        y1  area1          x2       y2  area2
range  339.392314  11.25307  167.0  339.240222  44.9036  143.0
FAILURE!!!! Some beads might have been misidentified
               x1         y1  area1          x2         y2  area2
range  339.393565  11.208119  167.0  339.366298  44.975267  146.0
FAILURE!!!! Some beads might have been misidentified
               x1         y1  area1          x2         y2  area2
range  339.371342  11.464158  183.0  339.347928  45.062934  147.0
FAILURE!!!! Some beads might have been misidentified
               x1         y1  area1          x2        y2  area2
range  339.371471  11.261231  170.0  339.332202  44.96001  143.0
FAILURE!!!! Some beads might have been misidentified
               x1         y1  area1        x2         y2  area2
range  339.383313  11.233168  170.0  339.3453  44.960366  141.0
FAILURE!!!! Some beads might have been misidentified
              x1        y1  area1          x2         y2  area2
range  339.40164  11.22715  170.0  339.353181  44.963489  142.0
FAILURE!!!! Some beads might have been misidentified
               x1        y1  area1          x2         y2  area2
range  339.368625  11.27575  169.0  339.332202  44.985532  143.0
FAILURE!!!! Some beads might have been misidentified
              x1         y1  area1          x2         y2  area2
range  339.38358  11.271069  169.0  339.396582  44.973328  143.0
FAILURE!!!! Some beads might have been misidentified
               x1         y1  area1         x2        y2  area2
range  339.432126  11.229465  169.0  339.30842  44.96842  143.0
FAILURE!!!! Some beads might have been misidentified
              x1         y1  area1          x2         y2  area2
range  339.53872  11.213348  172.0  339.527562  44.919074  142.0
FAILURE!!!! Some beads might have been misidentified
               x1         y1  area1          x2         y2  area2
range  339.289656  11.255815  172.0  339.172448  44.963688  145.0
FAILURE!!!! Some beads might have been misidentified
Residual vector length: 25, Jacobian shape: (25, 6)
view   0 | SOD= 559.222 mm | SDD= 802.742 mm | M= 1.435 | incident=4.7367°
[[ 130.31418    -541.9411      -45.24991   ]
 [ -57.040207    235.91965      19.750092  ]
 [   0.14599073    0.03266292    0.        ]
 [   0.            0.            0.1496    ]]
               x1        y1  area1          x2         y2  area2
range  341.003244  11.50463  182.0  340.995788  45.017818  149.0
FAILURE!!!! Some beads might have been misidentified

iter 06 cost=302.952639 -> 221.686226 |dtheta|=2.687114e+00  lambda=1.372e-05

============================================================
Iteration 7
============================================================
Theta offsets (Unity frame):
  Source   : dSx=   0.000, dSy=   0.000, dSz=   0.000  (mm)
  Object   : dOx= -17.968, dOy=  -8.250, dOz= -22.989  (mm)
  Object offset: offset_x=  -3.878, offset_z=   0.308  (mm)
  Detector : dDx=   0.000, dDy=   0.000, dDz=   0.000  (mm)
  Obj Stage rotY :   12.611 deg
============================================================

Unity geometry (world coordinates):
  Source   : x=   5.000, y=  60.000, z=   0.000
  Object   : x=   0.032, y=  14.750, z= 557.011
  Detector : x=  -8.000, y=  -5.000, z= 800.000
  Obj rotY :   0.0000 deg
view   0 | SOD= 559.222 mm | SDD= 802.742 mm | M= 1.435 | incident=4.7367°
[[ 130.31418    -541.9411      -45.24991   ]
 [ -57.040207    235.91965      19.750092  ]
 [   0.14599073    0.03266292    0.        ]
 [   0.            0.            0.1496    ]]
               x1        y1  area1          x2         y2  area2
range  341.003244  11.50463  182.0  340.995788  45.017818  149.0
FAILURE!!!! Some beads might have been misidentified
              x1         y1  area1          x2         y2  area2
range  341.04372  11.483871  179.0  341.021821  45.035301  150.0
FAILURE!!!! Some beads might have been misidentified
               x1         y1  area1          x2         y2  area2
range  340.947285  11.496157  188.0  340.930508  45.039995  144.0
FAILURE!!!! Some beads might have been misidentified
               x1         y1  area1         x2         y2  area2
range  341.023252  11.441403  183.0  340.98032  45.066931  146.0
FAILURE!!!! Some beads might have been misidentified
               x1         y1  area1          x2         y2  area2
range  341.000353  11.558286  180.0  340.998389  44.968828  147.0
FAILURE!!!! Some beads might have been misidentified
               x1        y1  area1          x2         y2  area2
range  341.016299  11.50463  181.0  341.005161  45.032454  150.0
FAILURE!!!! Some beads might have been misidentified
               x1        y1  area1          x2         y2  area2
range  341.016299  11.50463  182.0  341.003798  45.030165  146.0
FAILURE!!!! Some beads might have been misidentified
               x1         y1  area1          x2         y2  area2
range  341.001368  11.459397  182.0  341.009184  45.047114  148.0
FAILURE!!!! Some beads might have been misidentified
               x1    y1  area1          x2         y2  area2
range  341.003244  11.5  182.0  341.008846  45.001232  148.0
FAILURE!!!! Some beads might have been misidentified
               x1    y1  area1          x2         y2  area2
range  341.015063  11.5  179.0  341.015572  45.003016  150.0
FAILURE!!!! Some beads might have been misidentified
               x1         y1  area1          x2         y2  area2
range  340.990305  11.483634  185.0  340.938336  45.044982  144.0
FAILURE!!!! Some beads might have been misidentified
               x1         y1  area1          x2         y2  area2
range  341.121922  11.484057  182.0  341.148597  45.018543  146.0
FAILURE!!!! Some beads might have been misidentified
               x1        y1  area1          x2         y2  area2
range  340.869083  11.50463  180.0  340.812468  45.035347  147.0
FAILURE!!!! Some beads might have been misidentified
Residual vector length: 25, Jacobian shape: (25, 6)
view   0 | SOD= 559.510 mm | SDD= 802.742 mm | M= 1.435 | incident=4.7367°
[[ 135.98819    -540.8449      -45.222485  ]
 [ -60.08041     234.86517      19.777515  ]
 [   0.14561513    0.03429858    0.        ]
 [   0.            0.            0.1496    ]]
               x1         y1  area1          x2       y2  area2
range  339.669856  11.104897  162.0  339.689091  44.6669  149.0
FAILURE!!!! Some beads might have been misidentified

iter 07 cost=221.686226 -> 213.044498 |dtheta|=8.751081e-01  lambda=4.572e-06

============================================================
Iteration 8
============================================================
Theta offsets (Unity frame):
  Source   : dSx=   0.000, dSy=   0.000, dSz=   0.000  (mm)
  Object   : dOx= -17.942, dOy=  -8.222, dOz= -22.615  (mm)
  Object offset: offset_x=  -3.425, offset_z=   0.231  (mm)
  Detector : dDx=   0.000, dDy=   0.000, dDz=   0.000  (mm)
  Obj Stage rotY :   13.254 deg
============================================================

Unity geometry (world coordinates):
  Source   : x=   5.000, y=  60.000, z=   0.000
  Object   : x=   0.058, y=  14.778, z= 557.385
  Detector : x=  -8.000, y=  -5.000, z= 800.000
  Obj rotY :   0.0000 deg
view   0 | SOD= 559.510 mm | SDD= 802.742 mm | M= 1.435 | incident=4.7367°
[[ 135.98819    -540.8449      -45.222485  ]
 [ -60.08041     234.86517      19.777515  ]
 [   0.14561513    0.03429858    0.        ]
 [   0.            0.            0.1496    ]]
               x1         y1  area1          x2       y2  area2
range  339.669856  11.104897  162.0  339.689091  44.6669  149.0
FAILURE!!!! Some beads might have been misidentified
               x1         y1  area1          x2         y2  area2
range  339.703524  11.146563  161.0  339.705984  44.661731  146.0
FAILURE!!!! Some beads might have been misidentified
               x1         y1  area1          x2         y2  area2
range  339.701321  11.097042  159.0  339.711898  44.672861  145.0
FAILURE!!!! Some beads might have been misidentified
               x1         y1  area1          x2         y2  area2
range  339.674502  11.161343  158.0  339.667262  44.732877  143.0
FAILURE!!!! Some beads might have been misidentified
              x1         y1  area1          x2        y2  area2
range  339.69783  11.138732  161.0  339.673052  44.67627  153.0
FAILURE!!!! Some beads might have been misidentified
               x1         y1  area1          x2         y2  area2
range  339.669856  11.104897  163.0  339.699209  44.681975  148.0
FAILURE!!!! Some beads might have been misidentified
               x1         y1  area1          x2         y2  area2
range  339.679886  11.104897  162.0  339.689091  44.645827  149.0
FAILURE!!!! Some beads might have been misidentified
               x1         y1  area1          x2         y2  area2
range  339.679886  11.087756  163.0  339.710714  44.732808  148.0
FAILURE!!!! Some beads might have been misidentified
               x1         y1  area1          x2         y2  area2
range  339.666351  11.091163  161.0  339.707767  44.669182  149.0
FAILURE!!!! Some beads might have been misidentified
               x1         y1  area1          x2         y2  area2
range  339.690963  11.086294  162.0  339.705502  44.642214  147.0
FAILURE!!!! Some beads might have been misidentified
               x1         y1  area1          x2         y2  area2
range  339.639758  11.146209  155.0  339.689127  44.703913  143.0
FAILURE!!!! Some beads might have been misidentified
               x1         y1  area1          x2         y2  area2
range  339.904703  11.119531  163.0  339.915846  44.636774  147.0
FAILURE!!!! Some beads might have been misidentified
               x1         y1  area1          x2         y2  area2
range  339.488414  11.094523  160.0  339.486324  44.716706  144.0
FAILURE!!!! Some beads might have been misidentified
Residual vector length: 25, Jacobian shape: (25, 6)
view   0 | SOD= 556.375 mm | SDD= 802.742 mm | M= 1.443 | incident=4.7367°
[[ 151.46584    -533.47296     -44.916393  ]
 [ -68.3303      235.85054      20.083607  ]
 [   0.14449325    0.03875386    0.        ]
 [   0.            0.            0.1496    ]]
               x1         y1  area1          x2         y2  area2
range  342.215517  11.199847  165.0  342.256136  44.861373  149.0
FAILURE!!!! Some beads might have been misidentified

iter 08 cost=213.044498 -> 136.796386 |dtheta|=3.561348e+00  lambda=1.524e-06

============================================================
Iteration 9
============================================================
Theta offsets (Unity frame):
  Source   : dSx=   0.000, dSy=   0.000, dSz=   0.000  (mm)
  Object   : dOx= -17.894, dOy=  -7.916, dOz= -25.687  (mm)
  Object offset: offset_x=  -3.205, offset_z=   0.187  (mm)
  Detector : dDx=   0.000, dDy=   0.000, dDz=   0.000  (mm)
  Obj Stage rotY :   15.014 deg
============================================================

Unity geometry (world coordinates):
  Source   : x=   5.000, y=  60.000, z=   0.000
  Object   : x=   0.106, y=  15.084, z= 554.313
  Detector : x=  -8.000, y=  -5.000, z= 800.000
  Obj rotY :   0.0000 deg
view   0 | SOD= 556.375 mm | SDD= 802.742 mm | M= 1.443 | incident=4.7367°
[[ 151.46584    -533.47296     -44.916393  ]
 [ -68.3303      235.85054      20.083607  ]
 [   0.14449325    0.03875386    0.        ]
 [   0.            0.            0.1496    ]]
               x1         y1  area1          x2         y2  area2
range  342.215517  11.199847  165.0  342.256136  44.861373  149.0
FAILURE!!!! Some beads might have been misidentified
               x1         y1  area1          x2       y2  area2
range  342.305894  11.144911  166.0  342.343023  44.8285  148.0
FAILURE!!!! Some beads might have been misidentified
               x1         y1  area1          x2         y2  area2
range  342.135433  11.195909  165.0  342.183679  44.812647  151.0
FAILURE!!!! Some beads might have been misidentified
               x1         y1  area1          x2         y2  area2
range  342.241163  11.147764  157.0  342.275227  44.886496  147.0
FAILURE!!!! Some beads might have been misidentified
               x1        y1  area1          x2         y2  area2
range  342.202536  11.31358  182.0  342.228477  44.836425  145.0
FAILURE!!!! Some beads might have been misidentified
               x1         y1  area1          x2         y2  area2
range  342.215517  11.199847  165.0  342.256136  44.861373  149.0
FAILURE!!!! Some beads might have been misidentified
               x1         y1  area1          x2         y2  area2
range  342.215517  11.214878  165.0  342.257261  44.824477  149.0
FAILURE!!!! Some beads might have been misidentified
               x1         y1  area1          x2         y2  area2
range  342.215517  11.170455  167.0  342.235967  44.850291  148.0
FAILURE!!!! Some beads might have been misidentified
               x1         y1  area1          x2         y2  area2
range  342.215517  11.183734  163.0  342.256136  44.824879  147.0
FAILURE!!!! Some beads might have been misidentified
               x1         y1  area1          x2         y2  area2
range  342.260873  11.180372  163.0  342.256136  44.816464  153.0
FAILURE!!!! Some beads might have been misidentified
               x1        y1  area1          x2         y2  area2
range  342.191098  11.15295  168.0  342.241024  44.861095  145.0
FAILURE!!!! Some beads might have been misidentified
               x1         y1  area1          x2         y2  area2
range  342.318519  11.155521  162.0  342.376029  44.854374  150.0
FAILURE!!!! Some beads might have been misidentified
              x1         y1  area1          x2        y2  area2
range  342.13775  11.196681  167.0  342.144704  44.85425  149.0
FAILURE!!!! Some beads might have been misidentified
Residual vector length: 25, Jacobian shape: (25, 6)
view   0 | SOD= 554.964 mm | SDD= 802.742 mm | M= 1.446 | incident=4.7367°
[[ 180.54063    -522.858       -44.82472   ]
 [ -83.26308     232.50725      20.175282  ]
 [   0.14201742    0.04702351    0.        ]
 [   0.            0.            0.1496    ]]
               x1         y1  area1          x2         y2  area2
range  338.535557  10.909283  181.0  338.510628  44.537494  156.0
FAILURE!!!! Some beads might have been misidentified

iter 09 cost=136.796386 -> 80.123252 |dtheta|=3.622922e+00  lambda=1.000e-06

============================================================
Iteration 10
============================================================
Theta offsets (Unity frame):
  Source   : dSx=   0.000, dSy=   0.000, dSz=   0.000  (mm)
  Object   : dOx= -17.803, dOy=  -7.825, dOz= -26.750  (mm)
  Object offset: offset_x=  -2.238, offset_z=  -0.144  (mm)
  Detector : dDx=   0.000, dDy=   0.000, dDz=   0.000  (mm)
  Obj Stage rotY :   18.320 deg
============================================================

Unity geometry (world coordinates):
  Source   : x=   5.000, y=  60.000, z=   0.000
  Object   : x=   0.197, y=  15.175, z= 553.250
  Detector : x=  -8.000, y=  -5.000, z= 800.000
  Obj rotY :   0.0000 deg
view   0 | SOD= 554.964 mm | SDD= 802.742 mm | M= 1.446 | incident=4.7367°
[[ 180.54063    -522.858       -44.82472   ]
 [ -83.26308     232.50725      20.175282  ]
 [   0.14201742    0.04702351    0.        ]
 [   0.            0.            0.1496    ]]
               x1         y1  area1          x2         y2  area2
range  338.535557  10.909283  181.0  338.510628  44.537494  156.0
FAILURE!!!! Some beads might have been misidentified
               x1         y1  area1          x2         y2  area2
range  338.515464  10.901039  181.0  338.528639  44.510519  156.0
FAILURE!!!! Some beads might have been misidentified
               x1         y1  area1          x2         y2  area2
range  338.462412  10.917549  181.0  338.503158  44.528276  161.0
FAILURE!!!! Some beads might have been misidentified
               x1         y1  area1          x2         y2  area2
range  338.515861  11.012969  184.0  338.508411  44.501142  154.0
FAILURE!!!! Some beads might have been misidentified
               x1        y1  area1          x2         y2  area2
range  338.448515  10.93838  173.0  338.517823  44.504895  154.0
FAILURE!!!! Some beads might have been misidentified
               x1         y1  area1          x2         y2  area2
range  338.544727  10.909283  179.0  338.517562  44.515041  152.0
FAILURE!!!! Some beads might have been misidentified
               x1         y1  area1          x2         y2  area2
range  338.535557  10.909283  181.0  338.528198  44.526267  157.0
FAILURE!!!! Some beads might have been misidentified
               x1         y1  area1          x2       y2  area2
range  338.549506  10.913061  178.0  338.495629  44.5406  154.0
FAILURE!!!! Some beads might have been misidentified
               x1         y1  area1          x2         y2  area2
range  338.544727  10.900897  181.0  338.538066  44.503121  155.0
FAILURE!!!! Some beads might have been misidentified
              x1         y1  area1          x2        y2  area2
range  338.54478  10.913354  181.0  338.517599  44.51227  158.0
FAILURE!!!! Some beads might have been misidentified
               x1         y1  area1          x2         y2  area2
range  338.526903  10.901039  180.0  338.491225  44.518218  157.0
FAILURE!!!! Some beads might have been misidentified
               x1         y1  area1         x2         y2  area2
range  338.605388  10.900998  179.0  338.63073  44.510252  156.0
FAILURE!!!! Some beads might have been misidentified
               x1         y1  area1          x2       y2  area2
range  338.372487  10.932383  181.0  338.401067  44.5425  156.0
FAILURE!!!! Some beads might have been misidentified
Residual vector length: 25, Jacobian shape: (25, 6)
view   0 | SOD= 555.800 mm | SDD= 802.742 mm | M= 1.444 | incident=4.7367°
[[ 190.89597    -520.0545      -44.891907  ]
 [ -87.83076     229.93243      20.108093  ]
 [   0.1410573     0.04982971    0.        ]
 [   0.            0.            0.1496    ]]
               x1         y1  area1          x2         y2  area2
range  337.845599  11.053186  169.0  337.782822  43.968024  146.0
FAILURE!!!! Some beads might have been misidentified

iter 10 cost=80.123252 -> 49.985585 |dtheta|=1.517615e+00  lambda=1.000e-06

============================================================
Iteration 11
============================================================
Theta offsets (Unity frame):
  Source   : dSx=   0.000, dSy=   0.000, dSz=   0.000  (mm)
  Object   : dOx= -18.018, dOy=  -7.892, dOz= -25.896  (mm)
  Object offset: offset_x=  -1.755, offset_z=  -0.161  (mm)
  Detector : dDx=   0.000, dDy=   0.000, dDz=   0.000  (mm)
  Obj Stage rotY :   19.456 deg
============================================================

Unity geometry (world coordinates):
  Source   : x=   5.000, y=  60.000, z=   0.000
  Object   : x=  -0.018, y=  15.108, z= 554.104
  Detector : x=  -8.000, y=  -5.000, z= 800.000
  Obj rotY :   0.0000 deg
view   0 | SOD= 555.800 mm | SDD= 802.742 mm | M= 1.444 | incident=4.7367°
[[ 190.89597    -520.0545      -44.891907  ]
 [ -87.83076     229.93243      20.108093  ]
 [   0.1410573     0.04982971    0.        ]
 [   0.            0.            0.1496    ]]
               x1         y1  area1          x2         y2  area2
range  337.845599  11.053186  169.0  337.782822  43.968024  146.0
FAILURE!!!! Some beads might have been misidentified
               x1        y1  area1          x2         y2  area2
range  337.869875  11.08359  167.0  337.801605  43.922265  148.0
FAILURE!!!! Some beads might have been misidentified
               x1         y1  area1          x2         y2  area2
range  337.828731  11.079406  169.0  337.804007  43.996487  149.0
FAILURE!!!! Some beads might have been misidentified
               x1         y1  area1          x2         y2  area2
range  337.884897  10.996628  160.0  337.828104  43.984169  142.0
FAILURE!!!! Some beads might have been misidentified
               x1         y1  area1          x2         y2  area2
range  337.780076  11.183946  181.0  337.726124  43.964977  156.0
FAILURE!!!! Some beads might have been misidentified
               x1         y1  area1          x2         y2  area2
range  337.845599  11.060814  169.0  337.779138  43.953596  145.0
FAILURE!!!! Some beads might have been misidentified
               x1         y1  area1          x2         y2  area2
range  337.845599  11.068155  170.0  337.796484  43.981953  149.0
FAILURE!!!! Some beads might have been misidentified
               x1         y1  area1          x2         y2  area2
range  337.832467  11.096757  169.0  337.772142  43.959874  144.0
FAILURE!!!! Some beads might have been misidentified
               x1         y1  area1          x2         y2  area2
range  337.842102  11.102866  173.0  337.785717  43.950313  148.0
FAILURE!!!! Some beads might have been misidentified
               x1         y1  area1          x2         y2  area2
range  337.831858  11.055916  169.0  337.775604  43.908373  152.0
FAILURE!!!! Some beads might have been misidentified
              x1         y1  area1          x2         y2  area2
range  337.81973  11.091554  172.0  337.798437  44.011892  146.0
FAILURE!!!! Some beads might have been misidentified
              x1         y1  area1          x2         y2  area2
range  338.00248  11.074747  169.0  337.968773  43.947472  148.0
FAILURE!!!! Some beads might have been misidentified
               x1         y1  area1          x2        y2  area2
range  337.696127  11.092225  170.0  337.635834  43.97028  147.0
FAILURE!!!! Some beads might have been misidentified
Residual vector length: 25, Jacobian shape: (25, 6)
view   0 | SOD= 556.206 mm | SDD= 802.742 mm | M= 1.443 | incident=4.7367°
[[ 196.27562    -518.47504     -44.99036   ]
 [ -90.289955    228.55183      20.00964   ]
 [   0.14052773    0.05130419    0.        ]
 [   0.            0.            0.1496    ]]
               x1         y1  area1          x2         y2  area2
range  340.763014  10.956464  160.0  340.736124  43.414232  159.0
FAILURE!!!! Some beads might have been misidentified

iter 11 cost=49.985585 -> 36.126218 |dtheta|=6.907836e-01  lambda=1.000e-06

============================================================
Iteration 12
============================================================
Theta offsets (Unity frame):
  Source   : dSx=   0.000, dSy=   0.000, dSz=   0.000  (mm)
  Object   : dOx= -17.932, dOy=  -7.990, dOz= -25.647  (mm)
  Object offset: offset_x=  -1.634, offset_z=  -0.009  (mm)
  Detector : dDx=   0.000, dDy=   0.000, dDz=   0.000  (mm)
  Obj Stage rotY :   20.056 deg
============================================================

Unity geometry (world coordinates):
  Source   : x=   5.000, y=  60.000, z=   0.000
  Object   : x=   0.068, y=  15.010, z= 554.353
  Detector : x=  -8.000, y=  -5.000, z= 800.000
  Obj rotY :   0.0000 deg
view   0 | SOD= 556.206 mm | SDD= 802.742 mm | M= 1.443 | incident=4.7367°
[[ 196.27562    -518.47504     -44.99036   ]
 [ -90.289955    228.55183      20.00964   ]
 [   0.14052773    0.05130419    0.        ]
 [   0.            0.            0.1496    ]]
               x1         y1  area1          x2         y2  area2
range  340.763014  10.956464  160.0  340.736124  43.414232  159.0
FAILURE!!!! Some beads might have been misidentified
              x1         y1  area1        x2         y2  area2
range  340.78592  10.948249  161.0  340.8517  43.473797  155.0
FAILURE!!!! Some beads might have been misidentified
               x1         y1  area1         x2         y2  area2
range  340.740235  10.947485  162.0  340.70833  43.440927  157.0
FAILURE!!!! Some beads might have been misidentified
               x1         y1  area1          x2         y2  area2
range  340.797936  10.960998  164.0  340.766993  43.406665  162.0
FAILURE!!!! Some beads might have been misidentified
               x1         y1  area1          x2         y2  area2
range  340.756127  10.933914  165.0  340.761387  43.480225  151.0
FAILURE!!!! Some beads might have been misidentified
               x1         y1  area1          x2         y2  area2
range  340.773281  10.956464  160.0  340.748413  43.438324  159.0
FAILURE!!!! Some beads might have been misidentified
               x1         y1  area1          x2         y2  area2
range  340.774646  10.956464  159.0  340.719848  43.442403  155.0
FAILURE!!!! Some beads might have been misidentified
               x1         y1  area1          x2         y2  area2
range  340.774646  10.977441  161.0  340.719848  43.435928  162.0
FAILURE!!!! Some beads might have been misidentified
               x1         y1  area1          x2         y2  area2
range  340.773281  10.955285  158.0  340.748413  43.436846  158.0
FAILURE!!!! Some beads might have been misidentified
               x1         y1  area1         x2         y2  area2
range  340.754196  10.984589  162.0  340.77677  43.429241  156.0
FAILURE!!!! Some beads might have been misidentified
              x1        y1  area1          x2         y2  area2
range  340.76787  10.94141  160.0  340.725458  43.451442  157.0
FAILURE!!!! Some beads might have been misidentified
               x1         y1  area1          x2         y2  area2
range  340.887994  10.956866  162.0  340.901637  43.411605  162.0
FAILURE!!!! Some beads might have been misidentified
              x1         y1  area1          x2         y2  area2
range  340.62368  10.957821  162.0  340.658393  43.459225  158.0
FAILURE!!!! Some beads might have been misidentified
Residual vector length: 25, Jacobian shape: (25, 6)
view   0 | SOD= 556.175 mm | SDD= 802.742 mm | M= 1.443 | incident=4.7367°
[[ 202.90492    -515.8806      -45.031773  ]
 [ -93.70745     227.21436      19.968227  ]
 [   0.13982317    0.05319439    0.        ]
 [   0.            0.            0.1496    ]]
               x1         y1  area1          x2         y2  area2
range  339.302946  10.916244  179.0  339.293955  43.281733  147.0
FAILURE!!!! Some beads might have been misidentified

iter 12 cost=36.126218 -> 28.578037 |dtheta|=8.445589e-01  lambda=1.000e-06

============================================================
Iteration 13
============================================================
Theta offsets (Unity frame):
  Source   : dSx=   0.000, dSy=   0.000, dSz=   0.000  (mm)
  Object   : dOx= -17.900, dOy=  -8.032, dOz= -25.598  (mm)
  Object offset: offset_x=  -1.309, offset_z=  -0.087  (mm)
  Detector : dDx=   0.000, dDy=   0.000, dDz=   0.000  (mm)
  Obj Stage rotY :   20.829 deg
============================================================

Unity geometry (world coordinates):
  Source   : x=   5.000, y=  60.000, z=   0.000
  Object   : x=   0.100, y=  14.968, z= 554.402
  Detector : x=  -8.000, y=  -5.000, z= 800.000
  Obj rotY :   0.0000 deg
view   0 | SOD= 556.175 mm | SDD= 802.742 mm | M= 1.443 | incident=4.7367°
[[ 202.90492    -515.8806      -45.031773  ]
 [ -93.70745     227.21436      19.968227  ]
 [   0.13982317    0.05319439    0.        ]
 [   0.            0.            0.1496    ]]
               x1         y1  area1          x2         y2  area2
range  339.302946  10.916244  179.0  339.293955  43.281733  147.0
FAILURE!!!! Some beads might have been misidentified
               x1         y1  area1          x2         y2  area2
range  339.295183  10.938032  185.0  339.313485  43.256175  147.0
FAILURE!!!! Some beads might have been misidentified
               x1         y1  area1        x2         y2  area2
range  339.336087  10.940493  177.0  339.2663  43.220938  144.0
FAILURE!!!! Some beads might have been misidentified
               x1         y1  area1          x2         y2  area2
range  339.296572  10.935938  182.0  339.301323  43.343249  143.0
FAILURE!!!! Some beads might have been misidentified
              x1         y1  area1          x2         y2  area2
range  339.30208  10.829338  180.0  339.273434  43.220455  147.0
FAILURE!!!! Some beads might have been misidentified
               x1         y1  area1          x2         y2  area2
range  339.302946  10.916244  179.0  339.263238  43.257493  146.0
FAILURE!!!! Some beads might have been misidentified
               x1         y1  area1          x2         y2  area2
range  339.302946  10.916244  180.0  339.309952  43.266244  146.0
FAILURE!!!! Some beads might have been misidentified
               x1         y1  area1          x2         y2  area2
range  339.289278  10.925469  180.0  339.292289  43.276741  142.0
FAILURE!!!! Some beads might have been misidentified
               x1         y1  area1          x2         y2  area2
range  339.317476  10.891409  183.0  339.305846  43.257446  148.0
FAILURE!!!! Some beads might have been misidentified
               x1         y1  area1          x2         y2  area2
range  339.300017  10.910956  182.0  339.294567  43.212406  148.0
FAILURE!!!! Some beads might have been misidentified
              x1         y1  area1          x2         y2  area2
range  339.32781  10.943343  180.0  339.274031  43.270162  141.0
FAILURE!!!! Some beads might have been misidentified
               x1         y1  area1         x2         y2  area2
range  339.600908  10.924164  179.0  339.51266  43.242388  145.0
FAILURE!!!! Some beads might have been misidentified
               x1         y1  area1         x2         y2  area2
range  339.021396  10.927434  182.0  339.06526  43.247813  145.0
FAILURE!!!! Some beads might have been misidentified
Residual vector length: 25, Jacobian shape: (25, 6)
view   0 | SOD= 556.502 mm | SDD= 802.742 mm | M= 1.442 | incident=4.7367°
[[ 209.81456    -513.469       -44.964138  ]
 [ -96.92321     225.5039       20.035862  ]
 [   0.13908331    0.05509986    0.        ]
 [   0.            0.            0.1496    ]]
               x1        y1  area1          x2         y2  area2
range  340.657874  10.59694  179.0  340.697229  42.603345  148.0
FAILURE!!!! Some beads might have been misidentified

iter 13 cost=28.578037 -> 18.459638 |dtheta|=9.051516e-01  lambda=1.000e-06

============================================================
Iteration 14
============================================================
Theta offsets (Unity frame):
  Source   : dSx=   0.000, dSy=   0.000, dSz=   0.000  (mm)
  Object   : dOx= -17.988, dOy=  -7.964, dOz= -25.343  (mm)
  Object offset: offset_x=  -0.959, offset_z=  -0.006  (mm)
  Detector : dDx=   0.000, dDy=   0.000, dDz=   0.000  (mm)
  Obj Stage rotY :   21.612 deg
============================================================

Unity geometry (world coordinates):
  Source   : x=   5.000, y=  60.000, z=   0.000
  Object   : x=   0.012, y=  15.036, z= 554.657
  Detector : x=  -8.000, y=  -5.000, z= 800.000
  Obj rotY :   0.0000 deg
view   0 | SOD= 556.502 mm | SDD= 802.742 mm | M= 1.442 | incident=4.7367°
[[ 209.81456    -513.469       -44.964138  ]
 [ -96.92321     225.5039       20.035862  ]
 [   0.13908331    0.05509986    0.        ]
 [   0.            0.            0.1496    ]]
               x1        y1  area1          x2         y2  area2
range  340.657874  10.59694  179.0  340.697229  42.603345  148.0
FAILURE!!!! Some beads might have been misidentified
               x1         y1  area1          x2         y2  area2
range  340.621514  10.591482  173.0  340.626938  42.530753  149.0
FAILURE!!!! Some beads might have been misidentified
               x1        y1  area1          x2         y2  area2
range  340.628699  10.60329  177.0  340.590931  42.564656  148.0
FAILURE!!!! Some beads might have been misidentified
               x1        y1  area1          x2         y2  area2
range  340.640664  10.62187  179.0  340.678352  42.588076  152.0
FAILURE!!!! Some beads might have been misidentified
               x1         y1  area1          x2         y2  area2
range  340.658508  10.613067  172.0  340.690574  42.537125  146.0
FAILURE!!!! Some beads might have been misidentified
               x1         y1  area1          x2         y2  area2
range  340.648972  10.607991  179.0  340.700271  42.603345  148.0
FAILURE!!!! Some beads might have been misidentified
               x1        y1  area1          x2         y2  area2
range  340.657874  10.59694  177.0  340.712531  42.590253  149.0
FAILURE!!!! Some beads might have been misidentified
              x1        y1  area1          x2         y2  area2
range  340.68536  10.59088  178.0  340.712531  42.591609  154.0
FAILURE!!!! Some beads might have been misidentified
               x1         y1  area1          x2         y2  area2
range  340.664192  10.612183  176.0  340.687366  42.606726  147.0
FAILURE!!!! Some beads might have been misidentified
               x1         y1  area1          x2         y2  area2
range  340.632604  10.608602  173.0  340.664893  42.546882  143.0
FAILURE!!!! Some beads might have been misidentified
               x1         y1  area1          x2         y2  area2
range  340.684676  10.611294  176.0  340.712666  42.548526  154.0
FAILURE!!!! Some beads might have been misidentified
               x1         y1  area1          x2         y2  area2
range  340.845175  10.597822  177.0  340.810489  42.559016  146.0
FAILURE!!!! Some beads might have been misidentified
               x1         y1  area1          x2       y2  area2
range  340.398513  10.641463  177.0  340.459256  42.5776  151.0
FAILURE!!!! Some beads might have been misidentified
Residual vector length: 25, Jacobian shape: (25, 6)
view   0 | SOD= 555.913 mm | SDD= 802.742 mm | M= 1.444 | incident=4.7367°
[[ 214.52605    -510.8768      -44.97641   ]
 [ -99.44641     225.05139      20.023592  ]
 [   0.13853607    0.05646164    0.        ]
 [   0.            0.            0.1496    ]]
               x1         y1  area1          x2         y2  area2
range  339.412384  10.753369  157.0  339.380531  42.765787  145.0
FAILURE!!!! Some beads might have been misidentified

iter 14 cost=18.459638 -> 14.497328 |dtheta|=7.637421e-01  lambda=1.000e-06

============================================================
Iteration 15
============================================================
Theta offsets (Unity frame):
  Source   : dSx=   0.000, dSy=   0.000, dSz=   0.000  (mm)
  Object   : dOx= -17.942, dOy=  -7.976, dOz= -25.848  (mm)
  Object offset: offset_x=  -0.904, offset_z=  -0.092  (mm)
  Detector : dDx=   0.000, dDy=   0.000, dDz=   0.000  (mm)
  Obj Stage rotY :   22.174 deg
============================================================

Unity geometry (world coordinates):
  Source   : x=   5.000, y=  60.000, z=   0.000
  Object   : x=   0.058, y=  15.024, z= 554.152
  Detector : x=  -8.000, y=  -5.000, z= 800.000
  Obj rotY :   0.0000 deg
view   0 | SOD= 555.913 mm | SDD= 802.742 mm | M= 1.444 | incident=4.7367°
[[ 214.52605    -510.8768      -44.97641   ]
 [ -99.44641     225.05139      20.023592  ]
 [   0.13853607    0.05646164    0.        ]
 [   0.            0.            0.1496    ]]
               x1         y1  area1          x2         y2  area2
range  339.412384  10.753369  157.0  339.380531  42.765787  145.0
FAILURE!!!! Some beads might have been misidentified
               x1         y1  area1          x2         y2  area2
range  339.270444  10.762263  151.0  339.346656  42.690791  142.0
FAILURE!!!! Some beads might have been misidentified
               x1         y1  area1          x2         y2  area2
range  339.433121  10.777064  160.0  339.363862  42.762198  149.0
FAILURE!!!! Some beads might have been misidentified
               x1         y1  area1          x2         y2  area2
range  339.411441  10.777768  163.0  339.405057  42.717697  148.0
FAILURE!!!! Some beads might have been misidentified
               x1         y1  area1          x2         y2  area2
range  339.391209  10.714561  161.0  339.382295  42.708663  142.0
FAILURE!!!! Some beads might have been misidentified
               x1        y1  area1          x2         y2  area2
range  339.412384  10.74519  158.0  339.403509  42.768117  146.0
FAILURE!!!! Some beads might have been misidentified
               x1         y1  area1          x2         y2  area2
range  339.412384  10.753369  157.0  339.380531  42.767536  142.0
FAILURE!!!! Some beads might have been misidentified
               x1         y1  area1          x2         y2  area2
range  339.412384  10.741955  156.0  339.397287  42.761948  144.0
FAILURE!!!! Some beads might have been misidentified
               x1         y1  area1          x2         y2  area2
range  339.428217  10.761862  157.0  339.380531  42.764265  143.0
FAILURE!!!! Some beads might have been misidentified
               x1        y1  area1          x2         y2  area2
range  339.406418  10.79775  157.0  339.403719  42.736897  143.0
FAILURE!!!! Some beads might have been misidentified
               x1        y1  area1          x2         y2  area2
range  339.396269  10.74834  154.0  339.388996  42.727991  147.0
FAILURE!!!! Some beads might have been misidentified
               x1         y1  area1          x2         y2  area2
range  339.514856  10.749804  162.0  339.603242  42.722643  147.0
FAILURE!!!! Some beads might have been misidentified
              x1         y1  area1          x2       y2  area2
range  339.18871  10.793821  157.0  339.098775  42.8017  143.0
FAILURE!!!! Some beads might have been misidentified
Residual vector length: 25, Jacobian shape: (25, 6)
view   0 | SOD= 556.307 mm | SDD= 802.742 mm | M= 1.443 | incident=4.7367°
[[ 217.56238    -510.02045     -44.97674   ]
 [-100.69579     224.06453      20.023258  ]
 [   0.1382045     0.05726845    0.        ]
 [   0.            0.            0.1496    ]]
               x1         y1  area1          x2         y2  area2
range  339.592492  10.681075  162.0  339.634813  42.470438  158.0
FAILURE!!!! Some beads might have been misidentified

iter 15 cost=14.497328 -> 10.342498 |dtheta|=5.076239e-01  lambda=1.000e-06

============================================================
Iteration 16
============================================================
Theta offsets (Unity frame):
  Source   : dSx=   0.000, dSy=   0.000, dSz=   0.000  (mm)
  Object   : dOx= -17.939, dOy=  -7.977, dOz= -25.478  (mm)
  Object offset: offset_x=  -0.810, offset_z=  -0.066  (mm)
  Detector : dDx=   0.000, dDy=   0.000, dDz=   0.000  (mm)
  Obj Stage rotY :   22.508 deg
============================================================

Unity geometry (world coordinates):
  Source   : x=   5.000, y=  60.000, z=   0.000
  Object   : x=   0.061, y=  15.023, z= 554.522
  Detector : x=  -8.000, y=  -5.000, z= 800.000
  Obj rotY :   0.0000 deg
view   0 | SOD= 556.307 mm | SDD= 802.742 mm | M= 1.443 | incident=4.7367°
[[ 217.56238    -510.02045     -44.97674   ]
 [-100.69579     224.06453      20.023258  ]
 [   0.1382045     0.05726845    0.        ]
 [   0.            0.            0.1496    ]]
               x1         y1  area1          x2         y2  area2
range  339.592492  10.681075  162.0  339.634813  42.470438  158.0
FAILURE!!!! Some beads might have been misidentified
               x1         y1  area1          x2         y2  area2
range  339.468783  10.656374  162.0  339.524978  42.411515  159.0
FAILURE!!!! Some beads might have been misidentified
               x1         y1  area1          x2         y2  area2
range  339.540041  10.685922  163.0  339.624757  42.494075  156.0
FAILURE!!!! Some beads might have been misidentified
               x1         y1  area1          x2        y2  area2
range  339.553003  10.552357  171.0  339.597607  42.44098  151.0
FAILURE!!!! Some beads might have been misidentified
               x1        y1  area1          x2         y2  area2
range  339.626217  10.71068  158.0  339.623584  42.481206  161.0
FAILURE!!!! Some beads might have been misidentified
               x1         y1  area1          x2         y2  area2
range  339.577611  10.681075  162.0  339.634813  42.470438  159.0
FAILURE!!!! Some beads might have been misidentified
               x1         y1  area1          x2         y2  area2
range  339.592492  10.717965  161.0  339.632117  42.462658  158.0
FAILURE!!!! Some beads might have been misidentified
               x1        y1  area1          x2        y2  area2
range  339.578692  10.69645  162.0  339.634813  42.44294  159.0
FAILURE!!!! Some beads might have been misidentified
               x1         y1  area1          x2         y2  area2
range  339.607813  10.669048  164.0  339.620097  42.460999  159.0
FAILURE!!!! Some beads might have been misidentified
               x1         y1  area1          x2         y2  area2
range  339.526077  10.644392  166.0  339.575181  42.425832  156.0
FAILURE!!!! Some beads might have been misidentified
               x1       y1  area1          x2         y2  area2
range  339.563217  10.6938  159.0  339.605415  42.454773  158.0
FAILURE!!!! Some beads might have been misidentified
               x1         y1  area1          x2         y2  area2
range  339.743674  10.695385  165.0  339.736649  42.443719  156.0
FAILURE!!!! Some beads might have been misidentified
               x1         y1  area1          x2         y2  area2
range  339.286733  10.743977  161.0  339.380719  42.503626  159.0
FAILURE!!!! Some beads might have been misidentified
Residual vector length: 25, Jacobian shape: (25, 6)
view   0 | SOD= 556.635 mm | SDD= 802.742 mm | M= 1.442 | incident=4.7367°
[[ 221.42267    -508.71558     -44.9822    ]
 [-102.374084    222.94327      20.0178    ]
 [   0.13776776    0.05831126    0.        ]
 [   0.            0.            0.1496    ]]
               x1        y1  area1          x2         y2  area2
range  339.814275  10.56424  174.0  339.829765  42.126725  154.0
FAILURE!!!! Some beads might have been misidentified

iter 16 cost=10.342498 -> 5.501299 |dtheta|=5.534210e-01  lambda=1.000e-06

============================================================
Iteration 17
============================================================
Theta offsets (Unity frame):
  Source   : dSx=   0.000, dSy=   0.000, dSz=   0.000  (mm)
  Object   : dOx= -17.972, dOy=  -7.982, dOz= -25.176  (mm)
  Object offset: offset_x=  -0.650, offset_z=  -0.038  (mm)
  Detector : dDx=   0.000, dDy=   0.000, dDz=   0.000  (mm)
  Obj Stage rotY :   22.941 deg
============================================================

Unity geometry (world coordinates):
  Source   : x=   5.000, y=  60.000, z=   0.000
  Object   : x=   0.028, y=  15.018, z= 554.824
  Detector : x=  -8.000, y=  -5.000, z= 800.000
  Obj rotY :   0.0000 deg
view   0 | SOD= 556.635 mm | SDD= 802.742 mm | M= 1.442 | incident=4.7367°
[[ 221.42267    -508.71558     -44.9822    ]
 [-102.374084    222.94327      20.0178    ]
 [   0.13776776    0.05831126    0.        ]
 [   0.            0.            0.1496    ]]
               x1        y1  area1          x2         y2  area2
range  339.814275  10.56424  174.0  339.829765  42.126725  154.0
FAILURE!!!! Some beads might have been misidentified
               x1         y1  area1          x2         y2  area2
range  339.759638  10.504695  179.0  339.794894  42.147999  152.0
FAILURE!!!! Some beads might have been misidentified
               x1         y1  area1          x2        y2  area2
range  339.699595  10.629386  170.0  339.833933  42.12712  153.0
FAILURE!!!! Some beads might have been misidentified
               x1         y1  area1          x2         y2  area2
range  339.761712  10.532285  183.0  339.817396  42.165339  150.0
FAILURE!!!! Some beads might have been misidentified
              x1         y1  area1          x2        y2  area2
range  339.74011  10.705714  166.0  339.846364  42.03744  150.0
FAILURE!!!! Some beads might have been misidentified
               x1         y1  area1          x2         y2  area2
range  339.814275  10.578639  176.0  339.843757  42.126725  153.0
FAILURE!!!! Some beads might have been misidentified
               x1         y1  area1          x2         y2  area2
range  339.814275  10.576048  174.0  339.829765  42.114216  155.0
FAILURE!!!! Some beads might have been misidentified
               x1         y1  area1          x2         y2  area2
range  339.810696  10.572228  173.0  339.829765  42.117726  157.0
FAILURE!!!! Some beads might have been misidentified
               x1        y1  area1          x2         y2  area2
range  339.814275  10.56127  176.0  339.830656  42.099098  153.0
FAILURE!!!! Some beads might have been misidentified
               x1         y1  area1          x2         y2  area2
range  339.797601  10.584789  174.0  339.798334  42.086695  147.0
FAILURE!!!! Some beads might have been misidentified
               x1         y1  area1          x2         y2  area2
range  339.733504  10.568277  177.0  339.834925  42.158532  157.0
FAILURE!!!! Some beads might have been misidentified
               x1         y1  area1          x2        y2  area2
range  339.915589  10.566848  173.0  339.964396  42.14065  153.0
FAILURE!!!! Some beads might have been misidentified
               x1         y1  area1          x2         y2  area2
range  339.558575  10.612262  175.0  339.693875  42.114438  152.0
FAILURE!!!! Some beads might have been misidentified
Residual vector length: 25, Jacobian shape: (25, 6)
view   0 | SOD= 556.588 mm | SDD= 802.742 mm | M= 1.442 | incident=4.7367°
[[ 225.5118     -506.86316     -44.98775   ]
 [-104.36311     222.0755       20.012249  ]
 [   0.13727768    0.05945585    0.        ]
 [   0.            0.            0.1496    ]]
               x1         y1  area1          x2         y2  area2
range  339.888797  10.636808  151.0  339.859028  41.895242  140.0
FAILURE!!!! Some beads might have been misidentified

iter 17 cost=5.501299 -> 3.746189 |dtheta|=5.065293e-01  lambda=1.000e-06

============================================================
Iteration 18
============================================================
Theta offsets (Unity frame):
  Source   : dSx=   0.000, dSy=   0.000, dSz=   0.000  (mm)
  Object   : dOx= -18.002, dOy=  -7.988, dOz= -25.227  (mm)
  Object offset: offset_x=  -0.491, offset_z=  -0.033  (mm)
  Detector : dDx=   0.000, dDy=   0.000, dDz=   0.000  (mm)
  Obj Stage rotY :   23.418 deg
============================================================

Unity geometry (world coordinates):
  Source   : x=   5.000, y=  60.000, z=   0.000
  Object   : x=  -0.002, y=  15.012, z= 554.773
  Detector : x=  -8.000, y=  -5.000, z= 800.000
  Obj rotY :   0.0000 deg
view   0 | SOD= 556.588 mm | SDD= 802.742 mm | M= 1.442 | incident=4.7367°
[[ 225.5118     -506.86316     -44.98775   ]
 [-104.36311     222.0755       20.012249  ]
 [   0.13727768    0.05945585    0.        ]
 [   0.            0.            0.1496    ]]
               x1         y1  area1          x2         y2  area2
range  339.888797  10.636808  151.0  339.859028  41.895242  140.0
FAILURE!!!! Some beads might have been misidentified
               x1         y1  area1          x2         y2  area2
range  339.811698  10.652743  151.0  339.754866  41.848552  141.0
FAILURE!!!! Some beads might have been misidentified
               x1         y1  area1          x2         y2  area2
range  339.918831  10.643808  151.0  339.881635  41.904667  132.0
FAILURE!!!! Some beads might have been misidentified
               x1         y1  area1         x2         y2  area2
range  339.858117  10.501006  163.0  339.82979  41.946045  140.0
FAILURE!!!! Some beads might have been misidentified
               x1         y1  area1          x2         y2  area2
range  339.930612  10.572379  150.0  339.837926  41.854586  145.0
FAILURE!!!! Some beads might have been misidentified
               x1         y1  area1          x2         y2  area2
range  339.888797  10.636808  151.0  339.859028  41.895303  139.0
FAILURE!!!! Some beads might have been misidentified
               x1         y1  area1          x2         y2  area2
range  339.888797  10.649698  150.0  339.859028  41.886233  141.0
FAILURE!!!! Some beads might have been misidentified
               x1         y1  area1          x2         y2  area2
range  339.888797  10.640543  149.0  339.859028  41.877817  138.0
FAILURE!!!! Some beads might have been misidentified
               x1         y1  area1          x2         y2  area2
range  339.874366  10.646445  151.0  339.874755  41.900228  141.0
FAILURE!!!! Some beads might have been misidentified
               x1         y1  area1          x2         y2  area2
range  339.797757  10.665522  154.0  339.803369  41.893041  141.0
FAILURE!!!! Some beads might have been misidentified
             x1         y1  area1          x2         y2  area2
range  339.8893  10.662954  149.0  339.850688  41.877584  133.0
FAILURE!!!! Some beads might have been misidentified
               x1         y1  area1          x2         y2  area2
range  340.058696  10.639739  150.0  339.971628  41.857912  142.0
FAILURE!!!! Some beads might have been misidentified
               x1         y1  area1          x2         y2  area2
range  339.641129  10.666697  149.0  339.647723  41.913305  140.0
FAILURE!!!! Some beads might have been misidentified
Residual vector length: 25, Jacobian shape: (25, 6)
view   0 | SOD= 556.883 mm | SDD= 802.742 mm | M= 1.441 | incident=4.7367°
[[ 226.67365    -506.66946     -44.990574  ]
 [-104.76631     221.55891      20.009426  ]
 [   0.13714965    0.05975059    0.        ]
 [   0.            0.            0.1496    ]]
               x1         y1  area1          x2         y2  area2
range  339.523634  10.601455  168.0  339.608694  41.803214  153.0
FAILURE!!!! Some beads might have been misidentified

iter 18 cost=3.746189 -> 2.957342 |dtheta|=3.255915e-01  lambda=1.000e-06

============================================================
Iteration 19
============================================================
Theta offsets (Unity frame):
  Source   : dSx=   0.000, dSy=   0.000, dSz=   0.000  (mm)
  Object   : dOx= -17.973, dOy=  -7.991, dOz= -24.928  (mm)
  Object offset: offset_x=  -0.471, offset_z=  -0.036  (mm)
  Detector : dDx=   0.000, dDy=   0.000, dDz=   0.000  (mm)
  Obj Stage rotY :   23.541 deg
============================================================

Unity geometry (world coordinates):
  Source   : x=   5.000, y=  60.000, z=   0.000
  Object   : x=   0.027, y=  15.009, z= 555.072
  Detector : x=  -8.000, y=  -5.000, z= 800.000
  Obj rotY :   0.0000 deg
view   0 | SOD= 556.883 mm | SDD= 802.742 mm | M= 1.441 | incident=4.7367°
[[ 226.67365    -506.66946     -44.990574  ]
 [-104.76631     221.55891      20.009426  ]
 [   0.13714965    0.05975059    0.        ]
 [   0.            0.            0.1496    ]]
               x1         y1  area1          x2         y2  area2
range  339.523634  10.601455  168.0  339.608694  41.803214  153.0
FAILURE!!!! Some beads might have been misidentified
               x1         y1  area1          x2         y2  area2
range  339.511313  10.628267  171.0  339.515881  41.879693  149.0
FAILURE!!!! Some beads might have been misidentified
               x1         y1  area1          x2         y2  area2
range  339.546822  10.587986  167.0  339.625314  41.877467  152.0
FAILURE!!!! Some beads might have been misidentified
               x1         y1  area1          x2         y2  area2
range  339.571377  10.511438  179.0  339.619186  41.839248  152.0
FAILURE!!!! Some beads might have been misidentified
               x1         y1  area1          x2         y2  area2
range  339.560106  10.596818  166.0  339.532373  41.842852  151.0
FAILURE!!!! Some beads might have been misidentified
               x1         y1  area1          x2         y2  area2
range  339.523634  10.601455  168.0  339.589525  41.834024  151.0
FAILURE!!!! Some beads might have been misidentified
               x1         y1  area1          x2         y2  area2
range  339.545603  10.601455  168.0  339.608694  41.829795  154.0
FAILURE!!!! Some beads might have been misidentified
               x1         y1  area1          x2         y2  area2
range  339.557491  10.638871  170.0  339.621333  41.824587  152.0
FAILURE!!!! Some beads might have been misidentified
               x1         y1  area1          x2         y2  area2
range  339.529632  10.596453  169.0  339.624132  41.816214  153.0
FAILURE!!!! Some beads might have been misidentified
               x1         y1  area1          x2         y2  area2
range  339.545217  10.599891  169.0  339.582346  41.831502  151.0
FAILURE!!!! Some beads might have been misidentified
              x1         y1  area1          x2         y2  area2
range  339.55688  10.614708  169.0  339.626291  41.895153  149.0
FAILURE!!!! Some beads might have been misidentified
               x1         y1  area1          x2         y2  area2
range  339.742733  10.603249  168.0  339.756799  41.809814  151.0
FAILURE!!!! Some beads might have been misidentified
               x1         y1  area1          x2         y2  area2
range  339.330753  10.648394  169.0  339.380372  41.879652  152.0
FAILURE!!!! Some beads might have been misidentified
Residual vector length: 25, Jacobian shape: (25, 6)
view   0 | SOD= 556.960 mm | SDD= 802.742 mm | M= 1.441 | incident=4.7367°
[[ 229.06332    -505.67612     -45.01676   ]
 [-105.87788     220.94855      19.983238  ]
 [   0.13686047    0.06041002    0.        ]
 [   0.            0.            0.1496    ]]
              x1         y1  area1          x2         y2  area2
range  339.60411  10.488341  159.0  339.532147  41.930252  141.0
FAILURE!!!! Some beads might have been misidentified

iter 19 cost=2.957342 -> 1.748317 |dtheta|=3.054797e-01  lambda=1.000e-06

============================================================
Iteration 20
============================================================
Theta offsets (Unity frame):
  Source   : dSx=   0.000, dSy=   0.000, dSz=   0.000  (mm)
  Object   : dOx= -17.993, dOy=  -8.017, dOz= -24.856  (mm)
  Object offset: offset_x=  -0.367, offset_z=  -0.032  (mm)
  Detector : dDx=   0.000, dDy=   0.000, dDz=   0.000  (mm)
  Obj Stage rotY :   23.817 deg
============================================================

Unity geometry (world coordinates):
  Source   : x=   5.000, y=  60.000, z=   0.000
  Object   : x=   0.007, y=  14.983, z= 555.144
  Detector : x=  -8.000, y=  -5.000, z= 800.000
  Obj rotY :   0.0000 deg
view   0 | SOD= 556.960 mm | SDD= 802.742 mm | M= 1.441 | incident=4.7367°
[[ 229.06332    -505.67612     -45.01676   ]
 [-105.87788     220.94855      19.983238  ]
 [   0.13686047    0.06041002    0.        ]
 [   0.            0.            0.1496    ]]
              x1         y1  area1          x2         y2  area2
range  339.60411  10.488341  159.0  339.532147  41.930252  141.0
FAILURE!!!! Some beads might have been misidentified
               x1         y1  area1          x2         y2  area2
range  339.498476  10.528213  167.0  339.471823  41.891031  147.0
FAILURE!!!! Some beads might have been misidentified
               x1         y1  area1          x2         y2  area2
range  339.592552  10.473262  152.0  339.514271  41.930345  141.0
FAILURE!!!! Some beads might have been misidentified
               x1         y1  area1          x2         y2  area2
range  339.583131  10.567866  162.0  339.506896  41.906661  149.0
FAILURE!!!! Some beads might have been misidentified
               x1         y1  area1          x2         y2  area2
range  339.560767  10.397511  159.0  339.582159  41.912418  145.0
FAILURE!!!! Some beads might have been misidentified
              x1         y1  area1          x2        y2  area2
range  339.60411  10.488341  159.0  339.510699  41.91494  142.0
FAILURE!!!! Some beads might have been misidentified
              x1         y1  area1         x2         y2  area2
range  339.60411  10.472222  158.0  339.54575  41.941045  140.0
FAILURE!!!! Some beads might have been misidentified
               x1         y1  area1          x2         y2  area2
range  339.589113  10.488681  161.0  339.518074  41.921174  141.0
FAILURE!!!! Some beads might have been misidentified
              x1         y1  area1          x2         y2  area2
range  339.60411  10.499208  156.0  339.536392  41.940086  143.0
FAILURE!!!! Some beads might have been misidentified
               x1         y1  area1          x2         y2  area2
range  339.586326  10.512127  157.0  339.497875  41.924423  148.0
FAILURE!!!! Some beads might have been misidentified
               x1        y1  area1          x2         y2  area2
range  339.585279  10.48741  162.0  339.522394  41.906324  141.0
FAILURE!!!! Some beads might have been misidentified
               x1         y1  area1          x2         y2  area2
range  339.724761  10.483914  155.0  339.682374  41.891828  142.0
FAILURE!!!! Some beads might have been misidentified
              x1         y1  area1          x2         y2  area2
range  339.35348  10.465827  162.0  339.363645  41.924171  142.0
FAILURE!!!! Some beads might have been misidentified
Residual vector length: 25, Jacobian shape: (25, 6)
view   0 | SOD= 556.965 mm | SDD= 802.742 mm | M= 1.441 | incident=4.7367°
[[ 231.64185    -504.50626     -44.99946   ]
 [-107.1155      220.34714      20.00054   ]
 [   0.13654093    0.06112883    0.        ]
 [   0.            0.            0.1496    ]]
               x1         y1  area1          x2         y2  area2
range  340.296205  10.649376  148.0  340.317113  41.820786  147.0
FAILURE!!!! Some beads might have been misidentified

iter 20 cost=1.748317 -> 1.352239 |dtheta|=3.206323e-01  lambda=1.000e-06

============================================================
Iteration 21
============================================================
Theta offsets (Unity frame):
  Source   : dSx=   0.000, dSy=   0.000, dSz=   0.000  (mm)
  Object   : dOx= -17.998, dOy=  -7.999, dOz= -24.892  (mm)
  Object offset: offset_x=  -0.274, offset_z=   0.011  (mm)
  Detector : dDx=   0.000, dDy=   0.000, dDz=   0.000  (mm)
  Obj Stage rotY :   24.118 deg
============================================================

Unity geometry (world coordinates):
  Source   : x=   5.000, y=  60.000, z=   0.000
  Object   : x=   0.002, y=  15.001, z= 555.108
  Detector : x=  -8.000, y=  -5.000, z= 800.000
  Obj rotY :   0.0000 deg
view   0 | SOD= 556.965 mm | SDD= 802.742 mm | M= 1.441 | incident=4.7367°
[[ 231.64185    -504.50626     -44.99946   ]
 [-107.1155      220.34714      20.00054   ]
 [   0.13654093    0.06112883    0.        ]
 [   0.            0.            0.1496    ]]
               x1         y1  area1          x2         y2  area2
range  340.296205  10.649376  148.0  340.317113  41.820786  147.0
FAILURE!!!! Some beads might have been misidentified
               x1         y1  area1          x2         y2  area2
range  340.194298  10.722766  151.0  340.283634  41.793614  148.0
FAILURE!!!! Some beads might have been misidentified
               x1         y1  area1          x2        y2  area2
range  340.271588  10.694572  148.0  340.333077  41.79756  143.0
FAILURE!!!! Some beads might have been misidentified
               x1         y1  area1          x2         y2  area2
range  340.266908  10.558469  166.0  340.275566  41.786134  150.0
FAILURE!!!! Some beads might have been misidentified
               x1         y1  area1          x2         y2  area2
range  340.289617  10.579288  153.0  340.334771  41.908653  139.0
FAILURE!!!! Some beads might have been misidentified
               x1         y1  area1        x2         y2  area2
range  340.273643  10.664694  149.0  340.3008  41.807267  148.0
FAILURE!!!! Some beads might have been misidentified
               x1         y1  area1          x2        y2  area2
range  340.296205  10.662273  147.0  340.320997  41.82737  146.0
FAILURE!!!! Some beads might have been misidentified
               x1         y1  area1          x2        y2  area2
range  340.298999  10.685276  149.0  340.309225  41.79842  148.0
FAILURE!!!! Some beads might have been misidentified
               x1         y1  area1          x2         y2  area2
range  340.280709  10.656892  149.0  340.304777  41.815294  146.0
FAILURE!!!! Some beads might have been misidentified
               x1         y1  area1          x2         y2  area2
range  340.256801  10.692517  151.0  340.311865  41.799297  147.0
FAILURE!!!! Some beads might have been misidentified
               x1         y1  area1          x2         y2  area2
range  340.301369  10.701205  146.0  340.329914  41.801109  143.0
FAILURE!!!! Some beads might have been misidentified
               x1        y1  area1         x2         y2  area2
range  340.407462  10.66736  149.0  340.48491  41.810286  147.0
FAILURE!!!! Some beads might have been misidentified
               x1         y1  area1          x2         y2  area2
range  340.071265  10.712508  149.0  340.117597  41.847778  146.0
FAILURE!!!! Some beads might have been misidentified
Residual vector length: 25, Jacobian shape: (25, 6)
view   0 | SOD= 556.929 mm | SDD= 802.742 mm | M= 1.441 | incident=4.7367°
[[ 232.67911    -503.9878      -45.016945  ]
 [-107.64881     220.12955      19.983057  ]
 [   0.13640809    0.06142469    0.        ]
 [   0.            0.            0.1496    ]]
               x1         y1  area1        x2         y2  area2
range  339.744216  10.516536  154.0  339.6779  42.042104  140.0
FAILURE!!!! Some beads might have been misidentified

iter 21 cost=1.352239 -> 0.848256 |dtheta|=1.370391e-01  lambda=1.000e-06

============================================================
Iteration 22
============================================================
Theta offsets (Unity frame):
  Source   : dSx=   0.000, dSy=   0.000, dSz=   0.000  (mm)
  Object   : dOx= -17.999, dOy=  -8.017, dOz= -24.898  (mm)
  Object offset: offset_x=  -0.228, offset_z=  -0.020  (mm)
  Detector : dDx=   0.000, dDy=   0.000, dDz=   0.000  (mm)
  Obj Stage rotY :   24.242 deg
============================================================

Unity geometry (world coordinates):
  Source   : x=   5.000, y=  60.000, z=   0.000
  Object   : x=   0.001, y=  14.983, z= 555.102
  Detector : x=  -8.000, y=  -5.000, z= 800.000
  Obj rotY :   0.0000 deg
view   0 | SOD= 556.929 mm | SDD= 802.742 mm | M= 1.441 | incident=4.7367°
[[ 232.67911    -503.9878      -45.016945  ]
 [-107.64881     220.12955      19.983057  ]
 [   0.13640809    0.06142469    0.        ]
 [   0.            0.            0.1496    ]]
               x1         y1  area1        x2         y2  area2
range  339.744216  10.516536  154.0  339.6779  42.042104  140.0
FAILURE!!!! Some beads might have been misidentified
               x1         y1  area1          x2         y2  area2
range  339.612717  10.515294  159.0  339.598958  42.044682  151.0
FAILURE!!!! Some beads might have been misidentified
               x1         y1  area1          x2         y2  area2
range  339.687304  10.533623  147.0  339.745765  41.989406  133.0
FAILURE!!!! Some beads might have been misidentified
               x1         y1  area1         x2         y2  area2
range  339.694557  10.654542  154.0  339.64633  41.974135  142.0
FAILURE!!!! Some beads might have been misidentified
               x1         y1  area1         x2         y2  area2
range  339.655653  10.470086  157.0  339.64262  42.048775  144.0
FAILURE!!!! Some beads might have been misidentified
               x1         y1  area1          x2        y2  area2
range  339.728034  10.516536  154.0  339.673186  42.04051  142.0
FAILURE!!!! Some beads might have been misidentified
               x1         y1  area1          x2         y2  area2
range  339.750277  10.516536  154.0  339.667903  42.042104  140.0
FAILURE!!!! Some beads might have been misidentified
               x1         y1  area1          x2         y2  area2
range  339.750277  10.505882  157.0  339.670071  42.034266  142.0
FAILURE!!!! Some beads might have been misidentified
               x1        y1  area1          x2         y2  area2
range  339.695907  10.51719  154.0  339.667903  42.044553  142.0
FAILURE!!!! Some beads might have been misidentified
               x1        y1  area1          x2         y2  area2
range  339.662216  10.52687  152.0  339.623762  42.031228  144.0
FAILURE!!!! Some beads might have been misidentified
               x1         y1  area1          x2         y2  area2
range  339.703336  10.522047  152.0  339.711364  42.006322  140.0
FAILURE!!!! Some beads might have been misidentified
               x1        y1  area1          x2         y2  area2
range  339.800193  10.51653  152.0  339.847784  42.034648  141.0
FAILURE!!!! Some beads might have been misidentified
               x1         y1  area1          x2         y2  area2
range  339.497133  10.512962  155.0  339.486843  42.032487  142.0
FAILURE!!!! Some beads might have been misidentified
Residual vector length: 25, Jacobian shape: (25, 6)
view   0 | SOD= 556.864 mm | SDD= 802.742 mm | M= 1.442 | incident=4.7367°
[[ 232.80693    -503.8583      -45.008785  ]
 [-107.74036     220.15588      19.991215  ]
 [   0.13638948    0.06146601    0.        ]
 [   0.            0.            0.1496    ]]
               x1         y1  area1          x2         y2  area2
range  339.816409  10.571027  161.0  339.797122  42.013212  144.0
FAILURE!!!! Some beads might have been misidentified

iter 22 cost=0.848256 -> 0.720019 |dtheta|=7.416903e-02  lambda=1.000e-06

============================================================
Iteration 23
============================================================
Theta offsets (Unity frame):
  Source   : dSx=   0.000, dSy=   0.000, dSz=   0.000  (mm)
  Object   : dOx= -17.993, dOy=  -8.009, dOz= -24.969  (mm)
  Object offset: offset_x=  -0.236, offset_z=  -0.013  (mm)
  Detector : dDx=   0.000, dDy=   0.000, dDz=   0.000  (mm)
  Obj Stage rotY :   24.259 deg
============================================================

Unity geometry (world coordinates):
  Source   : x=   5.000, y=  60.000, z=   0.000
  Object   : x=   0.007, y=  14.991, z= 555.031
  Detector : x=  -8.000, y=  -5.000, z= 800.000
  Obj rotY :   0.0000 deg
view   0 | SOD= 556.864 mm | SDD= 802.742 mm | M= 1.442 | incident=4.7367°
[[ 232.80693    -503.8583      -45.008785  ]
 [-107.74036     220.15588      19.991215  ]
 [   0.13638948    0.06146601    0.        ]
 [   0.            0.            0.1496    ]]
               x1         y1  area1          x2         y2  area2
range  339.816409  10.571027  161.0  339.797122  42.013212  144.0
FAILURE!!!! Some beads might have been misidentified
               x1         y1  area1          x2         y2  area2
range  339.810645  10.609791  166.0  339.833806  41.994978  147.0
FAILURE!!!! Some beads might have been misidentified
               x1         y1  area1          x2         y2  area2
range  339.835198  10.569892  154.0  339.869868  42.000637  139.0
FAILURE!!!! Some beads might have been misidentified
               x1         y1  area1         x2         y2  area2
range  339.792735  10.719602  153.0  339.76636  41.984635  148.0
FAILURE!!!! Some beads might have been misidentified
               x1         y1  area1          x2         y2  area2
range  339.783271  10.501383  158.0  339.836392  42.004448  142.0
FAILURE!!!! Some beads might have been misidentified
               x1         y1  area1          x2         y2  area2
range  339.795934  10.588033  160.0  339.808033  42.013731  145.0
FAILURE!!!! Some beads might have been misidentified
               x1         y1  area1          x2         y2  area2
range  339.818403  10.571027  161.0  339.804109  42.026784  144.0
FAILURE!!!! Some beads might have been misidentified
               x1         y1  area1          x2        y2  area2
range  339.805449  10.592161  158.0  339.785216  41.98509  140.0
FAILURE!!!! Some beads might have been misidentified
               x1         y1  area1          x2         y2  area2
range  339.803043  10.570488  162.0  339.808033  42.034053  145.0
FAILURE!!!! Some beads might have been misidentified
               x1         y1  area1         x2         y2  area2
range  339.754445  10.562251  158.0  339.80011  42.021099  144.0
FAILURE!!!! Some beads might have been misidentified
               x1         y1  area1          x2         y2  area2
range  339.816074  10.615628  163.0  339.795561  41.982194  143.0
FAILURE!!!! Some beads might have been misidentified
               x1         y1  area1          x2        y2  area2
range  340.009783  10.545538  156.0  340.062127  42.01344  141.0
FAILURE!!!! Some beads might have been misidentified
              x1         y1  area1          x2         y2  area2
range  339.64589  10.611648  162.0  339.641547  41.996853  143.0
FAILURE!!!! Some beads might have been misidentified
Residual vector length: 25, Jacobian shape: (25, 6)
view   0 | SOD= 556.843 mm | SDD= 802.742 mm | M= 1.442 | incident=4.7367°
[[ 233.3114     -503.6011      -45.005302  ]
 [-107.999176    220.05357      19.9947    ]
 [   0.13632458    0.0616098     0.        ]
 [   0.            0.            0.1496    ]]
               x1         y1  area1          x2         y2  area2
range  340.003459  10.622512  150.0  340.009415  42.032851  139.0
FAILURE!!!! Some beads might have been misidentified

iter 23 cost=0.720019 -> 0.671283 |dtheta|=7.225444e-02  lambda=1.000e-06

============================================================
Iteration 24
============================================================
Theta offsets (Unity frame):
  Source   : dSx=   0.000, dSy=   0.000, dSz=   0.000  (mm)
  Object   : dOx= -17.995, dOy=  -8.005, dOz= -25.000  (mm)
  Object offset: offset_x=  -0.214, offset_z=  -0.003  (mm)
  Detector : dDx=   0.000, dDy=   0.000, dDz=   0.000  (mm)
  Obj Stage rotY :   24.320 deg
============================================================

Unity geometry (world coordinates):
  Source   : x=   5.000, y=  60.000, z=   0.000
  Object   : x=   0.005, y=  14.995, z= 555.000
  Detector : x=  -8.000, y=  -5.000, z= 800.000
  Obj rotY :   0.0000 deg
view   0 | SOD= 556.843 mm | SDD= 802.742 mm | M= 1.442 | incident=4.7367°
[[ 233.3114     -503.6011      -45.005302  ]
 [-107.999176    220.05357      19.9947    ]
 [   0.13632458    0.0616098     0.        ]
 [   0.            0.            0.1496    ]]
               x1         y1  area1          x2         y2  area2
range  340.003459  10.622512  150.0  340.009415  42.032851  139.0
FAILURE!!!! Some beads might have been misidentified
               x1         y1  area1          x2         y2  area2
range  340.006916  10.660774  159.0  340.008898  42.022137  146.0
FAILURE!!!! Some beads might have been misidentified
               x1         y1  area1          x2         y2  area2
range  339.995632  10.636491  147.0  340.033584  41.987949  135.0
FAILURE!!!! Some beads might have been misidentified
               x1         y1  area1          x2         y2  area2
range  339.972698  10.728847  152.0  340.047415  41.994161  141.0
FAILURE!!!! Some beads might have been misidentified
               x1         y1  area1          x2        y2  area2
range  340.039643  10.518082  154.0  340.015418  42.05468  143.0
FAILURE!!!! Some beads might have been misidentified
               x1         y1  area1          x2        y2  area2
range  339.971448  10.622512  150.0  340.009415  42.00437  139.0
FAILURE!!!! Some beads might have been misidentified
               x1         y1  area1          x2         y2  area2
range  340.003459  10.613168  152.0  340.045566  42.039295  139.0
FAILURE!!!! Some beads might have been misidentified
               x1         y1  area1          x2         y2  area2
range  339.972343  10.616614  149.0  339.993282  42.002239  139.0
FAILURE!!!! Some beads might have been misidentified
               x1         y1  area1          x2         y2  area2
range  339.974911  10.624655  152.0  340.037499  42.042104  140.0
FAILURE!!!! Some beads might have been misidentified
               x1         y1  area1          x2         y2  area2
range  339.998167  10.643511  152.0  340.070471  42.034648  141.0
FAILURE!!!! Some beads might have been misidentified
               x1         y1  area1         x2        y2  area2
range  339.981356  10.653838  155.0  339.99881  42.00628  143.0
FAILURE!!!! Some beads might have been misidentified
               x1         y1  area1          x2         y2  area2
range  340.183045  10.647335  149.0  340.230653  41.998508  138.0
FAILURE!!!! Some beads might have been misidentified
               x1       y1  area1          x2        y2  area2
range  339.798011  10.6535  153.0  339.811695  42.02983  143.0
FAILURE!!!! Some beads might have been misidentified
Residual vector length: 25, Jacobian shape: (25, 6)
view   0 | SOD= 556.957 mm | SDD= 802.742 mm | M= 1.441 | incident=4.7367°
[[ 234.11058    -503.35568     -45.019333  ]
 [-108.33881     219.76077      19.980669  ]
 [   0.13622743    0.06182434    0.        ]
 [   0.            0.            0.1496    ]]
               x1         y1  area1          x2         y2  area2
range  339.841597  10.547104  156.0  339.811459  42.039029  144.0
FAILURE!!!! Some beads might have been misidentified

iter 24 cost=0.671283 -> 0.581003 |dtheta|=1.551903e-01  lambda=1.000e-06

============================================================
Iteration 25
============================================================
Theta offsets (Unity frame):
  Source   : dSx=   0.000, dSy=   0.000, dSz=   0.000  (mm)
  Object   : dOx= -17.994, dOy=  -8.019, dOz= -24.882  (mm)
  Object offset: offset_x=  -0.171, offset_z=  -0.007  (mm)
  Detector : dDx=   0.000, dDy=   0.000, dDz=   0.000  (mm)
  Obj Stage rotY :   24.410 deg
============================================================

Unity geometry (world coordinates):
  Source   : x=   5.000, y=  60.000, z=   0.000
  Object   : x=   0.006, y=  14.981, z= 555.118
  Detector : x=  -8.000, y=  -5.000, z= 800.000
  Obj rotY :   0.0000 deg
view   0 | SOD= 556.957 mm | SDD= 802.742 mm | M= 1.441 | incident=4.7367°
[[ 234.11058    -503.35568     -45.019333  ]
 [-108.33881     219.76077      19.980669  ]
 [   0.13622743    0.06182434    0.        ]
 [   0.            0.            0.1496    ]]
               x1         y1  area1          x2         y2  area2
range  339.841597  10.547104  156.0  339.811459  42.039029  144.0
FAILURE!!!! Some beads might have been misidentified
               x1         y1  area1          x2         y2  area2
range  339.787682  10.537255  159.0  339.831784  42.065631  148.0
FAILURE!!!! Some beads might have been misidentified
              x1        y1  area1          x2         y2  area2
range  339.80588  10.52899  150.0  339.820236  42.033582  139.0
FAILURE!!!! Some beads might have been misidentified
               x1         y1  area1          x2         y2  area2
range  339.865222  10.649703  152.0  339.848529  41.977285  144.0
FAILURE!!!! Some beads might have been misidentified
              x1         y1  area1          x2         y2  area2
range  339.84735  10.468926  156.0  339.843993  42.095027  146.0
FAILURE!!!! Some beads might have been misidentified
               x1         y1  area1          x2         y2  area2
range  339.841597  10.518869  156.0  339.833895  42.001992  144.0
FAILURE!!!! Some beads might have been misidentified
               x1         y1  area1          x2         y2  area2
range  339.841597  10.536387  155.0  339.823159  42.033167  143.0
FAILURE!!!! Some beads might have been misidentified
               x1         y1  area1          x2         y2  area2
range  339.841389  10.515294  157.0  339.845596  42.038892  141.0
FAILURE!!!! Some beads might have been misidentified
               x1         y1  area1          x2         y2  area2
range  339.841597  10.547098  154.0  339.827542  42.001326  144.0
FAILURE!!!! Some beads might have been misidentified
               x1         y1  area1          x2         y2  area2
range  339.839728  10.548831  152.0  339.869734  42.043144  141.0
FAILURE!!!! Some beads might have been misidentified
               x1         y1  area1          x2         y2  area2
range  339.837918  10.512962  155.0  339.801299  42.050505  144.0
FAILURE!!!! Some beads might have been misidentified
               x1         y1  area1          x2        y2  area2
range  340.028652  10.510838  153.0  340.044891  41.99613  143.0
FAILURE!!!! Some beads might have been misidentified
              x1         y1  area1          x2         y2  area2
range  339.56491  10.543529  157.0  339.635332  42.059474  144.0
FAILURE!!!! Some beads might have been misidentified
Residual vector length: 25, Jacobian shape: (25, 6)
view   0 | SOD= 556.953 mm | SDD= 802.742 mm | M= 1.441 | incident=4.7367°
[[ 234.67728    -503.08768     -45.00758   ]
 [-108.59912     219.63655      19.99242   ]
 [   0.1361566     0.06198014    0.        ]
 [   0.            0.            0.1496    ]]
               x1         y1  area1          x2         y2  area2
range  339.784061  10.730184  156.0  339.848935  42.004896  141.0
FAILURE!!!! Some beads might have been misidentified

iter 25 cost=0.581003 -> 0.465055 |dtheta|=6.765421e-02  lambda=1.000e-06

============================================================
Iteration 26
============================================================
Theta offsets (Unity frame):
  Source   : dSx=   0.000, dSy=   0.000, dSz=   0.000  (mm)
  Object   : dOx= -17.996, dOy=  -8.008, dOz= -24.887  (mm)
  Object offset: offset_x=  -0.161, offset_z=  -0.006  (mm)
  Detector : dDx=   0.000, dDy=   0.000, dDz=   0.000  (mm)
  Obj Stage rotY :   24.476 deg
============================================================

Unity geometry (world coordinates):
  Source   : x=   5.000, y=  60.000, z=   0.000
  Object   : x=   0.004, y=  14.992, z= 555.113
  Detector : x=  -8.000, y=  -5.000, z= 800.000
  Obj rotY :   0.0000 deg
view   0 | SOD= 556.953 mm | SDD= 802.742 mm | M= 1.441 | incident=4.7367°
[[ 234.67728    -503.08768     -45.00758   ]
 [-108.59912     219.63655      19.99242   ]
 [   0.1361566     0.06198014    0.        ]
 [   0.            0.            0.1496    ]]
               x1         y1  area1          x2         y2  area2
range  339.784061  10.730184  156.0  339.848935  42.004896  141.0
FAILURE!!!! Some beads might have been misidentified
               x1         y1  area1          x2       y2  area2
range  339.844029  10.731212  162.0  339.909648  42.0009  153.0
FAILURE!!!! Some beads might have been misidentified
               x1         y1  area1          x2         y2  area2
range  339.817285  10.693479  145.0  339.815015  41.991425  138.0
FAILURE!!!! Some beads might have been misidentified
               x1         y1  area1          x2         y2  area2
range  339.827815  10.734547  154.0  339.856955  41.963215  148.0
FAILURE!!!! Some beads might have been misidentified
              x1         y1  area1          x2         y2  area2
range  339.76596  10.538083  157.0  339.836539  42.041555  141.0
FAILURE!!!! Some beads might have been misidentified
               x1         y1  area1          x2         y2  area2
range  339.784061  10.715621  155.0  339.865597  41.994392  143.0
FAILURE!!!! Some beads might have been misidentified
               x1         y1  area1          x2         y2  area2
range  339.830858  10.715646  155.0  339.840161  42.011772  141.0
FAILURE!!!! Some beads might have been misidentified
               x1         y1  area1          x2         y2  area2
range  339.783237  10.693898  155.0  339.799542  42.002566  141.0
FAILURE!!!! Some beads might have been misidentified
               x1         y1  area1          x2         y2  area2
range  339.832788  10.717986  153.0  339.859914  41.984338  141.0
FAILURE!!!! Some beads might have been misidentified
               x1         y1  area1          x2         y2  area2
range  339.878667  10.730684  152.0  339.845233  41.980681  143.0
FAILURE!!!! Some beads might have been misidentified
               x1         y1  area1          x2         y2  area2
range  339.783237  10.710784  155.0  339.785017  41.995843  147.0
FAILURE!!!! Some beads might have been misidentified
               x1         y1  area1         x2         y2  area2
range  340.008322  10.699809  148.0  340.03135  41.984338  141.0
FAILURE!!!! Some beads might have been misidentified
               x1         y1  area1          x2         y2  area2
range  339.660349  10.722566  158.0  339.676073  42.029876  146.0
FAILURE!!!! Some beads might have been misidentified
Residual vector length: 25, Jacobian shape: (25, 6)
view   0 | SOD= 556.953 mm | SDD= 802.742 mm | M= 1.441 | incident=4.7367°
[[ 235.43796    -502.73257     -45.00793   ]
 [-108.96977     219.45322      19.99207   ]
 [   0.13605939    0.06219328    0.        ]
 [   0.            0.            0.1496    ]]
               x1         y1  area1          x2         y2  area2
range  339.933154  10.722566  158.0  339.940114  42.024251  148.0
FAILURE!!!! Some beads might have been misidentified

iter 26 cost=0.465055 -> 0.369846 |dtheta|=9.342302e-02  lambda=1.000e-06

============================================================
Iteration 27
============================================================
Theta offsets (Unity frame):
  Source   : dSx=   0.000, dSy=   0.000, dSz=   0.000  (mm)
  Object   : dOx= -17.991, dOy=  -8.008, dOz= -24.891  (mm)
  Object offset: offset_x=  -0.136, offset_z=  -0.001  (mm)
  Detector : dDx=   0.000, dDy=   0.000, dDz=   0.000  (mm)
  Obj Stage rotY :   24.565 deg
============================================================

Unity geometry (world coordinates):
  Source   : x=   5.000, y=  60.000, z=   0.000
  Object   : x=   0.009, y=  14.992, z= 555.109
  Detector : x=  -8.000, y=  -5.000, z= 800.000
  Obj rotY :   0.0000 deg
view   0 | SOD= 556.953 mm | SDD= 802.742 mm | M= 1.441 | incident=4.7367°
[[ 235.43796    -502.73257     -45.00793   ]
 [-108.96977     219.45322      19.99207   ]
 [   0.13605939    0.06219328    0.        ]
 [   0.            0.            0.1496    ]]
               x1         y1  area1          x2         y2  area2
range  339.933154  10.722566  158.0  339.940114  42.024251  148.0
FAILURE!!!! Some beads might have been misidentified
              x1         y1  area1          x2         y2  area2
range  339.90248  10.727566  161.0  339.896254  41.991243  154.0
FAILURE!!!! Some beads might have been misidentified
               x1         y1  area1          x2         y2  area2
range  339.822561  10.705685  148.0  339.830251  41.991425  138.0
FAILURE!!!! Some beads might have been misidentified
               x1         y1  area1          x2         y2  area2
range  339.909128  10.752703  155.0  339.948134  41.989768  151.0
FAILURE!!!! Some beads might have been misidentified
               x1         y1  area1          x2         y2  area2
range  339.934093  10.553685  161.0  339.910624  42.071803  147.0
FAILURE!!!! Some beads might have been misidentified
               x1         y1  area1          x2         y2  area2
range  339.942534  10.722566  158.0  339.918119  42.011377  149.0
FAILURE!!!! Some beads might have been misidentified
               x1         y1  area1          x2         y2  area2
range  339.942582  10.722566  158.0  339.958335  42.029876  146.0
FAILURE!!!! Some beads might have been misidentified
               x1         y1  area1          x2         y2  area2
range  339.942534  10.718312  157.0  339.947286  42.014539  149.0
FAILURE!!!! Some beads might have been misidentified
               x1         y1  area1          x2         y2  area2
range  339.933154  10.697723  160.0  339.965565  42.000923  145.0
FAILURE!!!! Some beads might have been misidentified
              x1         y1  area1          x2        y2  area2
range  339.93009  10.720335  157.0  339.942977  42.00066  146.0
FAILURE!!!! Some beads might have been misidentified
              x1         y1  area1          x2         y2  area2
range  339.92853  10.727604  154.0  339.905229  42.000311  147.0
FAILURE!!!! Some beads might have been misidentified
               x1         y1  area1          x2         y2  area2
range  340.036851  10.730184  156.0  340.054906  41.994392  143.0
FAILURE!!!! Some beads might have been misidentified
               x1         y1  area1          x2        y2  area2
range  339.653985  10.741876  160.0  339.671599  42.02215  148.0
FAILURE!!!! Some beads might have been misidentified
Residual vector length: 25, Jacobian shape: (25, 6)
view   0 | SOD= 556.907 mm | SDD= 802.742 mm | M= 1.441 | incident=4.7367°
[[ 235.49638    -502.65427     -45.005474  ]
 [-109.02014     219.47961      19.994526  ]
 [   0.13605002    0.06221377    0.        ]
 [   0.            0.            0.1496    ]]
              x1         y1  area1          x2         y2  area2
range  339.75968  10.714775  153.0  339.797386  42.034161  141.0
FAILURE!!!! Some beads might have been misidentified

iter 27 cost=0.369846 -> 0.352543 |dtheta|=4.179976e-02  lambda=1.000e-06

============================================================
Iteration 28
============================================================
Theta offsets (Unity frame):
  Source   : dSx=   0.000, dSy=   0.000, dSz=   0.000  (mm)
  Object   : dOx= -17.997, dOy=  -8.005, dOz= -24.931  (mm)
  Object offset: offset_x=  -0.131, offset_z=  -0.007  (mm)
  Detector : dDx=   0.000, dDy=   0.000, dDz=   0.000  (mm)
  Obj Stage rotY :   24.574 deg
============================================================

Unity geometry (world coordinates):
  Source   : x=   5.000, y=  60.000, z=   0.000
  Object   : x=   0.003, y=  14.995, z= 555.069
  Detector : x=  -8.000, y=  -5.000, z= 800.000
  Obj rotY :   0.0000 deg
view   0 | SOD= 556.907 mm | SDD= 802.742 mm | M= 1.441 | incident=4.7367°
[[ 235.49638    -502.65427     -45.005474  ]
 [-109.02014     219.47961      19.994526  ]
 [   0.13605002    0.06221377    0.        ]
 [   0.            0.            0.1496    ]]
              x1         y1  area1          x2         y2  area2
range  339.75968  10.714775  153.0  339.797386  42.034161  141.0
FAILURE!!!! Some beads might have been misidentified
               x1         y1  area1          x2         y2  area2
range  339.819318  10.727795  162.0  339.837458  42.035489  151.0
FAILURE!!!! Some beads might have been misidentified
               x1         y1  area1          x2         y2  area2
range  339.785423  10.744949  146.0  339.786342  42.002233  136.0
FAILURE!!!! Some beads might have been misidentified
               x1         y1  area1          x2         y2  area2
range  339.773278  10.738488  152.0  339.762772  42.008325  146.0
FAILURE!!!! Some beads might have been misidentified
               x1         y1  area1          x2         y2  area2
range  339.749585  10.578153  157.0  339.767708  42.063307  141.0
FAILURE!!!! Some beads might have been misidentified
              x1         y1  area1          x2        y2  area2
range  339.75968  10.708904  154.0  339.797386  42.05905  141.0
FAILURE!!!! Some beads might have been misidentified
               x1         y1  area1          x2         y2  area2
range  339.756019  10.727787  154.0  339.793925  42.034161  141.0
FAILURE!!!! Some beads might have been misidentified
               x1         y1  area1          x2         y2  area2
range  339.748727  10.725345  152.0  339.797386  42.045641  143.0
FAILURE!!!! Some beads might have been misidentified
               x1         y1  area1          x2         y2  area2
range  339.756019  10.726128  154.0  339.781542  42.028335  139.0
FAILURE!!!! Some beads might have been misidentified
               x1         y1  area1          x2         y2  area2
range  339.807457  10.743244  152.0  339.816061  42.026603  142.0
FAILURE!!!! Some beads might have been misidentified
               x1         y1  area1          x2         y2  area2
range  339.775957  10.716118  156.0  339.801424  42.022452  146.0
FAILURE!!!! Some beads might have been misidentified
               x1         y1  area1         x2         y2  area2
range  339.975491  10.736797  151.0  339.98015  42.033289  138.0
FAILURE!!!! Some beads might have been misidentified
               x1         y1  area1          x2         y2  area2
range  339.644313  10.734286  155.0  339.638413  42.054687  147.0
FAILURE!!!! Some beads might have been misidentified
Residual vector length: 25, Jacobian shape: (25, 6)
view   0 | SOD= 556.957 mm | SDD= 802.742 mm | M= 1.441 | incident=4.7367°
[[ 236.08357    -502.43445     -45.007004  ]
 [-109.27403     219.29759      19.992994  ]
 [   0.13597743    0.06237224    0.        ]
 [   0.            0.            0.1496    ]]
               x1         y1  area1          x2         y2  area2
range  339.708901  10.731532  155.0  339.715669  42.071167  145.0
FAILURE!!!! Some beads might have been misidentified

iter 28 cost=0.352543 -> 0.256082 |dtheta|=8.718882e-02  lambda=1.000e-06

============================================================
Iteration 29
============================================================
Theta offsets (Unity frame):
  Source   : dSx=   0.000, dSy=   0.000, dSz=   0.000  (mm)
  Object   : dOx= -17.996, dOy=  -8.007, dOz= -24.878  (mm)
  Object offset: offset_x=  -0.112, offset_z=  -0.009  (mm)
  Detector : dDx=   0.000, dDy=   0.000, dDz=   0.000  (mm)
  Obj Stage rotY :   24.641 deg
============================================================

Unity geometry (world coordinates):
  Source   : x=   5.000, y=  60.000, z=   0.000
  Object   : x=   0.004, y=  14.993, z= 555.122
  Detector : x=  -8.000, y=  -5.000, z= 800.000
  Obj rotY :   0.0000 deg
view   0 | SOD= 556.957 mm | SDD= 802.742 mm | M= 1.441 | incident=4.7367°
[[ 236.08357    -502.43445     -45.007004  ]
 [-109.27403     219.29759      19.992994  ]
 [   0.13597743    0.06237224    0.        ]
 [   0.            0.            0.1496    ]]
               x1         y1  area1          x2         y2  area2
range  339.708901  10.731532  155.0  339.715669  42.071167  145.0
FAILURE!!!! Some beads might have been misidentified
               x1        y1  area1          x2         y2  area2
range  339.701844  10.74551  161.0  339.684119  42.030753  149.0
FAILURE!!!! Some beads might have been misidentified
               x1         y1  area1          x2         y2  area2
range  339.757614  10.763682  150.0  339.734072  42.057864  138.0
FAILURE!!!! Some beads might have been misidentified
               x1         y1  area1          x2         y2  area2
range  339.702868  10.757124  156.0  339.685641  42.036708  153.0
FAILURE!!!! Some beads might have been misidentified
               x1         y1  area1          x2        y2  area2
range  339.681662  10.588288  164.0  339.699503  42.06836  145.0
FAILURE!!!! Some beads might have been misidentified
               x1         y1  area1          x2         y2  area2
range  339.696459  10.731532  155.0  339.717904  42.062694  147.0
FAILURE!!!! Some beads might have been misidentified
               x1         y1  area1          x2         y2  area2
range  339.708901  10.715403  155.0  339.718224  42.061768  146.0
FAILURE!!!! Some beads might have been misidentified
               x1         y1  area1          x2         y2  area2
range  339.701559  10.747588  155.0  339.715669  42.056963  147.0
FAILURE!!!! Some beads might have been misidentified
               x1         y1  area1          x2        y2  area2
range  339.692841  10.739793  155.0  339.695422  42.08274  146.0
FAILURE!!!! Some beads might have been misidentified
               x1         y1  area1          x2         y2  area2
range  339.676934  10.757021  157.0  339.683858  42.056418  142.0
FAILURE!!!! Some beads might have been misidentified
               x1        y1  area1          x2        y2  area2
range  339.734063  10.72736  155.0  339.718224  42.01053  146.0
FAILURE!!!! Some beads might have been misidentified
              x1         y1  area1          x2        y2  area2
range  339.91499  10.725672  153.0  339.932445  42.05317  142.0
FAILURE!!!! Some beads might have been misidentified
               x1         y1  area1          x2         y2  area2
range  339.542399  10.753572  157.0  339.513553  42.075161  146.0
FAILURE!!!! Some beads might have been misidentified
Residual vector length: 25, Jacobian shape: (25, 6)
view   0 | SOD= 556.955 mm | SDD= 802.742 mm | M= 1.441 | incident=4.7367°
[[ 236.60564    -502.18628     -45.0117    ]
 [-109.532       219.17197      19.9883    ]
 [   0.13590993    0.0625192     0.        ]
 [   0.            0.            0.1496    ]]
               x1         y1  area1          x2         y2  area2
range  339.680103  10.709861  159.0  339.723385  42.046517  147.0
FAILURE!!!! Some beads might have been misidentified

iter 29 cost=0.256082 -> 0.239783 |dtheta|=6.561102e-02  lambda=1.000e-06

============================================================
Iteration 30
============================================================
Theta offsets (Unity frame):
  Source   : dSx=   0.000, dSy=   0.000, dSz=   0.000  (mm)
  Object   : dOx= -17.994, dOy=  -8.012, dOz= -24.883  (mm)
  Object offset: offset_x=  -0.091, offset_z=  -0.006  (mm)
  Detector : dDx=   0.000, dDy=   0.000, dDz=   0.000  (mm)
  Obj Stage rotY :   24.703 deg
============================================================

Unity geometry (world coordinates):
  Source   : x=   5.000, y=  60.000, z=   0.000
  Object   : x=   0.006, y=  14.988, z= 555.117
  Detector : x=  -8.000, y=  -5.000, z= 800.000
  Obj rotY :   0.0000 deg
view   0 | SOD= 556.955 mm | SDD= 802.742 mm | M= 1.441 | incident=4.7367°
[[ 236.60564    -502.18628     -45.0117    ]
 [-109.532       219.17197      19.9883    ]
 [   0.13590993    0.0625192     0.        ]
 [   0.            0.            0.1496    ]]
               x1         y1  area1          x2         y2  area2
range  339.680103  10.709861  159.0  339.723385  42.046517  147.0
FAILURE!!!! Some beads might have been misidentified
               x1         y1  area1          x2         y2  area2
range  339.703013  10.738095  161.0  339.721879  42.048924  150.0
FAILURE!!!! Some beads might have been misidentified
               x1         y1  area1          x2        y2  area2
range  339.747816  10.699752  149.0  339.739375  42.04748  140.0
FAILURE!!!! Some beads might have been misidentified
               x1         y1  area1          x2         y2  area2
range  339.707941  10.746504  154.0  339.675601  42.077721  150.0
FAILURE!!!! Some beads might have been misidentified
               x1         y1  area1          x2         y2  area2
range  339.700837  10.536985  161.0  339.682363  42.111957  147.0
FAILURE!!!! Some beads might have been misidentified
               x1         y1  area1          x2         y2  area2
range  339.680103  10.726225  160.0  339.727786  42.079582  147.0
FAILURE!!!! Some beads might have been misidentified
               x1         y1  area1          x2         y2  area2
range  339.702198  10.709861  159.0  339.737055  42.062018  148.0
FAILURE!!!! Some beads might have been misidentified
              x1         y1  area1          x2         y2  area2
range  339.67608  10.724968  157.0  339.759597  42.069608  148.0
FAILURE!!!! Some beads might have been misidentified
               x1         y1  area1          x2         y2  area2
range  339.695264  10.732778  158.0  339.746487  42.049501  146.0
FAILURE!!!! Some beads might have been misidentified
               x1         y1  area1          x2         y2  area2
range  339.744011  10.723814  157.0  339.742729  42.067143  145.0
FAILURE!!!! Some beads might have been misidentified
               x1         y1  area1          x2         y2  area2
range  339.694576  10.731034  153.0  339.731648  42.031575  146.0
FAILURE!!!! Some beads might have been misidentified
               x1         y1  area1          x2         y2  area2
range  339.928956  10.704975  157.0  339.939127  42.046412  141.0
FAILURE!!!! Some beads might have been misidentified
              x1         y1  area1          x2         y2  area2
range  339.53731  10.726681  158.0  339.502769  42.076583  147.0
FAILURE!!!! Some beads might have been misidentified
Residual vector length: 25, Jacobian shape: (25, 6)
view   0 | SOD= 556.999 mm | SDD= 802.742 mm | M= 1.441 | incident=4.7367°
[[ 236.98392    -502.05634     -45.013306  ]
 [-109.67966     219.04932      19.986692  ]
 [   0.1358643     0.06261829    0.        ]
 [   0.            0.            0.1496    ]]
               x1         y1  area1         x2         y2  area2
range  339.749353  10.711461  154.0  339.74376  42.098903  142.0
FAILURE!!!! Some beads might have been misidentified

iter 30 cost=0.239783 -> 0.191592 |dtheta|=5.905067e-02  lambda=1.000e-06

============================================================
Iteration 31
============================================================
Theta offsets (Unity frame):
  Source   : dSx=   0.000, dSy=   0.000, dSz=   0.000  (mm)
  Object   : dOx= -17.998, dOy=  -8.013, dOz= -24.843  (mm)
  Object offset: offset_x=  -0.080, offset_z=  -0.002  (mm)
  Detector : dDx=   0.000, dDy=   0.000, dDz=   0.000  (mm)
  Obj Stage rotY :   24.744 deg
============================================================

Unity geometry (world coordinates):
  Source   : x=   5.000, y=  60.000, z=   0.000
  Object   : x=   0.002, y=  14.987, z= 555.157
  Detector : x=  -8.000, y=  -5.000, z= 800.000
  Obj rotY :   0.0000 deg
view   0 | SOD= 556.999 mm | SDD= 802.742 mm | M= 1.441 | incident=4.7367°
[[ 236.98392    -502.05634     -45.013306  ]
 [-109.67966     219.04932      19.986692  ]
 [   0.1358643     0.06261829    0.        ]
 [   0.            0.            0.1496    ]]
               x1         y1  area1         x2         y2  area2
range  339.749353  10.711461  154.0  339.74376  42.098903  142.0
FAILURE!!!! Some beads might have been misidentified
               x1         y1  area1          x2         y2  area2
range  339.767143  10.730306  159.0  339.764424  42.057806  149.0
FAILURE!!!! Some beads might have been misidentified
               x1         y1  area1          x2         y2  area2
range  339.803189  10.714749  147.0  339.749691  42.067275  138.0
FAILURE!!!! Some beads might have been misidentified
               x1         y1  area1          x2         y2  area2
range  339.735761  10.763225  152.0  339.723818  42.130075  153.0
FAILURE!!!! Some beads might have been misidentified
              x1         y1  area1         x2         y2  area2
range  339.71654  10.535176  154.0  339.70596  42.076916  142.0
FAILURE!!!! Some beads might have been misidentified
              x1         y1  area1         x2         y2  area2
range  339.70966  10.711461  154.0  339.74286  42.060722  143.0
FAILURE!!!! Some beads might have been misidentified
               x1         y1  area1          x2        y2  area2
range  339.749353  10.711461  154.0  339.750624  42.09907  144.0
FAILURE!!!! Some beads might have been misidentified
               x1         y1  area1          x2         y2  area2
range  339.738389  10.732829  153.0  339.771474  42.075834  145.0
FAILURE!!!! Some beads might have been misidentified
               x1         y1  area1          x2         y2  area2
range  339.720624  10.716475  155.0  339.750624  42.091898  139.0
FAILURE!!!! Some beads might have been misidentified
               x1         y1  area1          x2         y2  area2
range  339.763294  10.699024  155.0  339.783852  42.100473  141.0
FAILURE!!!! Some beads might have been misidentified
               x1         y1  area1          x2         y2  area2
range  339.738389  10.735669  153.0  339.737406  42.024608  146.0
FAILURE!!!! Some beads might have been misidentified
               x1         y1  area1          x2         y2  area2
range  339.963387  10.689535  152.0  339.979496  42.050034  139.0
FAILURE!!!! Some beads might have been misidentified
               x1         y1  area1         x2         y2  area2
range  339.592453  10.714375  155.0  339.53462  42.093027  147.0
FAILURE!!!! Some beads might have been misidentified
Residual vector length: 25, Jacobian shape: (25, 6)
view   0 | SOD= 557.033 mm | SDD= 802.742 mm | M= 1.441 | incident=4.7367°
[[ 237.71875    -501.7457      -45.018833  ]
 [-110.013504    218.84521      19.981167  ]
 [   0.13577132    0.06281964    0.        ]
 [   0.            0.            0.1496    ]]
               x1         y1  area1          x2         y2  area2
range  339.722296  10.634426  154.0  339.718921  42.092317  143.0
FAILURE!!!! Some beads might have been misidentified

iter 31 cost=0.191592 -> 0.130838 |dtheta|=9.438921e-02  lambda=1.000e-06

============================================================
Iteration 32
============================================================
Theta offsets (Unity frame):
  Source   : dSx=   0.000, dSy=   0.000, dSz=   0.000  (mm)
  Object   : dOx= -17.999, dOy=  -8.019, dOz= -24.813  (mm)
  Object offset: offset_x=  -0.054, offset_z=   0.000  (mm)
  Detector : dDx=   0.000, dDy=   0.000, dDz=   0.000  (mm)
  Obj Stage rotY :   24.829 deg
============================================================

Unity geometry (world coordinates):
  Source   : x=   5.000, y=  60.000, z=   0.000
  Object   : x=   0.001, y=  14.981, z= 555.187
  Detector : x=  -8.000, y=  -5.000, z= 800.000
  Obj rotY :   0.0000 deg
view   0 | SOD= 557.033 mm | SDD= 802.742 mm | M= 1.441 | incident=4.7367°
[[ 237.71875    -501.7457      -45.018833  ]
 [-110.013504    218.84521      19.981167  ]
 [   0.13577132    0.06281964    0.        ]
 [   0.            0.            0.1496    ]]
               x1         y1  area1          x2         y2  area2
range  339.722296  10.634426  154.0  339.718921  42.092317  143.0
FAILURE!!!! Some beads might have been misidentified
               x1         y1  area1          x2         y2  area2
range  339.770314  10.635821  164.0  339.766683  42.093435  146.0
FAILURE!!!! Some beads might have been misidentified
               x1        y1  area1          x2         y2  area2
range  339.787964  10.58684  151.0  339.728638  42.098053  135.0
FAILURE!!!! Some beads might have been misidentified
               x1         y1  area1          x2         y2  area2
range  339.727536  10.771003  152.0  339.768598  42.147023  154.0
FAILURE!!!! Some beads might have been misidentified
               x1         y1  area1          x2         y2  area2
range  339.701724  10.532895  158.0  339.694555  42.087342  143.0
FAILURE!!!! Some beads might have been misidentified
               x1         y1  area1          x2         y2  area2
range  339.722296  10.634426  154.0  339.715161  42.108826  142.0
FAILURE!!!! Some beads might have been misidentified
               x1         y1  area1          x2        y2  area2
range  339.740159  10.634426  154.0  339.724884  42.11974  141.0
FAILURE!!!! Some beads might have been misidentified
               x1         y1  area1          x2         y2  area2
range  339.722296  10.631177  153.0  339.731614  42.133279  143.0
FAILURE!!!! Some beads might have been misidentified
               x1         y1  area1          x2         y2  area2
range  339.738256  10.627169  157.0  339.724948  42.094539  138.0
FAILURE!!!! Some beads might have been misidentified
               x1         y1  area1          x2        y2  area2
range  339.777432  10.571268  157.0  339.741682  42.11581  141.0
FAILURE!!!! Some beads might have been misidentified
               x1         y1  area1          x2         y2  area2
range  339.750985  10.645176  159.0  339.751745  42.070788  142.0
FAILURE!!!! Some beads might have been misidentified
               x1         y1  area1          x2         y2  area2
range  339.978356  10.596463  151.0  339.946756  42.080069  139.0
FAILURE!!!! Some beads might have been misidentified
               x1        y1  area1          x2         y2  area2
range  339.573782  10.66899  157.0  339.502834  42.160525  142.0
FAILURE!!!! Some beads might have been misidentified
Residual vector length: 25, Jacobian shape: (25, 6)
view   0 | SOD= 557.005 mm | SDD= 802.742 mm | M= 1.441 | incident=4.7367°
[[ 238.30084    -501.43948     -45.014133  ]
 [-110.3023      218.73051      19.985867  ]
 [   0.13569528    0.06298374    0.        ]
 [   0.            0.            0.1496    ]]
               x1        y1  area1          x2         y2  area2
range  339.760152  10.73589  154.0  339.753719  42.139299  143.0
FAILURE!!!! Some beads might have been misidentified

iter 32 cost=0.130838 -> 0.086103 |dtheta|=7.750473e-02  lambda=1.000e-06

============================================================
Iteration 33
============================================================
Theta offsets (Unity frame):
  Source   : dSx=   0.000, dSy=   0.000, dSz=   0.000  (mm)
  Object   : dOx= -18.002, dOy=  -8.014, dOz= -24.842  (mm)
  Object offset: offset_x=  -0.036, offset_z=   0.003  (mm)
  Detector : dDx=   0.000, dDy=   0.000, dDz=   0.000  (mm)
  Obj Stage rotY :   24.899 deg
============================================================

Unity geometry (world coordinates):
  Source   : x=   5.000, y=  60.000, z=   0.000
  Object   : x=  -0.002, y=  14.986, z= 555.158
  Detector : x=  -8.000, y=  -5.000, z= 800.000
  Obj rotY :   0.0000 deg
view   0 | SOD= 557.005 mm | SDD= 802.742 mm | M= 1.441 | incident=4.7367°
[[ 238.30084    -501.43948     -45.014133  ]
 [-110.3023      218.73051      19.985867  ]
 [   0.13569528    0.06298374    0.        ]
 [   0.            0.            0.1496    ]]
               x1        y1  area1          x2         y2  area2
range  339.760152  10.73589  154.0  339.753719  42.139299  143.0
FAILURE!!!! Some beads might have been misidentified
               x1         y1  area1          x2         y2  area2
range  339.854455  10.732661  155.0  339.803912  42.158085  145.0
FAILURE!!!! Some beads might have been misidentified
              x1         y1  area1         x2         y2  area2
range  339.82371  10.724191  147.0  339.76061  42.093338  141.0
FAILURE!!!! Some beads might have been misidentified
               x1         y1  area1          x2         y2  area2
range  339.788192  10.787464  153.0  339.784216  42.189168  151.0
FAILURE!!!! Some beads might have been misidentified
               x1        y1  area1          x2         y2  area2
range  339.772775  10.52966  154.0  339.715836  42.090909  142.0
FAILURE!!!! Some beads might have been misidentified
               x1        y1  area1          x2         y2  area2
range  339.760152  10.73589  154.0  339.732791  42.134786  142.0
FAILURE!!!! Some beads might have been misidentified
               x1        y1  area1          x2         y2  area2
range  339.775295  10.73589  154.0  339.752496  42.165879  139.0
FAILURE!!!! Some beads might have been misidentified
               x1         y1  area1          x2         y2  area2
range  339.778665  10.735213  155.0  339.753719  42.109184  143.0
FAILURE!!!! Some beads might have been misidentified
               x1         y1  area1          x2         y2  area2
range  339.760152  10.737957  151.0  339.766763  42.137345  140.0
FAILURE!!!! Some beads might have been misidentified
               x1         y1  area1          x2         y2  area2
range  339.760152  10.717917  149.0  339.744009  42.162749  138.0
FAILURE!!!! Some beads might have been misidentified
               x1         y1  area1          x2         y2  area2
range  339.793801  10.729747  152.0  339.737201  42.082756  146.0
FAILURE!!!! Some beads might have been misidentified
               x1         y1  area1          x2         y2  area2
range  339.986908  10.713964  152.0  339.976841  42.113875  139.0
FAILURE!!!! Some beads might have been misidentified
              x1         y1  area1          x2        y2  area2
range  339.68187  10.755199  156.0  339.573292  42.18203  144.0
FAILURE!!!! Some beads might have been misidentified
Residual vector length: 25, Jacobian shape: (25, 6)
view   0 | SOD= 557.004 mm | SDD= 802.742 mm | M= 1.441 | incident=4.7367°
[[ 238.74236    -501.22784     -45.014244  ]
 [-110.529144    218.61827      19.985756  ]
 [   0.13563675    0.06310967    0.        ]
 [   0.            0.            0.1496    ]]
               x1         y1  area1          x2         y2  area2
range  339.860252  10.704072  153.0  339.835729  42.158672  140.0
FAILURE!!!! Some beads might have been misidentified

iter 33 cost=0.086103 -> 0.068723 |dtheta|=5.874480e-02  lambda=1.000e-06

============================================================
Iteration 34
============================================================
Theta offsets (Unity frame):
  Source   : dSx=   0.000, dSy=   0.000, dSz=   0.000  (mm)
  Object   : dOx= -18.001, dOy=  -8.014, dOz= -24.845  (mm)
  Object offset: offset_x=  -0.011, offset_z=   0.005  (mm)
  Detector : dDx=   0.000, dDy=   0.000, dDz=   0.000  (mm)
  Obj Stage rotY :   24.952 deg
============================================================

Unity geometry (world coordinates):
  Source   : x=   5.000, y=  60.000, z=   0.000
  Object   : x=  -0.001, y=  14.986, z= 555.155
  Detector : x=  -8.000, y=  -5.000, z= 800.000
  Obj rotY :   0.0000 deg
view   0 | SOD= 557.004 mm | SDD= 802.742 mm | M= 1.441 | incident=4.7367°
[[ 238.74236    -501.22784     -45.014244  ]
 [-110.529144    218.61827      19.985756  ]
 [   0.13563675    0.06310967    0.        ]
 [   0.            0.            0.1496    ]]
               x1         y1  area1          x2         y2  area2
range  339.860252  10.704072  153.0  339.835729  42.158672  140.0
FAILURE!!!! Some beads might have been misidentified
               x1         y1  area1          x2         y2  area2
range  339.783032  10.746464  159.0  339.764282  42.172227  148.0
FAILURE!!!! Some beads might have been misidentified
               x1         y1  area1          x2         y2  area2
range  339.788243  10.733705  144.0  339.734557  42.162555  137.0
FAILURE!!!! Some beads might have been misidentified
               x1         y1  area1          x2       y2  area2
range  339.895253  10.767358  150.0  339.839313  42.2132  148.0
FAILURE!!!! Some beads might have been misidentified
               x1         y1  area1          x2         y2  area2
range  339.829067  10.550365  150.0  339.807046  42.150507  136.0
FAILURE!!!! Some beads might have been misidentified
               x1         y1  area1          x2        y2  area2
range  339.860252  10.719078  152.0  339.812433  42.16959  141.0
FAILURE!!!! Some beads might have been misidentified
               x1        y1  area1          x2         y2  area2
range  339.863962  10.71158  150.0  339.825004  42.170001  139.0
FAILURE!!!! Some beads might have been misidentified
               x1         y1  area1          x2         y2  area2
range  339.860252  10.726118  151.0  339.782163  42.152539  140.0
FAILURE!!!! Some beads might have been misidentified
               x1         y1  area1          x2         y2  area2
range  339.871482  10.725409  150.0  339.821596  42.182262  140.0
FAILURE!!!! Some beads might have been misidentified
               x1         y1  area1          x2         y2  area2
range  339.842027  10.724583  149.0  339.797775  42.221746  143.0
FAILURE!!!! Some beads might have been misidentified
               x1         y1  area1          x2         y2  area2
range  339.760152  10.735213  155.0  339.738782  42.123848  141.0
FAILURE!!!! Some beads might have been misidentified
               x1         y1  area1          x2         y2  area2
range  339.980043  10.703266  145.0  339.958297  42.153461  142.0
FAILURE!!!! Some beads might have been misidentified
               x1         y1  area1          x2         y2  area2
range  339.607415  10.733506  152.0  339.524562  42.222756  144.0
FAILURE!!!! Some beads might have been misidentified
Residual vector length: 25, Jacobian shape: (25, 6)
view   0 | SOD= 556.983 mm | SDD= 802.742 mm | M= 1.441 | incident=4.7367°
[[ 238.96869    -501.0967      -45.011314  ]
 [-110.64923     218.58122      19.988688  ]
 [   0.13560636    0.06317495    0.        ]
 [   0.            0.            0.1496    ]]
               x1         y1  area1          x2        y2  area2
range  339.696459  10.750715  151.0  339.668257  42.24515  149.0
FAILURE!!!! Some beads might have been misidentified

iter 34 cost=0.068723 -> 0.064989 |dtheta|=3.332484e-02  lambda=1.000e-06

============================================================
Iteration 35
============================================================
Theta offsets (Unity frame):
  Source   : dSx=   0.000, dSy=   0.000, dSz=   0.000  (mm)
  Object   : dOx= -18.001, dOy=  -8.011, dOz= -24.862  (mm)
  Object offset: offset_x=  -0.005, offset_z=   0.000  (mm)
  Detector : dDx=   0.000, dDy=   0.000, dDz=   0.000  (mm)
  Obj Stage rotY :   24.979 deg
============================================================

Unity geometry (world coordinates):
  Source   : x=   5.000, y=  60.000, z=   0.000
  Object   : x=  -0.001, y=  14.989, z= 555.138
  Detector : x=  -8.000, y=  -5.000, z= 800.000
  Obj rotY :   0.0000 deg
view   0 | SOD= 556.983 mm | SDD= 802.742 mm | M= 1.441 | incident=4.7367°
[[ 238.96869    -501.0967      -45.011314  ]
 [-110.64923     218.58122      19.988688  ]
 [   0.13560636    0.06317495    0.        ]
 [   0.            0.            0.1496    ]]
               x1         y1  area1          x2        y2  area2
range  339.696459  10.750715  151.0  339.668257  42.24515  149.0
FAILURE!!!! Some beads might have been misidentified
               x1         y1  area1          x2         y2  area2
range  339.740694  10.747922  159.0  339.719397  42.257144  150.0
FAILURE!!!! Some beads might have been misidentified
               x1         y1  area1          x2         y2  area2
range  339.774979  10.791711  150.0  339.659667  42.216617  145.0
FAILURE!!!! Some beads might have been misidentified
               x1         y1  area1          x2         y2  area2
range  339.697059  10.783277  151.0  339.677637  42.274089  146.0
FAILURE!!!! Some beads might have been misidentified
               x1         y1  area1          x2         y2  area2
range  339.726642  10.610649  156.0  339.691528  42.150731  139.0
FAILURE!!!! Some beads might have been misidentified
               x1         y1  area1          x2        y2  area2
range  339.696459  10.750715  151.0  339.647135  42.24515  149.0
FAILURE!!!! Some beads might have been misidentified
               x1         y1  area1          x2         y2  area2
range  339.696459  10.733939  152.0  339.659299  42.211428  145.0
FAILURE!!!! Some beads might have been misidentified
              x1         y1  area1          x2         y2  area2
range  339.71253  10.746806  152.0  339.668257  42.239869  148.0
FAILURE!!!! Some beads might have been misidentified
               x1         y1  area1          x2        y2  area2
range  339.696459  10.735846  151.0  339.668257  42.23431  143.0
FAILURE!!!! Some beads might have been misidentified
               x1         y1  area1          x2         y2  area2
range  339.777048  10.786648  153.0  339.704156  42.277089  145.0
FAILURE!!!! Some beads might have been misidentified
               x1         y1  area1          x2         y2  area2
range  339.745471  10.753883  156.0  339.687292  42.178829  149.0
FAILURE!!!! Some beads might have been misidentified
               x1         y1  area1          x2         y2  area2
range  339.963314  10.753794  149.0  339.896954  42.175237  143.0
FAILURE!!!! Some beads might have been misidentified
              x1         y1  area1          x2         y2  area2
range  339.58413  10.761975  153.0  339.475836  42.280784  150.0
FAILURE!!!! Some beads might have been misidentified
Residual vector length: 25, Jacobian shape: (25, 6)
view   0 | SOD= 556.943 mm | SDD= 802.742 mm | M= 1.441 | incident=4.7367°
[[ 238.98352    -501.04565     -45.006683  ]
 [-110.68217     218.60905      19.993317  ]
 [   0.13560218    0.06318395    0.        ]
 [   0.            0.            0.1496    ]]
               x1         y1  area1          x2         y2  area2
range  339.865769  10.759102  151.0  339.811776  42.226778  143.0
FAILURE!!!! Some beads might have been misidentified

iter 35 cost=0.064989 -> 0.054730 |dtheta|=4.330650e-02  lambda=1.000e-06

============================================================
Iteration 36
============================================================
Theta offsets (Unity frame):
  Source   : dSx=   0.000, dSy=   0.000, dSz=   0.000  (mm)
  Object   : dOx= -18.000, dOy=  -8.007, dOz= -24.905  (mm)
  Object offset: offset_x=  -0.004, offset_z=   0.003  (mm)
  Detector : dDx=   0.000, dDy=   0.000, dDz=   0.000  (mm)
  Obj Stage rotY :   24.983 deg
============================================================

Unity geometry (world coordinates):
  Source   : x=   5.000, y=  60.000, z=   0.000
  Object   : x=  -0.000, y=  14.993, z= 555.095
  Detector : x=  -8.000, y=  -5.000, z= 800.000
  Obj rotY :   0.0000 deg
view   0 | SOD= 556.943 mm | SDD= 802.742 mm | M= 1.441 | incident=4.7367°
[[ 238.98352    -501.04565     -45.006683  ]
 [-110.68217     218.60905      19.993317  ]
 [   0.13560218    0.06318395    0.        ]
 [   0.            0.            0.1496    ]]
               x1         y1  area1          x2         y2  area2
range  339.865769  10.759102  151.0  339.811776  42.226778  143.0
FAILURE!!!! Some beads might have been misidentified
               x1         y1  area1          x2         y2  area2
range  339.834031  10.777062  157.0  339.787239  42.214429  148.0
FAILURE!!!! Some beads might have been misidentified
               x1         y1  area1          x2         y2  area2
range  339.792379  10.784326  149.0  339.718664  42.182966  143.0
FAILURE!!!! Some beads might have been misidentified
               x1         y1  area1          x2         y2  area2
range  339.881391  10.784018  152.0  339.815397  42.265941  144.0
FAILURE!!!! Some beads might have been misidentified
               x1         y1  area1          x2         y2  area2
range  339.859179  10.650103  150.0  339.837481  42.150507  136.0
FAILURE!!!! Some beads might have been misidentified
               x1         y1  area1          x2         y2  area2
range  339.865769  10.759102  151.0  339.820217  42.244444  146.0
FAILURE!!!! Some beads might have been misidentified
               x1         y1  area1          x2         y2  area2
range  339.865769  10.759102  151.0  339.823278  42.168586  139.0
FAILURE!!!! Some beads might have been misidentified
               x1         y1  area1         x2         y2  area2
range  339.864881  10.761547  152.0  339.82596  42.190101  145.0
FAILURE!!!! Some beads might have been misidentified
               x1         y1  area1          x2         y2  area2
range  339.865769  10.782685  149.0  339.849386  42.223303  141.0
FAILURE!!!! Some beads might have been misidentified
               x1         y1  area1          x2         y2  area2
range  339.858475  10.779838  151.0  339.814127  42.265513  145.0
FAILURE!!!! Some beads might have been misidentified
               x1        y1  area1          x2        y2  area2
range  339.788192  10.79021  154.0  339.742423  42.14347  146.0
FAILURE!!!! Some beads might have been misidentified
              x1         y1  area1          x2         y2  area2
range  339.98642  10.775542  149.0  339.966172  42.155947  141.0
FAILURE!!!! Some beads might have been misidentified
               x1         y1  area1          x2         y2  area2
range  339.641014  10.777549  153.0  339.543346  42.251428  147.0
FAILURE!!!! Some beads might have been misidentified
Residual vector length: 25, Jacobian shape: (25, 6)
view   0 | SOD= 556.945 mm | SDD= 802.742 mm | M= 1.441 | incident=4.7367°
[[ 239.32654    -500.88373     -45.00962   ]
 [-110.84049     218.52718      19.99038   ]
 [   0.13555811    0.06327841    0.        ]
 [   0.            0.            0.1496    ]]
               x1         y1  area1          x2         y2  area2
range  339.741315  10.762829  151.0  339.711337  42.211738  142.0
FAILURE!!!! Some beads might have been misidentified

iter 36 cost=0.054730 -> 0.068716 |dtheta|=4.149390e-02  lambda=1.000e-06

============================================================
Iteration 37
============================================================
Theta offsets (Unity frame):
  Source   : dSx=   0.000, dSy=   0.000, dSz=   0.000  (mm)
  Object   : dOx= -18.000, dOy=  -8.007, dOz= -24.905  (mm)
  Object offset: offset_x=  -0.004, offset_z=   0.003  (mm)
  Detector : dDx=   0.000, dDy=   0.000, dDz=   0.000  (mm)
  Obj Stage rotY :   24.983 deg
============================================================

Unity geometry (world coordinates):
  Source   : x=   5.000, y=  60.000, z=   0.000
  Object   : x=  -0.000, y=  14.993, z= 555.095
  Detector : x=  -8.000, y=  -5.000, z= 800.000
  Obj rotY :   0.0000 deg
view   0 | SOD= 556.943 mm | SDD= 802.742 mm | M= 1.441 | incident=4.7367°
[[ 238.98352    -501.04565     -45.006683  ]
 [-110.68217     218.60905      19.993317  ]
 [   0.13560218    0.06318395    0.        ]
 [   0.            0.            0.1496    ]]
               x1         y1  area1          x2         y2  area2
range  339.865769  10.759102  151.0  339.811776  42.226778  143.0
FAILURE!!!! Some beads might have been misidentified
               x1         y1  area1          x2         y2  area2
range  339.834031  10.777062  157.0  339.787239  42.214429  148.0
FAILURE!!!! Some beads might have been misidentified
               x1         y1  area1          x2         y2  area2
range  339.792379  10.784326  149.0  339.718664  42.182966  143.0
FAILURE!!!! Some beads might have been misidentified
               x1         y1  area1          x2         y2  area2
range  339.881391  10.784018  152.0  339.815397  42.265941  144.0
FAILURE!!!! Some beads might have been misidentified
               x1         y1  area1          x2         y2  area2
range  339.859179  10.650103  150.0  339.837481  42.150507  136.0
FAILURE!!!! Some beads might have been misidentified
               x1         y1  area1          x2         y2  area2
range  339.865769  10.759102  151.0  339.820217  42.244444  146.0
FAILURE!!!! Some beads might have been misidentified
               x1         y1  area1          x2         y2  area2
range  339.865769  10.759102  151.0  339.823278  42.168586  139.0
FAILURE!!!! Some beads might have been misidentified
               x1         y1  area1         x2         y2  area2
range  339.864881  10.761547  152.0  339.82596  42.190101  145.0
FAILURE!!!! Some beads might have been misidentified
               x1         y1  area1          x2         y2  area2
range  339.865769  10.782685  149.0  339.849386  42.223303  141.0
FAILURE!!!! Some beads might have been misidentified
               x1         y1  area1          x2         y2  area2
range  339.858475  10.779838  151.0  339.814127  42.265513  145.0
FAILURE!!!! Some beads might have been misidentified
               x1        y1  area1          x2        y2  area2
range  339.788192  10.79021  154.0  339.742423  42.14347  146.0
FAILURE!!!! Some beads might have been misidentified
              x1         y1  area1          x2         y2  area2
range  339.98642  10.775542  149.0  339.966172  42.155947  141.0
FAILURE!!!! Some beads might have been misidentified
               x1         y1  area1          x2         y2  area2
range  339.641014  10.777549  153.0  339.543346  42.251428  147.0
FAILURE!!!! Some beads might have been misidentified
Residual vector length: 25, Jacobian shape: (25, 6)
view   0 | SOD= 556.945 mm | SDD= 802.742 mm | M= 1.441 | incident=4.7367°
[[ 239.32654    -500.88373     -45.00962   ]
 [-110.84049     218.52718      19.99038   ]
 [   0.13555811    0.06327841    0.        ]
 [   0.            0.            0.1496    ]]
               x1         y1  area1          x2         y2  area2
range  339.741315  10.762829  151.0  339.711337  42.211738  142.0
FAILURE!!!! Some beads might have been misidentified

iter 37 cost=0.054730 -> 0.068716 |dtheta|=4.149388e-02  lambda=5.000e-06

============================================================
Iteration 38
============================================================
Theta offsets (Unity frame):
  Source   : dSx=   0.000, dSy=   0.000, dSz=   0.000  (mm)
  Object   : dOx= -18.000, dOy=  -8.007, dOz= -24.905  (mm)
  Object offset: offset_x=  -0.004, offset_z=   0.003  (mm)
  Detector : dDx=   0.000, dDy=   0.000, dDz=   0.000  (mm)
  Obj Stage rotY :   24.983 deg
============================================================

Unity geometry (world coordinates):
  Source   : x=   5.000, y=  60.000, z=   0.000
  Object   : x=  -0.000, y=  14.993, z= 555.095
  Detector : x=  -8.000, y=  -5.000, z= 800.000
  Obj rotY :   0.0000 deg
view   0 | SOD= 556.943 mm | SDD= 802.742 mm | M= 1.441 | incident=4.7367°
[[ 238.98352    -501.04565     -45.006683  ]
 [-110.68217     218.60905      19.993317  ]
 [   0.13560218    0.06318395    0.        ]
 [   0.            0.            0.1496    ]]
               x1         y1  area1          x2         y2  area2
range  339.865769  10.759102  151.0  339.811776  42.226778  143.0
FAILURE!!!! Some beads might have been misidentified
               x1         y1  area1          x2         y2  area2
range  339.834031  10.777062  157.0  339.787239  42.214429  148.0
FAILURE!!!! Some beads might have been misidentified
               x1         y1  area1          x2         y2  area2
range  339.792379  10.784326  149.0  339.718664  42.182966  143.0
FAILURE!!!! Some beads might have been misidentified
               x1         y1  area1          x2         y2  area2
range  339.881391  10.784018  152.0  339.815397  42.265941  144.0
FAILURE!!!! Some beads might have been misidentified
               x1         y1  area1          x2         y2  area2
range  339.859179  10.650103  150.0  339.837481  42.150507  136.0
FAILURE!!!! Some beads might have been misidentified
               x1         y1  area1          x2         y2  area2
range  339.865769  10.759102  151.0  339.820217  42.244444  146.0
FAILURE!!!! Some beads might have been misidentified
               x1         y1  area1          x2         y2  area2
range  339.865769  10.759102  151.0  339.823278  42.168586  139.0
FAILURE!!!! Some beads might have been misidentified
               x1         y1  area1         x2         y2  area2
range  339.864881  10.761547  152.0  339.82596  42.190101  145.0
FAILURE!!!! Some beads might have been misidentified
               x1         y1  area1          x2         y2  area2
range  339.865769  10.782685  149.0  339.849386  42.223303  141.0
FAILURE!!!! Some beads might have been misidentified
               x1         y1  area1          x2         y2  area2
range  339.858475  10.779838  151.0  339.814127  42.265513  145.0
FAILURE!!!! Some beads might have been misidentified
               x1        y1  area1          x2        y2  area2
range  339.788192  10.79021  154.0  339.742423  42.14347  146.0
FAILURE!!!! Some beads might have been misidentified
              x1         y1  area1          x2         y2  area2
range  339.98642  10.775542  149.0  339.966172  42.155947  141.0
FAILURE!!!! Some beads might have been misidentified
               x1         y1  area1          x2         y2  area2
range  339.641014  10.777549  153.0  339.543346  42.251428  147.0
FAILURE!!!! Some beads might have been misidentified
Residual vector length: 25, Jacobian shape: (25, 6)
view   0 | SOD= 556.945 mm | SDD= 802.742 mm | M= 1.441 | incident=4.7367°
[[ 239.32654    -500.88373     -45.00962   ]
 [-110.84049     218.52718      19.99038   ]
 [   0.13555811    0.06327841    0.        ]
 [   0.            0.            0.1496    ]]
               x1         y1  area1          x2         y2  area2
range  339.741315  10.762829  151.0  339.711337  42.211738  142.0
FAILURE!!!! Some beads might have been misidentified

iter 38 cost=0.054730 -> 0.068716 |dtheta|=4.149380e-02  lambda=2.500e-05

============================================================
Iteration 39
============================================================
Theta offsets (Unity frame):
  Source   : dSx=   0.000, dSy=   0.000, dSz=   0.000  (mm)
  Object   : dOx= -18.000, dOy=  -8.007, dOz= -24.905  (mm)
  Object offset: offset_x=  -0.004, offset_z=   0.003  (mm)
  Detector : dDx=   0.000, dDy=   0.000, dDz=   0.000  (mm)
  Obj Stage rotY :   24.983 deg
============================================================

Unity geometry (world coordinates):
  Source   : x=   5.000, y=  60.000, z=   0.000
  Object   : x=  -0.000, y=  14.993, z= 555.095
  Detector : x=  -8.000, y=  -5.000, z= 800.000
  Obj rotY :   0.0000 deg
view   0 | SOD= 556.943 mm | SDD= 802.742 mm | M= 1.441 | incident=4.7367°
[[ 238.98352    -501.04565     -45.006683  ]
 [-110.68217     218.60905      19.993317  ]
 [   0.13560218    0.06318395    0.        ]
 [   0.            0.            0.1496    ]]
               x1         y1  area1          x2         y2  area2
range  339.865769  10.759102  151.0  339.811776  42.226778  143.0
FAILURE!!!! Some beads might have been misidentified
               x1         y1  area1          x2         y2  area2
range  339.834031  10.777062  157.0  339.787239  42.214429  148.0
FAILURE!!!! Some beads might have been misidentified
               x1         y1  area1          x2         y2  area2
range  339.792379  10.784326  149.0  339.718664  42.182966  143.0
FAILURE!!!! Some beads might have been misidentified
               x1         y1  area1          x2         y2  area2
range  339.881391  10.784018  152.0  339.815397  42.265941  144.0
FAILURE!!!! Some beads might have been misidentified
               x1         y1  area1          x2         y2  area2
range  339.859179  10.650103  150.0  339.837481  42.150507  136.0
FAILURE!!!! Some beads might have been misidentified
               x1         y1  area1          x2         y2  area2
range  339.865769  10.759102  151.0  339.820217  42.244444  146.0
FAILURE!!!! Some beads might have been misidentified
               x1         y1  area1          x2         y2  area2
range  339.865769  10.759102  151.0  339.823278  42.168586  139.0
FAILURE!!!! Some beads might have been misidentified
               x1         y1  area1         x2         y2  area2
range  339.864881  10.761547  152.0  339.82596  42.190101  145.0
FAILURE!!!! Some beads might have been misidentified
               x1         y1  area1          x2         y2  area2
range  339.865769  10.782685  149.0  339.849386  42.223303  141.0
FAILURE!!!! Some beads might have been misidentified
               x1         y1  area1          x2         y2  area2
range  339.858475  10.779838  151.0  339.814127  42.265513  145.0
FAILURE!!!! Some beads might have been misidentified
               x1        y1  area1          x2        y2  area2
range  339.788192  10.79021  154.0  339.742423  42.14347  146.0
FAILURE!!!! Some beads might have been misidentified
              x1         y1  area1          x2         y2  area2
range  339.98642  10.775542  149.0  339.966172  42.155947  141.0
FAILURE!!!! Some beads might have been misidentified
               x1         y1  area1          x2         y2  area2
range  339.641014  10.777549  153.0  339.543346  42.251428  147.0
FAILURE!!!! Some beads might have been misidentified
Residual vector length: 25, Jacobian shape: (25, 6)
view   0 | SOD= 556.945 mm | SDD= 802.742 mm | M= 1.441 | incident=4.7367°
[[ 239.32654    -500.88373     -45.00962   ]
 [-110.84049     218.52718      19.99038   ]
 [   0.13555811    0.06327841    0.        ]
 [   0.            0.            0.1496    ]]
               x1         y1  area1          x2         y2  area2
range  339.741315  10.762829  151.0  339.711337  42.211738  142.0
FAILURE!!!! Some beads might have been misidentified

iter 39 cost=0.054730 -> 0.068716 |dtheta|=4.149340e-02  lambda=1.250e-04

============================================================
Iteration 40
============================================================
Theta offsets (Unity frame):
  Source   : dSx=   0.000, dSy=   0.000, dSz=   0.000  (mm)
  Object   : dOx= -18.000, dOy=  -8.007, dOz= -24.905  (mm)
  Object offset: offset_x=  -0.004, offset_z=   0.003  (mm)
  Detector : dDx=   0.000, dDy=   0.000, dDz=   0.000  (mm)
  Obj Stage rotY :   24.983 deg
============================================================

Unity geometry (world coordinates):
  Source   : x=   5.000, y=  60.000, z=   0.000
  Object   : x=  -0.000, y=  14.993, z= 555.095
  Detector : x=  -8.000, y=  -5.000, z= 800.000
  Obj rotY :   0.0000 deg
view   0 | SOD= 556.943 mm | SDD= 802.742 mm | M= 1.441 | incident=4.7367°
[[ 238.98352    -501.04565     -45.006683  ]
 [-110.68217     218.60905      19.993317  ]
 [   0.13560218    0.06318395    0.        ]
 [   0.            0.            0.1496    ]]
               x1         y1  area1          x2         y2  area2
range  339.865769  10.759102  151.0  339.811776  42.226778  143.0
FAILURE!!!! Some beads might have been misidentified
               x1         y1  area1          x2         y2  area2
range  339.834031  10.777062  157.0  339.787239  42.214429  148.0
FAILURE!!!! Some beads might have been misidentified
               x1         y1  area1          x2         y2  area2
range  339.792379  10.784326  149.0  339.718664  42.182966  143.0
FAILURE!!!! Some beads might have been misidentified
               x1         y1  area1          x2         y2  area2
range  339.881391  10.784018  152.0  339.815397  42.265941  144.0
FAILURE!!!! Some beads might have been misidentified
               x1         y1  area1          x2         y2  area2
range  339.859179  10.650103  150.0  339.837481  42.150507  136.0
FAILURE!!!! Some beads might have been misidentified
               x1         y1  area1          x2         y2  area2
range  339.865769  10.759102  151.0  339.820217  42.244444  146.0
FAILURE!!!! Some beads might have been misidentified
               x1         y1  area1          x2         y2  area2
range  339.865769  10.759102  151.0  339.823278  42.168586  139.0
FAILURE!!!! Some beads might have been misidentified
               x1         y1  area1         x2         y2  area2
range  339.864881  10.761547  152.0  339.82596  42.190101  145.0
FAILURE!!!! Some beads might have been misidentified
               x1         y1  area1          x2         y2  area2
range  339.865769  10.782685  149.0  339.849386  42.223303  141.0
FAILURE!!!! Some beads might have been misidentified
               x1         y1  area1          x2         y2  area2
range  339.858475  10.779838  151.0  339.814127  42.265513  145.0
FAILURE!!!! Some beads might have been misidentified
               x1        y1  area1          x2        y2  area2
range  339.788192  10.79021  154.0  339.742423  42.14347  146.0
FAILURE!!!! Some beads might have been misidentified
              x1         y1  area1          x2         y2  area2
range  339.98642  10.775542  149.0  339.966172  42.155947  141.0
FAILURE!!!! Some beads might have been misidentified
               x1         y1  area1          x2         y2  area2
range  339.641014  10.777549  153.0  339.543346  42.251428  147.0
FAILURE!!!! Some beads might have been misidentified
Residual vector length: 25, Jacobian shape: (25, 6)
view   0 | SOD= 556.945 mm | SDD= 802.742 mm | M= 1.441 | incident=4.7367°
[[ 239.3265     -500.88373     -45.00962   ]
 [-110.840485    218.52719      19.99038   ]
 [   0.13555811    0.06327841    0.        ]
 [   0.            0.            0.1496    ]]
               x1         y1  area1          x2         y2  area2
range  339.741315  10.762829  151.0  339.711337  42.211738  142.0
FAILURE!!!! Some beads might have been misidentified

iter 40 cost=0.054730 -> 0.068716 |dtheta|=4.149138e-02  lambda=6.250e-04

============================================================
Iteration 41
============================================================
Theta offsets (Unity frame):
  Source   : dSx=   0.000, dSy=   0.000, dSz=   0.000  (mm)
  Object   : dOx= -18.000, dOy=  -8.007, dOz= -24.905  (mm)
  Object offset: offset_x=  -0.004, offset_z=   0.003  (mm)
  Detector : dDx=   0.000, dDy=   0.000, dDz=   0.000  (mm)
  Obj Stage rotY :   24.983 deg
============================================================

Unity geometry (world coordinates):
  Source   : x=   5.000, y=  60.000, z=   0.000
  Object   : x=  -0.000, y=  14.993, z= 555.095
  Detector : x=  -8.000, y=  -5.000, z= 800.000
  Obj rotY :   0.0000 deg
view   0 | SOD= 556.943 mm | SDD= 802.742 mm | M= 1.441 | incident=4.7367°
[[ 238.98352    -501.04565     -45.006683  ]
 [-110.68217     218.60905      19.993317  ]
 [   0.13560218    0.06318395    0.        ]
 [   0.            0.            0.1496    ]]
               x1         y1  area1          x2         y2  area2
range  339.865769  10.759102  151.0  339.811776  42.226778  143.0
FAILURE!!!! Some beads might have been misidentified
               x1         y1  area1          x2         y2  area2
range  339.834031  10.777062  157.0  339.787239  42.214429  148.0
FAILURE!!!! Some beads might have been misidentified
               x1         y1  area1          x2         y2  area2
range  339.792379  10.784326  149.0  339.718664  42.182966  143.0
FAILURE!!!! Some beads might have been misidentified
               x1         y1  area1          x2         y2  area2
range  339.881391  10.784018  152.0  339.815397  42.265941  144.0
FAILURE!!!! Some beads might have been misidentified
               x1         y1  area1          x2         y2  area2
range  339.859179  10.650103  150.0  339.837481  42.150507  136.0
FAILURE!!!! Some beads might have been misidentified
               x1         y1  area1          x2         y2  area2
range  339.865769  10.759102  151.0  339.820217  42.244444  146.0
FAILURE!!!! Some beads might have been misidentified
               x1         y1  area1          x2         y2  area2
range  339.865769  10.759102  151.0  339.823278  42.168586  139.0
FAILURE!!!! Some beads might have been misidentified
               x1         y1  area1         x2         y2  area2
range  339.864881  10.761547  152.0  339.82596  42.190101  145.0
FAILURE!!!! Some beads might have been misidentified
               x1         y1  area1          x2         y2  area2
range  339.865769  10.782685  149.0  339.849386  42.223303  141.0
FAILURE!!!! Some beads might have been misidentified
               x1         y1  area1          x2         y2  area2
range  339.858475  10.779838  151.0  339.814127  42.265513  145.0
FAILURE!!!! Some beads might have been misidentified
               x1        y1  area1          x2        y2  area2
range  339.788192  10.79021  154.0  339.742423  42.14347  146.0
FAILURE!!!! Some beads might have been misidentified
              x1         y1  area1          x2         y2  area2
range  339.98642  10.775542  149.0  339.966172  42.155947  141.0
FAILURE!!!! Some beads might have been misidentified
               x1         y1  area1          x2         y2  area2
range  339.641014  10.777549  153.0  339.543346  42.251428  147.0
FAILURE!!!! Some beads might have been misidentified
Residual vector length: 25, Jacobian shape: (25, 6)
view   0 | SOD= 556.945 mm | SDD= 802.742 mm | M= 1.441 | incident=4.7367°
[[ 239.32643    -500.8838      -45.00962   ]
 [-110.84044     218.5272       19.99038   ]
 [   0.13555813    0.06327838    0.        ]
 [   0.            0.            0.1496    ]]
               x1         y1  area1          x2         y2  area2
range  339.741315  10.762829  151.0  339.711337  42.211738  142.0
FAILURE!!!! Some beads might have been misidentified

iter 41 cost=0.054730 -> 0.068716 |dtheta|=4.148130e-02  lambda=3.125e-03

============================================================
Iteration 42
============================================================
Theta offsets (Unity frame):
  Source   : dSx=   0.000, dSy=   0.000, dSz=   0.000  (mm)
  Object   : dOx= -18.000, dOy=  -8.007, dOz= -24.905  (mm)
  Object offset: offset_x=  -0.004, offset_z=   0.003  (mm)
  Detector : dDx=   0.000, dDy=   0.000, dDz=   0.000  (mm)
  Obj Stage rotY :   24.983 deg
============================================================

Unity geometry (world coordinates):
  Source   : x=   5.000, y=  60.000, z=   0.000
  Object   : x=  -0.000, y=  14.993, z= 555.095
  Detector : x=  -8.000, y=  -5.000, z= 800.000
  Obj rotY :   0.0000 deg
view   0 | SOD= 556.943 mm | SDD= 802.742 mm | M= 1.441 | incident=4.7367°
[[ 238.98352    -501.04565     -45.006683  ]
 [-110.68217     218.60905      19.993317  ]
 [   0.13560218    0.06318395    0.        ]
 [   0.            0.            0.1496    ]]
               x1         y1  area1          x2         y2  area2
range  339.865769  10.759102  151.0  339.811776  42.226778  143.0
FAILURE!!!! Some beads might have been misidentified
               x1         y1  area1          x2         y2  area2
range  339.834031  10.777062  157.0  339.787239  42.214429  148.0
FAILURE!!!! Some beads might have been misidentified
               x1         y1  area1          x2         y2  area2
range  339.792379  10.784326  149.0  339.718664  42.182966  143.0
FAILURE!!!! Some beads might have been misidentified
               x1         y1  area1          x2         y2  area2
range  339.881391  10.784018  152.0  339.815397  42.265941  144.0
FAILURE!!!! Some beads might have been misidentified
               x1         y1  area1          x2         y2  area2
range  339.859179  10.650103  150.0  339.837481  42.150507  136.0
FAILURE!!!! Some beads might have been misidentified
               x1         y1  area1          x2         y2  area2
range  339.865769  10.759102  151.0  339.820217  42.244444  146.0
FAILURE!!!! Some beads might have been misidentified
               x1         y1  area1          x2         y2  area2
range  339.865769  10.759102  151.0  339.823278  42.168586  139.0
FAILURE!!!! Some beads might have been misidentified
               x1         y1  area1         x2         y2  area2
range  339.864881  10.761547  152.0  339.82596  42.190101  145.0
FAILURE!!!! Some beads might have been misidentified
               x1         y1  area1          x2         y2  area2
range  339.865769  10.782685  149.0  339.849386  42.223303  141.0
FAILURE!!!! Some beads might have been misidentified
               x1         y1  area1          x2         y2  area2
range  339.858475  10.779838  151.0  339.814127  42.265513  145.0
FAILURE!!!! Some beads might have been misidentified
               x1        y1  area1          x2        y2  area2
range  339.788192  10.79021  154.0  339.742423  42.14347  146.0
FAILURE!!!! Some beads might have been misidentified
              x1         y1  area1          x2         y2  area2
range  339.98642  10.775542  149.0  339.966172  42.155947  141.0
FAILURE!!!! Some beads might have been misidentified
               x1         y1  area1          x2         y2  area2
range  339.641014  10.777549  153.0  339.543346  42.251428  147.0
FAILURE!!!! Some beads might have been misidentified
Residual vector length: 25, Jacobian shape: (25, 6)
view   0 | SOD= 556.945 mm | SDD= 802.742 mm | M= 1.441 | incident=4.7367°
[[ 239.32602    -500.88403     -45.00962   ]
 [-110.84021     218.52725      19.99038   ]
 [   0.13555819    0.06327827    0.        ]
 [   0.            0.            0.1496    ]]
               x1         y1  area1          x2         y2  area2
range  339.741315  10.762829  151.0  339.711337  42.211738  142.0
FAILURE!!!! Some beads might have been misidentified

iter 42 cost=0.054730 -> 0.068716 |dtheta|=4.143100e-02  lambda=1.562e-02

============================================================
Iteration 43
============================================================
Theta offsets (Unity frame):
  Source   : dSx=   0.000, dSy=   0.000, dSz=   0.000  (mm)
  Object   : dOx= -18.000, dOy=  -8.007, dOz= -24.905  (mm)
  Object offset: offset_x=  -0.004, offset_z=   0.003  (mm)
  Detector : dDx=   0.000, dDy=   0.000, dDz=   0.000  (mm)
  Obj Stage rotY :   24.983 deg
============================================================

Unity geometry (world coordinates):
  Source   : x=   5.000, y=  60.000, z=   0.000
  Object   : x=  -0.000, y=  14.993, z= 555.095
  Detector : x=  -8.000, y=  -5.000, z= 800.000
  Obj rotY :   0.0000 deg
view   0 | SOD= 556.943 mm | SDD= 802.742 mm | M= 1.441 | incident=4.7367°
[[ 238.98352    -501.04565     -45.006683  ]
 [-110.68217     218.60905      19.993317  ]
 [   0.13560218    0.06318395    0.        ]
 [   0.            0.            0.1496    ]]
               x1         y1  area1          x2         y2  area2
range  339.865769  10.759102  151.0  339.811776  42.226778  143.0
FAILURE!!!! Some beads might have been misidentified
               x1         y1  area1          x2         y2  area2
range  339.834031  10.777062  157.0  339.787239  42.214429  148.0
FAILURE!!!! Some beads might have been misidentified
               x1         y1  area1          x2         y2  area2
range  339.792379  10.784326  149.0  339.718664  42.182966  143.0
FAILURE!!!! Some beads might have been misidentified
               x1         y1  area1          x2         y2  area2
range  339.881391  10.784018  152.0  339.815397  42.265941  144.0
FAILURE!!!! Some beads might have been misidentified
               x1         y1  area1          x2         y2  area2
range  339.859179  10.650103  150.0  339.837481  42.150507  136.0
FAILURE!!!! Some beads might have been misidentified
               x1         y1  area1          x2         y2  area2
range  339.865769  10.759102  151.0  339.820217  42.244444  146.0
FAILURE!!!! Some beads might have been misidentified
               x1         y1  area1          x2         y2  area2
range  339.865769  10.759102  151.0  339.823278  42.168586  139.0
FAILURE!!!! Some beads might have been misidentified
               x1         y1  area1         x2         y2  area2
range  339.864881  10.761547  152.0  339.82596  42.190101  145.0
FAILURE!!!! Some beads might have been misidentified
               x1         y1  area1          x2         y2  area2
range  339.865769  10.782685  149.0  339.849386  42.223303  141.0
FAILURE!!!! Some beads might have been misidentified
               x1         y1  area1          x2         y2  area2
range  339.858475  10.779838  151.0  339.814127  42.265513  145.0
FAILURE!!!! Some beads might have been misidentified
               x1        y1  area1          x2        y2  area2
range  339.788192  10.79021  154.0  339.742423  42.14347  146.0
FAILURE!!!! Some beads might have been misidentified
              x1         y1  area1          x2         y2  area2
range  339.98642  10.775542  149.0  339.966172  42.155947  141.0
FAILURE!!!! Some beads might have been misidentified
               x1         y1  area1          x2         y2  area2
range  339.641014  10.777549  153.0  339.543346  42.251428  147.0
FAILURE!!!! Some beads might have been misidentified
Residual vector length: 25, Jacobian shape: (25, 6)
view   0 | SOD= 556.945 mm | SDD= 802.742 mm | M= 1.441 | incident=4.7367°
[[ 239.3239     -500.88513     -45.009624  ]
 [-110.83917     218.52771      19.990376  ]
 [   0.13555846    0.06327767    0.        ]
 [   0.            0.            0.1496    ]]
               x1         y1  area1          x2         y2  area2
range  339.741315  10.762829  151.0  339.711337  42.211738  142.0
FAILURE!!!! Some beads might have been misidentified

iter 43 cost=0.054730 -> 0.068716 |dtheta|=4.118203e-02  lambda=7.812e-02

============================================================
Iteration 44
============================================================
Theta offsets (Unity frame):
  Source   : dSx=   0.000, dSy=   0.000, dSz=   0.000  (mm)
  Object   : dOx= -18.000, dOy=  -8.007, dOz= -24.905  (mm)
  Object offset: offset_x=  -0.004, offset_z=   0.003  (mm)
  Detector : dDx=   0.000, dDy=   0.000, dDz=   0.000  (mm)
  Obj Stage rotY :   24.983 deg
============================================================

Unity geometry (world coordinates):
  Source   : x=   5.000, y=  60.000, z=   0.000
  Object   : x=  -0.000, y=  14.993, z= 555.095
  Detector : x=  -8.000, y=  -5.000, z= 800.000
  Obj rotY :   0.0000 deg
view   0 | SOD= 556.943 mm | SDD= 802.742 mm | M= 1.441 | incident=4.7367°
[[ 238.98352    -501.04565     -45.006683  ]
 [-110.68217     218.60905      19.993317  ]
 [   0.13560218    0.06318395    0.        ]
 [   0.            0.            0.1496    ]]
               x1         y1  area1          x2         y2  area2
range  339.865769  10.759102  151.0  339.811776  42.226778  143.0
FAILURE!!!! Some beads might have been misidentified
               x1         y1  area1          x2         y2  area2
range  339.834031  10.777062  157.0  339.787239  42.214429  148.0
FAILURE!!!! Some beads might have been misidentified
               x1         y1  area1          x2         y2  area2
range  339.792379  10.784326  149.0  339.718664  42.182966  143.0
FAILURE!!!! Some beads might have been misidentified
               x1         y1  area1          x2         y2  area2
range  339.881391  10.784018  152.0  339.815397  42.265941  144.0
FAILURE!!!! Some beads might have been misidentified
               x1         y1  area1          x2         y2  area2
range  339.859179  10.650103  150.0  339.837481  42.150507  136.0
FAILURE!!!! Some beads might have been misidentified
               x1         y1  area1          x2         y2  area2
range  339.865769  10.759102  151.0  339.820217  42.244444  146.0
FAILURE!!!! Some beads might have been misidentified
               x1         y1  area1          x2         y2  area2
range  339.865769  10.759102  151.0  339.823278  42.168586  139.0
FAILURE!!!! Some beads might have been misidentified
               x1         y1  area1         x2         y2  area2
range  339.864881  10.761547  152.0  339.82596  42.190101  145.0
FAILURE!!!! Some beads might have been misidentified
               x1         y1  area1          x2         y2  area2
range  339.865769  10.782685  149.0  339.849386  42.223303  141.0
FAILURE!!!! Some beads might have been misidentified
               x1         y1  area1          x2         y2  area2
range  339.858475  10.779838  151.0  339.814127  42.265513  145.0
FAILURE!!!! Some beads might have been misidentified
               x1        y1  area1          x2        y2  area2
range  339.788192  10.79021  154.0  339.742423  42.14347  146.0
FAILURE!!!! Some beads might have been misidentified
              x1         y1  area1          x2         y2  area2
range  339.98642  10.775542  149.0  339.966172  42.155947  141.0
FAILURE!!!! Some beads might have been misidentified
               x1         y1  area1          x2         y2  area2
range  339.641014  10.777549  153.0  339.543346  42.251428  147.0
FAILURE!!!! Some beads might have been misidentified
Residual vector length: 25, Jacobian shape: (25, 6)
view   0 | SOD= 556.945 mm | SDD= 802.742 mm | M= 1.441 | incident=4.7367°
[[ 239.31384    -500.89047     -45.009644  ]
 [-110.83412     218.52971      19.990355  ]
 [   0.13555978    0.06327482    0.        ]
 [   0.            0.            0.1496    ]]
               x1         y1  area1          x2         y2  area2
range  339.741315  10.762829  151.0  339.711337  42.211738  142.0
FAILURE!!!! Some beads might have been misidentified

iter 44 cost=0.054730 -> 0.068716 |dtheta|=3.999753e-02  lambda=3.906e-01

============================================================
Iteration 45
============================================================
Theta offsets (Unity frame):
  Source   : dSx=   0.000, dSy=   0.000, dSz=   0.000  (mm)
  Object   : dOx= -18.000, dOy=  -8.007, dOz= -24.905  (mm)
  Object offset: offset_x=  -0.004, offset_z=   0.003  (mm)
  Detector : dDx=   0.000, dDy=   0.000, dDz=   0.000  (mm)
  Obj Stage rotY :   24.983 deg
============================================================

Unity geometry (world coordinates):
  Source   : x=   5.000, y=  60.000, z=   0.000
  Object   : x=  -0.000, y=  14.993, z= 555.095
  Detector : x=  -8.000, y=  -5.000, z= 800.000
  Obj rotY :   0.0000 deg
view   0 | SOD= 556.943 mm | SDD= 802.742 mm | M= 1.441 | incident=4.7367°
[[ 238.98352    -501.04565     -45.006683  ]
 [-110.68217     218.60905      19.993317  ]
 [   0.13560218    0.06318395    0.        ]
 [   0.            0.            0.1496    ]]
               x1         y1  area1          x2         y2  area2
range  339.865769  10.759102  151.0  339.811776  42.226778  143.0
FAILURE!!!! Some beads might have been misidentified
               x1         y1  area1          x2         y2  area2
range  339.834031  10.777062  157.0  339.787239  42.214429  148.0
FAILURE!!!! Some beads might have been misidentified
               x1         y1  area1          x2         y2  area2
range  339.792379  10.784326  149.0  339.718664  42.182966  143.0
FAILURE!!!! Some beads might have been misidentified
               x1         y1  area1          x2         y2  area2
range  339.881391  10.784018  152.0  339.815397  42.265941  144.0
FAILURE!!!! Some beads might have been misidentified
               x1         y1  area1          x2         y2  area2
range  339.859179  10.650103  150.0  339.837481  42.150507  136.0
FAILURE!!!! Some beads might have been misidentified
               x1         y1  area1          x2         y2  area2
range  339.865769  10.759102  151.0  339.820217  42.244444  146.0
FAILURE!!!! Some beads might have been misidentified
               x1         y1  area1          x2         y2  area2
range  339.865769  10.759102  151.0  339.823278  42.168586  139.0
FAILURE!!!! Some beads might have been misidentified
               x1         y1  area1         x2         y2  area2
range  339.864881  10.761547  152.0  339.82596  42.190101  145.0
FAILURE!!!! Some beads might have been misidentified
               x1         y1  area1          x2         y2  area2
range  339.865769  10.782685  149.0  339.849386  42.223303  141.0
FAILURE!!!! Some beads might have been misidentified
               x1         y1  area1          x2         y2  area2
range  339.858475  10.779838  151.0  339.814127  42.265513  145.0
FAILURE!!!! Some beads might have been misidentified
               x1        y1  area1          x2        y2  area2
range  339.788192  10.79021  154.0  339.742423  42.14347  146.0
FAILURE!!!! Some beads might have been misidentified
              x1         y1  area1          x2         y2  area2
range  339.98642  10.775542  149.0  339.966172  42.155947  141.0
FAILURE!!!! Some beads might have been misidentified
               x1         y1  area1          x2         y2  area2
range  339.641014  10.777549  153.0  339.543346  42.251428  147.0
FAILURE!!!! Some beads might have been misidentified
Residual vector length: 25, Jacobian shape: (25, 6)
view   0 | SOD= 556.947 mm | SDD= 802.742 mm | M= 1.441 | incident=4.7367°
[[ 239.27277    -500.91187     -45.009697  ]
 [-110.81375     218.53822      19.990301  ]
 [   0.13556519    0.06326324    0.        ]
 [   0.            0.            0.1496    ]]
               x1         y1  area1          x2         y2  area2
range  339.741315  10.762829  151.0  339.711337  42.207263  141.0
FAILURE!!!! Some beads might have been misidentified

iter 45 cost=0.054730 -> 0.068649 |dtheta|=3.525624e-02  lambda=1.953e+00

============================================================
Iteration 46
============================================================
Theta offsets (Unity frame):
  Source   : dSx=   0.000, dSy=   0.000, dSz=   0.000  (mm)
  Object   : dOx= -18.000, dOy=  -8.007, dOz= -24.905  (mm)
  Object offset: offset_x=  -0.004, offset_z=   0.003  (mm)
  Detector : dDx=   0.000, dDy=   0.000, dDz=   0.000  (mm)
  Obj Stage rotY :   24.983 deg
============================================================

Unity geometry (world coordinates):
  Source   : x=   5.000, y=  60.000, z=   0.000
  Object   : x=  -0.000, y=  14.993, z= 555.095
  Detector : x=  -8.000, y=  -5.000, z= 800.000
  Obj rotY :   0.0000 deg
view   0 | SOD= 556.943 mm | SDD= 802.742 mm | M= 1.441 | incident=4.7367°
[[ 238.98352    -501.04565     -45.006683  ]
 [-110.68217     218.60905      19.993317  ]
 [   0.13560218    0.06318395    0.        ]
 [   0.            0.            0.1496    ]]
               x1         y1  area1          x2         y2  area2
range  339.865769  10.759102  151.0  339.811776  42.226778  143.0
FAILURE!!!! Some beads might have been misidentified
               x1         y1  area1          x2         y2  area2
range  339.834031  10.777062  157.0  339.787239  42.214429  148.0
FAILURE!!!! Some beads might have been misidentified
               x1         y1  area1          x2         y2  area2
range  339.792379  10.784326  149.0  339.718664  42.182966  143.0
FAILURE!!!! Some beads might have been misidentified
               x1         y1  area1          x2         y2  area2
range  339.881391  10.784018  152.0  339.815397  42.265941  144.0
FAILURE!!!! Some beads might have been misidentified
               x1         y1  area1          x2         y2  area2
range  339.859179  10.650103  150.0  339.837481  42.150507  136.0
FAILURE!!!! Some beads might have been misidentified
               x1         y1  area1          x2         y2  area2
range  339.865769  10.759102  151.0  339.820217  42.244444  146.0
FAILURE!!!! Some beads might have been misidentified
               x1         y1  area1          x2         y2  area2
range  339.865769  10.759102  151.0  339.823278  42.168586  139.0
FAILURE!!!! Some beads might have been misidentified
               x1         y1  area1         x2         y2  area2
range  339.864881  10.761547  152.0  339.82596  42.190101  145.0
FAILURE!!!! Some beads might have been misidentified
               x1         y1  area1          x2         y2  area2
range  339.865769  10.782685  149.0  339.849386  42.223303  141.0
FAILURE!!!! Some beads might have been misidentified
               x1         y1  area1          x2         y2  area2
range  339.858475  10.779838  151.0  339.814127  42.265513  145.0
FAILURE!!!! Some beads might have been misidentified
               x1        y1  area1          x2        y2  area2
range  339.788192  10.79021  154.0  339.742423  42.14347  146.0
FAILURE!!!! Some beads might have been misidentified
              x1         y1  area1          x2         y2  area2
range  339.98642  10.775542  149.0  339.966172  42.155947  141.0
FAILURE!!!! Some beads might have been misidentified
               x1         y1  area1          x2         y2  area2
range  339.641014  10.777549  153.0  339.543346  42.251428  147.0
FAILURE!!!! Some beads might have been misidentified
Residual vector length: 25, Jacobian shape: (25, 6)
view   0 | SOD= 556.949 mm | SDD= 802.742 mm | M= 1.441 | incident=4.7367°
[[ 239.17105    -500.9627      -45.009563  ]
 [-110.764626    218.56078      19.990437  ]
 [   0.13557845    0.06323482    0.        ]
 [   0.            0.            0.1496    ]]
               x1         y1  area1          x2         y2  area2
range  339.725295  10.762829  151.0  339.695156  42.205409  142.0
FAILURE!!!! Some beads might have been misidentified

iter 46 cost=0.054730 -> 0.066226 |dtheta|=2.398757e-02  lambda=9.766e+00

============================================================
Iteration 47
============================================================
Theta offsets (Unity frame):
  Source   : dSx=   0.000, dSy=   0.000, dSz=   0.000  (mm)
  Object   : dOx= -18.000, dOy=  -8.007, dOz= -24.905  (mm)
  Object offset: offset_x=  -0.004, offset_z=   0.003  (mm)
  Detector : dDx=   0.000, dDy=   0.000, dDz=   0.000  (mm)
  Obj Stage rotY :   24.983 deg
============================================================

Unity geometry (world coordinates):
  Source   : x=   5.000, y=  60.000, z=   0.000
  Object   : x=  -0.000, y=  14.993, z= 555.095
  Detector : x=  -8.000, y=  -5.000, z= 800.000
  Obj rotY :   0.0000 deg
view   0 | SOD= 556.943 mm | SDD= 802.742 mm | M= 1.441 | incident=4.7367°
[[ 238.98352    -501.04565     -45.006683  ]
 [-110.68217     218.60905      19.993317  ]
 [   0.13560218    0.06318395    0.        ]
 [   0.            0.            0.1496    ]]
               x1         y1  area1          x2         y2  area2
range  339.865769  10.759102  151.0  339.811776  42.226778  143.0
FAILURE!!!! Some beads might have been misidentified
               x1         y1  area1          x2         y2  area2
range  339.834031  10.777062  157.0  339.787239  42.214429  148.0
FAILURE!!!! Some beads might have been misidentified
               x1         y1  area1          x2         y2  area2
range  339.792379  10.784326  149.0  339.718664  42.182966  143.0
FAILURE!!!! Some beads might have been misidentified
               x1         y1  area1          x2         y2  area2
range  339.881391  10.784018  152.0  339.815397  42.265941  144.0
FAILURE!!!! Some beads might have been misidentified
               x1         y1  area1          x2         y2  area2
range  339.859179  10.650103  150.0  339.837481  42.150507  136.0
FAILURE!!!! Some beads might have been misidentified
               x1         y1  area1          x2         y2  area2
range  339.865769  10.759102  151.0  339.820217  42.244444  146.0
FAILURE!!!! Some beads might have been misidentified
               x1         y1  area1          x2         y2  area2
range  339.865769  10.759102  151.0  339.823278  42.168586  139.0
FAILURE!!!! Some beads might have been misidentified
               x1         y1  area1         x2         y2  area2
range  339.864881  10.761547  152.0  339.82596  42.190101  145.0
FAILURE!!!! Some beads might have been misidentified
               x1         y1  area1          x2         y2  area2
range  339.865769  10.782685  149.0  339.849386  42.223303  141.0
FAILURE!!!! Some beads might have been misidentified
               x1         y1  area1          x2         y2  area2
range  339.858475  10.779838  151.0  339.814127  42.265513  145.0
FAILURE!!!! Some beads might have been misidentified
               x1        y1  area1          x2        y2  area2
range  339.788192  10.79021  154.0  339.742423  42.14347  146.0
FAILURE!!!! Some beads might have been misidentified
              x1         y1  area1          x2         y2  area2
range  339.98642  10.775542  149.0  339.966172  42.155947  141.0
FAILURE!!!! Some beads might have been misidentified
               x1         y1  area1          x2         y2  area2
range  339.641014  10.777549  153.0  339.543346  42.251428  147.0
FAILURE!!!! Some beads might have been misidentified
Residual vector length: 25, Jacobian shape: (25, 6)
view   0 | SOD= 556.946 mm | SDD= 802.742 mm | M= 1.441 | incident=4.7367°
[[ 239.0605     -501.01184     -45.008675  ]
 [-110.71501     218.58951      19.991325  ]
 [   0.13559252    0.06320465    0.        ]
 [   0.            0.            0.1496    ]]
               x1         y1  area1          x2         y2  area2
range  339.725295  10.764778  150.0  339.649131  42.210672  143.0
FAILURE!!!! Some beads might have been misidentified

iter 47 cost=0.054730 -> 0.067776 |dtheta|=1.135768e-02  lambda=4.883e+01

============================================================
Iteration 48
============================================================
Theta offsets (Unity frame):
  Source   : dSx=   0.000, dSy=   0.000, dSz=   0.000  (mm)
  Object   : dOx= -18.000, dOy=  -8.007, dOz= -24.905  (mm)
  Object offset: offset_x=  -0.004, offset_z=   0.003  (mm)
  Detector : dDx=   0.000, dDy=   0.000, dDz=   0.000  (mm)
  Obj Stage rotY :   24.983 deg
============================================================

Unity geometry (world coordinates):
  Source   : x=   5.000, y=  60.000, z=   0.000
  Object   : x=  -0.000, y=  14.993, z= 555.095
  Detector : x=  -8.000, y=  -5.000, z= 800.000
  Obj rotY :   0.0000 deg
view   0 | SOD= 556.943 mm | SDD= 802.742 mm | M= 1.441 | incident=4.7367°
[[ 238.98352    -501.04565     -45.006683  ]
 [-110.68217     218.60905      19.993317  ]
 [   0.13560218    0.06318395    0.        ]
 [   0.            0.            0.1496    ]]
               x1         y1  area1          x2         y2  area2
range  339.865769  10.759102  151.0  339.811776  42.226778  143.0
FAILURE!!!! Some beads might have been misidentified
               x1         y1  area1          x2         y2  area2
range  339.834031  10.777062  157.0  339.787239  42.214429  148.0
FAILURE!!!! Some beads might have been misidentified
               x1         y1  area1          x2         y2  area2
range  339.792379  10.784326  149.0  339.718664  42.182966  143.0
FAILURE!!!! Some beads might have been misidentified
               x1         y1  area1          x2         y2  area2
range  339.881391  10.784018  152.0  339.815397  42.265941  144.0
FAILURE!!!! Some beads might have been misidentified
               x1         y1  area1          x2         y2  area2
range  339.859179  10.650103  150.0  339.837481  42.150507  136.0
FAILURE!!!! Some beads might have been misidentified
               x1         y1  area1          x2         y2  area2
range  339.865769  10.759102  151.0  339.820217  42.244444  146.0
FAILURE!!!! Some beads might have been misidentified
               x1         y1  area1          x2         y2  area2
range  339.865769  10.759102  151.0  339.823278  42.168586  139.0
FAILURE!!!! Some beads might have been misidentified
               x1         y1  area1         x2         y2  area2
range  339.864881  10.761547  152.0  339.82596  42.190101  145.0
FAILURE!!!! Some beads might have been misidentified
               x1         y1  area1          x2         y2  area2
range  339.865769  10.782685  149.0  339.849386  42.223303  141.0
FAILURE!!!! Some beads might have been misidentified
               x1         y1  area1          x2         y2  area2
range  339.858475  10.779838  151.0  339.814127  42.265513  145.0
FAILURE!!!! Some beads might have been misidentified
               x1        y1  area1          x2        y2  area2
range  339.788192  10.79021  154.0  339.742423  42.14347  146.0
FAILURE!!!! Some beads might have been misidentified
              x1         y1  area1          x2         y2  area2
range  339.98642  10.775542  149.0  339.966172  42.155947  141.0
FAILURE!!!! Some beads might have been misidentified
               x1         y1  area1          x2         y2  area2
range  339.641014  10.777549  153.0  339.543346  42.251428  147.0
FAILURE!!!! Some beads might have been misidentified
Residual vector length: 25, Jacobian shape: (25, 6)
view   0 | SOD= 556.942 mm | SDD= 802.742 mm | M= 1.441 | incident=4.7367°
[[ 239.00545    -501.03406     -45.007767  ]
 [-110.69179     218.60533      19.992231  ]
 [   0.1355994     0.06318989    0.        ]
 [   0.            0.            0.1496    ]]
               x1         y1  area1          x2       y2  area2
range  339.727536  10.778468  151.0  339.675164  42.1946  144.0
FAILURE!!!! Some beads might have been misidentified

iter 48 cost=0.054730 -> 0.068600 |dtheta|=4.522404e-03  lambda=2.441e+02

============================================================
Iteration 49
============================================================
Theta offsets (Unity frame):
  Source   : dSx=   0.000, dSy=   0.000, dSz=   0.000  (mm)
  Object   : dOx= -18.000, dOy=  -8.007, dOz= -24.905  (mm)
  Object offset: offset_x=  -0.004, offset_z=   0.003  (mm)
  Detector : dDx=   0.000, dDy=   0.000, dDz=   0.000  (mm)
  Obj Stage rotY :   24.983 deg
============================================================

Unity geometry (world coordinates):
  Source   : x=   5.000, y=  60.000, z=   0.000
  Object   : x=  -0.000, y=  14.993, z= 555.095
  Detector : x=  -8.000, y=  -5.000, z= 800.000
  Obj rotY :   0.0000 deg
view   0 | SOD= 556.943 mm | SDD= 802.742 mm | M= 1.441 | incident=4.7367°
[[ 238.98352    -501.04565     -45.006683  ]
 [-110.68217     218.60905      19.993317  ]
 [   0.13560218    0.06318395    0.        ]
 [   0.            0.            0.1496    ]]
               x1         y1  area1          x2         y2  area2
range  339.865769  10.759102  151.0  339.811776  42.226778  143.0
FAILURE!!!! Some beads might have been misidentified
               x1         y1  area1          x2         y2  area2
range  339.834031  10.777062  157.0  339.787239  42.214429  148.0
FAILURE!!!! Some beads might have been misidentified
               x1         y1  area1          x2         y2  area2
range  339.792379  10.784326  149.0  339.718664  42.182966  143.0
FAILURE!!!! Some beads might have been misidentified
               x1         y1  area1          x2         y2  area2
range  339.881391  10.784018  152.0  339.815397  42.265941  144.0
FAILURE!!!! Some beads might have been misidentified
               x1         y1  area1          x2         y2  area2
range  339.859179  10.650103  150.0  339.837481  42.150507  136.0
FAILURE!!!! Some beads might have been misidentified
               x1         y1  area1          x2         y2  area2
range  339.865769  10.759102  151.0  339.820217  42.244444  146.0
FAILURE!!!! Some beads might have been misidentified
               x1         y1  area1          x2         y2  area2
range  339.865769  10.759102  151.0  339.823278  42.168586  139.0
FAILURE!!!! Some beads might have been misidentified
               x1         y1  area1         x2         y2  area2
range  339.864881  10.761547  152.0  339.82596  42.190101  145.0
FAILURE!!!! Some beads might have been misidentified
               x1         y1  area1          x2         y2  area2
range  339.865769  10.782685  149.0  339.849386  42.223303  141.0
FAILURE!!!! Some beads might have been misidentified
               x1         y1  area1          x2         y2  area2
range  339.858475  10.779838  151.0  339.814127  42.265513  145.0
FAILURE!!!! Some beads might have been misidentified
               x1        y1  area1          x2        y2  area2
range  339.788192  10.79021  154.0  339.742423  42.14347  146.0
FAILURE!!!! Some beads might have been misidentified
              x1         y1  area1          x2         y2  area2
range  339.98642  10.775542  149.0  339.966172  42.155947  141.0
FAILURE!!!! Some beads might have been misidentified
               x1         y1  area1          x2         y2  area2
range  339.641014  10.777549  153.0  339.543346  42.251428  147.0
FAILURE!!!! Some beads might have been misidentified
Residual vector length: 25, Jacobian shape: (25, 6)
view   0 | SOD= 556.942 mm | SDD= 802.742 mm | M= 1.441 | incident=4.7367°
[[ 238.98921    -501.04172     -45.007206  ]
 [-110.684685    218.609        19.992794  ]
 [   0.13560145    0.0631855     0.        ]
 [   0.            0.            0.1496    ]]
               x1         y1  area1         x2       y2  area2
range  339.818401  10.773689  152.0  339.76494  42.1946  144.0
FAILURE!!!! Some beads might have been misidentified

iter 49 cost=0.054730 -> 0.056263 |dtheta|=1.831634e-03  lambda=1.221e+03

============================================================
Iteration 50
============================================================
Theta offsets (Unity frame):
  Source   : dSx=   0.000, dSy=   0.000, dSz=   0.000  (mm)
  Object   : dOx= -18.000, dOy=  -8.007, dOz= -24.905  (mm)
  Object offset: offset_x=  -0.004, offset_z=   0.003  (mm)
  Detector : dDx=   0.000, dDy=   0.000, dDz=   0.000  (mm)
  Obj Stage rotY :   24.983 deg
============================================================

Unity geometry (world coordinates):
  Source   : x=   5.000, y=  60.000, z=   0.000
  Object   : x=  -0.000, y=  14.993, z= 555.095
  Detector : x=  -8.000, y=  -5.000, z= 800.000
  Obj rotY :   0.0000 deg
view   0 | SOD= 556.943 mm | SDD= 802.742 mm | M= 1.441 | incident=4.7367°
[[ 238.98352    -501.04565     -45.006683  ]
 [-110.68217     218.60905      19.993317  ]
 [   0.13560218    0.06318395    0.        ]
 [   0.            0.            0.1496    ]]
               x1         y1  area1          x2         y2  area2
range  339.865769  10.759102  151.0  339.811776  42.226778  143.0
FAILURE!!!! Some beads might have been misidentified
               x1         y1  area1          x2         y2  area2
range  339.834031  10.777062  157.0  339.787239  42.214429  148.0
FAILURE!!!! Some beads might have been misidentified
               x1         y1  area1          x2         y2  area2
range  339.792379  10.784326  149.0  339.718664  42.182966  143.0
FAILURE!!!! Some beads might have been misidentified
               x1         y1  area1          x2         y2  area2
range  339.881391  10.784018  152.0  339.815397  42.265941  144.0
FAILURE!!!! Some beads might have been misidentified
               x1         y1  area1          x2         y2  area2
range  339.859179  10.650103  150.0  339.837481  42.150507  136.0
FAILURE!!!! Some beads might have been misidentified
               x1         y1  area1          x2         y2  area2
range  339.865769  10.759102  151.0  339.820217  42.244444  146.0
FAILURE!!!! Some beads might have been misidentified
               x1         y1  area1          x2         y2  area2
range  339.865769  10.759102  151.0  339.823278  42.168586  139.0
FAILURE!!!! Some beads might have been misidentified
               x1         y1  area1         x2         y2  area2
range  339.864881  10.761547  152.0  339.82596  42.190101  145.0
FAILURE!!!! Some beads might have been misidentified
               x1         y1  area1          x2         y2  area2
range  339.865769  10.782685  149.0  339.849386  42.223303  141.0
FAILURE!!!! Some beads might have been misidentified
               x1         y1  area1          x2         y2  area2
range  339.858475  10.779838  151.0  339.814127  42.265513  145.0
FAILURE!!!! Some beads might have been misidentified
               x1        y1  area1          x2        y2  area2
range  339.788192  10.79021  154.0  339.742423  42.14347  146.0
FAILURE!!!! Some beads might have been misidentified
              x1         y1  area1          x2         y2  area2
range  339.98642  10.775542  149.0  339.966172  42.155947  141.0
FAILURE!!!! Some beads might have been misidentified
               x1         y1  area1          x2         y2  area2
range  339.641014  10.777549  153.0  339.543346  42.251428  147.0
FAILURE!!!! Some beads might have been misidentified
Residual vector length: 25, Jacobian shape: (25, 6)
view   0 | SOD= 556.943 mm | SDD= 802.742 mm | M= 1.441 | incident=4.7367°
[[ 238.9849     -501.04468     -45.006847  ]
 [-110.68272     218.60912      19.993153  ]
 [   0.135602      0.06318431    0.        ]
 [   0.            0.            0.1496    ]]
               x1         y1  area1          x2         y2  area2
range  339.865769  10.759102  151.0  339.811776  42.195853  141.0
FAILURE!!!! Some beads might have been misidentified

iter 50 cost=0.054730 -> 0.060536 |dtheta|=5.138696e-04  lambda=6.104e+03

============================================================
Iteration 51
============================================================
Theta offsets (Unity frame):
  Source   : dSx=   0.000, dSy=   0.000, dSz=   0.000  (mm)
  Object   : dOx= -18.000, dOy=  -8.007, dOz= -24.905  (mm)
  Object offset: offset_x=  -0.004, offset_z=   0.003  (mm)
  Detector : dDx=   0.000, dDy=   0.000, dDz=   0.000  (mm)
  Obj Stage rotY :   24.983 deg
============================================================

Unity geometry (world coordinates):
  Source   : x=   5.000, y=  60.000, z=   0.000
  Object   : x=  -0.000, y=  14.993, z= 555.095
  Detector : x=  -8.000, y=  -5.000, z= 800.000
  Obj rotY :   0.0000 deg
view   0 | SOD= 556.943 mm | SDD= 802.742 mm | M= 1.441 | incident=4.7367°
[[ 238.98352    -501.04565     -45.006683  ]
 [-110.68217     218.60905      19.993317  ]
 [   0.13560218    0.06318395    0.        ]
 [   0.            0.            0.1496    ]]
               x1         y1  area1          x2         y2  area2
range  339.865769  10.759102  151.0  339.811776  42.226778  143.0
FAILURE!!!! Some beads might have been misidentified
               x1         y1  area1          x2         y2  area2
range  339.834031  10.777062  157.0  339.787239  42.214429  148.0
FAILURE!!!! Some beads might have been misidentified
               x1         y1  area1          x2         y2  area2
range  339.792379  10.784326  149.0  339.718664  42.182966  143.0
FAILURE!!!! Some beads might have been misidentified
               x1         y1  area1          x2         y2  area2
range  339.881391  10.784018  152.0  339.815397  42.265941  144.0
FAILURE!!!! Some beads might have been misidentified
               x1         y1  area1          x2         y2  area2
range  339.859179  10.650103  150.0  339.837481  42.150507  136.0
FAILURE!!!! Some beads might have been misidentified
               x1         y1  area1          x2         y2  area2
range  339.865769  10.759102  151.0  339.820217  42.244444  146.0
FAILURE!!!! Some beads might have been misidentified
               x1         y1  area1          x2         y2  area2
range  339.865769  10.759102  151.0  339.823278  42.168586  139.0
FAILURE!!!! Some beads might have been misidentified
               x1         y1  area1         x2         y2  area2
range  339.864881  10.761547  152.0  339.82596  42.190101  145.0
FAILURE!!!! Some beads might have been misidentified
               x1         y1  area1          x2         y2  area2
range  339.865769  10.782685  149.0  339.849386  42.223303  141.0
FAILURE!!!! Some beads might have been misidentified
               x1         y1  area1          x2         y2  area2
range  339.858475  10.779838  151.0  339.814127  42.265513  145.0
FAILURE!!!! Some beads might have been misidentified
               x1        y1  area1          x2        y2  area2
range  339.788192  10.79021  154.0  339.742423  42.14347  146.0
FAILURE!!!! Some beads might have been misidentified
              x1         y1  area1          x2         y2  area2
range  339.98642  10.775542  149.0  339.966172  42.155947  141.0
FAILURE!!!! Some beads might have been misidentified
               x1         y1  area1          x2         y2  area2
range  339.641014  10.777549  153.0  339.543346  42.251428  147.0
FAILURE!!!! Some beads might have been misidentified
Residual vector length: 25, Jacobian shape: (25, 6)
view   0 | SOD= 556.943 mm | SDD= 802.742 mm | M= 1.441 | incident=4.7367°
[[ 238.98381    -501.04544     -45.00672   ]
 [-110.682274    218.60907      19.993279  ]
 [   0.13560213    0.06318402    0.        ]
 [   0.            0.            0.1496    ]]
               x1         y1  area1          x2         y2  area2
range  339.865769  10.759102  151.0  339.811776  42.211747  142.0
FAILURE!!!! Some beads might have been misidentified

iter 51 cost=0.054730 -> 0.057956 |dtheta|=1.126166e-04  lambda=3.052e+04

============================================================
Iteration 52
============================================================
Theta offsets (Unity frame):
  Source   : dSx=   0.000, dSy=   0.000, dSz=   0.000  (mm)
  Object   : dOx= -18.000, dOy=  -8.007, dOz= -24.905  (mm)
  Object offset: offset_x=  -0.004, offset_z=   0.003  (mm)
  Detector : dDx=   0.000, dDy=   0.000, dDz=   0.000  (mm)
  Obj Stage rotY :   24.983 deg
============================================================

Unity geometry (world coordinates):
  Source   : x=   5.000, y=  60.000, z=   0.000
  Object   : x=  -0.000, y=  14.993, z= 555.095
  Detector : x=  -8.000, y=  -5.000, z= 800.000
  Obj rotY :   0.0000 deg
view   0 | SOD= 556.943 mm | SDD= 802.742 mm | M= 1.441 | incident=4.7367°
[[ 238.98352    -501.04565     -45.006683  ]
 [-110.68217     218.60905      19.993317  ]
 [   0.13560218    0.06318395    0.        ]
 [   0.            0.            0.1496    ]]
               x1         y1  area1          x2         y2  area2
range  339.865769  10.759102  151.0  339.811776  42.226778  143.0
FAILURE!!!! Some beads might have been misidentified
               x1         y1  area1          x2         y2  area2
range  339.834031  10.777062  157.0  339.787239  42.214429  148.0
FAILURE!!!! Some beads might have been misidentified
               x1         y1  area1          x2         y2  area2
range  339.792379  10.784326  149.0  339.718664  42.182966  143.0
FAILURE!!!! Some beads might have been misidentified
               x1         y1  area1          x2         y2  area2
range  339.881391  10.784018  152.0  339.815397  42.265941  144.0
FAILURE!!!! Some beads might have been misidentified
               x1         y1  area1          x2         y2  area2
range  339.859179  10.650103  150.0  339.837481  42.150507  136.0
FAILURE!!!! Some beads might have been misidentified
               x1         y1  area1          x2         y2  area2
range  339.865769  10.759102  151.0  339.820217  42.244444  146.0
FAILURE!!!! Some beads might have been misidentified
               x1         y1  area1          x2         y2  area2
range  339.865769  10.759102  151.0  339.823278  42.168586  139.0
FAILURE!!!! Some beads might have been misidentified
               x1         y1  area1         x2         y2  area2
range  339.864881  10.761547  152.0  339.82596  42.190101  145.0
FAILURE!!!! Some beads might have been misidentified
               x1         y1  area1          x2         y2  area2
range  339.865769  10.782685  149.0  339.849386  42.223303  141.0
FAILURE!!!! Some beads might have been misidentified
               x1         y1  area1          x2         y2  area2
range  339.858475  10.779838  151.0  339.814127  42.265513  145.0
FAILURE!!!! Some beads might have been misidentified
               x1        y1  area1          x2        y2  area2
range  339.788192  10.79021  154.0  339.742423  42.14347  146.0
FAILURE!!!! Some beads might have been misidentified
              x1         y1  area1          x2         y2  area2
range  339.98642  10.775542  149.0  339.966172  42.155947  141.0
FAILURE!!!! Some beads might have been misidentified
               x1         y1  area1          x2         y2  area2
range  339.641014  10.777549  153.0  339.543346  42.251428  147.0
FAILURE!!!! Some beads might have been misidentified
Residual vector length: 25, Jacobian shape: (25, 6)
view   0 | SOD= 556.943 mm | SDD= 802.742 mm | M= 1.441 | incident=4.7367°
[[ 238.98358    -501.04562     -45.00669   ]
 [-110.68218     218.60905      19.993309  ]
 [   0.13560216    0.06318396    0.        ]
 [   0.            0.            0.1496    ]]
               x1         y1  area1          x2         y2  area2
range  339.865769  10.759102  151.0  339.811776  42.226778  143.0
FAILURE!!!! Some beads might have been misidentified

iter 52 cost=0.054730 -> 0.054730 |dtheta|=2.297203e-05  lambda=1.526e+05

============================================================
Iteration 53
============================================================
Theta offsets (Unity frame):
  Source   : dSx=   0.000, dSy=   0.000, dSz=   0.000  (mm)
  Object   : dOx= -18.000, dOy=  -8.007, dOz= -24.905  (mm)
  Object offset: offset_x=  -0.004, offset_z=   0.003  (mm)
  Detector : dDx=   0.000, dDy=   0.000, dDz=   0.000  (mm)
  Obj Stage rotY :   24.983 deg
============================================================

Unity geometry (world coordinates):
  Source   : x=   5.000, y=  60.000, z=   0.000
  Object   : x=  -0.000, y=  14.993, z= 555.095
  Detector : x=  -8.000, y=  -5.000, z= 800.000
  Obj rotY :   0.0000 deg
view   0 | SOD= 556.943 mm | SDD= 802.742 mm | M= 1.441 | incident=4.7367°
[[ 238.98352    -501.04565     -45.006683  ]
 [-110.68217     218.60905      19.993317  ]
 [   0.13560218    0.06318395    0.        ]
 [   0.            0.            0.1496    ]]
               x1         y1  area1          x2         y2  area2
range  339.865769  10.759102  151.0  339.811776  42.226778  143.0
FAILURE!!!! Some beads might have been misidentified
               x1         y1  area1          x2         y2  area2
range  339.834031  10.777062  157.0  339.787239  42.214429  148.0
FAILURE!!!! Some beads might have been misidentified
               x1         y1  area1          x2         y2  area2
range  339.792379  10.784326  149.0  339.718664  42.182966  143.0
FAILURE!!!! Some beads might have been misidentified
               x1         y1  area1          x2         y2  area2
range  339.881391  10.784018  152.0  339.815397  42.265941  144.0
FAILURE!!!! Some beads might have been misidentified
               x1         y1  area1          x2         y2  area2
range  339.859179  10.650103  150.0  339.837481  42.150507  136.0
FAILURE!!!! Some beads might have been misidentified
               x1         y1  area1          x2         y2  area2
range  339.865769  10.759102  151.0  339.820217  42.244444  146.0
FAILURE!!!! Some beads might have been misidentified
               x1         y1  area1          x2         y2  area2
range  339.865769  10.759102  151.0  339.823278  42.168586  139.0
FAILURE!!!! Some beads might have been misidentified
               x1         y1  area1         x2         y2  area2
range  339.864881  10.761547  152.0  339.82596  42.190101  145.0
FAILURE!!!! Some beads might have been misidentified
               x1         y1  area1          x2         y2  area2
range  339.865769  10.782685  149.0  339.849386  42.223303  141.0
FAILURE!!!! Some beads might have been misidentified
               x1         y1  area1          x2         y2  area2
range  339.858475  10.779838  151.0  339.814127  42.265513  145.0
FAILURE!!!! Some beads might have been misidentified
               x1        y1  area1          x2        y2  area2
range  339.788192  10.79021  154.0  339.742423  42.14347  146.0
FAILURE!!!! Some beads might have been misidentified
              x1         y1  area1          x2         y2  area2
range  339.98642  10.775542  149.0  339.966172  42.155947  141.0
FAILURE!!!! Some beads might have been misidentified
               x1         y1  area1          x2         y2  area2
range  339.641014  10.777549  153.0  339.543346  42.251428  147.0
FAILURE!!!! Some beads might have been misidentified
Residual vector length: 25, Jacobian shape: (25, 6)
view   0 | SOD= 556.943 mm | SDD= 802.742 mm | M= 1.441 | incident=4.7367°
[[ 238.98354    -501.04565     -45.006683  ]
 [-110.68217     218.60905      19.993315  ]
 [   0.13560216    0.06318395    0.        ]
 [   0.            0.            0.1496    ]]
               x1         y1  area1          x2         y2  area2
range  339.865769  10.759102  151.0  339.811776  42.226778  143.0
FAILURE!!!! Some beads might have been misidentified

iter 53 cost=0.054730 -> 0.054730 |dtheta|=4.612861e-06  lambda=7.629e+05

============================================================
Iteration 54
============================================================
Theta offsets (Unity frame):
  Source   : dSx=   0.000, dSy=   0.000, dSz=   0.000  (mm)
  Object   : dOx= -18.000, dOy=  -8.007, dOz= -24.905  (mm)
  Object offset: offset_x=  -0.004, offset_z=   0.003  (mm)
  Detector : dDx=   0.000, dDy=   0.000, dDz=   0.000  (mm)
  Obj Stage rotY :   24.983 deg
============================================================

Unity geometry (world coordinates):
  Source   : x=   5.000, y=  60.000, z=   0.000
  Object   : x=  -0.000, y=  14.993, z= 555.095
  Detector : x=  -8.000, y=  -5.000, z= 800.000
  Obj rotY :   0.0000 deg
view   0 | SOD= 556.943 mm | SDD= 802.742 mm | M= 1.441 | incident=4.7367°
[[ 238.98352    -501.04565     -45.006683  ]
 [-110.68217     218.60905      19.993317  ]
 [   0.13560218    0.06318395    0.        ]
 [   0.            0.            0.1496    ]]
               x1         y1  area1          x2         y2  area2
range  339.865769  10.759102  151.0  339.811776  42.226778  143.0
FAILURE!!!! Some beads might have been misidentified
               x1         y1  area1          x2         y2  area2
range  339.834031  10.777062  157.0  339.787239  42.214429  148.0
FAILURE!!!! Some beads might have been misidentified
               x1         y1  area1          x2         y2  area2
range  339.792379  10.784326  149.0  339.718664  42.182966  143.0
FAILURE!!!! Some beads might have been misidentified
               x1         y1  area1          x2         y2  area2
range  339.881391  10.784018  152.0  339.815397  42.265941  144.0
FAILURE!!!! Some beads might have been misidentified
               x1         y1  area1          x2         y2  area2
range  339.859179  10.650103  150.0  339.837481  42.150507  136.0
FAILURE!!!! Some beads might have been misidentified
               x1         y1  area1          x2         y2  area2
range  339.865769  10.759102  151.0  339.820217  42.244444  146.0
FAILURE!!!! Some beads might have been misidentified
               x1         y1  area1          x2         y2  area2
range  339.865769  10.759102  151.0  339.823278  42.168586  139.0
FAILURE!!!! Some beads might have been misidentified
               x1         y1  area1         x2         y2  area2
range  339.864881  10.761547  152.0  339.82596  42.190101  145.0
FAILURE!!!! Some beads might have been misidentified
               x1         y1  area1          x2         y2  area2
range  339.865769  10.782685  149.0  339.849386  42.223303  141.0
FAILURE!!!! Some beads might have been misidentified
               x1         y1  area1          x2         y2  area2
range  339.858475  10.779838  151.0  339.814127  42.265513  145.0
FAILURE!!!! Some beads might have been misidentified
               x1        y1  area1          x2        y2  area2
range  339.788192  10.79021  154.0  339.742423  42.14347  146.0
FAILURE!!!! Some beads might have been misidentified
              x1         y1  area1          x2         y2  area2
range  339.98642  10.775542  149.0  339.966172  42.155947  141.0
FAILURE!!!! Some beads might have been misidentified
               x1         y1  area1          x2         y2  area2
range  339.641014  10.777549  153.0  339.543346  42.251428  147.0
FAILURE!!!! Some beads might have been misidentified
Residual vector length: 25, Jacobian shape: (25, 6)
view   0 | SOD= 556.943 mm | SDD= 802.742 mm | M= 1.441 | incident=4.7367°
[[ 238.98354    -501.04565     -45.006683  ]
 [-110.68217     218.60905      19.993317  ]
 [   0.13560218    0.06318395    0.        ]
 [   0.            0.            0.1496    ]]
               x1         y1  area1          x2         y2  area2
range  339.865769  10.759102  151.0  339.811776  42.226778  143.0
FAILURE!!!! Some beads might have been misidentified

iter 54 cost=0.054730 -> 0.054730 |dtheta|=3.520172e-06  lambda=1.000e+06

============================================================
Iteration 55
============================================================
Theta offsets (Unity frame):
  Source   : dSx=   0.000, dSy=   0.000, dSz=   0.000  (mm)
  Object   : dOx= -18.000, dOy=  -8.007, dOz= -24.905  (mm)
  Object offset: offset_x=  -0.004, offset_z=   0.003  (mm)
  Detector : dDx=   0.000, dDy=   0.000, dDz=   0.000  (mm)
  Obj Stage rotY :   24.983 deg
============================================================

Unity geometry (world coordinates):
  Source   : x=   5.000, y=  60.000, z=   0.000
  Object   : x=  -0.000, y=  14.993, z= 555.095
  Detector : x=  -8.000, y=  -5.000, z= 800.000
  Obj rotY :   0.0000 deg
view   0 | SOD= 556.943 mm | SDD= 802.742 mm | M= 1.441 | incident=4.7367°
[[ 238.98352    -501.04565     -45.006683  ]
 [-110.68217     218.60905      19.993317  ]
 [   0.13560218    0.06318395    0.        ]
 [   0.            0.            0.1496    ]]
               x1         y1  area1          x2         y2  area2
range  339.865769  10.759102  151.0  339.811776  42.226778  143.0
FAILURE!!!! Some beads might have been misidentified
               x1         y1  area1          x2         y2  area2
range  339.834031  10.777062  157.0  339.787239  42.214429  148.0
FAILURE!!!! Some beads might have been misidentified
               x1         y1  area1          x2         y2  area2
range  339.792379  10.784326  149.0  339.718664  42.182966  143.0
FAILURE!!!! Some beads might have been misidentified
               x1         y1  area1          x2         y2  area2
range  339.881391  10.784018  152.0  339.815397  42.265941  144.0
FAILURE!!!! Some beads might have been misidentified
               x1         y1  area1          x2         y2  area2
range  339.859179  10.650103  150.0  339.837481  42.150507  136.0
FAILURE!!!! Some beads might have been misidentified
               x1         y1  area1          x2         y2  area2
range  339.865769  10.759102  151.0  339.820217  42.244444  146.0
FAILURE!!!! Some beads might have been misidentified
               x1         y1  area1          x2         y2  area2
range  339.865769  10.759102  151.0  339.823278  42.168586  139.0
FAILURE!!!! Some beads might have been misidentified
               x1         y1  area1         x2         y2  area2
range  339.864881  10.761547  152.0  339.82596  42.190101  145.0
FAILURE!!!! Some beads might have been misidentified
               x1         y1  area1          x2         y2  area2
range  339.865769  10.782685  149.0  339.849386  42.223303  141.0
FAILURE!!!! Some beads might have been misidentified
               x1         y1  area1          x2         y2  area2
range  339.858475  10.779838  151.0  339.814127  42.265513  145.0
FAILURE!!!! Some beads might have been misidentified
               x1        y1  area1          x2        y2  area2
range  339.788192  10.79021  154.0  339.742423  42.14347  146.0
FAILURE!!!! Some beads might have been misidentified
              x1         y1  area1          x2         y2  area2
range  339.98642  10.775542  149.0  339.966172  42.155947  141.0
FAILURE!!!! Some beads might have been misidentified
               x1         y1  area1          x2         y2  area2
range  339.641014  10.777549  153.0  339.543346  42.251428  147.0
FAILURE!!!! Some beads might have been misidentified
Residual vector length: 25, Jacobian shape: (25, 6)
view   0 | SOD= 556.943 mm | SDD= 802.742 mm | M= 1.441 | incident=4.7367°
[[ 238.98354    -501.04565     -45.006683  ]
 [-110.68217     218.60905      19.993317  ]
 [   0.13560218    0.06318395    0.        ]
 [   0.            0.            0.1496    ]]
               x1         y1  area1          x2         y2  area2
range  339.865769  10.759102  151.0  339.811776  42.226778  143.0
FAILURE!!!! Some beads might have been misidentified

iter 55 cost=0.054730 -> 0.054730 |dtheta|=3.520172e-06  lambda=1.000e+06

============================================================
Iteration 56
============================================================
Theta offsets (Unity frame):
  Source   : dSx=   0.000, dSy=   0.000, dSz=   0.000  (mm)
  Object   : dOx= -18.000, dOy=  -8.007, dOz= -24.905  (mm)
  Object offset: offset_x=  -0.004, offset_z=   0.003  (mm)
  Detector : dDx=   0.000, dDy=   0.000, dDz=   0.000  (mm)
  Obj Stage rotY :   24.983 deg
============================================================

Unity geometry (world coordinates):
  Source   : x=   5.000, y=  60.000, z=   0.000
  Object   : x=  -0.000, y=  14.993, z= 555.095
  Detector : x=  -8.000, y=  -5.000, z= 800.000
  Obj rotY :   0.0000 deg
view   0 | SOD= 556.943 mm | SDD= 802.742 mm | M= 1.441 | incident=4.7367°
[[ 238.98352    -501.04565     -45.006683  ]
 [-110.68217     218.60905      19.993317  ]
 [   0.13560218    0.06318395    0.        ]
 [   0.            0.            0.1496    ]]
               x1         y1  area1          x2         y2  area2
range  339.865769  10.759102  151.0  339.811776  42.226778  143.0
FAILURE!!!! Some beads might have been misidentified
               x1         y1  area1          x2         y2  area2
range  339.834031  10.777062  157.0  339.787239  42.214429  148.0
FAILURE!!!! Some beads might have been misidentified
               x1         y1  area1          x2         y2  area2
range  339.792379  10.784326  149.0  339.718664  42.182966  143.0
FAILURE!!!! Some beads might have been misidentified
               x1         y1  area1          x2         y2  area2
range  339.881391  10.784018  152.0  339.815397  42.265941  144.0
FAILURE!!!! Some beads might have been misidentified
               x1         y1  area1          x2         y2  area2
range  339.859179  10.650103  150.0  339.837481  42.150507  136.0
FAILURE!!!! Some beads might have been misidentified
               x1         y1  area1          x2         y2  area2
range  339.865769  10.759102  151.0  339.820217  42.244444  146.0
FAILURE!!!! Some beads might have been misidentified
               x1         y1  area1          x2         y2  area2
range  339.865769  10.759102  151.0  339.823278  42.168586  139.0
FAILURE!!!! Some beads might have been misidentified
               x1         y1  area1         x2         y2  area2
range  339.864881  10.761547  152.0  339.82596  42.190101  145.0
FAILURE!!!! Some beads might have been misidentified
               x1         y1  area1          x2         y2  area2
range  339.865769  10.782685  149.0  339.849386  42.223303  141.0
FAILURE!!!! Some beads might have been misidentified
               x1         y1  area1          x2         y2  area2
range  339.858475  10.779838  151.0  339.814127  42.265513  145.0
FAILURE!!!! Some beads might have been misidentified
               x1        y1  area1          x2        y2  area2
range  339.788192  10.79021  154.0  339.742423  42.14347  146.0
FAILURE!!!! Some beads might have been misidentified
              x1         y1  area1          x2         y2  area2
range  339.98642  10.775542  149.0  339.966172  42.155947  141.0
FAILURE!!!! Some beads might have been misidentified
               x1         y1  area1          x2         y2  area2
range  339.641014  10.777549  153.0  339.543346  42.251428  147.0
FAILURE!!!! Some beads might have been misidentified
Residual vector length: 25, Jacobian shape: (25, 6)
view   0 | SOD= 556.943 mm | SDD= 802.742 mm | M= 1.441 | incident=4.7367°
[[ 238.98354    -501.04565     -45.006683  ]
 [-110.68217     218.60905      19.993317  ]
 [   0.13560218    0.06318395    0.        ]
 [   0.            0.            0.1496    ]]
               x1         y1  area1          x2         y2  area2
range  339.865769  10.759102  151.0  339.811776  42.226778  143.0
FAILURE!!!! Some beads might have been misidentified

iter 56 cost=0.054730 -> 0.054730 |dtheta|=3.520172e-06  lambda=1.000e+06

============================================================
Iteration 57
============================================================
Theta offsets (Unity frame):
  Source   : dSx=   0.000, dSy=   0.000, dSz=   0.000  (mm)
  Object   : dOx= -18.000, dOy=  -8.007, dOz= -24.905  (mm)
  Object offset: offset_x=  -0.004, offset_z=   0.003  (mm)
  Detector : dDx=   0.000, dDy=   0.000, dDz=   0.000  (mm)
  Obj Stage rotY :   24.983 deg
============================================================

Unity geometry (world coordinates):
  Source   : x=   5.000, y=  60.000, z=   0.000
  Object   : x=  -0.000, y=  14.993, z= 555.095
  Detector : x=  -8.000, y=  -5.000, z= 800.000
  Obj rotY :   0.0000 deg
view   0 | SOD= 556.943 mm | SDD= 802.742 mm | M= 1.441 | incident=4.7367°
[[ 238.98352    -501.04565     -45.006683  ]
 [-110.68217     218.60905      19.993317  ]
 [   0.13560218    0.06318395    0.        ]
 [   0.            0.            0.1496    ]]
               x1         y1  area1          x2         y2  area2
range  339.865769  10.759102  151.0  339.811776  42.226778  143.0
FAILURE!!!! Some beads might have been misidentified
               x1         y1  area1          x2         y2  area2
range  339.834031  10.777062  157.0  339.787239  42.214429  148.0
FAILURE!!!! Some beads might have been misidentified
               x1         y1  area1          x2         y2  area2
range  339.792379  10.784326  149.0  339.718664  42.182966  143.0
FAILURE!!!! Some beads might have been misidentified
               x1         y1  area1          x2         y2  area2
range  339.881391  10.784018  152.0  339.815397  42.265941  144.0
FAILURE!!!! Some beads might have been misidentified
               x1         y1  area1          x2         y2  area2
range  339.859179  10.650103  150.0  339.837481  42.150507  136.0
FAILURE!!!! Some beads might have been misidentified
               x1         y1  area1          x2         y2  area2
range  339.865769  10.759102  151.0  339.820217  42.244444  146.0
FAILURE!!!! Some beads might have been misidentified
               x1         y1  area1          x2         y2  area2
range  339.865769  10.759102  151.0  339.823278  42.168586  139.0
FAILURE!!!! Some beads might have been misidentified
               x1         y1  area1         x2         y2  area2
range  339.864881  10.761547  152.0  339.82596  42.190101  145.0
FAILURE!!!! Some beads might have been misidentified
               x1         y1  area1          x2         y2  area2
range  339.865769  10.782685  149.0  339.849386  42.223303  141.0
FAILURE!!!! Some beads might have been misidentified
               x1         y1  area1          x2         y2  area2
range  339.858475  10.779838  151.0  339.814127  42.265513  145.0
FAILURE!!!! Some beads might have been misidentified
               x1        y1  area1          x2        y2  area2
range  339.788192  10.79021  154.0  339.742423  42.14347  146.0
FAILURE!!!! Some beads might have been misidentified
              x1         y1  area1          x2         y2  area2
range  339.98642  10.775542  149.0  339.966172  42.155947  141.0
FAILURE!!!! Some beads might have been misidentified
               x1         y1  area1          x2         y2  area2
range  339.641014  10.777549  153.0  339.543346  42.251428  147.0
FAILURE!!!! Some beads might have been misidentified
Residual vector length: 25, Jacobian shape: (25, 6)
view   0 | SOD= 556.943 mm | SDD= 802.742 mm | M= 1.441 | incident=4.7367°
[[ 238.98354    -501.04565     -45.006683  ]
 [-110.68217     218.60905      19.993317  ]
 [   0.13560218    0.06318395    0.        ]
 [   0.            0.            0.1496    ]]
               x1         y1  area1          x2         y2  area2
range  339.865769  10.759102  151.0  339.811776  42.226778  143.0
FAILURE!!!! Some beads might have been misidentified

iter 57 cost=0.054730 -> 0.054730 |dtheta|=3.520172e-06  lambda=1.000e+06

============================================================
Iteration 58
============================================================
Theta offsets (Unity frame):
  Source   : dSx=   0.000, dSy=   0.000, dSz=   0.000  (mm)
  Object   : dOx= -18.000, dOy=  -8.007, dOz= -24.905  (mm)
  Object offset: offset_x=  -0.004, offset_z=   0.003  (mm)
  Detector : dDx=   0.000, dDy=   0.000, dDz=   0.000  (mm)
  Obj Stage rotY :   24.983 deg
============================================================

Unity geometry (world coordinates):
  Source   : x=   5.000, y=  60.000, z=   0.000
  Object   : x=  -0.000, y=  14.993, z= 555.095
  Detector : x=  -8.000, y=  -5.000, z= 800.000
  Obj rotY :   0.0000 deg
view   0 | SOD= 556.943 mm | SDD= 802.742 mm | M= 1.441 | incident=4.7367°
[[ 238.98352    -501.04565     -45.006683  ]
 [-110.68217     218.60905      19.993317  ]
 [   0.13560218    0.06318395    0.        ]
 [   0.            0.            0.1496    ]]
               x1         y1  area1          x2         y2  area2
range  339.865769  10.759102  151.0  339.811776  42.226778  143.0
FAILURE!!!! Some beads might have been misidentified
               x1         y1  area1          x2         y2  area2
range  339.834031  10.777062  157.0  339.787239  42.214429  148.0
FAILURE!!!! Some beads might have been misidentified
               x1         y1  area1          x2         y2  area2
range  339.792379  10.784326  149.0  339.718664  42.182966  143.0
FAILURE!!!! Some beads might have been misidentified
               x1         y1  area1          x2         y2  area2
range  339.881391  10.784018  152.0  339.815397  42.265941  144.0
FAILURE!!!! Some beads might have been misidentified
               x1         y1  area1          x2         y2  area2
range  339.859179  10.650103  150.0  339.837481  42.150507  136.0
FAILURE!!!! Some beads might have been misidentified
               x1         y1  area1          x2         y2  area2
range  339.865769  10.759102  151.0  339.820217  42.244444  146.0
FAILURE!!!! Some beads might have been misidentified
               x1         y1  area1          x2         y2  area2
range  339.865769  10.759102  151.0  339.823278  42.168586  139.0
FAILURE!!!! Some beads might have been misidentified
               x1         y1  area1         x2         y2  area2
range  339.864881  10.761547  152.0  339.82596  42.190101  145.0
FAILURE!!!! Some beads might have been misidentified
               x1         y1  area1          x2         y2  area2
range  339.865769  10.782685  149.0  339.849386  42.223303  141.0
FAILURE!!!! Some beads might have been misidentified
               x1         y1  area1          x2         y2  area2
range  339.858475  10.779838  151.0  339.814127  42.265513  145.0
FAILURE!!!! Some beads might have been misidentified
               x1        y1  area1          x2        y2  area2
range  339.788192  10.79021  154.0  339.742423  42.14347  146.0
FAILURE!!!! Some beads might have been misidentified
              x1         y1  area1          x2         y2  area2
range  339.98642  10.775542  149.0  339.966172  42.155947  141.0
FAILURE!!!! Some beads might have been misidentified
               x1         y1  area1          x2         y2  area2
range  339.641014  10.777549  153.0  339.543346  42.251428  147.0
FAILURE!!!! Some beads might have been misidentified
Residual vector length: 25, Jacobian shape: (25, 6)
view   0 | SOD= 556.943 mm | SDD= 802.742 mm | M= 1.441 | incident=4.7367°
[[ 238.98354    -501.04565     -45.006683  ]
 [-110.68217     218.60905      19.993317  ]
 [   0.13560218    0.06318395    0.        ]
 [   0.            0.            0.1496    ]]
               x1         y1  area1          x2         y2  area2
range  339.865769  10.759102  151.0  339.811776  42.226778  143.0
FAILURE!!!! Some beads might have been misidentified

iter 58 cost=0.054730 -> 0.054730 |dtheta|=3.520172e-06  lambda=1.000e+06

============================================================
Iteration 59
============================================================
Theta offsets (Unity frame):
  Source   : dSx=   0.000, dSy=   0.000, dSz=   0.000  (mm)
  Object   : dOx= -18.000, dOy=  -8.007, dOz= -24.905  (mm)
  Object offset: offset_x=  -0.004, offset_z=   0.003  (mm)
  Detector : dDx=   0.000, dDy=   0.000, dDz=   0.000  (mm)
  Obj Stage rotY :   24.983 deg
============================================================

Unity geometry (world coordinates):
  Source   : x=   5.000, y=  60.000, z=   0.000
  Object   : x=  -0.000, y=  14.993, z= 555.095
  Detector : x=  -8.000, y=  -5.000, z= 800.000
  Obj rotY :   0.0000 deg
view   0 | SOD= 556.943 mm | SDD= 802.742 mm | M= 1.441 | incident=4.7367°
[[ 238.98352    -501.04565     -45.006683  ]
 [-110.68217     218.60905      19.993317  ]
 [   0.13560218    0.06318395    0.        ]
 [   0.            0.            0.1496    ]]
               x1         y1  area1          x2         y2  area2
range  339.865769  10.759102  151.0  339.811776  42.226778  143.0
FAILURE!!!! Some beads might have been misidentified
               x1         y1  area1          x2         y2  area2
range  339.834031  10.777062  157.0  339.787239  42.214429  148.0
FAILURE!!!! Some beads might have been misidentified
               x1         y1  area1          x2         y2  area2
range  339.792379  10.784326  149.0  339.718664  42.182966  143.0
FAILURE!!!! Some beads might have been misidentified
               x1         y1  area1          x2         y2  area2
range  339.881391  10.784018  152.0  339.815397  42.265941  144.0
FAILURE!!!! Some beads might have been misidentified
               x1         y1  area1          x2         y2  area2
range  339.859179  10.650103  150.0  339.837481  42.150507  136.0
FAILURE!!!! Some beads might have been misidentified
               x1         y1  area1          x2         y2  area2
range  339.865769  10.759102  151.0  339.820217  42.244444  146.0
FAILURE!!!! Some beads might have been misidentified
               x1         y1  area1          x2         y2  area2
range  339.865769  10.759102  151.0  339.823278  42.168586  139.0
FAILURE!!!! Some beads might have been misidentified
               x1         y1  area1         x2         y2  area2
range  339.864881  10.761547  152.0  339.82596  42.190101  145.0
FAILURE!!!! Some beads might have been misidentified
               x1         y1  area1          x2         y2  area2
range  339.865769  10.782685  149.0  339.849386  42.223303  141.0
FAILURE!!!! Some beads might have been misidentified
               x1         y1  area1          x2         y2  area2
range  339.858475  10.779838  151.0  339.814127  42.265513  145.0
FAILURE!!!! Some beads might have been misidentified
               x1        y1  area1          x2        y2  area2
range  339.788192  10.79021  154.0  339.742423  42.14347  146.0
FAILURE!!!! Some beads might have been misidentified
              x1         y1  area1          x2         y2  area2
range  339.98642  10.775542  149.0  339.966172  42.155947  141.0
FAILURE!!!! Some beads might have been misidentified
               x1         y1  area1          x2         y2  area2
range  339.641014  10.777549  153.0  339.543346  42.251428  147.0
FAILURE!!!! Some beads might have been misidentified
Residual vector length: 25, Jacobian shape: (25, 6)
view   0 | SOD= 556.943 mm | SDD= 802.742 mm | M= 1.441 | incident=4.7367°
[[ 238.98354    -501.04565     -45.006683  ]
 [-110.68217     218.60905      19.993317  ]
 [   0.13560218    0.06318395    0.        ]
 [   0.            0.            0.1496    ]]
               x1         y1  area1          x2         y2  area2
range  339.865769  10.759102  151.0  339.811776  42.226778  143.0
FAILURE!!!! Some beads might have been misidentified

iter 59 cost=0.054730 -> 0.054730 |dtheta|=3.520172e-06  lambda=1.000e+06

============================================================
Iteration 60
============================================================
Theta offsets (Unity frame):
  Source   : dSx=   0.000, dSy=   0.000, dSz=   0.000  (mm)
  Object   : dOx= -18.000, dOy=  -8.007, dOz= -24.905  (mm)
  Object offset: offset_x=  -0.004, offset_z=   0.003  (mm)
  Detector : dDx=   0.000, dDy=   0.000, dDz=   0.000  (mm)
  Obj Stage rotY :   24.983 deg
============================================================

Unity geometry (world coordinates):
  Source   : x=   5.000, y=  60.000, z=   0.000
  Object   : x=  -0.000, y=  14.993, z= 555.095
  Detector : x=  -8.000, y=  -5.000, z= 800.000
  Obj rotY :   0.0000 deg
view   0 | SOD= 556.943 mm | SDD= 802.742 mm | M= 1.441 | incident=4.7367°
[[ 238.98352    -501.04565     -45.006683  ]
 [-110.68217     218.60905      19.993317  ]
 [   0.13560218    0.06318395    0.        ]
 [   0.            0.            0.1496    ]]
               x1         y1  area1          x2         y2  area2
range  339.865769  10.759102  151.0  339.811776  42.226778  143.0
FAILURE!!!! Some beads might have been misidentified
               x1         y1  area1          x2         y2  area2
range  339.834031  10.777062  157.0  339.787239  42.214429  148.0
FAILURE!!!! Some beads might have been misidentified
               x1         y1  area1          x2         y2  area2
range  339.792379  10.784326  149.0  339.718664  42.182966  143.0
FAILURE!!!! Some beads might have been misidentified
               x1         y1  area1          x2         y2  area2
range  339.881391  10.784018  152.0  339.815397  42.265941  144.0
FAILURE!!!! Some beads might have been misidentified
               x1         y1  area1          x2         y2  area2
range  339.859179  10.650103  150.0  339.837481  42.150507  136.0
FAILURE!!!! Some beads might have been misidentified
               x1         y1  area1          x2         y2  area2
range  339.865769  10.759102  151.0  339.820217  42.244444  146.0
FAILURE!!!! Some beads might have been misidentified
               x1         y1  area1          x2         y2  area2
range  339.865769  10.759102  151.0  339.823278  42.168586  139.0
FAILURE!!!! Some beads might have been misidentified
               x1         y1  area1         x2         y2  area2
range  339.864881  10.761547  152.0  339.82596  42.190101  145.0
FAILURE!!!! Some beads might have been misidentified
               x1         y1  area1          x2         y2  area2
range  339.865769  10.782685  149.0  339.849386  42.223303  141.0
FAILURE!!!! Some beads might have been misidentified
               x1         y1  area1          x2         y2  area2
range  339.858475  10.779838  151.0  339.814127  42.265513  145.0
FAILURE!!!! Some beads might have been misidentified
               x1        y1  area1          x2        y2  area2
range  339.788192  10.79021  154.0  339.742423  42.14347  146.0
FAILURE!!!! Some beads might have been misidentified
              x1         y1  area1          x2         y2  area2
range  339.98642  10.775542  149.0  339.966172  42.155947  141.0
FAILURE!!!! Some beads might have been misidentified
               x1         y1  area1          x2         y2  area2
range  339.641014  10.777549  153.0  339.543346  42.251428  147.0
FAILURE!!!! Some beads might have been misidentified
Residual vector length: 25, Jacobian shape: (25, 6)
view   0 | SOD= 556.943 mm | SDD= 802.742 mm | M= 1.441 | incident=4.7367°
[[ 238.98354    -501.04565     -45.006683  ]
 [-110.68217     218.60905      19.993317  ]
 [   0.13560218    0.06318395    0.        ]
 [   0.            0.            0.1496    ]]
               x1         y1  area1          x2         y2  area2
range  339.865769  10.759102  151.0  339.811776  42.226778  143.0
FAILURE!!!! Some beads might have been misidentified

iter 60 cost=0.054730 -> 0.054730 |dtheta|=3.520172e-06  lambda=1.000e+06
Stalled.

Estimated theta:
  dSx: +0.000000
  dSy: +0.000000
  dOx: -18.000190
  dOy: -8.006683
  dOz: -24.904530
  dDx: +0.000000
  dDy: +0.000000
  dDz: +0.000000
alpha: +2.498321e+01 deg)
offset_x: -0.004099
offset_z: +0.003498

Final cost table:
Fake theta: [  0.   0. -18.  -8. -25.   0.   0.   0.  25.   0.   0.]
Final estimated theta: [  0.           0.         -18.00019032  -8.00668335 -24.90453047
   0.           0.           0.          24.98320587  -0.00409855
   0.00349771]
Diff from Expected: [ 0.          0.         -0.00019032 -0.00668335  0.09546953  0.
  0.          0.         -0.01679413 -0.00409855  0.00349771]
################################################################################

