Phantom already exists, skipping: cuboid_phantom_2_normal.npy

################################################################################
Running cuboid=normal scenario=G2 N_ANGLES=10, K=2
view   0 | SOD= 560.647 mm | SDD= 761.018 mm | M= 1.357 | incident=2.9645°
[[ 135.2794     -543.50665     -25.        ]
 [ -44.036404    195.25572      10.        ]
 [   0.1445025     0.03871933    0.        ]
 [   0.            0.            0.1496    ]]
               x1        y1  area1          x2        y2  area2
range  328.881492  1.160019  125.0  328.900737  30.57724  119.0
FAILURE!!!! Some beads might have been misidentified
          image          x1          y1  area1          x2          y2  area2
0  proj_000.png  473.100823  126.827160    972  473.110082  632.952675    972
1  proj_001.png  368.285421  126.889117    974  368.329218  631.181070    972
2  proj_002.png  296.365180  127.179406    942  296.381607  623.996829    946
3  proj_003.png  284.430804  127.500000    896  284.429679  614.486157    903
4  proj_004.png  334.031802  127.849234    849  333.916764  606.219226    853
5  proj_005.png  424.261072  127.987179    858  424.214368  602.375435    863
6  proj_006.png  522.983834  127.922633    866  522.974742  604.078071    871
7  proj_007.png  595.211646  127.642777    893  595.193946  610.751121    892
8  proj_008.png  613.312296  127.293798    919  613.330416  620.182713    914
9  proj_009.png  567.406015  126.962406    931  567.374332  628.728342    935

============================================================
Iteration 0
============================================================
Theta offsets (Unity frame):
  Source   : dSx=   0.000, dSy=   0.000, dSz=   0.000  (mm)
  Object   : dOx=   0.000, dOy=   0.000, dOz=   0.000  (mm)
  Object offset: offset_x=   0.000, offset_z=   0.000  (mm)
  Detector : dDx=   0.000, dDy=   0.000, dDz=   0.000  (mm)
  Obj Stage rotY :    0.000 deg
============================================================

Unity geometry (world coordinates):
  Source   : x= -10.000, y=  55.000, z=   0.000
  Object   : x=  15.000, y=  42.000, z= 582.000
  Detector : x=   8.000, y=  20.000, z= 760.000
  Obj rotY :   0.0000 deg
view   0 | SOD= 582.682 mm | SDD= 761.018 mm | M= 1.306 | incident=2.9645°
[[ -25.     -582.      -13.    ]
 [  -7.      178.       22.    ]
 [   0.1496    0.        0.    ]
 [   0.        0.        0.1496]]
Residual vector length: 50, Jacobian shape: (50, 6)
view   0 | SOD= 560.306 mm | SDD= 761.018 mm | M= 1.358 | incident=2.9645°
[[  15.276918   -559.61395     -23.282362  ]
 [   3.052679    200.50089      11.717638  ]
 [   0.14948176    0.0059466     0.        ]
 [   0.            0.            0.1496    ]]
               x1        y1  area1          x2         y2  area2
range  280.709754  2.564115  165.0  280.746984  33.898069  159.0
FAILURE!!!! Some beads might have been misidentified

iter 00 cost=305223.250116 -> 7302.474237 |dtheta|=2.758084e+01  lambda=1.000e-02

============================================================
Iteration 1
============================================================
Theta offsets (Unity frame):
  Source   : dSx=   0.000, dSy=   0.000, dSz=   0.000  (mm)
  Object   : dOx= -15.098, dOy= -10.282, dOz= -20.232  (mm)
  Object offset: offset_x=  -2.922, offset_z=  -1.989  (mm)
  Detector : dDx=   0.000, dDy=   0.000, dDz=   0.000  (mm)
  Obj Stage rotY :    2.278 deg
============================================================

Unity geometry (world coordinates):
  Source   : x= -10.000, y=  55.000, z=   0.000
  Object   : x=  -0.098, y=  31.718, z= 561.768
  Detector : x=   8.000, y=  20.000, z= 760.000
  Obj rotY :   0.0000 deg
view   0 | SOD= 560.306 mm | SDD= 761.018 mm | M= 1.358 | incident=2.9645°
[[  15.276918   -559.61395     -23.282362  ]
 [   3.052679    200.50089      11.717638  ]
 [   0.14948176    0.0059466     0.        ]
 [   0.            0.            0.1496    ]]
               x1        y1  area1          x2         y2  area2
range  280.709754  2.564115  165.0  280.746984  33.898069  159.0
FAILURE!!!! Some beads might have been misidentified
               x1       y1  area1          x2         y2  area2
range  280.701666  2.59812  160.0  280.629345  33.890385  151.0
FAILURE!!!! Some beads might have been misidentified
              x1        y1  area1          x2         y2  area2
range  280.74345  2.598696  159.0  280.755741  33.900496  157.0
FAILURE!!!! Some beads might have been misidentified
               x1        y1  area1          x2         y2  area2
range  280.696972  2.511514  159.0  280.743169  33.958837  155.0
FAILURE!!!! Some beads might have been misidentified
               x1        y1  area1          x2       y2  area2
range  280.752575  2.586929  165.0  280.722433  33.9421  162.0
FAILURE!!!! Some beads might have been misidentified
               x1        y1  area1          x2         y2  area2
range  280.709754  2.564115  165.0  280.744529  33.891239  160.0
FAILURE!!!! Some beads might have been misidentified
               x1        y1  area1          x2         y2  area2
range  280.709754  2.564115  165.0  280.746984  33.898069  159.0
FAILURE!!!! Some beads might have been misidentified
               x1        y1  area1          x2         y2  area2
range  280.709754  2.597077  164.0  280.746984  33.901731  161.0
FAILURE!!!! Some beads might have been misidentified
               x1        y1  area1          x2         y2  area2
range  280.709754  2.547852  166.0  280.746984  33.868127  158.0
FAILURE!!!! Some beads might have been misidentified
               x1        y1  area1          x2         y2  area2
range  280.762381  2.568862  162.0  280.758001  33.870686  156.0
FAILURE!!!! Some beads might have been misidentified
               x1        y1  area1          x2         y2  area2
range  280.678878  2.624716  156.0  280.684347  33.934375  154.0
FAILURE!!!! Some beads might have been misidentified
               x1        y1  area1         x2         y2  area2
range  280.899801  2.636357  163.0  280.84066  33.883742  156.0
FAILURE!!!! Some beads might have been misidentified
               x1        y1  area1          x2         y2  area2
range  280.574145  2.568361  163.0  280.544426  33.873324  156.0
FAILURE!!!! Some beads might have been misidentified
Residual vector length: 50, Jacobian shape: (50, 6)
view   0 | SOD= 561.377 mm | SDD= 761.018 mm | M= 1.356 | incident=2.9645°
[[ -10.2598095  -560.74585     -24.549053  ]
 [  13.579811    199.09341      10.450947  ]
 [   0.14959559   -0.00114959    0.        ]
 [   0.            0.            0.1496    ]]
               x1        y1  area1          x2         y2  area2
range  321.936542  1.571501  138.0  321.952894  32.875047  141.0
FAILURE!!!! Some beads might have been misidentified

iter 01 cost=7302.474237 -> 709.058709 |dtheta|=4.767203e+00  lambda=3.333e-03

============================================================
Iteration 2
============================================================
Theta offsets (Unity frame):
  Source   : dSx=   0.000, dSy=   0.000, dSz=   0.000  (mm)
  Object   : dOx= -14.769, dOy= -11.549, dOz= -22.089  (mm)
  Object offset: offset_x=  -4.280, offset_z=   0.897  (mm)
  Detector : dDx=   0.000, dDy=   0.000, dDz=   0.000  (mm)
  Obj Stage rotY :   -0.440 deg
============================================================

Unity geometry (world coordinates):
  Source   : x= -10.000, y=  55.000, z=   0.000
  Object   : x=   0.231, y=  30.451, z= 559.911
  Detector : x=   8.000, y=  20.000, z= 760.000
  Obj rotY :   0.0000 deg
view   0 | SOD= 561.377 mm | SDD= 761.018 mm | M= 1.356 | incident=2.9645°
[[ -10.2598095  -560.74585     -24.549053  ]
 [  13.579811    199.09341      10.450947  ]
 [   0.14959559   -0.00114959    0.        ]
 [   0.            0.            0.1496    ]]
               x1        y1  area1          x2         y2  area2
range  321.936542  1.571501  138.0  321.952894  32.875047  141.0
FAILURE!!!! Some beads might have been misidentified
               x1        y1  area1          x2         y2  area2
range  321.828143  1.585685  142.0  321.867236  32.843567  142.0
FAILURE!!!! Some beads might have been misidentified
              x1        y1  area1         x2         y2  area2
range  321.90614  1.579443  139.0  321.93708  32.829982  141.0
FAILURE!!!! Some beads might have been misidentified
              x1       y1  area1          x2         y2  area2
range  321.88817  1.53444  144.0  321.951127  32.779034  152.0
FAILURE!!!! Some beads might have been misidentified
              x1        y1  area1          x2         y2  area2
range  321.93109  1.561287  146.0  321.905145  32.858521  141.0
FAILURE!!!! Some beads might have been misidentified
               x1        y1  area1          x2         y2  area2
range  321.936542  1.571501  137.0  321.915103  32.874376  143.0
FAILURE!!!! Some beads might have been misidentified
               x1        y1  area1          x2         y2  area2
range  321.950761  1.571501  138.0  321.940152  32.849099  140.0
FAILURE!!!! Some beads might have been misidentified
               x1        y1  area1          x2         y2  area2
range  321.950761  1.571501  137.0  321.952894  32.877319  142.0
FAILURE!!!! Some beads might have been misidentified
               x1        y1  area1         x2         y2  area2
range  321.936542  1.579601  139.0  321.92294  32.902682  142.0
FAILURE!!!! Some beads might have been misidentified
               x1        y1  area1          x2         y2  area2
range  321.950761  1.591819  139.0  321.966623  32.833595  144.0
FAILURE!!!! Some beads might have been misidentified
              x1        y1  area1          x2         y2  area2
range  321.82997  1.596718  141.0  321.809768  32.859748  146.0
FAILURE!!!! Some beads might have been misidentified
              x1        y1  area1          x2         y2  area2
range  322.01892  1.583585  139.0  322.081929  32.842468  145.0
FAILURE!!!! Some beads might have been misidentified
               x1      y1  area1          x2         y2  area2
range  321.715363  1.5871  140.0  321.722387  32.878224  142.0
FAILURE!!!! Some beads might have been misidentified
Residual vector length: 50, Jacobian shape: (50, 6)
view   0 | SOD= 561.713 mm | SDD= 761.018 mm | M= 1.355 | incident=2.9645°
[[   9.052486   -561.0848      -24.968122  ]
 [   6.5732994   199.12433      10.0318775 ]
 [   0.14954571    0.00402988    0.        ]
 [   0.            0.            0.1496    ]]
               x1        y1  area1          x2         y2  area2
range  327.518551  1.158097  147.0  327.527344  32.202627  141.0
FAILURE!!!! Some beads might have been misidentified

iter 02 cost=709.058709 -> 293.230298 |dtheta|=2.070779e+00  lambda=1.111e-03

============================================================
Iteration 3
============================================================
Theta offsets (Unity frame):
  Source   : dSx=   0.000, dSy=   0.000, dSz=   0.000  (mm)
  Object   : dOx= -14.956, dOy= -11.968, dOz= -21.946  (mm)
  Object offset: offset_x=  -3.979, offset_z=   1.071  (mm)
  Detector : dDx=   0.000, dDy=   0.000, dDz=   0.000  (mm)
  Obj Stage rotY :    1.544 deg
============================================================

Unity geometry (world coordinates):
  Source   : x= -10.000, y=  55.000, z=   0.000
  Object   : x=   0.044, y=  30.032, z= 560.054
  Detector : x=   8.000, y=  20.000, z= 760.000
  Obj rotY :   0.0000 deg
view   0 | SOD= 561.713 mm | SDD= 761.018 mm | M= 1.355 | incident=2.9645°
[[   9.052486   -561.0848      -24.968122  ]
 [   6.5732994   199.12433      10.0318775 ]
 [   0.14954571    0.00402988    0.        ]
 [   0.            0.            0.1496    ]]
               x1        y1  area1          x2         y2  area2
range  327.518551  1.158097  147.0  327.527344  32.202627  141.0
FAILURE!!!! Some beads might have been misidentified
              x1        y1  area1          x2         y2  area2
range  327.46978  1.128867  147.0  327.532654  32.216554  138.0
FAILURE!!!! Some beads might have been misidentified
               x1        y1  area1          x2         y2  area2
range  327.527111  1.158417  140.0  327.552908  32.204165  135.0
FAILURE!!!! Some beads might have been misidentified
               x1        y1  area1          x2         y2  area2
range  327.499198  1.164795  149.0  327.495307  32.256777  137.0
FAILURE!!!! Some beads might have been misidentified
               x1       y1  area1          x2         y2  area2
range  327.536168  1.17418  143.0  327.521866  32.181669  144.0
FAILURE!!!! Some beads might have been misidentified
              x1        y1  area1          x2         y2  area2
range  327.50839  1.158097  145.0  327.527344  32.226425  139.0
FAILURE!!!! Some beads might have been misidentified
               x1        y1  area1          x2         y2  area2
range  327.529544  1.158097  148.0  327.548671  32.202627  141.0
FAILURE!!!! Some beads might have been misidentified
               x1       y1  area1          x2         y2  area2
range  327.529544  1.15703  141.0  327.527344  32.204633  140.0
FAILURE!!!! Some beads might have been misidentified
              x1        y1  area1          x2         y2  area2
range  327.50839  1.130284  145.0  327.532024  32.232225  139.0
FAILURE!!!! Some beads might have been misidentified
               x1        y1  area1          x2         y2  area2
range  327.609334  1.176213  149.0  327.591225  32.219468  139.0
FAILURE!!!! Some beads might have been misidentified
               x1        y1  area1          x2         y2  area2
range  327.440336  1.112423  137.0  327.438303  32.195928  137.0
FAILURE!!!! Some beads might have been misidentified
               x1        y1  area1          x2         y2  area2
range  327.686726  1.126946  141.0  327.709702  32.179052  135.0
FAILURE!!!! Some beads might have been misidentified
               x1        y1  area1          x2        y2  area2
range  327.310165  1.133018  148.0  327.378248  32.23482  139.0
FAILURE!!!! Some beads might have been misidentified
Residual vector length: 50, Jacobian shape: (50, 6)
view   0 | SOD= 561.572 mm | SDD= 761.018 mm | M= 1.355 | incident=2.9645°
[[  22.56659    -560.56366     -24.940979  ]
 [   1.364407    199.35378      10.059021  ]
 [   0.14940108    0.00771193    0.        ]
 [   0.            0.            0.1496    ]]
               x1        y1  area1          x2        y2  area2
range  327.612706  1.223851  142.0  327.556986  31.98984  136.0
FAILURE!!!! Some beads might have been misidentified

iter 03 cost=293.230298 -> 236.285929 |dtheta|=1.446748e+00  lambda=3.704e-04

============================================================
Iteration 4
============================================================
Theta offsets (Unity frame):
  Source   : dSx=   0.000, dSy=   0.000, dSz=   0.000  (mm)
  Object   : dOx= -14.950, dOy= -11.941, dOz= -21.961  (mm)
  Object offset: offset_x=  -3.689, offset_z=   0.943  (mm)
  Detector : dDx=   0.000, dDy=   0.000, dDz=   0.000  (mm)
  Obj Stage rotY :    2.955 deg
============================================================

Unity geometry (world coordinates):
  Source   : x= -10.000, y=  55.000, z=   0.000
  Object   : x=   0.050, y=  30.059, z= 560.039
  Detector : x=   8.000, y=  20.000, z= 760.000
  Obj rotY :   0.0000 deg
view   0 | SOD= 561.572 mm | SDD= 761.018 mm | M= 1.355 | incident=2.9645°
[[  22.56659    -560.56366     -24.940979  ]
 [   1.364407    199.35378      10.059021  ]
 [   0.14940108    0.00771193    0.        ]
 [   0.            0.            0.1496    ]]
               x1        y1  area1          x2        y2  area2
range  327.612706  1.223851  142.0  327.556986  31.98984  136.0
FAILURE!!!! Some beads might have been misidentified
              x1        y1  area1          x2         y2  area2
range  327.55852  1.207316  131.0  327.568575  31.998281  137.0
FAILURE!!!! Some beads might have been misidentified
               x1        y1  area1          x2         y2  area2
range  327.563475  1.179364  145.0  327.490353  31.877407  137.0
FAILURE!!!! Some beads might have been misidentified
               x1        y1  area1          x2         y2  area2
range  327.593437  1.285063  144.0  327.546197  31.932529  139.0
FAILURE!!!! Some beads might have been misidentified
               x1        y1  area1          x2         y2  area2
range  327.574069  1.176169  137.0  327.541141  31.979694  135.0
FAILURE!!!! Some beads might have been misidentified
               x1        y1  area1          x2        y2  area2
range  327.612706  1.223851  142.0  327.546831  31.98984  136.0
FAILURE!!!! Some beads might have been misidentified
               x1        y1  area1          x2        y2  area2
range  327.612706  1.223851  142.0  327.573431  31.98984  136.0
FAILURE!!!! Some beads might have been misidentified
               x1        y1  area1          x2         y2  area2
range  327.612706  1.218755  140.0  327.556986  31.960866  134.0
FAILURE!!!! Some beads might have been misidentified
               x1       y1  area1          x2         y2  area2
range  327.612706  1.21831  138.0  327.556986  31.970341  136.0
FAILURE!!!! Some beads might have been misidentified
               x1        y1  area1          x2         y2  area2
range  327.658712  1.223403  137.0  327.602737  31.911194  137.0
FAILURE!!!! Some beads might have been misidentified
               x1        y1  area1          x2         y2  area2
range  327.536183  1.184944  140.0  327.445792  31.997165  139.0
FAILURE!!!! Some beads might have been misidentified
              x1        y1  area1          x2         y2  area2
range  327.77957  1.206934  140.0  327.784038  31.982917  140.0
FAILURE!!!! Some beads might have been misidentified
               x1        y1  area1          x2         y2  area2
range  327.367352  1.223403  139.0  327.276473  31.953824  137.0
FAILURE!!!! Some beads might have been misidentified
Residual vector length: 50, Jacobian shape: (50, 6)
view   0 | SOD= 561.370 mm | SDD= 761.018 mm | M= 1.356 | incident=2.9645°
[[  24.922802   -560.26117     -24.954247  ]
 [   0.27755162  199.55238      10.0457535 ]
 [   0.14936462    0.00838881    0.        ]
 [   0.            0.            0.1496    ]]
               x1        y1  area1          x2         y2  area2
range  328.452718  1.182489  131.0  328.467719  31.857217  128.0
FAILURE!!!! Some beads might have been misidentified

iter 04 cost=236.285929 -> 216.467842 |dtheta|=3.581405e-01  lambda=1.235e-04

============================================================
Iteration 5
============================================================
Theta offsets (Unity frame):
  Source   : dSx=   0.000, dSy=   0.000, dSz=   0.000  (mm)
  Object   : dOx= -14.915, dOy= -11.954, dOz= -22.163  (mm)
  Object offset: offset_x=  -3.552, offset_z=   0.940  (mm)
  Detector : dDx=   0.000, dDy=   0.000, dDz=   0.000  (mm)
  Obj Stage rotY :    3.215 deg
============================================================

Unity geometry (world coordinates):
  Source   : x= -10.000, y=  55.000, z=   0.000
  Object   : x=   0.085, y=  30.046, z= 559.837
  Detector : x=   8.000, y=  20.000, z= 760.000
  Obj rotY :   0.0000 deg
view   0 | SOD= 561.370 mm | SDD= 761.018 mm | M= 1.356 | incident=2.9645°
[[  24.922802   -560.26117     -24.954247  ]
 [   0.27755162  199.55238      10.0457535 ]
 [   0.14936462    0.00838881    0.        ]
 [   0.            0.            0.1496    ]]
               x1        y1  area1          x2         y2  area2
range  328.452718  1.182489  131.0  328.467719  31.857217  128.0
FAILURE!!!! Some beads might have been misidentified
               x1        y1  area1          x2         y2  area2
range  328.488432  1.183314  129.0  328.416491  31.881681  128.0
FAILURE!!!! Some beads might have been misidentified
               x1       y1  area1          x2         y2  area2
range  328.423399  1.18565  133.0  328.500382  31.825783  129.0
FAILURE!!!! Some beads might have been misidentified
               x1        y1  area1         x2        y2  area2
range  328.463379  1.198594  132.0  328.51616  31.87412  126.0
FAILURE!!!! Some beads might have been misidentified
               x1        y1  area1          x2        y2  area2
range  328.389848  1.196989  129.0  328.468814  31.86281  126.0
FAILURE!!!! Some beads might have been misidentified
               x1        y1  area1          x2         y2  area2
range  328.452718  1.182489  131.0  328.439975  31.857217  128.0
FAILURE!!!! Some beads might have been misidentified
               x1        y1  area1         x2         y2  area2
range  328.452718  1.182489  131.0  328.46224  31.842893  127.0
FAILURE!!!! Some beads might have been misidentified
               x1        y1  area1         x2         y2  area2
range  328.452718  1.172017  130.0  328.46224  31.839175  127.0
FAILURE!!!! Some beads might have been misidentified
               x1        y1  area1          x2         y2  area2
range  328.452718  1.169845  130.0  328.450176  31.869198  127.0
FAILURE!!!! Some beads might have been misidentified
               x1        y1  area1          x2         y2  area2
range  328.470848  1.208058  131.0  328.499103  31.854942  129.0
FAILURE!!!! Some beads might have been misidentified
               x1        y1  area1          x2         y2  area2
range  328.376994  1.153979  128.0  328.374156  31.873868  126.0
FAILURE!!!! Some beads might have been misidentified
               x1        y1  area1         x2         y2  area2
range  328.637693  1.162466  129.0  328.66405  31.858005  125.0
FAILURE!!!! Some beads might have been misidentified
               x1        y1  area1          x2         y2  area2
range  328.257505  1.183067  128.0  328.285146  31.866428  128.0
FAILURE!!!! Some beads might have been misidentified
Residual vector length: 50, Jacobian shape: (50, 6)
view   0 | SOD= 562.565 mm | SDD= 761.018 mm | M= 1.353 | incident=2.9645°
[[  44.42482    -560.2472      -25.076714  ]
 [  -7.0367794   198.22215       9.923286  ]
 [   0.14897521    0.01365817    0.        ]
 [   0.            0.            0.1496    ]]
               x1        y1  area1          x2         y2  area2
range  328.555395  1.090726  142.0  328.487526  31.242965  136.0
FAILURE!!!! Some beads might have been misidentified

iter 05 cost=216.467842 -> 172.997813 |dtheta|=2.462960e+00  lambda=4.115e-05

============================================================
Iteration 6
============================================================
Theta offsets (Unity frame):
  Source   : dSx=   0.000, dSy=   0.000, dSz=   0.000  (mm)
  Object   : dOx= -14.996, dOy= -12.077, dOz= -20.850  (mm)
  Object offset: offset_x=  -3.094, offset_z=   0.814  (mm)
  Detector : dDx=   0.000, dDy=   0.000, dDz=   0.000  (mm)
  Obj Stage rotY :    5.238 deg
============================================================

Unity geometry (world coordinates):
  Source   : x= -10.000, y=  55.000, z=   0.000
  Object   : x=   0.004, y=  29.923, z= 561.150
  Detector : x=   8.000, y=  20.000, z= 760.000
  Obj rotY :   0.0000 deg
view   0 | SOD= 562.565 mm | SDD= 761.018 mm | M= 1.353 | incident=2.9645°
[[  44.42482    -560.2472      -25.076714  ]
 [  -7.0367794   198.22215       9.923286  ]
 [   0.14897521    0.01365817    0.        ]
 [   0.            0.            0.1496    ]]
               x1        y1  area1          x2         y2  area2
range  328.555395  1.090726  142.0  328.487526  31.242965  136.0
FAILURE!!!! Some beads might have been misidentified
               x1        y1  area1          x2         y2  area2
range  328.531951  1.096579  136.0  328.499996  31.225856  138.0
FAILURE!!!! Some beads might have been misidentified
               x1        y1  area1          x2         y2  area2
range  328.511509  1.081802  144.0  328.528735  31.182427  137.0
FAILURE!!!! Some beads might have been misidentified
               x1       y1  area1          x2         y2  area2
range  328.498553  1.03303  143.0  328.532682  31.172535  135.0
FAILURE!!!! Some beads might have been misidentified
               x1        y1  area1          x2         y2  area2
range  328.545487  1.136761  142.0  328.482456  31.208302  136.0
FAILURE!!!! Some beads might have been misidentified
               x1        y1  area1          x2         y2  area2
range  328.555395  1.090726  142.0  328.490396  31.239099  138.0
FAILURE!!!! Some beads might have been misidentified
               x1        y1  area1         x2         y2  area2
range  328.572717  1.090726  142.0  328.50492  31.259826  135.0
FAILURE!!!! Some beads might have been misidentified
               x1       y1  area1          x2         y2  area2
range  328.555395  1.09879  142.0  328.487526  31.218475  137.0
FAILURE!!!! Some beads might have been misidentified
               x1        y1  area1         x2         y2  area2
range  328.572717  1.082281  142.0  328.47974  31.245341  137.0
FAILURE!!!! Some beads might have been misidentified
               x1        y1  area1          x2         y2  area2
range  328.606317  1.085096  137.0  328.574259  31.175804  143.0
FAILURE!!!! Some beads might have been misidentified
               x1        y1  area1          x2         y2  area2
range  328.462711  1.084579  143.0  328.417431  31.212044  133.0
FAILURE!!!! Some beads might have been misidentified
               x1        y1  area1          x2         y2  area2
range  328.685118  1.084601  140.0  328.708839  31.206561  135.0
FAILURE!!!! Some beads might have been misidentified
               x1        y1  area1          x2         y2  area2
range  328.358341  1.071287  142.0  328.343036  31.245678  139.0
FAILURE!!!! Some beads might have been misidentified
Residual vector length: 50, Jacobian shape: (50, 6)
view   0 | SOD= 561.444 mm | SDD= 761.018 mm | M= 1.355 | incident=2.9645°
[[  58.386585   -557.84155     -24.962605  ]
 [ -12.904306    199.02147      10.0373955 ]
 [   0.14856681    0.01755174    0.        ]
 [   0.            0.            0.1496    ]]
               x1        y1  area1          x2         y2  area2
range  327.779843  1.134809  138.0  327.746934  30.735755  129.0
FAILURE!!!! Some beads might have been misidentified

iter 06 cost=172.997813 -> 111.338302 |dtheta|=1.832505e+00  lambda=1.372e-05

============================================================
Iteration 7
============================================================
Theta offsets (Unity frame):
  Source   : dSx=   0.000, dSy=   0.000, dSz=   0.000  (mm)
  Object   : dOx= -14.940, dOy= -11.963, dOz= -21.739  (mm)
  Object offset: offset_x=  -2.595, offset_z=   0.578  (mm)
  Detector : dDx=   0.000, dDy=   0.000, dDz=   0.000  (mm)
  Obj Stage rotY :    6.738 deg
============================================================

Unity geometry (world coordinates):
  Source   : x= -10.000, y=  55.000, z=   0.000
  Object   : x=   0.060, y=  30.037, z= 560.261
  Detector : x=   8.000, y=  20.000, z= 760.000
  Obj rotY :   0.0000 deg
view   0 | SOD= 561.444 mm | SDD= 761.018 mm | M= 1.355 | incident=2.9645°
[[  58.386585   -557.84155     -24.962605  ]
 [ -12.904306    199.02147      10.0373955 ]
 [   0.14856681    0.01755174    0.        ]
 [   0.            0.            0.1496    ]]
               x1        y1  area1          x2         y2  area2
range  327.779843  1.134809  138.0  327.746934  30.735755  129.0
FAILURE!!!! Some beads might have been misidentified
               x1        y1  area1          x2         y2  area2
range  327.838811  1.138921  137.0  327.797663  30.796394  136.0
FAILURE!!!! Some beads might have been misidentified
               x1        y1  area1          x2         y2  area2
range  327.817938  1.113894  142.0  327.726753  30.779444  128.0
FAILURE!!!! Some beads might have been misidentified
               x1        y1  area1          x2         y2  area2
range  327.759462  1.135649  141.0  327.760532  30.810258  128.0
FAILURE!!!! Some beads might have been misidentified
               x1        y1  area1          x2         y2  area2
range  327.804389  1.134008  138.0  327.780998  30.745103  133.0
FAILURE!!!! Some beads might have been misidentified
               x1        y1  area1          x2         y2  area2
range  327.747264  1.134809  138.0  327.749688  30.719344  129.0
FAILURE!!!! Some beads might have been misidentified
              x1        y1  area1         x2         y2  area2
range  327.79628  1.134809  138.0  327.76278  30.746339  130.0
FAILURE!!!! Some beads might have been misidentified
               x1        y1  area1          x2         y2  area2
range  327.764686  1.119629  138.0  327.746934  30.748264  130.0
FAILURE!!!! Some beads might have been misidentified
               x1        y1  area1          x2         y2  area2
range  327.779843  1.151151  141.0  327.746934  30.746785  129.0
FAILURE!!!! Some beads might have been misidentified
               x1        y1  area1          x2        y2  area2
range  327.957969  1.129168  138.0  327.789276  30.77523  131.0
FAILURE!!!! Some beads might have been misidentified
              x1        y1  area1          x2         y2  area2
range  327.70381  1.103586  140.0  327.675643  30.752037  128.0
FAILURE!!!! Some beads might have been misidentified
             x1        y1  area1          x2         y2  area2
range  328.0534  1.112685  138.0  327.960316  30.761141  129.0
FAILURE!!!! Some beads might have been misidentified
               x1       y1  area1        x2         y2  area2
range  327.594899  1.15597  138.0  327.5641  30.788004  132.0
FAILURE!!!! Some beads might have been misidentified
Residual vector length: 50, Jacobian shape: (50, 6)
view   0 | SOD= 562.062 mm | SDD= 761.018 mm | M= 1.354 | incident=2.9645°
[[  64.19375    -557.82135     -25.065342  ]
 [ -15.185294    198.23613       9.934658  ]
 [   0.14837065    0.01913918    0.        ]
 [   0.            0.            0.1496    ]]
               x1        y1  area1          x2         y2  area2
range  329.614661  1.051102  135.0  329.579824  30.249575  134.0
FAILURE!!!! Some beads might have been misidentified

iter 07 cost=111.338302 -> 101.689891 |dtheta|=8.476761e-01  lambda=4.572e-06

============================================================
Iteration 8
============================================================
Theta offsets (Unity frame):
  Source   : dSx=   0.000, dSy=   0.000, dSz=   0.000  (mm)
  Object   : dOx= -14.872, dOy= -12.065, dOz= -21.195  (mm)
  Object offset: offset_x=  -2.429, offset_z=   0.645  (mm)
  Detector : dDx=   0.000, dDy=   0.000, dDz=   0.000  (mm)
  Obj Stage rotY :    7.350 deg
============================================================

Unity geometry (world coordinates):
  Source   : x= -10.000, y=  55.000, z=   0.000
  Object   : x=   0.128, y=  29.935, z= 560.805
  Detector : x=   8.000, y=  20.000, z= 760.000
  Obj rotY :   0.0000 deg
view   0 | SOD= 562.062 mm | SDD= 761.018 mm | M= 1.354 | incident=2.9645°
[[  64.19375    -557.82135     -25.065342  ]
 [ -15.185294    198.23613       9.934658  ]
 [   0.14837065    0.01913918    0.        ]
 [   0.            0.            0.1496    ]]
               x1        y1  area1          x2         y2  area2
range  329.614661  1.051102  135.0  329.579824  30.249575  134.0
FAILURE!!!! Some beads might have been misidentified
               x1        y1  area1          x2         y2  area2
range  329.624831  1.064532  137.0  329.552857  30.273266  132.0
FAILURE!!!! Some beads might have been misidentified
               x1        y1  area1          x2         y2  area2
range  329.516156  1.082435  140.0  329.538503  30.229923  138.0
FAILURE!!!! Some beads might have been misidentified
               x1        y1  area1          x2         y2  area2
range  329.596586  1.043375  136.0  329.582847  30.245001  129.0
FAILURE!!!! Some beads might have been misidentified
               x1        y1  area1          x2         y2  area2
range  329.589446  1.088589  137.0  329.578523  30.277851  138.0
FAILURE!!!! Some beads might have been misidentified
               x1        y1  area1          x2        y2  area2
range  329.600076  1.079639  134.0  329.541747  30.23346  134.0
FAILURE!!!! Some beads might have been misidentified
               x1        y1  area1          x2        y2  area2
range  329.614661  1.057558  135.0  329.592803  30.23924  133.0
FAILURE!!!! Some beads might have been misidentified
               x1        y1  area1         x2         y2  area2
range  329.614661  1.062469  133.0  329.57696  30.222222  135.0
FAILURE!!!! Some beads might have been misidentified
               x1        y1  area1          x2         y2  area2
range  329.614661  1.088239  136.0  329.579824  30.232345  135.0
FAILURE!!!! Some beads might have been misidentified
               x1        y1  area1          x2         y2  area2
range  329.679175  1.075794  141.0  329.666372  30.213303  134.0
FAILURE!!!! Some beads might have been misidentified
               x1        y1  area1          x2         y2  area2
range  329.524012  1.079591  136.0  329.508072  30.266431  137.0
FAILURE!!!! Some beads might have been misidentified
               x1        y1  area1          x2         y2  area2
range  329.776101  1.069264  136.0  329.773979  30.234282  136.0
FAILURE!!!! Some beads might have been misidentified
               x1      y1  area1          x2         y2  area2
range  329.373381  1.0752  136.0  329.325835  30.238273  133.0
FAILURE!!!! Some beads might have been misidentified
Residual vector length: 50, Jacobian shape: (50, 6)
view   0 | SOD= 560.950 mm | SDD= 761.018 mm | M= 1.357 | incident=2.9645°
[[  70.16303    -555.9845      -24.958647  ]
 [ -17.768503    199.1261       10.041353  ]
 [   0.14814453    0.02081732    0.        ]
 [   0.            0.            0.1496    ]]
               x1        y1  area1          x2         y2  area2
range  328.971515  1.118138  139.0  328.953859  30.218086  135.0
FAILURE!!!! Some beads might have been misidentified

iter 08 cost=101.689891 -> 79.026145 |dtheta|=1.207709e+00  lambda=1.524e-06

============================================================
Iteration 9
============================================================
Theta offsets (Unity frame):
  Source   : dSx=   0.000, dSy=   0.000, dSz=   0.000  (mm)
  Object   : dOx= -14.937, dOy= -11.959, dOz= -22.163  (mm)
  Object offset: offset_x=  -2.176, offset_z=   0.502  (mm)
  Detector : dDx=   0.000, dDy=   0.000, dDz=   0.000  (mm)
  Obj Stage rotY :    7.999 deg
============================================================

Unity geometry (world coordinates):
  Source   : x= -10.000, y=  55.000, z=   0.000
  Object   : x=   0.063, y=  30.041, z= 559.837
  Detector : x=   8.000, y=  20.000, z= 760.000
  Obj rotY :   0.0000 deg
view   0 | SOD= 560.950 mm | SDD= 761.018 mm | M= 1.357 | incident=2.9645°
[[  70.16303    -555.9845      -24.958647  ]
 [ -17.768503    199.1261       10.041353  ]
 [   0.14814453    0.02081732    0.        ]
 [   0.            0.            0.1496    ]]
               x1        y1  area1          x2         y2  area2
range  328.971515  1.118138  139.0  328.953859  30.218086  135.0
FAILURE!!!! Some beads might have been misidentified
               x1        y1  area1          x2         y2  area2
range  329.035786  1.148099  144.0  328.981346  30.113134  135.0
FAILURE!!!! Some beads might have been misidentified
               x1        y1  area1          x2         y2  area2
range  329.063153  1.102574  138.0  329.033807  30.126431  136.0
FAILURE!!!! Some beads might have been misidentified
               x1        y1  area1          x2         y2  area2
range  328.987281  1.118711  140.0  328.942545  30.193513  135.0
FAILURE!!!! Some beads might have been misidentified
               x1        y1  area1          x2         y2  area2
range  328.982053  1.114936  144.0  328.989545  30.115497  130.0
FAILURE!!!! Some beads might have been misidentified
               x1        y1  area1          x2         y2  area2
range  328.971515  1.118138  139.0  328.953859  30.218086  136.0
FAILURE!!!! Some beads might have been misidentified
               x1        y1  area1          x2         y2  area2
range  328.971515  1.122693  139.0  328.970318  30.218086  133.0
FAILURE!!!! Some beads might have been misidentified
               x1       y1  area1          x2        y2  area2
range  328.971515  1.11824  140.0  328.953859  30.19219  134.0
FAILURE!!!! Some beads might have been misidentified
               x1        y1  area1          x2         y2  area2
range  328.971515  1.119321  140.0  328.953859  30.197275  136.0
FAILURE!!!! Some beads might have been misidentified
               x1        y1  area1          x2         y2  area2
range  329.038091  1.153956  142.0  329.043053  30.132762  135.0
FAILURE!!!! Some beads might have been misidentified
             x1        y1  area1          x2         y2  area2
range  328.9396  1.136334  139.0  328.925423  30.148516  134.0
FAILURE!!!! Some beads might have been misidentified
               x1        y1  area1         x2         y2  area2
range  329.247867  1.134705  139.0  329.14839  30.143803  137.0
FAILURE!!!! Some beads might have been misidentified
               x1        y1  area1          x2         y2  area2
range  328.851032  1.150836  141.0  328.853788  30.194294  133.0
FAILURE!!!! Some beads might have been misidentified
Residual vector length: 50, Jacobian shape: (50, 6)
view   0 | SOD= 560.395 mm | SDD= 761.018 mm | M= 1.358 | incident=2.9645°
[[  74.56731    -554.8518      -24.945951  ]
 [ -19.656591    199.49945      10.054049  ]
 [   0.14796582    0.02205168    0.        ]
 [   0.            0.            0.1496    ]]
               x1        y1  area1          x2         y2  area2
range  329.348155  1.142223  144.0  329.325825  30.062225  136.0
FAILURE!!!! Some beads might have been misidentified

iter 09 cost=79.026145 -> 69.825038 |dtheta|=7.200479e-01  lambda=1.000e-06

============================================================
Iteration 10
============================================================
Theta offsets (Unity frame):
  Source   : dSx=   0.000, dSy=   0.000, dSz=   0.000  (mm)
  Object   : dOx= -14.940, dOy= -11.946, dOz= -22.678  (mm)
  Object offset: offset_x=  -2.025, offset_z=   0.461  (mm)
  Detector : dDx=   0.000, dDy=   0.000, dDz=   0.000  (mm)
  Obj Stage rotY :    8.477 deg
============================================================

Unity geometry (world coordinates):
  Source   : x= -10.000, y=  55.000, z=   0.000
  Object   : x=   0.060, y=  30.054, z= 559.322
  Detector : x=   8.000, y=  20.000, z= 760.000
  Obj rotY :   0.0000 deg
view   0 | SOD= 560.395 mm | SDD= 761.018 mm | M= 1.358 | incident=2.9645°
[[  74.56731    -554.8518      -24.945951  ]
 [ -19.656591    199.49945      10.054049  ]
 [   0.14796582    0.02205168    0.        ]
 [   0.            0.            0.1496    ]]
               x1        y1  area1          x2         y2  area2
range  329.348155  1.142223  144.0  329.325825  30.062225  136.0
FAILURE!!!! Some beads might have been misidentified
               x1        y1  area1          x2         y2  area2
range  329.381479  1.142346  152.0  329.372833  30.070473  133.0
FAILURE!!!! Some beads might have been misidentified
               x1        y1  area1          x2         y2  area2
range  329.381201  1.164091  144.0  329.370368  30.018376  138.0
FAILURE!!!! Some beads might have been misidentified
              x1        y1  area1          x2         y2  area2
range  329.38293  1.178856  147.0  329.371369  30.106981  136.0
FAILURE!!!! Some beads might have been misidentified
               x1        y1  area1          x2         y2  area2
range  329.378072  1.139146  142.0  329.294712  30.039438  136.0
FAILURE!!!! Some beads might have been misidentified
               x1        y1  area1          x2         y2  area2
range  329.348155  1.142223  144.0  329.325825  30.056277  137.0
FAILURE!!!! Some beads might have been misidentified
               x1        y1  area1          x2         y2  area2
range  329.364839  1.142223  144.0  329.338995  30.042922  138.0
FAILURE!!!! Some beads might have been misidentified
               x1        y1  area1          x2         y2  area2
range  329.348155  1.134302  146.0  329.325825  30.044647  135.0
FAILURE!!!! Some beads might have been misidentified
               x1       y1  area1          x2         y2  area2
range  329.364839  1.15586  144.0  329.325825  30.068571  132.0
FAILURE!!!! Some beads might have been misidentified
               x1        y1  area1          x2         y2  area2
range  329.397727  1.164393  149.0  329.378879  30.043557  133.0
FAILURE!!!! Some beads might have been misidentified
               x1        y1  area1          x2         y2  area2
range  329.330813  1.147712  144.0  329.276576  30.041563  137.0
FAILURE!!!! Some beads might have been misidentified
               x1       y1  area1          x2         y2  area2
range  329.529331  1.14723  143.0  329.541807  30.041563  136.0
FAILURE!!!! Some beads might have been misidentified
              x1        y1  area1          x2         y2  area2
range  329.20548  1.154415  145.0  329.198682  30.070373  134.0
FAILURE!!!! Some beads might have been misidentified
Residual vector length: 50, Jacobian shape: (50, 6)
view   0 | SOD= 560.336 mm | SDD= 761.018 mm | M= 1.358 | incident=2.9645°
[[  79.262794   -554.1393      -24.958992  ]
 [ -21.500784    199.36633      10.041008  ]
 [   0.14776897    0.02333431    0.        ]
 [   0.            0.            0.1496    ]]

iter 10 cost=69.825038 -> 61.567465 |dtheta|=5.251247e-01  lambda=1.000e-06

============================================================
Iteration 11
============================================================
Theta offsets (Unity frame):
  Source   : dSx=   0.000, dSy=   0.000, dSz=   0.000  (mm)
  Object   : dOx= -14.975, dOy= -11.959, dOz= -22.656  (mm)
  Object offset: offset_x=  -1.885, offset_z=   0.376  (mm)
  Detector : dDx=   0.000, dDy=   0.000, dDz=   0.000  (mm)
  Obj Stage rotY :    8.974 deg
============================================================

Unity geometry (world coordinates):
  Source   : x= -10.000, y=  55.000, z=   0.000
  Object   : x=   0.025, y=  30.041, z= 559.344
  Detector : x=   8.000, y=  20.000, z= 760.000
  Obj rotY :   0.0000 deg
view   0 | SOD= 560.336 mm | SDD= 761.018 mm | M= 1.358 | incident=2.9645°
[[  79.262794   -554.1393      -24.958992  ]
 [ -21.500784    199.36633      10.041008  ]
 [   0.14776897    0.02333431    0.        ]
 [   0.            0.            0.1496    ]]
Residual vector length: 50, Jacobian shape: (50, 6)
view   0 | SOD= 560.769 mm | SDD= 761.018 mm | M= 1.357 | incident=2.9645°
[[  79.72779    -554.5106      -24.970024  ]
 [ -21.72679     198.90225      10.029976  ]
 [   0.14774752    0.02346982    0.        ]
 [   0.            0.            0.1496    ]]

iter 11 cost=61.567465 -> 58.661696 |dtheta|=4.862375e-01  lambda=1.000e-06

============================================================
Iteration 12
============================================================
Theta offsets (Unity frame):
  Source   : dSx=   0.000, dSy=   0.000, dSz=   0.000  (mm)
  Object   : dOx= -14.903, dOy= -11.970, dOz= -22.182  (mm)
  Object offset: offset_x=  -1.844, offset_z=   0.334  (mm)
  Detector : dDx=   0.000, dDy=   0.000, dDz=   0.000  (mm)
  Obj Stage rotY :    9.026 deg
============================================================

Unity geometry (world coordinates):
  Source   : x= -10.000, y=  55.000, z=   0.000
  Object   : x=   0.097, y=  30.030, z= 559.818
  Detector : x=   8.000, y=  20.000, z= 760.000
  Obj rotY :   0.0000 deg
view   0 | SOD= 560.769 mm | SDD= 761.018 mm | M= 1.357 | incident=2.9645°
[[  79.72779    -554.5106      -24.970024  ]
 [ -21.72679     198.90225      10.029976  ]
 [   0.14774752    0.02346982    0.        ]
 [   0.            0.            0.1496    ]]
Residual vector length: 50, Jacobian shape: (50, 6)
view   0 | SOD= 560.504 mm | SDD= 761.018 mm | M= 1.358 | incident=2.9645°
[[  84.459335   -553.54083     -24.975311  ]
 [ -23.585173    198.95525      10.024689  ]
 [   0.14753644    0.02476199    0.        ]
 [   0.            0.            0.1496    ]]

iter 12 cost=58.661696 -> 48.698810 |dtheta|=5.878119e-01  lambda=1.000e-06

============================================================
Iteration 13
============================================================
Theta offsets (Unity frame):
  Source   : dSx=   0.000, dSy=   0.000, dSz=   0.000  (mm)
  Object   : dOx= -14.979, dOy= -11.975, dOz= -22.437  (mm)
  Object offset: offset_x=  -1.692, offset_z=   0.322  (mm)
  Detector : dDx=   0.000, dDy=   0.000, dDz=   0.000  (mm)
  Obj Stage rotY :    9.528 deg
============================================================

Unity geometry (world coordinates):
  Source   : x= -10.000, y=  55.000, z=   0.000
  Object   : x=   0.021, y=  30.025, z= 559.563
  Detector : x=   8.000, y=  20.000, z= 760.000
  Obj rotY :   0.0000 deg
view   0 | SOD= 560.504 mm | SDD= 761.018 mm | M= 1.358 | incident=2.9645°
[[  84.459335   -553.54083     -24.975311  ]
 [ -23.585173    198.95525      10.024689  ]
 [   0.14753644    0.02476199    0.        ]
 [   0.            0.            0.1496    ]]
Residual vector length: 50, Jacobian shape: (50, 6)
view   0 | SOD= 560.229 mm | SDD= 761.018 mm | M= 1.358 | incident=2.9645°
[[  88.687386   -552.60114     -24.9537    ]
 [ -25.397015    199.00296      10.046301  ]
 [   0.14733282    0.02594608    0.        ]
 [   0.            0.            0.1496    ]]

iter 13 cost=48.698810 -> 41.996617 |dtheta|=5.639111e-01  lambda=1.000e-06

============================================================
Iteration 14
============================================================
Theta offsets (Unity frame):
  Source   : dSx=   0.000, dSy=   0.000, dSz=   0.000  (mm)
  Object   : dOx= -14.985, dOy= -11.954, dOz= -22.711  (mm)
  Object offset: offset_x=  -1.517, offset_z=   0.319  (mm)
  Detector : dDx=   0.000, dDy=   0.000, dDz=   0.000  (mm)
  Obj Stage rotY :    9.988 deg
============================================================

Unity geometry (world coordinates):
  Source   : x= -10.000, y=  55.000, z=   0.000
  Object   : x=   0.015, y=  30.046, z= 559.289
  Detector : x=   8.000, y=  20.000, z= 760.000
  Obj rotY :   0.0000 deg
view   0 | SOD= 560.229 mm | SDD= 761.018 mm | M= 1.358 | incident=2.9645°
[[  88.687386   -552.60114     -24.9537    ]
 [ -25.397015    199.00296      10.046301  ]
 [   0.14733282    0.02594608    0.        ]
 [   0.            0.            0.1496    ]]
Residual vector length: 50, Jacobian shape: (50, 6)
view   0 | SOD= 560.214 mm | SDD= 761.018 mm | M= 1.358 | incident=2.9645°
[[  91.84401    -552.0711      -24.938221  ]
 [ -26.64555     198.85117      10.061779  ]
 [   0.14717816    0.02680953    0.        ]
 [   0.            0.            0.1496    ]]

iter 14 cost=41.996617 -> 37.660257 |dtheta|=3.436459e-01  lambda=1.000e-06

============================================================
Iteration 15
============================================================
Theta offsets (Unity frame):
  Source   : dSx=   0.000, dSy=   0.000, dSz=   0.000  (mm)
  Object   : dOx= -14.960, dOy= -11.938, dOz= -22.695  (mm)
  Object offset: offset_x=  -1.461, offset_z=   0.287  (mm)
  Detector : dDx=   0.000, dDy=   0.000, dDz=   0.000  (mm)
  Obj Stage rotY :   10.324 deg
============================================================

Unity geometry (world coordinates):
  Source   : x= -10.000, y=  55.000, z=   0.000
  Object   : x=   0.040, y=  30.062, z= 559.305
  Detector : x=   8.000, y=  20.000, z= 760.000
  Obj rotY :   0.0000 deg
view   0 | SOD= 560.214 mm | SDD= 761.018 mm | M= 1.358 | incident=2.9645°
[[  91.84401    -552.0711      -24.938221  ]
 [ -26.64555     198.85117      10.061779  ]
 [   0.14717816    0.02680953    0.        ]
 [   0.            0.            0.1496    ]]
Residual vector length: 50, Jacobian shape: (50, 6)
view   0 | SOD= 560.697 mm | SDD= 761.018 mm | M= 1.357 | incident=2.9645°
[[  95.27993    -551.9779      -24.960388  ]
 [ -27.914297    198.18687      10.039612  ]
 [   0.14700721    0.02773156    0.        ]
 [   0.            0.            0.1496    ]]

iter 15 cost=37.660257 -> 30.305614 |dtheta|=6.458930e-01  lambda=1.000e-06

============================================================
Iteration 16
============================================================
Theta offsets (Unity frame):
  Source   : dSx=   0.000, dSy=   0.000, dSz=   0.000  (mm)
  Object   : dOx= -14.950, dOy= -11.960, dOz= -22.170  (mm)
  Object offset: offset_x=  -1.357, offset_z=   0.244  (mm)
  Detector : dDx=   0.000, dDy=   0.000, dDz=   0.000  (mm)
  Obj Stage rotY :   10.683 deg
============================================================

Unity geometry (world coordinates):
  Source   : x= -10.000, y=  55.000, z=   0.000
  Object   : x=   0.050, y=  30.040, z= 559.830
  Detector : x=   8.000, y=  20.000, z= 760.000
  Obj rotY :   0.0000 deg
view   0 | SOD= 560.697 mm | SDD= 761.018 mm | M= 1.357 | incident=2.9645°
[[  95.27993    -551.9779      -24.960388  ]
 [ -27.914297    198.18687      10.039612  ]
 [   0.14700721    0.02773156    0.        ]
 [   0.            0.            0.1496    ]]
Residual vector length: 50, Jacobian shape: (50, 6)
view   0 | SOD= 561.156 mm | SDD= 761.018 mm | M= 1.356 | incident=2.9645°
[[  98.90737    -551.80524     -24.978783  ]
 [ -29.237005    197.5298       10.021217  ]
 [   0.14682092    0.02870155    0.        ]
 [   0.            0.            0.1496    ]]

iter 16 cost=30.305614 -> 25.811390 |dtheta|=5.828423e-01  lambda=1.000e-06

============================================================
Iteration 17
============================================================
Theta offsets (Unity frame):
  Source   : dSx=   0.000, dSy=   0.000, dSz=   0.000  (mm)
  Object   : dOx= -14.950, dOy= -11.979, dOz= -21.741  (mm)
  Object offset: offset_x=  -1.253, offset_z=   0.271  (mm)
  Detector : dDx=   0.000, dDy=   0.000, dDz=   0.000  (mm)
  Obj Stage rotY :   11.061 deg
============================================================

Unity geometry (world coordinates):
  Source   : x= -10.000, y=  55.000, z=   0.000
  Object   : x=   0.050, y=  30.021, z= 560.259
  Detector : x=   8.000, y=  20.000, z= 760.000
  Obj rotY :   0.0000 deg
view   0 | SOD= 561.156 mm | SDD= 761.018 mm | M= 1.356 | incident=2.9645°
[[  98.90737    -551.80524     -24.978783  ]
 [ -29.237005    197.5298       10.021217  ]
 [   0.14682092    0.02870155    0.        ]
 [   0.            0.            0.1496    ]]
Residual vector length: 50, Jacobian shape: (50, 6)
view   0 | SOD= 560.989 mm | SDD= 761.018 mm | M= 1.357 | incident=2.9645°
[[ 101.57229    -551.1495      -25.025599  ]
 [ -30.338287    197.53177       9.974401  ]
 [   0.14667474    0.02943943    0.        ]
 [   0.            0.            0.1496    ]]

iter 17 cost=25.811390 -> 22.704731 |dtheta|=3.429779e-01  lambda=1.000e-06

============================================================
Iteration 18
============================================================
Theta offsets (Unity frame):
  Source   : dSx=   0.000, dSy=   0.000, dSz=   0.000  (mm)
  Object   : dOx= -14.993, dOy= -12.026, dOz= -21.858  (mm)
  Object offset: offset_x=  -1.134, offset_z=   0.218  (mm)
  Detector : dDx=   0.000, dDy=   0.000, dDz=   0.000  (mm)
  Obj Stage rotY :   11.349 deg
============================================================

Unity geometry (world coordinates):
  Source   : x= -10.000, y=  55.000, z=   0.000
  Object   : x=   0.007, y=  29.974, z= 560.142
  Detector : x=   8.000, y=  20.000, z= 760.000
  Obj rotY :   0.0000 deg
view   0 | SOD= 560.989 mm | SDD= 761.018 mm | M= 1.357 | incident=2.9645°
[[ 101.57229    -551.1495      -25.025599  ]
 [ -30.338287    197.53177       9.974401  ]
 [   0.14667474    0.02943943    0.        ]
 [   0.            0.            0.1496    ]]
Residual vector length: 50, Jacobian shape: (50, 6)
view   0 | SOD= 561.050 mm | SDD= 761.018 mm | M= 1.356 | incident=2.9645°
[[ 105.01587    -550.56635     -25.01038   ]
 [ -31.775064    197.23862       9.98962   ]
 [   0.1464796     0.03039547    0.        ]
 [   0.            0.            0.1496    ]]
               x1        y1  area1         x2       y2  area2
range  328.662175  1.258741  158.0  328.67895  30.0305  143.0
FAILURE!!!! Some beads might have been misidentified

iter 18 cost=22.704731 -> 17.399543 |dtheta|=4.071283e-01  lambda=1.000e-06

============================================================
Iteration 19
============================================================
Theta offsets (Unity frame):
  Source   : dSx=   0.000, dSy=   0.000, dSz=   0.000  (mm)
  Object   : dOx= -14.956, dOy= -12.010, dOz= -21.771  (mm)
  Object offset: offset_x=  -1.007, offset_z=   0.190  (mm)
  Detector : dDx=   0.000, dDy=   0.000, dDz=   0.000  (mm)
  Obj Stage rotY :   11.723 deg
============================================================

Unity geometry (world coordinates):
  Source   : x= -10.000, y=  55.000, z=   0.000
  Object   : x=   0.044, y=  29.990, z= 560.229
  Detector : x=   8.000, y=  20.000, z= 760.000
  Obj rotY :   0.0000 deg
view   0 | SOD= 561.050 mm | SDD= 761.018 mm | M= 1.356 | incident=2.9645°
[[ 105.01587    -550.56635     -25.01038   ]
 [ -31.775064    197.23862       9.98962   ]
 [   0.1464796     0.03039547    0.        ]
 [   0.            0.            0.1496    ]]
               x1        y1  area1         x2       y2  area2
range  328.662175  1.258741  158.0  328.67895  30.0305  143.0
FAILURE!!!! Some beads might have been misidentified
               x1        y1  area1         x2         y2  area2
range  328.627358  1.298943  160.0  328.69901  30.002678  141.0
FAILURE!!!! Some beads might have been misidentified
               x1        y1  area1          x2         y2  area2
range  328.628489  1.302187  169.0  328.665793  30.017549  141.0
FAILURE!!!! Some beads might have been misidentified
               x1        y1  area1         x2       y2  area2
range  328.662175  1.258741  158.0  328.67895  30.0305  144.0
FAILURE!!!! Some beads might have been misidentified
               x1        y1  area1          x2       y2  area2
range  328.662175  1.242868  159.0  328.686401  30.0305  143.0
FAILURE!!!! Some beads might have been misidentified
               x1        y1  area1         x2         y2  area2
range  328.662175  1.284559  160.0  328.67895  30.023232  144.0
FAILURE!!!! Some beads might have been misidentified
               x1        y1  area1         x2         y2  area2
range  328.662175  1.255978  161.0  328.67895  30.000915  145.0
FAILURE!!!! Some beads might have been misidentified
               x1        y1  area1          x2         y2  area2
range  328.575758  1.309266  162.0  328.611886  30.033404  142.0
FAILURE!!!! Some beads might have been misidentified
               x1        y1  area1          x2       y2  area2
range  328.833207  1.258741  160.0  328.872256  30.0305  144.0
FAILURE!!!! Some beads might have been misidentified
               x1        y1  area1          x2       y2  area2
range  328.490486  1.242868  162.0  328.481214  30.0305  144.0
FAILURE!!!! Some beads might have been misidentified
Residual vector length: 50, Jacobian shape: (50, 6)
view   0 | SOD= 560.910 mm | SDD= 761.018 mm | M= 1.357 | incident=2.9645°
[[ 107.81272    -549.88245     -25.021635  ]
 [ -32.89589     197.19527       9.978365  ]
 [   0.14631829    0.03116281    0.        ]
 [   0.            0.            0.1496    ]]
               x1        y1  area1          x2         y2  area2
range  328.635318  1.286991  171.0  328.653783  30.135357  146.0
FAILURE!!!! Some beads might have been misidentified

iter 19 cost=17.399543 -> 13.815752 |dtheta|=3.338287e-01  lambda=1.000e-06

============================================================
Iteration 20
============================================================
Theta offsets (Unity frame):
  Source   : dSx=   0.000, dSy=   0.000, dSz=   0.000  (mm)
  Object   : dOx= -14.969, dOy= -12.022, dOz= -21.895  (mm)
  Object offset: offset_x=  -0.934, offset_z=   0.173  (mm)
  Detector : dDx=   0.000, dDy=   0.000, dDz=   0.000  (mm)
  Obj Stage rotY :   12.023 deg
============================================================

Unity geometry (world coordinates):
  Source   : x= -10.000, y=  55.000, z=   0.000
  Object   : x=   0.031, y=  29.978, z= 560.105
  Detector : x=   8.000, y=  20.000, z= 760.000
  Obj rotY :   0.0000 deg
view   0 | SOD= 560.910 mm | SDD= 761.018 mm | M= 1.357 | incident=2.9645°
[[ 107.81272    -549.88245     -25.021635  ]
 [ -32.89589     197.19527       9.978365  ]
 [   0.14631829    0.03116281    0.        ]
 [   0.            0.            0.1496    ]]
               x1        y1  area1          x2         y2  area2
range  328.635318  1.286991  171.0  328.653783  30.135357  146.0
FAILURE!!!! Some beads might have been misidentified
              x1        y1  area1          x2         y2  area2
range  328.64668  1.303181  166.0  328.612998  30.133994  145.0
FAILURE!!!! Some beads might have been misidentified
               x1        y1  area1          x2         y2  area2
range  328.608004  1.318408  170.0  328.710067  30.088717  150.0
FAILURE!!!! Some beads might have been misidentified
               x1       y1  area1          x2         y2  area2
range  328.655491  1.28365  162.0  328.649445  30.095473  148.0
FAILURE!!!! Some beads might have been misidentified
              x1        y1  area1          x2         y2  area2
range  328.66668  1.185927  159.0  328.647233  30.100345  145.0
FAILURE!!!! Some beads might have been misidentified
               x1        y1  area1          x2         y2  area2
range  328.635318  1.286991  171.0  328.653783  30.135357  147.0
FAILURE!!!! Some beads might have been misidentified
               x1        y1  area1          x2         y2  area2
range  328.635318  1.286991  170.0  328.653783  30.135357  145.0
FAILURE!!!! Some beads might have been misidentified
               x1        y1  area1          x2        y2  area2
range  328.635318  1.280318  171.0  328.636323  30.12324  146.0
FAILURE!!!! Some beads might have been misidentified
               x1        y1  area1          x2         y2  area2
range  328.635318  1.274097  170.0  328.653783  30.128828  146.0
FAILURE!!!! Some beads might have been misidentified
               x1        y1  area1          x2        y2  area2
range  328.699418  1.318408  164.0  328.686701  30.11447  149.0
FAILURE!!!! Some beads might have been misidentified
               x1        y1  area1          x2         y2  area2
range  328.570772  1.303181  173.0  328.587356  30.108241  146.0
FAILURE!!!! Some beads might have been misidentified
               x1        y1  area1          x2         y2  area2
range  328.797072  1.286991  169.0  328.834936  30.135357  147.0
FAILURE!!!! Some beads might have been misidentified
               x1        y1  area1          x2         y2  area2
range  328.457613  1.286991  171.0  328.473678  30.135357  145.0
FAILURE!!!! Some beads might have been misidentified
Residual vector length: 50, Jacobian shape: (50, 6)
view   0 | SOD= 561.321 mm | SDD= 761.018 mm | M= 1.356 | incident=2.9645°
[[ 108.302124   -550.206       -25.012512  ]
 [ -32.96372     196.76657       9.987488  ]
 [   0.146295      0.03127195    0.        ]
 [   0.            0.            0.1496    ]]

iter 20 cost=13.815752 -> 15.463955 |dtheta|=4.184780e-01  lambda=1.000e-06

============================================================
Iteration 21
============================================================
Theta offsets (Unity frame):
  Source   : dSx=   0.000, dSy=   0.000, dSz=   0.000  (mm)
  Object   : dOx= -14.969, dOy= -12.022, dOz= -21.895  (mm)
  Object offset: offset_x=  -0.934, offset_z=   0.173  (mm)
  Detector : dDx=   0.000, dDy=   0.000, dDz=   0.000  (mm)
  Obj Stage rotY :   12.023 deg
============================================================

Unity geometry (world coordinates):
  Source   : x= -10.000, y=  55.000, z=   0.000
  Object   : x=   0.031, y=  29.978, z= 560.105
  Detector : x=   8.000, y=  20.000, z= 760.000
  Obj rotY :   0.0000 deg
view   0 | SOD= 560.910 mm | SDD= 761.018 mm | M= 1.357 | incident=2.9645°
[[ 107.81272    -549.88245     -25.021635  ]
 [ -32.89589     197.19527       9.978365  ]
 [   0.14631829    0.03116281    0.        ]
 [   0.            0.            0.1496    ]]
               x1        y1  area1          x2         y2  area2
range  328.635318  1.286991  171.0  328.653783  30.135357  146.0
FAILURE!!!! Some beads might have been misidentified
              x1        y1  area1          x2         y2  area2
range  328.64668  1.303181  166.0  328.612998  30.133994  145.0
FAILURE!!!! Some beads might have been misidentified
               x1        y1  area1          x2         y2  area2
range  328.608004  1.318408  170.0  328.710067  30.088717  150.0
FAILURE!!!! Some beads might have been misidentified
               x1       y1  area1          x2         y2  area2
range  328.655491  1.28365  162.0  328.649445  30.095473  148.0
FAILURE!!!! Some beads might have been misidentified
              x1        y1  area1          x2         y2  area2
range  328.66668  1.185927  159.0  328.647233  30.100345  145.0
FAILURE!!!! Some beads might have been misidentified
               x1        y1  area1          x2         y2  area2
range  328.635318  1.286991  171.0  328.653783  30.135357  147.0
FAILURE!!!! Some beads might have been misidentified
               x1        y1  area1          x2         y2  area2
range  328.635318  1.286991  170.0  328.653783  30.135357  145.0
FAILURE!!!! Some beads might have been misidentified
               x1        y1  area1          x2        y2  area2
range  328.635318  1.280318  171.0  328.636323  30.12324  146.0
FAILURE!!!! Some beads might have been misidentified
               x1        y1  area1          x2         y2  area2
range  328.635318  1.274097  170.0  328.653783  30.128828  146.0
FAILURE!!!! Some beads might have been misidentified
               x1        y1  area1          x2        y2  area2
range  328.699418  1.318408  164.0  328.686701  30.11447  149.0
FAILURE!!!! Some beads might have been misidentified
               x1        y1  area1          x2         y2  area2
range  328.570772  1.303181  173.0  328.587356  30.108241  146.0
FAILURE!!!! Some beads might have been misidentified
               x1        y1  area1          x2         y2  area2
range  328.797072  1.286991  169.0  328.834936  30.135357  147.0
FAILURE!!!! Some beads might have been misidentified
               x1        y1  area1          x2         y2  area2
range  328.457613  1.286991  171.0  328.473678  30.135357  145.0
FAILURE!!!! Some beads might have been misidentified
Residual vector length: 50, Jacobian shape: (50, 6)
view   0 | SOD= 561.321 mm | SDD= 761.018 mm | M= 1.356 | incident=2.9645°
[[ 108.302124   -550.206       -25.012512  ]
 [ -32.96372     196.76657       9.987488  ]
 [   0.146295      0.03127195    0.        ]
 [   0.            0.            0.1496    ]]

iter 21 cost=13.815752 -> 15.463955 |dtheta|=4.184779e-01  lambda=5.000e-06

============================================================
Iteration 22
============================================================
Theta offsets (Unity frame):
  Source   : dSx=   0.000, dSy=   0.000, dSz=   0.000  (mm)
  Object   : dOx= -14.969, dOy= -12.022, dOz= -21.895  (mm)
  Object offset: offset_x=  -0.934, offset_z=   0.173  (mm)
  Detector : dDx=   0.000, dDy=   0.000, dDz=   0.000  (mm)
  Obj Stage rotY :   12.023 deg
============================================================

Unity geometry (world coordinates):
  Source   : x= -10.000, y=  55.000, z=   0.000
  Object   : x=   0.031, y=  29.978, z= 560.105
  Detector : x=   8.000, y=  20.000, z= 760.000
  Obj rotY :   0.0000 deg
view   0 | SOD= 560.910 mm | SDD= 761.018 mm | M= 1.357 | incident=2.9645°
[[ 107.81272    -549.88245     -25.021635  ]
 [ -32.89589     197.19527       9.978365  ]
 [   0.14631829    0.03116281    0.        ]
 [   0.            0.            0.1496    ]]
               x1        y1  area1          x2         y2  area2
range  328.635318  1.286991  171.0  328.653783  30.135357  146.0
FAILURE!!!! Some beads might have been misidentified
              x1        y1  area1          x2         y2  area2
range  328.64668  1.303181  166.0  328.612998  30.133994  145.0
FAILURE!!!! Some beads might have been misidentified
               x1        y1  area1          x2         y2  area2
range  328.608004  1.318408  170.0  328.710067  30.088717  150.0
FAILURE!!!! Some beads might have been misidentified
               x1       y1  area1          x2         y2  area2
range  328.655491  1.28365  162.0  328.649445  30.095473  148.0
FAILURE!!!! Some beads might have been misidentified
              x1        y1  area1          x2         y2  area2
range  328.66668  1.185927  159.0  328.647233  30.100345  145.0
FAILURE!!!! Some beads might have been misidentified
               x1        y1  area1          x2         y2  area2
range  328.635318  1.286991  171.0  328.653783  30.135357  147.0
FAILURE!!!! Some beads might have been misidentified
               x1        y1  area1          x2         y2  area2
range  328.635318  1.286991  170.0  328.653783  30.135357  145.0
FAILURE!!!! Some beads might have been misidentified
               x1        y1  area1          x2        y2  area2
range  328.635318  1.280318  171.0  328.636323  30.12324  146.0
FAILURE!!!! Some beads might have been misidentified
               x1        y1  area1          x2         y2  area2
range  328.635318  1.274097  170.0  328.653783  30.128828  146.0
FAILURE!!!! Some beads might have been misidentified
               x1        y1  area1          x2        y2  area2
range  328.699418  1.318408  164.0  328.686701  30.11447  149.0
FAILURE!!!! Some beads might have been misidentified
               x1        y1  area1          x2         y2  area2
range  328.570772  1.303181  173.0  328.587356  30.108241  146.0
FAILURE!!!! Some beads might have been misidentified
               x1        y1  area1          x2         y2  area2
range  328.797072  1.286991  169.0  328.834936  30.135357  147.0
FAILURE!!!! Some beads might have been misidentified
               x1        y1  area1          x2         y2  area2
range  328.457613  1.286991  171.0  328.473678  30.135357  145.0
FAILURE!!!! Some beads might have been misidentified
Residual vector length: 50, Jacobian shape: (50, 6)
view   0 | SOD= 561.321 mm | SDD= 761.018 mm | M= 1.356 | incident=2.9645°
[[ 108.302124   -550.206       -25.012512  ]
 [ -32.96372     196.76657       9.987488  ]
 [   0.146295      0.03127195    0.        ]
 [   0.            0.            0.1496    ]]

iter 22 cost=13.815752 -> 15.463955 |dtheta|=4.184775e-01  lambda=2.500e-05

============================================================
Iteration 23
============================================================
Theta offsets (Unity frame):
  Source   : dSx=   0.000, dSy=   0.000, dSz=   0.000  (mm)
  Object   : dOx= -14.969, dOy= -12.022, dOz= -21.895  (mm)
  Object offset: offset_x=  -0.934, offset_z=   0.173  (mm)
  Detector : dDx=   0.000, dDy=   0.000, dDz=   0.000  (mm)
  Obj Stage rotY :   12.023 deg
============================================================

Unity geometry (world coordinates):
  Source   : x= -10.000, y=  55.000, z=   0.000
  Object   : x=   0.031, y=  29.978, z= 560.105
  Detector : x=   8.000, y=  20.000, z= 760.000
  Obj rotY :   0.0000 deg
view   0 | SOD= 560.910 mm | SDD= 761.018 mm | M= 1.357 | incident=2.9645°
[[ 107.81272    -549.88245     -25.021635  ]
 [ -32.89589     197.19527       9.978365  ]
 [   0.14631829    0.03116281    0.        ]
 [   0.            0.            0.1496    ]]
               x1        y1  area1          x2         y2  area2
range  328.635318  1.286991  171.0  328.653783  30.135357  146.0
FAILURE!!!! Some beads might have been misidentified
              x1        y1  area1          x2         y2  area2
range  328.64668  1.303181  166.0  328.612998  30.133994  145.0
FAILURE!!!! Some beads might have been misidentified
               x1        y1  area1          x2         y2  area2
range  328.608004  1.318408  170.0  328.710067  30.088717  150.0
FAILURE!!!! Some beads might have been misidentified
               x1       y1  area1          x2         y2  area2
range  328.655491  1.28365  162.0  328.649445  30.095473  148.0
FAILURE!!!! Some beads might have been misidentified
              x1        y1  area1          x2         y2  area2
range  328.66668  1.185927  159.0  328.647233  30.100345  145.0
FAILURE!!!! Some beads might have been misidentified
               x1        y1  area1          x2         y2  area2
range  328.635318  1.286991  171.0  328.653783  30.135357  147.0
FAILURE!!!! Some beads might have been misidentified
               x1        y1  area1          x2         y2  area2
range  328.635318  1.286991  170.0  328.653783  30.135357  145.0
FAILURE!!!! Some beads might have been misidentified
               x1        y1  area1          x2        y2  area2
range  328.635318  1.280318  171.0  328.636323  30.12324  146.0
FAILURE!!!! Some beads might have been misidentified
               x1        y1  area1          x2         y2  area2
range  328.635318  1.274097  170.0  328.653783  30.128828  146.0
FAILURE!!!! Some beads might have been misidentified
               x1        y1  area1          x2        y2  area2
range  328.699418  1.318408  164.0  328.686701  30.11447  149.0
FAILURE!!!! Some beads might have been misidentified
               x1        y1  area1          x2         y2  area2
range  328.570772  1.303181  173.0  328.587356  30.108241  146.0
FAILURE!!!! Some beads might have been misidentified
               x1        y1  area1          x2         y2  area2
range  328.797072  1.286991  169.0  328.834936  30.135357  147.0
FAILURE!!!! Some beads might have been misidentified
               x1        y1  area1          x2         y2  area2
range  328.457613  1.286991  171.0  328.473678  30.135357  145.0
FAILURE!!!! Some beads might have been misidentified
Residual vector length: 50, Jacobian shape: (50, 6)
view   0 | SOD= 561.321 mm | SDD= 761.018 mm | M= 1.356 | incident=2.9645°
[[ 108.30212    -550.206       -25.012512  ]
 [ -32.96372     196.76657       9.987488  ]
 [   0.146295      0.03127195    0.        ]
 [   0.            0.            0.1496    ]]

iter 23 cost=13.815752 -> 15.463955 |dtheta|=4.184752e-01  lambda=1.250e-04

============================================================
Iteration 24
============================================================
Theta offsets (Unity frame):
  Source   : dSx=   0.000, dSy=   0.000, dSz=   0.000  (mm)
  Object   : dOx= -14.969, dOy= -12.022, dOz= -21.895  (mm)
  Object offset: offset_x=  -0.934, offset_z=   0.173  (mm)
  Detector : dDx=   0.000, dDy=   0.000, dDz=   0.000  (mm)
  Obj Stage rotY :   12.023 deg
============================================================

Unity geometry (world coordinates):
  Source   : x= -10.000, y=  55.000, z=   0.000
  Object   : x=   0.031, y=  29.978, z= 560.105
  Detector : x=   8.000, y=  20.000, z= 760.000
  Obj rotY :   0.0000 deg
view   0 | SOD= 560.910 mm | SDD= 761.018 mm | M= 1.357 | incident=2.9645°
[[ 107.81272    -549.88245     -25.021635  ]
 [ -32.89589     197.19527       9.978365  ]
 [   0.14631829    0.03116281    0.        ]
 [   0.            0.            0.1496    ]]
               x1        y1  area1          x2         y2  area2
range  328.635318  1.286991  171.0  328.653783  30.135357  146.0
FAILURE!!!! Some beads might have been misidentified
              x1        y1  area1          x2         y2  area2
range  328.64668  1.303181  166.0  328.612998  30.133994  145.0
FAILURE!!!! Some beads might have been misidentified
               x1        y1  area1          x2         y2  area2
range  328.608004  1.318408  170.0  328.710067  30.088717  150.0
FAILURE!!!! Some beads might have been misidentified
               x1       y1  area1          x2         y2  area2
range  328.655491  1.28365  162.0  328.649445  30.095473  148.0
FAILURE!!!! Some beads might have been misidentified
              x1        y1  area1          x2         y2  area2
range  328.66668  1.185927  159.0  328.647233  30.100345  145.0
FAILURE!!!! Some beads might have been misidentified
               x1        y1  area1          x2         y2  area2
range  328.635318  1.286991  171.0  328.653783  30.135357  147.0
FAILURE!!!! Some beads might have been misidentified
               x1        y1  area1          x2         y2  area2
range  328.635318  1.286991  170.0  328.653783  30.135357  145.0
FAILURE!!!! Some beads might have been misidentified
               x1        y1  area1          x2        y2  area2
range  328.635318  1.280318  171.0  328.636323  30.12324  146.0
FAILURE!!!! Some beads might have been misidentified
               x1        y1  area1          x2         y2  area2
range  328.635318  1.274097  170.0  328.653783  30.128828  146.0
FAILURE!!!! Some beads might have been misidentified
               x1        y1  area1          x2        y2  area2
range  328.699418  1.318408  164.0  328.686701  30.11447  149.0
FAILURE!!!! Some beads might have been misidentified
               x1        y1  area1          x2         y2  area2
range  328.570772  1.303181  173.0  328.587356  30.108241  146.0
FAILURE!!!! Some beads might have been misidentified
               x1        y1  area1          x2         y2  area2
range  328.797072  1.286991  169.0  328.834936  30.135357  147.0
FAILURE!!!! Some beads might have been misidentified
               x1        y1  area1          x2         y2  area2
range  328.457613  1.286991  171.0  328.473678  30.135357  145.0
FAILURE!!!! Some beads might have been misidentified
Residual vector length: 50, Jacobian shape: (50, 6)
view   0 | SOD= 561.321 mm | SDD= 761.018 mm | M= 1.356 | incident=2.9645°
[[ 108.30212    -550.206       -25.012512  ]
 [ -32.963715    196.76657       9.987488  ]
 [   0.146295      0.03127195    0.        ]
 [   0.            0.            0.1496    ]]

iter 24 cost=13.815752 -> 15.463955 |dtheta|=4.184636e-01  lambda=6.250e-04

============================================================
Iteration 25
============================================================
Theta offsets (Unity frame):
  Source   : dSx=   0.000, dSy=   0.000, dSz=   0.000  (mm)
  Object   : dOx= -14.969, dOy= -12.022, dOz= -21.895  (mm)
  Object offset: offset_x=  -0.934, offset_z=   0.173  (mm)
  Detector : dDx=   0.000, dDy=   0.000, dDz=   0.000  (mm)
  Obj Stage rotY :   12.023 deg
============================================================

Unity geometry (world coordinates):
  Source   : x= -10.000, y=  55.000, z=   0.000
  Object   : x=   0.031, y=  29.978, z= 560.105
  Detector : x=   8.000, y=  20.000, z= 760.000
  Obj rotY :   0.0000 deg
view   0 | SOD= 560.910 mm | SDD= 761.018 mm | M= 1.357 | incident=2.9645°
[[ 107.81272    -549.88245     -25.021635  ]
 [ -32.89589     197.19527       9.978365  ]
 [   0.14631829    0.03116281    0.        ]
 [   0.            0.            0.1496    ]]
               x1        y1  area1          x2         y2  area2
range  328.635318  1.286991  171.0  328.653783  30.135357  146.0
FAILURE!!!! Some beads might have been misidentified
              x1        y1  area1          x2         y2  area2
range  328.64668  1.303181  166.0  328.612998  30.133994  145.0
FAILURE!!!! Some beads might have been misidentified
               x1        y1  area1          x2         y2  area2
range  328.608004  1.318408  170.0  328.710067  30.088717  150.0
FAILURE!!!! Some beads might have been misidentified
               x1       y1  area1          x2         y2  area2
range  328.655491  1.28365  162.0  328.649445  30.095473  148.0
FAILURE!!!! Some beads might have been misidentified
              x1        y1  area1          x2         y2  area2
range  328.66668  1.185927  159.0  328.647233  30.100345  145.0
FAILURE!!!! Some beads might have been misidentified
               x1        y1  area1          x2         y2  area2
range  328.635318  1.286991  171.0  328.653783  30.135357  147.0
FAILURE!!!! Some beads might have been misidentified
               x1        y1  area1          x2         y2  area2
range  328.635318  1.286991  170.0  328.653783  30.135357  145.0
FAILURE!!!! Some beads might have been misidentified
               x1        y1  area1          x2        y2  area2
range  328.635318  1.280318  171.0  328.636323  30.12324  146.0
FAILURE!!!! Some beads might have been misidentified
               x1        y1  area1          x2         y2  area2
range  328.635318  1.274097  170.0  328.653783  30.128828  146.0
FAILURE!!!! Some beads might have been misidentified
               x1        y1  area1          x2        y2  area2
range  328.699418  1.318408  164.0  328.686701  30.11447  149.0
FAILURE!!!! Some beads might have been misidentified
               x1        y1  area1          x2         y2  area2
range  328.570772  1.303181  173.0  328.587356  30.108241  146.0
FAILURE!!!! Some beads might have been misidentified
               x1        y1  area1          x2         y2  area2
range  328.797072  1.286991  169.0  328.834936  30.135357  147.0
FAILURE!!!! Some beads might have been misidentified
               x1        y1  area1          x2         y2  area2
range  328.457613  1.286991  171.0  328.473678  30.135357  145.0
FAILURE!!!! Some beads might have been misidentified
Residual vector length: 50, Jacobian shape: (50, 6)
view   0 | SOD= 561.321 mm | SDD= 761.018 mm | M= 1.356 | incident=2.9645°
[[ 108.30209    -550.20593     -25.012512  ]
 [ -32.963722    196.76663       9.987488  ]
 [   0.146295      0.03127194    0.        ]
 [   0.            0.            0.1496    ]]

iter 25 cost=13.815752 -> 15.463955 |dtheta|=4.184059e-01  lambda=3.125e-03

============================================================
Iteration 26
============================================================
Theta offsets (Unity frame):
  Source   : dSx=   0.000, dSy=   0.000, dSz=   0.000  (mm)
  Object   : dOx= -14.969, dOy= -12.022, dOz= -21.895  (mm)
  Object offset: offset_x=  -0.934, offset_z=   0.173  (mm)
  Detector : dDx=   0.000, dDy=   0.000, dDz=   0.000  (mm)
  Obj Stage rotY :   12.023 deg
============================================================

Unity geometry (world coordinates):
  Source   : x= -10.000, y=  55.000, z=   0.000
  Object   : x=   0.031, y=  29.978, z= 560.105
  Detector : x=   8.000, y=  20.000, z= 760.000
  Obj rotY :   0.0000 deg
view   0 | SOD= 560.910 mm | SDD= 761.018 mm | M= 1.357 | incident=2.9645°
[[ 107.81272    -549.88245     -25.021635  ]
 [ -32.89589     197.19527       9.978365  ]
 [   0.14631829    0.03116281    0.        ]
 [   0.            0.            0.1496    ]]
               x1        y1  area1          x2         y2  area2
range  328.635318  1.286991  171.0  328.653783  30.135357  146.0
FAILURE!!!! Some beads might have been misidentified
              x1        y1  area1          x2         y2  area2
range  328.64668  1.303181  166.0  328.612998  30.133994  145.0
FAILURE!!!! Some beads might have been misidentified
               x1        y1  area1          x2         y2  area2
range  328.608004  1.318408  170.0  328.710067  30.088717  150.0
FAILURE!!!! Some beads might have been misidentified
               x1       y1  area1          x2         y2  area2
range  328.655491  1.28365  162.0  328.649445  30.095473  148.0
FAILURE!!!! Some beads might have been misidentified
              x1        y1  area1          x2         y2  area2
range  328.66668  1.185927  159.0  328.647233  30.100345  145.0
FAILURE!!!! Some beads might have been misidentified
               x1        y1  area1          x2         y2  area2
range  328.635318  1.286991  171.0  328.653783  30.135357  147.0
FAILURE!!!! Some beads might have been misidentified
               x1        y1  area1          x2         y2  area2
range  328.635318  1.286991  170.0  328.653783  30.135357  145.0
FAILURE!!!! Some beads might have been misidentified
               x1        y1  area1          x2        y2  area2
range  328.635318  1.280318  171.0  328.636323  30.12324  146.0
FAILURE!!!! Some beads might have been misidentified
               x1        y1  area1          x2         y2  area2
range  328.635318  1.274097  170.0  328.653783  30.128828  146.0
FAILURE!!!! Some beads might have been misidentified
               x1        y1  area1          x2        y2  area2
range  328.699418  1.318408  164.0  328.686701  30.11447  149.0
FAILURE!!!! Some beads might have been misidentified
               x1        y1  area1          x2         y2  area2
range  328.570772  1.303181  173.0  328.587356  30.108241  146.0
FAILURE!!!! Some beads might have been misidentified
               x1        y1  area1          x2         y2  area2
range  328.797072  1.286991  169.0  328.834936  30.135357  147.0
FAILURE!!!! Some beads might have been misidentified
               x1        y1  area1          x2         y2  area2
range  328.457613  1.286991  171.0  328.473678  30.135357  145.0
FAILURE!!!! Some beads might have been misidentified
Residual vector length: 50, Jacobian shape: (50, 6)
view   0 | SOD= 561.321 mm | SDD= 761.018 mm | M= 1.356 | incident=2.9645°
[[ 108.30197    -550.2056      -25.012512  ]
 [ -32.963764    196.76692       9.987488  ]
 [   0.146295      0.03127193    0.        ]
 [   0.            0.            0.1496    ]]

iter 26 cost=13.815752 -> 15.463955 |dtheta|=4.181177e-01  lambda=1.562e-02

============================================================
Iteration 27
============================================================
Theta offsets (Unity frame):
  Source   : dSx=   0.000, dSy=   0.000, dSz=   0.000  (mm)
  Object   : dOx= -14.969, dOy= -12.022, dOz= -21.895  (mm)
  Object offset: offset_x=  -0.934, offset_z=   0.173  (mm)
  Detector : dDx=   0.000, dDy=   0.000, dDz=   0.000  (mm)
  Obj Stage rotY :   12.023 deg
============================================================

Unity geometry (world coordinates):
  Source   : x= -10.000, y=  55.000, z=   0.000
  Object   : x=   0.031, y=  29.978, z= 560.105
  Detector : x=   8.000, y=  20.000, z= 760.000
  Obj rotY :   0.0000 deg
view   0 | SOD= 560.910 mm | SDD= 761.018 mm | M= 1.357 | incident=2.9645°
[[ 107.81272    -549.88245     -25.021635  ]
 [ -32.89589     197.19527       9.978365  ]
 [   0.14631829    0.03116281    0.        ]
 [   0.            0.            0.1496    ]]
               x1        y1  area1          x2         y2  area2
range  328.635318  1.286991  171.0  328.653783  30.135357  146.0
FAILURE!!!! Some beads might have been misidentified
              x1        y1  area1          x2         y2  area2
range  328.64668  1.303181  166.0  328.612998  30.133994  145.0
FAILURE!!!! Some beads might have been misidentified
               x1        y1  area1          x2         y2  area2
range  328.608004  1.318408  170.0  328.710067  30.088717  150.0
FAILURE!!!! Some beads might have been misidentified
               x1       y1  area1          x2         y2  area2
range  328.655491  1.28365  162.0  328.649445  30.095473  148.0
FAILURE!!!! Some beads might have been misidentified
              x1        y1  area1          x2         y2  area2
range  328.66668  1.185927  159.0  328.647233  30.100345  145.0
FAILURE!!!! Some beads might have been misidentified
               x1        y1  area1          x2         y2  area2
range  328.635318  1.286991  171.0  328.653783  30.135357  147.0
FAILURE!!!! Some beads might have been misidentified
               x1        y1  area1          x2         y2  area2
range  328.635318  1.286991  170.0  328.653783  30.135357  145.0
FAILURE!!!! Some beads might have been misidentified
               x1        y1  area1          x2        y2  area2
range  328.635318  1.280318  171.0  328.636323  30.12324  146.0
FAILURE!!!! Some beads might have been misidentified
               x1        y1  area1          x2         y2  area2
range  328.635318  1.274097  170.0  328.653783  30.128828  146.0
FAILURE!!!! Some beads might have been misidentified
               x1        y1  area1          x2        y2  area2
range  328.699418  1.318408  164.0  328.686701  30.11447  149.0
FAILURE!!!! Some beads might have been misidentified
               x1        y1  area1          x2         y2  area2
range  328.570772  1.303181  173.0  328.587356  30.108241  146.0
FAILURE!!!! Some beads might have been misidentified
               x1        y1  area1          x2         y2  area2
range  328.797072  1.286991  169.0  328.834936  30.135357  147.0
FAILURE!!!! Some beads might have been misidentified
               x1        y1  area1          x2         y2  area2
range  328.457613  1.286991  171.0  328.473678  30.135357  145.0
FAILURE!!!! Some beads might have been misidentified
Residual vector length: 50, Jacobian shape: (50, 6)
view   0 | SOD= 561.319 mm | SDD= 761.018 mm | M= 1.356 | incident=2.9645°
[[ 108.301384   -550.2043      -25.012506  ]
 [ -32.963936    196.76833       9.9874935 ]
 [   0.14629501    0.03127185    0.        ]
 [   0.            0.            0.1496    ]]

iter 27 cost=13.815752 -> 15.463955 |dtheta|=4.166825e-01  lambda=7.812e-02

============================================================
Iteration 28
============================================================
Theta offsets (Unity frame):
  Source   : dSx=   0.000, dSy=   0.000, dSz=   0.000  (mm)
  Object   : dOx= -14.969, dOy= -12.022, dOz= -21.895  (mm)
  Object offset: offset_x=  -0.934, offset_z=   0.173  (mm)
  Detector : dDx=   0.000, dDy=   0.000, dDz=   0.000  (mm)
  Obj Stage rotY :   12.023 deg
============================================================

Unity geometry (world coordinates):
  Source   : x= -10.000, y=  55.000, z=   0.000
  Object   : x=   0.031, y=  29.978, z= 560.105
  Detector : x=   8.000, y=  20.000, z= 760.000
  Obj rotY :   0.0000 deg
view   0 | SOD= 560.910 mm | SDD= 761.018 mm | M= 1.357 | incident=2.9645°
[[ 107.81272    -549.88245     -25.021635  ]
 [ -32.89589     197.19527       9.978365  ]
 [   0.14631829    0.03116281    0.        ]
 [   0.            0.            0.1496    ]]
               x1        y1  area1          x2         y2  area2
range  328.635318  1.286991  171.0  328.653783  30.135357  146.0
FAILURE!!!! Some beads might have been misidentified
              x1        y1  area1          x2         y2  area2
range  328.64668  1.303181  166.0  328.612998  30.133994  145.0
FAILURE!!!! Some beads might have been misidentified
               x1        y1  area1          x2         y2  area2
range  328.608004  1.318408  170.0  328.710067  30.088717  150.0
FAILURE!!!! Some beads might have been misidentified
               x1       y1  area1          x2         y2  area2
range  328.655491  1.28365  162.0  328.649445  30.095473  148.0
FAILURE!!!! Some beads might have been misidentified
              x1        y1  area1          x2         y2  area2
range  328.66668  1.185927  159.0  328.647233  30.100345  145.0
FAILURE!!!! Some beads might have been misidentified
               x1        y1  area1          x2         y2  area2
range  328.635318  1.286991  171.0  328.653783  30.135357  147.0
FAILURE!!!! Some beads might have been misidentified
               x1        y1  area1          x2         y2  area2
range  328.635318  1.286991  170.0  328.653783  30.135357  145.0
FAILURE!!!! Some beads might have been misidentified
               x1        y1  area1          x2        y2  area2
range  328.635318  1.280318  171.0  328.636323  30.12324  146.0
FAILURE!!!! Some beads might have been misidentified
               x1        y1  area1          x2         y2  area2
range  328.635318  1.274097  170.0  328.653783  30.128828  146.0
FAILURE!!!! Some beads might have been misidentified
               x1        y1  area1          x2        y2  area2
range  328.699418  1.318408  164.0  328.686701  30.11447  149.0
FAILURE!!!! Some beads might have been misidentified
               x1        y1  area1          x2         y2  area2
range  328.570772  1.303181  173.0  328.587356  30.108241  146.0
FAILURE!!!! Some beads might have been misidentified
               x1        y1  area1          x2         y2  area2
range  328.797072  1.286991  169.0  328.834936  30.135357  147.0
FAILURE!!!! Some beads might have been misidentified
               x1        y1  area1          x2         y2  area2
range  328.457613  1.286991  171.0  328.473678  30.135357  145.0
FAILURE!!!! Some beads might have been misidentified
Residual vector length: 50, Jacobian shape: (50, 6)
view   0 | SOD= 561.312 mm | SDD= 761.018 mm | M= 1.356 | incident=2.9645°
[[ 108.29837    -550.1975      -25.012482  ]
 [ -32.964836    196.77553       9.987518  ]
 [   0.1462951     0.03127143    0.        ]
 [   0.            0.            0.1496    ]]

iter 28 cost=13.815752 -> 15.490962 |dtheta|=4.096536e-01  lambda=3.906e-01

============================================================
Iteration 29
============================================================
Theta offsets (Unity frame):
  Source   : dSx=   0.000, dSy=   0.000, dSz=   0.000  (mm)
  Object   : dOx= -14.969, dOy= -12.022, dOz= -21.895  (mm)
  Object offset: offset_x=  -0.934, offset_z=   0.173  (mm)
  Detector : dDx=   0.000, dDy=   0.000, dDz=   0.000  (mm)
  Obj Stage rotY :   12.023 deg
============================================================

Unity geometry (world coordinates):
  Source   : x= -10.000, y=  55.000, z=   0.000
  Object   : x=   0.031, y=  29.978, z= 560.105
  Detector : x=   8.000, y=  20.000, z= 760.000
  Obj rotY :   0.0000 deg
view   0 | SOD= 560.910 mm | SDD= 761.018 mm | M= 1.357 | incident=2.9645°
[[ 107.81272    -549.88245     -25.021635  ]
 [ -32.89589     197.19527       9.978365  ]
 [   0.14631829    0.03116281    0.        ]
 [   0.            0.            0.1496    ]]
               x1        y1  area1          x2         y2  area2
range  328.635318  1.286991  171.0  328.653783  30.135357  146.0
FAILURE!!!! Some beads might have been misidentified
              x1        y1  area1          x2         y2  area2
range  328.64668  1.303181  166.0  328.612998  30.133994  145.0
FAILURE!!!! Some beads might have been misidentified
               x1        y1  area1          x2         y2  area2
range  328.608004  1.318408  170.0  328.710067  30.088717  150.0
FAILURE!!!! Some beads might have been misidentified
               x1       y1  area1          x2         y2  area2
range  328.655491  1.28365  162.0  328.649445  30.095473  148.0
FAILURE!!!! Some beads might have been misidentified
              x1        y1  area1          x2         y2  area2
range  328.66668  1.185927  159.0  328.647233  30.100345  145.0
FAILURE!!!! Some beads might have been misidentified
               x1        y1  area1          x2         y2  area2
range  328.635318  1.286991  171.0  328.653783  30.135357  147.0
FAILURE!!!! Some beads might have been misidentified
               x1        y1  area1          x2         y2  area2
range  328.635318  1.286991  170.0  328.653783  30.135357  145.0
FAILURE!!!! Some beads might have been misidentified
               x1        y1  area1          x2        y2  area2
range  328.635318  1.280318  171.0  328.636323  30.12324  146.0
FAILURE!!!! Some beads might have been misidentified
               x1        y1  area1          x2         y2  area2
range  328.635318  1.274097  170.0  328.653783  30.128828  146.0
FAILURE!!!! Some beads might have been misidentified
               x1        y1  area1          x2        y2  area2
range  328.699418  1.318408  164.0  328.686701  30.11447  149.0
FAILURE!!!! Some beads might have been misidentified
               x1        y1  area1          x2         y2  area2
range  328.570772  1.303181  173.0  328.587356  30.108241  146.0
FAILURE!!!! Some beads might have been misidentified
               x1        y1  area1          x2         y2  area2
range  328.797072  1.286991  169.0  328.834936  30.135357  147.0
FAILURE!!!! Some beads might have been misidentified
               x1        y1  area1          x2         y2  area2
range  328.457613  1.286991  171.0  328.473678  30.135357  145.0
FAILURE!!!! Some beads might have been misidentified
Residual vector length: 50, Jacobian shape: (50, 6)
view   0 | SOD= 561.280 mm | SDD= 761.018 mm | M= 1.356 | incident=2.9645°
[[ 108.283295   -550.1672      -25.012362  ]
 [ -32.968296    196.80804       9.987638  ]
 [   0.14629559    0.03126916    0.        ]
 [   0.            0.            0.1496    ]]

iter 29 cost=13.815752 -> 15.356892 |dtheta|=3.778280e-01  lambda=1.953e+00

============================================================
Iteration 30
============================================================
Theta offsets (Unity frame):
  Source   : dSx=   0.000, dSy=   0.000, dSz=   0.000  (mm)
  Object   : dOx= -14.969, dOy= -12.022, dOz= -21.895  (mm)
  Object offset: offset_x=  -0.934, offset_z=   0.173  (mm)
  Detector : dDx=   0.000, dDy=   0.000, dDz=   0.000  (mm)
  Obj Stage rotY :   12.023 deg
============================================================

Unity geometry (world coordinates):
  Source   : x= -10.000, y=  55.000, z=   0.000
  Object   : x=   0.031, y=  29.978, z= 560.105
  Detector : x=   8.000, y=  20.000, z= 760.000
  Obj rotY :   0.0000 deg
view   0 | SOD= 560.910 mm | SDD= 761.018 mm | M= 1.357 | incident=2.9645°
[[ 107.81272    -549.88245     -25.021635  ]
 [ -32.89589     197.19527       9.978365  ]
 [   0.14631829    0.03116281    0.        ]
 [   0.            0.            0.1496    ]]
               x1        y1  area1          x2         y2  area2
range  328.635318  1.286991  171.0  328.653783  30.135357  146.0
FAILURE!!!! Some beads might have been misidentified
              x1        y1  area1          x2         y2  area2
range  328.64668  1.303181  166.0  328.612998  30.133994  145.0
FAILURE!!!! Some beads might have been misidentified
               x1        y1  area1          x2         y2  area2
range  328.608004  1.318408  170.0  328.710067  30.088717  150.0
FAILURE!!!! Some beads might have been misidentified
               x1       y1  area1          x2         y2  area2
range  328.655491  1.28365  162.0  328.649445  30.095473  148.0
FAILURE!!!! Some beads might have been misidentified
              x1        y1  area1          x2         y2  area2
range  328.66668  1.185927  159.0  328.647233  30.100345  145.0
FAILURE!!!! Some beads might have been misidentified
               x1        y1  area1          x2         y2  area2
range  328.635318  1.286991  171.0  328.653783  30.135357  147.0
FAILURE!!!! Some beads might have been misidentified
               x1        y1  area1          x2         y2  area2
range  328.635318  1.286991  170.0  328.653783  30.135357  145.0
FAILURE!!!! Some beads might have been misidentified
               x1        y1  area1          x2        y2  area2
range  328.635318  1.280318  171.0  328.636323  30.12324  146.0
FAILURE!!!! Some beads might have been misidentified
               x1        y1  area1          x2         y2  area2
range  328.635318  1.274097  170.0  328.653783  30.128828  146.0
FAILURE!!!! Some beads might have been misidentified
               x1        y1  area1          x2        y2  area2
range  328.699418  1.318408  164.0  328.686701  30.11447  149.0
FAILURE!!!! Some beads might have been misidentified
               x1        y1  area1          x2         y2  area2
range  328.570772  1.303181  173.0  328.587356  30.108241  146.0
FAILURE!!!! Some beads might have been misidentified
               x1        y1  area1          x2         y2  area2
range  328.797072  1.286991  169.0  328.834936  30.135357  147.0
FAILURE!!!! Some beads might have been misidentified
               x1        y1  area1          x2         y2  area2
range  328.457613  1.286991  171.0  328.473678  30.135357  145.0
FAILURE!!!! Some beads might have been misidentified
Residual vector length: 50, Jacobian shape: (50, 6)
view   0 | SOD= 561.172 mm | SDD= 761.018 mm | M= 1.356 | incident=2.9645°
[[ 108.21369    -550.0708      -25.011974  ]
 [ -32.97203     196.91685       9.988026  ]
 [   0.14629835    0.03125625    0.        ]
 [   0.            0.            0.1496    ]]

iter 30 cost=13.815752 -> 15.061626 |dtheta|=2.725500e-01  lambda=9.766e+00

============================================================
Iteration 31
============================================================
Theta offsets (Unity frame):
  Source   : dSx=   0.000, dSy=   0.000, dSz=   0.000  (mm)
  Object   : dOx= -14.969, dOy= -12.022, dOz= -21.895  (mm)
  Object offset: offset_x=  -0.934, offset_z=   0.173  (mm)
  Detector : dDx=   0.000, dDy=   0.000, dDz=   0.000  (mm)
  Obj Stage rotY :   12.023 deg
============================================================

Unity geometry (world coordinates):
  Source   : x= -10.000, y=  55.000, z=   0.000
  Object   : x=   0.031, y=  29.978, z= 560.105
  Detector : x=   8.000, y=  20.000, z= 760.000
  Obj rotY :   0.0000 deg
view   0 | SOD= 560.910 mm | SDD= 761.018 mm | M= 1.357 | incident=2.9645°
[[ 107.81272    -549.88245     -25.021635  ]
 [ -32.89589     197.19527       9.978365  ]
 [   0.14631829    0.03116281    0.        ]
 [   0.            0.            0.1496    ]]
               x1        y1  area1          x2         y2  area2
range  328.635318  1.286991  171.0  328.653783  30.135357  146.0
FAILURE!!!! Some beads might have been misidentified
              x1        y1  area1          x2         y2  area2
range  328.64668  1.303181  166.0  328.612998  30.133994  145.0
FAILURE!!!! Some beads might have been misidentified
               x1        y1  area1          x2         y2  area2
range  328.608004  1.318408  170.0  328.710067  30.088717  150.0
FAILURE!!!! Some beads might have been misidentified
               x1       y1  area1          x2         y2  area2
range  328.655491  1.28365  162.0  328.649445  30.095473  148.0
FAILURE!!!! Some beads might have been misidentified
              x1        y1  area1          x2         y2  area2
range  328.66668  1.185927  159.0  328.647233  30.100345  145.0
FAILURE!!!! Some beads might have been misidentified
               x1        y1  area1          x2         y2  area2
range  328.635318  1.286991  171.0  328.653783  30.135357  147.0
FAILURE!!!! Some beads might have been misidentified
               x1        y1  area1          x2         y2  area2
range  328.635318  1.286991  170.0  328.653783  30.135357  145.0
FAILURE!!!! Some beads might have been misidentified
               x1        y1  area1          x2        y2  area2
range  328.635318  1.280318  171.0  328.636323  30.12324  146.0
FAILURE!!!! Some beads might have been misidentified
               x1        y1  area1          x2         y2  area2
range  328.635318  1.274097  170.0  328.653783  30.128828  146.0
FAILURE!!!! Some beads might have been misidentified
               x1        y1  area1          x2        y2  area2
range  328.699418  1.318408  164.0  328.686701  30.11447  149.0
FAILURE!!!! Some beads might have been misidentified
               x1        y1  area1          x2         y2  area2
range  328.570772  1.303181  173.0  328.587356  30.108241  146.0
FAILURE!!!! Some beads might have been misidentified
               x1        y1  area1          x2         y2  area2
range  328.797072  1.286991  169.0  328.834936  30.135357  147.0
FAILURE!!!! Some beads might have been misidentified
               x1        y1  area1          x2         y2  area2
range  328.457613  1.286991  171.0  328.473678  30.135357  145.0
FAILURE!!!! Some beads might have been misidentified
Residual vector length: 50, Jacobian shape: (50, 6)
view   0 | SOD= 561.012 mm | SDD= 761.018 mm | M= 1.357 | incident=2.9645°
[[ 108.03179    -549.9434      -25.011473  ]
 [ -32.946976    197.08331       9.988527  ]
 [   0.146307      0.03121572    0.        ]
 [   0.            0.            0.1496    ]]
               x1        y1  area1          x2         y2  area2
range  328.423191  1.267085  165.0  328.400667  30.036494  148.0
FAILURE!!!! Some beads might have been misidentified

iter 31 cost=13.815752 -> 14.452550 |dtheta|=1.152591e-01  lambda=4.883e+01

============================================================
Iteration 32
============================================================
Theta offsets (Unity frame):
  Source   : dSx=   0.000, dSy=   0.000, dSz=   0.000  (mm)
  Object   : dOx= -14.969, dOy= -12.022, dOz= -21.895  (mm)
  Object offset: offset_x=  -0.934, offset_z=   0.173  (mm)
  Detector : dDx=   0.000, dDy=   0.000, dDz=   0.000  (mm)
  Obj Stage rotY :   12.023 deg
============================================================

Unity geometry (world coordinates):
  Source   : x= -10.000, y=  55.000, z=   0.000
  Object   : x=   0.031, y=  29.978, z= 560.105
  Detector : x=   8.000, y=  20.000, z= 760.000
  Obj rotY :   0.0000 deg
view   0 | SOD= 560.910 mm | SDD= 761.018 mm | M= 1.357 | incident=2.9645°
[[ 107.81272    -549.88245     -25.021635  ]
 [ -32.89589     197.19527       9.978365  ]
 [   0.14631829    0.03116281    0.        ]
 [   0.            0.            0.1496    ]]
               x1        y1  area1          x2         y2  area2
range  328.635318  1.286991  171.0  328.653783  30.135357  146.0
FAILURE!!!! Some beads might have been misidentified
              x1        y1  area1          x2         y2  area2
range  328.64668  1.303181  166.0  328.612998  30.133994  145.0
FAILURE!!!! Some beads might have been misidentified
               x1        y1  area1          x2         y2  area2
range  328.608004  1.318408  170.0  328.710067  30.088717  150.0
FAILURE!!!! Some beads might have been misidentified
               x1       y1  area1          x2         y2  area2
range  328.655491  1.28365  162.0  328.649445  30.095473  148.0
FAILURE!!!! Some beads might have been misidentified
              x1        y1  area1          x2         y2  area2
range  328.66668  1.185927  159.0  328.647233  30.100345  145.0
FAILURE!!!! Some beads might have been misidentified
               x1        y1  area1          x2         y2  area2
range  328.635318  1.286991  171.0  328.653783  30.135357  147.0
FAILURE!!!! Some beads might have been misidentified
               x1        y1  area1          x2         y2  area2
range  328.635318  1.286991  170.0  328.653783  30.135357  145.0
FAILURE!!!! Some beads might have been misidentified
               x1        y1  area1          x2        y2  area2
range  328.635318  1.280318  171.0  328.636323  30.12324  146.0
FAILURE!!!! Some beads might have been misidentified
               x1        y1  area1          x2         y2  area2
range  328.635318  1.274097  170.0  328.653783  30.128828  146.0
FAILURE!!!! Some beads might have been misidentified
               x1        y1  area1          x2        y2  area2
range  328.699418  1.318408  164.0  328.686701  30.11447  149.0
FAILURE!!!! Some beads might have been misidentified
               x1        y1  area1          x2         y2  area2
range  328.570772  1.303181  173.0  328.587356  30.108241  146.0
FAILURE!!!! Some beads might have been misidentified
               x1        y1  area1          x2         y2  area2
range  328.797072  1.286991  169.0  328.834936  30.135357  147.0
FAILURE!!!! Some beads might have been misidentified
               x1        y1  area1          x2         y2  area2
range  328.457613  1.286991  171.0  328.473678  30.135357  145.0
FAILURE!!!! Some beads might have been misidentified
Residual vector length: 50, Jacobian shape: (50, 6)
view   0 | SOD= 560.929 mm | SDD= 761.018 mm | M= 1.357 | incident=2.9645°
[[ 107.8774     -549.8894      -25.011827  ]
 [ -32.911537    197.17319       9.988173  ]
 [   0.14631493    0.03117855    0.        ]
 [   0.            0.            0.1496    ]]
               x1        y1  area1          x2         y2  area2
range  328.472742  1.267215  164.0  328.446527  30.103978  147.0
FAILURE!!!! Some beads might have been misidentified

iter 32 cost=13.815752 -> 13.845948 |dtheta|=3.264944e-02  lambda=2.441e+02

============================================================
Iteration 33
============================================================
Theta offsets (Unity frame):
  Source   : dSx=   0.000, dSy=   0.000, dSz=   0.000  (mm)
  Object   : dOx= -14.969, dOy= -12.022, dOz= -21.895  (mm)
  Object offset: offset_x=  -0.934, offset_z=   0.173  (mm)
  Detector : dDx=   0.000, dDy=   0.000, dDz=   0.000  (mm)
  Obj Stage rotY :   12.023 deg
============================================================

Unity geometry (world coordinates):
  Source   : x= -10.000, y=  55.000, z=   0.000
  Object   : x=   0.031, y=  29.978, z= 560.105
  Detector : x=   8.000, y=  20.000, z= 760.000
  Obj rotY :   0.0000 deg
view   0 | SOD= 560.910 mm | SDD= 761.018 mm | M= 1.357 | incident=2.9645°
[[ 107.81272    -549.88245     -25.021635  ]
 [ -32.89589     197.19527       9.978365  ]
 [   0.14631829    0.03116281    0.        ]
 [   0.            0.            0.1496    ]]
               x1        y1  area1          x2         y2  area2
range  328.635318  1.286991  171.0  328.653783  30.135357  146.0
FAILURE!!!! Some beads might have been misidentified
              x1        y1  area1          x2         y2  area2
range  328.64668  1.303181  166.0  328.612998  30.133994  145.0
FAILURE!!!! Some beads might have been misidentified
               x1        y1  area1          x2         y2  area2
range  328.608004  1.318408  170.0  328.710067  30.088717  150.0
FAILURE!!!! Some beads might have been misidentified
               x1       y1  area1          x2         y2  area2
range  328.655491  1.28365  162.0  328.649445  30.095473  148.0
FAILURE!!!! Some beads might have been misidentified
              x1        y1  area1          x2         y2  area2
range  328.66668  1.185927  159.0  328.647233  30.100345  145.0
FAILURE!!!! Some beads might have been misidentified
               x1        y1  area1          x2         y2  area2
range  328.635318  1.286991  171.0  328.653783  30.135357  147.0
FAILURE!!!! Some beads might have been misidentified
               x1        y1  area1          x2         y2  area2
range  328.635318  1.286991  170.0  328.653783  30.135357  145.0
FAILURE!!!! Some beads might have been misidentified
               x1        y1  area1          x2        y2  area2
range  328.635318  1.280318  171.0  328.636323  30.12324  146.0
FAILURE!!!! Some beads might have been misidentified
               x1        y1  area1          x2         y2  area2
range  328.635318  1.274097  170.0  328.653783  30.128828  146.0
FAILURE!!!! Some beads might have been misidentified
               x1        y1  area1          x2        y2  area2
range  328.699418  1.318408  164.0  328.686701  30.11447  149.0
FAILURE!!!! Some beads might have been misidentified
               x1        y1  area1          x2         y2  area2
range  328.570772  1.303181  173.0  328.587356  30.108241  146.0
FAILURE!!!! Some beads might have been misidentified
               x1        y1  area1          x2         y2  area2
range  328.797072  1.286991  169.0  328.834936  30.135357  147.0
FAILURE!!!! Some beads might have been misidentified
               x1        y1  area1          x2         y2  area2
range  328.457613  1.286991  171.0  328.473678  30.135357  145.0
FAILURE!!!! Some beads might have been misidentified
Residual vector length: 50, Jacobian shape: (50, 6)
view   0 | SOD= 560.911 mm | SDD= 761.018 mm | M= 1.357 | incident=2.9645°
[[ 107.825676   -549.88086     -25.014236  ]
 [ -32.8989      197.19382       9.985764  ]
 [   0.14631762    0.03116594    0.        ]
 [   0.            0.            0.1496    ]]
               x1        y1  area1          x2         y2  area2
range  328.539718  1.174354  166.0  328.478681  30.111599  149.0
FAILURE!!!! Some beads might have been misidentified

iter 33 cost=13.815752 -> 13.607988 |dtheta|=1.111511e-02  lambda=1.221e+03

============================================================
Iteration 34
============================================================
Theta offsets (Unity frame):
  Source   : dSx=   0.000, dSy=   0.000, dSz=   0.000  (mm)
  Object   : dOx= -14.970, dOy= -12.014, dOz= -21.888  (mm)
  Object offset: offset_x=  -0.934, offset_z=   0.167  (mm)
  Detector : dDx=   0.000, dDy=   0.000, dDz=   0.000  (mm)
  Obj Stage rotY :   12.024 deg
============================================================

Unity geometry (world coordinates):
  Source   : x= -10.000, y=  55.000, z=   0.000
  Object   : x=   0.030, y=  29.986, z= 560.112
  Detector : x=   8.000, y=  20.000, z= 760.000
  Obj rotY :   0.0000 deg
view   0 | SOD= 560.911 mm | SDD= 761.018 mm | M= 1.357 | incident=2.9645°
[[ 107.825676   -549.88086     -25.014236  ]
 [ -32.8989      197.19382       9.985764  ]
 [   0.14631762    0.03116594    0.        ]
 [   0.            0.            0.1496    ]]
               x1        y1  area1          x2         y2  area2
range  328.539718  1.174354  166.0  328.478681  30.111599  149.0
FAILURE!!!! Some beads might have been misidentified
               x1        y1  area1          x2         y2  area2
range  328.582852  1.184694  165.0  328.528537  30.091941  146.0
FAILURE!!!! Some beads might have been misidentified
               x1        y1  area1          x2         y2  area2
range  328.528793  1.193447  168.0  328.621228  30.077045  148.0
FAILURE!!!! Some beads might have been misidentified
               x1       y1  area1          x2         y2  area2
range  328.540894  1.23109  161.0  328.542744  30.074201  149.0
FAILURE!!!! Some beads might have been misidentified
               x1        y1  area1          x2         y2  area2
range  328.508762  1.287093  174.0  328.521787  30.142241  147.0
FAILURE!!!! Some beads might have been misidentified
               x1        y1  area1          x2         y2  area2
range  328.532681  1.174354  166.0  328.477424  30.111599  147.0
FAILURE!!!! Some beads might have been misidentified
               x1        y1  area1          x2         y2  area2
range  328.549018  1.174354  166.0  328.478681  30.111599  149.0
FAILURE!!!! Some beads might have been misidentified
               x1        y1  area1          x2         y2  area2
range  328.539718  1.160683  168.0  328.478681  30.103396  148.0
FAILURE!!!! Some beads might have been misidentified
               x1        y1  area1          x2         y2  area2
range  328.539718  1.174354  166.0  328.473177  30.115413  147.0
FAILURE!!!! Some beads might have been misidentified
               x1        y1  area1          x2         y2  area2
range  328.642311  1.180862  167.0  328.585204  30.070585  148.0
FAILURE!!!! Some beads might have been misidentified
               x1        y1  area1          x2         y2  area2
range  328.471723  1.183335  167.0  328.473978  30.098401  148.0
FAILURE!!!! Some beads might have been misidentified
               x1        y1  area1          x2         y2  area2
range  328.738756  1.174354  165.0  328.746582  30.111599  149.0
FAILURE!!!! Some beads might have been misidentified
               x1        y1  area1          x2         y2  area2
range  328.376997  1.191367  167.0  328.356097  30.111599  147.0
FAILURE!!!! Some beads might have been misidentified
Residual vector length: 50, Jacobian shape: (50, 6)
view   0 | SOD= 560.890 mm | SDD= 761.018 mm | M= 1.357 | incident=2.9645°
[[ 108.111496   -549.80365     -25.012665  ]
 [ -33.035492    197.19136       9.987335  ]
 [   0.14629997    0.03124867    0.        ]
 [   0.            0.            0.1496    ]]
               x1        y1  area1          x2        y2  area2
range  328.728994  1.236276  164.0  328.662641  30.09137  148.0
FAILURE!!!! Some beads might have been misidentified

iter 34 cost=13.607988 -> 13.339791 |dtheta|=4.452474e-02  lambda=4.069e+02

============================================================
Iteration 35
============================================================
Theta offsets (Unity frame):
  Source   : dSx=   0.000, dSy=   0.000, dSz=   0.000  (mm)
  Object   : dOx= -14.965, dOy= -12.013, dOz= -21.914  (mm)
  Object offset: offset_x=  -0.918, offset_z=   0.171  (mm)
  Detector : dDx=   0.000, dDy=   0.000, dDz=   0.000  (mm)
  Obj Stage rotY :   12.057 deg
============================================================

Unity geometry (world coordinates):
  Source   : x= -10.000, y=  55.000, z=   0.000
  Object   : x=   0.035, y=  29.987, z= 560.086
  Detector : x=   8.000, y=  20.000, z= 760.000
  Obj rotY :   0.0000 deg
view   0 | SOD= 560.890 mm | SDD= 761.018 mm | M= 1.357 | incident=2.9645°
[[ 108.111496   -549.80365     -25.012665  ]
 [ -33.035492    197.19136       9.987335  ]
 [   0.14629997    0.03124867    0.        ]
 [   0.            0.            0.1496    ]]
               x1        y1  area1          x2        y2  area2
range  328.728994  1.236276  164.0  328.662641  30.09137  148.0
FAILURE!!!! Some beads might have been misidentified
               x1        y1  area1          x2         y2  area2
range  328.723238  1.221358  164.0  328.673531  30.122168  144.0
FAILURE!!!! Some beads might have been misidentified
               x1        y1  area1         x2         y2  area2
range  328.702464  1.205937  166.0  328.81579  30.090529  151.0
FAILURE!!!! Some beads might have been misidentified
               x1        y1  area1          x2         y2  area2
range  328.749738  1.194888  158.0  328.699033  30.043132  148.0
FAILURE!!!! Some beads might have been misidentified
               x1        y1  area1          x2         y2  area2
range  328.680071  1.303571  167.0  328.636273  30.138301  145.0
FAILURE!!!! Some beads might have been misidentified
               x1        y1  area1          x2         y2  area2
range  328.712092  1.236276  164.0  328.682758  30.077868  146.0
FAILURE!!!! Some beads might have been misidentified
               x1        y1  area1         x2         y2  area2
range  328.728994  1.236276  164.0  328.67952  30.127696  149.0
FAILURE!!!! Some beads might have been misidentified
               x1        y1  area1          x2         y2  area2
range  328.711426  1.233571  165.0  328.647103  30.113681  147.0
FAILURE!!!! Some beads might have been misidentified
               x1        y1  area1         x2         y2  area2
range  328.728994  1.222436  161.0  328.68982  30.119207  147.0
FAILURE!!!! Some beads might have been misidentified
               x1        y1  area1          x2         y2  area2
range  328.774239  1.215589  165.0  328.748824  30.100812  147.0
FAILURE!!!! Some beads might have been misidentified
             x1        y1  area1          x2         y2  area2
range  328.6641  1.211706  168.0  328.598221  30.111885  147.0
FAILURE!!!! Some beads might have been misidentified
               x1        y1  area1          x2         y2  area2
range  328.900434  1.236276  163.0  328.964308  30.077868  146.0
FAILURE!!!! Some beads might have been misidentified
               x1        y1  area1          x2         y2  area2
range  328.556409  1.236276  165.0  328.508926  30.127696  148.0
FAILURE!!!! Some beads might have been misidentified
Residual vector length: 50, Jacobian shape: (50, 6)
view   0 | SOD= 560.902 mm | SDD= 761.018 mm | M= 1.357 | incident=2.9645°
[[ 108.77329    -549.6857      -25.009747  ]
 [ -33.309296    197.13188       9.990253  ]
 [   0.14626071    0.03143191    0.        ]
 [   0.            0.            0.1496    ]]
               x1        y1  area1          x2         y2  area2
range  328.649952  1.258133  160.0  328.530634  30.091347  146.0
FAILURE!!!! Some beads might have been misidentified

iter 35 cost=13.339791 -> 12.658643 |dtheta|=8.256817e-02  lambda=1.356e+02

============================================================
Iteration 36
============================================================
Theta offsets (Unity frame):
  Source   : dSx=   0.000, dSy=   0.000, dSz=   0.000  (mm)
  Object   : dOx= -14.965, dOy= -12.010, dOz= -21.889  (mm)
  Object offset: offset_x=  -0.888, offset_z=   0.159  (mm)
  Detector : dDx=   0.000, dDy=   0.000, dDz=   0.000  (mm)
  Obj Stage rotY :   12.129 deg
============================================================

Unity geometry (world coordinates):
  Source   : x= -10.000, y=  55.000, z=   0.000
  Object   : x=   0.035, y=  29.990, z= 560.111
  Detector : x=   8.000, y=  20.000, z= 760.000
  Obj rotY :   0.0000 deg
view   0 | SOD= 560.902 mm | SDD= 761.018 mm | M= 1.357 | incident=2.9645°
[[ 108.77329    -549.6857      -25.009747  ]
 [ -33.309296    197.13188       9.990253  ]
 [   0.14626071    0.03143191    0.        ]
 [   0.            0.            0.1496    ]]
               x1        y1  area1          x2         y2  area2
range  328.649952  1.258133  160.0  328.530634  30.091347  146.0
FAILURE!!!! Some beads might have been misidentified
               x1       y1  area1          x2         y2  area2
range  328.645259  1.27215  163.0  328.587904  30.072435  145.0
FAILURE!!!! Some beads might have been misidentified
               x1        y1  area1         x2         y2  area2
range  328.626962  1.252023  161.0  328.61814  30.044978  149.0
FAILURE!!!! Some beads might have been misidentified
               x1        y1  area1          x2         y2  area2
range  328.597561  1.253047  154.0  328.585987  30.052768  147.0
FAILURE!!!! Some beads might have been misidentified
               x1        y1  area1          x2         y2  area2
range  328.615607  1.287341  167.0  328.528712  30.134886  147.0
FAILURE!!!! Some beads might have been misidentified
               x1        y1  area1          x2         y2  area2
range  328.609452  1.258133  160.0  328.530634  30.076025  144.0
FAILURE!!!! Some beads might have been misidentified
               x1        y1  area1          x2         y2  area2
range  328.649952  1.258133  160.0  328.530634  30.117508  147.0
FAILURE!!!! Some beads might have been misidentified
               x1        y1  area1          x2         y2  area2
range  328.623558  1.277067  162.0  328.530634  30.092836  146.0
FAILURE!!!! Some beads might have been misidentified
               x1        y1  area1          x2         y2  area2
range  328.649952  1.271027  159.0  328.530634  30.045985  146.0
FAILURE!!!! Some beads might have been misidentified
             x1        y1  area1          x2        y2  area2
range  328.6836  1.249074  161.0  328.599529  30.02713  144.0
FAILURE!!!! Some beads might have been misidentified
               x1        y1  area1          x2         y2  area2
range  328.558778  1.275099  161.0  328.508382  30.090283  150.0
FAILURE!!!! Some beads might have been misidentified
               x1        y1  area1          x2         y2  area2
range  328.772136  1.258133  159.0  328.772314  30.076025  148.0
FAILURE!!!! Some beads might have been misidentified
               x1        y1  area1          x2         y2  area2
range  328.485893  1.258133  161.0  328.455366  30.117508  148.0
FAILURE!!!! Some beads might have been misidentified
Residual vector length: 50, Jacobian shape: (50, 6)
view   0 | SOD= 560.936 mm | SDD= 761.018 mm | M= 1.357 | incident=2.9645°
[[ 109.99062    -549.47766     -25.016932  ]
 [ -33.77487     197.0178        9.983068  ]
 [   0.1461895     0.03176149    0.        ]
 [   0.            0.            0.1496    ]]
               x1        y1  area1          x2         y2  area2
range  328.897624  1.262308  166.0  328.969094  30.104076  146.0
FAILURE!!!! Some beads might have been misidentified

iter 36 cost=12.658643 -> 12.051493 |dtheta|=1.361827e-01  lambda=4.521e+01

============================================================
Iteration 37
============================================================
Theta offsets (Unity frame):
  Source   : dSx=   0.000, dSy=   0.000, dSz=   0.000  (mm)
  Object   : dOx= -14.970, dOy= -12.017, dOz= -21.868  (mm)
  Object offset: offset_x=  -0.853, offset_z=   0.171  (mm)
  Detector : dDx=   0.000, dDy=   0.000, dDz=   0.000  (mm)
  Obj Stage rotY :   12.258 deg
============================================================

Unity geometry (world coordinates):
  Source   : x= -10.000, y=  55.000, z=   0.000
  Object   : x=   0.030, y=  29.983, z= 560.132
  Detector : x=   8.000, y=  20.000, z= 760.000
  Obj rotY :   0.0000 deg
view   0 | SOD= 560.936 mm | SDD= 761.018 mm | M= 1.357 | incident=2.9645°
[[ 109.99062    -549.47766     -25.016932  ]
 [ -33.77487     197.0178        9.983068  ]
 [   0.1461895     0.03176149    0.        ]
 [   0.            0.            0.1496    ]]
               x1        y1  area1          x2         y2  area2
range  328.897624  1.262308  166.0  328.969094  30.104076  146.0
FAILURE!!!! Some beads might have been misidentified
               x1        y1  area1          x2         y2  area2
range  328.907157  1.229006  165.0  328.965393  30.112478  149.0
FAILURE!!!! Some beads might have been misidentified
               x1        y1  area1          x2         y2  area2
range  328.925287  1.230909  170.0  328.942454  30.065118  148.0
FAILURE!!!! Some beads might have been misidentified
               x1        y1  area1         x2         y2  area2
range  328.939852  1.225131  160.0  328.93104  30.068549  146.0
FAILURE!!!! Some beads might have been misidentified
               x1       y1  area1          x2        y2  area2
range  328.930854  1.28673  168.0  329.013087  30.11814  151.0
FAILURE!!!! Some beads might have been misidentified
               x1        y1  area1          x2         y2  area2
range  328.897624  1.262308  166.0  328.971992  30.104076  148.0
FAILURE!!!! Some beads might have been misidentified
               x1        y1  area1          x2         y2  area2
range  328.932395  1.262308  166.0  328.976449  30.104076  146.0
FAILURE!!!! Some beads might have been misidentified
               x1        y1  area1         x2         y2  area2
range  328.897624  1.229845  168.0  328.95963  30.101994  152.0
FAILURE!!!! Some beads might have been misidentified
               x1        y1  area1          x2         y2  area2
range  328.923095  1.219637  167.0  328.971992  30.112876  149.0
FAILURE!!!! Some beads might have been misidentified
               x1        y1  area1          x2         y2  area2
range  328.988481  1.247272  168.0  329.019256  30.070395  148.0
FAILURE!!!! Some beads might have been misidentified
               x1        y1  area1          x2         y2  area2
range  328.827771  1.212499  167.0  328.900804  30.107201  152.0
FAILURE!!!! Some beads might have been misidentified
               x1        y1  area1          x2         y2  area2
range  329.088581  1.262308  168.0  329.181247  30.104076  148.0
FAILURE!!!! Some beads might have been misidentified
               x1        y1  area1          x2         y2  area2
range  328.723744  1.262308  166.0  328.715853  30.104076  149.0
FAILURE!!!! Some beads might have been misidentified
Residual vector length: 50, Jacobian shape: (50, 6)
view   0 | SOD= 560.814 mm | SDD= 761.018 mm | M= 1.357 | incident=2.9645°
[[ 111.52014    -549.04517     -25.009579  ]
 [ -34.41515     197.02913       9.990421  ]
 [   0.14609653    0.03218639    0.        ]
 [   0.            0.            0.1496    ]]
               x1        y1  area1         x2         y2  area2
range  328.772593  1.222115  162.0  328.75281  30.158559  150.0
FAILURE!!!! Some beads might have been misidentified

iter 37 cost=12.051493 -> 10.739325 |dtheta|=2.003912e-01  lambda=1.507e+01

============================================================
Iteration 38
============================================================
Theta offsets (Unity frame):
  Source   : dSx=   0.000, dSy=   0.000, dSz=   0.000  (mm)
  Object   : dOx= -14.964, dOy= -12.010, dOz= -21.971  (mm)
  Object offset: offset_x=  -0.817, offset_z=   0.152  (mm)
  Detector : dDx=   0.000, dDy=   0.000, dDz=   0.000  (mm)
  Obj Stage rotY :   12.424 deg
============================================================

Unity geometry (world coordinates):
  Source   : x= -10.000, y=  55.000, z=   0.000
  Object   : x=   0.036, y=  29.990, z= 560.029
  Detector : x=   8.000, y=  20.000, z= 760.000
  Obj rotY :   0.0000 deg
view   0 | SOD= 560.814 mm | SDD= 761.018 mm | M= 1.357 | incident=2.9645°
[[ 111.52014    -549.04517     -25.009579  ]
 [ -34.41515     197.02913       9.990421  ]
 [   0.14609653    0.03218639    0.        ]
 [   0.            0.            0.1496    ]]
               x1        y1  area1         x2         y2  area2
range  328.772593  1.222115  162.0  328.75281  30.158559  150.0
FAILURE!!!! Some beads might have been misidentified
               x1        y1  area1          x2         y2  area2
range  328.744544  1.234874  160.0  328.820164  30.150386  149.0
FAILURE!!!! Some beads might have been misidentified
               x1        y1  area1          x2         y2  area2
range  328.755035  1.210336  165.0  328.722118  30.140616  150.0
FAILURE!!!! Some beads might have been misidentified
               x1        y1  area1          x2         y2  area2
range  328.772478  1.232402  157.0  328.727509  30.111814  145.0
FAILURE!!!! Some beads might have been misidentified
               x1        y1  area1          x2         y2  area2
range  328.737305  1.290288  168.0  328.753111  30.203697  150.0
FAILURE!!!! Some beads might have been misidentified
               x1        y1  area1          x2         y2  area2
range  328.772593  1.222115  162.0  328.728679  30.145127  149.0
FAILURE!!!! Some beads might have been misidentified
               x1        y1  area1          x2         y2  area2
range  328.772593  1.215298  161.0  328.756043  30.156681  152.0
FAILURE!!!! Some beads might have been misidentified
               x1        y1  area1         x2         y2  area2
range  328.772593  1.242561  162.0  328.75281  30.140729  151.0
FAILURE!!!! Some beads might have been misidentified
               x1        y1  area1          x2        y2  area2
range  328.772593  1.228267  161.0  328.756043  30.14614  153.0
FAILURE!!!! Some beads might have been misidentified
               x1        y1  area1          x2         y2  area2
range  328.820731  1.257003  162.0  328.806595  30.152929  149.0
FAILURE!!!! Some beads might have been misidentified
               x1        y1  area1          x2         y2  area2
range  328.688637  1.188207  163.0  328.669275  30.138073  151.0
FAILURE!!!! Some beads might have been misidentified
               x1        y1  area1          x2         y2  area2
range  328.885613  1.222115  164.0  328.931547  30.134693  150.0
FAILURE!!!! Some beads might have been misidentified
               x1        y1  area1          x2         y2  area2
range  328.623189  1.222115  162.0  328.580952  30.167114  150.0
FAILURE!!!! Some beads might have been misidentified
Residual vector length: 50, Jacobian shape: (50, 6)
view   0 | SOD= 560.790 mm | SDD= 761.018 mm | M= 1.357 | incident=2.9645°
[[ 113.806755   -548.551       -25.00263   ]
 [ -35.356018    196.88472       9.99737   ]
 [   0.14595586    0.03281836    0.        ]
 [   0.            0.            0.1496    ]]
               x1        y1  area1          x2         y2  area2
range  328.959691  1.219082  158.0  329.083678  30.128595  151.0
FAILURE!!!! Some beads might have been misidentified

iter 38 cost=10.739325 -> 8.446174 |dtheta|=2.694498e-01  lambda=5.023e+00

============================================================
Iteration 39
============================================================
Theta offsets (Unity frame):
  Source   : dSx=   0.000, dSy=   0.000, dSz=   0.000  (mm)
  Object   : dOx= -14.981, dOy= -12.003, dOz= -21.986  (mm)
  Object offset: offset_x=  -0.715, offset_z=   0.141  (mm)
  Detector : dDx=   0.000, dDy=   0.000, dDz=   0.000  (mm)
  Obj Stage rotY :   12.672 deg
============================================================

Unity geometry (world coordinates):
  Source   : x= -10.000, y=  55.000, z=   0.000
  Object   : x=   0.019, y=  29.997, z= 560.014
  Detector : x=   8.000, y=  20.000, z= 760.000
  Obj rotY :   0.0000 deg
view   0 | SOD= 560.790 mm | SDD= 761.018 mm | M= 1.357 | incident=2.9645°
[[ 113.806755   -548.551       -25.00263   ]
 [ -35.356018    196.88472       9.99737   ]
 [   0.14595586    0.03281836    0.        ]
 [   0.            0.            0.1496    ]]
               x1        y1  area1          x2         y2  area2
range  328.959691  1.219082  158.0  329.083678  30.128595  151.0
FAILURE!!!! Some beads might have been misidentified
               x1        y1  area1          x2         y2  area2
range  328.944464  1.220006  159.0  329.040594  30.151338  153.0
FAILURE!!!! Some beads might have been misidentified
               x1        y1  area1          x2         y2  area2
range  329.015528  1.228748  158.0  329.014687  30.064097  150.0
FAILURE!!!! Some beads might have been misidentified
               x1        y1  area1          x2         y2  area2
range  328.997652  1.154704  154.0  328.995286  30.124281  155.0
FAILURE!!!! Some beads might have been misidentified
               x1        y1  area1          x2         y2  area2
range  328.992281  1.227222  168.0  329.078416  30.172242  146.0
FAILURE!!!! Some beads might have been misidentified
               x1        y1  area1          x2         y2  area2
range  328.959691  1.219082  158.0  329.039677  30.136103  153.0
FAILURE!!!! Some beads might have been misidentified
               x1        y1  area1          x2         y2  area2
range  328.959691  1.219082  158.0  329.104581  30.109783  151.0
FAILURE!!!! Some beads might have been misidentified
               x1        y1  area1          x2         y2  area2
range  328.959691  1.208457  161.0  329.044695  30.118081  154.0
FAILURE!!!! Some beads might have been misidentified
               x1        y1  area1          x2         y2  area2
range  328.959691  1.228967  160.0  329.097821  30.107583  150.0
FAILURE!!!! Some beads might have been misidentified
               x1        y1  area1         x2         y2  area2
range  329.031749  1.220377  159.0  329.12429  30.088319  155.0
FAILURE!!!! Some beads might have been misidentified
               x1        y1  area1          x2         y2  area2
range  328.891488  1.228748  159.0  328.978935  30.127116  151.0
FAILURE!!!! Some beads might have been misidentified
            x1        y1  area1          x2         y2  area2
range  329.146  1.196364  158.0  329.232205  30.109783  153.0
FAILURE!!!! Some beads might have been misidentified
               x1        y1  area1          x2         y2  area2
range  328.771811  1.210526  159.0  328.805891  30.136103  153.0
FAILURE!!!! Some beads might have been misidentified
Residual vector length: 50, Jacobian shape: (50, 6)
view   0 | SOD= 560.979 mm | SDD= 761.018 mm | M= 1.357 | incident=2.9645°
[[ 116.42328    -548.1948      -25.011536  ]
 [ -36.37553     196.5041        9.988464  ]
 [   0.14579397    0.03353025    0.        ]
 [   0.            0.            0.1496    ]]
               x1        y1  area1         x2         y2  area2
range  329.238355  1.266451  159.0  329.28883  30.027354  144.0
FAILURE!!!! Some beads might have been misidentified

iter 39 cost=8.446174 -> 6.803188 |dtheta|=3.546128e-01  lambda=1.674e+00

============================================================
Iteration 40
============================================================
Theta offsets (Unity frame):
  Source   : dSx=   0.000, dSy=   0.000, dSz=   0.000  (mm)
  Object   : dOx= -14.983, dOy= -12.012, dOz= -21.795  (mm)
  Object offset: offset_x=  -0.610, offset_z=   0.137  (mm)
  Detector : dDx=   0.000, dDy=   0.000, dDz=   0.000  (mm)
  Obj Stage rotY :   12.952 deg
============================================================

Unity geometry (world coordinates):
  Source   : x= -10.000, y=  55.000, z=   0.000
  Object   : x=   0.017, y=  29.988, z= 560.205
  Detector : x=   8.000, y=  20.000, z= 760.000
  Obj rotY :   0.0000 deg
view   0 | SOD= 560.979 mm | SDD= 761.018 mm | M= 1.357 | incident=2.9645°
[[ 116.42328    -548.1948      -25.011536  ]
 [ -36.37553     196.5041        9.988464  ]
 [   0.14579397    0.03353025    0.        ]
 [   0.            0.            0.1496    ]]
               x1        y1  area1         x2         y2  area2
range  329.238355  1.266451  159.0  329.28883  30.027354  144.0
FAILURE!!!! Some beads might have been misidentified
               x1        y1  area1          x2         y2  area2
range  329.255795  1.265251  162.0  329.251487  30.099449  146.0
FAILURE!!!! Some beads might have been misidentified
               x1        y1  area1          x2         y2  area2
range  329.260197  1.275015  160.0  329.349782  30.087325  149.0
FAILURE!!!! Some beads might have been misidentified
               x1        y1  area1         x2         y2  area2
range  329.244877  1.236888  158.0  329.32105  30.086774  142.0
FAILURE!!!! Some beads might have been misidentified
               x1        y1  area1          x2         y2  area2
range  329.243626  1.270647  163.0  329.298181  30.151603  147.0
FAILURE!!!! Some beads might have been misidentified
               x1        y1  area1          x2         y2  area2
range  329.238355  1.266451  159.0  329.293657  30.027354  144.0
FAILURE!!!! Some beads might have been misidentified
               x1        y1  area1         x2         y2  area2
range  329.238355  1.266451  159.0  329.28883  30.054496  146.0
FAILURE!!!! Some beads might have been misidentified
               x1        y1  area1          x2         y2  area2
range  329.238355  1.267986  159.0  329.272568  30.059456  144.0
FAILURE!!!! Some beads might have been misidentified
               x1        y1  area1          x2         y2  area2
range  329.238355  1.270109  159.0  329.305173  30.040701  142.0
FAILURE!!!! Some beads might have been misidentified
               x1        y1  area1          x2         y2  area2
range  329.304727  1.249398  160.0  329.366548  30.069477  144.0
FAILURE!!!! Some beads might have been misidentified
               x1        y1  area1          x2         y2  area2
range  329.180203  1.290868  160.0  329.210799  30.117297  152.0
FAILURE!!!! Some beads might have been misidentified
               x1        y1  area1          x2         y2  area2
range  329.466272  1.266451  158.0  329.494549  30.027354  144.0
FAILURE!!!! Some beads might have been misidentified
               x1        y1  area1          x2         y2  area2
range  329.054582  1.266451  161.0  329.102051  30.054496  146.0
FAILURE!!!! Some beads might have been misidentified
Residual vector length: 50, Jacobian shape: (50, 6)
view   0 | SOD= 560.764 mm | SDD= 761.018 mm | M= 1.357 | incident=2.9645°
[[ 117.70105    -547.7026      -24.993877  ]
 [ -36.934036    196.61723      10.006123  ]
 [   0.14571083    0.03388974    0.        ]
 [   0.            0.            0.1496    ]]
               x1        y1  area1          x2         y2  area2
range  328.831768  1.218951  156.0  328.936129  30.182112  148.0
FAILURE!!!! Some beads might have been misidentified

iter 40 cost=6.803188 -> 5.829437 |dtheta|=2.371238e-01  lambda=5.582e-01

============================================================
Iteration 41
============================================================
Theta offsets (Unity frame):
  Source   : dSx=   0.000, dSy=   0.000, dSz=   0.000  (mm)
  Object   : dOx= -14.975, dOy= -11.994, dOz= -21.982  (mm)
  Object offset: offset_x=  -0.592, offset_z=   0.109  (mm)
  Detector : dDx=   0.000, dDy=   0.000, dDz=   0.000  (mm)
  Obj Stage rotY :   13.093 deg
============================================================

Unity geometry (world coordinates):
  Source   : x= -10.000, y=  55.000, z=   0.000
  Object   : x=   0.025, y=  30.006, z= 560.018
  Detector : x=   8.000, y=  20.000, z= 760.000
  Obj rotY :   0.0000 deg
view   0 | SOD= 560.764 mm | SDD= 761.018 mm | M= 1.357 | incident=2.9645°
[[ 117.70105    -547.7026      -24.993877  ]
 [ -36.934036    196.61723      10.006123  ]
 [   0.14571083    0.03388974    0.        ]
 [   0.            0.            0.1496    ]]
               x1        y1  area1          x2         y2  area2
range  328.831768  1.218951  156.0  328.936129  30.182112  148.0
FAILURE!!!! Some beads might have been misidentified
              x1        y1  area1          x2         y2  area2
range  328.86071  1.200905  152.0  328.903019  30.185956  151.0
FAILURE!!!! Some beads might have been misidentified
               x1       y1  area1          x2         y2  area2
range  328.823118  1.24064  154.0  328.932996  30.198056  150.0
FAILURE!!!! Some beads might have been misidentified
               x1        y1  area1          x2         y2  area2
range  328.835424  1.091894  152.0  328.888309  30.131127  147.0
FAILURE!!!! Some beads might have been misidentified
               x1        y1  area1          x2         y2  area2
range  328.862848  1.216549  163.0  328.906605  30.187283  149.0
FAILURE!!!! Some beads might have been misidentified
               x1        y1  area1          x2         y2  area2
range  328.831768  1.218951  156.0  328.917399  30.182112  148.0
FAILURE!!!! Some beads might have been misidentified
               x1        y1  area1          x2         y2  area2
range  328.831768  1.218951  157.0  328.936129  30.182112  148.0
FAILURE!!!! Some beads might have been misidentified
               x1        y1  area1          x2         y2  area2
range  328.831768  1.212592  155.0  328.927153  30.173909  148.0
FAILURE!!!! Some beads might have been misidentified
               x1        y1  area1          x2         y2  area2
range  328.831768  1.208343  157.0  328.936129  30.170229  148.0
FAILURE!!!! Some beads might have been misidentified
               x1        y1  area1         x2         y2  area2
range  328.878269  1.200224  153.0  328.97024  30.203325  152.0
FAILURE!!!! Some beads might have been misidentified
               x1        y1  area1          x2         y2  area2
range  328.800695  1.237182  153.0  328.874923  30.180687  149.0
FAILURE!!!! Some beads might have been misidentified
               x1        y1  area1          x2         y2  area2
range  328.997268  1.233425  156.0  329.055213  30.182112  149.0
FAILURE!!!! Some beads might have been misidentified
               x1        y1  area1          x2         y2  area2
range  328.678599  1.210693  154.0  328.737218  30.182112  148.0
FAILURE!!!! Some beads might have been misidentified
Residual vector length: 50, Jacobian shape: (50, 6)
view   0 | SOD= 560.746 mm | SDD= 761.018 mm | M= 1.357 | incident=2.9645°
[[ 120.18193    -547.1447      -25.004917  ]
 [ -37.914223    196.44765       9.995083  ]
 [   0.14555159    0.03456726    0.        ]
 [   0.            0.            0.1496    ]]
               x1        y1  area1          x2         y2  area2
range  328.628174  1.188532  171.0  328.683917  30.202437  157.0
FAILURE!!!! Some beads might have been misidentified

iter 41 cost=5.829437 -> 4.392838 |dtheta|=2.853459e-01  lambda=1.861e-01

============================================================
Iteration 42
============================================================
Theta offsets (Unity frame):
  Source   : dSx=   0.000, dSy=   0.000, dSz=   0.000  (mm)
  Object   : dOx= -15.003, dOy= -12.005, dOz= -21.969  (mm)
  Object offset: offset_x=  -0.501, offset_z=   0.077  (mm)
  Detector : dDx=   0.000, dDy=   0.000, dDz=   0.000  (mm)
  Obj Stage rotY :   13.360 deg
============================================================

Unity geometry (world coordinates):
  Source   : x= -10.000, y=  55.000, z=   0.000
  Object   : x=  -0.003, y=  29.995, z= 560.031
  Detector : x=   8.000, y=  20.000, z= 760.000
  Obj rotY :   0.0000 deg
view   0 | SOD= 560.746 mm | SDD= 761.018 mm | M= 1.357 | incident=2.9645°
[[ 120.18193    -547.1447      -25.004917  ]
 [ -37.914223    196.44765       9.995083  ]
 [   0.14555159    0.03456726    0.        ]
 [   0.            0.            0.1496    ]]
               x1        y1  area1          x2         y2  area2
range  328.628174  1.188532  171.0  328.683917  30.202437  157.0
FAILURE!!!! Some beads might have been misidentified
               x1        y1  area1          x2         y2  area2
range  328.642475  1.230525  166.0  328.681073  30.245266  154.0
FAILURE!!!! Some beads might have been misidentified
               x1        y1  area1          x2         y2  area2
range  328.656943  1.276027  164.0  328.636049  30.194372  154.0
FAILURE!!!! Some beads might have been misidentified
               x1        y1  area1         x2         y2  area2
range  328.631425  1.265361  157.0  328.62846  30.172807  153.0
FAILURE!!!! Some beads might have been misidentified
               x1        y1  area1          x2         y2  area2
range  328.645956  1.147586  174.0  328.702528  30.311235  155.0
FAILURE!!!! Some beads might have been misidentified
               x1        y1  area1          x2        y2  area2
range  328.628174  1.196522  170.0  328.655331  30.18642  156.0
FAILURE!!!! Some beads might have been misidentified
               x1        y1  area1          x2        y2  area2
range  328.628174  1.188532  171.0  328.676721  30.21755  158.0
FAILURE!!!! Some beads might have been misidentified
               x1        y1  area1          x2         y2  area2
range  328.628174  1.211569  168.0  328.666447  30.172074  156.0
FAILURE!!!! Some beads might have been misidentified
               x1        y1  area1         x2         y2  area2
range  328.628174  1.206957  168.0  328.69416  30.202437  157.0
FAILURE!!!! Some beads might have been misidentified
               x1        y1  area1          x2         y2  area2
range  328.702493  1.206748  164.0  328.758625  30.211251  158.0
FAILURE!!!! Some beads might have been misidentified
               x1        y1  area1          x2         y2  area2
range  328.580754  1.299805  168.0  328.584047  30.228387  153.0
FAILURE!!!! Some beads might have been misidentified
               x1        y1  area1          x2        y2  area2
range  328.837202  1.196522  168.0  328.853109  30.18642  158.0
FAILURE!!!! Some beads might have been misidentified
               x1        y1  area1          x2        y2  area2
range  328.471531  1.188532  172.0  328.460753  30.21755  155.0
FAILURE!!!! Some beads might have been misidentified
Residual vector length: 50, Jacobian shape: (50, 6)
view   0 | SOD= 560.780 mm | SDD= 761.018 mm | M= 1.357 | incident=2.9645°
[[ 121.44177    -546.9009      -25.003868  ]
 [ -38.422997    196.31328       9.996132  ]
 [   0.14546894    0.03491344    0.        ]
 [   0.            0.            0.1496    ]]
               x1        y1  area1          x2         y2  area2
range  328.931728  1.221447  165.0  328.943075  30.199846  152.0
FAILURE!!!! Some beads might have been misidentified

iter 42 cost=4.392838 -> 3.589846 |dtheta|=1.434655e-01  lambda=6.202e-02

============================================================
Iteration 43
============================================================
Theta offsets (Unity frame):
  Source   : dSx=   0.000, dSy=   0.000, dSz=   0.000  (mm)
  Object   : dOx= -14.987, dOy= -12.004, dOz= -21.951  (mm)
  Object offset: offset_x=  -0.466, offset_z=   0.092  (mm)
  Detector : dDx=   0.000, dDy=   0.000, dDz=   0.000  (mm)
  Obj Stage rotY :   13.496 deg
============================================================

Unity geometry (world coordinates):
  Source   : x= -10.000, y=  55.000, z=   0.000
  Object   : x=   0.013, y=  29.996, z= 560.049
  Detector : x=   8.000, y=  20.000, z= 760.000
  Obj rotY :   0.0000 deg
view   0 | SOD= 560.780 mm | SDD= 761.018 mm | M= 1.357 | incident=2.9645°
[[ 121.44177    -546.9009      -25.003868  ]
 [ -38.422997    196.31328       9.996132  ]
 [   0.14546894    0.03491344    0.        ]
 [   0.            0.            0.1496    ]]
               x1        y1  area1          x2         y2  area2
range  328.931728  1.221447  165.0  328.943075  30.199846  152.0
FAILURE!!!! Some beads might have been misidentified
               x1        y1  area1          x2         y2  area2
range  328.958984  1.204188  164.0  328.978475  30.218707  152.0
FAILURE!!!! Some beads might have been misidentified
               x1        y1  area1          x2         y2  area2
range  328.957567  1.221447  167.0  328.935391  30.211634  155.0
FAILURE!!!! Some beads might have been misidentified
               x1       y1  area1          x2         y2  area2
range  328.923313  1.22018  155.0  328.951332  30.180547  148.0
FAILURE!!!! Some beads might have been misidentified
               x1        y1  area1          x2         y2  area2
range  328.914734  1.174143  173.0  328.953695  30.259033  154.0
FAILURE!!!! Some beads might have been misidentified
               x1        y1  area1          x2        y2  area2
range  328.931728  1.238296  165.0  328.945709  30.21416  151.0
FAILURE!!!! Some beads might have been misidentified
               x1        y1  area1          x2         y2  area2
range  328.931728  1.221447  165.0  328.981124  30.209518  153.0
FAILURE!!!! Some beads might have been misidentified
               x1        y1  area1          x2         y2  area2
range  328.931728  1.237805  167.0  328.925631  30.203367  153.0
FAILURE!!!! Some beads might have been misidentified
               x1       y1  area1          x2         y2  area2
range  328.931728  1.24343  164.0  328.979248  30.209922  153.0
FAILURE!!!! Some beads might have been misidentified
               x1        y1  area1          x2        y2  area2
range  328.976066  1.204188  166.0  329.021048  30.22656  154.0
FAILURE!!!! Some beads might have been misidentified
               x1        y1  area1          x2         y2  area2
range  328.898997  1.221447  165.0  328.855921  30.203782  152.0
FAILURE!!!! Some beads might have been misidentified
               x1        y1  area1          x2        y2  area2
range  329.144396  1.221447  168.0  329.114414  30.19345  152.0
FAILURE!!!! Some beads might have been misidentified
               x1        y1  area1          x2         y2  area2
range  328.805932  1.238296  165.0  328.785913  30.230228  151.0
FAILURE!!!! Some beads might have been misidentified
Residual vector length: 50, Jacobian shape: (50, 6)
view   0 | SOD= 560.678 mm | SDD= 761.018 mm | M= 1.357 | incident=2.9645°
[[ 122.767395   -546.5008      -25.00779   ]
 [ -38.98403     196.30501       9.99221   ]
 [   0.14537981    0.0352827     0.        ]
 [   0.            0.            0.1496    ]]
               x1        y1  area1          x2         y2  area2
range  328.951812  1.220216  168.0  328.995695  30.333499  153.0
FAILURE!!!! Some beads might have been misidentified

iter 43 cost=3.589846 -> 2.749540 |dtheta|=1.780051e-01  lambda=2.067e-02

============================================================
Iteration 44
============================================================
Theta offsets (Unity frame):
  Source   : dSx=   0.000, dSy=   0.000, dSz=   0.000  (mm)
  Object   : dOx= -14.991, dOy= -12.008, dOz= -22.043  (mm)
  Object offset: offset_x=  -0.422, offset_z=   0.082  (mm)
  Detector : dDx=   0.000, dDy=   0.000, dDz=   0.000  (mm)
  Obj Stage rotY :   13.642 deg
============================================================

Unity geometry (world coordinates):
  Source   : x= -10.000, y=  55.000, z=   0.000
  Object   : x=   0.009, y=  29.992, z= 559.957
  Detector : x=   8.000, y=  20.000, z= 760.000
  Obj rotY :   0.0000 deg
view   0 | SOD= 560.678 mm | SDD= 761.018 mm | M= 1.357 | incident=2.9645°
[[ 122.767395   -546.5008      -25.00779   ]
 [ -38.98403     196.30501       9.99221   ]
 [   0.14537981    0.0352827     0.        ]
 [   0.            0.            0.1496    ]]
               x1        y1  area1          x2         y2  area2
range  328.951812  1.220216  168.0  328.995695  30.333499  153.0
FAILURE!!!! Some beads might have been misidentified
               x1        y1  area1          x2         y2  area2
range  328.952501  1.245546  162.0  328.959179  30.410749  152.0
FAILURE!!!! Some beads might have been misidentified
               x1        y1  area1          x2         y2  area2
range  328.966745  1.229663  172.0  328.937001  30.325439  156.0
FAILURE!!!! Some beads might have been misidentified
               x1        y1  area1          x2         y2  area2
range  328.934862  1.264823  157.0  328.969014  30.293272  154.0
FAILURE!!!! Some beads might have been misidentified
               x1        y1  area1          x2         y2  area2
range  328.927909  1.260138  172.0  328.966023  30.540756  150.0
FAILURE!!!! Some beads might have been misidentified
               x1        y1  area1          x2         y2  area2
range  328.951812  1.220216  168.0  328.964921  30.316732  153.0
FAILURE!!!! Some beads might have been misidentified
               x1        y1  area1         x2         y2  area2
range  328.951812  1.220216  168.0  328.99356  30.389602  149.0
FAILURE!!!! Some beads might have been misidentified
               x1        y1  area1          x2         y2  area2
range  328.951812  1.216339  168.0  328.964146  30.353805  153.0
FAILURE!!!! Some beads might have been misidentified
               x1        y1  area1          x2         y2  area2
range  328.951812  1.227252  169.0  328.995695  30.339132  152.0
FAILURE!!!! Some beads might have been misidentified
               x1        y1  area1          x2         y2  area2
range  328.989553  1.230525  167.0  329.051156  30.329028  157.0
FAILURE!!!! Some beads might have been misidentified
               x1        y1  area1         x2        y2  area2
range  328.908664  1.244683  167.0  328.89933  30.40716  150.0
FAILURE!!!! Some beads might have been misidentified
               x1        y1  area1        x2         y2  area2
range  329.146939  1.220216  170.0  329.1236  30.316732  153.0
FAILURE!!!! Some beads might have been misidentified
               x1        y1  area1          x2         y2  area2
range  328.789339  1.220216  167.0  328.798217  30.389602  148.0
FAILURE!!!! Some beads might have been misidentified
Residual vector length: 50, Jacobian shape: (50, 6)
view   0 | SOD= 560.637 mm | SDD= 761.018 mm | M= 1.357 | incident=2.9645°
[[ 123.700516   -546.24774     -25.007208  ]
 [ -39.38798     196.26567       9.992792  ]
 [   0.14531606    0.03554438    0.        ]
 [   0.            0.            0.1496    ]]
               x1        y1  area1          x2         y2  area2
range  329.004542  1.225512  167.0  328.976172  30.443801  152.0
FAILURE!!!! Some beads might have been misidentified

iter 44 cost=2.749540 -> 2.313711 |dtheta|=1.162486e-01  lambda=6.891e-03

============================================================
Iteration 45
============================================================
Theta offsets (Unity frame):
  Source   : dSx=   0.000, dSy=   0.000, dSz=   0.000  (mm)
  Object   : dOx= -14.990, dOy= -12.007, dOz= -22.078  (mm)
  Object offset: offset_x=  -0.382, offset_z=   0.074  (mm)
  Detector : dDx=   0.000, dDy=   0.000, dDz=   0.000  (mm)
  Obj Stage rotY :   13.745 deg
============================================================

Unity geometry (world coordinates):
  Source   : x= -10.000, y=  55.000, z=   0.000
  Object   : x=   0.010, y=  29.993, z= 559.922
  Detector : x=   8.000, y=  20.000, z= 760.000
  Obj rotY :   0.0000 deg
view   0 | SOD= 560.637 mm | SDD= 761.018 mm | M= 1.357 | incident=2.9645°
[[ 123.700516   -546.24774     -25.007208  ]
 [ -39.38798     196.26567       9.992792  ]
 [   0.14531606    0.03554438    0.        ]
 [   0.            0.            0.1496    ]]
               x1        y1  area1          x2         y2  area2
range  329.004542  1.225512  167.0  328.976172  30.443801  152.0
FAILURE!!!! Some beads might have been misidentified
               x1      y1  area1         x2         y2  area2
range  329.020298  1.2121  160.0  329.02138  30.457373  151.0
FAILURE!!!! Some beads might have been misidentified
               x1        y1  area1          x2         y2  area2
range  329.033723  1.193437  168.0  328.996143  30.451709  151.0
FAILURE!!!! Some beads might have been misidentified
               x1        y1  area1          x2         y2  area2
range  329.016783  1.230905  157.0  329.015683  30.306941  151.0
FAILURE!!!! Some beads might have been misidentified
               x1        y1  area1          x2         y2  area2
range  328.956805  1.267547  172.0  328.982682  30.504577  150.0
FAILURE!!!! Some beads might have been misidentified
               x1        y1  area1          x2         y2  area2
range  329.004542  1.225512  167.0  328.965396  30.413851  155.0
FAILURE!!!! Some beads might have been misidentified
               x1        y1  area1          x2         y2  area2
range  329.004542  1.225512  167.0  328.991058  30.475463  151.0
FAILURE!!!! Some beads might have been misidentified
               x1        y1  area1          x2         y2  area2
range  328.991759  1.239414  166.0  328.974061  30.461402  151.0
FAILURE!!!! Some beads might have been misidentified
               x1        y1  area1          x2         y2  area2
range  329.004542  1.209357  169.0  328.990121  30.416028  154.0
FAILURE!!!! Some beads might have been misidentified
               x1        y1  area1          x2         y2  area2
range  329.033732  1.208182  164.0  329.058047  30.428727  154.0
FAILURE!!!! Some beads might have been misidentified
               x1        y1  area1          x2         y2  area2
range  328.918581  1.197355  168.0  328.933817  30.480354  150.0
FAILURE!!!! Some beads might have been misidentified
               x1        y1  area1          x2         y2  area2
range  329.197229  1.225512  167.0  329.137261  30.413851  157.0
FAILURE!!!! Some beads might have been misidentified
               x1        y1  area1          x2         y2  area2
range  328.843274  1.225512  166.0  328.864212  30.475463  152.0
FAILURE!!!! Some beads might have been misidentified
Residual vector length: 50, Jacobian shape: (50, 6)
view   0 | SOD= 560.660 mm | SDD= 761.018 mm | M= 1.357 | incident=2.9645°
[[ 125.27916    -545.9113      -25.002254  ]
 [ -39.983078    196.12126       9.9977455 ]
 [   0.14521134    0.03596978    0.        ]
 [   0.            0.            0.1496    ]]
               x1       y1  area1          x2         y2  area2
range  329.047911  1.26663  167.0  329.116437  30.311177  146.0
FAILURE!!!! Some beads might have been misidentified

iter 45 cost=2.313711 -> 1.902359 |dtheta|=1.735843e-01  lambda=2.297e-03

============================================================
Iteration 46
============================================================
Theta offsets (Unity frame):
  Source   : dSx=   0.000, dSy=   0.000, dSz=   0.000  (mm)
  Object   : dOx= -14.999, dOy= -12.002, dOz= -22.053  (mm)
  Object offset: offset_x=  -0.346, offset_z=   0.072  (mm)
  Detector : dDx=   0.000, dDy=   0.000, dDz=   0.000  (mm)
  Obj Stage rotY :   13.912 deg
============================================================

Unity geometry (world coordinates):
  Source   : x= -10.000, y=  55.000, z=   0.000
  Object   : x=   0.001, y=  29.998, z= 559.947
  Detector : x=   8.000, y=  20.000, z= 760.000
  Obj rotY :   0.0000 deg
view   0 | SOD= 560.660 mm | SDD= 761.018 mm | M= 1.357 | incident=2.9645°
[[ 125.27916    -545.9113      -25.002254  ]
 [ -39.983078    196.12126       9.9977455 ]
 [   0.14521134    0.03596978    0.        ]
 [   0.            0.            0.1496    ]]
               x1       y1  area1          x2         y2  area2
range  329.047911  1.26663  167.0  329.116437  30.311177  146.0
FAILURE!!!! Some beads might have been misidentified
               x1        y1  area1          x2         y2  area2
range  328.988064  1.223825  167.0  329.005307  30.324709  153.0
FAILURE!!!! Some beads might have been misidentified
               x1        y1  area1          x2         y2  area2
range  329.013462  1.239228  169.0  329.100957  30.269419  138.0
FAILURE!!!! Some beads might have been misidentified
               x1        y1  area1          x2         y2  area2
range  328.996723  1.217056  153.0  329.144625  30.283134  147.0
FAILURE!!!! Some beads might have been misidentified
               x1        y1  area1          x2         y2  area2
range  328.989122  1.213868  172.0  329.047158  30.551918  149.0
FAILURE!!!! Some beads might have been misidentified
               x1       y1  area1          x2        y2  area2
range  329.016769  1.26663  167.0  329.092264  30.29697  145.0
FAILURE!!!! Some beads might have been misidentified
               x1       y1  area1         x2         y2  area2
range  329.065354  1.26663  167.0  329.10673  30.315586  145.0
FAILURE!!!! Some beads might have been misidentified
               x1        y1  area1          x2         y2  area2
range  329.016769  1.254187  168.0  329.090062  30.310162  148.0
FAILURE!!!! Some beads might have been misidentified
               x1        y1  area1         x2         y2  area2
range  329.078933  1.251211  167.0  329.10894  30.325139  144.0
FAILURE!!!! Some beads might have been misidentified
               x1       y1  area1          x2         y2  area2
range  329.092344  1.21573  164.0  329.166713  30.301862  146.0
FAILURE!!!! Some beads might have been misidentified
               x1        y1  area1          x2         y2  area2
range  328.940318  1.239161  170.0  329.007084  30.292265  146.0
FAILURE!!!! Some beads might have been misidentified
               x1       y1  area1         x2         y2  area2
range  329.181108  1.26663  169.0  329.24765  30.279643  145.0
FAILURE!!!! Some beads might have been misidentified
               x1       y1  area1          x2         y2  area2
range  328.822205  1.26663  169.0  328.816475  30.332913  148.0
FAILURE!!!! Some beads might have been misidentified
Residual vector length: 50, Jacobian shape: (50, 6)
view   0 | SOD= 560.661 mm | SDD= 761.018 mm | M= 1.357 | incident=2.9645°
[[ 125.60416    -545.8382      -25.009357  ]
 [ -40.129963    196.08916       9.990643  ]
 [   0.14518844    0.03606213    0.        ]
 [   0.            0.            0.1496    ]]
              x1        y1  area1          x2         y2  area2
range  328.99966  1.233314  168.0  329.062404  30.477269  146.0
FAILURE!!!! Some beads might have been misidentified

iter 46 cost=1.902359 -> 1.697450 |dtheta|=4.416566e-02  lambda=7.657e-04

============================================================
Iteration 47
============================================================
Theta offsets (Unity frame):
  Source   : dSx=   0.000, dSy=   0.000, dSz=   0.000  (mm)
  Object   : dOx= -14.998, dOy= -12.009, dOz= -22.047  (mm)
  Object offset: offset_x=  -0.324, offset_z=   0.066  (mm)
  Detector : dDx=   0.000, dDy=   0.000, dDz=   0.000  (mm)
  Obj Stage rotY :   13.949 deg
============================================================

Unity geometry (world coordinates):
  Source   : x= -10.000, y=  55.000, z=   0.000
  Object   : x=   0.002, y=  29.991, z= 559.953
  Detector : x=   8.000, y=  20.000, z= 760.000
  Obj rotY :   0.0000 deg
view   0 | SOD= 560.661 mm | SDD= 761.018 mm | M= 1.357 | incident=2.9645°
[[ 125.60416    -545.8382      -25.009357  ]
 [ -40.129963    196.08916       9.990643  ]
 [   0.14518844    0.03606213    0.        ]
 [   0.            0.            0.1496    ]]
              x1        y1  area1          x2         y2  area2
range  328.99966  1.233314  168.0  329.062404  30.477269  146.0
FAILURE!!!! Some beads might have been misidentified
               x1        y1  area1          x2         y2  area2
range  328.984956  1.213407  167.0  329.021497  30.518145  148.0
FAILURE!!!! Some beads might have been misidentified
               x1        y1  area1          x2         y2  area2
range  329.042015  1.242056  167.0  329.120303  30.460147  145.0
FAILURE!!!! Some beads might have been misidentified
               x1        y1  area1         x2         y2  area2
range  329.013264  1.259449  161.0  329.14017  30.315234  147.0
FAILURE!!!! Some beads might have been misidentified
              x1        y1  area1        x2         y2  area2
range  328.99508  1.245302  174.0  329.0382  30.548517  152.0
FAILURE!!!! Some beads might have been misidentified
              x1        y1  area1          x2         y2  area2
range  328.99966  1.250254  168.0  329.034675  30.449125  147.0
FAILURE!!!! Some beads might have been misidentified
               x1        y1  area1          x2         y2  area2
range  329.017219  1.247275  168.0  329.088295  30.527276  149.0
FAILURE!!!! Some beads might have been misidentified
              x1        y1  area1          x2         y2  area2
range  328.99966  1.223482  168.0  329.031655  30.489273  147.0
FAILURE!!!! Some beads might have been misidentified
               x1        y1  area1          x2         y2  area2
range  329.017219  1.215471  170.0  329.094545  30.456639  143.0
FAILURE!!!! Some beads might have been misidentified
               x1        y1  area1          x2         y2  area2
range  329.049623  1.226713  168.0  329.142094  30.493535  143.0
FAILURE!!!! Some beads might have been misidentified
               x1        y1  area1          x2         y2  area2
range  328.926538  1.228751  167.0  328.968865  30.484756  144.0
FAILURE!!!! Some beads might have been misidentified
               x1        y1  area1          x2         y2  area2
range  329.206644  1.247275  169.0  329.273069  30.449125  146.0
FAILURE!!!! Some beads might have been misidentified
              x1        y1  area1          x2         y2  area2
range  328.83648  1.250254  166.0  328.868731  30.527276  147.0
FAILURE!!!! Some beads might have been misidentified
Residual vector length: 50, Jacobian shape: (50, 6)
view   0 | SOD= 560.733 mm | SDD= 761.018 mm | M= 1.357 | incident=2.9645°
[[ 126.73462    -545.6506      -25.009697  ]
 [ -40.565105    195.92531       9.990303  ]
 [   0.145112      0.03636849    0.        ]
 [   0.            0.            0.1496    ]]
               x1        y1  area1          x2         y2  area2
range  329.042438  1.238464  166.0  329.156327  30.381733  149.0
FAILURE!!!! Some beads might have been misidentified

iter 47 cost=1.697450 -> 1.365741 |dtheta|=1.448623e-01  lambda=2.552e-04

============================================================
Iteration 48
============================================================
Theta offsets (Unity frame):
  Source   : dSx=   0.000, dSy=   0.000, dSz=   0.000  (mm)
  Object   : dOx= -14.993, dOy= -12.010, dOz= -21.975  (mm)
  Object offset: offset_x=  -0.289, offset_z=   0.066  (mm)
  Detector : dDx=   0.000, dDy=   0.000, dDz=   0.000  (mm)
  Obj Stage rotY :   14.070 deg
============================================================

Unity geometry (world coordinates):
  Source   : x= -10.000, y=  55.000, z=   0.000
  Object   : x=   0.007, y=  29.990, z= 560.025
  Detector : x=   8.000, y=  20.000, z= 760.000
  Obj rotY :   0.0000 deg
view   0 | SOD= 560.733 mm | SDD= 761.018 mm | M= 1.357 | incident=2.9645°
[[ 126.73462    -545.6506      -25.009697  ]
 [ -40.565105    195.92531       9.990303  ]
 [   0.145112      0.03636849    0.        ]
 [   0.            0.            0.1496    ]]
               x1        y1  area1          x2         y2  area2
range  329.042438  1.238464  166.0  329.156327  30.381733  149.0
FAILURE!!!! Some beads might have been misidentified
               x1        y1  area1          x2         y2  area2
range  329.045845  1.252754  164.0  329.032707  30.356315  150.0
FAILURE!!!! Some beads might have been misidentified
               x1        y1  area1          x2         y2  area2
range  329.092958  1.260528  169.0  329.148625  30.348095  140.0
FAILURE!!!! Some beads might have been misidentified
               x1        y1  area1         x2         y2  area2
range  329.031897  1.259363  160.0  329.12797  30.294996  150.0
FAILURE!!!! Some beads might have been misidentified
               x1        y1  area1          x2         y2  area2
range  329.094614  1.276238  172.0  329.125204  30.554158  146.0
FAILURE!!!! Some beads might have been misidentified
               x1        y1  area1          x2         y2  area2
range  329.042438  1.238464  166.0  329.156327  30.333514  150.0
FAILURE!!!! Some beads might have been misidentified
               x1        y1  area1          x2         y2  area2
range  329.042438  1.235419  166.0  329.164178  30.388203  149.0
FAILURE!!!! Some beads might have been misidentified
               x1        y1  area1          x2         y2  area2
range  329.042438  1.226579  167.0  329.156327  30.377731  146.0
FAILURE!!!! Some beads might have been misidentified
               x1        y1  area1          x2         y2  area2
range  329.042438  1.241264  167.0  329.183491  30.356541  147.0
FAILURE!!!! Some beads might have been misidentified
               x1        y1  area1          x2         y2  area2
range  329.119106  1.229385  169.0  329.258933  30.359095  146.0
FAILURE!!!! Some beads might have been misidentified
               x1        y1  area1          x2         y2  area2
range  328.979916  1.281863  166.0  329.081423  30.345315  146.0
FAILURE!!!! Some beads might have been misidentified
               x1        y1  area1          x2         y2  area2
range  329.262833  1.235419  168.0  329.334366  30.312742  147.0
FAILURE!!!! Some beads might have been misidentified
               x1        y1  area1          x2         y2  area2
range  328.882659  1.238464  165.0  328.846966  30.408974  150.0
FAILURE!!!! Some beads might have been misidentified
Residual vector length: 50, Jacobian shape: (50, 6)
view   0 | SOD= 560.696 mm | SDD= 761.018 mm | M= 1.357 | incident=2.9645°
[[ 126.74187    -545.6109      -25.009558  ]
 [ -40.58287     195.95934       9.990442  ]
 [   0.14511077    0.03637339    0.        ]
 [   0.            0.            0.1496    ]]
               x1       y1  area1          x2         y2  area2
range  328.860102  1.24129  166.0  328.855321  30.435228  148.0
FAILURE!!!! Some beads might have been misidentified

iter 48 cost=1.365741 -> 1.322237 |dtheta|=2.742681e-02  lambda=8.507e-05

============================================================
Iteration 49
============================================================
Theta offsets (Unity frame):
  Source   : dSx=   0.000, dSy=   0.000, dSz=   0.000  (mm)
  Object   : dOx= -14.994, dOy= -12.010, dOz= -21.998  (mm)
  Object offset: offset_x=  -0.286, offset_z=   0.052  (mm)
  Detector : dDx=   0.000, dDy=   0.000, dDz=   0.000  (mm)
  Obj Stage rotY :   14.072 deg
============================================================

Unity geometry (world coordinates):
  Source   : x= -10.000, y=  55.000, z=   0.000
  Object   : x=   0.006, y=  29.990, z= 560.002
  Detector : x=   8.000, y=  20.000, z= 760.000
  Obj rotY :   0.0000 deg
view   0 | SOD= 560.696 mm | SDD= 761.018 mm | M= 1.357 | incident=2.9645°
[[ 126.74187    -545.6109      -25.009558  ]
 [ -40.58287     195.95934       9.990442  ]
 [   0.14511077    0.03637339    0.        ]
 [   0.            0.            0.1496    ]]
               x1       y1  area1          x2         y2  area2
range  328.860102  1.24129  166.0  328.855321  30.435228  148.0
FAILURE!!!! Some beads might have been misidentified
               x1        y1  area1          x2         y2  area2
range  328.897613  1.250803  165.0  328.899426  30.487823  151.0
FAILURE!!!! Some beads might have been misidentified
               x1        y1  area1          x2         y2  area2
range  328.829536  1.250794  169.0  328.970566  30.437992  146.0
FAILURE!!!! Some beads might have been misidentified
               x1        y1  area1          x2         y2  area2
range  328.879398  1.245517  160.0  328.829326  30.340805  150.0
FAILURE!!!! Some beads might have been misidentified
               x1        y1  area1          x2         y2  area2
range  328.859634  1.282181  172.0  328.935374  30.540891  145.0
FAILURE!!!! Some beads might have been misidentified
               x1       y1  area1          x2         y2  area2
range  328.840366  1.24129  166.0  328.846966  30.386015  149.0
FAILURE!!!! Some beads might have been misidentified
               x1       y1  area1          x2         y2  area2
range  328.860102  1.24129  166.0  328.848652  30.492396  148.0
FAILURE!!!! Some beads might have been misidentified
               x1        y1  area1          x2         y2  area2
range  328.849565  1.264157  165.0  328.840621  30.486316  148.0
FAILURE!!!! Some beads might have been misidentified
               x1        y1  area1          x2         y2  area2
range  328.860102  1.250193  168.0  328.855321  30.451217  144.0
FAILURE!!!! Some beads might have been misidentified
               x1        y1  area1         x2         y2  area2
range  328.882659  1.245894  166.0  328.92561  30.454708  145.0
FAILURE!!!! Some beads might have been misidentified
               x1        y1  area1          x2         y2  area2
range  328.815501  1.255703  164.0  328.802174  30.471107  149.0
FAILURE!!!! Some beads might have been misidentified
               x1       y1  area1          x2         y2  area2
range  329.014762  1.24129  168.0  329.140891  30.386015  146.0
FAILURE!!!! Some beads might have been misidentified
               x1       y1  area1          x2         y2  area2
range  328.717419  1.24129  165.0  328.714104  30.492396  148.0
FAILURE!!!! Some beads might have been misidentified
Residual vector length: 50, Jacobian shape: (50, 6)
view   0 | SOD= 560.729 mm | SDD= 761.018 mm | M= 1.357 | incident=2.9645°
[[ 127.64918    -545.43335     -25.00914   ]
 [ -40.934017    195.85179       9.99086   ]
 [   0.14504883    0.03661964    0.        ]
 [   0.            0.            0.1496    ]]
               x1        y1  area1          x2         y2  area2
range  328.798668  1.261264  164.0  328.787126  30.465354  150.0
FAILURE!!!! Some beads might have been misidentified

iter 49 cost=1.322237 -> 1.124884 |dtheta|=1.092368e-01  lambda=2.836e-05

============================================================
Iteration 50
============================================================
Theta offsets (Unity frame):
  Source   : dSx=   0.000, dSy=   0.000, dSz=   0.000  (mm)
  Object   : dOx= -14.994, dOy= -12.009, dOz= -21.958  (mm)
  Object offset: offset_x=  -0.258, offset_z=   0.044  (mm)
  Detector : dDx=   0.000, dDy=   0.000, dDz=   0.000  (mm)
  Obj Stage rotY :   14.169 deg
============================================================

Unity geometry (world coordinates):
  Source   : x= -10.000, y=  55.000, z=   0.000
  Object   : x=   0.006, y=  29.991, z= 560.042
  Detector : x=   8.000, y=  20.000, z= 760.000
  Obj rotY :   0.0000 deg
view   0 | SOD= 560.729 mm | SDD= 761.018 mm | M= 1.357 | incident=2.9645°
[[ 127.64918    -545.43335     -25.00914   ]
 [ -40.934017    195.85179       9.99086   ]
 [   0.14504883    0.03661964    0.        ]
 [   0.            0.            0.1496    ]]
               x1        y1  area1          x2         y2  area2
range  328.798668  1.261264  164.0  328.787126  30.465354  150.0
FAILURE!!!! Some beads might have been misidentified
               x1        y1  area1          x2         y2  area2
range  328.805625  1.233071  164.0  328.838841  30.402275  149.0
FAILURE!!!! Some beads might have been misidentified
               x1       y1  area1          x2         y2  area2
range  328.749499  1.28194  168.0  328.835199  30.374846  147.0
FAILURE!!!! Some beads might have been misidentified
               x1        y1  area1          x2         y2  area2
range  328.804227  1.275275  160.0  328.795336  30.292579  150.0
FAILURE!!!! Some beads might have been misidentified
               x1        y1  area1          x2         y2  area2
range  328.825834  1.299594  171.0  328.807203  30.577887  149.0
FAILURE!!!! Some beads might have been misidentified
               x1        y1  area1          x2         y2  area2
range  328.781895  1.252424  165.0  328.783863  30.429096  147.0
FAILURE!!!! Some beads might have been misidentified
               x1        y1  area1          x2         y2  area2
range  328.814471  1.261264  164.0  328.787126  30.433732  150.0
FAILURE!!!! Some beads might have been misidentified
               x1       y1  area1          x2         y2  area2
range  328.798668  1.24277  167.0  328.783863  30.427753  146.0
FAILURE!!!! Some beads might have been misidentified
               x1        y1  area1          x2         y2  area2
range  328.814471  1.249261  165.0  328.787126  30.418244  152.0
FAILURE!!!! Some beads might have been misidentified
               x1        y1  area1          x2        y2  area2
range  328.841841  1.218916  165.0  328.811349  30.38389  150.0
FAILURE!!!! Some beads might have been misidentified
               x1        y1  area1          x2         y2  area2
range  328.765743  1.296094  167.0  328.743474  30.393231  148.0
FAILURE!!!! Some beads might have been misidentified
               x1        y1  area1          x2         y2  area2
range  328.909884  1.252424  167.0  328.987237  30.397474  144.0
FAILURE!!!! Some beads might have been misidentified
               x1        y1  area1          x2         y2  area2
range  328.619153  1.261264  166.0  328.671179  30.465354  149.0
FAILURE!!!! Some beads might have been misidentified
Residual vector length: 50, Jacobian shape: (50, 6)
view   0 | SOD= 560.742 mm | SDD= 761.018 mm | M= 1.357 | incident=2.9645°
[[ 128.49237    -545.2489      -25.009737  ]
 [ -41.267574    195.7677        9.990263  ]
 [   0.1449905     0.03684989    0.        ]
 [   0.            0.            0.1496    ]]
               x1        y1  area1          x2         y2  area2
range  328.902305  1.240765  167.0  328.979476  30.385938  143.0
FAILURE!!!! Some beads might have been misidentified

iter 50 cost=1.124884 -> 0.908093 |dtheta|=9.538876e-02  lambda=9.453e-06

============================================================
Iteration 51
============================================================
Theta offsets (Unity frame):
  Source   : dSx=   0.000, dSy=   0.000, dSz=   0.000  (mm)
  Object   : dOx= -14.995, dOy= -12.010, dOz= -21.951  (mm)
  Object offset: offset_x=  -0.231, offset_z=   0.050  (mm)
  Detector : dDx=   0.000, dDy=   0.000, dDz=   0.000  (mm)
  Obj Stage rotY :   14.260 deg
============================================================

Unity geometry (world coordinates):
  Source   : x= -10.000, y=  55.000, z=   0.000
  Object   : x=   0.005, y=  29.990, z= 560.049
  Detector : x=   8.000, y=  20.000, z= 760.000
  Obj rotY :   0.0000 deg
view   0 | SOD= 560.742 mm | SDD= 761.018 mm | M= 1.357 | incident=2.9645°
[[ 128.49237    -545.2489      -25.009737  ]
 [ -41.267574    195.7677        9.990263  ]
 [   0.1449905     0.03684989    0.        ]
 [   0.            0.            0.1496    ]]
               x1        y1  area1          x2         y2  area2
range  328.902305  1.240765  167.0  328.979476  30.385938  143.0
FAILURE!!!! Some beads might have been misidentified
               x1        y1  area1          x2         y2  area2
range  329.007185  1.252754  166.0  328.973276  30.385662  148.0
FAILURE!!!! Some beads might have been misidentified
               x1       y1  area1          x2         y2  area2
range  328.957366  1.28691  173.0  329.076445  30.365257  149.0
FAILURE!!!! Some beads might have been misidentified
               x1        y1  area1          x2         y2  area2
range  328.957125  1.276424  160.0  328.981876  30.281402  152.0
FAILURE!!!! Some beads might have been misidentified
               x1        y1  area1          x2         y2  area2
range  328.920333  1.318589  172.0  328.971657  30.575394  147.0
FAILURE!!!! Some beads might have been misidentified
               x1        y1  area1          x2         y2  area2
range  328.902305  1.240765  167.0  328.979476  30.403246  143.0
FAILURE!!!! Some beads might have been misidentified
               x1        y1  area1          x2         y2  area2
range  328.911368  1.229624  166.0  328.987514  30.426216  146.0
FAILURE!!!! Some beads might have been misidentified
               x1        y1  area1          x2         y2  area2
range  328.902305  1.262668  166.0  328.969442  30.396621  146.0
FAILURE!!!! Some beads might have been misidentified
               x1        y1  area1          x2         y2  area2
range  328.911368  1.261264  167.0  328.993529  30.426838  147.0
FAILURE!!!! Some beads might have been misidentified
               x1        y1  area1          x2         y2  area2
range  328.994297  1.223359  168.0  329.028858  30.373166  150.0
FAILURE!!!! Some beads might have been misidentified
               x1        y1  area1          x2         y2  area2
range  328.873596  1.308245  167.0  328.888512  30.377753  149.0
FAILURE!!!! Some beads might have been misidentified
               x1        y1  area1          x2         y2  area2
range  329.120093  1.240765  169.0  329.230555  30.364199  144.0
FAILURE!!!! Some beads might have been misidentified
               x1        y1  area1          x2         y2  area2
range  328.810006  1.229624  165.0  328.801774  30.465264  148.0
FAILURE!!!! Some beads might have been misidentified
Residual vector length: 50, Jacobian shape: (50, 6)
view   0 | SOD= 560.697 mm | SDD= 761.018 mm | M= 1.357 | incident=2.9645°
[[ 129.10341    -545.0574      -25.010244  ]
 [ -41.520008    195.76088       9.989756  ]
 [   0.14494745    0.03701884    0.        ]
 [   0.            0.            0.1496    ]]
               x1        y1  area1          x2         y2  area2
range  328.861378  1.298576  163.0  328.859398  30.521506  149.0
FAILURE!!!! Some beads might have been misidentified

iter 51 cost=0.908093 -> 0.764985 |dtheta|=7.872476e-02  lambda=3.151e-06

============================================================
Iteration 52
============================================================
Theta offsets (Unity frame):
  Source   : dSx=   0.000, dSy=   0.000, dSz=   0.000  (mm)
  Object   : dOx= -14.996, dOy= -12.010, dOz= -21.989  (mm)
  Object offset: offset_x=  -0.216, offset_z=   0.042  (mm)
  Detector : dDx=   0.000, dDy=   0.000, dDz=   0.000  (mm)
  Obj Stage rotY :   14.327 deg
============================================================

Unity geometry (world coordinates):
  Source   : x= -10.000, y=  55.000, z=   0.000
  Object   : x=   0.004, y=  29.990, z= 560.011
  Detector : x=   8.000, y=  20.000, z= 760.000
  Obj rotY :   0.0000 deg
view   0 | SOD= 560.697 mm | SDD= 761.018 mm | M= 1.357 | incident=2.9645°
[[ 129.10341    -545.0574      -25.010244  ]
 [ -41.520008    195.76088       9.989756  ]
 [   0.14494745    0.03701884    0.        ]
 [   0.            0.            0.1496    ]]
               x1        y1  area1          x2         y2  area2
range  328.861378  1.298576  163.0  328.859398  30.521506  149.0
FAILURE!!!! Some beads might have been misidentified
               x1        y1  area1          x2         y2  area2
range  328.897393  1.274883  168.0  328.920308  30.543622  147.0
FAILURE!!!! Some beads might have been misidentified
               x1       y1  area1          x2         y2  area2
range  328.860186  1.29102  173.0  328.961006  30.472763  144.0
FAILURE!!!! Some beads might have been misidentified
               x1        y1  area1          x2         y2  area2
range  328.886177  1.277595  165.0  328.904855  30.335725  147.0
FAILURE!!!! Some beads might have been misidentified
               x1        y1  area1          x2         y2  area2
range  328.875218  1.289818  180.0  328.917658  30.616986  147.0
FAILURE!!!! Some beads might have been misidentified
               x1        y1  area1          x2         y2  area2
range  328.861378  1.298576  163.0  328.871454  30.521506  149.0
FAILURE!!!! Some beads might have been misidentified
               x1        y1  area1          x2        y2  area2
range  328.861378  1.272545  166.0  328.885191  30.53544  147.0
FAILURE!!!! Some beads might have been misidentified
               x1        y1  area1          x2         y2  area2
range  328.861378  1.295419  167.0  328.859398  30.476533  147.0
FAILURE!!!! Some beads might have been misidentified
               x1        y1  area1          x2         y2  area2
range  328.861378  1.262668  166.0  328.859398  30.556191  149.0
FAILURE!!!! Some beads might have been misidentified
               x1        y1  area1       x2         y2  area2
range  328.884401  1.264246  166.0  328.926  30.509037  149.0
FAILURE!!!! Some beads might have been misidentified
               x1        y1  area1          x2         y2  area2
range  328.819206  1.301657  172.0  328.813947  30.490106  145.0
FAILURE!!!! Some beads might have been misidentified
               x1        y1  area1          x2         y2  area2
range  329.011558  1.288519  165.0  329.109812  30.507172  148.0
FAILURE!!!! Some beads might have been misidentified
               x1        y1  area1          x2         y2  area2
range  328.760401  1.282603  168.0  328.771501  30.549775  145.0
FAILURE!!!! Some beads might have been misidentified
Residual vector length: 50, Jacobian shape: (50, 6)
view   0 | SOD= 560.666 mm | SDD= 761.018 mm | M= 1.357 | incident=2.9645°
[[ 129.49487    -544.9333      -25.00917   ]
 [ -41.692467    195.75484       9.990829  ]
 [   0.14491923    0.03712917    0.        ]
 [   0.            0.            0.1496    ]]
               x1       y1  area1          x2        y2  area2
range  328.882659  1.27452  168.0  328.939912  30.58087  149.0
FAILURE!!!! Some beads might have been misidentified

iter 52 cost=0.764985 -> 0.752530 |dtheta|=5.589115e-02  lambda=1.050e-06

============================================================
Iteration 53
============================================================
Theta offsets (Unity frame):
  Source   : dSx=   0.000, dSy=   0.000, dSz=   0.000  (mm)
  Object   : dOx= -15.002, dOy= -12.009, dOz= -22.016  (mm)
  Object offset: offset_x=  -0.195, offset_z=   0.039  (mm)
  Detector : dDx=   0.000, dDy=   0.000, dDz=   0.000  (mm)
  Obj Stage rotY :   14.370 deg
============================================================

Unity geometry (world coordinates):
  Source   : x= -10.000, y=  55.000, z=   0.000
  Object   : x=  -0.002, y=  29.991, z= 559.984
  Detector : x=   8.000, y=  20.000, z= 760.000
  Obj rotY :   0.0000 deg
view   0 | SOD= 560.666 mm | SDD= 761.018 mm | M= 1.357 | incident=2.9645°
[[ 129.49487    -544.9333      -25.00917   ]
 [ -41.692467    195.75484       9.990829  ]
 [   0.14491923    0.03712917    0.        ]
 [   0.            0.            0.1496    ]]
               x1       y1  area1          x2        y2  area2
range  328.882659  1.27452  168.0  328.939912  30.58087  149.0
FAILURE!!!! Some beads might have been misidentified
               x1        y1  area1          x2         y2  area2
range  328.930371  1.235419  164.0  328.946985  30.622154  149.0
FAILURE!!!! Some beads might have been misidentified
               x1        y1  area1          x2         y2  area2
range  328.894486  1.269121  173.0  329.046359  30.503156  142.0
FAILURE!!!! Some beads might have been misidentified
               x1        y1  area1          x2        y2  area2
range  328.903529  1.270529  161.0  328.936058  30.38302  146.0
FAILURE!!!! Some beads might have been misidentified
              x1        y1  area1          x2         y2  area2
range  328.88882  1.303977  174.0  329.005909  30.599709  147.0
FAILURE!!!! Some beads might have been misidentified
               x1       y1  area1          x2         y2  area2
range  328.882659  1.27452  168.0  328.926105  30.539227  148.0
FAILURE!!!! Some beads might have been misidentified
               x1       y1  area1          x2         y2  area2
range  328.882659  1.27452  168.0  328.951386  30.563614  148.0
FAILURE!!!! Some beads might have been misidentified
               x1        y1  area1          x2        y2  area2
range  328.882659  1.302815  168.0  328.939912  30.54635  145.0
FAILURE!!!! Some beads might have been misidentified
               x1       y1  area1          x2         y2  area2
range  328.903935  1.24774  170.0  328.939912  30.591674  150.0
FAILURE!!!! Some beads might have been misidentified
               x1        y1  area1          x2         y2  area2
range  328.920689  1.231783  169.0  329.028212  30.582121  148.0
FAILURE!!!! Some beads might have been misidentified
               x1        y1  area1          x2         y2  area2
range  328.831303  1.272757  169.0  328.878914  30.543189  146.0
FAILURE!!!! Some beads might have been misidentified
              x1       y1  area1          x2         y2  area2
range  329.05953  1.27452  169.0  329.179038  30.513601  149.0
FAILURE!!!! Some beads might have been misidentified
               x1       y1  area1          x2        y2  area2
range  328.751501  1.27452  166.0  328.787163  30.58924  150.0
FAILURE!!!! Some beads might have been misidentified
Residual vector length: 50, Jacobian shape: (50, 6)
view   0 | SOD= 560.680 mm | SDD= 761.018 mm | M= 1.357 | incident=2.9645°
[[ 129.49626    -544.9475      -25.008533  ]
 [ -41.688107    195.74132       9.9914665 ]
 [   0.14491938    0.03712859    0.        ]
 [   0.            0.            0.1496    ]]
               x1        y1  area1         x2         y2  area2
range  328.873596  1.228751  165.0  328.91105  30.564602  149.0
FAILURE!!!! Some beads might have been misidentified

iter 53 cost=0.752530 -> 0.757704 |dtheta|=1.618369e-02  lambda=1.000e-06

============================================================
Iteration 54
============================================================
Theta offsets (Unity frame):
  Source   : dSx=   0.000, dSy=   0.000, dSz=   0.000  (mm)
  Object   : dOx= -15.002, dOy= -12.009, dOz= -22.016  (mm)
  Object offset: offset_x=  -0.195, offset_z=   0.039  (mm)
  Detector : dDx=   0.000, dDy=   0.000, dDz=   0.000  (mm)
  Obj Stage rotY :   14.370 deg
============================================================

Unity geometry (world coordinates):
  Source   : x= -10.000, y=  55.000, z=   0.000
  Object   : x=  -0.002, y=  29.991, z= 559.984
  Detector : x=   8.000, y=  20.000, z= 760.000
  Obj rotY :   0.0000 deg
view   0 | SOD= 560.666 mm | SDD= 761.018 mm | M= 1.357 | incident=2.9645°
[[ 129.49487    -544.9333      -25.00917   ]
 [ -41.692467    195.75484       9.990829  ]
 [   0.14491923    0.03712917    0.        ]
 [   0.            0.            0.1496    ]]
               x1       y1  area1          x2        y2  area2
range  328.882659  1.27452  168.0  328.939912  30.58087  149.0
FAILURE!!!! Some beads might have been misidentified
               x1        y1  area1          x2         y2  area2
range  328.930371  1.235419  164.0  328.946985  30.622154  149.0
FAILURE!!!! Some beads might have been misidentified
               x1        y1  area1          x2         y2  area2
range  328.894486  1.269121  173.0  329.046359  30.503156  142.0
FAILURE!!!! Some beads might have been misidentified
               x1        y1  area1          x2        y2  area2
range  328.903529  1.270529  161.0  328.936058  30.38302  146.0
FAILURE!!!! Some beads might have been misidentified
              x1        y1  area1          x2         y2  area2
range  328.88882  1.303977  174.0  329.005909  30.599709  147.0
FAILURE!!!! Some beads might have been misidentified
               x1       y1  area1          x2         y2  area2
range  328.882659  1.27452  168.0  328.926105  30.539227  148.0
FAILURE!!!! Some beads might have been misidentified
               x1       y1  area1          x2         y2  area2
range  328.882659  1.27452  168.0  328.951386  30.563614  148.0
FAILURE!!!! Some beads might have been misidentified
               x1        y1  area1          x2        y2  area2
range  328.882659  1.302815  168.0  328.939912  30.54635  145.0
FAILURE!!!! Some beads might have been misidentified
               x1       y1  area1          x2         y2  area2
range  328.903935  1.24774  170.0  328.939912  30.591674  150.0
FAILURE!!!! Some beads might have been misidentified
               x1        y1  area1          x2         y2  area2
range  328.920689  1.231783  169.0  329.028212  30.582121  148.0
FAILURE!!!! Some beads might have been misidentified
               x1        y1  area1          x2         y2  area2
range  328.831303  1.272757  169.0  328.878914  30.543189  146.0
FAILURE!!!! Some beads might have been misidentified
              x1       y1  area1          x2         y2  area2
range  329.05953  1.27452  169.0  329.179038  30.513601  149.0
FAILURE!!!! Some beads might have been misidentified
               x1       y1  area1          x2        y2  area2
range  328.751501  1.27452  166.0  328.787163  30.58924  150.0
FAILURE!!!! Some beads might have been misidentified
Residual vector length: 50, Jacobian shape: (50, 6)
view   0 | SOD= 560.680 mm | SDD= 761.018 mm | M= 1.357 | incident=2.9645°
[[ 129.49626    -544.9475      -25.008533  ]
 [ -41.688107    195.74132       9.9914665 ]
 [   0.14491938    0.03712859    0.        ]
 [   0.            0.            0.1496    ]]
               x1        y1  area1         x2         y2  area2
range  328.873596  1.228751  165.0  328.91105  30.564602  149.0
FAILURE!!!! Some beads might have been misidentified

iter 54 cost=0.752530 -> 0.757704 |dtheta|=1.618369e-02  lambda=5.000e-06

============================================================
Iteration 55
============================================================
Theta offsets (Unity frame):
  Source   : dSx=   0.000, dSy=   0.000, dSz=   0.000  (mm)
  Object   : dOx= -15.002, dOy= -12.009, dOz= -22.016  (mm)
  Object offset: offset_x=  -0.195, offset_z=   0.039  (mm)
  Detector : dDx=   0.000, dDy=   0.000, dDz=   0.000  (mm)
  Obj Stage rotY :   14.370 deg
============================================================

Unity geometry (world coordinates):
  Source   : x= -10.000, y=  55.000, z=   0.000
  Object   : x=  -0.002, y=  29.991, z= 559.984
  Detector : x=   8.000, y=  20.000, z= 760.000
  Obj rotY :   0.0000 deg
view   0 | SOD= 560.666 mm | SDD= 761.018 mm | M= 1.357 | incident=2.9645°
[[ 129.49487    -544.9333      -25.00917   ]
 [ -41.692467    195.75484       9.990829  ]
 [   0.14491923    0.03712917    0.        ]
 [   0.            0.            0.1496    ]]
               x1       y1  area1          x2        y2  area2
range  328.882659  1.27452  168.0  328.939912  30.58087  149.0
FAILURE!!!! Some beads might have been misidentified
               x1        y1  area1          x2         y2  area2
range  328.930371  1.235419  164.0  328.946985  30.622154  149.0
FAILURE!!!! Some beads might have been misidentified
               x1        y1  area1          x2         y2  area2
range  328.894486  1.269121  173.0  329.046359  30.503156  142.0
FAILURE!!!! Some beads might have been misidentified
               x1        y1  area1          x2        y2  area2
range  328.903529  1.270529  161.0  328.936058  30.38302  146.0
FAILURE!!!! Some beads might have been misidentified
              x1        y1  area1          x2         y2  area2
range  328.88882  1.303977  174.0  329.005909  30.599709  147.0
FAILURE!!!! Some beads might have been misidentified
               x1       y1  area1          x2         y2  area2
range  328.882659  1.27452  168.0  328.926105  30.539227  148.0
FAILURE!!!! Some beads might have been misidentified
               x1       y1  area1          x2         y2  area2
range  328.882659  1.27452  168.0  328.951386  30.563614  148.0
FAILURE!!!! Some beads might have been misidentified
               x1        y1  area1          x2        y2  area2
range  328.882659  1.302815  168.0  328.939912  30.54635  145.0
FAILURE!!!! Some beads might have been misidentified
               x1       y1  area1          x2         y2  area2
range  328.903935  1.24774  170.0  328.939912  30.591674  150.0
FAILURE!!!! Some beads might have been misidentified
               x1        y1  area1          x2         y2  area2
range  328.920689  1.231783  169.0  329.028212  30.582121  148.0
FAILURE!!!! Some beads might have been misidentified
               x1        y1  area1          x2         y2  area2
range  328.831303  1.272757  169.0  328.878914  30.543189  146.0
FAILURE!!!! Some beads might have been misidentified
              x1       y1  area1          x2         y2  area2
range  329.05953  1.27452  169.0  329.179038  30.513601  149.0
FAILURE!!!! Some beads might have been misidentified
               x1       y1  area1          x2        y2  area2
range  328.751501  1.27452  166.0  328.787163  30.58924  150.0
FAILURE!!!! Some beads might have been misidentified
Residual vector length: 50, Jacobian shape: (50, 6)
view   0 | SOD= 560.680 mm | SDD= 761.018 mm | M= 1.357 | incident=2.9645°
[[ 129.49626    -544.9475      -25.008533  ]
 [ -41.688107    195.74132       9.9914665 ]
 [   0.14491938    0.03712859    0.        ]
 [   0.            0.            0.1496    ]]
               x1        y1  area1         x2         y2  area2
range  328.873596  1.228751  165.0  328.91105  30.564602  149.0
FAILURE!!!! Some beads might have been misidentified

iter 55 cost=0.752530 -> 0.757704 |dtheta|=1.618368e-02  lambda=2.500e-05

============================================================
Iteration 56
============================================================
Theta offsets (Unity frame):
  Source   : dSx=   0.000, dSy=   0.000, dSz=   0.000  (mm)
  Object   : dOx= -15.002, dOy= -12.009, dOz= -22.016  (mm)
  Object offset: offset_x=  -0.195, offset_z=   0.039  (mm)
  Detector : dDx=   0.000, dDy=   0.000, dDz=   0.000  (mm)
  Obj Stage rotY :   14.370 deg
============================================================

Unity geometry (world coordinates):
  Source   : x= -10.000, y=  55.000, z=   0.000
  Object   : x=  -0.002, y=  29.991, z= 559.984
  Detector : x=   8.000, y=  20.000, z= 760.000
  Obj rotY :   0.0000 deg
view   0 | SOD= 560.666 mm | SDD= 761.018 mm | M= 1.357 | incident=2.9645°
[[ 129.49487    -544.9333      -25.00917   ]
 [ -41.692467    195.75484       9.990829  ]
 [   0.14491923    0.03712917    0.        ]
 [   0.            0.            0.1496    ]]
               x1       y1  area1          x2        y2  area2
range  328.882659  1.27452  168.0  328.939912  30.58087  149.0
FAILURE!!!! Some beads might have been misidentified
               x1        y1  area1          x2         y2  area2
range  328.930371  1.235419  164.0  328.946985  30.622154  149.0
FAILURE!!!! Some beads might have been misidentified
               x1        y1  area1          x2         y2  area2
range  328.894486  1.269121  173.0  329.046359  30.503156  142.0
FAILURE!!!! Some beads might have been misidentified
               x1        y1  area1          x2        y2  area2
range  328.903529  1.270529  161.0  328.936058  30.38302  146.0
FAILURE!!!! Some beads might have been misidentified
              x1        y1  area1          x2         y2  area2
range  328.88882  1.303977  174.0  329.005909  30.599709  147.0
FAILURE!!!! Some beads might have been misidentified
               x1       y1  area1          x2         y2  area2
range  328.882659  1.27452  168.0  328.926105  30.539227  148.0
FAILURE!!!! Some beads might have been misidentified
               x1       y1  area1          x2         y2  area2
range  328.882659  1.27452  168.0  328.951386  30.563614  148.0
FAILURE!!!! Some beads might have been misidentified
               x1        y1  area1          x2        y2  area2
range  328.882659  1.302815  168.0  328.939912  30.54635  145.0
FAILURE!!!! Some beads might have been misidentified
               x1       y1  area1          x2         y2  area2
range  328.903935  1.24774  170.0  328.939912  30.591674  150.0
FAILURE!!!! Some beads might have been misidentified
               x1        y1  area1          x2         y2  area2
range  328.920689  1.231783  169.0  329.028212  30.582121  148.0
FAILURE!!!! Some beads might have been misidentified
               x1        y1  area1          x2         y2  area2
range  328.831303  1.272757  169.0  328.878914  30.543189  146.0
FAILURE!!!! Some beads might have been misidentified
              x1       y1  area1          x2         y2  area2
range  329.05953  1.27452  169.0  329.179038  30.513601  149.0
FAILURE!!!! Some beads might have been misidentified
               x1       y1  area1          x2        y2  area2
range  328.751501  1.27452  166.0  328.787163  30.58924  150.0
FAILURE!!!! Some beads might have been misidentified
Residual vector length: 50, Jacobian shape: (50, 6)
view   0 | SOD= 560.680 mm | SDD= 761.018 mm | M= 1.357 | incident=2.9645°
[[ 129.49626    -544.9475      -25.008533  ]
 [ -41.688107    195.74132       9.9914665 ]
 [   0.14491938    0.03712859    0.        ]
 [   0.            0.            0.1496    ]]
               x1        y1  area1         x2         y2  area2
range  328.873596  1.228751  165.0  328.91105  30.564602  149.0
FAILURE!!!! Some beads might have been misidentified

iter 56 cost=0.752530 -> 0.757704 |dtheta|=1.618363e-02  lambda=1.250e-04

============================================================
Iteration 57
============================================================
Theta offsets (Unity frame):
  Source   : dSx=   0.000, dSy=   0.000, dSz=   0.000  (mm)
  Object   : dOx= -15.002, dOy= -12.009, dOz= -22.016  (mm)
  Object offset: offset_x=  -0.195, offset_z=   0.039  (mm)
  Detector : dDx=   0.000, dDy=   0.000, dDz=   0.000  (mm)
  Obj Stage rotY :   14.370 deg
============================================================

Unity geometry (world coordinates):
  Source   : x= -10.000, y=  55.000, z=   0.000
  Object   : x=  -0.002, y=  29.991, z= 559.984
  Detector : x=   8.000, y=  20.000, z= 760.000
  Obj rotY :   0.0000 deg
view   0 | SOD= 560.666 mm | SDD= 761.018 mm | M= 1.357 | incident=2.9645°
[[ 129.49487    -544.9333      -25.00917   ]
 [ -41.692467    195.75484       9.990829  ]
 [   0.14491923    0.03712917    0.        ]
 [   0.            0.            0.1496    ]]
               x1       y1  area1          x2        y2  area2
range  328.882659  1.27452  168.0  328.939912  30.58087  149.0
FAILURE!!!! Some beads might have been misidentified
               x1        y1  area1          x2         y2  area2
range  328.930371  1.235419  164.0  328.946985  30.622154  149.0
FAILURE!!!! Some beads might have been misidentified
               x1        y1  area1          x2         y2  area2
range  328.894486  1.269121  173.0  329.046359  30.503156  142.0
FAILURE!!!! Some beads might have been misidentified
               x1        y1  area1          x2        y2  area2
range  328.903529  1.270529  161.0  328.936058  30.38302  146.0
FAILURE!!!! Some beads might have been misidentified
              x1        y1  area1          x2         y2  area2
range  328.88882  1.303977  174.0  329.005909  30.599709  147.0
FAILURE!!!! Some beads might have been misidentified
               x1       y1  area1          x2         y2  area2
range  328.882659  1.27452  168.0  328.926105  30.539227  148.0
FAILURE!!!! Some beads might have been misidentified
               x1       y1  area1          x2         y2  area2
range  328.882659  1.27452  168.0  328.951386  30.563614  148.0
FAILURE!!!! Some beads might have been misidentified
               x1        y1  area1          x2        y2  area2
range  328.882659  1.302815  168.0  328.939912  30.54635  145.0
FAILURE!!!! Some beads might have been misidentified
               x1       y1  area1          x2         y2  area2
range  328.903935  1.24774  170.0  328.939912  30.591674  150.0
FAILURE!!!! Some beads might have been misidentified
               x1        y1  area1          x2         y2  area2
range  328.920689  1.231783  169.0  329.028212  30.582121  148.0
FAILURE!!!! Some beads might have been misidentified
               x1        y1  area1          x2         y2  area2
range  328.831303  1.272757  169.0  328.878914  30.543189  146.0
FAILURE!!!! Some beads might have been misidentified
              x1       y1  area1          x2         y2  area2
range  329.05953  1.27452  169.0  329.179038  30.513601  149.0
FAILURE!!!! Some beads might have been misidentified
               x1       y1  area1          x2        y2  area2
range  328.751501  1.27452  166.0  328.787163  30.58924  150.0
FAILURE!!!! Some beads might have been misidentified
Residual vector length: 50, Jacobian shape: (50, 6)
view   0 | SOD= 560.680 mm | SDD= 761.018 mm | M= 1.357 | incident=2.9645°
[[ 129.49626    -544.9475      -25.008533  ]
 [ -41.688107    195.74132       9.9914665 ]
 [   0.14491938    0.03712859    0.        ]
 [   0.            0.            0.1496    ]]
               x1        y1  area1         x2         y2  area2
range  328.873596  1.228751  165.0  328.91105  30.564602  149.0
FAILURE!!!! Some beads might have been misidentified

iter 57 cost=0.752530 -> 0.757704 |dtheta|=1.618340e-02  lambda=6.250e-04

============================================================
Iteration 58
============================================================
Theta offsets (Unity frame):
  Source   : dSx=   0.000, dSy=   0.000, dSz=   0.000  (mm)
  Object   : dOx= -15.002, dOy= -12.009, dOz= -22.016  (mm)
  Object offset: offset_x=  -0.195, offset_z=   0.039  (mm)
  Detector : dDx=   0.000, dDy=   0.000, dDz=   0.000  (mm)
  Obj Stage rotY :   14.370 deg
============================================================

Unity geometry (world coordinates):
  Source   : x= -10.000, y=  55.000, z=   0.000
  Object   : x=  -0.002, y=  29.991, z= 559.984
  Detector : x=   8.000, y=  20.000, z= 760.000
  Obj rotY :   0.0000 deg
view   0 | SOD= 560.666 mm | SDD= 761.018 mm | M= 1.357 | incident=2.9645°
[[ 129.49487    -544.9333      -25.00917   ]
 [ -41.692467    195.75484       9.990829  ]
 [   0.14491923    0.03712917    0.        ]
 [   0.            0.            0.1496    ]]
               x1       y1  area1          x2        y2  area2
range  328.882659  1.27452  168.0  328.939912  30.58087  149.0
FAILURE!!!! Some beads might have been misidentified
               x1        y1  area1          x2         y2  area2
range  328.930371  1.235419  164.0  328.946985  30.622154  149.0
FAILURE!!!! Some beads might have been misidentified
               x1        y1  area1          x2         y2  area2
range  328.894486  1.269121  173.0  329.046359  30.503156  142.0
FAILURE!!!! Some beads might have been misidentified
               x1        y1  area1          x2        y2  area2
range  328.903529  1.270529  161.0  328.936058  30.38302  146.0
FAILURE!!!! Some beads might have been misidentified
              x1        y1  area1          x2         y2  area2
range  328.88882  1.303977  174.0  329.005909  30.599709  147.0
FAILURE!!!! Some beads might have been misidentified
               x1       y1  area1          x2         y2  area2
range  328.882659  1.27452  168.0  328.926105  30.539227  148.0
FAILURE!!!! Some beads might have been misidentified
               x1       y1  area1          x2         y2  area2
range  328.882659  1.27452  168.0  328.951386  30.563614  148.0
FAILURE!!!! Some beads might have been misidentified
               x1        y1  area1          x2        y2  area2
range  328.882659  1.302815  168.0  328.939912  30.54635  145.0
FAILURE!!!! Some beads might have been misidentified
               x1       y1  area1          x2         y2  area2
range  328.903935  1.24774  170.0  328.939912  30.591674  150.0
FAILURE!!!! Some beads might have been misidentified
               x1        y1  area1          x2         y2  area2
range  328.920689  1.231783  169.0  329.028212  30.582121  148.0
FAILURE!!!! Some beads might have been misidentified
               x1        y1  area1          x2         y2  area2
range  328.831303  1.272757  169.0  328.878914  30.543189  146.0
FAILURE!!!! Some beads might have been misidentified
              x1       y1  area1          x2         y2  area2
range  329.05953  1.27452  169.0  329.179038  30.513601  149.0
FAILURE!!!! Some beads might have been misidentified
               x1       y1  area1          x2        y2  area2
range  328.751501  1.27452  166.0  328.787163  30.58924  150.0
FAILURE!!!! Some beads might have been misidentified
Residual vector length: 50, Jacobian shape: (50, 6)
view   0 | SOD= 560.680 mm | SDD= 761.018 mm | M= 1.357 | incident=2.9645°
[[ 129.49626    -544.9475      -25.008533  ]
 [ -41.688103    195.74132       9.9914665 ]
 [   0.14491938    0.03712859    0.        ]
 [   0.            0.            0.1496    ]]
               x1        y1  area1         x2         y2  area2
range  328.873596  1.228751  165.0  328.91105  30.564602  149.0
FAILURE!!!! Some beads might have been misidentified

iter 58 cost=0.752530 -> 0.757704 |dtheta|=1.618224e-02  lambda=3.125e-03

============================================================
Iteration 59
============================================================
Theta offsets (Unity frame):
  Source   : dSx=   0.000, dSy=   0.000, dSz=   0.000  (mm)
  Object   : dOx= -15.002, dOy= -12.009, dOz= -22.016  (mm)
  Object offset: offset_x=  -0.195, offset_z=   0.039  (mm)
  Detector : dDx=   0.000, dDy=   0.000, dDz=   0.000  (mm)
  Obj Stage rotY :   14.370 deg
============================================================

Unity geometry (world coordinates):
  Source   : x= -10.000, y=  55.000, z=   0.000
  Object   : x=  -0.002, y=  29.991, z= 559.984
  Detector : x=   8.000, y=  20.000, z= 760.000
  Obj rotY :   0.0000 deg
view   0 | SOD= 560.666 mm | SDD= 761.018 mm | M= 1.357 | incident=2.9645°
[[ 129.49487    -544.9333      -25.00917   ]
 [ -41.692467    195.75484       9.990829  ]
 [   0.14491923    0.03712917    0.        ]
 [   0.            0.            0.1496    ]]
               x1       y1  area1          x2        y2  area2
range  328.882659  1.27452  168.0  328.939912  30.58087  149.0
FAILURE!!!! Some beads might have been misidentified
               x1        y1  area1          x2         y2  area2
range  328.930371  1.235419  164.0  328.946985  30.622154  149.0
FAILURE!!!! Some beads might have been misidentified
               x1        y1  area1          x2         y2  area2
range  328.894486  1.269121  173.0  329.046359  30.503156  142.0
FAILURE!!!! Some beads might have been misidentified
               x1        y1  area1          x2        y2  area2
range  328.903529  1.270529  161.0  328.936058  30.38302  146.0
FAILURE!!!! Some beads might have been misidentified
              x1        y1  area1          x2         y2  area2
range  328.88882  1.303977  174.0  329.005909  30.599709  147.0
FAILURE!!!! Some beads might have been misidentified
               x1       y1  area1          x2         y2  area2
range  328.882659  1.27452  168.0  328.926105  30.539227  148.0
FAILURE!!!! Some beads might have been misidentified
               x1       y1  area1          x2         y2  area2
range  328.882659  1.27452  168.0  328.951386  30.563614  148.0
FAILURE!!!! Some beads might have been misidentified
               x1        y1  area1          x2        y2  area2
range  328.882659  1.302815  168.0  328.939912  30.54635  145.0
FAILURE!!!! Some beads might have been misidentified
               x1       y1  area1          x2         y2  area2
range  328.903935  1.24774  170.0  328.939912  30.591674  150.0
FAILURE!!!! Some beads might have been misidentified
               x1        y1  area1          x2         y2  area2
range  328.920689  1.231783  169.0  329.028212  30.582121  148.0
FAILURE!!!! Some beads might have been misidentified
               x1        y1  area1          x2         y2  area2
range  328.831303  1.272757  169.0  328.878914  30.543189  146.0
FAILURE!!!! Some beads might have been misidentified
              x1       y1  area1          x2         y2  area2
range  329.05953  1.27452  169.0  329.179038  30.513601  149.0
FAILURE!!!! Some beads might have been misidentified
               x1       y1  area1          x2        y2  area2
range  328.751501  1.27452  166.0  328.787163  30.58924  150.0
FAILURE!!!! Some beads might have been misidentified
Residual vector length: 50, Jacobian shape: (50, 6)
view   0 | SOD= 560.680 mm | SDD= 761.018 mm | M= 1.357 | incident=2.9645°
[[ 129.49623    -544.94745     -25.008532  ]
 [ -41.688114    195.74136       9.991468  ]
 [   0.14491938    0.03712859    0.        ]
 [   0.            0.            0.1496    ]]
               x1        y1  area1         x2         y2  area2
range  328.856764  1.228751  165.0  328.91105  30.564602  149.0
FAILURE!!!! Some beads might have been misidentified

iter 59 cost=0.752530 -> 0.757829 |dtheta|=1.617642e-02  lambda=1.562e-02

============================================================
Iteration 60
============================================================
Theta offsets (Unity frame):
  Source   : dSx=   0.000, dSy=   0.000, dSz=   0.000  (mm)
  Object   : dOx= -15.002, dOy= -12.009, dOz= -22.016  (mm)
  Object offset: offset_x=  -0.195, offset_z=   0.039  (mm)
  Detector : dDx=   0.000, dDy=   0.000, dDz=   0.000  (mm)
  Obj Stage rotY :   14.370 deg
============================================================

Unity geometry (world coordinates):
  Source   : x= -10.000, y=  55.000, z=   0.000
  Object   : x=  -0.002, y=  29.991, z= 559.984
  Detector : x=   8.000, y=  20.000, z= 760.000
  Obj rotY :   0.0000 deg
view   0 | SOD= 560.666 mm | SDD= 761.018 mm | M= 1.357 | incident=2.9645°
[[ 129.49487    -544.9333      -25.00917   ]
 [ -41.692467    195.75484       9.990829  ]
 [   0.14491923    0.03712917    0.        ]
 [   0.            0.            0.1496    ]]
               x1       y1  area1          x2        y2  area2
range  328.882659  1.27452  168.0  328.939912  30.58087  149.0
FAILURE!!!! Some beads might have been misidentified
               x1        y1  area1          x2         y2  area2
range  328.930371  1.235419  164.0  328.946985  30.622154  149.0
FAILURE!!!! Some beads might have been misidentified
               x1        y1  area1          x2         y2  area2
range  328.894486  1.269121  173.0  329.046359  30.503156  142.0
FAILURE!!!! Some beads might have been misidentified
               x1        y1  area1          x2        y2  area2
range  328.903529  1.270529  161.0  328.936058  30.38302  146.0
FAILURE!!!! Some beads might have been misidentified
              x1        y1  area1          x2         y2  area2
range  328.88882  1.303977  174.0  329.005909  30.599709  147.0
FAILURE!!!! Some beads might have been misidentified
               x1       y1  area1          x2         y2  area2
range  328.882659  1.27452  168.0  328.926105  30.539227  148.0
FAILURE!!!! Some beads might have been misidentified
               x1       y1  area1          x2         y2  area2
range  328.882659  1.27452  168.0  328.951386  30.563614  148.0
FAILURE!!!! Some beads might have been misidentified
               x1        y1  area1          x2        y2  area2
range  328.882659  1.302815  168.0  328.939912  30.54635  145.0
FAILURE!!!! Some beads might have been misidentified
               x1       y1  area1          x2         y2  area2
range  328.903935  1.24774  170.0  328.939912  30.591674  150.0
FAILURE!!!! Some beads might have been misidentified
               x1        y1  area1          x2         y2  area2
range  328.920689  1.231783  169.0  329.028212  30.582121  148.0
FAILURE!!!! Some beads might have been misidentified
               x1        y1  area1          x2         y2  area2
range  328.831303  1.272757  169.0  328.878914  30.543189  146.0
FAILURE!!!! Some beads might have been misidentified
              x1       y1  area1          x2         y2  area2
range  329.05953  1.27452  169.0  329.179038  30.513601  149.0
FAILURE!!!! Some beads might have been misidentified
               x1       y1  area1          x2        y2  area2
range  328.751501  1.27452  166.0  328.787163  30.58924  150.0
FAILURE!!!! Some beads might have been misidentified
Residual vector length: 50, Jacobian shape: (50, 6)
view   0 | SOD= 560.680 mm | SDD= 761.018 mm | M= 1.357 | incident=2.9645°
[[ 129.49617    -544.94745     -25.00853   ]
 [ -41.68809     195.74138       9.99147   ]
 [   0.14491938    0.03712857    0.        ]
 [   0.            0.            0.1496    ]]
               x1        y1  area1         x2         y2  area2
range  328.856764  1.228751  165.0  328.91105  30.564602  149.0
FAILURE!!!! Some beads might have been misidentified

iter 60 cost=0.752530 -> 0.757829 |dtheta|=1.614742e-02  lambda=7.812e-02

============================================================
Iteration 61
============================================================
Theta offsets (Unity frame):
  Source   : dSx=   0.000, dSy=   0.000, dSz=   0.000  (mm)
  Object   : dOx= -15.002, dOy= -12.009, dOz= -22.016  (mm)
  Object offset: offset_x=  -0.195, offset_z=   0.039  (mm)
  Detector : dDx=   0.000, dDy=   0.000, dDz=   0.000  (mm)
  Obj Stage rotY :   14.370 deg
============================================================

Unity geometry (world coordinates):
  Source   : x= -10.000, y=  55.000, z=   0.000
  Object   : x=  -0.002, y=  29.991, z= 559.984
  Detector : x=   8.000, y=  20.000, z= 760.000
  Obj rotY :   0.0000 deg
view   0 | SOD= 560.666 mm | SDD= 761.018 mm | M= 1.357 | incident=2.9645°
[[ 129.49487    -544.9333      -25.00917   ]
 [ -41.692467    195.75484       9.990829  ]
 [   0.14491923    0.03712917    0.        ]
 [   0.            0.            0.1496    ]]
               x1       y1  area1          x2        y2  area2
range  328.882659  1.27452  168.0  328.939912  30.58087  149.0
FAILURE!!!! Some beads might have been misidentified
               x1        y1  area1          x2         y2  area2
range  328.930371  1.235419  164.0  328.946985  30.622154  149.0
FAILURE!!!! Some beads might have been misidentified
               x1        y1  area1          x2         y2  area2
range  328.894486  1.269121  173.0  329.046359  30.503156  142.0
FAILURE!!!! Some beads might have been misidentified
               x1        y1  area1          x2        y2  area2
range  328.903529  1.270529  161.0  328.936058  30.38302  146.0
FAILURE!!!! Some beads might have been misidentified
              x1        y1  area1          x2         y2  area2
range  328.88882  1.303977  174.0  329.005909  30.599709  147.0
FAILURE!!!! Some beads might have been misidentified
               x1       y1  area1          x2         y2  area2
range  328.882659  1.27452  168.0  328.926105  30.539227  148.0
FAILURE!!!! Some beads might have been misidentified
               x1       y1  area1          x2         y2  area2
range  328.882659  1.27452  168.0  328.951386  30.563614  148.0
FAILURE!!!! Some beads might have been misidentified
               x1        y1  area1          x2        y2  area2
range  328.882659  1.302815  168.0  328.939912  30.54635  145.0
FAILURE!!!! Some beads might have been misidentified
               x1       y1  area1          x2         y2  area2
range  328.903935  1.24774  170.0  328.939912  30.591674  150.0
FAILURE!!!! Some beads might have been misidentified
               x1        y1  area1          x2         y2  area2
range  328.920689  1.231783  169.0  329.028212  30.582121  148.0
FAILURE!!!! Some beads might have been misidentified
               x1        y1  area1          x2         y2  area2
range  328.831303  1.272757  169.0  328.878914  30.543189  146.0
FAILURE!!!! Some beads might have been misidentified
              x1       y1  area1          x2         y2  area2
range  329.05953  1.27452  169.0  329.179038  30.513601  149.0
FAILURE!!!! Some beads might have been misidentified
               x1       y1  area1          x2        y2  area2
range  328.751501  1.27452  166.0  328.787163  30.58924  150.0
FAILURE!!!! Some beads might have been misidentified
Residual vector length: 50, Jacobian shape: (50, 6)
view   0 | SOD= 560.680 mm | SDD= 761.018 mm | M= 1.357 | incident=2.9645°
[[ 129.49583    -544.9473      -25.008526  ]
 [ -41.688015    195.74158       9.991474  ]
 [   0.14491941    0.03712849    0.        ]
 [   0.            0.            0.1496    ]]
               x1        y1  area1         x2         y2  area2
range  328.856764  1.228751  165.0  328.91105  30.564602  149.0
FAILURE!!!! Some beads might have been misidentified

iter 61 cost=0.752530 -> 0.757829 |dtheta|=1.600476e-02  lambda=3.906e-01

============================================================
Iteration 62
============================================================
Theta offsets (Unity frame):
  Source   : dSx=   0.000, dSy=   0.000, dSz=   0.000  (mm)
  Object   : dOx= -15.002, dOy= -12.009, dOz= -22.016  (mm)
  Object offset: offset_x=  -0.195, offset_z=   0.039  (mm)
  Detector : dDx=   0.000, dDy=   0.000, dDz=   0.000  (mm)
  Obj Stage rotY :   14.370 deg
============================================================

Unity geometry (world coordinates):
  Source   : x= -10.000, y=  55.000, z=   0.000
  Object   : x=  -0.002, y=  29.991, z= 559.984
  Detector : x=   8.000, y=  20.000, z= 760.000
  Obj rotY :   0.0000 deg
view   0 | SOD= 560.666 mm | SDD= 761.018 mm | M= 1.357 | incident=2.9645°
[[ 129.49487    -544.9333      -25.00917   ]
 [ -41.692467    195.75484       9.990829  ]
 [   0.14491923    0.03712917    0.        ]
 [   0.            0.            0.1496    ]]
               x1       y1  area1          x2        y2  area2
range  328.882659  1.27452  168.0  328.939912  30.58087  149.0
FAILURE!!!! Some beads might have been misidentified
               x1        y1  area1          x2         y2  area2
range  328.930371  1.235419  164.0  328.946985  30.622154  149.0
FAILURE!!!! Some beads might have been misidentified
               x1        y1  area1          x2         y2  area2
range  328.894486  1.269121  173.0  329.046359  30.503156  142.0
FAILURE!!!! Some beads might have been misidentified
               x1        y1  area1          x2        y2  area2
range  328.903529  1.270529  161.0  328.936058  30.38302  146.0
FAILURE!!!! Some beads might have been misidentified
              x1        y1  area1          x2         y2  area2
range  328.88882  1.303977  174.0  329.005909  30.599709  147.0
FAILURE!!!! Some beads might have been misidentified
               x1       y1  area1          x2         y2  area2
range  328.882659  1.27452  168.0  328.926105  30.539227  148.0
FAILURE!!!! Some beads might have been misidentified
               x1       y1  area1          x2         y2  area2
range  328.882659  1.27452  168.0  328.951386  30.563614  148.0
FAILURE!!!! Some beads might have been misidentified
               x1        y1  area1          x2        y2  area2
range  328.882659  1.302815  168.0  328.939912  30.54635  145.0
FAILURE!!!! Some beads might have been misidentified
               x1       y1  area1          x2         y2  area2
range  328.903935  1.24774  170.0  328.939912  30.591674  150.0
FAILURE!!!! Some beads might have been misidentified
               x1        y1  area1          x2         y2  area2
range  328.920689  1.231783  169.0  329.028212  30.582121  148.0
FAILURE!!!! Some beads might have been misidentified
               x1        y1  area1          x2         y2  area2
range  328.831303  1.272757  169.0  328.878914  30.543189  146.0
FAILURE!!!! Some beads might have been misidentified
              x1       y1  area1          x2         y2  area2
range  329.05953  1.27452  169.0  329.179038  30.513601  149.0
FAILURE!!!! Some beads might have been misidentified
               x1       y1  area1          x2        y2  area2
range  328.751501  1.27452  166.0  328.787163  30.58924  150.0
FAILURE!!!! Some beads might have been misidentified
Residual vector length: 50, Jacobian shape: (50, 6)
view   0 | SOD= 560.679 mm | SDD= 761.018 mm | M= 1.357 | incident=2.9645°
[[ 129.49445    -544.9469      -25.0085    ]
 [ -41.68767     195.7424        9.991501  ]
 [   0.1449195     0.03712815    0.        ]
 [   0.            0.            0.1496    ]]
               x1        y1  area1         x2         y2  area2
range  328.856764  1.228751  166.0  328.91105  30.564602  149.0
FAILURE!!!! Some beads might have been misidentified

iter 62 cost=0.752530 -> 0.767317 |dtheta|=1.534472e-02  lambda=1.953e+00

============================================================
Iteration 63
============================================================
Theta offsets (Unity frame):
  Source   : dSx=   0.000, dSy=   0.000, dSz=   0.000  (mm)
  Object   : dOx= -15.002, dOy= -12.009, dOz= -22.016  (mm)
  Object offset: offset_x=  -0.195, offset_z=   0.039  (mm)
  Detector : dDx=   0.000, dDy=   0.000, dDz=   0.000  (mm)
  Obj Stage rotY :   14.370 deg
============================================================

Unity geometry (world coordinates):
  Source   : x= -10.000, y=  55.000, z=   0.000
  Object   : x=  -0.002, y=  29.991, z= 559.984
  Detector : x=   8.000, y=  20.000, z= 760.000
  Obj rotY :   0.0000 deg
view   0 | SOD= 560.666 mm | SDD= 761.018 mm | M= 1.357 | incident=2.9645°
[[ 129.49487    -544.9333      -25.00917   ]
 [ -41.692467    195.75484       9.990829  ]
 [   0.14491923    0.03712917    0.        ]
 [   0.            0.            0.1496    ]]
               x1       y1  area1          x2        y2  area2
range  328.882659  1.27452  168.0  328.939912  30.58087  149.0
FAILURE!!!! Some beads might have been misidentified
               x1        y1  area1          x2         y2  area2
range  328.930371  1.235419  164.0  328.946985  30.622154  149.0
FAILURE!!!! Some beads might have been misidentified
               x1        y1  area1          x2         y2  area2
range  328.894486  1.269121  173.0  329.046359  30.503156  142.0
FAILURE!!!! Some beads might have been misidentified
               x1        y1  area1          x2        y2  area2
range  328.903529  1.270529  161.0  328.936058  30.38302  146.0
FAILURE!!!! Some beads might have been misidentified
              x1        y1  area1          x2         y2  area2
range  328.88882  1.303977  174.0  329.005909  30.599709  147.0
FAILURE!!!! Some beads might have been misidentified
               x1       y1  area1          x2         y2  area2
range  328.882659  1.27452  168.0  328.926105  30.539227  148.0
FAILURE!!!! Some beads might have been misidentified
               x1       y1  area1          x2         y2  area2
range  328.882659  1.27452  168.0  328.951386  30.563614  148.0
FAILURE!!!! Some beads might have been misidentified
               x1        y1  area1          x2        y2  area2
range  328.882659  1.302815  168.0  328.939912  30.54635  145.0
FAILURE!!!! Some beads might have been misidentified
               x1       y1  area1          x2         y2  area2
range  328.903935  1.24774  170.0  328.939912  30.591674  150.0
FAILURE!!!! Some beads might have been misidentified
               x1        y1  area1          x2         y2  area2
range  328.920689  1.231783  169.0  329.028212  30.582121  148.0
FAILURE!!!! Some beads might have been misidentified
               x1        y1  area1          x2         y2  area2
range  328.831303  1.272757  169.0  328.878914  30.543189  146.0
FAILURE!!!! Some beads might have been misidentified
              x1       y1  area1          x2         y2  area2
range  329.05953  1.27452  169.0  329.179038  30.513601  149.0
FAILURE!!!! Some beads might have been misidentified
               x1       y1  area1          x2        y2  area2
range  328.751501  1.27452  166.0  328.787163  30.58924  150.0
FAILURE!!!! Some beads might have been misidentified
Residual vector length: 50, Jacobian shape: (50, 6)
view   0 | SOD= 560.677 mm | SDD= 761.018 mm | M= 1.357 | incident=2.9645°
[[ 129.4909     -544.9449      -25.008396  ]
 [ -41.687103    195.7454        9.991604  ]
 [   0.14491971    0.03712735    0.        ]
 [   0.            0.            0.1496    ]]
               x1        y1  area1         x2         y2  area2
range  328.856764  1.228751  166.0  328.91105  30.564602  149.0
FAILURE!!!! Some beads might have been misidentified

iter 63 cost=0.752530 -> 0.763534 |dtheta|=1.297651e-02  lambda=9.766e+00

============================================================
Iteration 64
============================================================
Theta offsets (Unity frame):
  Source   : dSx=   0.000, dSy=   0.000, dSz=   0.000  (mm)
  Object   : dOx= -15.002, dOy= -12.009, dOz= -22.016  (mm)
  Object offset: offset_x=  -0.195, offset_z=   0.039  (mm)
  Detector : dDx=   0.000, dDy=   0.000, dDz=   0.000  (mm)
  Obj Stage rotY :   14.370 deg
============================================================

Unity geometry (world coordinates):
  Source   : x= -10.000, y=  55.000, z=   0.000
  Object   : x=  -0.002, y=  29.991, z= 559.984
  Detector : x=   8.000, y=  20.000, z= 760.000
  Obj rotY :   0.0000 deg
view   0 | SOD= 560.666 mm | SDD= 761.018 mm | M= 1.357 | incident=2.9645°
[[ 129.49487    -544.9333      -25.00917   ]
 [ -41.692467    195.75484       9.990829  ]
 [   0.14491923    0.03712917    0.        ]
 [   0.            0.            0.1496    ]]
               x1       y1  area1          x2        y2  area2
range  328.882659  1.27452  168.0  328.939912  30.58087  149.0
FAILURE!!!! Some beads might have been misidentified
               x1        y1  area1          x2         y2  area2
range  328.930371  1.235419  164.0  328.946985  30.622154  149.0
FAILURE!!!! Some beads might have been misidentified
               x1        y1  area1          x2         y2  area2
range  328.894486  1.269121  173.0  329.046359  30.503156  142.0
FAILURE!!!! Some beads might have been misidentified
               x1        y1  area1          x2        y2  area2
range  328.903529  1.270529  161.0  328.936058  30.38302  146.0
FAILURE!!!! Some beads might have been misidentified
              x1        y1  area1          x2         y2  area2
range  328.88882  1.303977  174.0  329.005909  30.599709  147.0
FAILURE!!!! Some beads might have been misidentified
               x1       y1  area1          x2         y2  area2
range  328.882659  1.27452  168.0  328.926105  30.539227  148.0
FAILURE!!!! Some beads might have been misidentified
               x1       y1  area1          x2         y2  area2
range  328.882659  1.27452  168.0  328.951386  30.563614  148.0
FAILURE!!!! Some beads might have been misidentified
               x1        y1  area1          x2        y2  area2
range  328.882659  1.302815  168.0  328.939912  30.54635  145.0
FAILURE!!!! Some beads might have been misidentified
               x1       y1  area1          x2         y2  area2
range  328.903935  1.24774  170.0  328.939912  30.591674  150.0
FAILURE!!!! Some beads might have been misidentified
               x1        y1  area1          x2         y2  area2
range  328.920689  1.231783  169.0  329.028212  30.582121  148.0
FAILURE!!!! Some beads might have been misidentified
               x1        y1  area1          x2         y2  area2
range  328.831303  1.272757  169.0  328.878914  30.543189  146.0
FAILURE!!!! Some beads might have been misidentified
              x1       y1  area1          x2         y2  area2
range  329.05953  1.27452  169.0  329.179038  30.513601  149.0
FAILURE!!!! Some beads might have been misidentified
               x1       y1  area1          x2        y2  area2
range  328.751501  1.27452  166.0  328.787163  30.58924  150.0
FAILURE!!!! Some beads might have been misidentified
Residual vector length: 50, Jacobian shape: (50, 6)
view   0 | SOD= 560.671 mm | SDD= 761.018 mm | M= 1.357 | incident=2.9645°
[[ 129.49236    -544.9388      -25.008198  ]
 [ -41.68948     195.75063       9.991802  ]
 [   0.14491951    0.0371281     0.        ]
 [   0.            0.            0.1496    ]]
               x1        y1  area1         x2         y2  area2
range  328.873596  1.228751  166.0  328.91105  30.562585  149.0
FAILURE!!!! Some beads might have been misidentified

iter 64 cost=0.752530 -> 0.751755 |dtheta|=8.781447e-03  lambda=4.883e+01

============================================================
Iteration 65
============================================================
Theta offsets (Unity frame):
  Source   : dSx=   0.000, dSy=   0.000, dSz=   0.000  (mm)
  Object   : dOx= -14.997, dOy= -12.008, dOz= -22.011  (mm)
  Object offset: offset_x=  -0.200, offset_z=   0.038  (mm)
  Detector : dDx=   0.000, dDy=   0.000, dDz=   0.000  (mm)
  Obj Stage rotY :   14.370 deg
============================================================

Unity geometry (world coordinates):
  Source   : x= -10.000, y=  55.000, z=   0.000
  Object   : x=   0.003, y=  29.992, z= 559.989
  Detector : x=   8.000, y=  20.000, z= 760.000
  Obj rotY :   0.0000 deg
view   0 | SOD= 560.671 mm | SDD= 761.018 mm | M= 1.357 | incident=2.9645°
[[ 129.49236    -544.9388      -25.008198  ]
 [ -41.68948     195.75063       9.991802  ]
 [   0.14491951    0.0371281     0.        ]
 [   0.            0.            0.1496    ]]
               x1        y1  area1         x2         y2  area2
range  328.873596  1.228751  166.0  328.91105  30.562585  149.0
FAILURE!!!! Some beads might have been misidentified
               x1        y1  area1          x2        y2  area2
range  328.887899  1.240451  166.0  328.927882  30.54376  146.0
FAILURE!!!! Some beads might have been misidentified
               x1        y1  area1          x2         y2  area2
range  328.815426  1.284614  172.0  328.918156  30.492715  145.0
FAILURE!!!! Some beads might have been misidentified
               x1        y1  area1         x2         y2  area2
range  328.867243  1.285564  160.0  328.90828  30.346796  149.0
FAILURE!!!! Some beads might have been misidentified
             x1        y1  area1         x2         y2  area2
range  328.8576  1.308197  175.0  328.89395  30.618559  148.0
FAILURE!!!! Some beads might have been misidentified
               x1        y1  area1          x2         y2  area2
range  328.856764  1.228751  166.0  328.880122  30.549456  148.0
FAILURE!!!! Some beads might have been misidentified
               x1        y1  area1         x2         y2  area2
range  328.873596  1.218787  166.0  328.91105  30.572812  150.0
FAILURE!!!! Some beads might have been misidentified
               x1        y1  area1          x2         y2  area2
range  328.856764  1.254069  166.0  328.893926  30.549775  147.0
FAILURE!!!! Some beads might have been misidentified
               x1      y1  area1         x2         y2  area2
range  328.873596  1.2378  168.0  328.91105  30.548293  149.0
FAILURE!!!! Some beads might have been misidentified
               x1        y1  area1          x2        y2  area2
range  328.911368  1.263093  166.0  328.967239  30.53226  148.0
FAILURE!!!! Some beads might have been misidentified
               x1        y1  area1          x2         y2  area2
range  328.847587  1.261972  171.0  328.826119  30.504216  143.0
FAILURE!!!! Some beads might have been misidentified
               x1        y1  area1          x2         y2  area2
range  328.996817  1.218787  167.0  329.071072  30.543062  148.0
FAILURE!!!! Some beads might have been misidentified
               x1        y1  area1          x2         y2  area2
range  328.722431  1.228751  167.0  328.768061  30.587619  146.0
FAILURE!!!! Some beads might have been misidentified
Residual vector length: 50, Jacobian shape: (50, 6)
view   0 | SOD= 560.649 mm | SDD= 761.018 mm | M= 1.357 | incident=2.9645°
[[ 129.50548    -544.91345     -25.007523  ]
 [ -41.70391     195.76956       9.992477  ]
 [   0.14491813    0.03713349    0.        ]
 [   0.            0.            0.1496    ]]
               x1        y1  area1          x2         y2  area2
range  328.885246  1.252295  166.0  328.950015  30.590859  150.0
FAILURE!!!! Some beads might have been misidentified

iter 65 cost=0.751755 -> 0.739410 |dtheta|=2.218745e-02  lambda=1.628e+01

============================================================
Iteration 66
============================================================
Theta offsets (Unity frame):
  Source   : dSx=   0.000, dSy=   0.000, dSz=   0.000  (mm)
  Object   : dOx= -14.998, dOy= -12.008, dOz= -22.033  (mm)
  Object offset: offset_x=  -0.197, offset_z=   0.038  (mm)
  Detector : dDx=   0.000, dDy=   0.000, dDz=   0.000  (mm)
  Obj Stage rotY :   14.372 deg
============================================================

Unity geometry (world coordinates):
  Source   : x= -10.000, y=  55.000, z=   0.000
  Object   : x=   0.002, y=  29.992, z= 559.967
  Detector : x=   8.000, y=  20.000, z= 760.000
  Obj rotY :   0.0000 deg
view   0 | SOD= 560.649 mm | SDD= 761.018 mm | M= 1.357 | incident=2.9645°
[[ 129.50548    -544.91345     -25.007523  ]
 [ -41.70391     195.76956       9.992477  ]
 [   0.14491813    0.03713349    0.        ]
 [   0.            0.            0.1496    ]]
               x1        y1  area1          x2         y2  area2
range  328.885246  1.252295  166.0  328.950015  30.590859  150.0
FAILURE!!!! Some beads might have been misidentified
               x1        y1  area1          x2         y2  area2
range  328.923992  1.235298  167.0  328.938792  30.591869  145.0
FAILURE!!!! Some beads might have been misidentified
              x1        y1  area1          x2         y2  area2
range  328.90321  1.273291  172.0  328.996562  30.564719  147.0
FAILURE!!!! Some beads might have been misidentified
               x1       y1  area1          x2         y2  area2
range  328.920426  1.26274  159.0  328.919134  30.389422  146.0
FAILURE!!!! Some beads might have been misidentified
               x1        y1  area1          x2         y2  area2
range  328.858101  1.272799  171.0  328.940814  30.596266  148.0
FAILURE!!!! Some beads might have been misidentified
               x1        y1  area1       x2         y2  area2
range  328.885246  1.252295  166.0  328.926  30.540846  149.0
FAILURE!!!! Some beads might have been misidentified
               x1        y1  area1          x2         y2  area2
range  328.885246  1.241698  167.0  328.950015  30.590859  150.0
FAILURE!!!! Some beads might have been misidentified
               x1        y1  area1          x2         y2  area2
range  328.885246  1.263295  165.0  328.950015  30.604564  149.0
FAILURE!!!! Some beads might have been misidentified
               x1        y1  area1          x2         y2  area2
range  328.885246  1.250415  167.0  328.950015  30.566155  149.0
FAILURE!!!! Some beads might have been misidentified
               x1        y1  area1         x2         y2  area2
range  328.947168  1.237191  169.0  329.02068  30.593673  148.0
FAILURE!!!! Some beads might have been misidentified
               x1        y1  area1          x2         y2  area2
range  328.856674  1.271398  168.0  328.836057  30.562915  146.0
FAILURE!!!! Some beads might have been misidentified
               x1        y1  area1          x2         y2  area2
range  329.040307  1.252295  168.0  329.134491  30.540846  147.0
FAILURE!!!! Some beads might have been misidentified
               x1        y1  area1          x2         y2  area2
range  328.774093  1.241698  167.0  328.800864  30.590859  149.0
FAILURE!!!! Some beads might have been misidentified
Residual vector length: 50, Jacobian shape: (50, 6)
view   0 | SOD= 560.639 mm | SDD= 761.018 mm | M= 1.357 | incident=2.9645°
[[ 129.5921     -544.882       -25.006964  ]
 [ -41.74416     195.77165       9.993036  ]
 [   0.14491177    0.03715831    0.        ]
 [   0.            0.            0.1496    ]]
               x1        y1  area1          x2         y2  area2
range  328.898636  1.241698  167.0  328.950015  30.590859  150.0
FAILURE!!!! Some beads might have been misidentified

iter 66 cost=0.739410 -> 0.735680 |dtheta|=1.441634e-02  lambda=5.425e+00

============================================================
Iteration 67
============================================================
Theta offsets (Unity frame):
  Source   : dSx=   0.000, dSy=   0.000, dSz=   0.000  (mm)
  Object   : dOx= -14.998, dOy= -12.007, dOz= -22.042  (mm)
  Object offset: offset_x=  -0.193, offset_z=   0.037  (mm)
  Detector : dDx=   0.000, dDy=   0.000, dDz=   0.000  (mm)
  Obj Stage rotY :   14.382 deg
============================================================

Unity geometry (world coordinates):
  Source   : x= -10.000, y=  55.000, z=   0.000
  Object   : x=   0.002, y=  29.993, z= 559.958
  Detector : x=   8.000, y=  20.000, z= 760.000
  Obj rotY :   0.0000 deg
view   0 | SOD= 560.639 mm | SDD= 761.018 mm | M= 1.357 | incident=2.9645°
[[ 129.5921     -544.882       -25.006964  ]
 [ -41.74416     195.77165       9.993036  ]
 [   0.14491177    0.03715831    0.        ]
 [   0.            0.            0.1496    ]]
               x1        y1  area1          x2         y2  area2
range  328.898636  1.241698  167.0  328.950015  30.590859  150.0
FAILURE!!!! Some beads might have been misidentified
               x1        y1  area1          x2         y2  area2
range  328.956454  1.239642  167.0  328.956049  30.591869  146.0
FAILURE!!!! Some beads might have been misidentified
               x1        y1  area1          x2         y2  area2
range  328.890408  1.272197  172.0  328.996562  30.574411  147.0
FAILURE!!!! Some beads might have been misidentified
               x1        y1  area1          x2         y2  area2
range  328.927684  1.280381  159.0  328.940261  30.382242  145.0
FAILURE!!!! Some beads might have been misidentified
               x1        y1  area1          x2         y2  area2
range  328.899119  1.267326  171.0  328.940814  30.605267  146.0
FAILURE!!!! Some beads might have been misidentified
               x1        y1  area1          x2         y2  area2
range  328.885246  1.241698  167.0  328.950015  30.581506  150.0
FAILURE!!!! Some beads might have been misidentified
               x1        y1  area1          x2         y2  area2
range  328.898636  1.241698  167.0  328.973489  30.591653  149.0
FAILURE!!!! Some beads might have been misidentified
               x1        y1  area1          x2         y2  area2
range  328.885246  1.285904  165.0  328.950015  30.606204  150.0
FAILURE!!!! Some beads might have been misidentified
               x1        y1  area1          x2         y2  area2
range  328.898636  1.231235  165.0  328.950015  30.582851  149.0
FAILURE!!!! Some beads might have been misidentified
               x1        y1  area1          x2         y2  area2
range  328.964372  1.224622  169.0  329.037251  30.593673  148.0
FAILURE!!!! Some beads might have been misidentified
               x1        y1  area1          x2         y2  area2
range  328.859273  1.287218  167.0  328.849863  30.572607  146.0
FAILURE!!!! Some beads might have been misidentified
              x1        y1  area1          x2         y2  area2
range  329.03988  1.241698  169.0  329.134491  30.560662  149.0
FAILURE!!!! Some beads might have been misidentified
               x1        y1  area1          x2         y2  area2
range  328.793117  1.241698  167.0  328.800864  30.612498  149.0
FAILURE!!!! Some beads might have been misidentified
Residual vector length: 50, Jacobian shape: (50, 6)
view   0 | SOD= 560.693 mm | SDD= 761.018 mm | M= 1.357 | incident=2.9645°
[[ 129.69943   -544.9122     -25.007992 ]
 [ -41.765583   195.71173      9.992008 ]
 [   0.1449053    0.0371835    0.       ]
 [   0.           0.           0.1496   ]]
               x1        y1  area1          x2        y2  area2
range  328.951963  1.267774  167.0  328.988226  30.51978  151.0
FAILURE!!!! Some beads might have been misidentified

iter 67 cost=0.735680 -> 0.674910 |dtheta|=5.049439e-02  lambda=1.808e+00

============================================================
Iteration 68
============================================================
Theta offsets (Unity frame):
  Source   : dSx=   0.000, dSy=   0.000, dSz=   0.000  (mm)
  Object   : dOx= -14.999, dOy= -12.008, dOz= -21.993  (mm)
  Object offset: offset_x=  -0.191, offset_z=   0.042  (mm)
  Detector : dDx=   0.000, dDy=   0.000, dDz=   0.000  (mm)
  Obj Stage rotY :   14.392 deg
============================================================

Unity geometry (world coordinates):
  Source   : x= -10.000, y=  55.000, z=   0.000
  Object   : x=   0.001, y=  29.992, z= 560.007
  Detector : x=   8.000, y=  20.000, z= 760.000
  Obj rotY :   0.0000 deg
view   0 | SOD= 560.693 mm | SDD= 761.018 mm | M= 1.357 | incident=2.9645°
[[ 129.69943   -544.9122     -25.007992 ]
 [ -41.765583   195.71173      9.992008 ]
 [   0.1449053    0.0371835    0.       ]
 [   0.           0.           0.1496   ]]
               x1        y1  area1          x2        y2  area2
range  328.951963  1.267774  167.0  328.988226  30.51978  151.0
FAILURE!!!! Some beads might have been misidentified
               x1        y1  area1        x2         y2  area2
range  328.996222  1.224398  163.0  329.0345  30.510073  146.0
FAILURE!!!! Some beads might have been misidentified
               x1        y1  area1          x2         y2  area2
range  328.982204  1.250663  173.0  329.038708  30.466346  147.0
FAILURE!!!! Some beads might have been misidentified
               x1        y1  area1          x2         y2  area2
range  328.951507  1.242777  159.0  328.978571  30.330298  151.0
FAILURE!!!! Some beads might have been misidentified
               x1        y1  area1          x2         y2  area2
range  328.929916  1.303977  176.0  329.041065  30.598505  144.0
FAILURE!!!! Some beads might have been misidentified
               x1        y1  area1          x2         y2  area2
range  328.949398  1.267774  167.0  328.975761  30.498957  150.0
FAILURE!!!! Some beads might have been misidentified
               x1        y1  area1          x2        y2  area2
range  328.951963  1.267774  167.0  329.016368  30.51927  150.0
FAILURE!!!! Some beads might have been misidentified
               x1        y1  area1          x2         y2  area2
range  328.949398  1.278024  165.0  328.988226  30.471122  150.0
FAILURE!!!! Some beads might have been misidentified
               x1        y1  area1          x2         y2  area2
range  328.951963  1.239673  169.0  328.988226  30.511795  150.0
FAILURE!!!! Some beads might have been misidentified
               x1        y1  area1          x2         y2  area2
range  328.981126  1.239357  167.0  329.059577  30.505932  148.0
FAILURE!!!! Some beads might have been misidentified
               x1        y1  area1          x2         y2  area2
range  328.882659  1.235704  169.0  328.944833  30.470487  147.0
FAILURE!!!! Some beads might have been misidentified
              x1        y1  area1          x2         y2  area2
range  329.15624  1.267774  169.0  329.202431  30.467379  149.0
FAILURE!!!! Some beads might have been misidentified
               x1        y1  area1         x2         y2  area2
range  328.822187  1.267774  165.0  328.85783  30.550848  147.0
FAILURE!!!! Some beads might have been misidentified
Residual vector length: 50, Jacobian shape: (50, 6)
view   0 | SOD= 560.670 mm | SDD= 761.018 mm | M= 1.357 | incident=2.9645°
[[ 129.79326    -544.86633     -25.00772   ]
 [ -41.80746     195.7261        9.992279  ]
 [   0.14489849    0.03721005    0.        ]
 [   0.            0.            0.1496    ]]
               x1        y1  area1          x2         y2  area2
range  328.873481  1.274998  165.0  328.895248  30.547757  146.0
FAILURE!!!! Some beads might have been misidentified

iter 68 cost=0.674910 -> 0.708070 |dtheta|=2.052528e-02  lambda=6.028e-01

============================================================
Iteration 69
============================================================
Theta offsets (Unity frame):
  Source   : dSx=   0.000, dSy=   0.000, dSz=   0.000  (mm)
  Object   : dOx= -14.999, dOy= -12.008, dOz= -21.993  (mm)
  Object offset: offset_x=  -0.191, offset_z=   0.042  (mm)
  Detector : dDx=   0.000, dDy=   0.000, dDz=   0.000  (mm)
  Obj Stage rotY :   14.392 deg
============================================================

Unity geometry (world coordinates):
  Source   : x= -10.000, y=  55.000, z=   0.000
  Object   : x=   0.001, y=  29.992, z= 560.007
  Detector : x=   8.000, y=  20.000, z= 760.000
  Obj rotY :   0.0000 deg
view   0 | SOD= 560.693 mm | SDD= 761.018 mm | M= 1.357 | incident=2.9645°
[[ 129.69943   -544.9122     -25.007992 ]
 [ -41.765583   195.71173      9.992008 ]
 [   0.1449053    0.0371835    0.       ]
 [   0.           0.           0.1496   ]]
               x1        y1  area1          x2        y2  area2
range  328.951963  1.267774  167.0  328.988226  30.51978  151.0
FAILURE!!!! Some beads might have been misidentified
               x1        y1  area1        x2         y2  area2
range  328.996222  1.224398  163.0  329.0345  30.510073  146.0
FAILURE!!!! Some beads might have been misidentified
               x1        y1  area1          x2         y2  area2
range  328.982204  1.250663  173.0  329.038708  30.466346  147.0
FAILURE!!!! Some beads might have been misidentified
               x1        y1  area1          x2         y2  area2
range  328.951507  1.242777  159.0  328.978571  30.330298  151.0
FAILURE!!!! Some beads might have been misidentified
               x1        y1  area1          x2         y2  area2
range  328.929916  1.303977  176.0  329.041065  30.598505  144.0
FAILURE!!!! Some beads might have been misidentified
               x1        y1  area1          x2         y2  area2
range  328.949398  1.267774  167.0  328.975761  30.498957  150.0
FAILURE!!!! Some beads might have been misidentified
               x1        y1  area1          x2        y2  area2
range  328.951963  1.267774  167.0  329.016368  30.51927  150.0
FAILURE!!!! Some beads might have been misidentified
               x1        y1  area1          x2         y2  area2
range  328.949398  1.278024  165.0  328.988226  30.471122  150.0
FAILURE!!!! Some beads might have been misidentified
               x1        y1  area1          x2         y2  area2
range  328.951963  1.239673  169.0  328.988226  30.511795  150.0
FAILURE!!!! Some beads might have been misidentified
               x1        y1  area1          x2         y2  area2
range  328.981126  1.239357  167.0  329.059577  30.505932  148.0
FAILURE!!!! Some beads might have been misidentified
               x1        y1  area1          x2         y2  area2
range  328.882659  1.235704  169.0  328.944833  30.470487  147.0
FAILURE!!!! Some beads might have been misidentified
              x1        y1  area1          x2         y2  area2
range  329.15624  1.267774  169.0  329.202431  30.467379  149.0
FAILURE!!!! Some beads might have been misidentified
               x1        y1  area1         x2         y2  area2
range  328.822187  1.267774  165.0  328.85783  30.550848  147.0
FAILURE!!!! Some beads might have been misidentified
Residual vector length: 50, Jacobian shape: (50, 6)
view   0 | SOD= 560.671 mm | SDD= 761.018 mm | M= 1.357 | incident=2.9645°
[[ 129.78876    -544.8685      -25.007732  ]
 [ -41.80541     195.72548       9.992268  ]
 [   0.14489882    0.03720877    0.        ]
 [   0.            0.            0.1496    ]]
               x1        y1  area1          x2         y2  area2
range  328.873481  1.274998  165.0  328.895248  30.547757  146.0
FAILURE!!!! Some beads might have been misidentified

iter 69 cost=0.674910 -> 0.708070 |dtheta|=1.948294e-02  lambda=3.014e+00

============================================================
Iteration 70
============================================================
Theta offsets (Unity frame):
  Source   : dSx=   0.000, dSy=   0.000, dSz=   0.000  (mm)
  Object   : dOx= -14.999, dOy= -12.008, dOz= -21.993  (mm)
  Object offset: offset_x=  -0.191, offset_z=   0.042  (mm)
  Detector : dDx=   0.000, dDy=   0.000, dDz=   0.000  (mm)
  Obj Stage rotY :   14.392 deg
============================================================

Unity geometry (world coordinates):
  Source   : x= -10.000, y=  55.000, z=   0.000
  Object   : x=   0.001, y=  29.992, z= 560.007
  Detector : x=   8.000, y=  20.000, z= 760.000
  Obj rotY :   0.0000 deg
view   0 | SOD= 560.693 mm | SDD= 761.018 mm | M= 1.357 | incident=2.9645°
[[ 129.69943   -544.9122     -25.007992 ]
 [ -41.765583   195.71173      9.992008 ]
 [   0.1449053    0.0371835    0.       ]
 [   0.           0.           0.1496   ]]
               x1        y1  area1          x2        y2  area2
range  328.951963  1.267774  167.0  328.988226  30.51978  151.0
FAILURE!!!! Some beads might have been misidentified
               x1        y1  area1        x2         y2  area2
range  328.996222  1.224398  163.0  329.0345  30.510073  146.0
FAILURE!!!! Some beads might have been misidentified
               x1        y1  area1          x2         y2  area2
range  328.982204  1.250663  173.0  329.038708  30.466346  147.0
FAILURE!!!! Some beads might have been misidentified
               x1        y1  area1          x2         y2  area2
range  328.951507  1.242777  159.0  328.978571  30.330298  151.0
FAILURE!!!! Some beads might have been misidentified
               x1        y1  area1          x2         y2  area2
range  328.929916  1.303977  176.0  329.041065  30.598505  144.0
FAILURE!!!! Some beads might have been misidentified
               x1        y1  area1          x2         y2  area2
range  328.949398  1.267774  167.0  328.975761  30.498957  150.0
FAILURE!!!! Some beads might have been misidentified
               x1        y1  area1          x2        y2  area2
range  328.951963  1.267774  167.0  329.016368  30.51927  150.0
FAILURE!!!! Some beads might have been misidentified
               x1        y1  area1          x2         y2  area2
range  328.949398  1.278024  165.0  328.988226  30.471122  150.0
FAILURE!!!! Some beads might have been misidentified
               x1        y1  area1          x2         y2  area2
range  328.951963  1.239673  169.0  328.988226  30.511795  150.0
FAILURE!!!! Some beads might have been misidentified
               x1        y1  area1          x2         y2  area2
range  328.981126  1.239357  167.0  329.059577  30.505932  148.0
FAILURE!!!! Some beads might have been misidentified
               x1        y1  area1          x2         y2  area2
range  328.882659  1.235704  169.0  328.944833  30.470487  147.0
FAILURE!!!! Some beads might have been misidentified
              x1        y1  area1          x2         y2  area2
range  329.15624  1.267774  169.0  329.202431  30.467379  149.0
FAILURE!!!! Some beads might have been misidentified
               x1        y1  area1         x2         y2  area2
range  328.822187  1.267774  165.0  328.85783  30.550848  147.0
FAILURE!!!! Some beads might have been misidentified
Residual vector length: 50, Jacobian shape: (50, 6)
view   0 | SOD= 560.675 mm | SDD= 761.018 mm | M= 1.357 | incident=2.9645°
[[ 129.77144    -544.8765      -25.007767  ]
 [ -41.797592    195.7233        9.992233  ]
 [   0.14490008    0.03720385    0.        ]
 [   0.            0.            0.1496    ]]
               x1        y1  area1          x2        y2  area2
range  328.873481  1.274998  165.0  328.895248  30.53185  147.0
FAILURE!!!! Some beads might have been misidentified

iter 70 cost=0.674910 -> 0.707238 |dtheta|=1.567126e-02  lambda=1.507e+01

============================================================
Iteration 71
============================================================
Theta offsets (Unity frame):
  Source   : dSx=   0.000, dSy=   0.000, dSz=   0.000  (mm)
  Object   : dOx= -14.999, dOy= -12.008, dOz= -21.993  (mm)
  Object offset: offset_x=  -0.191, offset_z=   0.042  (mm)
  Detector : dDx=   0.000, dDy=   0.000, dDz=   0.000  (mm)
  Obj Stage rotY :   14.392 deg
============================================================

Unity geometry (world coordinates):
  Source   : x= -10.000, y=  55.000, z=   0.000
  Object   : x=   0.001, y=  29.992, z= 560.007
  Detector : x=   8.000, y=  20.000, z= 760.000
  Obj rotY :   0.0000 deg
view   0 | SOD= 560.693 mm | SDD= 761.018 mm | M= 1.357 | incident=2.9645°
[[ 129.69943   -544.9122     -25.007992 ]
 [ -41.765583   195.71173      9.992008 ]
 [   0.1449053    0.0371835    0.       ]
 [   0.           0.           0.1496   ]]
               x1        y1  area1          x2        y2  area2
range  328.951963  1.267774  167.0  328.988226  30.51978  151.0
FAILURE!!!! Some beads might have been misidentified
               x1        y1  area1        x2         y2  area2
range  328.996222  1.224398  163.0  329.0345  30.510073  146.0
FAILURE!!!! Some beads might have been misidentified
               x1        y1  area1          x2         y2  area2
range  328.982204  1.250663  173.0  329.038708  30.466346  147.0
FAILURE!!!! Some beads might have been misidentified
               x1        y1  area1          x2         y2  area2
range  328.951507  1.242777  159.0  328.978571  30.330298  151.0
FAILURE!!!! Some beads might have been misidentified
               x1        y1  area1          x2         y2  area2
range  328.929916  1.303977  176.0  329.041065  30.598505  144.0
FAILURE!!!! Some beads might have been misidentified
               x1        y1  area1          x2         y2  area2
range  328.949398  1.267774  167.0  328.975761  30.498957  150.0
FAILURE!!!! Some beads might have been misidentified
               x1        y1  area1          x2        y2  area2
range  328.951963  1.267774  167.0  329.016368  30.51927  150.0
FAILURE!!!! Some beads might have been misidentified
               x1        y1  area1          x2         y2  area2
range  328.949398  1.278024  165.0  328.988226  30.471122  150.0
FAILURE!!!! Some beads might have been misidentified
               x1        y1  area1          x2         y2  area2
range  328.951963  1.239673  169.0  328.988226  30.511795  150.0
FAILURE!!!! Some beads might have been misidentified
               x1        y1  area1          x2         y2  area2
range  328.981126  1.239357  167.0  329.059577  30.505932  148.0
FAILURE!!!! Some beads might have been misidentified
               x1        y1  area1          x2         y2  area2
range  328.882659  1.235704  169.0  328.944833  30.470487  147.0
FAILURE!!!! Some beads might have been misidentified
              x1        y1  area1          x2         y2  area2
range  329.15624  1.267774  169.0  329.202431  30.467379  149.0
FAILURE!!!! Some beads might have been misidentified
               x1        y1  area1         x2         y2  area2
range  328.822187  1.267774  165.0  328.85783  30.550848  147.0
FAILURE!!!! Some beads might have been misidentified
Residual vector length: 50, Jacobian shape: (50, 6)
view   0 | SOD= 560.682 mm | SDD= 761.018 mm | M= 1.357 | incident=2.9645°
[[ 129.7364     -544.8922      -25.007832  ]
 [ -41.78198     195.71935       9.992168  ]
 [   0.14490262    0.03719394    0.        ]
 [   0.            0.            0.1496    ]]
               x1        y1  area1          x2        y2  area2
range  328.873481  1.257421  166.0  328.911404  30.53185  147.0
FAILURE!!!! Some beads might have been misidentified

iter 71 cost=0.674910 -> 0.715014 |dtheta|=8.882686e-03  lambda=7.535e+01

============================================================
Iteration 72
============================================================
Theta offsets (Unity frame):
  Source   : dSx=   0.000, dSy=   0.000, dSz=   0.000  (mm)
  Object   : dOx= -14.999, dOy= -12.008, dOz= -21.993  (mm)
  Object offset: offset_x=  -0.191, offset_z=   0.042  (mm)
  Detector : dDx=   0.000, dDy=   0.000, dDz=   0.000  (mm)
  Obj Stage rotY :   14.392 deg
============================================================

Unity geometry (world coordinates):
  Source   : x= -10.000, y=  55.000, z=   0.000
  Object   : x=   0.001, y=  29.992, z= 560.007
  Detector : x=   8.000, y=  20.000, z= 760.000
  Obj rotY :   0.0000 deg
view   0 | SOD= 560.693 mm | SDD= 761.018 mm | M= 1.357 | incident=2.9645°
[[ 129.69943   -544.9122     -25.007992 ]
 [ -41.765583   195.71173      9.992008 ]
 [   0.1449053    0.0371835    0.       ]
 [   0.           0.           0.1496   ]]
               x1        y1  area1          x2        y2  area2
range  328.951963  1.267774  167.0  328.988226  30.51978  151.0
FAILURE!!!! Some beads might have been misidentified
               x1        y1  area1        x2         y2  area2
range  328.996222  1.224398  163.0  329.0345  30.510073  146.0
FAILURE!!!! Some beads might have been misidentified
               x1        y1  area1          x2         y2  area2
range  328.982204  1.250663  173.0  329.038708  30.466346  147.0
FAILURE!!!! Some beads might have been misidentified
               x1        y1  area1          x2         y2  area2
range  328.951507  1.242777  159.0  328.978571  30.330298  151.0
FAILURE!!!! Some beads might have been misidentified
               x1        y1  area1          x2         y2  area2
range  328.929916  1.303977  176.0  329.041065  30.598505  144.0
FAILURE!!!! Some beads might have been misidentified
               x1        y1  area1          x2         y2  area2
range  328.949398  1.267774  167.0  328.975761  30.498957  150.0
FAILURE!!!! Some beads might have been misidentified
               x1        y1  area1          x2        y2  area2
range  328.951963  1.267774  167.0  329.016368  30.51927  150.0
FAILURE!!!! Some beads might have been misidentified
               x1        y1  area1          x2         y2  area2
range  328.949398  1.278024  165.0  328.988226  30.471122  150.0
FAILURE!!!! Some beads might have been misidentified
               x1        y1  area1          x2         y2  area2
range  328.951963  1.239673  169.0  328.988226  30.511795  150.0
FAILURE!!!! Some beads might have been misidentified
               x1        y1  area1          x2         y2  area2
range  328.981126  1.239357  167.0  329.059577  30.505932  148.0
FAILURE!!!! Some beads might have been misidentified
               x1        y1  area1          x2         y2  area2
range  328.882659  1.235704  169.0  328.944833  30.470487  147.0
FAILURE!!!! Some beads might have been misidentified
              x1        y1  area1          x2         y2  area2
range  329.15624  1.267774  169.0  329.202431  30.467379  149.0
FAILURE!!!! Some beads might have been misidentified
               x1        y1  area1         x2         y2  area2
range  328.822187  1.267774  165.0  328.85783  30.550848  147.0
FAILURE!!!! Some beads might have been misidentified
Residual vector length: 50, Jacobian shape: (50, 6)
view   0 | SOD= 560.688 mm | SDD= 761.018 mm | M= 1.357 | incident=2.9645°
[[ 129.711      -544.9038      -25.007914  ]
 [ -41.77085     195.71619       9.992086  ]
 [   0.14490446    0.03718679    0.        ]
 [   0.            0.            0.1496    ]]
               x1        y1  area1          x2         y2  area2
range  328.882659  1.260447  166.0  328.958851  30.515092  147.0
FAILURE!!!! Some beads might have been misidentified

iter 72 cost=0.674910 -> 0.685265 |dtheta|=4.819316e-03  lambda=3.768e+02

============================================================
Iteration 73
============================================================
Theta offsets (Unity frame):
  Source   : dSx=   0.000, dSy=   0.000, dSz=   0.000  (mm)
  Object   : dOx= -14.999, dOy= -12.008, dOz= -21.993  (mm)
  Object offset: offset_x=  -0.191, offset_z=   0.042  (mm)
  Detector : dDx=   0.000, dDy=   0.000, dDz=   0.000  (mm)
  Obj Stage rotY :   14.392 deg
============================================================

Unity geometry (world coordinates):
  Source   : x= -10.000, y=  55.000, z=   0.000
  Object   : x=   0.001, y=  29.992, z= 560.007
  Detector : x=   8.000, y=  20.000, z= 760.000
  Obj rotY :   0.0000 deg
view   0 | SOD= 560.693 mm | SDD= 761.018 mm | M= 1.357 | incident=2.9645°
[[ 129.69943   -544.9122     -25.007992 ]
 [ -41.765583   195.71173      9.992008 ]
 [   0.1449053    0.0371835    0.       ]
 [   0.           0.           0.1496   ]]
               x1        y1  area1          x2        y2  area2
range  328.951963  1.267774  167.0  328.988226  30.51978  151.0
FAILURE!!!! Some beads might have been misidentified
               x1        y1  area1        x2         y2  area2
range  328.996222  1.224398  163.0  329.0345  30.510073  146.0
FAILURE!!!! Some beads might have been misidentified
               x1        y1  area1          x2         y2  area2
range  328.982204  1.250663  173.0  329.038708  30.466346  147.0
FAILURE!!!! Some beads might have been misidentified
               x1        y1  area1          x2         y2  area2
range  328.951507  1.242777  159.0  328.978571  30.330298  151.0
FAILURE!!!! Some beads might have been misidentified
               x1        y1  area1          x2         y2  area2
range  328.929916  1.303977  176.0  329.041065  30.598505  144.0
FAILURE!!!! Some beads might have been misidentified
               x1        y1  area1          x2         y2  area2
range  328.949398  1.267774  167.0  328.975761  30.498957  150.0
FAILURE!!!! Some beads might have been misidentified
               x1        y1  area1          x2        y2  area2
range  328.951963  1.267774  167.0  329.016368  30.51927  150.0
FAILURE!!!! Some beads might have been misidentified
               x1        y1  area1          x2         y2  area2
range  328.949398  1.278024  165.0  328.988226  30.471122  150.0
FAILURE!!!! Some beads might have been misidentified
               x1        y1  area1          x2         y2  area2
range  328.951963  1.239673  169.0  328.988226  30.511795  150.0
FAILURE!!!! Some beads might have been misidentified
               x1        y1  area1          x2         y2  area2
range  328.981126  1.239357  167.0  329.059577  30.505932  148.0
FAILURE!!!! Some beads might have been misidentified
               x1        y1  area1          x2         y2  area2
range  328.882659  1.235704  169.0  328.944833  30.470487  147.0
FAILURE!!!! Some beads might have been misidentified
              x1        y1  area1          x2         y2  area2
range  329.15624  1.267774  169.0  329.202431  30.467379  149.0
FAILURE!!!! Some beads might have been misidentified
               x1        y1  area1         x2         y2  area2
range  328.822187  1.267774  165.0  328.85783  30.550848  147.0
FAILURE!!!! Some beads might have been misidentified
Residual vector length: 50, Jacobian shape: (50, 6)
view   0 | SOD= 560.691 mm | SDD= 761.018 mm | M= 1.357 | incident=2.9645°
[[ 129.70224    -544.9092      -25.008009  ]
 [ -41.767105    195.71373       9.991991  ]
 [   0.14490509    0.03718435    0.        ]
 [   0.            0.            0.1496    ]]
               x1        y1  area1          x2         y2  area2
range  328.882659  1.253927  165.0  328.975761  30.522518  149.0
FAILURE!!!! Some beads might have been misidentified

iter 73 cost=0.674910 -> 0.675082 |dtheta|=2.319502e-03  lambda=1.884e+03

============================================================
Iteration 74
============================================================
Theta offsets (Unity frame):
  Source   : dSx=   0.000, dSy=   0.000, dSz=   0.000  (mm)
  Object   : dOx= -14.999, dOy= -12.008, dOz= -21.993  (mm)
  Object offset: offset_x=  -0.191, offset_z=   0.042  (mm)
  Detector : dDx=   0.000, dDy=   0.000, dDz=   0.000  (mm)
  Obj Stage rotY :   14.392 deg
============================================================

Unity geometry (world coordinates):
  Source   : x= -10.000, y=  55.000, z=   0.000
  Object   : x=   0.001, y=  29.992, z= 560.007
  Detector : x=   8.000, y=  20.000, z= 760.000
  Obj rotY :   0.0000 deg
view   0 | SOD= 560.693 mm | SDD= 761.018 mm | M= 1.357 | incident=2.9645°
[[ 129.69943   -544.9122     -25.007992 ]
 [ -41.765583   195.71173      9.992008 ]
 [   0.1449053    0.0371835    0.       ]
 [   0.           0.           0.1496   ]]
               x1        y1  area1          x2        y2  area2
range  328.951963  1.267774  167.0  328.988226  30.51978  151.0
FAILURE!!!! Some beads might have been misidentified
               x1        y1  area1        x2         y2  area2
range  328.996222  1.224398  163.0  329.0345  30.510073  146.0
FAILURE!!!! Some beads might have been misidentified
               x1        y1  area1          x2         y2  area2
range  328.982204  1.250663  173.0  329.038708  30.466346  147.0
FAILURE!!!! Some beads might have been misidentified
               x1        y1  area1          x2         y2  area2
range  328.951507  1.242777  159.0  328.978571  30.330298  151.0
FAILURE!!!! Some beads might have been misidentified
               x1        y1  area1          x2         y2  area2
range  328.929916  1.303977  176.0  329.041065  30.598505  144.0
FAILURE!!!! Some beads might have been misidentified
               x1        y1  area1          x2         y2  area2
range  328.949398  1.267774  167.0  328.975761  30.498957  150.0
FAILURE!!!! Some beads might have been misidentified
               x1        y1  area1          x2        y2  area2
range  328.951963  1.267774  167.0  329.016368  30.51927  150.0
FAILURE!!!! Some beads might have been misidentified
               x1        y1  area1          x2         y2  area2
range  328.949398  1.278024  165.0  328.988226  30.471122  150.0
FAILURE!!!! Some beads might have been misidentified
               x1        y1  area1          x2         y2  area2
range  328.951963  1.239673  169.0  328.988226  30.511795  150.0
FAILURE!!!! Some beads might have been misidentified
               x1        y1  area1          x2         y2  area2
range  328.981126  1.239357  167.0  329.059577  30.505932  148.0
FAILURE!!!! Some beads might have been misidentified
               x1        y1  area1          x2         y2  area2
range  328.882659  1.235704  169.0  328.944833  30.470487  147.0
FAILURE!!!! Some beads might have been misidentified
              x1        y1  area1          x2         y2  area2
range  329.15624  1.267774  169.0  329.202431  30.467379  149.0
FAILURE!!!! Some beads might have been misidentified
               x1        y1  area1         x2         y2  area2
range  328.822187  1.267774  165.0  328.85783  30.550848  147.0
FAILURE!!!! Some beads might have been misidentified
Residual vector length: 50, Jacobian shape: (50, 6)
view   0 | SOD= 560.692 mm | SDD= 761.018 mm | M= 1.357 | incident=2.9645°
[[ 129.70001    -544.91144     -25.008022  ]
 [ -41.765957    195.71222       9.991978  ]
 [   0.14490525    0.03718369    0.        ]
 [   0.            0.            0.1496    ]]
               x1        y1  area1          x2        y2  area2
range  328.932644  1.267774  167.0  328.988226  30.51978  151.0
FAILURE!!!! Some beads might have been misidentified

iter 74 cost=0.674910 -> 0.675471 |dtheta|=6.802300e-04  lambda=9.419e+03

============================================================
Iteration 75
============================================================
Theta offsets (Unity frame):
  Source   : dSx=   0.000, dSy=   0.000, dSz=   0.000  (mm)
  Object   : dOx= -14.999, dOy= -12.008, dOz= -21.993  (mm)
  Object offset: offset_x=  -0.191, offset_z=   0.042  (mm)
  Detector : dDx=   0.000, dDy=   0.000, dDz=   0.000  (mm)
  Obj Stage rotY :   14.392 deg
============================================================

Unity geometry (world coordinates):
  Source   : x= -10.000, y=  55.000, z=   0.000
  Object   : x=   0.001, y=  29.992, z= 560.007
  Detector : x=   8.000, y=  20.000, z= 760.000
  Obj rotY :   0.0000 deg
view   0 | SOD= 560.693 mm | SDD= 761.018 mm | M= 1.357 | incident=2.9645°
[[ 129.69943   -544.9122     -25.007992 ]
 [ -41.765583   195.71173      9.992008 ]
 [   0.1449053    0.0371835    0.       ]
 [   0.           0.           0.1496   ]]
               x1        y1  area1          x2        y2  area2
range  328.951963  1.267774  167.0  328.988226  30.51978  151.0
FAILURE!!!! Some beads might have been misidentified
               x1        y1  area1        x2         y2  area2
range  328.996222  1.224398  163.0  329.0345  30.510073  146.0
FAILURE!!!! Some beads might have been misidentified
               x1        y1  area1          x2         y2  area2
range  328.982204  1.250663  173.0  329.038708  30.466346  147.0
FAILURE!!!! Some beads might have been misidentified
               x1        y1  area1          x2         y2  area2
range  328.951507  1.242777  159.0  328.978571  30.330298  151.0
FAILURE!!!! Some beads might have been misidentified
               x1        y1  area1          x2         y2  area2
range  328.929916  1.303977  176.0  329.041065  30.598505  144.0
FAILURE!!!! Some beads might have been misidentified
               x1        y1  area1          x2         y2  area2
range  328.949398  1.267774  167.0  328.975761  30.498957  150.0
FAILURE!!!! Some beads might have been misidentified
               x1        y1  area1          x2        y2  area2
range  328.951963  1.267774  167.0  329.016368  30.51927  150.0
FAILURE!!!! Some beads might have been misidentified
               x1        y1  area1          x2         y2  area2
range  328.949398  1.278024  165.0  328.988226  30.471122  150.0
FAILURE!!!! Some beads might have been misidentified
               x1        y1  area1          x2         y2  area2
range  328.951963  1.239673  169.0  328.988226  30.511795  150.0
FAILURE!!!! Some beads might have been misidentified
               x1        y1  area1          x2         y2  area2
range  328.981126  1.239357  167.0  329.059577  30.505932  148.0
FAILURE!!!! Some beads might have been misidentified
               x1        y1  area1          x2         y2  area2
range  328.882659  1.235704  169.0  328.944833  30.470487  147.0
FAILURE!!!! Some beads might have been misidentified
              x1        y1  area1          x2         y2  area2
range  329.15624  1.267774  169.0  329.202431  30.467379  149.0
FAILURE!!!! Some beads might have been misidentified
               x1        y1  area1         x2         y2  area2
range  328.822187  1.267774  165.0  328.85783  30.550848  147.0
FAILURE!!!! Some beads might have been misidentified
Residual vector length: 50, Jacobian shape: (50, 6)
view   0 | SOD= 560.693 mm | SDD= 761.018 mm | M= 1.357 | incident=2.9645°
[[ 129.69954    -544.912       -25.008003  ]
 [ -41.765663    195.71184       9.991997  ]
 [   0.1449053     0.03718354    0.        ]
 [   0.            0.            0.1496    ]]
               x1        y1  area1          x2        y2  area2
range  328.951963  1.267774  167.0  328.988226  30.51978  151.0
FAILURE!!!! Some beads might have been misidentified

iter 75 cost=0.674910 -> 0.674910 |dtheta|=1.507993e-04  lambda=4.710e+04

============================================================
Iteration 76
============================================================
Theta offsets (Unity frame):
  Source   : dSx=   0.000, dSy=   0.000, dSz=   0.000  (mm)
  Object   : dOx= -14.999, dOy= -12.008, dOz= -21.993  (mm)
  Object offset: offset_x=  -0.191, offset_z=   0.042  (mm)
  Detector : dDx=   0.000, dDy=   0.000, dDz=   0.000  (mm)
  Obj Stage rotY :   14.392 deg
============================================================

Unity geometry (world coordinates):
  Source   : x= -10.000, y=  55.000, z=   0.000
  Object   : x=   0.001, y=  29.992, z= 560.007
  Detector : x=   8.000, y=  20.000, z= 760.000
  Obj rotY :   0.0000 deg
view   0 | SOD= 560.693 mm | SDD= 761.018 mm | M= 1.357 | incident=2.9645°
[[ 129.69943   -544.9122     -25.007992 ]
 [ -41.765583   195.71173      9.992008 ]
 [   0.1449053    0.0371835    0.       ]
 [   0.           0.           0.1496   ]]
               x1        y1  area1          x2        y2  area2
range  328.951963  1.267774  167.0  328.988226  30.51978  151.0
FAILURE!!!! Some beads might have been misidentified
               x1        y1  area1        x2         y2  area2
range  328.996222  1.224398  163.0  329.0345  30.510073  146.0
FAILURE!!!! Some beads might have been misidentified
               x1        y1  area1          x2         y2  area2
range  328.982204  1.250663  173.0  329.038708  30.466346  147.0
FAILURE!!!! Some beads might have been misidentified
               x1        y1  area1          x2         y2  area2
range  328.951507  1.242777  159.0  328.978571  30.330298  151.0
FAILURE!!!! Some beads might have been misidentified
               x1        y1  area1          x2         y2  area2
range  328.929916  1.303977  176.0  329.041065  30.598505  144.0
FAILURE!!!! Some beads might have been misidentified
               x1        y1  area1          x2         y2  area2
range  328.949398  1.267774  167.0  328.975761  30.498957  150.0
FAILURE!!!! Some beads might have been misidentified
               x1        y1  area1          x2        y2  area2
range  328.951963  1.267774  167.0  329.016368  30.51927  150.0
FAILURE!!!! Some beads might have been misidentified
               x1        y1  area1          x2         y2  area2
range  328.949398  1.278024  165.0  328.988226  30.471122  150.0
FAILURE!!!! Some beads might have been misidentified
               x1        y1  area1          x2         y2  area2
range  328.951963  1.239673  169.0  328.988226  30.511795  150.0
FAILURE!!!! Some beads might have been misidentified
               x1        y1  area1          x2         y2  area2
range  328.981126  1.239357  167.0  329.059577  30.505932  148.0
FAILURE!!!! Some beads might have been misidentified
               x1        y1  area1          x2         y2  area2
range  328.882659  1.235704  169.0  328.944833  30.470487  147.0
FAILURE!!!! Some beads might have been misidentified
              x1        y1  area1          x2         y2  area2
range  329.15624  1.267774  169.0  329.202431  30.467379  149.0
FAILURE!!!! Some beads might have been misidentified
               x1        y1  area1         x2         y2  area2
range  328.822187  1.267774  165.0  328.85783  30.550848  147.0
FAILURE!!!! Some beads might have been misidentified
Residual vector length: 50, Jacobian shape: (50, 6)
view   0 | SOD= 560.693 mm | SDD= 761.018 mm | M= 1.357 | incident=2.9645°
[[ 129.69946    -544.9122      -25.007996  ]
 [ -41.76559     195.71173       9.992004  ]
 [   0.1449053     0.03718351    0.        ]
 [   0.            0.            0.1496    ]]
               x1        y1  area1          x2        y2  area2
range  328.951963  1.267774  167.0  328.988226  30.51978  151.0
FAILURE!!!! Some beads might have been misidentified

iter 76 cost=0.674910 -> 0.674910 |dtheta|=3.084243e-05  lambda=2.355e+05

============================================================
Iteration 77
============================================================
Theta offsets (Unity frame):
  Source   : dSx=   0.000, dSy=   0.000, dSz=   0.000  (mm)
  Object   : dOx= -14.999, dOy= -12.008, dOz= -21.993  (mm)
  Object offset: offset_x=  -0.191, offset_z=   0.042  (mm)
  Detector : dDx=   0.000, dDy=   0.000, dDz=   0.000  (mm)
  Obj Stage rotY :   14.392 deg
============================================================

Unity geometry (world coordinates):
  Source   : x= -10.000, y=  55.000, z=   0.000
  Object   : x=   0.001, y=  29.992, z= 560.007
  Detector : x=   8.000, y=  20.000, z= 760.000
  Obj rotY :   0.0000 deg
view   0 | SOD= 560.693 mm | SDD= 761.018 mm | M= 1.357 | incident=2.9645°
[[ 129.69943   -544.9122     -25.007992 ]
 [ -41.765583   195.71173      9.992008 ]
 [   0.1449053    0.0371835    0.       ]
 [   0.           0.           0.1496   ]]
               x1        y1  area1          x2        y2  area2
range  328.951963  1.267774  167.0  328.988226  30.51978  151.0
FAILURE!!!! Some beads might have been misidentified
               x1        y1  area1        x2         y2  area2
range  328.996222  1.224398  163.0  329.0345  30.510073  146.0
FAILURE!!!! Some beads might have been misidentified
               x1        y1  area1          x2         y2  area2
range  328.982204  1.250663  173.0  329.038708  30.466346  147.0
FAILURE!!!! Some beads might have been misidentified
               x1        y1  area1          x2         y2  area2
range  328.951507  1.242777  159.0  328.978571  30.330298  151.0
FAILURE!!!! Some beads might have been misidentified
               x1        y1  area1          x2         y2  area2
range  328.929916  1.303977  176.0  329.041065  30.598505  144.0
FAILURE!!!! Some beads might have been misidentified
               x1        y1  area1          x2         y2  area2
range  328.949398  1.267774  167.0  328.975761  30.498957  150.0
FAILURE!!!! Some beads might have been misidentified
               x1        y1  area1          x2        y2  area2
range  328.951963  1.267774  167.0  329.016368  30.51927  150.0
FAILURE!!!! Some beads might have been misidentified
               x1        y1  area1          x2         y2  area2
range  328.949398  1.278024  165.0  328.988226  30.471122  150.0
FAILURE!!!! Some beads might have been misidentified
               x1        y1  area1          x2         y2  area2
range  328.951963  1.239673  169.0  328.988226  30.511795  150.0
FAILURE!!!! Some beads might have been misidentified
               x1        y1  area1          x2         y2  area2
range  328.981126  1.239357  167.0  329.059577  30.505932  148.0
FAILURE!!!! Some beads might have been misidentified
               x1        y1  area1          x2         y2  area2
range  328.882659  1.235704  169.0  328.944833  30.470487  147.0
FAILURE!!!! Some beads might have been misidentified
              x1        y1  area1          x2         y2  area2
range  329.15624  1.267774  169.0  329.202431  30.467379  149.0
FAILURE!!!! Some beads might have been misidentified
               x1        y1  area1         x2         y2  area2
range  328.822187  1.267774  165.0  328.85783  30.550848  147.0
FAILURE!!!! Some beads might have been misidentified
Residual vector length: 50, Jacobian shape: (50, 6)
view   0 | SOD= 560.693 mm | SDD= 761.018 mm | M= 1.357 | incident=2.9645°
[[ 129.69943   -544.9122     -25.007992 ]
 [ -41.765583   195.71173      9.992008 ]
 [   0.1449053    0.0371835    0.       ]
 [   0.           0.           0.1496   ]]
               x1        y1  area1          x2        y2  area2
range  328.951963  1.267774  167.0  328.988226  30.51978  151.0
FAILURE!!!! Some beads might have been misidentified

iter 77 cost=0.674910 -> 0.674910 |dtheta|=7.294341e-06  lambda=1.000e+06

============================================================
Iteration 78
============================================================
Theta offsets (Unity frame):
  Source   : dSx=   0.000, dSy=   0.000, dSz=   0.000  (mm)
  Object   : dOx= -14.999, dOy= -12.008, dOz= -21.993  (mm)
  Object offset: offset_x=  -0.191, offset_z=   0.042  (mm)
  Detector : dDx=   0.000, dDy=   0.000, dDz=   0.000  (mm)
  Obj Stage rotY :   14.392 deg
============================================================

Unity geometry (world coordinates):
  Source   : x= -10.000, y=  55.000, z=   0.000
  Object   : x=   0.001, y=  29.992, z= 560.007
  Detector : x=   8.000, y=  20.000, z= 760.000
  Obj rotY :   0.0000 deg
view   0 | SOD= 560.693 mm | SDD= 761.018 mm | M= 1.357 | incident=2.9645°
[[ 129.69943   -544.9122     -25.007992 ]
 [ -41.765583   195.71173      9.992008 ]
 [   0.1449053    0.0371835    0.       ]
 [   0.           0.           0.1496   ]]
               x1        y1  area1          x2        y2  area2
range  328.951963  1.267774  167.0  328.988226  30.51978  151.0
FAILURE!!!! Some beads might have been misidentified
               x1        y1  area1        x2         y2  area2
range  328.996222  1.224398  163.0  329.0345  30.510073  146.0
FAILURE!!!! Some beads might have been misidentified
               x1        y1  area1          x2         y2  area2
range  328.982204  1.250663  173.0  329.038708  30.466346  147.0
FAILURE!!!! Some beads might have been misidentified
               x1        y1  area1          x2         y2  area2
range  328.951507  1.242777  159.0  328.978571  30.330298  151.0
FAILURE!!!! Some beads might have been misidentified
               x1        y1  area1          x2         y2  area2
range  328.929916  1.303977  176.0  329.041065  30.598505  144.0
FAILURE!!!! Some beads might have been misidentified
               x1        y1  area1          x2         y2  area2
range  328.949398  1.267774  167.0  328.975761  30.498957  150.0
FAILURE!!!! Some beads might have been misidentified
               x1        y1  area1          x2        y2  area2
range  328.951963  1.267774  167.0  329.016368  30.51927  150.0
FAILURE!!!! Some beads might have been misidentified
               x1        y1  area1          x2         y2  area2
range  328.949398  1.278024  165.0  328.988226  30.471122  150.0
FAILURE!!!! Some beads might have been misidentified
               x1        y1  area1          x2         y2  area2
range  328.951963  1.239673  169.0  328.988226  30.511795  150.0
FAILURE!!!! Some beads might have been misidentified
               x1        y1  area1          x2         y2  area2
range  328.981126  1.239357  167.0  329.059577  30.505932  148.0
FAILURE!!!! Some beads might have been misidentified
               x1        y1  area1          x2         y2  area2
range  328.882659  1.235704  169.0  328.944833  30.470487  147.0
FAILURE!!!! Some beads might have been misidentified
              x1        y1  area1          x2         y2  area2
range  329.15624  1.267774  169.0  329.202431  30.467379  149.0
FAILURE!!!! Some beads might have been misidentified
               x1        y1  area1         x2         y2  area2
range  328.822187  1.267774  165.0  328.85783  30.550848  147.0
FAILURE!!!! Some beads might have been misidentified
Residual vector length: 50, Jacobian shape: (50, 6)
view   0 | SOD= 560.693 mm | SDD= 761.018 mm | M= 1.357 | incident=2.9645°
[[ 129.69943   -544.9122     -25.007992 ]
 [ -41.765583   195.71173      9.992008 ]
 [   0.1449053    0.0371835    0.       ]
 [   0.           0.           0.1496   ]]
               x1        y1  area1          x2        y2  area2
range  328.951963  1.267774  167.0  328.988226  30.51978  151.0
FAILURE!!!! Some beads might have been misidentified

iter 78 cost=0.674910 -> 0.674910 |dtheta|=7.294341e-06  lambda=1.000e+06

============================================================
Iteration 79
============================================================
Theta offsets (Unity frame):
  Source   : dSx=   0.000, dSy=   0.000, dSz=   0.000  (mm)
  Object   : dOx= -14.999, dOy= -12.008, dOz= -21.993  (mm)
  Object offset: offset_x=  -0.191, offset_z=   0.042  (mm)
  Detector : dDx=   0.000, dDy=   0.000, dDz=   0.000  (mm)
  Obj Stage rotY :   14.392 deg
============================================================

Unity geometry (world coordinates):
  Source   : x= -10.000, y=  55.000, z=   0.000
  Object   : x=   0.001, y=  29.992, z= 560.007
  Detector : x=   8.000, y=  20.000, z= 760.000
  Obj rotY :   0.0000 deg
view   0 | SOD= 560.693 mm | SDD= 761.018 mm | M= 1.357 | incident=2.9645°
[[ 129.69943   -544.9122     -25.007992 ]
 [ -41.765583   195.71173      9.992008 ]
 [   0.1449053    0.0371835    0.       ]
 [   0.           0.           0.1496   ]]
               x1        y1  area1          x2        y2  area2
range  328.951963  1.267774  167.0  328.988226  30.51978  151.0
FAILURE!!!! Some beads might have been misidentified
               x1        y1  area1        x2         y2  area2
range  328.996222  1.224398  163.0  329.0345  30.510073  146.0
FAILURE!!!! Some beads might have been misidentified
               x1        y1  area1          x2         y2  area2
range  328.982204  1.250663  173.0  329.038708  30.466346  147.0
FAILURE!!!! Some beads might have been misidentified
               x1        y1  area1          x2         y2  area2
range  328.951507  1.242777  159.0  328.978571  30.330298  151.0
FAILURE!!!! Some beads might have been misidentified
               x1        y1  area1          x2         y2  area2
range  328.929916  1.303977  176.0  329.041065  30.598505  144.0
FAILURE!!!! Some beads might have been misidentified
               x1        y1  area1          x2         y2  area2
range  328.949398  1.267774  167.0  328.975761  30.498957  150.0
FAILURE!!!! Some beads might have been misidentified
               x1        y1  area1          x2        y2  area2
range  328.951963  1.267774  167.0  329.016368  30.51927  150.0
FAILURE!!!! Some beads might have been misidentified
               x1        y1  area1          x2         y2  area2
range  328.949398  1.278024  165.0  328.988226  30.471122  150.0
FAILURE!!!! Some beads might have been misidentified
               x1        y1  area1          x2         y2  area2
range  328.951963  1.239673  169.0  328.988226  30.511795  150.0
FAILURE!!!! Some beads might have been misidentified
               x1        y1  area1          x2         y2  area2
range  328.981126  1.239357  167.0  329.059577  30.505932  148.0
FAILURE!!!! Some beads might have been misidentified
               x1        y1  area1          x2         y2  area2
range  328.882659  1.235704  169.0  328.944833  30.470487  147.0
FAILURE!!!! Some beads might have been misidentified
              x1        y1  area1          x2         y2  area2
range  329.15624  1.267774  169.0  329.202431  30.467379  149.0
FAILURE!!!! Some beads might have been misidentified
               x1        y1  area1         x2         y2  area2
range  328.822187  1.267774  165.0  328.85783  30.550848  147.0
FAILURE!!!! Some beads might have been misidentified
Residual vector length: 50, Jacobian shape: (50, 6)
view   0 | SOD= 560.693 mm | SDD= 761.018 mm | M= 1.357 | incident=2.9645°
[[ 129.69943   -544.9122     -25.007992 ]
 [ -41.765583   195.71173      9.992008 ]
 [   0.1449053    0.0371835    0.       ]
 [   0.           0.           0.1496   ]]
               x1        y1  area1          x2        y2  area2
range  328.951963  1.267774  167.0  328.988226  30.51978  151.0
FAILURE!!!! Some beads might have been misidentified

iter 79 cost=0.674910 -> 0.674910 |dtheta|=7.294341e-06  lambda=1.000e+06

============================================================
Iteration 80
============================================================
Theta offsets (Unity frame):
  Source   : dSx=   0.000, dSy=   0.000, dSz=   0.000  (mm)
  Object   : dOx= -14.999, dOy= -12.008, dOz= -21.993  (mm)
  Object offset: offset_x=  -0.191, offset_z=   0.042  (mm)
  Detector : dDx=   0.000, dDy=   0.000, dDz=   0.000  (mm)
  Obj Stage rotY :   14.392 deg
============================================================

Unity geometry (world coordinates):
  Source   : x= -10.000, y=  55.000, z=   0.000
  Object   : x=   0.001, y=  29.992, z= 560.007
  Detector : x=   8.000, y=  20.000, z= 760.000
  Obj rotY :   0.0000 deg
view   0 | SOD= 560.693 mm | SDD= 761.018 mm | M= 1.357 | incident=2.9645°
[[ 129.69943   -544.9122     -25.007992 ]
 [ -41.765583   195.71173      9.992008 ]
 [   0.1449053    0.0371835    0.       ]
 [   0.           0.           0.1496   ]]
               x1        y1  area1          x2        y2  area2
range  328.951963  1.267774  167.0  328.988226  30.51978  151.0
FAILURE!!!! Some beads might have been misidentified
               x1        y1  area1        x2         y2  area2
range  328.996222  1.224398  163.0  329.0345  30.510073  146.0
FAILURE!!!! Some beads might have been misidentified
               x1        y1  area1          x2         y2  area2
range  328.982204  1.250663  173.0  329.038708  30.466346  147.0
FAILURE!!!! Some beads might have been misidentified
               x1        y1  area1          x2         y2  area2
range  328.951507  1.242777  159.0  328.978571  30.330298  151.0
FAILURE!!!! Some beads might have been misidentified
               x1        y1  area1          x2         y2  area2
range  328.929916  1.303977  176.0  329.041065  30.598505  144.0
FAILURE!!!! Some beads might have been misidentified
               x1        y1  area1          x2         y2  area2
range  328.949398  1.267774  167.0  328.975761  30.498957  150.0
FAILURE!!!! Some beads might have been misidentified
               x1        y1  area1          x2        y2  area2
range  328.951963  1.267774  167.0  329.016368  30.51927  150.0
FAILURE!!!! Some beads might have been misidentified
               x1        y1  area1          x2         y2  area2
range  328.949398  1.278024  165.0  328.988226  30.471122  150.0
FAILURE!!!! Some beads might have been misidentified
               x1        y1  area1          x2         y2  area2
range  328.951963  1.239673  169.0  328.988226  30.511795  150.0
FAILURE!!!! Some beads might have been misidentified
               x1        y1  area1          x2         y2  area2
range  328.981126  1.239357  167.0  329.059577  30.505932  148.0
FAILURE!!!! Some beads might have been misidentified
               x1        y1  area1          x2         y2  area2
range  328.882659  1.235704  169.0  328.944833  30.470487  147.0
FAILURE!!!! Some beads might have been misidentified
              x1        y1  area1          x2         y2  area2
range  329.15624  1.267774  169.0  329.202431  30.467379  149.0
FAILURE!!!! Some beads might have been misidentified
               x1        y1  area1         x2         y2  area2
range  328.822187  1.267774  165.0  328.85783  30.550848  147.0
FAILURE!!!! Some beads might have been misidentified
Residual vector length: 50, Jacobian shape: (50, 6)
view   0 | SOD= 560.693 mm | SDD= 761.018 mm | M= 1.357 | incident=2.9645°
[[ 129.69943   -544.9122     -25.007992 ]
 [ -41.765583   195.71173      9.992008 ]
 [   0.1449053    0.0371835    0.       ]
 [   0.           0.           0.1496   ]]
               x1        y1  area1          x2        y2  area2
range  328.951963  1.267774  167.0  328.988226  30.51978  151.0
FAILURE!!!! Some beads might have been misidentified

iter 80 cost=0.674910 -> 0.674910 |dtheta|=7.294341e-06  lambda=1.000e+06

============================================================
Iteration 81
============================================================
Theta offsets (Unity frame):
  Source   : dSx=   0.000, dSy=   0.000, dSz=   0.000  (mm)
  Object   : dOx= -14.999, dOy= -12.008, dOz= -21.993  (mm)
  Object offset: offset_x=  -0.191, offset_z=   0.042  (mm)
  Detector : dDx=   0.000, dDy=   0.000, dDz=   0.000  (mm)
  Obj Stage rotY :   14.392 deg
============================================================

Unity geometry (world coordinates):
  Source   : x= -10.000, y=  55.000, z=   0.000
  Object   : x=   0.001, y=  29.992, z= 560.007
  Detector : x=   8.000, y=  20.000, z= 760.000
  Obj rotY :   0.0000 deg
view   0 | SOD= 560.693 mm | SDD= 761.018 mm | M= 1.357 | incident=2.9645°
[[ 129.69943   -544.9122     -25.007992 ]
 [ -41.765583   195.71173      9.992008 ]
 [   0.1449053    0.0371835    0.       ]
 [   0.           0.           0.1496   ]]
               x1        y1  area1          x2        y2  area2
range  328.951963  1.267774  167.0  328.988226  30.51978  151.0
FAILURE!!!! Some beads might have been misidentified
               x1        y1  area1        x2         y2  area2
range  328.996222  1.224398  163.0  329.0345  30.510073  146.0
FAILURE!!!! Some beads might have been misidentified
               x1        y1  area1          x2         y2  area2
range  328.982204  1.250663  173.0  329.038708  30.466346  147.0
FAILURE!!!! Some beads might have been misidentified
               x1        y1  area1          x2         y2  area2
range  328.951507  1.242777  159.0  328.978571  30.330298  151.0
FAILURE!!!! Some beads might have been misidentified
               x1        y1  area1          x2         y2  area2
range  328.929916  1.303977  176.0  329.041065  30.598505  144.0
FAILURE!!!! Some beads might have been misidentified
               x1        y1  area1          x2         y2  area2
range  328.949398  1.267774  167.0  328.975761  30.498957  150.0
FAILURE!!!! Some beads might have been misidentified
               x1        y1  area1          x2        y2  area2
range  328.951963  1.267774  167.0  329.016368  30.51927  150.0
FAILURE!!!! Some beads might have been misidentified
               x1        y1  area1          x2         y2  area2
range  328.949398  1.278024  165.0  328.988226  30.471122  150.0
FAILURE!!!! Some beads might have been misidentified
               x1        y1  area1          x2         y2  area2
range  328.951963  1.239673  169.0  328.988226  30.511795  150.0
FAILURE!!!! Some beads might have been misidentified
               x1        y1  area1          x2         y2  area2
range  328.981126  1.239357  167.0  329.059577  30.505932  148.0
FAILURE!!!! Some beads might have been misidentified
               x1        y1  area1          x2         y2  area2
range  328.882659  1.235704  169.0  328.944833  30.470487  147.0
FAILURE!!!! Some beads might have been misidentified
              x1        y1  area1          x2         y2  area2
range  329.15624  1.267774  169.0  329.202431  30.467379  149.0
FAILURE!!!! Some beads might have been misidentified
               x1        y1  area1         x2         y2  area2
range  328.822187  1.267774  165.0  328.85783  30.550848  147.0
FAILURE!!!! Some beads might have been misidentified
Residual vector length: 50, Jacobian shape: (50, 6)
view   0 | SOD= 560.693 mm | SDD= 761.018 mm | M= 1.357 | incident=2.9645°
[[ 129.69943   -544.9122     -25.007992 ]
 [ -41.765583   195.71173      9.992008 ]
 [   0.1449053    0.0371835    0.       ]
 [   0.           0.           0.1496   ]]
               x1        y1  area1          x2        y2  area2
range  328.951963  1.267774  167.0  328.988226  30.51978  151.0
FAILURE!!!! Some beads might have been misidentified

iter 81 cost=0.674910 -> 0.674910 |dtheta|=7.294341e-06  lambda=1.000e+06

============================================================
Iteration 82
============================================================
Theta offsets (Unity frame):
  Source   : dSx=   0.000, dSy=   0.000, dSz=   0.000  (mm)
  Object   : dOx= -14.999, dOy= -12.008, dOz= -21.993  (mm)
  Object offset: offset_x=  -0.191, offset_z=   0.042  (mm)
  Detector : dDx=   0.000, dDy=   0.000, dDz=   0.000  (mm)
  Obj Stage rotY :   14.392 deg
============================================================

Unity geometry (world coordinates):
  Source   : x= -10.000, y=  55.000, z=   0.000
  Object   : x=   0.001, y=  29.992, z= 560.007
  Detector : x=   8.000, y=  20.000, z= 760.000
  Obj rotY :   0.0000 deg
view   0 | SOD= 560.693 mm | SDD= 761.018 mm | M= 1.357 | incident=2.9645°
[[ 129.69943   -544.9122     -25.007992 ]
 [ -41.765583   195.71173      9.992008 ]
 [   0.1449053    0.0371835    0.       ]
 [   0.           0.           0.1496   ]]
               x1        y1  area1          x2        y2  area2
range  328.951963  1.267774  167.0  328.988226  30.51978  151.0
FAILURE!!!! Some beads might have been misidentified
               x1        y1  area1        x2         y2  area2
range  328.996222  1.224398  163.0  329.0345  30.510073  146.0
FAILURE!!!! Some beads might have been misidentified
               x1        y1  area1          x2         y2  area2
range  328.982204  1.250663  173.0  329.038708  30.466346  147.0
FAILURE!!!! Some beads might have been misidentified
               x1        y1  area1          x2         y2  area2
range  328.951507  1.242777  159.0  328.978571  30.330298  151.0
FAILURE!!!! Some beads might have been misidentified
               x1        y1  area1          x2         y2  area2
range  328.929916  1.303977  176.0  329.041065  30.598505  144.0
FAILURE!!!! Some beads might have been misidentified
               x1        y1  area1          x2         y2  area2
range  328.949398  1.267774  167.0  328.975761  30.498957  150.0
FAILURE!!!! Some beads might have been misidentified
               x1        y1  area1          x2        y2  area2
range  328.951963  1.267774  167.0  329.016368  30.51927  150.0
FAILURE!!!! Some beads might have been misidentified
               x1        y1  area1          x2         y2  area2
range  328.949398  1.278024  165.0  328.988226  30.471122  150.0
FAILURE!!!! Some beads might have been misidentified
               x1        y1  area1          x2         y2  area2
range  328.951963  1.239673  169.0  328.988226  30.511795  150.0
FAILURE!!!! Some beads might have been misidentified
               x1        y1  area1          x2         y2  area2
range  328.981126  1.239357  167.0  329.059577  30.505932  148.0
FAILURE!!!! Some beads might have been misidentified
               x1        y1  area1          x2         y2  area2
range  328.882659  1.235704  169.0  328.944833  30.470487  147.0
FAILURE!!!! Some beads might have been misidentified
              x1        y1  area1          x2         y2  area2
range  329.15624  1.267774  169.0  329.202431  30.467379  149.0
FAILURE!!!! Some beads might have been misidentified
               x1        y1  area1         x2         y2  area2
range  328.822187  1.267774  165.0  328.85783  30.550848  147.0
FAILURE!!!! Some beads might have been misidentified
Residual vector length: 50, Jacobian shape: (50, 6)
view   0 | SOD= 560.693 mm | SDD= 761.018 mm | M= 1.357 | incident=2.9645°
[[ 129.69943   -544.9122     -25.007992 ]
 [ -41.765583   195.71173      9.992008 ]
 [   0.1449053    0.0371835    0.       ]
 [   0.           0.           0.1496   ]]
               x1        y1  area1          x2        y2  area2
range  328.951963  1.267774  167.0  328.988226  30.51978  151.0
FAILURE!!!! Some beads might have been misidentified

iter 82 cost=0.674910 -> 0.674910 |dtheta|=7.294341e-06  lambda=1.000e+06

============================================================
Iteration 83
============================================================
Theta offsets (Unity frame):
  Source   : dSx=   0.000, dSy=   0.000, dSz=   0.000  (mm)
  Object   : dOx= -14.999, dOy= -12.008, dOz= -21.993  (mm)
  Object offset: offset_x=  -0.191, offset_z=   0.042  (mm)
  Detector : dDx=   0.000, dDy=   0.000, dDz=   0.000  (mm)
  Obj Stage rotY :   14.392 deg
============================================================

Unity geometry (world coordinates):
  Source   : x= -10.000, y=  55.000, z=   0.000
  Object   : x=   0.001, y=  29.992, z= 560.007
  Detector : x=   8.000, y=  20.000, z= 760.000
  Obj rotY :   0.0000 deg
view   0 | SOD= 560.693 mm | SDD= 761.018 mm | M= 1.357 | incident=2.9645°
[[ 129.69943   -544.9122     -25.007992 ]
 [ -41.765583   195.71173      9.992008 ]
 [   0.1449053    0.0371835    0.       ]
 [   0.           0.           0.1496   ]]
               x1        y1  area1          x2        y2  area2
range  328.951963  1.267774  167.0  328.988226  30.51978  151.0
FAILURE!!!! Some beads might have been misidentified
               x1        y1  area1        x2         y2  area2
range  328.996222  1.224398  163.0  329.0345  30.510073  146.0
FAILURE!!!! Some beads might have been misidentified
               x1        y1  area1          x2         y2  area2
range  328.982204  1.250663  173.0  329.038708  30.466346  147.0
FAILURE!!!! Some beads might have been misidentified
               x1        y1  area1          x2         y2  area2
range  328.951507  1.242777  159.0  328.978571  30.330298  151.0
FAILURE!!!! Some beads might have been misidentified
               x1        y1  area1          x2         y2  area2
range  328.929916  1.303977  176.0  329.041065  30.598505  144.0
FAILURE!!!! Some beads might have been misidentified
               x1        y1  area1          x2         y2  area2
range  328.949398  1.267774  167.0  328.975761  30.498957  150.0
FAILURE!!!! Some beads might have been misidentified
               x1        y1  area1          x2        y2  area2
range  328.951963  1.267774  167.0  329.016368  30.51927  150.0
FAILURE!!!! Some beads might have been misidentified
               x1        y1  area1          x2         y2  area2
range  328.949398  1.278024  165.0  328.988226  30.471122  150.0
FAILURE!!!! Some beads might have been misidentified
               x1        y1  area1          x2         y2  area2
range  328.951963  1.239673  169.0  328.988226  30.511795  150.0
FAILURE!!!! Some beads might have been misidentified
               x1        y1  area1          x2         y2  area2
range  328.981126  1.239357  167.0  329.059577  30.505932  148.0
FAILURE!!!! Some beads might have been misidentified
               x1        y1  area1          x2         y2  area2
range  328.882659  1.235704  169.0  328.944833  30.470487  147.0
FAILURE!!!! Some beads might have been misidentified
              x1        y1  area1          x2         y2  area2
range  329.15624  1.267774  169.0  329.202431  30.467379  149.0
FAILURE!!!! Some beads might have been misidentified
               x1        y1  area1         x2         y2  area2
range  328.822187  1.267774  165.0  328.85783  30.550848  147.0
FAILURE!!!! Some beads might have been misidentified
Residual vector length: 50, Jacobian shape: (50, 6)
view   0 | SOD= 560.693 mm | SDD= 761.018 mm | M= 1.357 | incident=2.9645°
[[ 129.69943   -544.9122     -25.007992 ]
 [ -41.765583   195.71173      9.992008 ]
 [   0.1449053    0.0371835    0.       ]
 [   0.           0.           0.1496   ]]
               x1        y1  area1          x2        y2  area2
range  328.951963  1.267774  167.0  328.988226  30.51978  151.0
FAILURE!!!! Some beads might have been misidentified

iter 83 cost=0.674910 -> 0.674910 |dtheta|=7.294341e-06  lambda=1.000e+06
Stalled.

Estimated theta:
  dSx: +0.000000
  dSy: +0.000000
  dOx: -14.999188
  dOy: -12.007993
  dOz: -21.993205
  dDx: +0.000000
  dDy: +0.000000
  dDz: +0.000000
alpha: +1.439189e+01 deg)
offset_x: -0.190608
offset_z: +0.042321

Final cost table:
Fake theta: [  0.   0. -15. -12. -22.   0.   0.   0.  15.   0.   0.]
Final estimated theta: [  0.           0.         -14.99918783 -12.00799263 -21.99320548
   0.           0.           0.          14.39189193  -0.19060755
   0.04232137]
Diff from Expected: [ 0.          0.          0.00081217 -0.00799263  0.00679452  0.
  0.          0.         -0.60810807 -0.19060755  0.04232137]
################################################################################

