lambda,cuboid,K,N,M,scenario,file,sum,total_iters,cost_initial,cost_final,cost_change_pct,ddtheta_initial,dtheta,dtheta_change_pct,final_lambda,fake_dSx,fake_dSy,fake_dOx,fake_dOy,fake_dOz,fake_dDx,fake_dDy,fake_dDz,fake_alpha,fake_offset_x,fake_offset_z,hat_dSx,hat_dSy,hat_dOx,hat_dOy,hat_dOz,hat_dDx,hat_dDy,hat_dDz,hat_alpha,hat_offset_x,hat_offset_z,diff_dSx,diff_dSy,diff_dOx,diff_dOy,diff_dOz,diff_dDx,diff_dDy,diff_dDz,diff_alpha,diff_offset_x,diff_offset_z
GN,small,3,3,27,G0,run70_u0065064.log,0.67442557,16,32187.23951,0.404236,99.99874411100127,14.30189,0.02599422,99.81824625976007,0.0,0.0,0.0,-10.0,5.0,-19.0,0.0,0.0,0.0,10.0,0.0,0.0,0.0,0.0,-10.00367548,4.97595118,-18.36483725,0.0,0.0,0.0,10.00394168,0.00562739,0.00196945,0.0,0.0,-0.00367548,-0.02404882,0.63516275,0.0,0.0,0.0,0.00394168,0.00562739,0.00196945
GN,small,3,3,27,G1,run71_u0065064.log,0.26902258,17,25973.684832,0.106302,99.9995907319247,21.00834,0.05987376,99.71500004284015,0.0,0.0,0.0,-6.0,-6.0,-12.0,0.0,0.0,0.0,5.0,0.0,0.0,0.0,0.0,-5.99419858,-5.98372831,-12.24204891,0.0,0.0,0.0,4.99943333,0.00034618,-0.00398771,0.0,0.0,0.00580142,0.01627169,-0.24204891,0.0,0.0,0.0,-0.00056667,0.00034618,-0.00398771
GN,small,3,3,27,G2,run72_u0065064.log,0.91816537,29,134218.196589,0.580277,99.99956766145371,82.74114,0.05419934,99.93449529460193,0.0,0.0,0.0,-15.0,-12.0,-22.0,0.0,0.0,0.0,15.0,0.0,0.0,0.0,0.0,-14.97415427,-12.02775352,-21.16624276,0.0,0.0,0.0,15.01333682,0.00877551,0.00869655,0.0,0.0,0.02584573,-0.02775352,0.83375724,0.0,0.0,0.0,0.01333682,0.00877551,0.00869655
GN,small,3,3,27,G3,run73_u0065080.log,1.9128797800000001,20,174715.792113,5.557263,99.99681925547038,27.67388,0.5422716,98.04049305699093,0.0,0.0,0.0,-18.0,-8.0,-25.0,0.0,0.0,0.0,25.0,0.0,0.0,0.0,0.0,-18.0106095,-8.13837126,-23.37196032,0.0,0.0,0.0,25.01888086,0.01355204,0.10342644,0.0,0.0,-0.0106095,-0.13837126,1.62803968,0.0,0.0,0.0,0.01888086,0.01355204,0.10342644
GN,small,3,3,27,G4,run74_u0065064.log,0.04529119,24,15520.320297,0.061864,99.99960139997877,8.228011,0.01775255,99.7842425101279,0.0,0.0,0.0,-7.0,-2.0,-8.0,0.0,0.0,0.0,3.0,0.0,0.0,0.0,0.0,-7.00295818,-2.00137054,-7.98265969,0.0,0.0,0.0,2.97693485,-0.00048464,7.237e-05,0.0,0.0,-0.00295818,-0.00137054,0.01734031,0.0,0.0,0.0,-0.02306515,-0.00048464,7.237e-05
GN,small,3,5,45,G0,run75_u0065080.log,5.35614301,14,53537.468912,33.315871,99.93777092627452,14.5866,0.4439071,96.95674728860735,0.0,0.0,0.0,-10.0,5.0,-19.0,0.0,0.0,0.0,10.0,0.0,0.0,0.0,0.0,-10.02076964,4.79283146,-14.37177332,0.0,0.0,0.0,9.55535761,0.03845366,0.0168821,0.0,0.0,-0.02076964,-0.20716854,4.62822668,0.0,0.0,0.0,-0.44464239,0.03845366,0.0168821
GN,small,3,5,45,G1,run76_u0065064.log,0.11154791,21,43290.402428,0.094035,99.99978278095207,11.1457,0.02333792,99.79061054935985,0.0,0.0,0.0,-6.0,-6.0,-12.0,0.0,0.0,0.0,5.0,0.0,0.0,0.0,0.0,-6.00034997,-6.00156309,-11.91279443,0.0,0.0,0.0,5.01926705,-0.00037295,-0.00278928,0.0,0.0,-0.00034997,-0.00156309,0.08720557,0.0,0.0,0.0,0.01926705,-0.00037295,-0.00278928
GN,small,3,5,45,G2,run77_u0065078.log,0.30668159,26,223580.228144,0.148642,99.99993351737707,16.86654,0.03133901,99.81419419750583,0.0,0.0,0.0,-15.0,-12.0,-22.0,0.0,0.0,0.0,15.0,0.0,0.0,0.0,0.0,-14.99564422,-12.01373321,-21.74615046,0.0,0.0,0.0,14.96824023,-0.00222129,0.000762,0.0,0.0,0.00435578,-0.01373321,0.25384954,0.0,0.0,0.0,-0.03175977,-0.00222129,0.000762
GN,small,3,5,45,G3,run78_u0065080.log,0.08328893,33,290146.931635,0.099711,99.99996563430831,35.01733,0.03106719,99.91128052881244,0.0,0.0,0.0,-18.0,-8.0,-25.0,0.0,0.0,0.0,25.0,0.0,0.0,0.0,0.0,-17.99707083,-7.99457931,-25.05703355,0.0,0.0,0.0,24.98767599,-0.00272003,-0.00286148,0.0,0.0,0.00292917,0.00542069,-0.05703355,0.0,0.0,0.0,-0.01232401,-0.00272003,-0.00286148
GN,small,3,5,45,G4,run79_u0065064.log,0.02310691,21,25881.232549,0.131785,99.99949080863999,5.207135,0.01771921,99.65971287473823,0.0,0.0,0.0,-7.0,-2.0,-8.0,0.0,0.0,0.0,3.0,0.0,0.0,0.0,0.0,-7.00159169,-1.99832889,-7.99962775,0.0,0.0,0.0,3.01450208,0.00353637,-0.00143341,0.0,0.0,-0.00159169,0.00167111,0.00037225,0.0,0.0,0.0,0.01450208,0.00353637,-0.00143341
GN,small,3,6,54,G0,run80_u0065078.log,0.17599809,33,64380.268617,0.175705,99.99972708253044,13.75511,0.01252685,99.90892948147997,0.0,0.0,0.0,-10.0,5.0,-19.0,0.0,0.0,0.0,10.0,0.0,0.0,0.0,0.0,-10.0023331,4.99308071,-18.85573312,0.0,0.0,0.0,10.01367322,0.00290035,0.00590525,0.0,0.0,-0.0023331,-0.00691929,0.14426688,0.0,0.0,0.0,0.01367322,0.00290035,0.00590525
GN,small,3,6,54,G1,run81_u0065080.log,0.09326651,16,51972.761866,0.119562,99.99976995257572,16.25325,0.05080694,99.68740442680694,0.0,0.0,0.0,-6.0,-6.0,-12.0,0.0,0.0,0.0,5.0,0.0,0.0,0.0,0.0,-5.99891632,-5.99826414,-12.05669191,0.0,0.0,0.0,4.96847164,-0.0002894,-0.0019373,0.0,0.0,0.00108368,0.00173586,-0.05669191,0.0,0.0,0.0,-0.03152836,-0.0002894,-0.0019373
GN,small,3,6,54,G2,run82_u0065064.log,10.742549579999999,16,268585.470152,217.789728,99.91891231946511,54.64713,0.9950997,98.17904490135163,0.0,0.0,0.0,-15.0,-12.0,-22.0,0.0,0.0,0.0,15.0,0.0,0.0,0.0,0.0,-14.85510628,-12.39352431,-13.11154149,0.0,0.0,0.0,13.7858655,-0.02145838,-0.08008016,0.0,0.0,0.14489372,-0.39352431,8.88845851,0.0,0.0,0.0,-1.2141345,-0.02145838,-0.08008016
GN,small,3,6,54,G3,run83_u0065078.log,0.39175897,24,349549.934941,0.499494,99.99985710367818,39.01699,0.007507637,99.98075803130892,0.0,0.0,0.0,-18.0,-8.0,-25.0,0.0,0.0,0.0,25.0,0.0,0.0,0.0,0.0,-17.99585367,-7.9671724,-25.33804101,0.0,0.0,0.0,25.00754399,-0.00515448,0.00404556,0.0,0.0,0.00414633,0.0328276,-0.33804101,0.0,0.0,0.0,0.00754399,-0.00515448,0.00404556
GN,small,3,6,54,G4,run84_u0065080.log,0.25550761,19,31045.249117,0.254917,99.99917888563549,8.849866,0.03852786,99.56465035741783,0.0,0.0,0.0,-7.0,-2.0,-8.0,0.0,0.0,0.0,3.0,0.0,0.0,0.0,0.0,-6.99922511,-2.01086213,-7.77955651,0.0,0.0,0.0,2.98648656,0.00328225,0.00663141,0.0,0.0,0.00077489,-0.01086213,0.22044349,0.0,0.0,0.0,-0.01351344,0.00328225,0.00663141
GN,small,3,9,81,G0,run85_u0065064.log,0.19558427,30,96330.691947,0.417159,99.9995669511019,15.61724,0.0631823,99.59543235552505,0.0,0.0,0.0,-10.0,5.0,-19.0,0.0,0.0,0.0,10.0,0.0,0.0,0.0,0.0,-9.99881689,4.99446312,-18.81800812,0.0,0.0,0.0,10.00569179,-0.001121,-5.961e-05,0.0,0.0,0.00118311,-0.00553688,0.18199188,0.0,0.0,0.0,0.00569179,-0.001121,-5.961e-05
GN,small,3,9,81,G1,run86_u0065078.log,0.28539926,26,77912.117918,0.257818,99.9996690912699,8.403104,0.01592183,99.81052442049986,0.0,0.0,0.0,-6.0,-6.0,-12.0,0.0,0.0,0.0,5.0,0.0,0.0,0.0,0.0,-6.0029728,-6.0093451,-11.7474952,0.0,0.0,0.0,5.01086121,0.00401672,0.00569863,0.0,0.0,-0.0029728,-0.0093451,0.2525048,0.0,0.0,0.0,0.01086121,0.00401672,0.00569863
GN,small,3,9,81,G2,run87_u0065080.log,0.7193784599999999,23,402437.345963,1.456307,99.99963812826651,21.77789,0.04275397,99.8036817616399,0.0,0.0,0.0,-15.0,-12.0,-22.0,0.0,0.0,0.0,15.0,0.0,0.0,0.0,0.0,-14.99061874,-12.0341001,-21.35561598,0.0,0.0,0.0,15.01899521,0.00531082,-0.00720705,0.0,0.0,0.00938126,-0.0341001,0.64438402,0.0,0.0,0.0,0.01899521,0.00531082,-0.00720705
GN,small,3,9,81,G3,run88_u0065080.log,3.54981552,19,522425.241537,38.079134,99.99271108457778,25.03353,0.1829179,99.26930840356913,0.0,0.0,0.0,-18.0,-8.0,-25.0,0.0,0.0,0.0,25.0,0.0,0.0,0.0,0.0,-18.03606756,-8.26365438,-21.87581989,0.0,0.0,0.0,24.91850117,0.0226759,0.02173874,0.0,0.0,-0.03606756,-0.26365438,3.12418011,0.0,0.0,0.0,-0.08149883,0.0226759,0.02173874
GN,small,3,9,81,G4,run89_u0065064.log,0.09267036000000001,30,46615.83633,0.270025,99.99942074406198,6.271725,0.02845828,99.54624477316847,0.0,0.0,0.0,-7.0,-2.0,-8.0,0.0,0.0,0.0,3.0,0.0,0.0,0.0,0.0,-7.00195283,-2.00012605,-7.91663246,0.0,0.0,0.0,2.99842199,0.0025055,-0.00314043,0.0,0.0,-0.00195283,-0.00012605,0.08336754,0.0,0.0,0.0,-0.00157801,0.0025055,-0.00314043
GN,small,3,10,90,G0,run90_u0065078.log,0.12945792,29,107055.415848,0.278128,99.99974020184051,15.29935,0.01380324,99.90977891217601,0.0,0.0,0.0,-10.0,5.0,-19.0,0.0,0.0,0.0,10.0,0.0,0.0,0.0,0.0,-10.00036426,4.99904685,-18.91522231,0.0,0.0,0.0,10.03663111,0.00355501,0.0031767,0.0,0.0,-0.00036426,-0.00095315,0.08477769,0.0,0.0,0.0,0.03663111,0.00355501,0.0031767
GN,small,3,10,90,G1,run91_u0065080.log,0.21737847999999999,28,86572.536023,0.220451,99.99974535688784,9.530556,0.01536815,99.83874865222973,0.0,0.0,0.0,-6.0,-6.0,-12.0,0.0,0.0,0.0,5.0,0.0,0.0,0.0,0.0,-6.00200096,-6.00911619,-11.8091682,0.0,0.0,0.0,5.01366671,0.00078202,-0.0009808,0.0,0.0,-0.00200096,-0.00911619,0.1908318,0.0,0.0,0.0,0.01366671,0.00078202,-0.0009808
GN,small,3,10,90,G2,run92_u0065064.log,0.15323652000000001,33,447256.937488,0.157446,99.99996479741579,17.9457,0.005875903,99.96725732069521,0.0,0.0,0.0,-15.0,-12.0,-22.0,0.0,0.0,0.0,15.0,0.0,0.0,0.0,0.0,-14.99980908,-12.00511493,-21.87805129,0.0,0.0,0.0,14.97481005,-0.00051925,-0.00027276,0.0,0.0,0.00019092,-0.00511493,0.12194871,0.0,0.0,0.0,-0.02518995,-0.00051925,-0.00027276
GN,small,3,10,90,G3,run93_u0065078.log,0.37687297,24,580590.481302,0.704971,99.99987857689324,31.6424,0.007745698,99.97552114251764,0.0,0.0,0.0,-18.0,-8.0,-25.0,0.0,0.0,0.0,25.0,0.0,0.0,0.0,0.0,-17.99784007,-7.97217827,-25.33028831,0.0,0.0,0.0,24.99067722,-0.00253756,-0.00474266,0.0,0.0,0.00215993,0.02782173,-0.33028831,0.0,0.0,0.0,-0.00932278,-0.00253756,-0.00474266
GN,small,3,10,90,G4,run94_u0065080.log,0.0777023,24,51763.977353,0.266508,99.99948514775403,5.630712,0.02431232,99.56821943654727,0.0,0.0,0.0,-7.0,-2.0,-8.0,0.0,0.0,0.0,3.0,0.0,0.0,0.0,0.0,-7.00301808,-2.00066487,-7.93787229,0.0,0.0,0.0,2.9931243,-0.00137537,0.00364057,0.0,0.0,-0.00301808,-0.00066487,0.06212771,0.0,0.0,0.0,-0.0068757,-0.00137537,0.00364057
GN,small,3,12,108,G0,run95_u0065064.log,0.0639154,39,128438.732985,0.274903,99.99978596565568,9.985837,0.01002294,99.8996284437649,0.0,0.0,0.0,-10.0,5.0,-19.0,0.0,0.0,0.0,10.0,0.0,0.0,0.0,0.0,-10.00270106,4.99601606,-18.94726766,0.0,0.0,0.0,9.99822068,0.00037308,0.00234566,0.0,0.0,-0.00270106,-0.00398394,0.05273234,0.0,0.0,0.0,-0.00177932,0.00037308,0.00234566
GN,small,3,12,108,G1,run96_u0065078.log,0.1974288,30,103891.114887,0.259854,99.99974987851436,15.9712,0.01105522,99.93078027950311,0.0,0.0,0.0,-6.0,-6.0,-12.0,0.0,0.0,0.0,5.0,0.0,0.0,0.0,0.0,-6.00281525,-6.00835406,-11.83671502,0.0,0.0,0.0,5.02142126,0.00043425,0.001119,0.0,0.0,-0.00281525,-0.00835406,0.16328498,0.0,0.0,0.0,0.02142126,0.00043425,0.001119
GN,small,3,12,108,G2,run97_u0065080.log,0.06348012,33,536654.569165,0.212906,99.99996032718023,26.81327,0.007811353,99.97086758534114,0.0,0.0,0.0,-15.0,-12.0,-22.0,0.0,0.0,0.0,15.0,0.0,0.0,0.0,0.0,-14.99815382,-12.00151859,-21.94456306,0.0,0.0,0.0,14.99674457,0.00126039,0.00016259,0.0,0.0,0.00184618,-0.00151859,0.05543694,0.0,0.0,0.0,-0.00325543,0.00126039,0.00016259
GN,small,3,12,108,G3,run98_u0065064.log,0.5333429199999999,26,696704.919159,1.677305,99.99975925173572,29.84798,0.02286975,99.9233792370539,0.0,0.0,0.0,-18.0,-8.0,-25.0,0.0,0.0,0.0,25.0,0.0,0.0,0.0,0.0,-18.00383163,-8.03271026,-24.52679363,0.0,0.0,0.0,25.01798,-0.00433507,0.00127959,0.0,0.0,-0.00383163,-0.03271026,0.47320637,0.0,0.0,0.0,0.01798,-0.00433507,0.00127959
GN,small,3,12,108,G4,run99_u0065078.log,0.13029631,28,62084.863494,0.321245,99.99948257114227,8.287848,0.02774381,99.6652471184317,0.0,0.0,0.0,-7.0,-2.0,-8.0,0.0,0.0,0.0,3.0,0.0,0.0,0.0,0.0,-6.99700471,-2.00583515,-7.89403597,0.0,0.0,0.0,2.98710625,0.00045323,0.00215486,0.0,0.0,0.00299529,-0.00583515,0.10596403,0.0,0.0,0.0,-0.01289375,0.00045323,0.00215486
GN,small,3,15,135,G0,run100_u0065080.log,0.08085002,36,160611.297971,0.63193,99.99960654698144,13.36988,0.03009713,99.77488855546947,0.0,0.0,0.0,-10.0,5.0,-19.0,0.0,0.0,0.0,10.0,0.0,0.0,0.0,0.0,-10.00178333,4.99874283,-18.95746308,0.0,0.0,0.0,10.02606554,0.0047842,0.00442286,0.0,0.0,-0.00178333,-0.00125717,0.04253692,0.0,0.0,0.0,0.02606554,0.0047842,0.00442286
GN,small,3,15,135,G1,run101_u0065064.log,0.02662941,18,129841.407504,0.331317,99.99974482947592,11.84039,0.003326534,99.97190519906862,0.0,0.0,0.0,-6.0,-6.0,-12.0,0.0,0.0,0.0,5.0,0.0,0.0,0.0,0.0,-6.00152017,-5.99759407,-12.01296958,0.0,0.0,0.0,5.00487004,-0.00201254,-0.00285115,0.0,0.0,-0.00152017,0.00240593,-0.01296958,0.0,0.0,0.0,0.00487004,-0.00201254,-0.00285115
GN,small,3,15,135,G2,run102_u0065078.log,0.07509425,35,670868.962466,0.242387,99.99996386969534,18.48026,0.009691342,99.94755841097474,0.0,0.0,0.0,-15.0,-12.0,-22.0,0.0,0.0,0.0,15.0,0.0,0.0,0.0,0.0,-14.99817803,-12.00335365,-21.94020642,0.0,0.0,0.0,14.99064538,0.0001235,-0.00064693,0.0,0.0,0.00182197,-0.00335365,0.05979358,0.0,0.0,0.0,-0.00935462,0.0001235,-0.00064693
GN,small,3,15,135,G3,run103_u0065080.log,0.12965629,36,870637.677878,0.650243,99.99992531416724,23.69552,0.009606332,99.95945929019494,0.0,0.0,0.0,-18.0,-8.0,-25.0,0.0,0.0,0.0,25.0,0.0,0.0,0.0,0.0,-17.99971439,-8.00751918,-24.88703289,0.0,0.0,0.0,25.00588713,-0.00213275,-0.00086451,0.0,0.0,0.00028561,-0.00751918,0.11296711,0.0,0.0,0.0,0.00588713,-0.00213275,-0.00086451
GN,small,3,15,135,G4,run104_u0065064.log,0.01790355,29,77646.012768,0.388812,99.99949925052665,7.955678,0.02154318,99.72921000573426,0.0,0.0,0.0,-7.0,-2.0,-8.0,0.0,0.0,0.0,3.0,0.0,0.0,0.0,0.0,-6.99951253,-1.99874901,-7.99275043,0.0,0.0,0.0,2.99353363,-0.00183303,0.00061612,0.0,0.0,0.00048747,0.00125099,0.00724957,0.0,0.0,0.0,-0.00646637,-0.00183303,0.00061612
GN,small,3,18,162,G0,run105_u0065078.log,0.01714941,36,192673.566264,0.648054,99.99966365183737,12.87381,0.01770253,99.8624919118738,0.0,0.0,0.0,-10.0,5.0,-19.0,0.0,0.0,0.0,10.0,0.0,0.0,0.0,0.0,-10.00096547,4.99866264,-18.99720039,0.0,0.0,0.0,10.00933238,-0.00267021,4.438e-05,0.0,0.0,-0.00096547,-0.00133736,0.00279961,0.0,0.0,0.0,0.00933238,-0.00267021,4.438e-05
GN,small,3,18,162,G1,run106_u0065064.log,0.10968717,29,155842.784723,0.342143,99.99978045631012,8.063633,0.002312269,99.97132472422788,0.0,0.0,0.0,-6.0,-6.0,-12.0,0.0,0.0,0.0,5.0,0.0,0.0,0.0,0.0,-6.00161184,-6.00207802,-11.9043286,0.0,0.0,0.0,5.00883312,-0.0002967,-0.00119609,0.0,0.0,-0.00161184,-0.00207802,0.0956714,0.0,0.0,0.0,0.00883312,-0.0002967,-0.00119609
GN,small,3,18,162,G2,run107_u0065080.log,0.06275597000000001,39,804995.773103,0.287688,99.9999642621726,18.26227,0.001786951,99.9902150663636,0.0,0.0,0.0,-15.0,-12.0,-22.0,0.0,0.0,0.0,15.0,0.0,0.0,0.0,0.0,-14.9964164,-12.00149435,-21.94652823,0.0,0.0,0.0,14.99677545,-0.00042747,-0.00055423,0.0,0.0,0.0035836,-0.00149435,0.05347177,0.0,0.0,0.0,-0.00322455,-0.00042747,-0.00055423
GN,small,3,18,162,G3,run108_u0065078.log,9.0589803,13,1044860.60528,521.731005,99.95006692736203,24.20031,0.195576,99.19184506314176,0.0,0.0,0.0,-18.0,-8.0,-25.0,0.0,0.0,0.0,25.0,0.0,0.0,0.0,0.0,-18.12063634,-8.65411566,-16.85782159,0.0,0.0,0.0,24.93888942,-0.03481217,0.04612714,0.0,0.0,-0.12063634,-0.65411566,8.14217841,0.0,0.0,0.0,-0.06111058,-0.03481217,0.04612714
GN,small,3,18,162,G4,run109_u0065064.log,0.10849786,29,93207.744423,0.592904,99.99936388976724,6.147418,0.03442172,99.44006215292339,0.0,0.0,0.0,-7.0,-2.0,-8.0,0.0,0.0,0.0,3.0,0.0,0.0,0.0,0.0,-7.00070549,-1.99731081,-7.92483131,0.0,0.0,0.0,2.97272459,-0.00075525,0.00190383,0.0,0.0,-0.00070549,0.00268919,0.07516869,0.0,0.0,0.0,-0.02727541,-0.00075525,0.00190383
GN,small,3,24,216,G0,run110_u0065080.log,0.15577347,37,256901.060915,0.841717,99.99967235752278,10.13447,0.0123627,99.87801335442308,0.0,0.0,0.0,-10.0,5.0,-19.0,0.0,0.0,0.0,10.0,0.0,0.0,0.0,0.0,-10.00162724,4.99493787,-18.88036848,0.0,0.0,0.0,10.02484202,0.00186571,0.00274485,0.0,0.0,-0.00162724,-0.00506213,0.11963152,0.0,0.0,0.0,0.02484202,0.00186571,0.00274485
GN,small,3,24,216,G1,run111_u0065078.log,0.09709712000000001,21,207826.750565,0.485175,99.99976654833957,12.38186,0.007424991,99.94003331486545,0.0,0.0,0.0,-6.0,-6.0,-12.0,0.0,0.0,0.0,5.0,0.0,0.0,0.0,0.0,-6.00303934,-6.00463771,-11.9166443,0.0,0.0,0.0,5.00248455,-0.00299221,0.00058761,0.0,0.0,-0.00303934,-0.00463771,0.0833557,0.0,0.0,0.0,0.00248455,-0.00299221,0.00058761
GN,small,3,24,216,G2,run112_u0065004.log,0.08665573,38,1073512.252617,0.35676,99.99996676703044,23.4758,0.009342618,99.96020319648318,0.0,0.0,0.0,-15.0,-12.0,-22.0,0.0,0.0,0.0,15.0,0.0,0.0,0.0,0.0,-14.99689432,-12.00340707,-21.92774115,0.0,0.0,0.0,14.99497204,0.00178636,-0.00106981,0.0,0.0,0.00310568,-0.00340707,0.07225885,0.0,0.0,0.0,-0.00502796,0.00178636,-0.00106981
GN,small,3,24,216,G3,run113_u0065064.log,0.10799447,43,1393213.07624,0.753052,99.99994594854061,22.06601,0.009719762,99.95595142937032,0.0,0.0,0.0,-18.0,-8.0,-25.0,0.0,0.0,0.0,25.0,0.0,0.0,0.0,0.0,-17.99985572,-8.00712881,-24.90649973,0.0,0.0,0.0,25.00192949,0.00212176,0.00316986,0.0,0.0,0.00014428,-0.00712881,0.09350027,0.0,0.0,0.0,0.00192949,0.00212176,0.00316986
GN,small,3,24,216,G4,run114_u0065078.log,0.0648806,34,124228.219533,0.691369,99.99944346863974,7.551178,0.01171817,99.84481666304252,0.0,0.0,0.0,-7.0,-2.0,-8.0,0.0,0.0,0.0,3.0,0.0,0.0,0.0,0.0,-6.99905219,-2.004113,-7.94637089,0.0,0.0,0.0,3.00391743,-0.00039325,0.00188,0.0,0.0,0.00094781,-0.004113,0.05362911,0.0,0.0,0.0,0.00391743,-0.00039325,0.00188
GN,small,3,36,324,G0,run115_u0065080.log,0.08661347,41,385273.786558,1.156236,99.99969989237775,10.23129,0.003403504,99.96673436096523,0.0,0.0,0.0,-10.0,5.0,-19.0,0.0,0.0,0.0,10.0,0.0,0.0,0.0,0.0,-10.00031408,4.99501927,-18.93272929,0.0,0.0,0.0,10.01226089,-0.00037546,0.0014116,0.0,0.0,-0.00031408,-0.00498073,0.06727071,0.0,0.0,0.0,0.01226089,-0.00037546,0.0014116
GN,small,3,36,324,G1,run116_u0065004.log,0.02102374,44,311644.975745,0.501046,99.99983922538819,8.148161,0.003234795,99.96030030579907,0.0,0.0,0.0,-6.0,-6.0,-12.0,0.0,0.0,0.0,5.0,0.0,0.0,0.0,0.0,-6.0001258,-5.99836842,-12.00986694,0.0,0.0,0.0,5.00767504,0.00080377,-0.00092061,0.0,0.0,-0.0001258,0.00163158,-0.00986694,0.0,0.0,0.0,0.00767504,0.00080377,-0.00092061
GN,small,3,36,324,G2,run117_u0065064.log,0.06263600999999999,39,1610199.716703,0.6199,99.99996150167003,17.8248,0.01496645,99.91603580404829,0.0,0.0,0.0,-15.0,-12.0,-22.0,0.0,0.0,0.0,15.0,0.0,0.0,0.0,0.0,-14.99767186,-12.0026301,-21.94722449,0.0,0.0,0.0,14.99570466,-8e-07,-0.00060612,0.0,0.0,0.00232814,-0.0026301,0.05277551,0.0,0.0,0.0,-0.00429534,-8e-07,-0.00060612
GN,small,3,36,324,G3,run118_u0065078.log,0.12096739000000001,49,2089627.862948,1.004265,99.99995194048577,22.20627,0.01133827,99.94894113239188,0.0,0.0,0.0,-18.0,-8.0,-25.0,0.0,0.0,0.0,25.0,0.0,0.0,0.0,0.0,-18.00009803,-8.00790757,-24.89224429,0.0,0.0,0.0,25.00371713,0.00103521,0.00045374,0.0,0.0,-9.803e-05,-0.00790757,0.10775571,0.0,0.0,0.0,0.00371713,0.00103521,0.00045374
GN,small,3,36,324,G4,run119_u0065080.log,0.017188270000000002,32,186420.137695,0.919616,99.99950669707073,7.284691,0.003977444,99.94539996274379,0.0,0.0,0.0,-7.0,-2.0,-8.0,0.0,0.0,0.0,3.0,0.0,0.0,0.0,0.0,-7.00060197,-1.99882977,-8.00292565,0.0,0.0,0.0,2.98831613,-0.00023441,0.00057214,0.0,0.0,-0.00060197,0.00117023,-0.00292565,0.0,0.0,0.0,-0.01168387,-0.00023441,0.00057214
GN,small,3,60,540,G0,run120_u0065004.log,0.08361009,39,642139.596306,2.089223,99.99967464660145,11.10786,0.009566836,99.91387327532037,0.0,0.0,0.0,-10.0,5.0,-19.0,0.0,0.0,0.0,10.0,0.0,0.0,0.0,0.0,-10.00120497,4.99772962,-18.94910602,0.0,0.0,0.0,10.02783288,0.00138773,-2.015e-05,0.0,0.0,-0.00120497,-0.00227038,0.05089398,0.0,0.0,0.0,0.02783288,0.00138773,-2.015e-05
GN,small,3,60,540,G1,run121_u0065064.log,0.10739685,32,519466.503281,1.245221,99.9997602884898,8.682209,0.002759621,99.96821522034313,0.0,0.0,0.0,-6.0,-6.0,-12.0,0.0,0.0,0.0,5.0,0.0,0.0,0.0,0.0,-6.00283676,-6.00467164,-11.90342349,0.0,0.0,0.0,4.99757256,8.967e-05,0.00079483,0.0,0.0,-0.00283676,-0.00467164,0.09657651,0.0,0.0,0.0,-0.00242744,8.967e-05,0.00079483
GN,small,3,60,540,G2,run122_u0065078.log,0.08655847,38,2683667.259836,1.090758,99.9999593556915,18.05534,0.006146991,99.96595472032097,0.0,0.0,0.0,-15.0,-12.0,-22.0,0.0,0.0,0.0,15.0,0.0,0.0,0.0,0.0,-14.99795918,-12.00346918,-21.93350314,0.0,0.0,0.0,14.98569749,-8.784e-05,-0.00016126,0.0,0.0,0.00204082,-0.00346918,0.06649686,0.0,0.0,0.0,-0.01430251,-8.784e-05,-0.00016126
GN,small,3,60,540,G3,run123_u0065080.log,0.10683733,45,3482939.510366,2.072025,99.99994050930273,22.80276,0.003542616,99.98446409118895,0.0,0.0,0.0,-18.0,-8.0,-25.0,0.0,0.0,0.0,25.0,0.0,0.0,0.0,0.0,-18.00111188,-8.00713725,-24.9056198,0.0,0.0,0.0,24.99719893,-0.00075099,0.00065594,0.0,0.0,-0.00111188,-0.00713725,0.0943802,0.0,0.0,0.0,-0.00280107,-0.00075099,0.00065594
GN,small,3,60,540,G4,run124_u0065004.log,0.02515891,31,310607.718838,1.531362,99.9995069787687,6.242762,0.01744406,99.7205714393725,0.0,0.0,0.0,-7.0,-2.0,-8.0,0.0,0.0,0.0,3.0,0.0,0.0,0.0,0.0,-6.99944235,-2.00054029,-7.98024913,0.0,0.0,0.0,2.99689609,-0.0009013,0.00030489,0.0,0.0,0.00055765,-0.00054029,0.01975087,0.0,0.0,0.0,-0.00310391,-0.0009013,0.00030489
GN,small,3,90,810,G0,run125_u0065064.log,0.04675952,40,963275.474011,2.944756,99.9996942976252,11.36844,0.008154781,99.92826824964551,0.0,0.0,0.0,-10.0,5.0,-19.0,0.0,0.0,0.0,10.0,0.0,0.0,0.0,0.0,-10.00074563,4.99844307,-18.97331312,0.0,0.0,0.0,10.01694024,0.00053297,0.00029687,0.0,0.0,-0.00074563,-0.00155693,0.02668688,0.0,0.0,0.0,0.01694024,0.00053297,0.00029687
GN,small,3,90,810,G1,run126_u0065078.log,0.023322319999999997,42,779092.284373,1.638932,99.99978963570389,7.36218,0.002162418,99.97062802050479,0.0,0.0,0.0,-6.0,-6.0,-12.0,0.0,0.0,0.0,5.0,0.0,0.0,0.0,0.0,-6.00039866,-6.00094356,-11.98008997,0.0,0.0,0.0,5.00152325,-0.00021706,-0.00032976,0.0,0.0,-0.00039866,-0.00094356,0.01991003,0.0,0.0,0.0,0.00152325,-0.00021706,-0.00032976
GN,small,3,90,810,G2,run127_u0065007.log,0.0348726,45,4025637.132287,1.521769,99.99996219805834,16.71021,0.0006780582,99.99594225207224,0.0,0.0,0.0,-15.0,-12.0,-22.0,0.0,0.0,0.0,15.0,0.0,0.0,0.0,0.0,-14.99915039,-12.00195506,-21.97065894,0.0,0.0,0.0,14.99832344,0.00035088,-0.00069943,0.0,0.0,0.00084961,-0.00195506,0.02934106,0.0,0.0,0.0,-0.00167656,0.00035088,-0.00069943
GN,small,3,90,810,G3,run128_u0065080.log,0.15873906,45,5224030.097388,3.222029,99.99993832292427,23.53951,0.003921264,99.98334177729274,0.0,0.0,0.0,-18.0,-8.0,-25.0,0.0,0.0,0.0,25.0,0.0,0.0,0.0,0.0,-18.00043194,-8.01076293,-24.86827545,0.0,0.0,0.0,25.01476527,0.00032223,0.00073214,0.0,0.0,-0.00043194,-0.01076293,0.13172455,0.0,0.0,0.0,0.01476527,0.00032223,0.00073214
GN,small,3,90,810,G4,run129_u0065004.log,0.03443837,37,465870.634263,2.633702,99.99943467095663,6.489942,0.001234769,99.98097411348208,0.0,0.0,0.0,-7.0,-2.0,-8.0,0.0,0.0,0.0,3.0,0.0,0.0,0.0,0.0,-7.00011315,-1.99783705,-8.01714952,0.0,0.0,0.0,2.98744021,-0.00142064,0.00103232,0.0,0.0,-0.00011315,0.00216295,-0.01714952,0.0,0.0,0.0,-0.01255979,-0.00142064,0.00103232
GN,small,3,180,1620,G0,run130_u0065064.log,0.0654085,43,1926358.979973,6.01135,99.99968794237925,10.64528,0.004442913,99.95826400996498,0.0,0.0,0.0,-10.0,5.0,-19.0,0.0,0.0,0.0,10.0,0.0,0.0,0.0,0.0,-9.99964938,4.99719103,-18.95301404,0.0,0.0,0.0,10.01486988,0.00017012,-0.00022295,0.0,0.0,0.00035062,-0.00280897,0.04698596,0.0,0.0,0.0,0.01486988,0.00017012,-0.00022295
GN,small,3,180,1620,G1,run131_u0065078.log,0.01855895,43,1558234.813149,3.21438,99.99979371658412,7.501113,0.003255543,99.95659920067862,0.0,0.0,0.0,-6.0,-6.0,-12.0,0.0,0.0,0.0,5.0,0.0,0.0,0.0,0.0,-5.99976468,-5.99879963,-12.01520763,0.0,0.0,0.0,4.99818789,5.182e-05,-5.17e-05,0.0,0.0,0.00023532,0.00120037,-0.01520763,0.0,0.0,0.0,-0.00181211,5.182e-05,-5.17e-05
GN,small,3,180,1620,G2,run132_u0065004.log,0.05413636,43,8051198.786123,3.393007,99.99995785712053,16.60992,0.002304507,99.98612571884753,0.0,0.0,0.0,-15.0,-12.0,-22.0,0.0,0.0,0.0,15.0,0.0,0.0,0.0,0.0,-14.9988391,-12.00269696,-21.95820531,0.0,0.0,0.0,14.99244985,-0.00033475,-0.00059891,0.0,0.0,0.0011609,-0.00269696,0.04179469,0.0,0.0,0.0,-0.00755015,-0.00033475,-0.00059891
GN,small,3,180,1620,G3,run133_u0065007.log,0.06283186,59,10447864.936499,5.609526,99.99994630935569,21.82755,0.004508739,99.97934381549922,0.0,0.0,0.0,-18.0,-8.0,-25.0,0.0,0.0,0.0,25.0,0.0,0.0,0.0,0.0,-18.00033444,-8.00406649,-24.94387939,0.0,0.0,0.0,24.99790803,5.576e-05,0.00016259,0.0,0.0,-0.00033444,-0.00406649,0.05612061,0.0,0.0,0.0,-0.00209197,5.576e-05,0.00016259
GN,small,3,180,1620,G4,run134_u0065080.log,0.04156413,36,931710.824932,4.829206,99.99948168402999,5.79739,0.006872089,99.8814623649608,0.0,0.0,0.0,-7.0,-2.0,-8.0,0.0,0.0,0.0,3.0,0.0,0.0,0.0,0.0,-6.99971782,-1.99769336,-8.0305811,0.0,0.0,0.0,2.99282358,-0.00099314,-0.00022465,0.0,0.0,0.00028218,0.00230664,-0.0305811,0.0,0.0,0.0,-0.00717642,-0.00099314,-0.00022465
GN,small,3,360,3240,G0,run135_u0065065.log,0.07430955,46,3852601.59799,12.542292,99.99967444617148,10.16908,0.006230845,99.93872754467465,0.0,0.0,0.0,-10.0,5.0,-19.0,0.0,0.0,0.0,10.0,0.0,0.0,0.0,0.0,-9.9995112,4.99707015,-18.94693563,0.0,0.0,0.0,10.01724991,0.00054746,-2.916e-05,0.0,0.0,0.0004888,-0.00292985,0.05306437,0.0,0.0,0.0,0.01724991,0.00054746,-2.916e-05
GN,small,3,360,3240,G1,run136_u0065034.log,0.013201590000000001,45,3116577.519999,6.80292,99.99978171824843,7.476574,0.001692127,99.97736761516705,0.0,0.0,0.0,-6.0,-6.0,-12.0,0.0,0.0,0.0,5.0,0.0,0.0,0.0,0.0,-5.99995175,-5.99897663,-12.00967929,0.0,0.0,0.0,5.00202213,0.00017085,0.0002577,0.0,0.0,4.825e-05,0.00102337,-0.00967929,0.0,0.0,0.0,0.00202213,0.00017085,0.0002577
GN,small,3,360,3240,G2,run137_u0065064.log,0.03322702,41,16102620.889768,7.099879,99.99995590855023,17.22889,0.004705705,99.97268712610041,0.0,0.0,0.0,-15.0,-12.0,-22.0,0.0,0.0,0.0,15.0,0.0,0.0,0.0,0.0,-14.99927651,-12.00178659,-21.97319452,0.0,0.0,0.0,14.99692092,-0.00050529,-0.00032709,0.0,0.0,0.00072349,-0.00178659,0.02680548,0.0,0.0,0.0,-0.00307908,-0.00050529,-0.00032709
GN,small,3,360,3240,G3,run138_u0065078.log,0.04625885,63,20895107.539409,11.462452,99.99994514289061,20.81479,0.00311342,99.98504227042406,0.0,0.0,0.0,-18.0,-8.0,-25.0,0.0,0.0,0.0,25.0,0.0,0.0,0.0,0.0,-18.00039991,-8.00312063,-24.95811004,0.0,0.0,0.0,25.00043973,0.00010602,0.0003026,0.0,0.0,-0.00039991,-0.00312063,0.04188996,0.0,0.0,0.0,0.00043973,0.00010602,0.0003026
GN,small,3,360,3240,G4,run139_u0065080.log,0.043732110000000005,35,1863514.987812,10.113647,99.99945728115597,5.662015,0.007216574,99.8725440677921,0.0,0.0,0.0,-7.0,-2.0,-8.0,0.0,0.0,0.0,3.0,0.0,0.0,0.0,0.0,-7.00014606,-1.99749184,-8.03493075,0.0,0.0,0.0,2.99529407,-0.00075768,-0.00068353,0.0,0.0,-0.00014606,0.00250816,-0.03493075,0.0,0.0,0.0,-0.00470593,-0.00075768,-0.00068353
LM_low,small,3,3,27,G0,run00_u0065027.log,0.69081757,46,32187.23951,0.319074,99.99900869411339,14.30184,4.148987e-06,99.99997098983768,1000000.0,0.0,0.0,-10.0,5.0,-19.0,0.0,0.0,0.0,10.0,0.0,0.0,0.0,0.0,-10.00332533,4.98015966,-18.39158354,0.0,0.0,0.0,10.04731691,-0.0026866,0.00923193,0.0,0.0,-0.00332533,-0.01984034,0.60841646,0.0,0.0,0.0,0.04731691,-0.0026866,0.00923193
LM_low,small,3,3,27,G1,run01_u0065028.log,0.71381456,34,25973.684832,0.446959,99.99827918524888,21.00817,5.315453e-06,99.99997469816267,1000000.0,0.0,0.0,-6.0,-6.0,-12.0,0.0,0.0,0.0,5.0,0.0,0.0,0.0,0.0,-5.98461493,-5.95676856,-12.62978195,0.0,0.0,0.0,5.007636,-0.00196041,-0.01581969,0.0,0.0,0.01538507,0.04323144,-0.62978195,0.0,0.0,0.0,0.007636,-0.00196041,-0.01581969
LM_low,small,3,3,27,G2,run02_u0065034.log,0.10512764999999999,49,134218.196589,0.015211,99.99998866696143,82.73877,8.425572e-07,99.9999989816658,1000000.0,0.0,0.0,-15.0,-12.0,-22.0,0.0,0.0,0.0,15.0,0.0,0.0,0.0,0.0,-14.99301091,-11.99993922,-21.93486473,0.0,0.0,0.0,14.97512903,-0.00196964,0.0061019,0.0,0.0,0.00698909,6.078e-05,0.06513527,0.0,0.0,0.0,-0.02487097,-0.00196964,0.0061019
LM_low,small,3,3,27,G3,run03_u0065083.log,3.3740475400000003,59,174715.792113,11.85053,99.99321725308475,27.67385,1.963401e-05,99.9999290521196,1000000.0,0.0,0.0,-18.0,-8.0,-25.0,0.0,0.0,0.0,25.0,0.0,0.0,0.0,0.0,-18.01288905,-8.24678171,-21.92705966,0.0,0.0,0.0,25.01793403,0.01244418,0.01105823,0.0,0.0,-0.01288905,-0.24678171,3.07294034,0.0,0.0,0.0,0.01793403,0.01244418,0.01105823
LM_low,small,3,3,27,G4,run04_u0065092.log,2.9715177099999996,43,15520.320297,6.067662,99.96090504652038,8.227988,1.124204e-05,99.99986336829855,1000000.0,0.0,0.0,-7.0,-2.0,-8.0,0.0,0.0,0.0,3.0,0.0,0.0,0.0,0.0,-6.98896918,-2.09109314,-5.27860193,0.0,0.0,0.0,2.8670861,0.00396977,0.01111201,0.0,0.0,0.01103082,-0.09109314,2.72139807,0.0,0.0,0.0,-0.1329139,0.00396977,0.01111201
LM_low,small,3,5,45,G0,run10_u0065027.log,0.48357789,55,53537.468912,0.445502,99.99916786876732,14.58658,4.952428e-06,99.9999660480524,1000000.0,0.0,0.0,-10.0,5.0,-19.0,0.0,0.0,0.0,10.0,0.0,0.0,0.0,0.0,-10.00161421,4.98558778,-18.59711057,0.0,0.0,0.0,10.04851909,0.00500058,0.01114236,0.0,0.0,-0.00161421,-0.01441222,0.40288943,0.0,0.0,0.0,0.04851909,0.00500058,0.01114236
LM_low,small,3,5,45,G1,run11_u0065028.log,0.07499638,43,43290.402428,0.095025,99.99978049407103,11.14553,9.309961e-07,99.99999164691047,1000000.0,0.0,0.0,-6.0,-6.0,-12.0,0.0,0.0,0.0,5.0,0.0,0.0,0.0,0.0,-5.99996064,-6.0012177,-11.93822225,0.0,0.0,0.0,5.00708517,-0.00303073,-0.00184567,0.0,0.0,3.936e-05,-0.0012177,0.06177775,0.0,0.0,0.0,0.00708517,-0.00303073,-0.00184567
LM_low,small,3,5,45,G2,run12_u0065034.log,0.30818234,44,223580.228144,0.139361,99.99993766845971,16.86651,2.759822e-06,99.999983637267,1000000.0,0.0,0.0,-15.0,-12.0,-22.0,0.0,0.0,0.0,15.0,0.0,0.0,0.0,0.0,-14.99820631,-12.01223299,-21.75885437,0.0,0.0,0.0,14.9497976,0.00062982,0.00217781,0.0,0.0,0.00179369,-0.01223299,0.24114563,0.0,0.0,0.0,-0.0502024,0.00062982,0.00217781
LM_low,small,3,5,45,G3,run13_u0065080.log,0.12017937000000001,48,290146.931635,0.097935,99.99996624641196,35.01717,4.047615e-06,99.9999884410562,1000000.0,0.0,0.0,-18.0,-8.0,-25.0,0.0,0.0,0.0,25.0,0.0,0.0,0.0,0.0,-17.9974984,-7.99216016,-25.08993188,0.0,0.0,0.0,24.98708548,-0.00178345,-0.00520808,0.0,0.0,0.0025016,0.00783984,-0.08993188,0.0,0.0,0.0,-0.01291452,-0.00178345,-0.00520808
LM_low,small,3,5,45,G4,run14_u0065083.log,0.13499241,55,25881.232549,0.11905,99.99954001417909,5.207131,1.617658e-06,99.99996893379482,1000000.0,0.0,0.0,-7.0,-2.0,-8.0,0.0,0.0,0.0,3.0,0.0,0.0,0.0,0.0,-7.00284599,-1.99177814,-8.09119242,0.0,0.0,0.0,3.02716192,0.00064702,-0.0049232,0.0,0.0,-0.00284599,0.00822186,-0.09119242,0.0,0.0,0.0,0.02716192,0.00064702,-0.0049232
LM_low,small,3,6,54,G0,run20_u0065028.log,0.18319153999999999,49,64380.268617,0.215545,99.99966520021643,13.75509,2.880481e-06,99.99997905879933,1000000.0,0.0,0.0,-10.0,5.0,-19.0,0.0,0.0,0.0,10.0,0.0,0.0,0.0,0.0,-10.00104114,4.99487021,-18.83550024,0.0,0.0,0.0,10.00796273,0.00181461,0.00274351,0.0,0.0,-0.00104114,-0.00512979,0.16449976,0.0,0.0,0.0,0.00796273,0.00181461,0.00274351
LM_low,small,3,6,54,G1,run00_u0065009.log,0.07581066,43,51972.761866,0.091079,99.99982475628246,16.25319,2.735351e-06,99.99998317037455,1000000.0,0.0,0.0,-6.0,-6.0,-12.0,0.0,0.0,0.0,5.0,0.0,0.0,0.0,0.0,-5.99899311,-5.99867022,-12.064004,0.0,0.0,0.0,5.00270281,-0.00500497,-0.00176221,0.0,0.0,0.00100689,0.00132978,-0.064004,0.0,0.0,0.0,0.00270281,-0.00500497,-0.00176221
LM_low,small,3,6,54,G2,run22_u0065080.log,0.1080811,55,268585.470152,0.07273,99.9999729210966,54.64649,1.922798e-06,99.99999648138792,1000000.0,0.0,0.0,-15.0,-12.0,-22.0,0.0,0.0,0.0,15.0,0.0,0.0,0.0,0.0,-14.99523938,-12.00128728,-21.93086874,0.0,0.0,0.0,14.97105663,-0.00201272,0.00194585,0.0,0.0,0.00476062,-0.00128728,0.06913126,0.0,0.0,0.0,-0.02894337,-0.00201272,0.00194585
LM_low,small,3,6,54,G3,run23_u0065083.log,0.12580406,52,349549.934941,0.18847,99.99994608209553,39.01685,4.168166e-06,99.99998931701047,1000000.0,0.0,0.0,-18.0,-8.0,-25.0,0.0,0.0,0.0,25.0,0.0,0.0,0.0,0.0,-18.000311,-7.98935964,-25.10732705,0.0,0.0,0.0,25.00496764,-0.0018767,0.00068131,0.0,0.0,-0.000311,0.01064036,-0.10732705,0.0,0.0,0.0,0.00496764,-0.0018767,0.00068131
LM_low,small,3,6,54,G4,run24_u0065092.log,0.81212764,35,31045.249117,1.218794,99.99607413683361,8.849818,1.086138e-05,99.99987727001844,1000000.0,0.0,0.0,-7.0,-2.0,-8.0,0.0,0.0,0.0,3.0,0.0,0.0,0.0,0.0,-6.99892031,-2.02307038,-7.24750306,0.0,0.0,0.0,3.03344698,-0.00158306,-0.00045059,0.0,0.0,0.00107969,-0.02307038,0.75249694,0.0,0.0,0.0,0.03344698,-0.00158306,-0.00045059
LM_low,small,3,9,81,G0,run30_u0065092.log,0.10058251,65,96330.691947,0.378589,99.99960699026204,15.61722,3.016958e-06,99.9999806818499,1000000.0,0.0,0.0,-10.0,5.0,-19.0,0.0,0.0,0.0,10.0,0.0,0.0,0.0,0.0,-10.00095172,4.99635612,-18.92381326,0.0,0.0,0.0,9.98785796,-0.00599193,-0.0016662,0.0,0.0,-0.00095172,-0.00364388,0.07618674,0.0,0.0,0.0,-0.01214204,-0.00599193,-0.0016662
LM_low,small,3,9,81,G1,run31_u0065027.log,0.15152660999999998,53,77912.117918,0.149599,99.99980799007395,8.403097,1.168536e-06,99.99998609398415,1000000.0,0.0,0.0,-6.0,-6.0,-12.0,0.0,0.0,0.0,5.0,0.0,0.0,0.0,0.0,-6.00369066,-6.0047064,-11.87155207,0.0,0.0,0.0,5.00937828,0.00268191,0.00262143,0.0,0.0,-0.00369066,-0.0047064,0.12844793,0.0,0.0,0.0,0.00937828,0.00268191,0.00262143
LM_low,small,3,9,81,G2,run32_u0065028.log,0.03386104,71,402437.345963,0.156296,99.99996116265014,21.77784,1.161414e-06,99.99999466699175,1000000.0,0.0,0.0,-15.0,-12.0,-22.0,0.0,0.0,0.0,15.0,0.0,0.0,0.0,0.0,-14.99785173,-12.00146102,-21.98214448,0.0,0.0,0.0,15.00846183,0.00225618,-0.00167822,0.0,0.0,0.00214827,-0.00146102,0.01785552,0.0,0.0,0.0,0.00846183,0.00225618,-0.00167822
LM_low,small,3,9,81,G3,run33_u0065083.log,0.25281913,52,522425.241537,0.276418,99.99994708946313,25.03352,4.248009e-06,99.99998303071641,1000000.0,0.0,0.0,-18.0,-8.0,-25.0,0.0,0.0,0.0,25.0,0.0,0.0,0.0,0.0,-18.00359278,-8.0148153,-24.77162606,0.0,0.0,0.0,25.0002947,-0.00231649,0.00342592,0.0,0.0,-0.00359278,-0.0148153,0.22837394,0.0,0.0,0.0,0.0002947,-0.00231649,0.00342592
LM_low,small,3,9,81,G4,run34_u0065004.log,0.062043469999999996,58,46615.83633,0.266666,99.99942794976772,6.271723,5.324169e-06,99.9999151083522,1000000.0,0.0,0.0,-7.0,-2.0,-8.0,0.0,0.0,0.0,3.0,0.0,0.0,0.0,0.0,-7.00203219,-1.99923928,-7.94812097,0.0,0.0,0.0,3.00138905,0.00439894,-0.00158354,0.0,0.0,-0.00203219,0.00076072,0.05187903,0.0,0.0,0.0,0.00138905,0.00439894,-0.00158354
LM_low,small,3,10,90,G0,run40_u0065083.log,0.09919517,56,107055.415848,0.25466,99.9997621231976,15.29934,2.724592e-06,99.99998219144095,1000000.0,0.0,0.0,-10.0,5.0,-19.0,0.0,0.0,0.0,10.0,0.0,0.0,0.0,0.0,-10.00120641,5.0002478,-18.93787717,0.0,0.0,0.0,10.02825651,0.0033476,0.00401402,0.0,0.0,-0.00120641,0.0002478,0.06212283,0.0,0.0,0.0,0.02825651,0.0033476,0.00401402
LM_low,small,3,10,90,G1,run41_u0065092.log,0.18771176,52,86572.536023,0.211355,99.99975586368413,9.530535,1.637268e-06,99.99998282081752,1000000.0,0.0,0.0,-6.0,-6.0,-12.0,0.0,0.0,0.0,5.0,0.0,0.0,0.0,0.0,-6.00056114,-6.00825368,-11.83886608,0.0,0.0,0.0,5.01616525,-0.00040677,-0.001191,0.0,0.0,-0.00056114,-0.00825368,0.16113392,0.0,0.0,0.0,0.01616525,-0.00040677,-0.001191
LM_low,small,3,10,90,G2,run42_u0065027.log,0.18452732,49,447256.937488,0.161111,99.99996397797631,17.94569,1.667123e-06,99.99999071017609,1000000.0,0.0,0.0,-15.0,-12.0,-22.0,0.0,0.0,0.0,15.0,0.0,0.0,0.0,0.0,-14.99973488,-12.00576757,-21.8548616,0.0,0.0,0.0,14.96723089,-0.00034999,-0.00023713,0.0,0.0,0.00026512,-0.00576757,0.1451384,0.0,0.0,0.0,-0.03276911,-0.00034999,-0.00023713
LM_low,small,3,10,90,G3,run43_u0065028.log,0.04856538,52,580590.481302,0.215962,99.99996280304157,31.64234,1.069498e-06,99.99999662004137,1000000.0,0.0,0.0,-18.0,-8.0,-25.0,0.0,0.0,0.0,25.0,0.0,0.0,0.0,0.0,-17.9984507,-7.99412026,-25.03392907,0.0,0.0,0.0,24.99483214,0.00051052,-0.00152889,0.0,0.0,0.0015493,0.00587974,-0.03392907,0.0,0.0,0.0,-0.00516786,0.00051052,-0.00152889
LM_low,small,3,10,90,G4,run44_u0065080.log,0.07740306,57,51763.977353,0.266398,99.99948536025703,5.63071,1.937459e-06,99.99996559121318,1000000.0,0.0,0.0,-7.0,-2.0,-8.0,0.0,0.0,0.0,3.0,0.0,0.0,0.0,0.0,-7.00100603,-1.99962826,-7.96202053,0.0,0.0,0.0,3.03490173,0.00278003,0.00036406,0.0,0.0,-0.00100603,0.00037174,0.03797947,0.0,0.0,0.0,0.03490173,0.00278003,0.00036406
LM_low,small,3,12,108,G0,run50_u0065028.log,0.06892297,61,128438.732985,0.267566,99.99979167810692,9.985834,1.50489e-06,99.99998492975149,1000000.0,0.0,0.0,-10.0,5.0,-19.0,0.0,0.0,0.0,10.0,0.0,0.0,0.0,0.0,-10.00209499,4.99585386,-18.94927232,0.0,0.0,0.0,10.00960459,0.00050262,0.00184695,0.0,0.0,-0.00209499,-0.00414614,0.05072768,0.0,0.0,0.0,0.00960459,0.00050262,0.00184695
LM_low,small,3,12,108,G1,run51_u0065083.log,0.34688495,42,103891.114887,0.441703,99.99957484044667,15.97116,6.634436e-06,99.99995845989898,1000000.0,0.0,0.0,-6.0,-6.0,-12.0,0.0,0.0,0.0,5.0,0.0,0.0,0.0,0.0,-6.00298085,-6.01641776,-11.70193381,0.0,0.0,0.0,5.0231841,0.00226679,0.00396926,0.0,0.0,-0.00298085,-0.01641776,0.29806619,0.0,0.0,0.0,0.0231841,0.00226679,0.00396926
LM_low,small,3,12,108,G2,run52_u0065092.log,0.03124776,61,536654.569165,0.20284,99.99996220287467,26.81321,1.408522e-06,99.99999474691019,1000000.0,0.0,0.0,-15.0,-12.0,-22.0,0.0,0.0,0.0,15.0,0.0,0.0,0.0,0.0,-14.9985639,-11.99874711,-21.98473064,0.0,0.0,0.0,14.98754704,0.00059936,-0.00023709,0.0,0.0,0.0014361,0.00125289,0.01526936,0.0,0.0,0.0,-0.01245296,0.00059936,-0.00023709
LM_low,small,3,12,108,G3,run53_u0065004.log,0.12760786000000002,35,696704.919159,0.410413,99.99994109227754,29.84791,1.09124e-05,99.99996343998625,1000000.0,0.0,0.0,-18.0,-8.0,-25.0,0.0,0.0,0.0,25.0,0.0,0.0,0.0,0.0,-18.00037663,-8.00698746,-24.90816936,0.0,0.0,0.0,24.97550467,0.00091028,0.00300752,0.0,0.0,-0.00037663,-0.00698746,0.09183064,0.0,0.0,0.0,-0.02449533,0.00091028,0.00300752
LM_low,small,3,12,108,G4,run54_u0065027.log,0.13185776000000002,50,62084.863494,0.358035,99.9994233135424,8.28784,2.279234e-06,99.99997249905886,1000000.0,0.0,0.0,-7.0,-2.0,-8.0,0.0,0.0,0.0,3.0,0.0,0.0,0.0,0.0,-6.99850341,-2.0078263,-7.88173373,0.0,0.0,0.0,3.00205571,0.00036626,0.00184663,0.0,0.0,0.00149659,-0.0078263,0.11826627,0.0,0.0,0.0,0.00205571,0.00036626,0.00184663
LM_low,small,3,15,135,G0,run60_u0065004.log,0.14388715,59,160611.297971,0.686446,99.99957260416379,13.36987,2.390609e-06,99.99998211942973,1000000.0,0.0,0.0,-10.0,5.0,-19.0,0.0,0.0,0.0,10.0,0.0,0.0,0.0,0.0,-10.00228399,4.99594942,-18.89319522,0.0,0.0,0.0,10.02254929,0.004167,0.00403151,0.0,0.0,-0.00228399,-0.00405058,0.10680478,0.0,0.0,0.0,0.02254929,0.004167,0.00403151
LM_low,small,3,15,135,G1,run61_u0065027.log,0.03327429,35,129841.407504,0.365095,99.99971881466243,11.84037,3.398477e-06,99.9999712975439,1000000.0,0.0,0.0,-6.0,-6.0,-12.0,0.0,0.0,0.0,5.0,0.0,0.0,0.0,0.0,-6.00164388,-5.99966059,-11.97776736,0.0,0.0,0.0,4.99390272,-0.00153471,-0.00142637,0.0,0.0,-0.00164388,0.00033941,0.02223264,0.0,0.0,0.0,-0.00609728,-0.00153471,-0.00142637
LM_low,small,3,15,135,G2,run62_u0065028.log,0.10105435,56,670868.962466,0.259845,99.99996126739877,18.48025,2.478822e-06,99.99998658664249,1000000.0,0.0,0.0,-15.0,-12.0,-22.0,0.0,0.0,0.0,15.0,0.0,0.0,0.0,0.0,-14.9978949,-12.00436884,-21.9168322,0.0,0.0,0.0,14.98895573,0.00013972,-0.00022862,0.0,0.0,0.0021051,-0.00436884,0.0831678,0.0,0.0,0.0,-0.01104427,0.00013972,-0.00022862
LM_low,small,3,15,135,G3,run63_u0065083.log,0.1462858,68,870637.677878,0.668177,99.99992325429776,23.6955,6.015009e-06,99.99997461539533,1000000.0,0.0,0.0,-18.0,-8.0,-25.0,0.0,0.0,0.0,25.0,0.0,0.0,0.0,0.0,-17.99987431,-8.0081653,-24.87195043,0.0,0.0,0.0,24.99301643,-0.00239513,0.00056654,0.0,0.0,0.00012569,-0.0081653,0.12804957,0.0,0.0,0.0,-0.00698357,-0.00239513,0.00056654
LM_low,small,3,15,135,G4,run64_u0065092.log,0.03610148,50,77646.012768,0.413716,99.99946717676124,7.95567,6.672885e-06,99.9999161241605,1000000.0,0.0,0.0,-7.0,-2.0,-8.0,0.0,0.0,0.0,3.0,0.0,0.0,0.0,0.0,-7.00005955,-1.99789335,-7.98140654,0.0,0.0,0.0,2.98673104,-0.00176768,-0.00030518,0.0,0.0,-5.955e-05,0.00210665,0.01859346,0.0,0.0,0.0,-0.01326896,-0.00176768,-0.00030518
LM_low,small,3,18,162,G0,run70_u0065028.log,0.0400272,56,192673.566264,0.647655,99.99966385892338,12.8738,2.989021e-06,99.99997678213892,1000000.0,0.0,0.0,-10.0,5.0,-19.0,0.0,0.0,0.0,10.0,0.0,0.0,0.0,0.0,-10.00108006,4.99773794,-18.97369344,0.0,0.0,0.0,10.00755309,-0.00161118,0.00121425,0.0,0.0,-0.00108006,-0.00226206,0.02630656,0.0,0.0,0.0,0.00755309,-0.00161118,0.00121425
LM_low,small,3,18,162,G1,run71_u0065083.log,0.04838634,52,155842.784723,0.268506,99.99982770713417,8.063629,1.920584e-06,99.99997618213834,1000000.0,0.0,0.0,-6.0,-6.0,-12.0,0.0,0.0,0.0,5.0,0.0,0.0,0.0,0.0,-6.00128835,-6.00008945,-11.95753854,0.0,0.0,0.0,5.003652,0.0001401,-0.00075498,0.0,0.0,-0.00128835,-8.945e-05,0.04246146,0.0,0.0,0.0,0.003652,0.0001401,-0.00075498
LM_low,small,3,18,162,G2,run72_u0065092.log,0.09261354,57,804995.773103,0.296155,99.99996321036583,18.26227,2.392474e-06,99.99998689936137,1000000.0,0.0,0.0,-15.0,-12.0,-22.0,0.0,0.0,0.0,15.0,0.0,0.0,0.0,0.0,-14.99577105,-12.00299415,-21.91729634,0.0,0.0,0.0,14.99768021,-3.256e-05,-0.00033443,0.0,0.0,0.00422895,-0.00299415,0.08270366,0.0,0.0,0.0,-0.00231979,-3.256e-05,-0.00033443
LM_low,small,3,18,162,G3,run73_u0065004.log,0.11878927,68,1044860.60528,0.517572,99.99995046497136,24.2003,6.193257e-06,99.99997440834618,1000000.0,0.0,0.0,-18.0,-8.0,-25.0,0.0,0.0,0.0,25.0,0.0,0.0,0.0,0.0,-18.00114133,-8.00647919,-24.90117654,0.0,0.0,0.0,25.01036507,-0.00185168,0.00012854,0.0,0.0,-0.00114133,-0.00647919,0.09882346,0.0,0.0,0.0,0.01036507,-0.00185168,0.00012854
LM_low,small,3,18,162,G4,run74_u0065007.log,0.08132775,56,93207.744423,0.582177,99.99937539846756,6.147417,3.019069e-06,99.99995088882045,1000000.0,0.0,0.0,-7.0,-2.0,-8.0,0.0,0.0,0.0,3.0,0.0,0.0,0.0,0.0,-7.00123063,-1.99859079,-7.9394112,0.0,0.0,0.0,2.9836993,-0.00048519,0.00131322,0.0,0.0,-0.00123063,0.00140921,0.0605888,0.0,0.0,0.0,-0.0163007,-0.00048519,0.00131322
LM_low,small,3,24,216,G0,run80_u0065085.log,0.21096594000000002,53,256901.060915,0.958344,99.9996269598901,10.13447,2.722589e-06,99.99997313535881,1000000.0,0.0,0.0,-10.0,5.0,-19.0,0.0,0.0,0.0,10.0,0.0,0.0,0.0,0.0,-9.99963775,4.99379558,-18.81820515,0.0,0.0,0.0,10.02115714,0.00064535,0.00080193,0.0,0.0,0.00036225,-0.00620442,0.18179485,0.0,0.0,0.0,0.02115714,0.00064535,0.00080193
LM_low,small,3,24,216,G1,run81_u0065027.log,0.09581163,46,207826.750565,0.48319,99.99976750346205,12.38185,3.020543e-06,99.99997560507516,1000000.0,0.0,0.0,-6.0,-6.0,-12.0,0.0,0.0,0.0,5.0,0.0,0.0,0.0,0.0,-6.00300596,-6.00454745,-11.91736007,0.0,0.0,0.0,5.00191932,-0.0031717,0.00052727,0.0,0.0,-0.00300596,-0.00454745,0.08263993,0.0,0.0,0.0,0.00191932,-0.0031717,0.00052727
LM_low,small,3,24,216,G2,run82_u0065028.log,0.1051067,56,1073512.252617,0.364723,99.9999660252597,23.47578,2.061419e-06,99.99999121895416,1000000.0,0.0,0.0,-15.0,-12.0,-22.0,0.0,0.0,0.0,15.0,0.0,0.0,0.0,0.0,-14.99665994,-12.00451049,-21.90855627,0.0,0.0,0.0,14.99702222,0.00191916,-0.00091548,0.0,0.0,0.00334006,-0.00451049,0.09144373,0.0,0.0,0.0,-0.00297778,0.00191916,-0.00091548
LM_low,small,3,24,216,G3,run83_u0065083.log,0.22340618,56,1393213.07624,0.98653,99.99992919029995,22.066,5.82935e-06,99.99997358220793,1000000.0,0.0,0.0,-18.0,-8.0,-25.0,0.0,0.0,0.0,25.0,0.0,0.0,0.0,0.0,-18.00124823,-8.01325141,-24.80919764,0.0,0.0,0.0,24.98671817,0.00120372,0.00361863,0.0,0.0,-0.00124823,-0.01325141,0.19080236,0.0,0.0,0.0,-0.01328183,0.00120372,0.00361863
LM_low,small,3,24,216,G4,run84_u0065092.log,0.06566721,54,124228.219533,0.67489,99.99945673374171,7.551175,2.776844e-06,99.99996322633233,1000000.0,0.0,0.0,-7.0,-2.0,-8.0,0.0,0.0,0.0,3.0,0.0,0.0,0.0,0.0,-6.99915239,-2.00382685,-7.94937676,0.0,0.0,0.0,3.00913502,-6.062e-05,0.00117387,0.0,0.0,0.00084761,-0.00382685,0.05062324,0.0,0.0,0.0,0.00913502,-6.062e-05,0.00117387
LM_low,small,3,36,324,G0,run90_u0065085.log,0.11194997,59,385273.786558,1.22372,99.99968237652217,10.23129,4.455091e-06,99.99995645621422,1000000.0,0.0,0.0,-10.0,5.0,-19.0,0.0,0.0,0.0,10.0,0.0,0.0,0.0,0.0,-9.99993796,4.99397586,-18.90089387,0.0,0.0,0.0,9.99694285,-0.00163171,0.0020688,0.0,0.0,6.204e-05,-0.00602414,0.09910613,0.0,0.0,0.0,-0.00305715,-0.00163171,0.0020688
LM_low,small,3,36,324,G1,run91_u0065004.log,0.04287609,55,311644.975745,0.598819,99.99980785218868,8.148158,1.177778e-06,99.9999855454693,1000000.0,0.0,0.0,-6.0,-6.0,-12.0,0.0,0.0,0.0,5.0,0.0,0.0,0.0,0.0,-6.00090168,-6.00109911,-11.96172958,0.0,0.0,0.0,5.00122428,0.00094265,0.00043795,0.0,0.0,-0.00090168,-0.00109911,0.03827042,0.0,0.0,0.0,0.00122428,0.00094265,0.00043795
LM_low,small,3,36,324,G2,run92_u0065007.log,0.05306448,63,1610199.716703,0.62058,99.99996145943923,17.8248,3.144345e-06,99.99998235971792,1000000.0,0.0,0.0,-15.0,-12.0,-22.0,0.0,0.0,0.0,15.0,0.0,0.0,0.0,0.0,-14.99793417,-12.00218934,-21.9573891,0.0,0.0,0.0,14.99486427,-0.00016595,-0.00089673,0.0,0.0,0.00206583,-0.00218934,0.0426109,0.0,0.0,0.0,-0.00513573,-0.00016595,-0.00089673
LM_low,small,3,36,324,G3,run93_u0065027.log,0.08829803,68,2089627.862948,0.969828,99.99995358848255,22.20627,2.71775e-06,99.99998776133948,1000000.0,0.0,0.0,-18.0,-8.0,-25.0,0.0,0.0,0.0,25.0,0.0,0.0,0.0,0.0,-17.99992431,-8.0053696,-24.92508902,0.0,0.0,0.0,24.99461964,0.00111543,0.00144597,0.0,0.0,7.569e-05,-0.0053696,0.07491098,0.0,0.0,0.0,-0.00538036,0.00111543,0.00144597
LM_low,small,3,36,324,G4,run94_u0065083.log,0.03657597,58,186420.137695,0.891403,99.99952183116535,7.284689,2.707558e-06,99.99996283220875,1000000.0,0.0,0.0,-7.0,-2.0,-8.0,0.0,0.0,0.0,3.0,0.0,0.0,0.0,0.0,-7.00099757,-1.99786263,-8.02254368,0.0,0.0,0.0,2.98955092,-5.756e-05,0.00039071,0.0,0.0,-0.00099757,0.00213737,-0.02254368,0.0,0.0,0.0,-0.01044908,-5.756e-05,0.00039071
LM_low,small,3,60,540,G0,run100_u0065092.log,0.12398881,55,642139.596306,2.174503,99.9996613660001,11.10785,9.415158e-06,99.99991523870057,1000000.0,0.0,0.0,-10.0,5.0,-19.0,0.0,0.0,0.0,10.0,0.0,0.0,0.0,0.0,-10.0010232,4.99569108,-18.90847752,0.0,0.0,0.0,10.02551137,0.00114349,0.00047935,0.0,0.0,-0.0010232,-0.00430892,0.09152248,0.0,0.0,0.0,0.02551137,0.00114349,0.00047935
LM_low,small,3,60,540,G1,run101_u0065028.log,0.09450373000000001,57,519466.503281,1.205849,99.9997678678043,8.682208,3.396289e-06,99.99996088219726,1000000.0,0.0,0.0,-6.0,-6.0,-12.0,0.0,0.0,0.0,5.0,0.0,0.0,0.0,0.0,-6.00248785,-6.00410538,-11.91424151,0.0,0.0,0.0,4.99854375,-9.783e-05,0.00059793,0.0,0.0,-0.00248785,-0.00410538,0.08575849,0.0,0.0,0.0,-0.00145625,-9.783e-05,0.00059793
LM_low,small,3,60,540,G2,run102_u0065083.log,0.06660086,58,2683667.259836,1.069436,99.99996015020132,18.05534,5.363045e-06,99.99997029662694,1000000.0,0.0,0.0,-15.0,-12.0,-22.0,0.0,0.0,0.0,15.0,0.0,0.0,0.0,0.0,-14.99833056,-12.00243474,-21.9516297,0.0,0.0,0.0,14.98662194,-0.00043443,-0.00031389,0.0,0.0,0.00166944,-0.00243474,0.0483703,0.0,0.0,0.0,-0.01337806,-0.00043443,-0.00031389
LM_low,small,3,60,540,G3,run103_u0065085.log,0.08207426,69,3482939.510366,2.011623,99.99994224352753,22.80276,5.143048e-06,99.99997744550222,1000000.0,0.0,0.0,-18.0,-8.0,-25.0,0.0,0.0,0.0,25.0,0.0,0.0,0.0,0.0,-18.00096953,-8.0055373,-24.92496874,0.0,0.0,0.0,25.00024337,0.00013333,0.00015947,0.0,0.0,-0.00096953,-0.0055373,0.07503126,0.0,0.0,0.0,0.00024337,0.00013333,0.00015947
LM_low,small,3,60,540,G4,run104_u0065004.log,0.07383798999999999,62,310607.718838,1.421233,99.99954243474525,6.24276,3.809642e-06,99.99993897503668,1000000.0,0.0,0.0,-7.0,-2.0,-8.0,0.0,0.0,0.0,3.0,0.0,0.0,0.0,0.0,-7.00057399,-1.9977078,-8.06124905,0.0,0.0,0.0,2.99207971,-0.00124359,-0.00055887,0.0,0.0,-0.00057399,0.0022922,-0.06124905,0.0,0.0,0.0,-0.00792029,-0.00124359,-0.00055887
LM_low,small,3,90,810,G0,run110_u0065027.log,0.04963201,64,963275.474011,2.94336,99.9996944425474,11.36844,3.531917e-06,99.99996893226334,1000000.0,0.0,0.0,-10.0,5.0,-19.0,0.0,0.0,0.0,10.0,0.0,0.0,0.0,0.0,-10.00066792,4.99816796,-18.97126523,0.0,0.0,0.0,10.01768912,0.00068829,-1.987e-05,0.0,0.0,-0.00066792,-0.00183204,0.02873477,0.0,0.0,0.0,0.01768912,0.00068829,-1.987e-05
LM_low,small,3,90,810,G1,run111_u0065007.log,0.022254939999999997,62,779092.284373,1.624231,99.99979152264339,7.36218,1.785409e-06,99.99997574890861,1000000.0,0.0,0.0,-6.0,-6.0,-12.0,0.0,0.0,0.0,5.0,0.0,0.0,0.0,0.0,-6.00044048,-6.00096938,-11.98118042,0.0,0.0,0.0,5.00146378,-0.00030272,-0.000259,0.0,0.0,-0.00044048,-0.00096938,0.01881958,0.0,0.0,0.0,0.00146378,-0.00030272,-0.000259
LM_low,small,3,90,810,G2,run112_u0065092.log,0.07324436,61,4025637.132287,1.607075,99.99996007899004,16.71021,3.056053e-06,99.99998171146264,1000000.0,0.0,0.0,-15.0,-12.0,-22.0,0.0,0.0,0.0,15.0,0.0,0.0,0.0,0.0,-14.99858553,-12.00344619,-21.93883206,0.0,0.0,0.0,14.99411741,0.0007828,-0.00055037,0.0,0.0,0.00141447,-0.00344619,0.06116794,0.0,0.0,0.0,-0.00588259,0.0007828,-0.00055037
LM_low,small,3,90,810,G3,run113_u0065028.log,0.15081361000000001,68,5224030.097388,3.203467,99.9999386782438,23.53951,5.17387e-06,99.99997802048556,1000000.0,0.0,0.0,-18.0,-8.0,-25.0,0.0,0.0,0.0,25.0,0.0,0.0,0.0,0.0,-18.00016877,-8.01021633,-24.87413236,0.0,0.0,0.0,25.0133731,0.00033538,0.00085239,0.0,0.0,-0.00016877,-0.01021633,0.12586764,0.0,0.0,0.0,0.0133731,0.00033538,0.00085239
LM_low,small,3,90,810,G4,run114_u0065083.log,0.03040863,55,465870.634263,2.642128,99.99943286230004,6.489942,5.449193e-06,99.99991603633747,1000000.0,0.0,0.0,-7.0,-2.0,-8.0,0.0,0.0,0.0,3.0,0.0,0.0,0.0,0.0,-7.00016195,-1.99789957,-8.01250486,0.0,0.0,0.0,2.98652895,-0.0011724,0.00099794,0.0,0.0,-0.00016195,0.00210043,-0.01250486,0.0,0.0,0.0,-0.01347105,-0.0011724,0.00099794
LM_low,small,3,180,1620,G0,run120_u0065085.log,0.05938059,61,1926358.979973,6.011718,99.99968792327584,10.64528,3.686067e-06,99.99996537369614,1000000.0,0.0,0.0,-10.0,5.0,-19.0,0.0,0.0,0.0,10.0,0.0,0.0,0.0,0.0,-9.99970223,4.99733941,-18.95786455,0.0,0.0,0.0,10.0139735,-4.637e-05,-0.00026691,0.0,0.0,0.00029777,-0.00266059,0.04213545,0.0,0.0,0.0,0.0139735,-4.637e-05,-0.00026691
LM_low,small,3,180,1620,G1,run121_u0065004.log,0.01613516,61,1558234.813149,3.199801,99.99979465219407,7.501113,2.750377e-06,99.99996333374794,1000000.0,0.0,0.0,-6.0,-6.0,-12.0,0.0,0.0,0.0,5.0,0.0,0.0,0.0,0.0,-5.99977904,-5.99894411,-12.0129418,0.0,0.0,0.0,4.99815971,6.732e-05,8.9e-06,0.0,0.0,0.00022096,0.00105589,-0.0129418,0.0,0.0,0.0,-0.00184029,6.732e-05,8.9e-06
LM_low,small,3,180,1620,G2,run122_u0065078.log,0.056860430000000003,43,8051198.786123,3.425563,99.9999574527584,16.60992,0.0001239715,99.99925362975861,0.01562,0.0,0.0,-15.0,-12.0,-22.0,0.0,0.0,0.0,15.0,0.0,0.0,0.0,0.0,-14.99877268,-12.00282227,-21.95599062,0.0,0.0,0.0,14.99218321,-0.00035453,-0.00063014,0.0,0.0,0.00122732,-0.00282227,0.04400938,0.0,0.0,0.0,-0.00781679,-0.00035453,-0.00063014
LM_low,small,3,180,1620,G3,run123_u0065007.log,0.07722746,79,10447864.936499,5.718593,99.99994526543908,21.82755,4.975746e-06,99.99997720428541,1000000.0,0.0,0.0,-18.0,-8.0,-25.0,0.0,0.0,0.0,25.0,0.0,0.0,0.0,0.0,-18.00053037,-8.0052586,-24.92961847,0.0,0.0,0.0,24.99919768,9.623e-05,0.00015841,0.0,0.0,-0.00053037,-0.0052586,0.07038153,0.0,0.0,0.0,-0.00080232,9.623e-05,0.00015841
LM_low,small,3,180,1620,G4,run124_u0065027.log,0.05623574,58,931710.824932,4.794659,99.9994853919401,5.797389,3.84535e-06,99.99993367100258,1000000.0,0.0,0.0,-7.0,-2.0,-8.0,0.0,0.0,0.0,3.0,0.0,0.0,0.0,0.0,-6.99995584,-1.99740617,-8.04485412,0.0,0.0,0.0,2.9923977,-0.00092468,-0.00021665,0.0,0.0,4.416e-05,0.00259383,-0.04485412,0.0,0.0,0.0,-0.0076023,-0.00092468,-0.00021665
LM_low,small,3,360,3240,G0,run130_u0065028.log,0.07339608,67,3852601.59799,12.542161,99.99967444957178,10.16908,1.128552e-05,99.99988902122907,1000000.0,0.0,0.0,-10.0,5.0,-19.0,0.0,0.0,0.0,10.0,0.0,0.0,0.0,0.0,-9.99953573,4.99709336,-18.94793812,0.0,0.0,0.0,10.01736385,0.00057067,-2.877e-05,0.0,0.0,0.00046427,-0.00290664,0.05206188,0.0,0.0,0.0,0.01736385,0.00057067,-2.877e-05
LM_low,small,3,360,3240,G1,run131_u0065083.log,0.01704465,66,3116577.519999,6.812573,99.99978140851763,7.476574,3.285432e-06,99.99995605698547,1000000.0,0.0,0.0,-6.0,-6.0,-12.0,0.0,0.0,0.0,5.0,0.0,0.0,0.0,0.0,-5.999958,-5.99881672,-12.01301027,0.0,0.0,0.0,5.00245701,0.00014082,0.00021127,0.0,0.0,4.2e-05,0.00118328,-0.01301027,0.0,0.0,0.0,0.00245701,0.00014082,0.00021127
LM_low,small,3,360,3240,G2,run132_u0065092.log,0.0327324,61,16102620.889768,7.097883,99.99995592094574,17.22889,6.994999e-06,99.99995939959567,1000000.0,0.0,0.0,-15.0,-12.0,-22.0,0.0,0.0,0.0,15.0,0.0,0.0,0.0,0.0,-14.99927694,-12.00176638,-21.97383869,0.0,0.0,0.0,14.9967387,-0.00047059,-0.00034976,0.0,0.0,0.00072306,-0.00176638,0.02616131,0.0,0.0,0.0,-0.0032613,-0.00047059,-0.00034976
LM_low,small,3,360,3240,G3,run133_u0065053.log,0.032538689999999995,70,20895107.539409,11.321544,99.99994581724944,20.81479,0.001743479,99.99162384535227,0.01562,0.0,0.0,-18.0,-8.0,-25.0,0.0,0.0,0.0,25.0,0.0,0.0,0.0,0.0,-18.00029638,-8.002161,-24.97013602,0.0,0.0,0.0,25.00014309,4.29e-06,6.995e-05,0.0,0.0,-0.00029638,-0.002161,0.02986398,0.0,0.0,0.0,0.00014309,4.29e-06,6.995e-05
LM_low,small,3,360,3240,G4,run134_u0065064.log,0.044572499999999994,54,1863514.987812,10.113908,99.99945726715018,5.662015,6.76072e-06,99.99988059515915,1000000.0,0.0,0.0,-7.0,-2.0,-8.0,0.0,0.0,0.0,3.0,0.0,0.0,0.0,0.0,-7.00017265,-1.99751713,-8.03589724,0.0,0.0,0.0,2.9953585,-0.00072658,-0.00065166,0.0,0.0,-0.00017265,0.00248287,-0.03589724,0.0,0.0,0.0,-0.0046415,-0.00072658,-0.00065166
LM_normal,small,3,3,27,G0,run00_u0065004.log,4.97649648,30,32187.23951,16.911014,99.9474605021821,14.29771,2.620979e-05,99.99981668539925,1000000.0,0.0,0.0,-10.0,5.0,-19.0,0.0,0.0,0.0,10.0,0.0,0.0,0.0,0.0,-9.98807029,4.80538842,-14.74609649,0.0,0.0,0.0,10.45910523,0.03521022,0.02173623,0.0,0.0,0.01192971,-0.19461158,4.25390351,0.0,0.0,0.0,0.45910523,0.03521022,0.02173623
LM_normal,small,3,3,27,G1,run01_u0065007.log,0.01779608,45,25973.684832,0.044234,99.99982969686324,20.99194,1.259457e-06,99.99999400028297,1000000.0,0.0,0.0,-6.0,-6.0,-12.0,0.0,0.0,0.0,5.0,0.0,0.0,0.0,0.0,-5.99619145,-6.00279864,-12.00514597,0.0,0.0,0.0,5.00264006,-0.00039848,-0.00300438,0.0,0.0,0.00380855,-0.00279864,-0.00514597,0.0,0.0,0.0,0.00264006,-0.00039848,-0.00300438
LM_normal,small,3,3,27,G2,run02_u0065009.log,0.10892818,72,134218.196589,0.016133,99.9999879800203,82.50479,3.662527e-07,99.9999995560831,969500.0,0.0,0.0,-15.0,-12.0,-22.0,0.0,0.0,0.0,15.0,0.0,0.0,0.0,0.0,-14.99363807,-11.99908603,-21.93612676,0.0,0.0,0.0,14.97038019,-0.00188235,0.00627688,0.0,0.0,0.00636193,0.00091397,0.06387324,0.0,0.0,0.0,-0.02961981,-0.00188235,0.00627688
LM_normal,small,3,3,27,G3,run03_u0065027.log,5.13597682,39,174715.792113,27.485323,99.98426855256324,27.67047,3.937592e-05,99.99985769695996,1000000.0,0.0,0.0,-18.0,-8.0,-25.0,0.0,0.0,0.0,25.0,0.0,0.0,0.0,0.0,-18.04693544,-8.36963373,-20.3430293,0.0,0.0,0.0,24.96575895,-0.01021462,0.01798128,0.0,0.0,-0.04693544,-0.36963373,4.6569707,0.0,0.0,0.0,-0.03424105,-0.01021462,0.01798128
LM_normal,small,3,3,27,G4,run04_u0065031.log,0.23536628999999998,38,15520.320297,0.080607,99.99948063571848,8.225763,1.564418e-06,99.99998098148464,1000000.0,0.0,0.0,-7.0,-2.0,-8.0,0.0,0.0,0.0,3.0,0.0,0.0,0.0,0.0,-6.99560714,-2.00898011,-7.78285697,0.0,0.0,0.0,3.00284105,-0.00149173,0.00051751,0.0,0.0,0.00439286,-0.00898011,0.21714303,0.0,0.0,0.0,0.00284105,-0.00149173,0.00051751
LM_normal,small,3,5,45,G0,run10_u0065047.log,0.12765272,50,53537.468912,0.1535,99.99971328491407,14.58459,3.814423e-06,99.99997384621028,1000000.0,0.0,0.0,-10.0,5.0,-19.0,0.0,0.0,0.0,10.0,0.0,0.0,0.0,0.0,-9.99936642,5.00152436,-18.91056953,0.0,0.0,0.0,10.02938465,-0.00074145,0.00593821,0.0,0.0,0.00063358,0.00152436,0.08943047,0.0,0.0,0.0,0.02938465,-0.00074145,0.00593821
LM_normal,small,3,5,45,G1,run11_u0065064.log,0.10170229,49,43290.402428,0.09072,99.99979043853855,11.12887,1.160004e-06,99.99998957662368,1000000.0,0.0,0.0,-6.0,-6.0,-12.0,0.0,0.0,0.0,5.0,0.0,0.0,0.0,0.0,-6.00003566,-5.9996218,-11.91230619,0.0,0.0,0.0,5.01023715,0.00093291,-0.00242456,0.0,0.0,-3.566e-05,0.0003782,0.08769381,0.0,0.0,0.0,0.01023715,0.00093291,-0.00242456
LM_normal,small,3,5,45,G2,run12_u0065078.log,0.36580732,41,223580.228144,0.180662,99.99991919589603,16.8633,6.022851e-06,99.9999642842682,1000000.0,0.0,0.0,-15.0,-12.0,-22.0,0.0,0.0,0.0,15.0,0.0,0.0,0.0,0.0,-14.99210753,-12.01627521,-21.68443616,0.0,0.0,0.0,14.97875726,0.00148284,0.00335022,0.0,0.0,0.00789247,-0.01627521,0.31556384,0.0,0.0,0.0,-0.02124274,0.00148284,0.00335022
LM_normal,small,3,5,45,G3,run13_u0065083.log,0.04347064,34,290146.931635,0.114226,99.99996063167055,35.00106,3.864737e-06,99.99998895822868,1000000.0,0.0,0.0,-18.0,-8.0,-25.0,0.0,0.0,0.0,25.0,0.0,0.0,0.0,0.0,-17.99996709,-8.00197652,-24.96955616,0.0,0.0,0.0,24.99488401,-0.00196522,-0.00393616,0.0,0.0,3.291e-05,-0.00197652,0.03044384,0.0,0.0,0.0,-0.00511599,-0.00196522,-0.00393616
LM_normal,small,3,5,45,G4,run14_u0065085.log,0.04252279,54,25881.232549,0.140189,99.99945833723439,5.206715,1.643148e-06,99.99996844175263,1000000.0,0.0,0.0,-7.0,-2.0,-8.0,0.0,0.0,0.0,3.0,0.0,0.0,0.0,0.0,-7.00288324,-1.99554249,-8.02731867,0.0,0.0,0.0,3.00625868,-0.00026564,-0.00133905,0.0,0.0,-0.00288324,0.00445751,-0.02731867,0.0,0.0,0.0,0.00625868,-0.00026564,-0.00133905
LM_normal,small,3,6,54,G0,run20_u0065031.log,0.37248504,51,64380.268617,0.283285,99.99955998164332,13.75285,1.006385e-06,99.99999268235311,1000000.0,0.0,0.0,-10.0,5.0,-19.0,0.0,0.0,0.0,10.0,0.0,0.0,0.0,0.0,-9.99970934,4.99262903,-18.67486434,0.0,0.0,0.0,10.03164471,0.002836,0.00520704,0.0,0.0,0.00029066,-0.00737097,0.32513566,0.0,0.0,0.0,0.03164471,0.002836,0.00520704
LM_normal,small,3,6,54,G1,run21_u0065034.log,0.22921884,35,51972.761866,0.154067,99.99970356203043,16.24773,5.843548e-06,99.99996403468054,1000000.0,0.0,0.0,-6.0,-6.0,-12.0,0.0,0.0,0.0,5.0,0.0,0.0,0.0,0.0,-5.99797051,-5.98805768,-12.20012388,0.0,0.0,0.0,5.00218298,-0.0080189,-0.00492127,0.0,0.0,0.00202949,0.01194232,-0.20012388,0.0,0.0,0.0,0.00218298,-0.0080189,-0.00492127
LM_normal,small,3,6,54,G2,run22_u0065035.log,0.95856486,52,268585.470152,1.144058,99.99957404322751,54.58354,1.374631e-05,99.99997481601596,1000000.0,0.0,0.0,-15.0,-12.0,-22.0,0.0,0.0,0.0,15.0,0.0,0.0,0.0,0.0,-14.97409154,-12.0370421,-21.1591837,0.0,0.0,0.0,15.04478095,0.00026516,0.00975189,0.0,0.0,0.02590846,-0.0370421,0.8408163,0.0,0.0,0.0,0.04478095,0.00026516,0.00975189
LM_normal,small,3,6,54,G3,run23_u0065037.log,1.4842426800000001,35,349549.934941,5.002102,99.99856898786125,39.00235,1.213742e-05,99.99996888028541,1000000.0,0.0,0.0,-18.0,-8.0,-25.0,0.0,0.0,0.0,25.0,0.0,0.0,0.0,0.0,-17.98815465,-7.89222708,-26.32047909,0.0,0.0,0.0,25.02737335,-0.00574977,-0.0110222,0.0,0.0,0.01184535,0.10777292,-1.32047909,0.0,0.0,0.0,0.02737335,-0.00574977,-0.0110222
LM_normal,small,3,6,54,G4,run24_u0065040.log,0.05455046,43,31045.249117,0.183245,99.99940974865652,8.8451,3.107613e-06,99.99996486627623,1000000.0,0.0,0.0,-7.0,-2.0,-8.0,0.0,0.0,0.0,3.0,0.0,0.0,0.0,0.0,-7.00130849,-2.00527538,-7.97742113,0.0,0.0,0.0,3.01512348,0.00167269,0.00859155,0.0,0.0,-0.00130849,-0.00527538,0.02257887,0.0,0.0,0.0,0.01512348,0.00167269,0.00859155
LM_normal,small,3,9,81,G0,run30_u0065092.log,0.060479780000000004,63,96330.691947,0.372988,99.9996128046083,15.61523,2.642412e-06,99.99998307798221,1000000.0,0.0,0.0,-10.0,5.0,-19.0,0.0,0.0,0.0,10.0,0.0,0.0,0.0,0.0,-10.00057013,4.99762148,-18.96097107,0.0,0.0,0.0,9.98867477,-0.00618005,-0.00099692,0.0,0.0,-0.00057013,-0.00237852,0.03902893,0.0,0.0,0.0,-0.01132523,-0.00618005,-0.00099692
LM_normal,small,3,9,81,G1,run31_u0065007.log,0.14083547999999999,46,77912.117918,0.13605,99.99982538018008,8.402368,8.005706e-07,99.99999047208358,1000000.0,0.0,0.0,-6.0,-6.0,-12.0,0.0,0.0,0.0,5.0,0.0,0.0,0.0,0.0,-6.0031807,-6.00461552,-11.87497562,0.0,0.0,0.0,5.00258269,0.00202826,0.00340393,0.0,0.0,-0.0031807,-0.00461552,0.12502438,0.0,0.0,0.0,0.00258269,0.00202826,0.00340393
LM_normal,small,3,9,81,G2,run32_u0065009.log,0.06929131000000001,60,402437.345963,0.165302,99.99995892478626,21.773,2.901605e-06,99.99998667337987,1000000.0,0.0,0.0,-15.0,-12.0,-22.0,0.0,0.0,0.0,15.0,0.0,0.0,0.0,0.0,-14.99711383,-12.00252245,-21.95817329,0.0,0.0,0.0,15.01765193,0.00284565,-0.0015584,0.0,0.0,0.00288617,-0.00252245,0.04182671,0.0,0.0,0.0,0.01765193,0.00284565,-0.0015584
LM_normal,small,3,9,81,G3,run33_u0065027.log,0.25073987,69,522425.241537,0.2729,99.99994776286093,25.03178,3.152483e-06,99.99998740607741,1000000.0,0.0,0.0,-18.0,-8.0,-25.0,0.0,0.0,0.0,25.0,0.0,0.0,0.0,0.0,-18.00353655,-8.01513192,-24.77138101,0.0,0.0,0.0,24.9995751,-0.00231244,0.00071507,0.0,0.0,-0.00353655,-0.01513192,0.22861899,0.0,0.0,0.0,-0.0004249,-0.00231244,0.00071507
LM_normal,small,3,9,81,G4,run34_u0065028.log,0.59082424,39,46615.83633,1.06479,99.99771581916399,6.271526,8.217001e-06,99.99986897924046,1000000.0,0.0,0.0,-7.0,-2.0,-8.0,0.0,0.0,0.0,3.0,0.0,0.0,0.0,0.0,-6.99389205,-2.01806986,-7.47494388,0.0,0.0,0.0,3.03715019,0.00349085,-0.00094927,0.0,0.0,0.00610795,-0.01806986,0.52505612,0.0,0.0,0.0,0.03715019,0.00349085,-0.00094927
LM_normal,small,3,10,90,G0,run40_u0065083.log,0.13689808,51,107055.415848,0.256473,99.99976042968217,15.29799,3.513051e-06,99.9999770358655,1000000.0,0.0,0.0,-10.0,5.0,-19.0,0.0,0.0,0.0,10.0,0.0,0.0,0.0,0.0,-10.00212139,4.99785725,-18.91044519,0.0,0.0,0.0,10.03484532,0.00492443,0.00330938,0.0,0.0,-0.00212139,-0.00214275,0.08955481,0.0,0.0,0.0,0.03484532,0.00492443,0.00330938
LM_normal,small,3,10,90,G1,run41_u0065085.log,0.21250314,48,86572.536023,0.225508,99.99973951554341,9.528434,1.222657e-06,99.99998716833218,1000000.0,0.0,0.0,-6.0,-6.0,-12.0,0.0,0.0,0.0,5.0,0.0,0.0,0.0,0.0,-6.00137963,-6.00845584,-11.80848644,0.0,0.0,0.0,5.00896571,-0.00075121,-0.00143719,0.0,0.0,-0.00137963,-0.00845584,0.19151356,0.0,0.0,0.0,0.00896571,-0.00075121,-0.00143719
LM_normal,small,3,10,90,G2,run42_u0065004.log,0.18296836,51,447256.937488,0.158201,99.99996462860902,17.94512,1.580594e-06,99.99999119206782,1000000.0,0.0,0.0,-15.0,-12.0,-22.0,0.0,0.0,0.0,15.0,0.0,0.0,0.0,0.0,-14.99961062,-12.0057636,-21.85287597,0.0,0.0,0.0,14.9708596,0.00023651,-0.00031444,0.0,0.0,0.00038938,-0.0057636,0.14712403,0.0,0.0,0.0,-0.0291404,0.00023651,-0.00031444
LM_normal,small,3,10,90,G3,run43_u0065031.log,0.2399929,34,580590.481302,0.430281,99.9999258890709,31.63633,2.64437e-06,99.9999916413503,1000000.0,0.0,0.0,-18.0,-8.0,-25.0,0.0,0.0,0.0,25.0,0.0,0.0,0.0,0.0,-18.00021294,-8.01396645,-24.79646603,0.0,0.0,0.0,24.97991584,-0.00100727,0.00118811,0.0,0.0,-0.00021294,-0.01396645,0.20353397,0.0,0.0,0.0,-0.02008416,-0.00100727,0.00118811
LM_normal,small,3,10,90,G4,run44_u0065035.log,0.06630867,42,51763.977353,0.258273,99.99950105650066,5.630528,3.590817e-06,99.99993622592766,1000000.0,0.0,0.0,-7.0,-2.0,-8.0,0.0,0.0,0.0,3.0,0.0,0.0,0.0,0.0,-7.00214012,-2.00059522,-7.94632164,0.0,0.0,0.0,2.99498407,-0.00063124,0.0042478,0.0,0.0,-0.00214012,-0.00059522,0.05367836,0.0,0.0,0.0,-0.00501593,-0.00063124,0.0042478
LM_normal,small,3,12,108,G0,run50_u0065028.log,0.22737156,57,128438.732985,0.441039,99.99965661526726,9.985615,3.077959e-06,99.99996917606977,1000000.0,0.0,0.0,-10.0,5.0,-19.0,0.0,0.0,0.0,10.0,0.0,0.0,0.0,0.0,-10.00152544,4.99122618,-18.79606791,0.0,0.0,0.0,10.00853089,0.00128688,0.00332244,0.0,0.0,-0.00152544,-0.00877382,0.20393209,0.0,0.0,0.0,0.00853089,0.00128688,0.00332244
LM_normal,small,3,12,108,G1,run51_u0065034.log,0.13903501999999998,35,103891.114887,0.254681,99.99975485776596,15.96743,1.524636e-06,99.999990451588,1000000.0,0.0,0.0,-6.0,-6.0,-12.0,0.0,0.0,0.0,5.0,0.0,0.0,0.0,0.0,-6.00170296,-6.00631404,-11.87352899,0.0,0.0,0.0,4.99626598,-0.00041969,-0.0003933,0.0,0.0,-0.00170296,-0.00631404,0.12647101,0.0,0.0,0.0,-0.00373402,-0.00041969,-0.0003933
LM_normal,small,3,12,108,G2,run52_u0065037.log,0.027102249999999998,59,536654.569165,0.201714,99.9999624126931,26.80738,5.193941e-07,99.99999806249586,1000000.0,0.0,0.0,-15.0,-12.0,-22.0,0.0,0.0,0.0,15.0,0.0,0.0,0.0,0.0,-14.99855855,-11.99783477,-22.00801241,0.0,0.0,0.0,14.98519773,0.00059301,8.788e-05,0.0,0.0,0.00144145,0.00216523,-0.00801241,0.0,0.0,0.0,-0.01480227,0.00059301,8.788e-05
LM_normal,small,3,12,108,G3,run53_u0065040.log,0.16110949,51,696704.919159,0.398147,99.99994285285074,29.84111,1.610928e-06,99.99999460164854,1000000.0,0.0,0.0,-18.0,-8.0,-25.0,0.0,0.0,0.0,25.0,0.0,0.0,0.0,0.0,-18.00174075,-8.01071065,-24.86002708,0.0,0.0,0.0,24.99569391,0.00045482,0.00392426,0.0,0.0,-0.00174075,-0.01071065,0.13997292,0.0,0.0,0.0,-0.00430609,0.00045482,0.00392426
LM_normal,small,3,12,108,G4,run54_u0065047.log,0.22254781999999998,48,62084.863494,0.453857,99.99926897318531,8.28706,4.653967e-06,99.99994384055383,1000000.0,0.0,0.0,-7.0,-2.0,-8.0,0.0,0.0,0.0,3.0,0.0,0.0,0.0,0.0,-6.99888374,-2.00997554,-7.80293432,0.0,0.0,0.0,2.98888659,0.00063873,0.0026382,0.0,0.0,0.00111626,-0.00997554,0.19706568,0.0,0.0,0.0,-0.01111341,0.00063873,0.0026382
LM_normal,small,3,15,135,G0,run60_u0065031.log,0.15935318,56,160611.297971,0.705359,99.99956082852893,13.36913,3.764634e-06,99.99997184084529,1000000.0,0.0,0.0,-10.0,5.0,-19.0,0.0,0.0,0.0,10.0,0.0,0.0,0.0,0.0,-10.00132245,4.99460481,-18.87834212,0.0,0.0,0.0,10.02327132,0.00381212,0.00389422,0.0,0.0,-0.00132245,-0.00539519,0.12165788,0.0,0.0,0.0,0.02327132,0.00381212,0.00389422
LM_normal,small,3,15,135,G1,run61_u0065046.log,0.05229752,34,129841.407504,0.335858,99.99974133213243,11.83886,2.457695e-06,99.99997924044206,1000000.0,0.0,0.0,-6.0,-6.0,-12.0,0.0,0.0,0.0,5.0,0.0,0.0,0.0,0.0,-6.00053364,-5.99766506,-12.03109292,0.0,0.0,0.0,4.9850245,-0.00199379,-0.00136673,0.0,0.0,-0.00053364,0.00233494,-0.03109292,0.0,0.0,0.0,-0.0149755,-0.00199379,-0.00136673
LM_normal,small,3,15,135,G2,run62_u0065064.log,0.07466582999999999,56,670868.962466,0.244203,99.99996359900165,18.47965,2.034196e-06,99.9999889922374,1000000.0,0.0,0.0,-15.0,-12.0,-22.0,0.0,0.0,0.0,15.0,0.0,0.0,0.0,0.0,-14.99787913,-12.00359226,-21.93516369,0.0,0.0,0.0,14.99760258,0.00100778,-0.00071119,0.0,0.0,0.00212087,-0.00359226,0.06483631,0.0,0.0,0.0,-0.00239742,0.00100778,-0.00071119
LM_normal,small,3,15,135,G3,run63_u0065092.log,0.12104583,52,870637.677878,0.633602,99.99992722552491,23.69404,4.651353e-06,99.99998036910127,1000000.0,0.0,0.0,-18.0,-8.0,-25.0,0.0,0.0,0.0,25.0,0.0,0.0,0.0,0.0,-18.00041519,-8.00616385,-24.90244349,0.0,0.0,0.0,24.98547977,-0.00226825,0.0001218,0.0,0.0,-0.00041519,-0.00616385,0.09755651,0.0,0.0,0.0,-0.01452023,-0.00226825,0.0001218
LM_normal,small,3,15,135,G4,run64_u0065007.log,0.04125964,53,77646.012768,0.377913,99.99951328730667,7.954846,1.192638e-06,99.99998500740304,1000000.0,0.0,0.0,-7.0,-2.0,-8.0,0.0,0.0,0.0,3.0,0.0,0.0,0.0,0.0,-7.00056984,-1.99783501,-8.03098963,0.0,0.0,0.0,2.99364742,-0.00087005,0.00031255,0.0,0.0,-0.00056984,0.00216499,-0.03098963,0.0,0.0,0.0,-0.00635258,-0.00087005,0.00031255
LM_normal,small,3,18,162,G0,run70_u0065004.log,0.1447764,51,192673.566264,0.766094,99.99960238759533,12.87307,5.374023e-06,99.99995825375764,1000000.0,0.0,0.0,-10.0,5.0,-19.0,0.0,0.0,0.0,10.0,0.0,0.0,0.0,0.0,-9.99853064,4.99612106,-18.87400176,0.0,0.0,0.0,10.01319884,-0.00017879,5.223e-05,0.0,0.0,0.00146936,-0.00387894,0.12599824,0.0,0.0,0.0,0.01319884,-0.00017879,5.223e-05
LM_normal,small,3,18,162,G1,run71_u0065027.log,0.02649994,53,155842.784723,0.251443,99.99983865598882,8.06329,1.128953e-06,99.99998599885406,1000000.0,0.0,0.0,-6.0,-6.0,-12.0,0.0,0.0,0.0,5.0,0.0,0.0,0.0,0.0,-6.00103066,-5.99939813,-11.9771241,0.0,0.0,0.0,4.99942845,-0.00048384,-0.00093612,0.0,0.0,-0.00103066,0.00060187,0.0228759,0.0,0.0,0.0,-0.00057155,-0.00048384,-0.00093612
LM_normal,small,3,18,162,G2,run72_u0065028.log,0.07370995,53,804995.773103,0.289427,99.99996404614663,18.26155,3.102803e-06,99.99998300909287,1000000.0,0.0,0.0,-15.0,-12.0,-22.0,0.0,0.0,0.0,15.0,0.0,0.0,0.0,0.0,-14.99601682,-12.00212876,-21.93713137,0.0,0.0,0.0,15.00390427,0.00034488,-0.00048023,0.0,0.0,0.00398318,-0.00212876,0.06286863,0.0,0.0,0.0,0.00390427,0.00034488,-0.00048023
LM_normal,small,3,18,162,G3,run73_u0065037.log,0.13314114999999999,62,1044860.60528,0.526424,99.99994961777702,24.19969,2.574386e-06,99.99998936190505,1000000.0,0.0,0.0,-18.0,-8.0,-25.0,0.0,0.0,0.0,25.0,0.0,0.0,0.0,0.0,-18.00113104,-8.00755373,-24.89112584,0.0,0.0,0.0,25.01461336,-0.00082544,-0.00014342,0.0,0.0,-0.00113104,-0.00755373,0.10887416,0.0,0.0,0.0,0.01461336,-0.00082544,-0.00014342
LM_normal,small,3,18,162,G4,run74_u0065040.log,0.04102526,55,93207.744423,0.523842,99.99943798446874,6.147305,1.386215e-06,99.99997745003706,1000000.0,0.0,0.0,-7.0,-2.0,-8.0,0.0,0.0,0.0,3.0,0.0,0.0,0.0,0.0,-7.00164359,-1.99693782,-7.99111614,0.0,0.0,0.0,2.97614698,-0.00195808,0.00162453,0.0,0.0,-0.00164359,0.00306218,0.00888386,0.0,0.0,0.0,-0.02385302,-0.00195808,0.00162453
LM_normal,small,3,24,216,G0,run80_u0065092.log,0.19275086,54,256901.060915,0.924302,99.99964021090582,10.13429,4.93781e-06,99.99995127621175,1000000.0,0.0,0.0,-10.0,5.0,-19.0,0.0,0.0,0.0,10.0,0.0,0.0,0.0,0.0,-10.00025367,4.99336394,-18.83623242,0.0,0.0,0.0,10.01864655,0.00139087,0.00205613,0.0,0.0,-0.00025367,-0.00663606,0.16376758,0.0,0.0,0.0,0.01864655,0.00139087,0.00205613
LM_normal,small,3,24,216,G1,run81_u0065007.log,0.11089946,47,207826.750565,0.499724,99.99975954779708,12.38036,2.091456e-06,99.99998310666248,1000000.0,0.0,0.0,-6.0,-6.0,-12.0,0.0,0.0,0.0,5.0,0.0,0.0,0.0,0.0,-6.00297896,-6.0057465,-11.90441463,0.0,0.0,0.0,4.99694092,-0.00250115,0.0010284,0.0,0.0,-0.00297896,-0.0057465,0.09558537,0.0,0.0,0.0,-0.00305908,-0.00250115,0.0010284
LM_normal,small,3,24,216,G2,run82_u0065009.log,0.07797462000000001,64,1073512.252617,0.357661,99.99996668310034,23.47444,2.616817e-06,99.99998885248382,1000000.0,0.0,0.0,-15.0,-12.0,-22.0,0.0,0.0,0.0,15.0,0.0,0.0,0.0,0.0,-14.99695083,-12.00317448,-21.93609901,0.0,0.0,0.0,14.99456007,0.00171256,-0.00069749,0.0,0.0,0.00304917,-0.00317448,0.06390099,0.0,0.0,0.0,-0.00543993,0.00171256,-0.00069749
LM_normal,small,3,24,216,G3,run83_u0065034.log,0.19612066,56,1393213.07624,0.939093,99.99993259516323,22.06548,3.299457e-06,99.99998504697383,1000000.0,0.0,0.0,-18.0,-8.0,-25.0,0.0,0.0,0.0,25.0,0.0,0.0,0.0,0.0,-18.00144845,-8.01158864,-24.84064644,0.0,0.0,0.0,24.98227231,0.001865,0.00413732,0.0,0.0,-0.00144845,-0.01158864,0.15935356,0.0,0.0,0.0,-0.01772769,0.001865,0.00413732
LM_normal,small,3,24,216,G4,run84_u0065047.log,0.10557573,47,124228.219533,0.744689,99.99940054763499,7.55092,3.206128e-06,99.99995753990243,1000000.0,0.0,0.0,-7.0,-2.0,-8.0,0.0,0.0,0.0,3.0,0.0,0.0,0.0,0.0,-6.99874014,-2.00600143,-7.91178571,0.0,0.0,0.0,3.00859316,0.00026922,0.00123777,0.0,0.0,0.00125986,-0.00600143,0.08821429,0.0,0.0,0.0,0.00859316,0.00026922,0.00123777
LM_normal,small,3,36,324,G0,run90_u0065035.log,0.09913381,61,385273.786558,1.220711,99.99968315752523,10.23119,1.979997e-06,99.99998064744179,1000000.0,0.0,0.0,-10.0,5.0,-19.0,0.0,0.0,0.0,10.0,0.0,0.0,0.0,0.0,-10.00010182,4.99409731,-18.91291333,0.0,0.0,0.0,9.99748644,-0.00174402,0.00178505,0.0,0.0,-0.00010182,-0.00590269,0.08708667,0.0,0.0,0.0,-0.00251356,-0.00174402,0.00178505
LM_normal,small,3,36,324,G1,run91_u0065037.log,0.03929389,55,311644.975745,0.587788,99.9998113917933,8.147866,2.051056e-06,99.99997482707742,1000000.0,0.0,0.0,-6.0,-6.0,-12.0,0.0,0.0,0.0,5.0,0.0,0.0,0.0,0.0,-6.00094329,-6.00096917,-11.96397049,0.0,0.0,0.0,5.00018616,0.00079744,0.00036832,0.0,0.0,-0.00094329,-0.00096917,0.03602951,0.0,0.0,0.0,0.00018616,0.00079744,0.00036832
LM_normal,small,3,36,324,G2,run92_u0065040.log,0.043573640000000004,58,1610199.716703,0.602522,99.99996258091504,17.82464,6.664757e-07,99.99999626093037,1000000.0,0.0,0.0,-15.0,-12.0,-22.0,0.0,0.0,0.0,15.0,0.0,0.0,0.0,0.0,-14.99809384,-12.00185718,-21.96717494,0.0,0.0,0.0,14.99398016,-0.00013429,-0.00083111,0.0,0.0,0.00190616,-0.00185718,0.03282506,0.0,0.0,0.0,-0.00601984,-0.00013429,-0.00083111
LM_normal,small,3,36,324,G3,run93_u0065064.log,0.20823441,57,2089627.862948,1.277634,99.99993885829996,22.20581,5.031417e-06,99.99997734188935,1000000.0,0.0,0.0,-18.0,-8.0,-25.0,0.0,0.0,0.0,25.0,0.0,0.0,0.0,0.0,-18.00133818,-8.0140619,-24.80998614,0.0,0.0,0.0,24.99875042,0.00059557,0.00097532,0.0,0.0,-0.00133818,-0.0140619,0.19001386,0.0,0.0,0.0,-0.00124958,0.00059557,0.00097532
LM_normal,small,3,36,324,G4,run94_u0065078.log,0.01399432,51,186420.137695,0.914373,99.99950950953513,7.284522,6.403237e-06,99.99991209804844,1000000.0,0.0,0.0,-7.0,-2.0,-8.0,0.0,0.0,0.0,3.0,0.0,0.0,0.0,0.0,-7.00056127,-1.99885334,-8.00083388,0.0,0.0,0.0,2.98921822,-0.00040812,0.00026261,0.0,0.0,-0.00056127,0.00114666,-0.00083388,0.0,0.0,0.0,-0.01078178,-0.00040812,0.00026261
LM_normal,small,3,60,540,G0,run100_u0065009.log,0.07046799000000001,60,642139.596306,2.075326,99.99967681077263,11.10775,4.60284e-06,99.99995856190498,1000000.0,0.0,0.0,-10.0,5.0,-19.0,0.0,0.0,0.0,10.0,0.0,0.0,0.0,0.0,-10.00123816,4.99824625,-18.95852518,0.0,0.0,0.0,10.0244488,0.00128839,0.00026407,0.0,0.0,-0.00123816,-0.00175375,0.04147482,0.0,0.0,0.0,0.0244488,0.00128839,0.00026407
LM_normal,small,3,60,540,G1,run101_u0065028.log,0.09842525,53,519466.503281,1.204528,99.99976812210367,8.68212,2.264201e-06,99.99997392110454,1000000.0,0.0,0.0,-6.0,-6.0,-12.0,0.0,0.0,0.0,5.0,0.0,0.0,0.0,0.0,-6.00253921,-6.00412376,-11.91211186,0.0,0.0,0.0,4.99699229,0.00011814,0.00074829,0.0,0.0,-0.00253921,-0.00412376,0.08788814,0.0,0.0,0.0,-0.00300771,0.00011814,0.00074829
LM_normal,small,3,60,540,G2,run102_u0065034.log,0.08000269,59,2683667.259836,1.077453,99.99995985146832,18.05525,4.894233e-06,99.99997289302003,1000000.0,0.0,0.0,-15.0,-12.0,-22.0,0.0,0.0,0.0,15.0,0.0,0.0,0.0,0.0,-14.99809988,-12.00316404,-21.93878577,0.0,0.0,0.0,14.98667295,-5.014e-05,-0.00034711,0.0,0.0,0.00190012,-0.00316404,0.06121423,0.0,0.0,0.0,-0.01332705,-5.014e-05,-0.00034711
LM_normal,small,3,60,540,G3,run103_u0065083.log,0.06700961,74,3482939.510366,1.936705,99.9999443945267,22.80252,2.833568e-06,99.99998757344362,1000000.0,0.0,0.0,-18.0,-8.0,-25.0,0.0,0.0,0.0,25.0,0.0,0.0,0.0,0.0,-18.00072044,-8.00405941,-24.9389013,0.0,0.0,0.0,24.99899191,-9.487e-05,2.81e-05,0.0,0.0,-0.00072044,-0.00405941,0.0610987,0.0,0.0,0.0,-0.00100809,-9.487e-05,2.81e-05
LM_normal,small,3,60,540,G4,run104_u0065046.log,0.01694469,53,310607.718838,1.540238,99.99950412114491,6.242644,8.047989e-06,99.99987108044284,1000000.0,0.0,0.0,-7.0,-2.0,-8.0,0.0,0.0,0.0,3.0,0.0,0.0,0.0,0.0,-6.99929425,-2.0001361,-7.98691628,0.0,0.0,0.0,2.99777158,-0.00063611,0.00015459,0.0,0.0,0.00070575,-0.0001361,0.01308372,0.0,0.0,0.0,-0.00222842,-0.00063611,0.00015459
LM_normal,small,3,90,810,G0,run110_u0065064.log,0.05388523,61,963275.474011,2.931082,99.99969571715681,11.36833,4.042989e-06,99.999964436386,1000000.0,0.0,0.0,-10.0,5.0,-19.0,0.0,0.0,0.0,10.0,0.0,0.0,0.0,0.0,-10.00078053,4.99794067,-18.96597739,0.0,0.0,0.0,10.01638601,0.00048438,0.00015237,0.0,0.0,-0.00078053,-0.00205933,0.03402261,0.0,0.0,0.0,0.01638601,0.00048438,0.00015237
LM_normal,small,3,90,810,G1,run111_u0065085.log,0.01964008,61,779092.284373,1.635289,99.99979010329933,7.362167,2.40235e-06,99.99996736898254,1000000.0,0.0,0.0,-6.0,-6.0,-12.0,0.0,0.0,0.0,5.0,0.0,0.0,0.0,0.0,-6.00040597,-6.00077701,-11.98417149,0.0,0.0,0.0,5.00202262,-0.00024887,-0.0003571,0.0,0.0,-0.00040597,-0.00077701,0.01582851,0.0,0.0,0.0,0.00202262,-0.00024887,-0.0003571
LM_normal,small,3,90,810,G2,run112_u0065092.log,0.03693442,69,4025637.132287,1.53065,99.9999619774473,16.71018,3.443911e-06,99.9999793903417,1000000.0,0.0,0.0,-15.0,-12.0,-22.0,0.0,0.0,0.0,15.0,0.0,0.0,0.0,0.0,-14.99907646,-12.00208542,-21.96858154,0.0,0.0,0.0,14.99863807,0.00055909,-0.00058598,0.0,0.0,0.00092354,-0.00208542,0.03141846,0.0,0.0,0.0,-0.00136193,0.00055909,-0.00058598
LM_normal,small,3,90,810,G3,run113_u0065007.log,0.15281198000000001,68,5224030.097388,3.180666,99.99993911470762,23.5394,6.428691e-06,99.99997268965647,1000000.0,0.0,0.0,-18.0,-8.0,-25.0,0.0,0.0,0.0,25.0,0.0,0.0,0.0,0.0,-18.00021443,-8.01032398,-24.87338701,0.0,0.0,0.0,25.01457835,0.0004087,0.00067353,0.0,0.0,-0.00021443,-0.01032398,0.12661299,0.0,0.0,0.0,0.01457835,0.0004087,0.00067353
LM_normal,small,3,90,810,G4,run114_u0065022.log,0.03140126,56,465870.634263,2.638071,99.99943373314264,6.489882,2.133407e-06,99.99996712718351,1000000.0,0.0,0.0,-7.0,-2.0,-8.0,0.0,0.0,0.0,3.0,0.0,0.0,0.0,0.0,-7.00023698,-1.99789515,-8.01555222,0.0,0.0,0.0,2.98879693,-0.00115251,0.00115163,0.0,0.0,-0.00023698,0.00210485,-0.01555222,0.0,0.0,0.0,-0.01120307,-0.00115251,0.00115163
LM_normal,small,3,180,1620,G0,run120_u0065009.log,0.056930839999999996,66,1926358.979973,5.9639,99.99969040557538,10.64526,1.621336e-06,99.99998476940911,1000000.0,0.0,0.0,-10.0,5.0,-19.0,0.0,0.0,0.0,10.0,0.0,0.0,0.0,0.0,-9.99966747,4.99753337,-18.96123104,0.0,0.0,0.0,10.01502062,0.00016698,-0.00017512,0.0,0.0,0.00033253,-0.00246663,0.03876896,0.0,0.0,0.0,0.01502062,0.00016698,-0.00017512
LM_normal,small,3,180,1620,G1,run121_u0065027.log,0.01915777,63,1558234.813149,3.206781,99.99979420425133,7.501101,4.343335e-06,99.99994209736678,1000000.0,0.0,0.0,-6.0,-6.0,-12.0,0.0,0.0,0.0,5.0,0.0,0.0,0.0,0.0,-5.99979263,-5.99879414,-12.01570206,0.0,0.0,0.0,4.99803402,3.647e-05,-4.003e-05,0.0,0.0,0.00020737,0.00120586,-0.01570206,0.0,0.0,0.0,-0.00196598,3.647e-05,-4.003e-05
LM_normal,small,3,180,1620,G2,run122_u0065046.log,0.05216008,64,8051198.786123,3.388886,99.99995790830546,16.6099,3.11651e-06,99.99998123703332,1000000.0,0.0,0.0,-15.0,-12.0,-22.0,0.0,0.0,0.0,15.0,0.0,0.0,0.0,0.0,-14.99888651,-12.00252807,-21.9603294,0.0,0.0,0.0,14.99212443,-0.00034195,-0.0006304,0.0,0.0,0.00111349,-0.00252807,0.0396706,0.0,0.0,0.0,-0.00787557,-0.00034195,-0.0006304
LM_normal,small,3,180,1620,G3,run123_u0065083.log,0.039648869999999996,93,10447864.936499,5.545611,99.99994692110748,21.82751,4.691493e-06,99.9999785065131,1000000.0,0.0,0.0,-18.0,-8.0,-25.0,0.0,0.0,0.0,25.0,0.0,0.0,0.0,0.0,-18.00018397,-8.00241025,-24.96733542,0.0,0.0,0.0,24.99609344,-0.00033344,-0.00015007,0.0,0.0,-0.00018397,-0.00241025,0.03266458,0.0,0.0,0.0,-0.00390656,-0.00033344,-0.00015007
LM_normal,small,3,180,1620,G4,run124_u0065004.log,0.04185485,56,931710.824932,4.813092,99.99948341353655,5.797376,9.130463e-06,99.99984250697212,1000000.0,0.0,0.0,-7.0,-2.0,-8.0,0.0,0.0,0.0,3.0,0.0,0.0,0.0,0.0,-6.99968402,-1.99774912,-8.03046201,0.0,0.0,0.0,2.99236327,-0.00095669,-0.00023256,0.0,0.0,0.00031598,0.00225088,-0.03046201,0.0,0.0,0.0,-0.00763673,-0.00095669,-0.00023256
LM_normal,small,3,360,3240,G0,run130_u0065085.log,0.0726826,70,3852601.59799,12.537252,99.99967457699216,10.16907,8.954458e-06,99.99991194417976,1000000.0,0.0,0.0,-10.0,5.0,-19.0,0.0,0.0,0.0,10.0,0.0,0.0,0.0,0.0,-9.9994894,4.99708691,-18.94826306,0.0,0.0,0.0,10.01696837,0.00054197,-1.163e-05,0.0,0.0,0.0005106,-0.00291309,0.05173694,0.0,0.0,0.0,0.01696837,0.00054197,-1.163e-05
LM_normal,small,3,360,3240,G1,run131_u0065092.log,0.006511970000000001,61,3116577.519999,6.834536,99.99978070380227,7.476568,6.041237e-06,99.99991919772548,1000000.0,0.0,0.0,-6.0,-6.0,-12.0,0.0,0.0,0.0,5.0,0.0,0.0,0.0,0.0,-6.00002158,-5.99931894,-12.00376104,0.0,0.0,0.0,5.00166434,7.953e-05,0.00030442,0.0,0.0,-2.158e-05,0.00068106,-0.00376104,0.0,0.0,0.0,0.00166434,7.953e-05,0.00030442
LM_normal,small,3,360,3240,G2,run132_u0065031.log,0.02550408,65,16102620.889768,7.074194,99.99995606805844,17.22888,8.443844e-06,99.99995099017464,1000000.0,0.0,0.0,-15.0,-12.0,-22.0,0.0,0.0,0.0,15.0,0.0,0.0,0.0,0.0,-14.99937547,-12.00138787,-21.98081468,0.0,0.0,0.0,14.99655132,-0.0005118,-0.00034588,0.0,0.0,0.00062453,-0.00138787,0.01918532,0.0,0.0,0.0,-0.00344868,-0.0005118,-0.00034588
LM_normal,small,3,360,3240,G3,run133_u0065047.log,0.03658466,67,20895107.539409,11.336005,99.99994574804185,20.81478,0.0004929176,99.99763188657292,0.01562,0.0,0.0,-18.0,-8.0,-25.0,0.0,0.0,0.0,25.0,0.0,0.0,0.0,0.0,-18.00033239,-8.00248949,-24.96642563,0.0,0.0,0.0,25.00007095,-9.72e-06,0.00010774,0.0,0.0,-0.00033239,-0.00248949,0.03357437,0.0,0.0,0.0,7.095e-05,-9.72e-06,0.00010774
LM_normal,small,3,360,3240,G4,run134_u0065007.log,0.047841310000000005,55,1863514.987812,10.128491,99.99945648459678,5.662012,6.868327e-06,99.99987869458774,1000000.0,0.0,0.0,-7.0,-2.0,-8.0,0.0,0.0,0.0,3.0,0.0,0.0,0.0,0.0,-7.0002143,-1.99747952,-8.03882697,0.0,0.0,0.0,2.99521376,-0.0007443,-0.00074902,0.0,0.0,-0.0002143,0.00252048,-0.03882697,0.0,0.0,0.0,-0.00478624,-0.0007443,-0.00074902
LM_high,small,3,3,27,G0,run05_u0065034.log,0.10031006,42,32187.23951,0.117376,99.99963533374783,13.91877,1.322414e-06,99.99999049905989,1000000.0,0.0,0.0,-10.0,5.0,-19.0,0.0,0.0,0.0,10.0,0.0,0.0,0.0,0.0,-10.00469106,4.99764721,-18.94396951,0.0,0.0,0.0,9.97156617,-0.0032711,0.00553079,0.0,0.0,-0.00469106,-0.00235279,0.05603049,0.0,0.0,0.0,-0.02843383,-0.0032711,0.00553079
LM_high,small,3,3,27,G1,run06_u0065035.log,0.21522855000000002,32,25973.684832,0.072233,99.99972189929744,19.5341,6.905728e-07,99.99999646478311,797600.0,0.0,0.0,-6.0,-6.0,-12.0,0.0,0.0,0.0,5.0,0.0,0.0,0.0,0.0,-5.99581486,-5.99135386,-12.18499702,0.0,0.0,0.0,5.00862212,-0.00283703,-0.0059411,0.0,0.0,0.00418514,0.00864614,-0.18499702,0.0,0.0,0.0,0.00862212,-0.00283703,-0.0059411
LM_high,small,3,3,27,G2,run07_u0065037.log,0.73198914,55,134218.196589,0.235121,99.99982482181554,64.58957,1.454539e-06,99.99999774802804,1000000.0,0.0,0.0,-15.0,-12.0,-22.0,0.0,0.0,0.0,15.0,0.0,0.0,0.0,0.0,-14.98278848,-12.02768722,-21.40367406,0.0,0.0,0.0,14.91414249,-0.00086202,0.00404493,0.0,0.0,0.01721152,-0.02768722,0.59632594,0.0,0.0,0.0,-0.08585751,-0.00086202,0.00404493
LM_high,small,3,3,27,G3,run08_u0065040.log,0.19523966999999998,51,174715.792113,0.060508,99.99996536775568,27.3473,1.812603e-06,99.9999933719124,1000000.0,0.0,0.0,-18.0,-8.0,-25.0,0.0,0.0,0.0,25.0,0.0,0.0,0.0,0.0,-17.9999672,-8.00607838,-24.83695715,0.0,0.0,0.0,25.0220509,0.00105756,0.00297718,0.0,0.0,3.28e-05,-0.00607838,0.16304285,0.0,0.0,0.0,0.0220509,0.00105756,0.00297718
LM_high,small,3,3,27,G4,run09_u0065046.log,0.25244596,51,15520.320297,0.080482,99.99948144111423,8.04106,2.688939e-06,99.99996655989383,1000000.0,0.0,0.0,-7.0,-2.0,-8.0,0.0,0.0,0.0,3.0,0.0,0.0,0.0,0.0,-7.00039385,-2.00691714,-7.80411051,0.0,0.0,0.0,2.95808166,0.00068907,0.00663807,0.0,0.0,-0.00039385,-0.00691714,0.19588949,0.0,0.0,0.0,-0.04191834,0.00068907,0.00663807
LM_high,small,3,5,45,G0,run15_u0065092.log,5.78532301,39,53537.468912,37.1255,99.93065510799357,14.3916,5.235769e-05,99.99963619270963,1000000.0,0.0,0.0,-10.0,5.0,-19.0,0.0,0.0,0.0,10.0,0.0,0.0,0.0,0.0,-10.02489461,4.76788289,-13.90054905,0.0,0.0,0.0,9.66731375,-0.00411739,0.0920567,0.0,0.0,-0.02489461,-0.23211711,5.09945095,0.0,0.0,0.0,-0.33268625,-0.00411739,0.0920567
LM_high,small,3,5,45,G1,run16_u0065004.log,0.07852405000000001,51,43290.402428,0.100202,99.99976853530025,9.914871,1.072882e-06,99.99998917906244,1000000.0,0.0,0.0,-6.0,-6.0,-12.0,0.0,0.0,0.0,5.0,0.0,0.0,0.0,0.0,-5.99968201,-6.00061499,-11.92598723,0.0,0.0,0.0,5.00060041,-0.00265267,-0.00032522,0.0,0.0,0.00031799,-0.00061499,0.07401277,0.0,0.0,0.0,0.00060041,-0.00265267,-0.00032522
LM_high,small,3,5,45,G2,run17_u0065007.log,0.2547214,47,223580.228144,0.117185,99.99994758704695,16.57807,1.266215e-06,99.99999236210849,1000000.0,0.0,0.0,-15.0,-12.0,-22.0,0.0,0.0,0.0,15.0,0.0,0.0,0.0,0.0,-14.99780717,-12.01203233,-21.7925808,0.0,0.0,0.0,14.96948256,-0.0001252,0.0024344,0.0,0.0,0.00219283,-0.01203233,0.2074192,0.0,0.0,0.0,-0.03051744,-0.0001252,0.0024344
LM_high,small,3,5,45,G3,run18_u0065009.log,0.1558079,42,290146.931635,0.115506,99.99996019051474,33.51505,2.246632e-06,99.99999329664733,1000000.0,0.0,0.0,-18.0,-8.0,-25.0,0.0,0.0,0.0,25.0,0.0,0.0,0.0,0.0,-17.9983153,-7.98978796,-25.12170192,0.0,0.0,0.0,24.98780955,-0.00276283,-0.00725596,0.0,0.0,0.0016847,0.01021204,-0.12170192,0.0,0.0,0.0,-0.01219045,-0.00276283,-0.00725596
LM_high,small,3,5,45,G4,run19_u0065027.log,0.26033243,50,25881.232549,0.258456,99.99900137677172,5.172175,2.324162e-06,99.99995506412681,1000000.0,0.0,0.0,-7.0,-2.0,-8.0,0.0,0.0,0.0,3.0,0.0,0.0,0.0,0.0,-6.99919541,-2.00557516,-7.75661169,0.0,0.0,0.0,3.00941804,0.00107405,-7.228e-05,0.0,0.0,0.00080459,-0.00557516,0.24338831,0.0,0.0,0.0,0.00941804,0.00107405,-7.228e-05
LM_high,small,3,6,54,G0,run25_u0065046.log,0.32474512,62,64380.268617,0.246601,99.99961696183428,13.53825,3.630263e-06,99.9999731851384,1000000.0,0.0,0.0,-10.0,5.0,-19.0,0.0,0.0,0.0,10.0,0.0,0.0,0.0,0.0,-10.00283286,4.99424477,-18.6932892,0.0,0.0,0.0,10.00444091,-0.00026941,0.00473591,0.0,0.0,-0.00283286,-0.00575523,0.3067108,0.0,0.0,0.0,0.00444091,-0.00026941,0.00473591
LM_high,small,3,6,54,G1,run26_u0065047.log,0.28814877,40,51972.761866,0.168084,99.99967659213411,15.73461,2.603277e-06,99.9999834550904,1000000.0,0.0,0.0,-6.0,-6.0,-12.0,0.0,0.0,0.0,5.0,0.0,0.0,0.0,0.0,-6.00330466,-6.01573108,-11.73988555,0.0,0.0,0.0,5.00761222,-0.00018717,0.00119919,0.0,0.0,-0.00330466,-0.01573108,0.26011445,0.0,0.0,0.0,0.00761222,-0.00018717,0.00119919
LM_high,small,3,6,54,G2,run27_u0065064.log,0.22074629999999998,79,268585.470152,0.0901,99.99996645388154,49.04101,1.376996e-06,99.99999719215407,1000000.0,0.0,0.0,-15.0,-12.0,-22.0,0.0,0.0,0.0,15.0,0.0,0.0,0.0,0.0,-14.99329677,-12.00696119,-21.82042733,0.0,0.0,0.0,14.97714027,-0.00190375,0.00274573,0.0,0.0,0.00670323,-0.00696119,0.17957267,0.0,0.0,0.0,-0.02285973,-0.00190375,0.00274573
LM_high,small,3,6,54,G3,run28_u0065078.log,3.11838971,34,349549.934941,20.911442,99.9940176095288,37.63253,2.897845e-05,99.99992299627478,1000000.0,0.0,0.0,-18.0,-8.0,-25.0,0.0,0.0,0.0,25.0,0.0,0.0,0.0,0.0,-17.97321122,-7.77839123,-27.71914786,0.0,0.0,0.0,24.90128248,0.0160735,-0.03605328,0.0,0.0,0.02678878,0.22160877,-2.71914786,0.0,0.0,0.0,-0.09871752,0.0160735,-0.03605328
LM_high,small,3,6,54,G4,run29_u0065083.log,0.16646009,34,31045.249117,0.200609,99.99935381739331,8.419063,1.652479e-06,99.99998037217443,1000000.0,0.0,0.0,-7.0,-2.0,-8.0,0.0,0.0,0.0,3.0,0.0,0.0,0.0,0.0,-7.00174158,-2.00394425,-7.9116975,0.0,0.0,0.0,2.93866091,0.00047005,0.01066262,0.0,0.0,-0.00174158,-0.00394425,0.0883025,0.0,0.0,0.0,-0.06133909,0.00047005,0.01066262
LM_high,small,3,9,81,G0,run35_u0065034.log,0.43779251,47,96330.691947,0.716029,99.99925669692024,15.42066,7.636522e-06,99.99995047863062,1000000.0,0.0,0.0,-10.0,5.0,-19.0,0.0,0.0,0.0,10.0,0.0,0.0,0.0,0.0,-9.99805795,4.9854081,-18.59556072,0.0,0.0,0.0,10.0132748,1.206e-05,0.00353242,0.0,0.0,0.00194205,-0.0145919,0.40443928,0.0,0.0,0.0,0.0132748,1.206e-05,0.00353242
LM_high,small,3,9,81,G1,run36_u0065037.log,0.0996278,69,77912.117918,0.138713,99.99982196222655,8.332367,2.197991e-06,99.99997362104911,1000000.0,0.0,0.0,-6.0,-6.0,-12.0,0.0,0.0,0.0,5.0,0.0,0.0,0.0,0.0,-6.00303487,-6.00238207,-11.91757588,0.0,0.0,0.0,5.00826365,0.00247618,0.00104691,0.0,0.0,-0.00303487,-0.00238207,0.08242412,0.0,0.0,0.0,0.00826365,0.00247618,0.00104691
LM_high,small,3,9,81,G2,run37_u0065040.log,0.04691397,56,402437.345963,0.161629,99.99995983747493,21.31493,1.501269e-06,99.99999295672563,1000000.0,0.0,0.0,-15.0,-12.0,-22.0,0.0,0.0,0.0,15.0,0.0,0.0,0.0,0.0,-14.99783351,-12.00215027,-21.96590164,0.0,0.0,0.0,15.00498412,0.00226673,-0.001248,0.0,0.0,0.00216649,-0.00215027,0.03409836,0.0,0.0,0.0,0.00498412,0.00226673,-0.001248
LM_high,small,3,9,81,G3,run38_u0065047.log,0.26896713,52,522425.241537,0.298014,99.99994295566594,24.86236,3.545968e-06,99.99998573760497,1000000.0,0.0,0.0,-18.0,-8.0,-25.0,0.0,0.0,0.0,25.0,0.0,0.0,0.0,0.0,-18.00258176,-8.01508851,-24.76385453,0.0,0.0,0.0,24.99102055,-0.0039091,0.00226284,0.0,0.0,-0.00258176,-0.01508851,0.23614547,0.0,0.0,0.0,-0.00897945,-0.0039091,0.00226284
LM_high,small,3,9,81,G4,run39_u0065078.log,0.08862111,47,46615.83633,0.263936,99.99943380614661,6.252193,5.435737e-06,99.99991305871396,1000000.0,0.0,0.0,-7.0,-2.0,-8.0,0.0,0.0,0.0,3.0,0.0,0.0,0.0,0.0,-7.00201406,-1.99801383,-7.9247682,0.0,0.0,0.0,2.99563988,0.00219098,-0.00283798,0.0,0.0,-0.00201406,0.00198617,0.0752318,0.0,0.0,0.0,-0.00436012,0.00219098,-0.00283798
LM_high,small,3,10,90,G0,run45_u0065046.log,0.11766473999999999,57,107055.415848,0.257839,99.9997591537075,15.16578,1.309413e-06,99.99999136600294,1000000.0,0.0,0.0,-10.0,5.0,-19.0,0.0,0.0,0.0,10.0,0.0,0.0,0.0,0.0,-10.00186031,4.99896869,-18.9269001,0.0,0.0,0.0,10.03453565,0.00440055,0.00273702,0.0,0.0,-0.00186031,-0.00103131,0.0730999,0.0,0.0,0.0,0.03453565,0.00440055,0.00273702
LM_high,small,3,10,90,G1,run46_u0065064.log,0.23740962000000002,47,86572.536023,0.231513,99.99973257916352,9.336145,2.397213e-06,99.9999743233101,1000000.0,0.0,0.0,-6.0,-6.0,-12.0,0.0,0.0,0.0,5.0,0.0,0.0,0.0,0.0,-6.00073186,-6.01046475,-11.7955021,0.0,0.0,0.0,5.01848074,0.00116235,-0.00207202,0.0,0.0,-0.00073186,-0.01046475,0.2044979,0.0,0.0,0.0,0.01848074,0.00116235,-0.00207202
LM_high,small,3,10,90,G2,run47_u0065092.log,0.16458786,50,447256.937488,0.159786,99.99996427422661,17.8896,9.406619e-07,99.99999474185057,1000000.0,0.0,0.0,-15.0,-12.0,-22.0,0.0,0.0,0.0,15.0,0.0,0.0,0.0,0.0,-15.000448,-12.00422937,-21.88596166,0.0,0.0,0.0,14.95612484,-0.00183776,-0.00015923,0.0,0.0,-0.000448,-0.00422937,0.11403834,0.0,0.0,0.0,-0.04387516,-0.00183776,-0.00015923
LM_high,small,3,10,90,G3,run48_u0065007.log,0.10921241000000001,35,580590.481302,0.282952,99.99995126478832,31.0563,1.479567e-06,99.99999523585554,1000000.0,0.0,0.0,-18.0,-8.0,-25.0,0.0,0.0,0.0,25.0,0.0,0.0,0.0,0.0,-17.99940001,-8.00439006,-24.9100296,0.0,0.0,0.0,24.98742319,-0.00046158,0.00121357,0.0,0.0,0.00059999,-0.00439006,0.0899704,0.0,0.0,0.0,-0.01257681,-0.00046158,0.00121357
LM_high,small,3,10,90,G4,run49_u0065009.log,0.08823798,44,51763.977353,0.278786,99.99946142855659,5.613089,2.781817e-06,99.99995044053283,1000000.0,0.0,0.0,-7.0,-2.0,-8.0,0.0,0.0,0.0,3.0,0.0,0.0,0.0,0.0,-7.00197082,-2.00209142,-7.923865,0.0,0.0,0.0,3.0046725,-6.037e-05,0.00330787,0.0,0.0,-0.00197082,-0.00209142,0.076135,0.0,0.0,0.0,0.0046725,-6.037e-05,0.00330787
LM_high,small,3,12,108,G0,run55_u0065078.log,0.13342609,54,128438.732985,0.307274,99.99976076219933,9.963948,1.578305e-06,99.99998415984308,1000000.0,0.0,0.0,-10.0,5.0,-19.0,0.0,0.0,0.0,10.0,0.0,0.0,0.0,0.0,-10.00184296,4.99385441,-18.88819272,0.0,0.0,0.0,10.00903174,0.00165055,0.00294797,0.0,0.0,-0.00184296,-0.00614559,0.11180728,0.0,0.0,0.0,0.00903174,0.00165055,0.00294797
LM_high,small,3,12,108,G1,run56_u0065083.log,0.19527334000000002,39,103891.114887,0.259249,99.99975046085484,15.60884,3.986657e-06,99.99997445897966,1000000.0,0.0,0.0,-6.0,-6.0,-12.0,0.0,0.0,0.0,5.0,0.0,0.0,0.0,0.0,-6.00283077,-6.00806695,-11.83333485,0.0,0.0,0.0,5.01546719,-0.00026608,0.0019772,0.0,0.0,-0.00283077,-0.00806695,0.16666515,0.0,0.0,0.0,0.01546719,-0.00026608,0.0019772
LM_high,small,3,12,108,G2,run57_u0065085.log,0.03558346,59,536654.569165,0.208862,99.99996108073759,26.25013,2.752258e-06,99.99998951525956,1000000.0,0.0,0.0,-15.0,-12.0,-22.0,0.0,0.0,0.0,15.0,0.0,0.0,0.0,0.0,-14.99841978,-11.99945559,-21.97974384,0.0,0.0,0.0,14.98840694,0.00130314,-0.00030647,0.0,0.0,0.00158022,0.00054441,0.02025616,0.0,0.0,0.0,-0.01159306,0.00130314,-0.00030647
LM_high,small,3,12,108,G3,run58_u0065004.log,0.11498934,35,696704.919159,0.387252,99.99994441664047,29.18452,3.354296e-06,99.99998850659186,1000000.0,0.0,0.0,-18.0,-8.0,-25.0,0.0,0.0,0.0,25.0,0.0,0.0,0.0,0.0,-18.00064793,-8.00785381,-24.90708799,0.0,0.0,0.0,24.99015563,0.00033739,0.00339383,0.0,0.0,-0.00064793,-0.00785381,0.09291201,0.0,0.0,0.0,-0.00984437,0.00033739,0.00339383
LM_high,small,3,12,108,G4,run59_u0065027.log,0.25936513,46,62084.863494,0.497386,99.99919886108786,8.211261,2.275159e-06,99.99997229220943,1000000.0,0.0,0.0,-7.0,-2.0,-8.0,0.0,0.0,0.0,3.0,0.0,0.0,0.0,0.0,-6.99751085,-2.01059892,-7.77881536,0.0,0.0,0.0,2.97829334,-0.00041531,0.00297045,0.0,0.0,0.00248915,-0.01059892,0.22118464,0.0,0.0,0.0,-0.02170666,-0.00041531,0.00297045
LM_high,small,3,15,135,G0,run65_u0065009.log,0.20024968,54,160611.297971,0.758072,99.99952800829732,13.29543,4.861196e-06,99.99996343709078,1000000.0,0.0,0.0,-10.0,5.0,-19.0,0.0,0.0,0.0,10.0,0.0,0.0,0.0,0.0,-10.00244644,4.99382083,-18.83759723,0.0,0.0,0.0,10.02195515,0.00345798,0.00380817,0.0,0.0,-0.00244644,-0.00617917,0.16240277,0.0,0.0,0.0,0.02195515,0.00345798,0.00380817
LM_high,small,3,15,135,G1,run66_u0065034.log,0.26425776,45,129841.407504,0.65586,99.99949487608568,11.69078,2.541788e-06,99.99997825818295,1000000.0,0.0,0.0,-6.0,-6.0,-12.0,0.0,0.0,0.0,5.0,0.0,0.0,0.0,0.0,-6.00432131,-6.00939036,-11.75347825,0.0,0.0,0.0,4.99859043,0.00100767,0.0016071,0.0,0.0,-0.00432131,-0.00939036,0.24652175,0.0,0.0,0.0,-0.00140957,0.00100767,0.0016071
LM_high,small,3,15,135,G2,run67_u0065035.log,0.04091972,61,670868.962466,0.214255,99.99996806306268,18.42104,1.18087e-06,99.99999358955846,1000000.0,0.0,0.0,-15.0,-12.0,-22.0,0.0,0.0,0.0,15.0,0.0,0.0,0.0,0.0,-14.99875811,-12.00091678,-21.97144983,0.0,0.0,0.0,14.99024542,0.00032509,-0.00013121,0.0,0.0,0.00124189,-0.00091678,0.02855017,0.0,0.0,0.0,-0.00975458,0.00032509,-0.00013121
LM_high,small,3,15,135,G3,run68_u0065047.log,0.13234483,65,870637.677878,0.655873,99.99992466751478,23.55042,5.257482e-06,99.9999776756338,1000000.0,0.0,0.0,-18.0,-8.0,-25.0,0.0,0.0,0.0,25.0,0.0,0.0,0.0,0.0,-17.99965019,-8.00811733,-24.88089429,0.0,0.0,0.0,25.00212858,-0.00239831,0.00024509,0.0,0.0,0.00034981,-0.00811733,0.11910571,0.0,0.0,0.0,0.00212858,-0.00239831,0.00024509
LM_high,small,3,15,135,G4,run69_u0065083.log,0.04926961,55,77646.012768,0.366735,99.99952768340971,7.875553,1.691321e-06,99.99997852441601,1000000.0,0.0,0.0,-7.0,-2.0,-8.0,0.0,0.0,0.0,3.0,0.0,0.0,0.0,0.0,-7.000408,-1.99746691,-8.03762652,0.0,0.0,0.0,2.99261387,-0.0012115,-0.00010437,0.0,0.0,-0.000408,0.00253309,-0.03762652,0.0,0.0,0.0,-0.00738613,-0.0012115,-0.00010437
LM_high,small,3,18,162,G0,run75_u0065046.log,0.46237709,48,192673.566264,1.505985,99.99921837487663,12.80067,1.517044e-05,99.99988148714091,1000000.0,0.0,0.0,-10.0,5.0,-19.0,0.0,0.0,0.0,10.0,0.0,0.0,0.0,0.0,-9.99793163,4.98744058,-18.56572096,0.0,0.0,0.0,9.99074471,-0.00046481,0.00375016,0.0,0.0,0.00206837,-0.01255942,0.43427904,0.0,0.0,0.0,-0.00925529,-0.00046481,0.00375016
LM_high,small,3,18,162,G1,run76_u0065078.log,0.02255124,59,155842.784723,0.245066,99.99984274793316,8.030125,2.301944e-06,99.99997133364673,1000000.0,0.0,0.0,-6.0,-6.0,-12.0,0.0,0.0,0.0,5.0,0.0,0.0,0.0,0.0,-6.00090616,-5.99875526,-11.98321745,0.0,0.0,0.0,4.99828805,-0.00093739,-0.00096845,0.0,0.0,-0.00090616,0.00124474,0.01678255,0.0,0.0,0.0,-0.00171195,-0.00093739,-0.00096845
LM_high,small,3,18,162,G2,run77_u0065085.log,0.06506455,59,804995.773103,0.290914,99.99996386142514,18.19183,1.329084e-06,99.99999269406102,1000000.0,0.0,0.0,-15.0,-12.0,-22.0,0.0,0.0,0.0,15.0,0.0,0.0,0.0,0.0,-14.99627988,-12.00168238,-21.94261722,0.0,0.0,0.0,14.99815307,2.874e-05,-0.0004036,0.0,0.0,0.00372012,-0.00168238,0.05738278,0.0,0.0,0.0,-0.00184693,2.874e-05,-0.0004036
LM_high,small,3,18,162,G3,run78_u0065031.log,0.11548328999999999,69,1044860.60528,0.498649,99.99995227602635,24.1387,4.956057e-06,99.99997946841793,1000000.0,0.0,0.0,-18.0,-8.0,-25.0,0.0,0.0,0.0,25.0,0.0,0.0,0.0,0.0,-18.00148177,-8.00619825,-24.90623285,0.0,0.0,0.0,25.01197248,-0.00187121,0.00019243,0.0,0.0,-0.00148177,-0.00619825,0.09376715,0.0,0.0,0.0,0.01197248,-0.00187121,0.00019243
LM_high,small,3,18,162,G4,run79_u0065064.log,0.04616327,51,93207.744423,0.526695,99.9994349235643,6.136331,2.458197e-06,99.99995994028028,1000000.0,0.0,0.0,-7.0,-2.0,-8.0,0.0,0.0,0.0,3.0,0.0,0.0,0.0,0.0,-7.00153561,-1.99702207,-7.98261104,0.0,0.0,0.0,2.97880706,-0.00163639,0.00143144,0.0,0.0,-0.00153561,0.00297793,0.01738896,0.0,0.0,0.0,-0.02119294,-0.00163639,0.00143144
LM_high,small,3,24,216,G0,run85_u0065083.log,0.14741938,61,256901.060915,0.823505,99.99967944663324,10.11683,1.941637e-06,99.99998080785186,1000000.0,0.0,0.0,-10.0,5.0,-19.0,0.0,0.0,0.0,10.0,0.0,0.0,0.0,0.0,-10.00176064,4.99558248,-18.89215959,0.0,0.0,0.0,10.02947865,0.00191625,0.00200591,0.0,0.0,-0.00176064,-0.00441752,0.10784041,0.0,0.0,0.0,0.02947865,0.00191625,0.00200591
LM_high,small,3,24,216,G1,run86_u0065028.log,0.1140138,46,207826.750565,0.485232,99.99976652091287,12.23434,5.055762e-06,99.99995867564577,1000000.0,0.0,0.0,-6.0,-6.0,-12.0,0.0,0.0,0.0,5.0,0.0,0.0,0.0,0.0,-6.00327125,-6.00552711,-11.90124764,0.0,0.0,0.0,5.00422144,-0.00165054,0.0005911,0.0,0.0,-0.00327125,-0.00552711,0.09875236,0.0,0.0,0.0,0.00422144,-0.00165054,0.0005911
LM_high,small,3,24,216,G2,run87_u0065046.log,0.06677421,60,1073512.252617,0.355309,99.99996690219426,23.34234,2.217968e-06,99.9999904980906,1000000.0,0.0,0.0,-15.0,-12.0,-22.0,0.0,0.0,0.0,15.0,0.0,0.0,0.0,0.0,-14.99739373,-12.00302461,-21.94920248,0.0,0.0,0.0,14.99232625,0.00180559,-0.00086647,0.0,0.0,0.00260627,-0.00302461,0.05079752,0.0,0.0,0.0,-0.00767375,0.00180559,-0.00086647
LM_high,small,3,24,216,G3,run88_u0065004.log,0.19817289999999999,58,1393213.07624,0.947542,99.99993198872332,22.01363,1.035474e-05,99.9999529621421,1000000.0,0.0,0.0,-18.0,-8.0,-25.0,0.0,0.0,0.0,25.0,0.0,0.0,0.0,0.0,-18.00100596,-8.01196629,-24.82781672,0.0,0.0,0.0,24.99166326,0.00116877,0.00351186,0.0,0.0,-0.00100596,-0.01196629,0.17218328,0.0,0.0,0.0,-0.00833674,0.00116877,0.00351186
LM_high,small,3,24,216,G4,run89_u0065027.log,0.049821590000000006,60,124228.219533,0.673645,99.99945773592947,7.525712,3.608572e-06,99.99995205009174,1000000.0,0.0,0.0,-7.0,-2.0,-8.0,0.0,0.0,0.0,3.0,0.0,0.0,0.0,0.0,-6.9993349,-2.00254636,-7.96777351,0.0,0.0,0.0,3.01275182,0.00039592,0.0012359,0.0,0.0,0.0006651,-0.00254636,0.03222649,0.0,0.0,0.0,0.01275182,0.00039592,0.0012359
LM_high,small,3,36,324,G0,run95_u0065085.log,0.10182925,59,385273.786558,1.17936,99.99969389041219,10.2214,5.413182e-06,99.99994704069891,1000000.0,0.0,0.0,-10.0,5.0,-19.0,0.0,0.0,0.0,10.0,0.0,0.0,0.0,0.0,-9.99985297,4.99447537,-18.91545595,0.0,0.0,0.0,9.99148131,-0.00175297,0.00134188,0.0,0.0,0.00014703,-0.00552463,0.08454405,0.0,0.0,0.0,-0.00851869,-0.00175297,0.00134188
LM_high,small,3,36,324,G1,run96_u0065092.log,0.03832656,52,311644.975745,0.58498,99.99981229281859,8.1191,2.829673e-06,99.99996514794742,1000000.0,0.0,0.0,-6.0,-6.0,-12.0,0.0,0.0,0.0,5.0,0.0,0.0,0.0,0.0,-6.00089778,-6.00094592,-11.96609113,0.0,0.0,0.0,5.00173072,0.00081893,2.434e-05,0.0,0.0,-0.00089778,-0.00094592,0.03390887,0.0,0.0,0.0,0.00173072,0.00081893,2.434e-05
LM_high,small,3,36,324,G2,run97_u0065007.log,0.05537883,57,1610199.716703,0.606415,99.99996233914379,17.80939,1.837418e-06,99.99998968286954,1000000.0,0.0,0.0,-15.0,-12.0,-22.0,0.0,0.0,0.0,15.0,0.0,0.0,0.0,0.0,-14.9977714,-12.00240345,-21.95547746,0.0,0.0,0.0,14.99446011,-0.00017391,-0.00051044,0.0,0.0,0.0022286,-0.00240345,0.04452254,0.0,0.0,0.0,-0.00553989,-0.00017391,-0.00051044
LM_high,small,3,36,324,G3,run98_u0065031.log,0.215224,53,2089627.862948,1.310651,99.99993727825786,22.16051,4.613859e-06,99.99997917981581,1000000.0,0.0,0.0,-18.0,-8.0,-25.0,0.0,0.0,0.0,25.0,0.0,0.0,0.0,0.0,-18.00153859,-8.01434742,-24.8059208,0.0,0.0,0.0,24.9962654,0.00041064,0.00111355,0.0,0.0,-0.00153859,-0.01434742,0.1940792,0.0,0.0,0.0,-0.0037346,0.00041064,0.00111355
LM_high,small,3,36,324,G4,run99_u0065047.log,0.029369620000000003,60,186420.137695,0.886989,99.99952419893529,7.26794,1.709077e-06,99.9999764847123,1000000.0,0.0,0.0,-7.0,-2.0,-8.0,0.0,0.0,0.0,3.0,0.0,0.0,0.0,0.0,-7.00087525,-1.99818127,-8.01425268,0.0,0.0,0.0,2.98822794,-6.825e-05,0.00058265,0.0,0.0,-0.00087525,0.00181873,-0.01425268,0.0,0.0,0.0,-0.01177206,-6.825e-05,0.00058265
LM_high,small,3,60,540,G0,run105_u0065004.log,0.07743121,57,642139.596306,2.086242,99.99967511083074,11.09705,5.495365e-06,99.99995047904622,1000000.0,0.0,0.0,-10.0,5.0,-19.0,0.0,0.0,0.0,10.0,0.0,0.0,0.0,0.0,-10.00118514,4.99791986,-18.95214486,0.0,0.0,0.0,10.02484295,0.00142179,-4.605e-05,0.0,0.0,-0.00118514,-0.00208014,0.04785514,0.0,0.0,0.0,0.02484295,0.00142179,-4.605e-05
LM_high,small,3,60,540,G1,run106_u0065027.log,0.10369701,51,519466.503281,1.217929,99.99976554234155,8.673332,4.913832e-06,99.9999433455101,1000000.0,0.0,0.0,-6.0,-6.0,-12.0,0.0,0.0,0.0,5.0,0.0,0.0,0.0,0.0,-6.00281757,-6.00447315,-11.90538157,0.0,0.0,0.0,4.99926073,0.00048528,0.00056331,0.0,0.0,-0.00281757,-0.00447315,0.09461843,0.0,0.0,0.0,-0.00073927,0.00048528,0.00056331
LM_high,small,3,60,540,G2,run107_u0065037.log,0.06940257,59,2683667.259836,1.065871,99.99996028304196,18.04619,3.623609e-06,99.99997992036546,1000000.0,0.0,0.0,-15.0,-12.0,-22.0,0.0,0.0,0.0,15.0,0.0,0.0,0.0,0.0,-14.99839631,-12.00248197,-21.94941946,0.0,0.0,0.0,14.98599139,-0.00060609,-0.00012167,0.0,0.0,0.00160369,-0.00248197,0.05058054,0.0,0.0,0.0,-0.01400861,-0.00060609,-0.00012167
LM_high,small,3,60,540,G3,run108_u0065078.log,0.11105879,64,3482939.510366,2.080802,99.99994025730295,22.77937,4.234485e-06,99.99998141087747,1000000.0,0.0,0.0,-18.0,-8.0,-25.0,0.0,0.0,0.0,25.0,0.0,0.0,0.0,0.0,-18.00108752,-8.00749514,-24.9016425,0.0,0.0,0.0,24.9967896,-0.00038408,0.00052415,0.0,0.0,-0.00108752,-0.00749514,0.0983575,0.0,0.0,0.0,-0.0032104,-0.00038408,0.00052415
LM_high,small,3,60,540,G4,run109_u0065040.log,0.08846384,70,310607.718838,1.40207,99.99954860426352,6.231081,3.923883e-06,99.99993702725098,1000000.0,0.0,0.0,-7.0,-2.0,-8.0,0.0,0.0,0.0,3.0,0.0,0.0,0.0,0.0,-7.00054086,-1.99732083,-8.07589011,0.0,0.0,0.0,2.9923821,-0.00124347,-0.00049233,0.0,0.0,-0.00054086,0.00267917,-0.07589011,0.0,0.0,0.0,-0.0076179,-0.00124347,-0.00049233
LM_high,small,3,90,810,G0,run115_u0065031.log,0.06275568,61,963275.474011,2.958849,99.99969283459613,11.35717,8.277103e-06,99.999927120022,1000000.0,0.0,0.0,-10.0,5.0,-19.0,0.0,0.0,0.0,10.0,0.0,0.0,0.0,0.0,-10.00062236,4.99762138,-18.95755656,0.0,0.0,0.0,10.01607457,0.00076207,0.00047462,0.0,0.0,-0.00062236,-0.00237862,0.04244344,0.0,0.0,0.0,0.01607457,0.00076207,0.00047462
LM_high,small,3,90,810,G1,run116_u0065047.log,0.01454414,67,779092.284373,1.62703,99.99979116337914,7.360856,2.940947e-06,99.9999600461278,1000000.0,0.0,0.0,-6.0,-6.0,-12.0,0.0,0.0,0.0,5.0,0.0,0.0,0.0,0.0,-6.00042398,-6.00064059,-11.98765911,0.0,0.0,0.0,5.00030448,-0.00035887,-0.00047533,0.0,0.0,-0.00042398,-0.00064059,0.01234089,0.0,0.0,0.0,0.00030448,-0.00035887,-0.00047533
LM_high,small,3,90,810,G2,run117_u0065035.log,0.03285473,63,4025637.132287,1.51981,99.99996224672145,16.70718,3.462658e-06,99.99997927443171,1000000.0,0.0,0.0,-15.0,-12.0,-22.0,0.0,0.0,0.0,15.0,0.0,0.0,0.0,0.0,-14.99917266,-12.00191166,-21.97224994,0.0,0.0,0.0,14.99871726,0.00043077,-0.00065216,0.0,0.0,0.00082734,-0.00191166,0.02775006,0.0,0.0,0.0,-0.00128274,0.00043077,-0.00065216
LM_high,small,3,90,810,G3,run118_u0065028.log,0.15509678999999998,65,5224030.097388,3.203307,99.99993868130657,23.52773,3.413532e-06,99.999985491452,1000000.0,0.0,0.0,-18.0,-8.0,-25.0,0.0,0.0,0.0,25.0,0.0,0.0,0.0,0.0,-18.00027808,-8.01058079,-24.87011973,0.0,0.0,0.0,25.01329736,0.0002743,0.00078599,0.0,0.0,-0.00027808,-0.01058079,0.12988027,0.0,0.0,0.0,0.01329736,0.0002743,0.00078599
LM_high,small,3,90,810,G4,run119_u0065034.log,0.0278204,54,465870.634263,2.642514,99.9994327794444,6.483905,3.431813e-06,99.99994707181861,1000000.0,0.0,0.0,-7.0,-2.0,-8.0,0.0,0.0,0.0,3.0,0.0,0.0,0.0,0.0,-7.00014672,-1.99801479,-8.01105534,0.0,0.0,0.0,2.98770489,-0.0011623,0.00117572,0.0,0.0,-0.00014672,0.00198521,-0.01105534,0.0,0.0,0.0,-0.01229511,-0.0011623,0.00117572
LM_high,small,3,180,1620,G0,run125_u0065037.log,0.07623684,65,1926358.979973,6.005369,99.99968825286136,10.64269,9.889685e-06,99.99990707532588,1000000.0,0.0,0.0,-10.0,5.0,-19.0,0.0,0.0,0.0,10.0,0.0,0.0,0.0,0.0,-9.99974069,4.99672677,-18.94222202,0.0,0.0,0.0,10.01456312,0.00012012,-0.00024308,0.0,0.0,0.00025931,-0.00327323,0.05777798,0.0,0.0,0.0,0.01456312,0.00012012,-0.00024308
LM_high,small,3,180,1620,G1,run126_u0065078.log,0.013507449999999999,62,1558234.813149,3.213659,99.99979376285444,7.499978,3.090764e-06,99.99995878969244,1000000.0,0.0,0.0,-6.0,-6.0,-12.0,0.0,0.0,0.0,5.0,0.0,0.0,0.0,0.0,-5.99978205,-5.99904996,-12.011045,0.0,0.0,0.0,4.99889602,0.00015519,-3.529e-05,0.0,0.0,0.00021795,0.00095004,-0.011045,0.0,0.0,0.0,-0.00110398,0.00015519,-3.529e-05
LM_high,small,3,180,1620,G2,run127_u0065040.log,0.04826789,68,8051198.786123,3.390321,99.99995789048204,16.60863,3.665834e-06,99.99997792813735,1000000.0,0.0,0.0,-15.0,-12.0,-22.0,0.0,0.0,0.0,15.0,0.0,0.0,0.0,0.0,-14.99898286,-12.00233831,-21.96337761,0.0,0.0,0.0,14.99266701,-0.00025786,-0.0006992,0.0,0.0,0.00101714,-0.00233831,0.03662239,0.0,0.0,0.0,-0.00733299,-0.00025786,-0.0006992
LM_high,small,3,180,1620,G3,run128_u0065022.log,0.10625576,67,10447864.936499,6.004968,99.99994252444841,21.82357,5.64342e-06,99.99997414071116,1000000.0,0.0,0.0,-18.0,-8.0,-25.0,0.0,0.0,0.0,25.0,0.0,0.0,0.0,0.0,-18.00080497,-8.00748352,-24.90304943,0.0,0.0,0.0,24.9996968,3.131e-05,0.00068219,0.0,0.0,-0.00080497,-0.00748352,0.09695057,0.0,0.0,0.0,-0.0003032,3.131e-05,0.00068219
LM_high,small,3,180,1620,G4,run129_u0065064.log,0.04952429,56,931710.824932,4.808696,99.99948388535678,5.796022,1.000778e-05,99.99982733364367,1000000.0,0.0,0.0,-7.0,-2.0,-8.0,0.0,0.0,0.0,3.0,0.0,0.0,0.0,0.0,-6.99986058,-1.99756655,-8.03717896,0.0,0.0,0.0,2.99147329,-0.00112549,-0.00012026,0.0,0.0,0.00013942,0.00243345,-0.03717896,0.0,0.0,0.0,-0.00852671,-0.00112549,-0.00012026
LM_high,small,3,360,3240,G0,run135_u0065053.log,0.07292546,66,3852601.59799,12.532856,99.99967469109689,10.16795,9.7601e-06,99.99990401113303,1000000.0,0.0,0.0,-10.0,5.0,-19.0,0.0,0.0,0.0,10.0,0.0,0.0,0.0,0.0,-9.99949735,4.99710516,-18.94784899,0.0,0.0,0.0,10.01687368,0.00049065,-1.263e-05,0.0,0.0,0.00050265,-0.00289484,0.05215101,0.0,0.0,0.0,0.01687368,0.00049065,-1.263e-05
LM_high,small,3,360,3240,G1,run136_u0065028.log,0.01179202,64,3116577.519999,6.802143,99.99978174317961,7.475943,6.226946e-06,99.99991670688233,1000000.0,0.0,0.0,-6.0,-6.0,-12.0,0.0,0.0,0.0,5.0,0.0,0.0,0.0,0.0,-5.99996757,-5.99902986,-12.00860637,0.0,0.0,0.0,5.00176583,0.00013852,0.00027873,0.0,0.0,3.243e-05,0.00097014,-0.00860637,0.0,0.0,0.0,0.00176583,0.00013852,0.00027873
LM_high,small,3,360,3240,G2,run137_u0065035.log,0.0245677,62,16102620.889768,7.101433,99.99995589889964,17.22806,7.526463e-06,99.99995631276533,1000000.0,0.0,0.0,-15.0,-12.0,-22.0,0.0,0.0,0.0,15.0,0.0,0.0,0.0,0.0,-14.99940594,-12.00131862,-21.98189868,0.0,0.0,0.0,14.99634409,-0.00052967,-0.00036812,0.0,0.0,0.00059406,-0.00131862,0.01810132,0.0,0.0,0.0,-0.00365591,-0.00052967,-0.00036812
LM_high,small,3,360,3240,G3,run138_u0065034.log,0.10878799,49,20895107.539409,12.153045,99.99994183784422,20.8131,0.001580094,99.99240817562016,0.01562,0.0,0.0,-18.0,-8.0,-25.0,0.0,0.0,0.0,25.0,0.0,0.0,0.0,0.0,-18.00063802,-8.00738365,-24.90478479,0.0,0.0,0.0,25.00449471,0.00016446,0.00089194,0.0,0.0,-0.00063802,-0.00738365,0.09521521,0.0,0.0,0.0,0.00449471,0.00016446,0.00089194
LM_high,small,3,360,3240,G4,run139_u0065004.log,0.04560716,53,1863514.987812,10.111435,99.99945739985638,5.661673,7.684608e-06,99.99986426966022,1000000.0,0.0,0.0,-7.0,-2.0,-8.0,0.0,0.0,0.0,3.0,0.0,0.0,0.0,0.0,-7.00017024,-1.99748707,-8.03685731,0.0,0.0,0.0,2.99536367,-0.00075701,-0.00067334,0.0,0.0,-0.00017024,0.00251293,-0.03685731,0.0,0.0,0.0,-0.00463633,-0.00075701,-0.00067334
