Phantom already exists, skipping: cuboid_phantom_3_small.npy

################################################################################
Running cuboid=small scenario=G4 N_ANGLES=60, K=3
view   0 | SOD= 568.374 mm | SDD= 691.050 mm | M= 1.216 | incident=3.1588°
[[  24.733675   -567.4833      -20.        ]
 [   3.6013086   122.35616      15.        ]
 [   0.14939497    0.00782946    0.        ]
 [   0.            0.            0.1496    ]]
           image          x1          y1  area1          x2          y2  area2          x3          y3  area3
0   proj_000.png  472.589641  170.187251    753  364.600840  305.568627    714  472.692513  450.421123    748
1   proj_001.png  465.212682  170.294584    757  371.922535  305.449296    710  465.179657  450.856011    757
2   proj_002.png  457.230871  170.284960    758  379.673239  305.300000    710  457.253595  451.066667    765
3   proj_003.png  448.879106  170.311432    761  387.842917  305.199158    713  448.877792  451.346912    761
4   proj_004.png  440.087582  170.343791    765  396.378187  305.096317    706  440.097240  451.492773    761
5   proj_005.png  431.071895  170.305882    765  405.097458  305.000000    708  431.062827  451.671466    764
6   proj_006.png  421.964520  170.340342    761  413.842330  304.936080    704  421.980315  451.704724    762
7   proj_007.png  412.836173  170.300131    763  422.676596  304.937589    705  412.826999  451.722149    763
8   proj_008.png  403.735874  170.293035    761  431.531161  305.024079    706  403.720685  451.670619    759
9   proj_009.png  394.686430  170.287220    759  440.250354  305.084866    707  394.686763  451.532110    763
10  proj_010.png  385.916121  170.325033    763  448.652602  305.255977    711  385.922876  451.282353    765
11  proj_011.png  377.585621  170.207843    765  456.721910  305.359551    712  377.560367  451.035433    762
12  proj_012.png  369.721268  170.248349    757  464.556962  305.436006    711  369.722955  450.779683    758
13  proj_013.png  362.336424  170.211921    755  471.713483  305.633427    712  362.276821  450.339073    755
14  proj_014.png  355.672414  170.188329    754  478.448808  305.762973    713  355.642762  449.976096    753
15  proj_015.png  349.665333  170.152000    750  484.454672  306.189679    717  349.722892  449.499331    747
16  proj_016.png  344.550201  170.105756    747  489.711888  306.341259    715  344.512032  449.018717    748
17  proj_017.png  340.118598  170.076819    742  494.272727  306.588811    715  340.107817  448.522911    742
18  proj_018.png  336.605691  170.028455    738  497.959889  306.893499    723  336.595687  447.989218    742
19  proj_019.png  334.008108  170.018919    740  500.933702  307.232044    724  334.025710  447.387009    739
20  proj_020.png  332.348361  169.974044    732  502.886584  307.539419    723  332.370068  446.726531    735
21  proj_021.png  331.581267  169.892562    726  503.922971  307.845942    727  331.539419  446.232365    723
22  proj_022.png  331.737796  169.799163    717  504.100829  308.226519    724  331.757660  445.628134    718
23  proj_023.png  332.979079  169.820084    717  503.309392  308.500000    724  332.970793  445.016690    719
24  proj_024.png  335.081346  169.716690    713  501.473901  308.699176    728  335.108298  444.465541    711
25  proj_025.png  338.020921  169.714086    717  498.819293  309.105978    736  338.018131  443.934449    717
26  proj_026.png  341.801953  169.649930    717  495.152497  309.375169    741  341.784916  443.396648    716
27  proj_027.png  346.500000  169.687151    716  490.726783  309.658143    743  346.490141  442.847887    710
28  proj_028.png  351.872011  169.579466    711  485.350598  309.961487    753  351.922535  442.490141    710
29  proj_029.png  357.849719  169.582865    712  479.385126  310.126162    753  357.914804  442.020950    716
30  proj_030.png  364.613668  169.542538    717  472.630174  310.299065    749  364.615063  441.612273    717
31  proj_031.png  371.915374  169.520451    709  465.165125  310.598415    757  371.869748  441.368347    714
32  proj_032.png  379.632022  169.500000    712  457.226316  310.753947    760  379.651685  441.123596    712
33  proj_033.png  387.758427  169.500000    712  448.882507  310.860313    766  387.747887  440.767606    710
34  proj_034.png  396.309958  169.451613    713  440.167539  310.945026    764  396.359833  440.626220    717
35  proj_035.png  405.062589  169.492176    703  431.146597  310.986911    764  405.107649  440.521246    706
36  proj_036.png  413.852691  169.471671    706  421.917323  311.043307    762  413.854520  440.481638    708
37  proj_037.png  422.739069  169.438646    709  412.820210  311.028871    762  422.722300  440.460028    713
38  proj_038.png  431.528169  169.471831    710  403.595550  311.001309    764  431.537167  440.546985    713
39  proj_039.png  440.251052  169.496494    713  394.631717  310.975098    763  440.255259  440.638149    713
40  proj_040.png  448.709497  169.500000    716  385.889764  310.821522    762  448.588732  440.811268    710
41  proj_041.png  456.746835  169.517581    711  377.581913  310.764089    763  456.724476  441.173427    715
42  proj_042.png  464.517581  169.549930    711  369.785904  310.539894    752  464.520451  441.456982    709
43  proj_043.png  471.719888  169.567227    714  362.332891  310.232095    754  471.685835  441.690042    713
44  proj_044.png  478.442737  169.557263    716  355.648541  310.068966    754  478.437762  442.197203    715
45  proj_045.png  484.474930  169.625348    718  349.664000  309.888000    750  484.446453  442.543811    719
46  proj_046.png  489.698324  169.642458    716  344.539295  309.581301    738  489.683773  443.056865    721
47  proj_047.png  494.257343  169.651748    715  340.088829  309.277254    743  494.294282  443.555091    717
48  proj_048.png  498.002755  169.691460    726  336.574324  309.021622    740  498.042759  444.064828    725
49  proj_049.png  500.933702  169.767956    724  334.005435  308.705163    736  500.903448  444.612414    725
50  proj_050.png  502.893793  169.787586    725  332.431129  308.431129    726  502.924347  445.237964    727
51  proj_051.png  503.937845  169.915746    724  331.561983  308.096419    726  503.932692  445.759615    728
52  proj_052.png  504.135802  169.939643    729  331.773925  307.718447    721  504.120166  446.343923    724
53  proj_053.png  503.235294  170.000000    731  332.894663  307.469101    712  503.242134  446.958960    731
54  proj_054.png  501.449655  170.016552    725  335.066011  307.151685    712  501.454047  447.519890    729
55  proj_055.png  498.821769  170.126531    735  338.027701  306.801939    722  498.797297  448.062162    740
56  proj_056.png  495.110363  170.096904    743  341.825419  306.530726    716  495.086022  448.584677    744
57  proj_057.png  490.721180  170.143432    746  346.518934  306.270687    713  490.675134  449.110963    748
58  proj_058.png  485.318182  170.200535    748  351.929972  306.039216    714  485.340027  449.686747    747
59  proj_059.png  479.354111  170.205570    754  357.891061  305.787709    716  479.382781  450.054305    755

============================================================
Iteration 0
============================================================
Theta offsets (Unity frame):
  Source   : dSx=   0.000, dSy=   0.000, dSz=   0.000  (mm)
  Object   : dOx=   0.000, dOy=   0.000, dOz=   0.000  (mm)
  Object offset: offset_x=   0.000, offset_z=   0.000  (mm)
  Detector : dDx=   0.000, dDy=   0.000, dDz=   0.000  (mm)
  Obj Stage rotY :    0.000 deg
============================================================

Unity geometry (world coordinates):
  Source   : x=  -5.000, y=  38.000, z=   0.000
  Object   : x=   7.000, y=  20.000, z= 576.000
  Detector : x=  10.000, y=   3.000, z= 690.000
  Obj rotY :   0.0000 deg
view   0 | SOD= 576.406 mm | SDD= 691.050 mm | M= 1.199 | incident=3.1588°
[[ -12.     -576.      -18.    ]
 [   3.      114.       17.    ]
 [   0.1496    0.        0.    ]
 [   0.        0.        0.1496]]
Residual vector length: 540, Jacobian shape: (540, 6)
view   0 | SOD= 579.468 mm | SDD= 691.050 mm | M= 1.193 | incident=3.1588°
[[   3.6126676  -579.1125      -19.973766  ]
 [   6.0314746   111.04632      15.026234  ]
 [   0.14957514    0.00272721    0.        ]
 [   0.            0.            0.1496    ]]

iter 00 cost=310607.718838 -> 28138.324978 |dtheta|=6.231081e+00  lambda=1.000e+00

============================================================
Iteration 1
============================================================
Theta offsets (Unity frame):
  Source   : dSx=   0.000, dSy=   0.000, dSz=   0.000  (mm)
  Object   : dOx=  -4.851, dOy=  -1.974, dOz=   3.202  (mm)
  Object offset: offset_x=  -0.204, offset_z=  -0.120  (mm)
  Detector : dDx=   0.000, dDy=   0.000, dDz=   0.000  (mm)
  Obj Stage rotY :    1.045 deg
============================================================

Unity geometry (world coordinates):
  Source   : x=  -5.000, y=  38.000, z=   0.000
  Object   : x=   2.149, y=  18.026, z= 579.202
  Detector : x=  10.000, y=   3.000, z= 690.000
  Obj rotY :   0.0000 deg
view   0 | SOD= 579.468 mm | SDD= 691.050 mm | M= 1.193 | incident=3.1588°
[[   3.6126676  -579.1125      -19.973766  ]
 [   6.0314746   111.04632      15.026234  ]
 [   0.14957514    0.00272721    0.        ]
 [   0.            0.            0.1496    ]]
Residual vector length: 540, Jacobian shape: (540, 6)
view   0 | SOD= 578.864 mm | SDD= 691.050 mm | M= 1.194 | incident=3.1588°
[[  13.973002   -578.343       -20.194096  ]
 [   5.7012305   111.77041      14.805904  ]
 [   0.14951494    0.00504374    0.        ]
 [   0.            0.            0.1496    ]]

iter 01 cost=28138.324978 -> 3632.169640 |dtheta|=1.955176e+00  lambda=3.333e-01

============================================================
Iteration 2
============================================================
Theta offsets (Unity frame):
  Source   : dSx=   0.000, dSy=   0.000, dSz=   0.000  (mm)
  Object   : dOx=  -6.429, dOy=  -2.194, dOz=   2.522  (mm)
  Object offset: offset_x=  -0.038, offset_z=  -0.037  (mm)
  Detector : dDx=   0.000, dDy=   0.000, dDz=   0.000  (mm)
  Obj Stage rotY :    1.932 deg
============================================================

Unity geometry (world coordinates):
  Source   : x=  -5.000, y=  38.000, z=   0.000
  Object   : x=   0.571, y=  17.806, z= 578.522
  Detector : x=  10.000, y=   3.000, z= 690.000
  Obj rotY :   0.0000 deg
view   0 | SOD= 578.864 mm | SDD= 691.050 mm | M= 1.194 | incident=3.1588°
[[  13.973002   -578.343       -20.194096  ]
 [   5.7012305   111.77041      14.805904  ]
 [   0.14951494    0.00504374    0.        ]
 [   0.            0.            0.1496    ]]
Residual vector length: 540, Jacobian shape: (540, 6)
view   0 | SOD= 576.675 mm | SDD= 691.050 mm | M= 1.198 | incident=3.1588°
[[  20.460724   -575.9582      -20.190752  ]
 [   4.817377    114.02753      14.809248  ]
 [   0.14945254    0.00664063    0.        ]
 [   0.            0.            0.1496    ]]

iter 02 cost=3632.169640 -> 1314.269518 |dtheta|=2.362986e+00  lambda=1.111e-01

============================================================
Iteration 3
============================================================
Theta offsets (Unity frame):
  Source   : dSx=   0.000, dSy=   0.000, dSz=   0.000  (mm)
  Object   : dOx=  -6.865, dOy=  -2.191, dOz=   0.283  (mm)
  Object offset: offset_x=  -0.010, offset_z=   0.016  (mm)
  Detector : dDx=   0.000, dDy=   0.000, dDz=   0.000  (mm)
  Obj Stage rotY :    2.544 deg
============================================================

Unity geometry (world coordinates):
  Source   : x=  -5.000, y=  38.000, z=   0.000
  Object   : x=   0.135, y=  17.809, z= 576.283
  Detector : x=  10.000, y=   3.000, z= 690.000
  Obj rotY :   0.0000 deg
view   0 | SOD= 576.675 mm | SDD= 691.050 mm | M= 1.198 | incident=3.1588°
[[  20.460724   -575.9582      -20.190752  ]
 [   4.817377    114.02753      14.809248  ]
 [   0.14945254    0.00664063    0.        ]
 [   0.            0.            0.1496    ]]
Residual vector length: 540, Jacobian shape: (540, 6)
view   0 | SOD= 575.135 mm | SDD= 691.050 mm | M= 1.202 | incident=3.1588°
[[  23.05513    -574.3186      -20.185137  ]
 [   4.2704153   115.588745     14.814863  ]
 [   0.14942075    0.00732102    0.        ]
 [   0.            0.            0.1496    ]]

iter 03 cost=1314.269518 -> 823.114694 |dtheta|=1.579392e+00  lambda=3.704e-02

============================================================
Iteration 4
============================================================
Theta offsets (Unity frame):
  Source   : dSx=   0.000, dSy=   0.000, dSz=   0.000  (mm)
  Object   : dOx=  -6.913, dOy=  -2.185, dOz=  -1.274  (mm)
  Object offset: offset_x=  -0.009, offset_z=   0.033  (mm)
  Detector : dDx=   0.000, dDy=   0.000, dDz=   0.000  (mm)
  Obj Stage rotY :    2.805 deg
============================================================

Unity geometry (world coordinates):
  Source   : x=  -5.000, y=  38.000, z=   0.000
  Object   : x=   0.087, y=  17.815, z= 574.726
  Detector : x=  10.000, y=   3.000, z= 690.000
  Obj rotY :   0.0000 deg
view   0 | SOD= 575.135 mm | SDD= 691.050 mm | M= 1.202 | incident=3.1588°
[[  23.05513    -574.3186      -20.185137  ]
 [   4.2704153   115.588745     14.814863  ]
 [   0.14942075    0.00732102    0.        ]
 [   0.            0.            0.1496    ]]
Residual vector length: 540, Jacobian shape: (540, 6)
view   0 | SOD= 573.787 mm | SDD= 691.050 mm | M= 1.204 | incident=3.1588°
[[  24.05532    -572.9266      -20.192913  ]
 [   3.993665    116.94479      14.807087  ]
 [   0.14940695    0.00759758    0.        ]
 [   0.            0.            0.1496    ]]

iter 04 cost=823.114694 -> 518.995332 |dtheta|=1.332000e+00  lambda=1.235e-02

============================================================
Iteration 5
============================================================
Theta offsets (Unity frame):
  Source   : dSx=   0.000, dSy=   0.000, dSz=   0.000  (mm)
  Object   : dOx=  -6.943, dOy=  -2.193, dOz=  -2.601  (mm)
  Object offset: offset_x=   0.015, offset_z=   0.010  (mm)
  Detector : dDx=   0.000, dDy=   0.000, dDz=   0.000  (mm)
  Obj Stage rotY :    2.911 deg
============================================================

Unity geometry (world coordinates):
  Source   : x=  -5.000, y=  38.000, z=   0.000
  Object   : x=   0.057, y=  17.807, z= 573.399
  Detector : x=  10.000, y=   3.000, z= 690.000
  Obj rotY :   0.0000 deg
view   0 | SOD= 573.787 mm | SDD= 691.050 mm | M= 1.204 | incident=3.1588°
[[  24.05532    -572.9266      -20.192913  ]
 [   3.993665    116.94479      14.807087  ]
 [   0.14940695    0.00759758    0.        ]
 [   0.            0.            0.1496    ]]
Residual vector length: 540, Jacobian shape: (540, 6)
view   0 | SOD= 572.876 mm | SDD= 691.050 mm | M= 1.206 | incident=3.1588°
[[  23.630367   -572.03375     -20.134333  ]
 [   4.035177    117.85106      14.865667  ]
 [   0.14941205    0.00749655    0.        ]
 [   0.            0.            0.1496    ]]

iter 05 cost=518.995332 -> 366.937636 |dtheta|=9.166842e-01  lambda=4.115e-03

============================================================
Iteration 6
============================================================
Theta offsets (Unity frame):
  Source   : dSx=   0.000, dSy=   0.000, dSz=   0.000  (mm)
  Object   : dOx=  -6.964, dOy=  -2.134, dOz=  -3.515  (mm)
  Object offset: offset_x=   0.029, offset_z=   0.014  (mm)
  Detector : dDx=   0.000, dDy=   0.000, dDz=   0.000  (mm)
  Obj Stage rotY :    2.872 deg
============================================================

Unity geometry (world coordinates):
  Source   : x=  -5.000, y=  38.000, z=   0.000
  Object   : x=   0.036, y=  17.866, z= 572.485
  Detector : x=  10.000, y=   3.000, z= 690.000
  Obj rotY :   0.0000 deg
view   0 | SOD= 572.876 mm | SDD= 691.050 mm | M= 1.206 | incident=3.1588°
[[  23.630367   -572.03375     -20.134333  ]
 [   4.035177    117.85106      14.865667  ]
 [   0.14941205    0.00749655    0.        ]
 [   0.            0.            0.1496    ]]
Residual vector length: 540, Jacobian shape: (540, 6)
view   0 | SOD= 571.970 mm | SDD= 691.050 mm | M= 1.208 | incident=3.1588°
[[  23.526426   -571.131       -20.129581  ]
 [   4.0299244   118.75664      14.870419  ]
 [   0.14941312    0.00747518    0.        ]
 [   0.            0.            0.1496    ]]

iter 06 cost=366.937636 -> 236.886020 |dtheta|=9.165555e-01  lambda=1.372e-03

============================================================
Iteration 7
============================================================
Theta offsets (Unity frame):
  Source   : dSx=   0.000, dSy=   0.000, dSz=   0.000  (mm)
  Object   : dOx=  -6.966, dOy=  -2.130, dOz=  -4.431  (mm)
  Object offset: offset_x=   0.007, offset_z=   0.024  (mm)
  Detector : dDx=   0.000, dDy=   0.000, dDz=   0.000  (mm)
  Obj Stage rotY :    2.864 deg
============================================================

Unity geometry (world coordinates):
  Source   : x=  -5.000, y=  38.000, z=   0.000
  Object   : x=   0.034, y=  17.870, z= 571.569
  Detector : x=  10.000, y=   3.000, z= 690.000
  Obj rotY :   0.0000 deg
view   0 | SOD= 571.970 mm | SDD= 691.050 mm | M= 1.208 | incident=3.1588°
[[  23.526426   -571.131       -20.129581  ]
 [   4.0299244   118.75664      14.870419  ]
 [   0.14941312    0.00747518    0.        ]
 [   0.            0.            0.1496    ]]
Residual vector length: 540, Jacobian shape: (540, 6)
view   0 | SOD= 571.373 mm | SDD= 691.050 mm | M= 1.209 | incident=3.1588°
[[  24.266956   -570.5031      -20.099089  ]
 [   3.834319    119.35738      14.900911  ]
 [   0.14940284    0.00767792    0.        ]
 [   0.            0.            0.1496    ]]

iter 07 cost=236.886020 -> 167.864254 |dtheta|=5.833238e-01  lambda=4.572e-04

============================================================
Iteration 8
============================================================
Theta offsets (Unity frame):
  Source   : dSx=   0.000, dSy=   0.000, dSz=   0.000  (mm)
  Object   : dOx=  -6.971, dOy=  -2.099, dOz=  -5.008  (mm)
  Object offset: offset_x=   0.016, offset_z=   0.005  (mm)
  Detector : dDx=   0.000, dDy=   0.000, dDz=   0.000  (mm)
  Obj Stage rotY :    2.942 deg
============================================================

Unity geometry (world coordinates):
  Source   : x=  -5.000, y=  38.000, z=   0.000
  Object   : x=   0.029, y=  17.901, z= 570.992
  Detector : x=  10.000, y=   3.000, z= 690.000
  Obj rotY :   0.0000 deg
view   0 | SOD= 571.373 mm | SDD= 691.050 mm | M= 1.209 | incident=3.1588°
[[  24.266956   -570.5031      -20.099089  ]
 [   3.834319    119.35738      14.900911  ]
 [   0.14940284    0.00767792    0.        ]
 [   0.            0.            0.1496    ]]
Residual vector length: 540, Jacobian shape: (540, 6)
view   0 | SOD= 570.875 mm | SDD= 691.050 mm | M= 1.211 | incident=3.1588°
[[  25.043394   -569.97156     -20.081577  ]
 [   3.659791    119.8601       14.918423  ]
 [   0.14939211    0.00788387    0.        ]
 [   0.            0.            0.1496    ]]

iter 08 cost=167.864254 -> 113.223916 |dtheta|=5.180384e-01  lambda=1.524e-04

============================================================
Iteration 9
============================================================
Theta offsets (Unity frame):
  Source   : dSx=   0.000, dSy=   0.000, dSz=   0.000  (mm)
  Object   : dOx=  -6.983, dOy=  -2.082, dOz=  -5.519  (mm)
  Object offset: offset_x=   0.012, offset_z=   0.019  (mm)
  Detector : dDx=   0.000, dDy=   0.000, dDz=   0.000  (mm)
  Obj Stage rotY :    3.021 deg
============================================================

Unity geometry (world coordinates):
  Source   : x=  -5.000, y=  38.000, z=   0.000
  Object   : x=   0.017, y=  17.918, z= 570.481
  Detector : x=  10.000, y=   3.000, z= 690.000
  Obj rotY :   0.0000 deg
view   0 | SOD= 570.875 mm | SDD= 691.050 mm | M= 1.211 | incident=3.1588°
[[  25.043394   -569.97156     -20.081577  ]
 [   3.659791    119.8601       14.918423  ]
 [   0.14939211    0.00788387    0.        ]
 [   0.            0.            0.1496    ]]
Residual vector length: 540, Jacobian shape: (540, 6)
view   0 | SOD= 570.569 mm | SDD= 691.050 mm | M= 1.211 | incident=3.1588°
[[  24.929277   -569.6701      -20.085205  ]
 [   3.6842277   120.16583      14.914795  ]
 [   0.1493937     0.00785386    0.        ]
 [   0.            0.            0.1496    ]]

iter 09 cost=113.223916 -> 89.048346 |dtheta|=3.037066e-01  lambda=5.081e-05

============================================================
Iteration 10
============================================================
Theta offsets (Unity frame):
  Source   : dSx=   0.000, dSy=   0.000, dSz=   0.000  (mm)
  Object   : dOx=  -6.990, dOy=  -2.085, dOz=  -5.823  (mm)
  Object offset: offset_x=   0.002, offset_z=   0.016  (mm)
  Detector : dDx=   0.000, dDy=   0.000, dDz=   0.000  (mm)
  Obj Stage rotY :    3.009 deg
============================================================

Unity geometry (world coordinates):
  Source   : x=  -5.000, y=  38.000, z=   0.000
  Object   : x=   0.010, y=  17.915, z= 570.177
  Detector : x=  10.000, y=   3.000, z= 690.000
  Obj rotY :   0.0000 deg
view   0 | SOD= 570.569 mm | SDD= 691.050 mm | M= 1.211 | incident=3.1588°
[[  24.929277   -569.6701      -20.085205  ]
 [   3.6842277   120.16583      14.914795  ]
 [   0.1493937     0.00785386    0.        ]
 [   0.            0.            0.1496    ]]
Residual vector length: 540, Jacobian shape: (540, 6)
view   0 | SOD= 570.075 mm | SDD= 691.050 mm | M= 1.212 | incident=3.1588°
[[  24.927649   -569.17584     -20.06228   ]
 [   3.6498785   120.65908      14.937719  ]
 [   0.14939332    0.00786095    0.        ]
 [   0.            0.            0.1496    ]]

iter 10 cost=89.048346 -> 53.450317 |dtheta|=4.922469e-01  lambda=1.694e-05

============================================================
Iteration 11
============================================================
Theta offsets (Unity frame):
  Source   : dSx=   0.000, dSy=   0.000, dSz=   0.000  (mm)
  Object   : dOx=  -6.989, dOy=  -2.062, dOz=  -6.314  (mm)
  Object offset: offset_x=   0.004, offset_z=   0.014  (mm)
  Detector : dDx=   0.000, dDy=   0.000, dDz=   0.000  (mm)
  Obj Stage rotY :    3.012 deg
============================================================

Unity geometry (world coordinates):
  Source   : x=  -5.000, y=  38.000, z=   0.000
  Object   : x=   0.011, y=  17.938, z= 569.686
  Detector : x=  10.000, y=   3.000, z= 690.000
  Obj rotY :   0.0000 deg
view   0 | SOD= 570.075 mm | SDD= 691.050 mm | M= 1.212 | incident=3.1588°
[[  24.927649   -569.17584     -20.06228   ]
 [   3.6498785   120.65908      14.937719  ]
 [   0.14939332    0.00786095    0.        ]
 [   0.            0.            0.1496    ]]
Residual vector length: 540, Jacobian shape: (540, 6)
view   0 | SOD= 569.739 mm | SDD= 691.050 mm | M= 1.213 | incident=3.1588°
[[  24.893852   -568.8416      -20.046509  ]
 [   3.6367662   120.994        14.953491  ]
 [   0.14939356    0.00785647    0.        ]
 [   0.            0.            0.1496    ]]

iter 11 cost=53.450317 -> 35.637811 |dtheta|=3.316461e-01  lambda=5.645e-06

============================================================
Iteration 12
============================================================
Theta offsets (Unity frame):
  Source   : dSx=   0.000, dSy=   0.000, dSz=   0.000  (mm)
  Object   : dOx=  -6.993, dOy=  -2.047, dOz=  -6.645  (mm)
  Object offset: offset_x=   0.007, offset_z=   0.009  (mm)
  Detector : dDx=   0.000, dDy=   0.000, dDz=   0.000  (mm)
  Obj Stage rotY :    3.010 deg
============================================================

Unity geometry (world coordinates):
  Source   : x=  -5.000, y=  38.000, z=   0.000
  Object   : x=   0.007, y=  17.953, z= 569.355
  Detector : x=  10.000, y=   3.000, z= 690.000
  Obj rotY :   0.0000 deg
view   0 | SOD= 569.739 mm | SDD= 691.050 mm | M= 1.213 | incident=3.1588°
[[  24.893852   -568.8416      -20.046509  ]
 [   3.6367662   120.994        14.953491  ]
 [   0.14939356    0.00785647    0.        ]
 [   0.            0.            0.1496    ]]
Residual vector length: 540, Jacobian shape: (540, 6)
view   0 | SOD= 569.472 mm | SDD= 691.050 mm | M= 1.213 | incident=3.1588°
[[  24.776176   -568.57935     -20.041605  ]
 [   3.6480122   121.26018      14.958395  ]
 [   0.14939502    0.00782855    0.        ]
 [   0.            0.            0.1496    ]]

iter 12 cost=35.637811 -> 24.361760 |dtheta|=2.635537e-01  lambda=1.882e-06

============================================================
Iteration 13
============================================================
Theta offsets (Unity frame):
  Source   : dSx=   0.000, dSy=   0.000, dSz=   0.000  (mm)
  Object   : dOx=  -6.992, dOy=  -2.042, dOz=  -6.909  (mm)
  Object offset: offset_x=   0.003, offset_z=   0.006  (mm)
  Detector : dDx=   0.000, dDy=   0.000, dDz=   0.000  (mm)
  Obj Stage rotY :    3.000 deg
============================================================

Unity geometry (world coordinates):
  Source   : x=  -5.000, y=  38.000, z=   0.000
  Object   : x=   0.008, y=  17.958, z= 569.091
  Detector : x=  10.000, y=   3.000, z= 690.000
  Obj rotY :   0.0000 deg
view   0 | SOD= 569.472 mm | SDD= 691.050 mm | M= 1.213 | incident=3.1588°
[[  24.776176   -568.57935     -20.041605  ]
 [   3.6480122   121.26018      14.958395  ]
 [   0.14939502    0.00782855    0.        ]
 [   0.            0.            0.1496    ]]
Residual vector length: 540, Jacobian shape: (540, 6)
view   0 | SOD= 569.222 mm | SDD= 691.050 mm | M= 1.214 | incident=3.1588°
[[  24.762585   -568.32996     -20.035233  ]
 [   3.6358573   121.50962      14.964767  ]
 [   0.14939505    0.00782824    0.        ]
 [   0.            0.            0.1496    ]]

iter 13 cost=24.361760 -> 15.902734 |dtheta|=2.440559e-01  lambda=1.000e-06

============================================================
Iteration 14
============================================================
Theta offsets (Unity frame):
  Source   : dSx=   0.000, dSy=   0.000, dSz=   0.000  (mm)
  Object   : dOx=  -6.991, dOy=  -2.035, dOz=  -7.153  (mm)
  Object offset: offset_x=   0.002, offset_z=  -0.000  (mm)
  Detector : dDx=   0.000, dDy=   0.000, dDz=   0.000  (mm)
  Obj Stage rotY :    3.000 deg
============================================================

Unity geometry (world coordinates):
  Source   : x=  -5.000, y=  38.000, z=   0.000
  Object   : x=   0.009, y=  17.965, z= 568.847
  Detector : x=  10.000, y=   3.000, z= 690.000
  Obj rotY :   0.0000 deg
view   0 | SOD= 569.222 mm | SDD= 691.050 mm | M= 1.214 | incident=3.1588°
[[  24.762585   -568.32996     -20.035233  ]
 [   3.6358573   121.50962      14.964767  ]
 [   0.14939505    0.00782824    0.        ]
 [   0.            0.            0.1496    ]]
Residual vector length: 540, Jacobian shape: (540, 6)
view   0 | SOD= 569.016 mm | SDD= 691.050 mm | M= 1.214 | incident=3.1588°
[[  24.837168   -568.1204      -20.026783  ]
 [   3.6073697   121.71602      14.973217  ]
 [   0.14939387    0.00785056    0.        ]
 [   0.            0.            0.1496    ]]

iter 14 cost=15.902734 -> 10.131248 |dtheta|=2.067789e-01  lambda=1.000e-06

============================================================
Iteration 15
============================================================
Theta offsets (Unity frame):
  Source   : dSx=   0.000, dSy=   0.000, dSz=   0.000  (mm)
  Object   : dOx=  -6.992, dOy=  -2.027, dOz=  -7.359  (mm)
  Object offset: offset_x=   0.003, offset_z=   0.000  (mm)
  Detector : dDx=   0.000, dDy=   0.000, dDz=   0.000  (mm)
  Obj Stage rotY :    3.008 deg
============================================================

Unity geometry (world coordinates):
  Source   : x=  -5.000, y=  38.000, z=   0.000
  Object   : x=   0.008, y=  17.973, z= 568.641
  Detector : x=  10.000, y=   3.000, z= 690.000
  Obj rotY :   0.0000 deg
view   0 | SOD= 569.016 mm | SDD= 691.050 mm | M= 1.214 | incident=3.1588°
[[  24.837168   -568.1204      -20.026783  ]
 [   3.6073697   121.71602      14.973217  ]
 [   0.14939387    0.00785056    0.        ]
 [   0.            0.            0.1496    ]]
Residual vector length: 540, Jacobian shape: (540, 6)
view   0 | SOD= 568.915 mm | SDD= 691.050 mm | M= 1.215 | incident=3.1588°
[[  24.833435   -568.0196      -20.021818  ]
 [   3.6004736   121.816734     14.978182  ]
 [   0.14939384    0.00785124    0.        ]
 [   0.            0.            0.1496    ]]

iter 15 cost=10.131248 -> 7.663166 |dtheta|=1.030774e-01  lambda=1.000e-06

============================================================
Iteration 16
============================================================
Theta offsets (Unity frame):
  Source   : dSx=   0.000, dSy=   0.000, dSz=   0.000  (mm)
  Object   : dOx=  -6.995, dOy=  -2.022, dOz=  -7.462  (mm)
  Object offset: offset_x=   0.006, offset_z=   0.002  (mm)
  Detector : dDx=   0.000, dDy=   0.000, dDz=   0.000  (mm)
  Obj Stage rotY :    3.008 deg
============================================================

Unity geometry (world coordinates):
  Source   : x=  -5.000, y=  38.000, z=   0.000
  Object   : x=   0.005, y=  17.978, z= 568.538
  Detector : x=  10.000, y=   3.000, z= 690.000
  Obj rotY :   0.0000 deg
view   0 | SOD= 568.915 mm | SDD= 691.050 mm | M= 1.215 | incident=3.1588°
[[  24.833435   -568.0196      -20.021818  ]
 [   3.6004736   121.816734     14.978182  ]
 [   0.14939384    0.00785124    0.        ]
 [   0.            0.            0.1496    ]]
Residual vector length: 540, Jacobian shape: (540, 6)
view   0 | SOD= 568.804 mm | SDD= 691.050 mm | M= 1.215 | incident=3.1588°
[[  24.886591   -567.9066      -20.018337  ]
 [   3.5851288   121.92761      14.981663  ]
 [   0.14939305    0.00786608    0.        ]
 [   0.            0.            0.1496    ]]

iter 16 cost=7.663166 -> 5.497980 |dtheta|=1.116231e-01  lambda=1.000e-06

============================================================
Iteration 17
============================================================
Theta offsets (Unity frame):
  Source   : dSx=   0.000, dSy=   0.000, dSz=   0.000  (mm)
  Object   : dOx=  -6.996, dOy=  -2.018, dOz=  -7.573  (mm)
  Object offset: offset_x=   0.005, offset_z=   0.003  (mm)
  Detector : dDx=   0.000, dDy=   0.000, dDz=   0.000  (mm)
  Obj Stage rotY :    3.014 deg
============================================================

Unity geometry (world coordinates):
  Source   : x=  -5.000, y=  38.000, z=   0.000
  Object   : x=   0.004, y=  17.982, z= 568.427
  Detector : x=  10.000, y=   3.000, z= 690.000
  Obj rotY :   0.0000 deg
view   0 | SOD= 568.804 mm | SDD= 691.050 mm | M= 1.215 | incident=3.1588°
[[  24.886591   -567.9066      -20.018337  ]
 [   3.5851288   121.92761      14.981663  ]
 [   0.14939305    0.00786608    0.        ]
 [   0.            0.            0.1496    ]]
Residual vector length: 540, Jacobian shape: (540, 6)
view   0 | SOD= 568.705 mm | SDD= 691.050 mm | M= 1.215 | incident=3.1588°
[[  24.864895   -567.80896     -20.012615  ]
 [   3.5850794   122.02594      14.987385  ]
 [   0.1493933     0.00786139    0.        ]
 [   0.            0.            0.1496    ]]

iter 17 cost=5.497980 -> 4.157353 |dtheta|=9.821408e-02  lambda=1.000e-06

============================================================
Iteration 18
============================================================
Theta offsets (Unity frame):
  Source   : dSx=   0.000, dSy=   0.000, dSz=   0.000  (mm)
  Object   : dOx=  -6.997, dOy=  -2.013, dOz=  -7.671  (mm)
  Object offset: offset_x=   0.004, offset_z=   0.002  (mm)
  Detector : dDx=   0.000, dDy=   0.000, dDz=   0.000  (mm)
  Obj Stage rotY :    3.012 deg
============================================================

Unity geometry (world coordinates):
  Source   : x=  -5.000, y=  38.000, z=   0.000
  Object   : x=   0.003, y=  17.987, z= 568.329
  Detector : x=  10.000, y=   3.000, z= 690.000
  Obj rotY :   0.0000 deg
view   0 | SOD= 568.705 mm | SDD= 691.050 mm | M= 1.215 | incident=3.1588°
[[  24.864895   -567.80896     -20.012615  ]
 [   3.5850794   122.02594      14.987385  ]
 [   0.1493933     0.00786139    0.        ]
 [   0.            0.            0.1496    ]]
Residual vector length: 540, Jacobian shape: (540, 6)
view   0 | SOD= 568.651 mm | SDD= 691.050 mm | M= 1.215 | incident=3.1588°
[[  24.859188   -567.7545      -20.011265  ]
 [   3.5823267   122.08045      14.988735  ]
 [   0.14939333    0.00786075    0.        ]
 [   0.            0.            0.1496    ]]

iter 18 cost=4.157353 -> 3.532303 |dtheta|=5.234224e-02  lambda=1.000e-06

============================================================
Iteration 19
============================================================
Theta offsets (Unity frame):
  Source   : dSx=   0.000, dSy=   0.000, dSz=   0.000  (mm)
  Object   : dOx=  -6.997, dOy=  -2.011, dOz=  -7.724  (mm)
  Object offset: offset_x=   0.005, offset_z=   0.000  (mm)
  Detector : dDx=   0.000, dDy=   0.000, dDz=   0.000  (mm)
  Obj Stage rotY :    3.012 deg
============================================================

Unity geometry (world coordinates):
  Source   : x=  -5.000, y=  38.000, z=   0.000
  Object   : x=   0.003, y=  17.989, z= 568.276
  Detector : x=  10.000, y=   3.000, z= 690.000
  Obj rotY :   0.0000 deg
view   0 | SOD= 568.651 mm | SDD= 691.050 mm | M= 1.215 | incident=3.1588°
[[  24.859188   -567.7545      -20.011265  ]
 [   3.5823267   122.08045      14.988735  ]
 [   0.14939333    0.00786075    0.        ]
 [   0.            0.            0.1496    ]]
Residual vector length: 540, Jacobian shape: (540, 6)
view   0 | SOD= 568.606 mm | SDD= 691.050 mm | M= 1.215 | incident=3.1588°
[[  24.824186   -567.71094     -20.009865  ]
 [   3.5889742   122.125305     14.990135  ]
 [   0.14939381    0.00785173    0.        ]
 [   0.            0.            0.1496    ]]

iter 19 cost=3.532303 -> 3.011663 |dtheta|=4.540220e-02  lambda=1.000e-06

============================================================
Iteration 20
============================================================
Theta offsets (Unity frame):
  Source   : dSx=   0.000, dSy=   0.000, dSz=   0.000  (mm)
  Object   : dOx=  -6.997, dOy=  -2.010, dOz=  -7.769  (mm)
  Object offset: offset_x=   0.003, offset_z=   0.000  (mm)
  Detector : dDx=   0.000, dDy=   0.000, dDz=   0.000  (mm)
  Obj Stage rotY :    3.009 deg
============================================================

Unity geometry (world coordinates):
  Source   : x=  -5.000, y=  38.000, z=   0.000
  Object   : x=   0.003, y=  17.990, z= 568.231
  Detector : x=  10.000, y=   3.000, z= 690.000
  Obj rotY :   0.0000 deg
view   0 | SOD= 568.606 mm | SDD= 691.050 mm | M= 1.215 | incident=3.1588°
[[  24.824186   -567.71094     -20.009865  ]
 [   3.5889742   122.125305     14.990135  ]
 [   0.14939381    0.00785173    0.        ]
 [   0.            0.            0.1496    ]]
Residual vector length: 540, Jacobian shape: (540, 6)
view   0 | SOD= 568.562 mm | SDD= 691.050 mm | M= 1.215 | incident=3.1588°
[[  24.805777   -567.6681      -20.008528  ]
 [   3.5918076   122.168846     14.991472  ]
 [   0.14939405    0.00784713    0.        ]
 [   0.            0.            0.1496    ]]

iter 20 cost=3.011663 -> 2.565205 |dtheta|=4.379314e-02  lambda=1.000e-06

============================================================
Iteration 21
============================================================
Theta offsets (Unity frame):
  Source   : dSx=   0.000, dSy=   0.000, dSz=   0.000  (mm)
  Object   : dOx=  -6.997, dOy=  -2.009, dOz=  -7.813  (mm)
  Object offset: offset_x=   0.002, offset_z=   0.000  (mm)
  Detector : dDx=   0.000, dDy=   0.000, dDz=   0.000  (mm)
  Obj Stage rotY :    3.007 deg
============================================================

Unity geometry (world coordinates):
  Source   : x=  -5.000, y=  38.000, z=   0.000
  Object   : x=   0.003, y=  17.991, z= 568.187
  Detector : x=  10.000, y=   3.000, z= 690.000
  Obj rotY :   0.0000 deg
view   0 | SOD= 568.562 mm | SDD= 691.050 mm | M= 1.215 | incident=3.1588°
[[  24.805777   -567.6681      -20.008528  ]
 [   3.5918076   122.168846     14.991472  ]
 [   0.14939405    0.00784713    0.        ]
 [   0.            0.            0.1496    ]]
Residual vector length: 540, Jacobian shape: (540, 6)
view   0 | SOD= 568.528 mm | SDD= 691.050 mm | M= 1.216 | incident=3.1588°
[[  24.756607   -567.6363      -20.006088  ]
 [   3.6004477   122.202385     14.993912  ]
 [   0.1493947     0.00783461    0.        ]
 [   0.            0.            0.1496    ]]

iter 21 cost=2.565205 -> 2.367891 |dtheta|=3.440855e-02  lambda=1.000e-06

============================================================
Iteration 22
============================================================
Theta offsets (Unity frame):
  Source   : dSx=   0.000, dSy=   0.000, dSz=   0.000  (mm)
  Object   : dOx=  -6.997, dOy=  -2.006, dOz=  -7.847  (mm)
  Object offset: offset_x=   0.002, offset_z=   0.000  (mm)
  Detector : dDx=   0.000, dDy=   0.000, dDz=   0.000  (mm)
  Obj Stage rotY :    3.002 deg
============================================================

Unity geometry (world coordinates):
  Source   : x=  -5.000, y=  38.000, z=   0.000
  Object   : x=   0.003, y=  17.994, z= 568.154
  Detector : x=  10.000, y=   3.000, z= 690.000
  Obj rotY :   0.0000 deg
view   0 | SOD= 568.528 mm | SDD= 691.050 mm | M= 1.216 | incident=3.1588°
[[  24.756607   -567.6363      -20.006088  ]
 [   3.6004477   122.202385     14.993912  ]
 [   0.1493947     0.00783461    0.        ]
 [   0.            0.            0.1496    ]]
Residual vector length: 540, Jacobian shape: (540, 6)
view   0 | SOD= 568.496 mm | SDD= 691.050 mm | M= 1.216 | incident=3.1588°
[[  24.72468    -567.606       -20.004848  ]
 [   3.6079397   122.233864     14.9951515 ]
 [   0.14939515    0.00782607    0.        ]
 [   0.            0.            0.1496    ]]

iter 22 cost=2.367891 -> 2.115626 |dtheta|=3.227114e-02  lambda=1.000e-06

============================================================
Iteration 23
============================================================
Theta offsets (Unity frame):
  Source   : dSx=   0.000, dSy=   0.000, dSz=   0.000  (mm)
  Object   : dOx=  -6.998, dOy=  -2.005, dOz=  -7.879  (mm)
  Object offset: offset_x=   0.001, offset_z=   0.001  (mm)
  Detector : dDx=   0.000, dDy=   0.000, dDz=   0.000  (mm)
  Obj Stage rotY :    2.999 deg
============================================================

Unity geometry (world coordinates):
  Source   : x=  -5.000, y=  38.000, z=   0.000
  Object   : x=   0.002, y=  17.995, z= 568.121
  Detector : x=  10.000, y=   3.000, z= 690.000
  Obj rotY :   0.0000 deg
view   0 | SOD= 568.496 mm | SDD= 691.050 mm | M= 1.216 | incident=3.1588°
[[  24.72468    -567.606       -20.004848  ]
 [   3.6079397   122.233864     14.9951515 ]
 [   0.14939515    0.00782607    0.        ]
 [   0.            0.            0.1496    ]]
Residual vector length: 540, Jacobian shape: (540, 6)
view   0 | SOD= 568.457 mm | SDD= 691.050 mm | M= 1.216 | incident=3.1588°
[[  24.709229   -567.5669      -20.003006  ]
 [   3.6091573   122.27354      14.996994  ]
 [   0.14939535    0.00782246    0.        ]
 [   0.            0.            0.1496    ]]

iter 23 cost=2.115626 -> 1.847679 |dtheta|=3.968019e-02  lambda=1.000e-06

============================================================
Iteration 24
============================================================
Theta offsets (Unity frame):
  Source   : dSx=   0.000, dSy=   0.000, dSz=   0.000  (mm)
  Object   : dOx=  -6.998, dOy=  -2.003, dOz=  -7.918  (mm)
  Object offset: offset_x=   0.001, offset_z=   0.001  (mm)
  Detector : dDx=   0.000, dDy=   0.000, dDz=   0.000  (mm)
  Obj Stage rotY :    2.997 deg
============================================================

Unity geometry (world coordinates):
  Source   : x=  -5.000, y=  38.000, z=   0.000
  Object   : x=   0.002, y=  17.997, z= 568.082
  Detector : x=  10.000, y=   3.000, z= 690.000
  Obj rotY :   0.0000 deg
view   0 | SOD= 568.457 mm | SDD= 691.050 mm | M= 1.216 | incident=3.1588°
[[  24.709229   -567.5669      -20.003006  ]
 [   3.6091573   122.27354      14.996994  ]
 [   0.14939535    0.00782246    0.        ]
 [   0.            0.            0.1496    ]]
Residual vector length: 540, Jacobian shape: (540, 6)
view   0 | SOD= 568.425 mm | SDD= 691.050 mm | M= 1.216 | incident=3.1588°
[[  24.700975   -567.5361      -20.001816  ]
 [   3.6108708   122.30465      14.998184  ]
 [   0.14939545    0.00782031    0.        ]
 [   0.            0.            0.1496    ]]

iter 24 cost=1.847679 -> 1.663657 |dtheta|=3.157688e-02  lambda=1.000e-06

============================================================
Iteration 25
============================================================
Theta offsets (Unity frame):
  Source   : dSx=   0.000, dSy=   0.000, dSz=   0.000  (mm)
  Object   : dOx=  -6.999, dOy=  -2.002, dOz=  -7.950  (mm)
  Object offset: offset_x=  -0.000, offset_z=   0.001  (mm)
  Detector : dDx=   0.000, dDy=   0.000, dDz=   0.000  (mm)
  Obj Stage rotY :    2.996 deg
============================================================

Unity geometry (world coordinates):
  Source   : x=  -5.000, y=  38.000, z=   0.000
  Object   : x=   0.001, y=  17.998, z= 568.050
  Detector : x=  10.000, y=   3.000, z= 690.000
  Obj rotY :   0.0000 deg
view   0 | SOD= 568.425 mm | SDD= 691.050 mm | M= 1.216 | incident=3.1588°
[[  24.700975   -567.5361      -20.001816  ]
 [   3.6108708   122.30465      14.998184  ]
 [   0.14939545    0.00782031    0.        ]
 [   0.            0.            0.1496    ]]
Residual vector length: 540, Jacobian shape: (540, 6)
view   0 | SOD= 568.391 mm | SDD= 691.050 mm | M= 1.216 | incident=3.1588°
[[  24.749176   -567.49976     -20.000221  ]
 [   3.5984282   122.3391       14.999779  ]
 [   0.14939477    0.00783344    0.        ]
 [   0.            0.            0.1496    ]]

iter 25 cost=1.663657 -> 1.568029 |dtheta|=3.354790e-02  lambda=1.000e-06

============================================================
Iteration 26
============================================================
Theta offsets (Unity frame):
  Source   : dSx=   0.000, dSy=   0.000, dSz=   0.000  (mm)
  Object   : dOx=  -6.999, dOy=  -2.000, dOz=  -7.983  (mm)
  Object offset: offset_x=  -0.000, offset_z=  -0.000  (mm)
  Detector : dDx=   0.000, dDy=   0.000, dDz=   0.000  (mm)
  Obj Stage rotY :    3.002 deg
============================================================

Unity geometry (world coordinates):
  Source   : x=  -5.000, y=  38.000, z=   0.000
  Object   : x=   0.001, y=  18.000, z= 568.017
  Detector : x=  10.000, y=   3.000, z= 690.000
  Obj rotY :   0.0000 deg
view   0 | SOD= 568.391 mm | SDD= 691.050 mm | M= 1.216 | incident=3.1588°
[[  24.749176   -567.49976     -20.000221  ]
 [   3.5984282   122.3391       14.999779  ]
 [   0.14939477    0.00783344    0.        ]
 [   0.            0.            0.1496    ]]
Residual vector length: 540, Jacobian shape: (540, 6)
view   0 | SOD= 568.378 mm | SDD= 691.050 mm | M= 1.216 | incident=3.1588°
[[  24.712055   -567.48804     -19.999533  ]
 [   3.605982    122.35217      15.000467  ]
 [   0.14939527    0.00782377    0.        ]
 [   0.            0.            0.1496    ]]

iter 26 cost=1.568029 -> 1.539484 |dtheta|=1.420759e-02  lambda=1.000e-06

============================================================
Iteration 27
============================================================
Theta offsets (Unity frame):
  Source   : dSx=   0.000, dSy=   0.000, dSz=   0.000  (mm)
  Object   : dOx=  -6.999, dOy=  -2.000, dOz=  -7.996  (mm)
  Object offset: offset_x=  -0.000, offset_z=   0.000  (mm)
  Detector : dDx=   0.000, dDy=   0.000, dDz=   0.000  (mm)
  Obj Stage rotY :    2.998 deg
============================================================

Unity geometry (world coordinates):
  Source   : x=  -5.000, y=  38.000, z=   0.000
  Object   : x=   0.001, y=  18.000, z= 568.004
  Detector : x=  10.000, y=   3.000, z= 690.000
  Obj rotY :   0.0000 deg
view   0 | SOD= 568.378 mm | SDD= 691.050 mm | M= 1.216 | incident=3.1588°
[[  24.712055   -567.48804     -19.999533  ]
 [   3.605982    122.35217      15.000467  ]
 [   0.14939527    0.00782377    0.        ]
 [   0.            0.            0.1496    ]]
Residual vector length: 540, Jacobian shape: (540, 6)
view   0 | SOD= 568.367 mm | SDD= 691.050 mm | M= 1.216 | incident=3.1588°
[[  24.681633   -567.47833     -19.9995    ]
 [   3.6120777   122.36303      15.0005    ]
 [   0.14939569    0.00781586    0.        ]
 [   0.            0.            0.1496    ]]

iter 27 cost=1.539484 -> 1.485566 |dtheta|=1.092233e-02  lambda=1.000e-06

============================================================
Iteration 28
============================================================
Theta offsets (Unity frame):
  Source   : dSx=   0.000, dSy=   0.000, dSz=   0.000  (mm)
  Object   : dOx=  -6.999, dOy=  -2.000, dOz=  -8.007  (mm)
  Object offset: offset_x=  -0.001, offset_z=  -0.000  (mm)
  Detector : dDx=   0.000, dDy=   0.000, dDz=   0.000  (mm)
  Obj Stage rotY :    2.995 deg
============================================================

Unity geometry (world coordinates):
  Source   : x=  -5.000, y=  38.000, z=   0.000
  Object   : x=   0.001, y=  18.000, z= 567.993
  Detector : x=  10.000, y=   3.000, z= 690.000
  Obj rotY :   0.0000 deg
view   0 | SOD= 568.367 mm | SDD= 691.050 mm | M= 1.216 | incident=3.1588°
[[  24.681633   -567.47833     -19.9995    ]
 [   3.6120777   122.36303      15.0005    ]
 [   0.14939569    0.00781586    0.        ]
 [   0.            0.            0.1496    ]]
Residual vector length: 540, Jacobian shape: (540, 6)
view   0 | SOD= 568.359 mm | SDD= 691.050 mm | M= 1.216 | incident=3.1588°
[[  24.670977   -567.47144     -19.999096  ]
 [   3.6145372   122.3703       15.000904  ]
 [   0.14939584    0.00781302    0.        ]
 [   0.            0.            0.1496    ]]

iter 28 cost=1.485566 -> 1.487058 |dtheta|=7.874068e-03  lambda=1.000e-06

============================================================
Iteration 29
============================================================
Theta offsets (Unity frame):
  Source   : dSx=   0.000, dSy=   0.000, dSz=   0.000  (mm)
  Object   : dOx=  -6.999, dOy=  -2.000, dOz=  -8.007  (mm)
  Object offset: offset_x=  -0.001, offset_z=  -0.000  (mm)
  Detector : dDx=   0.000, dDy=   0.000, dDz=   0.000  (mm)
  Obj Stage rotY :    2.995 deg
============================================================

Unity geometry (world coordinates):
  Source   : x=  -5.000, y=  38.000, z=   0.000
  Object   : x=   0.001, y=  18.000, z= 567.993
  Detector : x=  10.000, y=   3.000, z= 690.000
  Obj rotY :   0.0000 deg
view   0 | SOD= 568.367 mm | SDD= 691.050 mm | M= 1.216 | incident=3.1588°
[[  24.681633   -567.47833     -19.9995    ]
 [   3.6120777   122.36303      15.0005    ]
 [   0.14939569    0.00781586    0.        ]
 [   0.            0.            0.1496    ]]
Residual vector length: 540, Jacobian shape: (540, 6)
view   0 | SOD= 568.359 mm | SDD= 691.050 mm | M= 1.216 | incident=3.1588°
[[  24.670977   -567.47144     -19.999096  ]
 [   3.6145372   122.3703       15.000904  ]
 [   0.14939584    0.00781302    0.        ]
 [   0.            0.            0.1496    ]]

iter 29 cost=1.485566 -> 1.487058 |dtheta|=7.874068e-03  lambda=5.000e-06

============================================================
Iteration 30
============================================================
Theta offsets (Unity frame):
  Source   : dSx=   0.000, dSy=   0.000, dSz=   0.000  (mm)
  Object   : dOx=  -6.999, dOy=  -2.000, dOz=  -8.007  (mm)
  Object offset: offset_x=  -0.001, offset_z=  -0.000  (mm)
  Detector : dDx=   0.000, dDy=   0.000, dDz=   0.000  (mm)
  Obj Stage rotY :    2.995 deg
============================================================

Unity geometry (world coordinates):
  Source   : x=  -5.000, y=  38.000, z=   0.000
  Object   : x=   0.001, y=  18.000, z= 567.993
  Detector : x=  10.000, y=   3.000, z= 690.000
  Obj rotY :   0.0000 deg
view   0 | SOD= 568.367 mm | SDD= 691.050 mm | M= 1.216 | incident=3.1588°
[[  24.681633   -567.47833     -19.9995    ]
 [   3.6120777   122.36303      15.0005    ]
 [   0.14939569    0.00781586    0.        ]
 [   0.            0.            0.1496    ]]
Residual vector length: 540, Jacobian shape: (540, 6)
view   0 | SOD= 568.359 mm | SDD= 691.050 mm | M= 1.216 | incident=3.1588°
[[  24.670977   -567.47144     -19.999096  ]
 [   3.6145372   122.3703       15.000904  ]
 [   0.14939584    0.00781302    0.        ]
 [   0.            0.            0.1496    ]]

iter 30 cost=1.485566 -> 1.487058 |dtheta|=7.874067e-03  lambda=2.500e-05

============================================================
Iteration 31
============================================================
Theta offsets (Unity frame):
  Source   : dSx=   0.000, dSy=   0.000, dSz=   0.000  (mm)
  Object   : dOx=  -6.999, dOy=  -2.000, dOz=  -8.007  (mm)
  Object offset: offset_x=  -0.001, offset_z=  -0.000  (mm)
  Detector : dDx=   0.000, dDy=   0.000, dDz=   0.000  (mm)
  Obj Stage rotY :    2.995 deg
============================================================

Unity geometry (world coordinates):
  Source   : x=  -5.000, y=  38.000, z=   0.000
  Object   : x=   0.001, y=  18.000, z= 567.993
  Detector : x=  10.000, y=   3.000, z= 690.000
  Obj rotY :   0.0000 deg
view   0 | SOD= 568.367 mm | SDD= 691.050 mm | M= 1.216 | incident=3.1588°
[[  24.681633   -567.47833     -19.9995    ]
 [   3.6120777   122.36303      15.0005    ]
 [   0.14939569    0.00781586    0.        ]
 [   0.            0.            0.1496    ]]
Residual vector length: 540, Jacobian shape: (540, 6)
view   0 | SOD= 568.359 mm | SDD= 691.050 mm | M= 1.216 | incident=3.1588°
[[  24.670977   -567.47144     -19.999096  ]
 [   3.6145372   122.3703       15.000904  ]
 [   0.14939584    0.00781302    0.        ]
 [   0.            0.            0.1496    ]]

iter 31 cost=1.485566 -> 1.487058 |dtheta|=7.874064e-03  lambda=1.250e-04

============================================================
Iteration 32
============================================================
Theta offsets (Unity frame):
  Source   : dSx=   0.000, dSy=   0.000, dSz=   0.000  (mm)
  Object   : dOx=  -6.999, dOy=  -2.000, dOz=  -8.007  (mm)
  Object offset: offset_x=  -0.001, offset_z=  -0.000  (mm)
  Detector : dDx=   0.000, dDy=   0.000, dDz=   0.000  (mm)
  Obj Stage rotY :    2.995 deg
============================================================

Unity geometry (world coordinates):
  Source   : x=  -5.000, y=  38.000, z=   0.000
  Object   : x=   0.001, y=  18.000, z= 567.993
  Detector : x=  10.000, y=   3.000, z= 690.000
  Obj rotY :   0.0000 deg
view   0 | SOD= 568.367 mm | SDD= 691.050 mm | M= 1.216 | incident=3.1588°
[[  24.681633   -567.47833     -19.9995    ]
 [   3.6120777   122.36303      15.0005    ]
 [   0.14939569    0.00781586    0.        ]
 [   0.            0.            0.1496    ]]
Residual vector length: 540, Jacobian shape: (540, 6)
view   0 | SOD= 568.359 mm | SDD= 691.050 mm | M= 1.216 | incident=3.1588°
[[  24.670977   -567.47144     -19.999096  ]
 [   3.6145372   122.3703       15.000904  ]
 [   0.14939584    0.00781302    0.        ]
 [   0.            0.            0.1496    ]]

iter 32 cost=1.485566 -> 1.487058 |dtheta|=7.874050e-03  lambda=6.250e-04

============================================================
Iteration 33
============================================================
Theta offsets (Unity frame):
  Source   : dSx=   0.000, dSy=   0.000, dSz=   0.000  (mm)
  Object   : dOx=  -6.999, dOy=  -2.000, dOz=  -8.007  (mm)
  Object offset: offset_x=  -0.001, offset_z=  -0.000  (mm)
  Detector : dDx=   0.000, dDy=   0.000, dDz=   0.000  (mm)
  Obj Stage rotY :    2.995 deg
============================================================

Unity geometry (world coordinates):
  Source   : x=  -5.000, y=  38.000, z=   0.000
  Object   : x=   0.001, y=  18.000, z= 567.993
  Detector : x=  10.000, y=   3.000, z= 690.000
  Obj rotY :   0.0000 deg
view   0 | SOD= 568.367 mm | SDD= 691.050 mm | M= 1.216 | incident=3.1588°
[[  24.681633   -567.47833     -19.9995    ]
 [   3.6120777   122.36303      15.0005    ]
 [   0.14939569    0.00781586    0.        ]
 [   0.            0.            0.1496    ]]
Residual vector length: 540, Jacobian shape: (540, 6)
view   0 | SOD= 568.359 mm | SDD= 691.050 mm | M= 1.216 | incident=3.1588°
[[  24.670977   -567.47144     -19.999096  ]
 [   3.6145372   122.3703       15.000904  ]
 [   0.14939584    0.00781302    0.        ]
 [   0.            0.            0.1496    ]]

iter 33 cost=1.485566 -> 1.487058 |dtheta|=7.873977e-03  lambda=3.125e-03

============================================================
Iteration 34
============================================================
Theta offsets (Unity frame):
  Source   : dSx=   0.000, dSy=   0.000, dSz=   0.000  (mm)
  Object   : dOx=  -6.999, dOy=  -2.000, dOz=  -8.007  (mm)
  Object offset: offset_x=  -0.001, offset_z=  -0.000  (mm)
  Detector : dDx=   0.000, dDy=   0.000, dDz=   0.000  (mm)
  Obj Stage rotY :    2.995 deg
============================================================

Unity geometry (world coordinates):
  Source   : x=  -5.000, y=  38.000, z=   0.000
  Object   : x=   0.001, y=  18.000, z= 567.993
  Detector : x=  10.000, y=   3.000, z= 690.000
  Obj rotY :   0.0000 deg
view   0 | SOD= 568.367 mm | SDD= 691.050 mm | M= 1.216 | incident=3.1588°
[[  24.681633   -567.47833     -19.9995    ]
 [   3.6120777   122.36303      15.0005    ]
 [   0.14939569    0.00781586    0.        ]
 [   0.            0.            0.1496    ]]
Residual vector length: 540, Jacobian shape: (540, 6)
view   0 | SOD= 568.359 mm | SDD= 691.050 mm | M= 1.216 | incident=3.1588°
[[  24.670977   -567.47144     -19.999096  ]
 [   3.614537    122.3703       15.000904  ]
 [   0.14939584    0.00781302    0.        ]
 [   0.            0.            0.1496    ]]

iter 34 cost=1.485566 -> 1.487058 |dtheta|=7.873613e-03  lambda=1.562e-02

============================================================
Iteration 35
============================================================
Theta offsets (Unity frame):
  Source   : dSx=   0.000, dSy=   0.000, dSz=   0.000  (mm)
  Object   : dOx=  -6.999, dOy=  -2.000, dOz=  -8.007  (mm)
  Object offset: offset_x=  -0.001, offset_z=  -0.000  (mm)
  Detector : dDx=   0.000, dDy=   0.000, dDz=   0.000  (mm)
  Obj Stage rotY :    2.995 deg
============================================================

Unity geometry (world coordinates):
  Source   : x=  -5.000, y=  38.000, z=   0.000
  Object   : x=   0.001, y=  18.000, z= 567.993
  Detector : x=  10.000, y=   3.000, z= 690.000
  Obj rotY :   0.0000 deg
view   0 | SOD= 568.367 mm | SDD= 691.050 mm | M= 1.216 | incident=3.1588°
[[  24.681633   -567.47833     -19.9995    ]
 [   3.6120777   122.36303      15.0005    ]
 [   0.14939569    0.00781586    0.        ]
 [   0.            0.            0.1496    ]]
Residual vector length: 540, Jacobian shape: (540, 6)
view   0 | SOD= 568.359 mm | SDD= 691.050 mm | M= 1.216 | incident=3.1588°
[[  24.670977   -567.47144     -19.999096  ]
 [   3.6145368   122.3703       15.000904  ]
 [   0.14939584    0.00781302    0.        ]
 [   0.            0.            0.1496    ]]

iter 35 cost=1.485566 -> 1.487058 |dtheta|=7.871791e-03  lambda=7.812e-02

============================================================
Iteration 36
============================================================
Theta offsets (Unity frame):
  Source   : dSx=   0.000, dSy=   0.000, dSz=   0.000  (mm)
  Object   : dOx=  -6.999, dOy=  -2.000, dOz=  -8.007  (mm)
  Object offset: offset_x=  -0.001, offset_z=  -0.000  (mm)
  Detector : dDx=   0.000, dDy=   0.000, dDz=   0.000  (mm)
  Obj Stage rotY :    2.995 deg
============================================================

Unity geometry (world coordinates):
  Source   : x=  -5.000, y=  38.000, z=   0.000
  Object   : x=   0.001, y=  18.000, z= 567.993
  Detector : x=  10.000, y=   3.000, z= 690.000
  Obj rotY :   0.0000 deg
view   0 | SOD= 568.367 mm | SDD= 691.050 mm | M= 1.216 | incident=3.1588°
[[  24.681633   -567.47833     -19.9995    ]
 [   3.6120777   122.36303      15.0005    ]
 [   0.14939569    0.00781586    0.        ]
 [   0.            0.            0.1496    ]]
Residual vector length: 540, Jacobian shape: (540, 6)
view   0 | SOD= 568.359 mm | SDD= 691.050 mm | M= 1.216 | incident=3.1588°
[[  24.670984   -567.47144     -19.999096  ]
 [   3.6145344   122.3703       15.000904  ]
 [   0.14939584    0.00781302    0.        ]
 [   0.            0.            0.1496    ]]

iter 36 cost=1.485566 -> 1.487058 |dtheta|=7.862697e-03  lambda=3.906e-01

============================================================
Iteration 37
============================================================
Theta offsets (Unity frame):
  Source   : dSx=   0.000, dSy=   0.000, dSz=   0.000  (mm)
  Object   : dOx=  -6.999, dOy=  -2.000, dOz=  -8.007  (mm)
  Object offset: offset_x=  -0.001, offset_z=  -0.000  (mm)
  Detector : dDx=   0.000, dDy=   0.000, dDz=   0.000  (mm)
  Obj Stage rotY :    2.995 deg
============================================================

Unity geometry (world coordinates):
  Source   : x=  -5.000, y=  38.000, z=   0.000
  Object   : x=   0.001, y=  18.000, z= 567.993
  Detector : x=  10.000, y=   3.000, z= 690.000
  Obj rotY :   0.0000 deg
view   0 | SOD= 568.367 mm | SDD= 691.050 mm | M= 1.216 | incident=3.1588°
[[  24.681633   -567.47833     -19.9995    ]
 [   3.6120777   122.36303      15.0005    ]
 [   0.14939569    0.00781586    0.        ]
 [   0.            0.            0.1496    ]]
Residual vector length: 540, Jacobian shape: (540, 6)
view   0 | SOD= 568.360 mm | SDD= 691.050 mm | M= 1.216 | incident=3.1588°
[[  24.671019   -567.4715      -19.999098  ]
 [   3.6145287   122.37024      15.000902  ]
 [   0.14939584    0.00781303    0.        ]
 [   0.            0.            0.1496    ]]

iter 37 cost=1.485566 -> 1.487058 |dtheta|=7.817542e-03  lambda=1.953e+00

============================================================
Iteration 38
============================================================
Theta offsets (Unity frame):
  Source   : dSx=   0.000, dSy=   0.000, dSz=   0.000  (mm)
  Object   : dOx=  -6.999, dOy=  -2.000, dOz=  -8.007  (mm)
  Object offset: offset_x=  -0.001, offset_z=  -0.000  (mm)
  Detector : dDx=   0.000, dDy=   0.000, dDz=   0.000  (mm)
  Obj Stage rotY :    2.995 deg
============================================================

Unity geometry (world coordinates):
  Source   : x=  -5.000, y=  38.000, z=   0.000
  Object   : x=   0.001, y=  18.000, z= 567.993
  Detector : x=  10.000, y=   3.000, z= 690.000
  Obj rotY :   0.0000 deg
view   0 | SOD= 568.367 mm | SDD= 691.050 mm | M= 1.216 | incident=3.1588°
[[  24.681633   -567.47833     -19.9995    ]
 [   3.6120777   122.36303      15.0005    ]
 [   0.14939569    0.00781586    0.        ]
 [   0.            0.            0.1496    ]]
Residual vector length: 540, Jacobian shape: (540, 6)
view   0 | SOD= 568.360 mm | SDD= 691.050 mm | M= 1.216 | incident=3.1588°
[[  24.671177   -567.4717      -19.99911   ]
 [   3.6144934   122.370056     15.000891  ]
 [   0.14939584    0.00781307    0.        ]
 [   0.            0.            0.1496    ]]

iter 38 cost=1.485566 -> 1.485479 |dtheta|=7.599447e-03  lambda=9.766e+00

============================================================
Iteration 39
============================================================
Theta offsets (Unity frame):
  Source   : dSx=   0.000, dSy=   0.000, dSz=   0.000  (mm)
  Object   : dOx=  -7.000, dOy=  -1.999, dOz=  -8.014  (mm)
  Object offset: offset_x=  -0.001, offset_z=   0.000  (mm)
  Detector : dDx=   0.000, dDy=   0.000, dDz=   0.000  (mm)
  Obj Stage rotY :    2.994 deg
============================================================

Unity geometry (world coordinates):
  Source   : x=  -5.000, y=  38.000, z=   0.000
  Object   : x=   0.000, y=  18.001, z= 567.986
  Detector : x=  10.000, y=   3.000, z= 690.000
  Obj rotY :   0.0000 deg
view   0 | SOD= 568.360 mm | SDD= 691.050 mm | M= 1.216 | incident=3.1588°
[[  24.671177   -567.4717      -19.99911   ]
 [   3.6144934   122.370056     15.000891  ]
 [   0.14939584    0.00781307    0.        ]
 [   0.            0.            0.1496    ]]
Residual vector length: 540, Jacobian shape: (540, 6)
view   0 | SOD= 568.356 mm | SDD= 691.050 mm | M= 1.216 | incident=3.1588°
[[  24.662704   -567.46844     -19.999376  ]
 [   3.6162052   122.373604     15.000624  ]
 [   0.14939596    0.00781086    0.        ]
 [   0.            0.            0.1496    ]]

iter 39 cost=1.485479 -> 1.483632 |dtheta|=3.527451e-03  lambda=3.255e+00

============================================================
Iteration 40
============================================================
Theta offsets (Unity frame):
  Source   : dSx=   0.000, dSy=   0.000, dSz=   0.000  (mm)
  Object   : dOx=  -7.000, dOy=  -1.999, dOz=  -8.018  (mm)
  Object offset: offset_x=  -0.001, offset_z=   0.000  (mm)
  Detector : dDx=   0.000, dDy=   0.000, dDz=   0.000  (mm)
  Obj Stage rotY :    2.993 deg
============================================================

Unity geometry (world coordinates):
  Source   : x=  -5.000, y=  38.000, z=   0.000
  Object   : x=   0.000, y=  18.001, z= 567.982
  Detector : x=  10.000, y=   3.000, z= 690.000
  Obj rotY :   0.0000 deg
view   0 | SOD= 568.356 mm | SDD= 691.050 mm | M= 1.216 | incident=3.1588°
[[  24.662704   -567.46844     -19.999376  ]
 [   3.6162052   122.373604     15.000624  ]
 [   0.14939596    0.00781086    0.        ]
 [   0.            0.            0.1496    ]]
Residual vector length: 540, Jacobian shape: (540, 6)
view   0 | SOD= 568.351 mm | SDD= 691.050 mm | M= 1.216 | incident=3.1588°
[[  24.670979   -567.46326     -19.99919   ]
 [   3.6142895   122.37848      15.000811  ]
 [   0.14939584    0.00781307    0.        ]
 [   0.            0.            0.1496    ]]

iter 40 cost=1.483632 -> 1.474057 |dtheta|=4.781757e-03  lambda=1.085e+00

============================================================
Iteration 41
============================================================
Theta offsets (Unity frame):
  Source   : dSx=   0.000, dSy=   0.000, dSz=   0.000  (mm)
  Object   : dOx=  -7.000, dOy=  -1.999, dOz=  -8.023  (mm)
  Object offset: offset_x=  -0.001, offset_z=  -0.000  (mm)
  Detector : dDx=   0.000, dDy=   0.000, dDz=   0.000  (mm)
  Obj Stage rotY :    2.994 deg
============================================================

Unity geometry (world coordinates):
  Source   : x=  -5.000, y=  38.000, z=   0.000
  Object   : x=   0.000, y=  18.001, z= 567.977
  Detector : x=  10.000, y=   3.000, z= 690.000
  Obj rotY :   0.0000 deg
view   0 | SOD= 568.351 mm | SDD= 691.050 mm | M= 1.216 | incident=3.1588°
[[  24.670979   -567.46326     -19.99919   ]
 [   3.6142895   122.37848      15.000811  ]
 [   0.14939584    0.00781307    0.        ]
 [   0.            0.            0.1496    ]]
Residual vector length: 540, Jacobian shape: (540, 6)
view   0 | SOD= 568.343 mm | SDD= 691.050 mm | M= 1.216 | incident=3.1588°
[[  24.663559   -567.4555      -19.999018  ]
 [   3.615647    122.38649      15.000982  ]
 [   0.14939593    0.00781117    0.        ]
 [   0.            0.            0.1496    ]]

iter 41 cost=1.474057 -> 1.455351 |dtheta|=7.966496e-03  lambda=3.617e-01

============================================================
Iteration 42
============================================================
Theta offsets (Unity frame):
  Source   : dSx=   0.000, dSy=   0.000, dSz=   0.000  (mm)
  Object   : dOx=  -7.000, dOy=  -1.999, dOz=  -8.030  (mm)
  Object offset: offset_x=  -0.001, offset_z=  -0.000  (mm)
  Detector : dDx=   0.000, dDy=   0.000, dDz=   0.000  (mm)
  Obj Stage rotY :    2.993 deg
============================================================

Unity geometry (world coordinates):
  Source   : x=  -5.000, y=  38.000, z=   0.000
  Object   : x=  -0.000, y=  18.001, z= 567.970
  Detector : x=  10.000, y=   3.000, z= 690.000
  Obj rotY :   0.0000 deg
view   0 | SOD= 568.343 mm | SDD= 691.050 mm | M= 1.216 | incident=3.1588°
[[  24.663559   -567.4555      -19.999018  ]
 [   3.615647    122.38649      15.000982  ]
 [   0.14939593    0.00781117    0.        ]
 [   0.            0.            0.1496    ]]
Residual vector length: 540, Jacobian shape: (540, 6)
view   0 | SOD= 568.335 mm | SDD= 691.050 mm | M= 1.216 | incident=3.1588°
[[  24.655685   -567.4473      -19.998585  ]
 [   3.6170423   122.39499      15.001415  ]
 [   0.14939605    0.00780916    0.        ]
 [   0.            0.            0.1496    ]]

iter 42 cost=1.455351 -> 1.450416 |dtheta|=8.423631e-03  lambda=1.206e-01

============================================================
Iteration 43
============================================================
Theta offsets (Unity frame):
  Source   : dSx=   0.000, dSy=   0.000, dSz=   0.000  (mm)
  Object   : dOx=  -7.000, dOy=  -1.999, dOz=  -8.039  (mm)
  Object offset: offset_x=  -0.001, offset_z=  -0.000  (mm)
  Detector : dDx=   0.000, dDy=   0.000, dDz=   0.000  (mm)
  Obj Stage rotY :    2.992 deg
============================================================

Unity geometry (world coordinates):
  Source   : x=  -5.000, y=  38.000, z=   0.000
  Object   : x=  -0.000, y=  18.001, z= 567.961
  Detector : x=  10.000, y=   3.000, z= 690.000
  Obj rotY :   0.0000 deg
view   0 | SOD= 568.335 mm | SDD= 691.050 mm | M= 1.216 | incident=3.1588°
[[  24.655685   -567.4473      -19.998585  ]
 [   3.6170423   122.39499      15.001415  ]
 [   0.14939605    0.00780916    0.        ]
 [   0.            0.            0.1496    ]]
Residual vector length: 540, Jacobian shape: (540, 6)
view   0 | SOD= 568.322 mm | SDD= 691.050 mm | M= 1.216 | incident=3.1588°
[[  24.667665   -567.43365     -19.997997  ]
 [   3.613661    122.40817      15.002003  ]
 [   0.14939587    0.00781249    0.        ]
 [   0.            0.            0.1496    ]]

iter 43 cost=1.450416 -> 1.432809 |dtheta|=1.304138e-02  lambda=4.019e-02

============================================================
Iteration 44
============================================================
Theta offsets (Unity frame):
  Source   : dSx=   0.000, dSy=   0.000, dSz=   0.000  (mm)
  Object   : dOx=  -7.000, dOy=  -1.998, dOz=  -8.052  (mm)
  Object offset: offset_x=  -0.001, offset_z=  -0.001  (mm)
  Detector : dDx=   0.000, dDy=   0.000, dDz=   0.000  (mm)
  Obj Stage rotY :    2.993 deg
============================================================

Unity geometry (world coordinates):
  Source   : x=  -5.000, y=  38.000, z=   0.000
  Object   : x=  -0.000, y=  18.002, z= 567.948
  Detector : x=  10.000, y=   3.000, z= 690.000
  Obj rotY :   0.0000 deg
view   0 | SOD= 568.322 mm | SDD= 691.050 mm | M= 1.216 | incident=3.1588°
[[  24.667665   -567.43365     -19.997997  ]
 [   3.613661    122.40817      15.002003  ]
 [   0.14939587    0.00781249    0.        ]
 [   0.            0.            0.1496    ]]
Residual vector length: 540, Jacobian shape: (540, 6)
view   0 | SOD= 568.311 mm | SDD= 691.050 mm | M= 1.216 | incident=3.1588°
[[  24.649773   -567.42395     -19.997494  ]
 [   3.6174784   122.41851      15.002506  ]
 [   0.1493961     0.00780779    0.        ]
 [   0.            0.            0.1496    ]]

iter 44 cost=1.432809 -> 1.429683 |dtheta|=1.071414e-02  lambda=1.340e-02

============================================================
Iteration 45
============================================================
Theta offsets (Unity frame):
  Source   : dSx=   0.000, dSy=   0.000, dSz=   0.000  (mm)
  Object   : dOx=  -7.001, dOy=  -1.997, dOz=  -8.062  (mm)
  Object offset: offset_x=  -0.001, offset_z=  -0.001  (mm)
  Detector : dDx=   0.000, dDy=   0.000, dDz=   0.000  (mm)
  Obj Stage rotY :    2.992 deg
============================================================

Unity geometry (world coordinates):
  Source   : x=  -5.000, y=  38.000, z=   0.000
  Object   : x=  -0.001, y=  18.003, z= 567.938
  Detector : x=  10.000, y=   3.000, z= 690.000
  Obj rotY :   0.0000 deg
view   0 | SOD= 568.311 mm | SDD= 691.050 mm | M= 1.216 | incident=3.1588°
[[  24.649773   -567.42395     -19.997494  ]
 [   3.6174784   122.41851      15.002506  ]
 [   0.1493961     0.00780779    0.        ]
 [   0.            0.            0.1496    ]]
Residual vector length: 540, Jacobian shape: (540, 6)
view   0 | SOD= 568.301 mm | SDD= 691.050 mm | M= 1.216 | incident=3.1588°
[[  24.645203   -567.4138      -19.997309  ]
 [   3.6182487   122.4288       15.002691  ]
 [   0.14939617    0.00780663    0.        ]
 [   0.            0.            0.1496    ]]

iter 45 cost=1.429683 -> 1.426212 |dtheta|=1.045356e-02  lambda=4.465e-03

============================================================
Iteration 46
============================================================
Theta offsets (Unity frame):
  Source   : dSx=   0.000, dSy=   0.000, dSz=   0.000  (mm)
  Object   : dOx=  -7.001, dOy=  -1.997, dOz=  -8.073  (mm)
  Object offset: offset_x=  -0.001, offset_z=  -0.000  (mm)
  Detector : dDx=   0.000, dDy=   0.000, dDz=   0.000  (mm)
  Obj Stage rotY :    2.991 deg
============================================================

Unity geometry (world coordinates):
  Source   : x=  -5.000, y=  38.000, z=   0.000
  Object   : x=  -0.001, y=  18.003, z= 567.927
  Detector : x=  10.000, y=   3.000, z= 690.000
  Obj rotY :   0.0000 deg
view   0 | SOD= 568.301 mm | SDD= 691.050 mm | M= 1.216 | incident=3.1588°
[[  24.645203   -567.4138      -19.997309  ]
 [   3.6182487   122.4288       15.002691  ]
 [   0.14939617    0.00780663    0.        ]
 [   0.            0.            0.1496    ]]
Residual vector length: 540, Jacobian shape: (540, 6)
view   0 | SOD= 568.298 mm | SDD= 691.050 mm | M= 1.216 | incident=3.1588°
[[  24.65604    -567.41095     -19.997475  ]
 [   3.6154878   122.4313       15.002525  ]
 [   0.14939602    0.00780958    0.        ]
 [   0.            0.            0.1496    ]]

iter 46 cost=1.426212 -> 1.414603 |dtheta|=2.691841e-03  lambda=1.488e-03

============================================================
Iteration 47
============================================================
Theta offsets (Unity frame):
  Source   : dSx=   0.000, dSy=   0.000, dSz=   0.000  (mm)
  Object   : dOx=  -7.001, dOy=  -1.997, dOz=  -8.075  (mm)
  Object offset: offset_x=  -0.001, offset_z=  -0.000  (mm)
  Detector : dDx=   0.000, dDy=   0.000, dDz=   0.000  (mm)
  Obj Stage rotY :    2.992 deg
============================================================

Unity geometry (world coordinates):
  Source   : x=  -5.000, y=  38.000, z=   0.000
  Object   : x=  -0.001, y=  18.003, z= 567.925
  Detector : x=  10.000, y=   3.000, z= 690.000
  Obj rotY :   0.0000 deg
view   0 | SOD= 568.298 mm | SDD= 691.050 mm | M= 1.216 | incident=3.1588°
[[  24.65604    -567.41095     -19.997475  ]
 [   3.6154878   122.4313       15.002525  ]
 [   0.14939602    0.00780958    0.        ]
 [   0.            0.            0.1496    ]]
Residual vector length: 540, Jacobian shape: (540, 6)
view   0 | SOD= 568.293 mm | SDD= 691.050 mm | M= 1.216 | incident=3.1588°
[[  24.65628    -567.406       -19.997139  ]
 [   3.6151607   122.43618      15.002861  ]
 [   0.14939602    0.0078097     0.        ]
 [   0.            0.            0.1496    ]]

iter 47 cost=1.414603 -> 1.442440 |dtheta|=4.820463e-03  lambda=4.961e-04

============================================================
Iteration 48
============================================================
Theta offsets (Unity frame):
  Source   : dSx=   0.000, dSy=   0.000, dSz=   0.000  (mm)
  Object   : dOx=  -7.001, dOy=  -1.997, dOz=  -8.075  (mm)
  Object offset: offset_x=  -0.001, offset_z=  -0.000  (mm)
  Detector : dDx=   0.000, dDy=   0.000, dDz=   0.000  (mm)
  Obj Stage rotY :    2.992 deg
============================================================

Unity geometry (world coordinates):
  Source   : x=  -5.000, y=  38.000, z=   0.000
  Object   : x=  -0.001, y=  18.003, z= 567.925
  Detector : x=  10.000, y=   3.000, z= 690.000
  Obj rotY :   0.0000 deg
view   0 | SOD= 568.298 mm | SDD= 691.050 mm | M= 1.216 | incident=3.1588°
[[  24.65604    -567.41095     -19.997475  ]
 [   3.6154878   122.4313       15.002525  ]
 [   0.14939602    0.00780958    0.        ]
 [   0.            0.            0.1496    ]]
Residual vector length: 540, Jacobian shape: (540, 6)
view   0 | SOD= 568.293 mm | SDD= 691.050 mm | M= 1.216 | incident=3.1588°
[[  24.65628    -567.406       -19.997139  ]
 [   3.6151607   122.43618      15.002861  ]
 [   0.14939602    0.0078097     0.        ]
 [   0.            0.            0.1496    ]]

iter 48 cost=1.414603 -> 1.442440 |dtheta|=4.820403e-03  lambda=2.481e-03

============================================================
Iteration 49
============================================================
Theta offsets (Unity frame):
  Source   : dSx=   0.000, dSy=   0.000, dSz=   0.000  (mm)
  Object   : dOx=  -7.001, dOy=  -1.997, dOz=  -8.075  (mm)
  Object offset: offset_x=  -0.001, offset_z=  -0.000  (mm)
  Detector : dDx=   0.000, dDy=   0.000, dDz=   0.000  (mm)
  Obj Stage rotY :    2.992 deg
============================================================

Unity geometry (world coordinates):
  Source   : x=  -5.000, y=  38.000, z=   0.000
  Object   : x=  -0.001, y=  18.003, z= 567.925
  Detector : x=  10.000, y=   3.000, z= 690.000
  Obj rotY :   0.0000 deg
view   0 | SOD= 568.298 mm | SDD= 691.050 mm | M= 1.216 | incident=3.1588°
[[  24.65604    -567.41095     -19.997475  ]
 [   3.6154878   122.4313       15.002525  ]
 [   0.14939602    0.00780958    0.        ]
 [   0.            0.            0.1496    ]]
Residual vector length: 540, Jacobian shape: (540, 6)
view   0 | SOD= 568.293 mm | SDD= 691.050 mm | M= 1.216 | incident=3.1588°
[[  24.65628    -567.406       -19.997139  ]
 [   3.6151607   122.43618      15.002861  ]
 [   0.14939602    0.0078097     0.        ]
 [   0.            0.            0.1496    ]]

iter 49 cost=1.414603 -> 1.442440 |dtheta|=4.820101e-03  lambda=1.240e-02

============================================================
Iteration 50
============================================================
Theta offsets (Unity frame):
  Source   : dSx=   0.000, dSy=   0.000, dSz=   0.000  (mm)
  Object   : dOx=  -7.001, dOy=  -1.997, dOz=  -8.075  (mm)
  Object offset: offset_x=  -0.001, offset_z=  -0.000  (mm)
  Detector : dDx=   0.000, dDy=   0.000, dDz=   0.000  (mm)
  Obj Stage rotY :    2.992 deg
============================================================

Unity geometry (world coordinates):
  Source   : x=  -5.000, y=  38.000, z=   0.000
  Object   : x=  -0.001, y=  18.003, z= 567.925
  Detector : x=  10.000, y=   3.000, z= 690.000
  Obj rotY :   0.0000 deg
view   0 | SOD= 568.298 mm | SDD= 691.050 mm | M= 1.216 | incident=3.1588°
[[  24.65604    -567.41095     -19.997475  ]
 [   3.6154878   122.4313       15.002525  ]
 [   0.14939602    0.00780958    0.        ]
 [   0.            0.            0.1496    ]]
Residual vector length: 540, Jacobian shape: (540, 6)
view   0 | SOD= 568.293 mm | SDD= 691.050 mm | M= 1.216 | incident=3.1588°
[[  24.65628    -567.406       -19.997139  ]
 [   3.6151607   122.43618      15.002861  ]
 [   0.14939602    0.0078097     0.        ]
 [   0.            0.            0.1496    ]]

iter 50 cost=1.414603 -> 1.442440 |dtheta|=4.818596e-03  lambda=6.202e-02

============================================================
Iteration 51
============================================================
Theta offsets (Unity frame):
  Source   : dSx=   0.000, dSy=   0.000, dSz=   0.000  (mm)
  Object   : dOx=  -7.001, dOy=  -1.997, dOz=  -8.075  (mm)
  Object offset: offset_x=  -0.001, offset_z=  -0.000  (mm)
  Detector : dDx=   0.000, dDy=   0.000, dDz=   0.000  (mm)
  Obj Stage rotY :    2.992 deg
============================================================

Unity geometry (world coordinates):
  Source   : x=  -5.000, y=  38.000, z=   0.000
  Object   : x=  -0.001, y=  18.003, z= 567.925
  Detector : x=  10.000, y=   3.000, z= 690.000
  Obj rotY :   0.0000 deg
view   0 | SOD= 568.298 mm | SDD= 691.050 mm | M= 1.216 | incident=3.1588°
[[  24.65604    -567.41095     -19.997475  ]
 [   3.6154878   122.4313       15.002525  ]
 [   0.14939602    0.00780958    0.        ]
 [   0.            0.            0.1496    ]]
Residual vector length: 540, Jacobian shape: (540, 6)
view   0 | SOD= 568.293 mm | SDD= 691.050 mm | M= 1.216 | incident=3.1588°
[[  24.656279   -567.406       -19.997139  ]
 [   3.61516     122.43618      15.002861  ]
 [   0.14939602    0.0078097     0.        ]
 [   0.            0.            0.1496    ]]

iter 51 cost=1.414603 -> 1.442440 |dtheta|=4.811083e-03  lambda=3.101e-01

============================================================
Iteration 52
============================================================
Theta offsets (Unity frame):
  Source   : dSx=   0.000, dSy=   0.000, dSz=   0.000  (mm)
  Object   : dOx=  -7.001, dOy=  -1.997, dOz=  -8.075  (mm)
  Object offset: offset_x=  -0.001, offset_z=  -0.000  (mm)
  Detector : dDx=   0.000, dDy=   0.000, dDz=   0.000  (mm)
  Obj Stage rotY :    2.992 deg
============================================================

Unity geometry (world coordinates):
  Source   : x=  -5.000, y=  38.000, z=   0.000
  Object   : x=  -0.001, y=  18.003, z= 567.925
  Detector : x=  10.000, y=   3.000, z= 690.000
  Obj rotY :   0.0000 deg
view   0 | SOD= 568.298 mm | SDD= 691.050 mm | M= 1.216 | incident=3.1588°
[[  24.65604    -567.41095     -19.997475  ]
 [   3.6154878   122.4313       15.002525  ]
 [   0.14939602    0.00780958    0.        ]
 [   0.            0.            0.1496    ]]
Residual vector length: 540, Jacobian shape: (540, 6)
view   0 | SOD= 568.293 mm | SDD= 691.050 mm | M= 1.216 | incident=3.1588°
[[  24.656279   -567.40607     -19.99714   ]
 [   3.6151638   122.43612      15.002859  ]
 [   0.14939602    0.0078097     0.        ]
 [   0.            0.            0.1496    ]]

iter 52 cost=1.414603 -> 1.442440 |dtheta|=4.773867e-03  lambda=1.550e+00

============================================================
Iteration 53
============================================================
Theta offsets (Unity frame):
  Source   : dSx=   0.000, dSy=   0.000, dSz=   0.000  (mm)
  Object   : dOx=  -7.001, dOy=  -1.997, dOz=  -8.075  (mm)
  Object offset: offset_x=  -0.001, offset_z=  -0.000  (mm)
  Detector : dDx=   0.000, dDy=   0.000, dDz=   0.000  (mm)
  Obj Stage rotY :    2.992 deg
============================================================

Unity geometry (world coordinates):
  Source   : x=  -5.000, y=  38.000, z=   0.000
  Object   : x=  -0.001, y=  18.003, z= 567.925
  Detector : x=  10.000, y=   3.000, z= 690.000
  Obj rotY :   0.0000 deg
view   0 | SOD= 568.298 mm | SDD= 691.050 mm | M= 1.216 | incident=3.1588°
[[  24.65604    -567.41095     -19.997475  ]
 [   3.6154878   122.4313       15.002525  ]
 [   0.14939602    0.00780958    0.        ]
 [   0.            0.            0.1496    ]]
Residual vector length: 540, Jacobian shape: (540, 6)
view   0 | SOD= 568.294 mm | SDD= 691.050 mm | M= 1.216 | incident=3.1588°
[[  24.65627    -567.40625     -19.997149  ]
 [   3.6151717   122.435936     15.0028515 ]
 [   0.14939602    0.00780969    0.        ]
 [   0.            0.            0.1496    ]]

iter 53 cost=1.414603 -> 1.445141 |dtheta|=4.596117e-03  lambda=7.752e+00

============================================================
Iteration 54
============================================================
Theta offsets (Unity frame):
  Source   : dSx=   0.000, dSy=   0.000, dSz=   0.000  (mm)
  Object   : dOx=  -7.001, dOy=  -1.997, dOz=  -8.075  (mm)
  Object offset: offset_x=  -0.001, offset_z=  -0.000  (mm)
  Detector : dDx=   0.000, dDy=   0.000, dDz=   0.000  (mm)
  Obj Stage rotY :    2.992 deg
============================================================

Unity geometry (world coordinates):
  Source   : x=  -5.000, y=  38.000, z=   0.000
  Object   : x=  -0.001, y=  18.003, z= 567.925
  Detector : x=  10.000, y=   3.000, z= 690.000
  Obj rotY :   0.0000 deg
view   0 | SOD= 568.298 mm | SDD= 691.050 mm | M= 1.216 | incident=3.1588°
[[  24.65604    -567.41095     -19.997475  ]
 [   3.6154878   122.4313       15.002525  ]
 [   0.14939602    0.00780958    0.        ]
 [   0.            0.            0.1496    ]]
Residual vector length: 540, Jacobian shape: (540, 6)
view   0 | SOD= 568.294 mm | SDD= 691.050 mm | M= 1.216 | incident=3.1588°
[[  24.656229   -567.4069      -19.997179  ]
 [   3.6152034   122.435265     15.002821  ]
 [   0.14939602    0.00780968    0.        ]
 [   0.            0.            0.1496    ]]

iter 54 cost=1.414603 -> 1.443530 |dtheta|=3.875073e-03  lambda=3.876e+01

============================================================
Iteration 55
============================================================
Theta offsets (Unity frame):
  Source   : dSx=   0.000, dSy=   0.000, dSz=   0.000  (mm)
  Object   : dOx=  -7.001, dOy=  -1.997, dOz=  -8.075  (mm)
  Object offset: offset_x=  -0.001, offset_z=  -0.000  (mm)
  Detector : dDx=   0.000, dDy=   0.000, dDz=   0.000  (mm)
  Obj Stage rotY :    2.992 deg
============================================================

Unity geometry (world coordinates):
  Source   : x=  -5.000, y=  38.000, z=   0.000
  Object   : x=  -0.001, y=  18.003, z= 567.925
  Detector : x=  10.000, y=   3.000, z= 690.000
  Obj rotY :   0.0000 deg
view   0 | SOD= 568.298 mm | SDD= 691.050 mm | M= 1.216 | incident=3.1588°
[[  24.65604    -567.41095     -19.997475  ]
 [   3.6154878   122.4313       15.002525  ]
 [   0.14939602    0.00780958    0.        ]
 [   0.            0.            0.1496    ]]
Residual vector length: 540, Jacobian shape: (540, 6)
view   0 | SOD= 568.296 mm | SDD= 691.050 mm | M= 1.216 | incident=3.1588°
[[  24.65613    -567.4087      -19.997253  ]
 [   3.6152859   122.433556     15.002747  ]
 [   0.14939602    0.00780964    0.        ]
 [   0.            0.            0.1496    ]]

iter 55 cost=1.414603 -> 1.417565 |dtheta|=2.174949e-03  lambda=1.938e+02

============================================================
Iteration 56
============================================================
Theta offsets (Unity frame):
  Source   : dSx=   0.000, dSy=   0.000, dSz=   0.000  (mm)
  Object   : dOx=  -7.001, dOy=  -1.997, dOz=  -8.075  (mm)
  Object offset: offset_x=  -0.001, offset_z=  -0.000  (mm)
  Detector : dDx=   0.000, dDy=   0.000, dDz=   0.000  (mm)
  Obj Stage rotY :    2.992 deg
============================================================

Unity geometry (world coordinates):
  Source   : x=  -5.000, y=  38.000, z=   0.000
  Object   : x=  -0.001, y=  18.003, z= 567.925
  Detector : x=  10.000, y=   3.000, z= 690.000
  Obj rotY :   0.0000 deg
view   0 | SOD= 568.298 mm | SDD= 691.050 mm | M= 1.216 | incident=3.1588°
[[  24.65604    -567.41095     -19.997475  ]
 [   3.6154878   122.4313       15.002525  ]
 [   0.14939602    0.00780958    0.        ]
 [   0.            0.            0.1496    ]]
Residual vector length: 540, Jacobian shape: (540, 6)
view   0 | SOD= 568.298 mm | SDD= 691.050 mm | M= 1.216 | incident=3.1588°
[[  24.656021   -567.4102      -19.997322  ]
 [   3.615368    122.43203      15.002678  ]
 [   0.14939602    0.0078096     0.        ]
 [   0.            0.            0.1496    ]]

iter 56 cost=1.414603 -> 1.405073 |dtheta|=6.977966e-04  lambda=9.690e+02

============================================================
Iteration 57
============================================================
Theta offsets (Unity frame):
  Source   : dSx=   0.000, dSy=   0.000, dSz=   0.000  (mm)
  Object   : dOx=  -7.001, dOy=  -1.997, dOz=  -8.076  (mm)
  Object offset: offset_x=  -0.001, offset_z=  -0.000  (mm)
  Detector : dDx=   0.000, dDy=   0.000, dDz=   0.000  (mm)
  Obj Stage rotY :    2.992 deg
============================================================

Unity geometry (world coordinates):
  Source   : x=  -5.000, y=  38.000, z=   0.000
  Object   : x=  -0.001, y=  18.003, z= 567.924
  Detector : x=  10.000, y=   3.000, z= 690.000
  Obj rotY :   0.0000 deg
view   0 | SOD= 568.298 mm | SDD= 691.050 mm | M= 1.216 | incident=3.1588°
[[  24.656021   -567.4102      -19.997322  ]
 [   3.615368    122.43203      15.002678  ]
 [   0.14939602    0.0078096     0.        ]
 [   0.            0.            0.1496    ]]
Residual vector length: 540, Jacobian shape: (540, 6)
view   0 | SOD= 568.295 mm | SDD= 691.050 mm | M= 1.216 | incident=3.1588°
[[  24.650824   -567.40796     -19.997171  ]
 [   3.6167953   122.43445      15.002829  ]
 [   0.14939609    0.00780816    0.        ]
 [   0.            0.            0.1496    ]]

iter 57 cost=1.405073 -> 1.420656 |dtheta|=2.540234e-03  lambda=3.230e+02

============================================================
Iteration 58
============================================================
Theta offsets (Unity frame):
  Source   : dSx=   0.000, dSy=   0.000, dSz=   0.000  (mm)
  Object   : dOx=  -7.001, dOy=  -1.997, dOz=  -8.076  (mm)
  Object offset: offset_x=  -0.001, offset_z=  -0.000  (mm)
  Detector : dDx=   0.000, dDy=   0.000, dDz=   0.000  (mm)
  Obj Stage rotY :    2.992 deg
============================================================

Unity geometry (world coordinates):
  Source   : x=  -5.000, y=  38.000, z=   0.000
  Object   : x=  -0.001, y=  18.003, z= 567.924
  Detector : x=  10.000, y=   3.000, z= 690.000
  Obj rotY :   0.0000 deg
view   0 | SOD= 568.298 mm | SDD= 691.050 mm | M= 1.216 | incident=3.1588°
[[  24.656021   -567.4102      -19.997322  ]
 [   3.615368    122.43203      15.002678  ]
 [   0.14939602    0.0078096     0.        ]
 [   0.            0.            0.1496    ]]
Residual vector length: 540, Jacobian shape: (540, 6)
view   0 | SOD= 568.297 mm | SDD= 691.050 mm | M= 1.216 | incident=3.1588°
[[  24.654009   -567.40967     -19.99724   ]
 [   3.6161118   122.43264      15.00276   ]
 [   0.14939605    0.007809      0.        ]
 [   0.            0.            0.1496    ]]

iter 58 cost=1.405073 -> 1.414269 |dtheta|=7.411380e-04  lambda=1.615e+03

============================================================
Iteration 59
============================================================
Theta offsets (Unity frame):
  Source   : dSx=   0.000, dSy=   0.000, dSz=   0.000  (mm)
  Object   : dOx=  -7.001, dOy=  -1.997, dOz=  -8.076  (mm)
  Object offset: offset_x=  -0.001, offset_z=  -0.000  (mm)
  Detector : dDx=   0.000, dDy=   0.000, dDz=   0.000  (mm)
  Obj Stage rotY :    2.992 deg
============================================================

Unity geometry (world coordinates):
  Source   : x=  -5.000, y=  38.000, z=   0.000
  Object   : x=  -0.001, y=  18.003, z= 567.924
  Detector : x=  10.000, y=   3.000, z= 690.000
  Obj rotY :   0.0000 deg
view   0 | SOD= 568.298 mm | SDD= 691.050 mm | M= 1.216 | incident=3.1588°
[[  24.656021   -567.4102      -19.997322  ]
 [   3.615368    122.43203      15.002678  ]
 [   0.14939602    0.0078096     0.        ]
 [   0.            0.            0.1496    ]]
Residual vector length: 540, Jacobian shape: (540, 6)
view   0 | SOD= 568.297 mm | SDD= 691.050 mm | M= 1.216 | incident=3.1588°
[[  24.655632   -567.41003     -19.997274  ]
 [   3.6156695   122.43221      15.002726  ]
 [   0.14939603    0.00780945    0.        ]
 [   0.            0.            0.1496    ]]

iter 59 cost=1.405073 -> 1.415944 |dtheta|=2.205885e-04  lambda=8.075e+03

============================================================
Iteration 60
============================================================
Theta offsets (Unity frame):
  Source   : dSx=   0.000, dSy=   0.000, dSz=   0.000  (mm)
  Object   : dOx=  -7.001, dOy=  -1.997, dOz=  -8.076  (mm)
  Object offset: offset_x=  -0.001, offset_z=  -0.000  (mm)
  Detector : dDx=   0.000, dDy=   0.000, dDz=   0.000  (mm)
  Obj Stage rotY :    2.992 deg
============================================================

Unity geometry (world coordinates):
  Source   : x=  -5.000, y=  38.000, z=   0.000
  Object   : x=  -0.001, y=  18.003, z= 567.924
  Detector : x=  10.000, y=   3.000, z= 690.000
  Obj rotY :   0.0000 deg
view   0 | SOD= 568.298 mm | SDD= 691.050 mm | M= 1.216 | incident=3.1588°
[[  24.656021   -567.4102      -19.997322  ]
 [   3.615368    122.43203      15.002678  ]
 [   0.14939602    0.0078096     0.        ]
 [   0.            0.            0.1496    ]]
Residual vector length: 540, Jacobian shape: (540, 6)
view   0 | SOD= 568.298 mm | SDD= 691.050 mm | M= 1.216 | incident=3.1588°
[[  24.65598    -567.41016     -19.997303  ]
 [   3.6154659   122.43209      15.002697  ]
 [   0.14939602    0.00780957    0.        ]
 [   0.            0.            0.1496    ]]

iter 60 cost=1.405073 -> 1.411577 |dtheta|=7.334754e-05  lambda=4.038e+04

============================================================
Iteration 61
============================================================
Theta offsets (Unity frame):
  Source   : dSx=   0.000, dSy=   0.000, dSz=   0.000  (mm)
  Object   : dOx=  -7.001, dOy=  -1.997, dOz=  -8.076  (mm)
  Object offset: offset_x=  -0.001, offset_z=  -0.000  (mm)
  Detector : dDx=   0.000, dDy=   0.000, dDz=   0.000  (mm)
  Obj Stage rotY :    2.992 deg
============================================================

Unity geometry (world coordinates):
  Source   : x=  -5.000, y=  38.000, z=   0.000
  Object   : x=  -0.001, y=  18.003, z= 567.924
  Detector : x=  10.000, y=   3.000, z= 690.000
  Obj rotY :   0.0000 deg
view   0 | SOD= 568.298 mm | SDD= 691.050 mm | M= 1.216 | incident=3.1588°
[[  24.656021   -567.4102      -19.997322  ]
 [   3.615368    122.43203      15.002678  ]
 [   0.14939602    0.0078096     0.        ]
 [   0.            0.            0.1496    ]]
Residual vector length: 540, Jacobian shape: (540, 6)
view   0 | SOD= 568.298 mm | SDD= 691.050 mm | M= 1.216 | incident=3.1588°
[[  24.656017   -567.4102      -19.997316  ]
 [   3.615392    122.43203      15.002684  ]
 [   0.14939602    0.00780959    0.        ]
 [   0.            0.            0.1496    ]]

iter 61 cost=1.405073 -> 1.406523 |dtheta|=1.822493e-05  lambda=2.019e+05

============================================================
Iteration 62
============================================================
Theta offsets (Unity frame):
  Source   : dSx=   0.000, dSy=   0.000, dSz=   0.000  (mm)
  Object   : dOx=  -7.001, dOy=  -1.997, dOz=  -8.076  (mm)
  Object offset: offset_x=  -0.001, offset_z=  -0.000  (mm)
  Detector : dDx=   0.000, dDy=   0.000, dDz=   0.000  (mm)
  Obj Stage rotY :    2.992 deg
============================================================

Unity geometry (world coordinates):
  Source   : x=  -5.000, y=  38.000, z=   0.000
  Object   : x=  -0.001, y=  18.003, z= 567.924
  Detector : x=  10.000, y=   3.000, z= 690.000
  Obj rotY :   0.0000 deg
view   0 | SOD= 568.298 mm | SDD= 691.050 mm | M= 1.216 | incident=3.1588°
[[  24.656021   -567.4102      -19.997322  ]
 [   3.615368    122.43203      15.002678  ]
 [   0.14939602    0.0078096     0.        ]
 [   0.            0.            0.1496    ]]
Residual vector length: 540, Jacobian shape: (540, 6)
view   0 | SOD= 568.298 mm | SDD= 691.050 mm | M= 1.216 | incident=3.1588°
[[  24.65602    -567.4102      -19.99732   ]
 [   3.6153727   122.43203      15.00268   ]
 [   0.14939602    0.0078096     0.        ]
 [   0.            0.            0.1496    ]]

iter 62 cost=1.405073 -> 1.402070 |dtheta|=3.880196e-06  lambda=1.000e+06

============================================================
Iteration 63
============================================================
Theta offsets (Unity frame):
  Source   : dSx=   0.000, dSy=   0.000, dSz=   0.000  (mm)
  Object   : dOx=  -7.001, dOy=  -1.997, dOz=  -8.076  (mm)
  Object offset: offset_x=  -0.001, offset_z=  -0.000  (mm)
  Detector : dDx=   0.000, dDy=   0.000, dDz=   0.000  (mm)
  Obj Stage rotY :    2.992 deg
============================================================

Unity geometry (world coordinates):
  Source   : x=  -5.000, y=  38.000, z=   0.000
  Object   : x=  -0.001, y=  18.003, z= 567.924
  Detector : x=  10.000, y=   3.000, z= 690.000
  Obj rotY :   0.0000 deg
view   0 | SOD= 568.298 mm | SDD= 691.050 mm | M= 1.216 | incident=3.1588°
[[  24.65602    -567.4102      -19.99732   ]
 [   3.6153727   122.43203      15.00268   ]
 [   0.14939602    0.0078096     0.        ]
 [   0.            0.            0.1496    ]]
Residual vector length: 540, Jacobian shape: (540, 6)
view   0 | SOD= 568.298 mm | SDD= 691.050 mm | M= 1.216 | incident=3.1588°
[[  24.65602    -567.4102      -19.997316  ]
 [   3.6153858   122.43203      15.002684  ]
 [   0.14939602    0.00780959    0.        ]
 [   0.            0.            0.1496    ]]

iter 63 cost=1.402070 -> 1.406523 |dtheta|=1.145871e-05  lambda=3.333e+05

============================================================
Iteration 64
============================================================
Theta offsets (Unity frame):
  Source   : dSx=   0.000, dSy=   0.000, dSz=   0.000  (mm)
  Object   : dOx=  -7.001, dOy=  -1.997, dOz=  -8.076  (mm)
  Object offset: offset_x=  -0.001, offset_z=  -0.000  (mm)
  Detector : dDx=   0.000, dDy=   0.000, dDz=   0.000  (mm)
  Obj Stage rotY :    2.992 deg
============================================================

Unity geometry (world coordinates):
  Source   : x=  -5.000, y=  38.000, z=   0.000
  Object   : x=  -0.001, y=  18.003, z= 567.924
  Detector : x=  10.000, y=   3.000, z= 690.000
  Obj rotY :   0.0000 deg
view   0 | SOD= 568.298 mm | SDD= 691.050 mm | M= 1.216 | incident=3.1588°
[[  24.65602    -567.4102      -19.99732   ]
 [   3.6153727   122.43203      15.00268   ]
 [   0.14939602    0.0078096     0.        ]
 [   0.            0.            0.1496    ]]
Residual vector length: 540, Jacobian shape: (540, 6)
view   0 | SOD= 568.298 mm | SDD= 691.050 mm | M= 1.216 | incident=3.1588°
[[  24.65602    -567.4102      -19.99732   ]
 [   3.6153774   122.43203      15.00268   ]
 [   0.14939602    0.00780959    0.        ]
 [   0.            0.            0.1496    ]]

iter 64 cost=1.402070 -> 1.408692 |dtheta|=3.923883e-06  lambda=1.000e+06

============================================================
Iteration 65
============================================================
Theta offsets (Unity frame):
  Source   : dSx=   0.000, dSy=   0.000, dSz=   0.000  (mm)
  Object   : dOx=  -7.001, dOy=  -1.997, dOz=  -8.076  (mm)
  Object offset: offset_x=  -0.001, offset_z=  -0.000  (mm)
  Detector : dDx=   0.000, dDy=   0.000, dDz=   0.000  (mm)
  Obj Stage rotY :    2.992 deg
============================================================

Unity geometry (world coordinates):
  Source   : x=  -5.000, y=  38.000, z=   0.000
  Object   : x=  -0.001, y=  18.003, z= 567.924
  Detector : x=  10.000, y=   3.000, z= 690.000
  Obj rotY :   0.0000 deg
view   0 | SOD= 568.298 mm | SDD= 691.050 mm | M= 1.216 | incident=3.1588°
[[  24.65602    -567.4102      -19.99732   ]
 [   3.6153727   122.43203      15.00268   ]
 [   0.14939602    0.0078096     0.        ]
 [   0.            0.            0.1496    ]]
Residual vector length: 540, Jacobian shape: (540, 6)
view   0 | SOD= 568.298 mm | SDD= 691.050 mm | M= 1.216 | incident=3.1588°
[[  24.65602    -567.4102      -19.99732   ]
 [   3.6153774   122.43203      15.00268   ]
 [   0.14939602    0.00780959    0.        ]
 [   0.            0.            0.1496    ]]

iter 65 cost=1.402070 -> 1.408692 |dtheta|=3.923883e-06  lambda=1.000e+06

============================================================
Iteration 66
============================================================
Theta offsets (Unity frame):
  Source   : dSx=   0.000, dSy=   0.000, dSz=   0.000  (mm)
  Object   : dOx=  -7.001, dOy=  -1.997, dOz=  -8.076  (mm)
  Object offset: offset_x=  -0.001, offset_z=  -0.000  (mm)
  Detector : dDx=   0.000, dDy=   0.000, dDz=   0.000  (mm)
  Obj Stage rotY :    2.992 deg
============================================================

Unity geometry (world coordinates):
  Source   : x=  -5.000, y=  38.000, z=   0.000
  Object   : x=  -0.001, y=  18.003, z= 567.924
  Detector : x=  10.000, y=   3.000, z= 690.000
  Obj rotY :   0.0000 deg
view   0 | SOD= 568.298 mm | SDD= 691.050 mm | M= 1.216 | incident=3.1588°
[[  24.65602    -567.4102      -19.99732   ]
 [   3.6153727   122.43203      15.00268   ]
 [   0.14939602    0.0078096     0.        ]
 [   0.            0.            0.1496    ]]
Residual vector length: 540, Jacobian shape: (540, 6)
view   0 | SOD= 568.298 mm | SDD= 691.050 mm | M= 1.216 | incident=3.1588°
[[  24.65602    -567.4102      -19.99732   ]
 [   3.6153774   122.43203      15.00268   ]
 [   0.14939602    0.00780959    0.        ]
 [   0.            0.            0.1496    ]]

iter 66 cost=1.402070 -> 1.408692 |dtheta|=3.923883e-06  lambda=1.000e+06

============================================================
Iteration 67
============================================================
Theta offsets (Unity frame):
  Source   : dSx=   0.000, dSy=   0.000, dSz=   0.000  (mm)
  Object   : dOx=  -7.001, dOy=  -1.997, dOz=  -8.076  (mm)
  Object offset: offset_x=  -0.001, offset_z=  -0.000  (mm)
  Detector : dDx=   0.000, dDy=   0.000, dDz=   0.000  (mm)
  Obj Stage rotY :    2.992 deg
============================================================

Unity geometry (world coordinates):
  Source   : x=  -5.000, y=  38.000, z=   0.000
  Object   : x=  -0.001, y=  18.003, z= 567.924
  Detector : x=  10.000, y=   3.000, z= 690.000
  Obj rotY :   0.0000 deg
view   0 | SOD= 568.298 mm | SDD= 691.050 mm | M= 1.216 | incident=3.1588°
[[  24.65602    -567.4102      -19.99732   ]
 [   3.6153727   122.43203      15.00268   ]
 [   0.14939602    0.0078096     0.        ]
 [   0.            0.            0.1496    ]]
Residual vector length: 540, Jacobian shape: (540, 6)
view   0 | SOD= 568.298 mm | SDD= 691.050 mm | M= 1.216 | incident=3.1588°
[[  24.65602    -567.4102      -19.99732   ]
 [   3.6153774   122.43203      15.00268   ]
 [   0.14939602    0.00780959    0.        ]
 [   0.            0.            0.1496    ]]

iter 67 cost=1.402070 -> 1.408692 |dtheta|=3.923883e-06  lambda=1.000e+06

============================================================
Iteration 68
============================================================
Theta offsets (Unity frame):
  Source   : dSx=   0.000, dSy=   0.000, dSz=   0.000  (mm)
  Object   : dOx=  -7.001, dOy=  -1.997, dOz=  -8.076  (mm)
  Object offset: offset_x=  -0.001, offset_z=  -0.000  (mm)
  Detector : dDx=   0.000, dDy=   0.000, dDz=   0.000  (mm)
  Obj Stage rotY :    2.992 deg
============================================================

Unity geometry (world coordinates):
  Source   : x=  -5.000, y=  38.000, z=   0.000
  Object   : x=  -0.001, y=  18.003, z= 567.924
  Detector : x=  10.000, y=   3.000, z= 690.000
  Obj rotY :   0.0000 deg
view   0 | SOD= 568.298 mm | SDD= 691.050 mm | M= 1.216 | incident=3.1588°
[[  24.65602    -567.4102      -19.99732   ]
 [   3.6153727   122.43203      15.00268   ]
 [   0.14939602    0.0078096     0.        ]
 [   0.            0.            0.1496    ]]
Residual vector length: 540, Jacobian shape: (540, 6)
view   0 | SOD= 568.298 mm | SDD= 691.050 mm | M= 1.216 | incident=3.1588°
[[  24.65602    -567.4102      -19.99732   ]
 [   3.6153774   122.43203      15.00268   ]
 [   0.14939602    0.00780959    0.        ]
 [   0.            0.            0.1496    ]]

iter 68 cost=1.402070 -> 1.408692 |dtheta|=3.923883e-06  lambda=1.000e+06

============================================================
Iteration 69
============================================================
Theta offsets (Unity frame):
  Source   : dSx=   0.000, dSy=   0.000, dSz=   0.000  (mm)
  Object   : dOx=  -7.001, dOy=  -1.997, dOz=  -8.076  (mm)
  Object offset: offset_x=  -0.001, offset_z=  -0.000  (mm)
  Detector : dDx=   0.000, dDy=   0.000, dDz=   0.000  (mm)
  Obj Stage rotY :    2.992 deg
============================================================

Unity geometry (world coordinates):
  Source   : x=  -5.000, y=  38.000, z=   0.000
  Object   : x=  -0.001, y=  18.003, z= 567.924
  Detector : x=  10.000, y=   3.000, z= 690.000
  Obj rotY :   0.0000 deg
view   0 | SOD= 568.298 mm | SDD= 691.050 mm | M= 1.216 | incident=3.1588°
[[  24.65602    -567.4102      -19.99732   ]
 [   3.6153727   122.43203      15.00268   ]
 [   0.14939602    0.0078096     0.        ]
 [   0.            0.            0.1496    ]]
Residual vector length: 540, Jacobian shape: (540, 6)
view   0 | SOD= 568.298 mm | SDD= 691.050 mm | M= 1.216 | incident=3.1588°
[[  24.65602    -567.4102      -19.99732   ]
 [   3.6153774   122.43203      15.00268   ]
 [   0.14939602    0.00780959    0.        ]
 [   0.            0.            0.1496    ]]

iter 69 cost=1.402070 -> 1.408692 |dtheta|=3.923883e-06  lambda=1.000e+06

============================================================
Iteration 70
============================================================
Theta offsets (Unity frame):
  Source   : dSx=   0.000, dSy=   0.000, dSz=   0.000  (mm)
  Object   : dOx=  -7.001, dOy=  -1.997, dOz=  -8.076  (mm)
  Object offset: offset_x=  -0.001, offset_z=  -0.000  (mm)
  Detector : dDx=   0.000, dDy=   0.000, dDz=   0.000  (mm)
  Obj Stage rotY :    2.992 deg
============================================================

Unity geometry (world coordinates):
  Source   : x=  -5.000, y=  38.000, z=   0.000
  Object   : x=  -0.001, y=  18.003, z= 567.924
  Detector : x=  10.000, y=   3.000, z= 690.000
  Obj rotY :   0.0000 deg
view   0 | SOD= 568.298 mm | SDD= 691.050 mm | M= 1.216 | incident=3.1588°
[[  24.65602    -567.4102      -19.99732   ]
 [   3.6153727   122.43203      15.00268   ]
 [   0.14939602    0.0078096     0.        ]
 [   0.            0.            0.1496    ]]
Residual vector length: 540, Jacobian shape: (540, 6)
view   0 | SOD= 568.298 mm | SDD= 691.050 mm | M= 1.216 | incident=3.1588°
[[  24.65602    -567.4102      -19.99732   ]
 [   3.6153774   122.43203      15.00268   ]
 [   0.14939602    0.00780959    0.        ]
 [   0.            0.            0.1496    ]]

iter 70 cost=1.402070 -> 1.408692 |dtheta|=3.923883e-06  lambda=1.000e+06
Stalled.

Estimated theta:
  dSx: +0.000000
  dSy: +0.000000
  dOx: -7.000541
  dOy: -1.997321
  dOz: -8.075890
  dDx: +0.000000
  dDy: +0.000000
  dDz: +0.000000
alpha: +2.992382e+00 deg)
offset_x: -0.001243
offset_z: -0.000492

Final cost table:
Fake theta: [ 0.  0. -7. -2. -8.  0.  0.  0.  3.  0.  0.]
Final estimated theta: [ 0.          0.         -7.00054086 -1.99732083 -8.07589011  0.
  0.          0.          2.9923821  -0.00124347 -0.00049233]
Diff from Expected: [ 0.          0.         -0.00054086  0.00267917 -0.07589011  0.
  0.          0.         -0.0076179  -0.00124347 -0.00049233]
################################################################################

