lambda,cuboid,K,N,M,scenario,file,sum,total_iters,cost_initial,cost_final,cost_change_pct,ddtheta_initial,dtheta,dtheta_change_pct,final_lambda,fake_dSx,fake_dSy,fake_dOx,fake_dOy,fake_dOz,fake_dDx,fake_dDy,fake_dDz,fake_alpha,fake_offset_x,fake_offset_z,hat_dSx,hat_dSy,hat_dOx,hat_dOy,hat_dOz,hat_dDx,hat_dDy,hat_dDz,hat_alpha,hat_offset_x,hat_offset_z,diff_dSx,diff_dSy,diff_dOx,diff_dOy,diff_dOz,diff_dDx,diff_dDy,diff_dDz,diff_alpha,diff_offset_x,diff_offset_z
GN,coplanar,3,3,27,G0,run140_u0065092.log,195.20289686,9,478757.903802,450619.613417,5.877352658106123,124.0436,36.62626,70.47307559600011,0.0,0.0,0.0,-10.0,5.0,-19.0,0.0,0.0,0.0,10.0,0.0,0.0,0.0,0.0,-0.30216792,-10.85911786,126.22111519,0.0,0.0,0.0,22.74048108,1.76797576,-9.91637489,0.0,0.0,9.69783208,-15.85911786,145.22111519,0.0,0.0,0.0,12.74048108,1.76797576,-9.91637489
GN,coplanar,3,3,27,G1,run141_u0065092.log,29.0,6,551586.950852,551586.950852,0.0,48.45022,48.45022,0.0,0.0,0.0,0.0,-6.0,-6.0,-12.0,0.0,0.0,0.0,5.0,0.0,0.0,0.0,0.0,0.0,0.0,0.0,0.0,0.0,0.0,0.0,0.0,0.0,0.0,0.0,6.0,6.0,12.0,0.0,0.0,0.0,-5.0,0.0,0.0
GN,coplanar,3,3,27,G2,run142_u0065092.log,255.28035668,8,744807.943036,502868.179396,32.48351013199465,61.68439,126.172,-104.5444560609256,0.0,0.0,0.0,-15.0,-12.0,-22.0,0.0,0.0,0.0,15.0,0.0,0.0,0.0,0.0,-13.31435904,-15.86684557,200.93696187,0.0,0.0,0.0,28.4176006,10.81898082,2.55432686,0.0,0.0,1.68564096,-3.86684557,222.93696187,0.0,0.0,0.0,13.4176006,10.81898082,2.55432686
GN,coplanar,3,3,27,G3,run143_u0065064.log,76.0,6,571755.89849,571755.89849,0.0,57.72565,57.72565,0.0,0.0,0.0,0.0,-18.0,-8.0,-25.0,0.0,0.0,0.0,25.0,0.0,0.0,0.0,0.0,0.0,0.0,0.0,0.0,0.0,0.0,0.0,0.0,0.0,0.0,0.0,18.0,8.0,25.0,0.0,0.0,0.0,-25.0,0.0,0.0
GN,coplanar,3,3,27,G4,run144_u0065092.log,20.0,6,508229.203438,508229.203438,0.0,17.24001,17.24001,0.0,0.0,0.0,0.0,-7.0,-2.0,-8.0,0.0,0.0,0.0,3.0,0.0,0.0,0.0,0.0,0.0,0.0,0.0,0.0,0.0,0.0,0.0,0.0,0.0,0.0,0.0,7.0,2.0,8.0,0.0,0.0,0.0,-3.0,0.0,0.0
GN,coplanar,3,5,45,G0,run145_u0065004.log,216.25903128000002,9,1195963.158916,758576.479011,36.571919180306494,103.0964,60.21809,41.59050170520019,0.0,0.0,0.0,-10.0,5.0,-19.0,0.0,0.0,0.0,10.0,0.0,0.0,0.0,0.0,-4.67876565,-9.93799039,141.20207822,0.0,0.0,0.0,19.46862257,9.89416831,16.43493744,0.0,0.0,5.32123435,-14.93799039,160.20207822,0.0,0.0,0.0,9.46862257,9.89416831,16.43493744
GN,coplanar,3,5,45,G1,run146_u0065064.log,176.26729288,8,1326778.501501,656369.541063,50.52907924567353,141.4954,47.79584,66.22092308301188,0.0,0.0,0.0,-6.0,-6.0,-12.0,0.0,0.0,0.0,5.0,0.0,0.0,0.0,0.0,-2.0679919,-17.83723191,137.03655913,0.0,0.0,0.0,13.78622865,-1.83135352,0.84391157,0.0,0.0,3.9320081,-11.83723191,149.03655913,0.0,0.0,0.0,8.78622865,-1.83135352,0.84391157
GN,coplanar,3,5,45,G2,run147_u0065092.log,390.41631951,10,1786257.046669,820919.554016,54.04247358761466,228.2607,34.21175,85.01198410414057,0.0,0.0,0.0,-15.0,-12.0,-22.0,0.0,0.0,0.0,15.0,0.0,0.0,0.0,0.0,-6.95298381,-27.61717393,312.89661469,0.0,0.0,0.0,23.20771428,4.23858339,19.40921703,0.0,0.0,8.04701619,-15.61717393,334.89661469,0.0,0.0,0.0,8.20771428,4.23858339,19.40921703
GN,coplanar,3,5,45,G3,run148_u0065004.log,211.57455008,9,1033078.226951,813995.061598,21.206832129217972,23.78702,14.73707,38.045749320427696,0.0,0.0,0.0,-18.0,-8.0,-25.0,0.0,0.0,0.0,25.0,0.0,0.0,0.0,0.0,-21.55912513,-12.84630922,148.81566676,0.0,0.0,0.0,22.95231309,-10.30339914,17.00236292,0.0,0.0,-3.55912513,-4.84630922,173.81566676,0.0,0.0,0.0,-2.04768691,-10.30339914,17.00236292
GN,coplanar,3,5,45,G4,run149_u0065064.log,82.6630064,7,1308582.602096,1070830.157781,18.168699777467925,50.6238,82.04498,-62.06799963653458,0.0,0.0,0.0,-7.0,-2.0,-8.0,0.0,0.0,0.0,3.0,0.0,0.0,0.0,0.0,-11.39469611,-14.27578433,46.45884098,0.0,0.0,0.0,5.23189102,-4.45952654,-4.84226742,0.0,0.0,-4.39469611,-12.27578433,54.45884098,0.0,0.0,0.0,2.23189102,-4.45952654,-4.84226742
GN,coplanar,3,6,54,G0,run150_u0065092.log,263.80091244,9,1105699.019584,782577.848518,29.223248401501596,109.1098,16.78775,84.6138935274375,0.0,0.0,0.0,-10.0,5.0,-19.0,0.0,0.0,0.0,10.0,0.0,0.0,0.0,0.0,-9.58236313,-6.99780805,206.06682417,0.0,0.0,0.0,12.14370383,8.56374088,15.61119864,0.0,0.0,0.41763687,-11.99780805,225.06682417,0.0,0.0,0.0,2.14370383,8.56374088,15.61119864
GN,coplanar,3,6,54,G1,run151_u0065004.log,109.70949159,8,1259117.006485,1033892.153417,17.887523709710386,18.47346,24.58548,-33.08541009643024,0.0,0.0,0.0,-6.0,-6.0,-12.0,0.0,0.0,0.0,5.0,0.0,0.0,0.0,0.0,-11.38790374,-9.23245936,70.67913539,0.0,0.0,0.0,-2.42925745,4.32913917,6.65159648,0.0,0.0,-5.38790374,-3.23245936,82.67913539,0.0,0.0,0.0,-7.42925745,4.32913917,6.65159648
GN,coplanar,3,6,54,G2,run152_u0065064.log,215.58583539,8,1703169.611737,1038734.193837,39.01169991063701,157.8264,20.82448,86.80545206632097,0.0,0.0,0.0,-15.0,-12.0,-22.0,0.0,0.0,0.0,15.0,0.0,0.0,0.0,0.0,-9.77414305,-20.09272424,162.8985576,0.0,0.0,0.0,18.18464619,5.31700307,8.86704734,0.0,0.0,5.22585695,-8.09272424,184.8985576,0.0,0.0,0.0,3.18464619,5.31700307,8.86704734
GN,coplanar,3,6,54,G3,run153_u0065092.log,106.44427012,7,1595727.823289,841943.859637,47.237627410566446,57.84691,13.33255,76.95201005550686,0.0,0.0,0.0,-18.0,-8.0,-25.0,0.0,0.0,0.0,25.0,0.0,0.0,0.0,0.0,-12.22399701,-8.09153491,49.65924774,0.0,0.0,0.0,19.74155148,4.7528422,15.90619376,0.0,0.0,5.77600299,-0.09153491,74.65924774,0.0,0.0,0.0,-5.25844852,4.7528422,15.90619376
GN,coplanar,3,6,54,G4,run154_u0065004.log,177.42894710000002,9,1132434.940584,895859.393525,20.89087316018325,62.56602,15.25945,75.61064296562256,0.0,0.0,0.0,-7.0,-2.0,-8.0,0.0,0.0,0.0,3.0,0.0,0.0,0.0,0.0,-13.3247806,-8.01529745,130.39208375,0.0,0.0,0.0,0.26433931,5.61290809,18.34821652,0.0,0.0,-6.3247806,-6.01529745,138.39208375,0.0,0.0,0.0,-2.73566069,5.61290809,18.34821652
GN,coplanar,3,9,81,G0,run155_u0065064.log,220.93361549,11,1510314.717969,1269439.533247,15.948674925575618,33.87955,40.90716,-20.742926042406097,0.0,0.0,0.0,-10.0,5.0,-19.0,0.0,0.0,0.0,10.0,0.0,0.0,0.0,0.0,-8.62333788,-7.76400773,164.85919452,0.0,0.0,0.0,8.35934902,3.12260843,18.17049171,0.0,0.0,1.37666212,-12.76400773,183.85919452,0.0,0.0,0.0,-1.64065098,3.12260843,18.17049171
GN,coplanar,3,9,81,G1,run156_u0065092.log,115.54530243,7,1726471.865591,1397921.961448,19.030133690046082,80.84283,60.27441,25.442478943401664,0.0,0.0,0.0,-6.0,-6.0,-12.0,0.0,0.0,0.0,5.0,0.0,0.0,0.0,0.0,-6.37857236,-10.38989523,79.12090765,0.0,0.0,0.0,1.16964337,7.58375495,8.24181561,0.0,0.0,-0.37857236,-4.38989523,91.12090765,0.0,0.0,0.0,-3.83035663,7.58375495,8.24181561
GN,coplanar,3,9,81,G2,run157_u0065004.log,131.87923916,7,2327444.361282,1939475.053939,16.669326828904264,86.30968,15.13303,82.46659007425353,0.0,0.0,0.0,-15.0,-12.0,-22.0,0.0,0.0,0.0,15.0,0.0,0.0,0.0,0.0,-11.20048459,-8.13107246,83.39326116,0.0,0.0,0.0,12.547559,5.73192116,10.63317289,0.0,0.0,3.79951541,3.86892754,105.39326116,0.0,0.0,0.0,-2.452441,5.73192116,10.63317289
GN,coplanar,3,9,81,G3,run158_u0065064.log,60.792232850000005,8,2551407.023244,1661069.232266,34.8959528161044,32.67582,23.00518,29.595707162054392,0.0,0.0,0.0,-18.0,-8.0,-25.0,0.0,0.0,0.0,25.0,0.0,0.0,0.0,0.0,-7.20033594,-6.43825335,-12.99707602,0.0,0.0,0.0,10.88442065,11.26960462,11.04271419,0.0,0.0,10.79966406,1.56174665,12.00292398,0.0,0.0,0.0,-14.11557935,11.26960462,11.04271419
GN,coplanar,3,9,81,G4,run159_u0065092.log,36.30337775,7,1845119.23981,1836593.420244,0.4620741782996074,23.574,30.45973,-29.209001442266896,0.0,0.0,0.0,-7.0,-2.0,-8.0,0.0,0.0,0.0,3.0,0.0,0.0,0.0,0.0,-10.17228612,-10.41690365,-13.16180492,0.0,0.0,0.0,6.96324002,8.30234022,7.28680282,0.0,0.0,-3.17228612,-8.41690365,-5.16180492,0.0,0.0,0.0,3.96324002,8.30234022,7.28680282
GN,coplanar,3,10,90,G0,run160_u0065004.log,333.14898102,11,2187296.994188,1537290.26338,29.71735125751887,76.23134,21.06621,72.36542083610233,0.0,0.0,0.0,-10.0,5.0,-19.0,0.0,0.0,0.0,10.0,0.0,0.0,0.0,0.0,-14.79864541,-16.21195009,269.53600904,0.0,0.0,0.0,0.60306965,4.4343147,4.77113143,0.0,0.0,-4.79864541,-21.21195009,288.53600904,0.0,0.0,0.0,-9.39693035,4.4343147,4.77113143
GN,coplanar,3,10,90,G1,run161_u0065064.log,108.90499847000001,9,2125298.371194,1747896.234587,17.75760720105263,62.55979,11.92805,80.93335991057515,0.0,0.0,0.0,-6.0,-6.0,-12.0,0.0,0.0,0.0,5.0,0.0,0.0,0.0,0.0,-9.72368522,-8.11747467,78.99425852,0.0,0.0,0.0,5.13730274,3.58614515,8.34613217,0.0,0.0,-3.72368522,-2.11747467,90.99425852,0.0,0.0,0.0,0.13730274,3.58614515,8.34613217
GN,coplanar,3,10,90,G2,run162_u0065092.log,263.05598882,8,3327158.825857,2039231.507459,38.709523224105766,121.2212,11.92764,90.16043398349464,0.0,0.0,0.0,-15.0,-12.0,-22.0,0.0,0.0,0.0,15.0,0.0,0.0,0.0,0.0,-11.62724071,-23.85455146,201.34377548,0.0,0.0,0.0,5.72983037,3.73865773,11.47607523,0.0,0.0,3.37275929,-11.85455146,223.34377548,0.0,0.0,0.0,-9.27016963,3.73865773,11.47607523
GN,coplanar,3,10,90,G3,run163_u0065004.log,144.19559668,8,2509900.336282,1699307.139942,32.295832014619315,35.52031,33.52093,5.628836009595643,0.0,0.0,0.0,-18.0,-8.0,-25.0,0.0,0.0,0.0,25.0,0.0,0.0,0.0,0.0,-16.30637543,-15.36764794,90.88010045,0.0,0.0,0.0,23.56356166,0.19429413,17.62349125,0.0,0.0,1.69362457,-7.36764794,115.88010045,0.0,0.0,0.0,-1.43643834,0.19429413,17.62349125
GN,coplanar,3,10,90,G4,run164_u0065064.log,368.53837069,14,2338932.885724,1533323.801624,34.44344594140116,80.29691,14.14657,82.38217385949223,0.0,0.0,0.0,-7.0,-2.0,-8.0,0.0,0.0,0.0,3.0,0.0,0.0,0.0,0.0,-5.75182559,-15.5214973,314.03436627,0.0,0.0,0.0,-13.92631623,7.12972521,7.67829127,0.0,0.0,1.24817441,-13.5214973,322.03436627,0.0,0.0,0.0,-16.92631623,7.12972521,7.67829127
GN,coplanar,3,12,108,G0,run165_u0065065.log,275.25605978,12,2548136.786323,1740429.77824,31.697945432848357,51.15092,9.184804,82.04371690675359,0.0,0.0,0.0,-10.0,5.0,-19.0,0.0,0.0,0.0,10.0,0.0,0.0,0.0,0.0,-11.92918891,-9.390715,213.52743199,0.0,0.0,0.0,11.55022848,8.244921,16.6135744,0.0,0.0,-1.92918891,-14.390715,232.52743199,0.0,0.0,0.0,1.55022848,8.244921,16.6135744
GN,coplanar,3,12,108,G1,run166_u0065092.log,201.60435525000003,11,3017124.648362,2140481.05139,29.055597601773947,51.46549,34.01643,33.90438913532156,0.0,0.0,0.0,-6.0,-6.0,-12.0,0.0,0.0,0.0,5.0,0.0,0.0,0.0,0.0,-4.02832435,-11.82871381,151.75914528,0.0,0.0,0.0,13.27768517,8.57177784,13.1953575,0.0,0.0,1.97167565,-5.82871381,163.75914528,0.0,0.0,0.0,8.27768517,8.57177784,13.1953575
GN,coplanar,3,12,108,G2,run167_u0065004.log,77.70809468,7,3183581.320488,2442218.828625,23.287059987817713,31.31602,82.94108,-164.85191924133397,0.0,0.0,0.0,-15.0,-12.0,-22.0,0.0,0.0,0.0,15.0,0.0,0.0,0.0,0.0,-12.60755143,-7.5997622,22.81085445,0.0,0.0,0.0,7.4395483,6.41176573,12.13233643,0.0,0.0,2.39244857,4.4002378,44.81085445,0.0,0.0,0.0,-7.5604517,6.41176573,12.13233643
GN,coplanar,3,12,108,G3,run168_u0065064.log,145.49713993,8,3414511.501927,1974278.41955,42.17976953845948,63.52274,55.4421,12.720861851991893,0.0,0.0,0.0,-18.0,-8.0,-25.0,0.0,0.0,0.0,25.0,0.0,0.0,0.0,0.0,-13.69177397,-15.0263873,85.5458133,0.0,0.0,0.0,16.03390466,0.19416759,14.45645037,0.0,0.0,4.30822603,-7.0263873,110.5458133,0.0,0.0,0.0,-8.96609534,0.19416759,14.45645037
GN,coplanar,3,12,108,G4,run169_u0065065.log,231.06787066,9,2684326.80038,1932447.452718,28.00997805317751,64.91846,58.98654,9.137493403263106,0.0,0.0,0.0,-7.0,-2.0,-8.0,0.0,0.0,0.0,3.0,0.0,0.0,0.0,0.0,-3.48833725,-13.256706,185.69182642,0.0,0.0,0.0,-2.75468675,-0.17006646,16.68292228,0.0,0.0,3.51166275,-11.256706,193.69182642,0.0,0.0,0.0,-5.75468675,-0.17006646,16.68292228
GN,coplanar,3,15,135,G0,run170_u0065092.log,166.09948197,8,2888822.087238,2376888.132295,17.721200526836856,53.53689,28.54341,46.68459449176073,0.0,0.0,0.0,-10.0,5.0,-19.0,0.0,0.0,0.0,10.0,0.0,0.0,0.0,0.0,-12.01781644,-4.94763225,114.35681721,0.0,0.0,0.0,2.8760321,3.8120101,9.84123807,0.0,0.0,-2.01781644,-9.94763225,133.35681721,0.0,0.0,0.0,-7.1239679,3.8120101,9.84123807
GN,coplanar,3,15,135,G1,run171_u0065004.log,124.75008627,8,3262738.682506,2680857.620259,17.83413012408572,68.44352,52.19371,23.741926189652435,0.0,0.0,0.0,-6.0,-6.0,-12.0,0.0,0.0,0.0,5.0,0.0,0.0,0.0,0.0,-10.30280196,-9.26220531,92.42019164,0.0,0.0,0.0,0.65785474,0.25742325,8.16531885,0.0,0.0,-4.30280196,-3.26220531,104.42019164,0.0,0.0,0.0,-4.34214526,0.25742325,8.16531885
GN,coplanar,3,15,135,G2,run172_u0065064.log,342.7387037,11,4405529.957556,2646885.213563,39.9190281518054,99.05058,18.54719,81.27503140314776,0.0,0.0,0.0,-15.0,-12.0,-22.0,0.0,0.0,0.0,15.0,0.0,0.0,0.0,0.0,-12.16115141,-29.16747441,277.17057172,0.0,0.0,0.0,12.5743245,3.12108801,18.01504547,0.0,0.0,2.83884859,-17.16747441,299.17057172,0.0,0.0,0.0,-2.4256755,3.12108801,18.01504547
GN,coplanar,3,15,135,G3,run173_u0065065.log,81.14385168999999,8,3950392.931934,2625092.59124,33.548570067058385,23.42649,47.74448,-103.80552101488529,0.0,0.0,0.0,-18.0,-8.0,-25.0,0.0,0.0,0.0,25.0,0.0,0.0,0.0,0.0,-18.31693234,-8.01704707,33.02825245,0.0,0.0,0.0,16.57055073,2.55257556,11.799595,0.0,0.0,-0.31693234,-0.01704707,58.02825245,0.0,0.0,0.0,-8.42944927,2.55257556,11.799595
GN,coplanar,3,15,135,G4,run174_u0065092.log,112.23978271,9,3265314.95047,2633241.664336,19.35719205410863,22.14975,62.35925,-181.53478030226077,0.0,0.0,0.0,-7.0,-2.0,-8.0,0.0,0.0,0.0,3.0,0.0,0.0,0.0,0.0,-8.45783273,-5.39393552,86.45994831,0.0,0.0,0.0,2.08305695,5.55174077,6.45938233,0.0,0.0,-1.45783273,-3.39393552,94.45994831,0.0,0.0,0.0,-0.91694305,5.55174077,6.45938233
GN,coplanar,3,18,162,G0,run175_u0065004.log,210.95385627,9,3408779.80212,2602224.926451,23.661102285556396,61.18422,49.44167,19.19212175949943,0.0,0.0,0.0,-10.0,5.0,-19.0,0.0,0.0,0.0,10.0,0.0,0.0,0.0,0.0,-10.78707954,-6.80409455,159.66528615,0.0,0.0,0.0,7.96887175,4.65581281,13.01045497,0.0,0.0,-0.78707954,-11.80409455,178.66528615,0.0,0.0,0.0,-2.03112825,4.65581281,13.01045497
GN,coplanar,3,18,162,G1,run176_u0065064.log,233.39161710000002,11,3918030.366593,3002646.420979,23.36337036637084,64.65662,9.036751,86.02347137849148,0.0,0.0,0.0,-6.0,-6.0,-12.0,0.0,0.0,0.0,5.0,0.0,0.0,0.0,0.0,-11.21027413,-18.64765685,176.93134795,0.0,0.0,0.0,4.80018451,8.33924943,18.06327325,0.0,0.0,-5.21027413,-12.64765685,188.93134795,0.0,0.0,0.0,-0.19981549,8.33924943,18.06327325
GN,coplanar,3,18,162,G2,run177_u0065065.log,218.60753806999998,8,5187506.965043,3442442.501438,33.63975172205932,104.0774,12.26051,88.21981525287912,0.0,0.0,0.0,-15.0,-12.0,-22.0,0.0,0.0,0.0,15.0,0.0,0.0,0.0,0.0,-12.06208536,-19.65385795,158.52044843,0.0,0.0,0.0,8.79420718,3.85154996,17.43797427,0.0,0.0,2.93791464,-7.65385795,180.52044843,0.0,0.0,0.0,-6.20579282,3.85154996,17.43797427
GN,coplanar,3,18,162,G3,run178_u0065085.log,111.36665096,7,5428405.376407,3647550.644761,32.80622223583324,44.97089,22.58844,49.77097406789147,0.0,0.0,0.0,-18.0,-8.0,-25.0,0.0,0.0,0.0,25.0,0.0,0.0,0.0,0.0,-7.68139098,-12.44135761,41.34338475,0.0,0.0,0.0,5.00651101,1.85507579,8.4147348,0.0,0.0,10.31860902,-4.44135761,66.34338475,0.0,0.0,0.0,-19.99348899,1.85507579,8.4147348
GN,coplanar,3,18,162,G4,run179_u0065092.log,253.99007905,12,3808370.885588,2867672.105333,24.700818499975465,37.56991,7.210784,80.80702349300277,0.0,0.0,0.0,-7.0,-2.0,-8.0,0.0,0.0,0.0,3.0,0.0,0.0,0.0,0.0,-1.66742629,-9.65771319,212.70420183,0.0,0.0,0.0,6.11409346,5.36405246,11.8174444,0.0,0.0,5.33257371,-7.65771319,220.70420183,0.0,0.0,0.0,3.11409346,5.36405246,11.8174444
GN,coplanar,3,24,216,G0,run180_u0065004.log,212.4102264,14,4862333.074934,3581707.830079,26.337670108549343,12.69795,7.847507,38.19863048759839,0.0,0.0,0.0,-10.0,5.0,-19.0,0.0,0.0,0.0,10.0,0.0,0.0,0.0,0.0,-9.93662472,-3.92097131,172.50539945,0.0,0.0,0.0,7.40441247,-0.05019275,9.27470008,0.0,0.0,0.06337528,-8.92097131,191.50539945,0.0,0.0,0.0,-2.59558753,-0.05019275,9.27470008
GN,coplanar,3,24,216,G1,run181_u0065064.log,202.05233836,9,5402399.178268,3903213.803127,27.750362860480738,45.38023,13.92396,69.31712333762961,0.0,0.0,0.0,-6.0,-6.0,-12.0,0.0,0.0,0.0,5.0,0.0,0.0,0.0,0.0,-9.41417543,-18.89189685,157.3735192,0.0,0.0,0.0,5.65549126,3.57116888,12.14608674,0.0,0.0,-3.41417543,-12.89189685,169.3735192,0.0,0.0,0.0,0.65549126,3.57116888,12.14608674
GN,coplanar,3,24,216,G2,run182_u0065065.log,113.26315458,8,6695376.483522,4875308.369596,27.183954754529072,42.4501,48.70131,-14.726019491120164,0.0,0.0,0.0,-15.0,-12.0,-22.0,0.0,0.0,0.0,15.0,0.0,0.0,0.0,0.0,-12.75236745,-15.24201587,60.60886005,0.0,0.0,0.0,8.23507651,3.09141194,15.30831068,0.0,0.0,2.24763255,-3.24201587,82.60886005,0.0,0.0,0.0,-6.76492349,3.09141194,15.30831068
GN,coplanar,3,24,216,G3,run183_u0065085.log,84.24431161,7,6197622.761422,4946337.449943,20.189762424196033,29.06338,27.56534,5.15439016384192,0.0,0.0,0.0,-18.0,-8.0,-25.0,0.0,0.0,0.0,25.0,0.0,0.0,0.0,0.0,-8.75544889,-11.60278117,23.26677227,0.0,0.0,0.0,8.30310082,2.11670249,4.31660539,0.0,0.0,9.24455111,-3.60278117,48.26677227,0.0,0.0,0.0,-16.69689918,2.11670249,4.31660539
GN,coplanar,3,24,216,G4,run184_u0065092.log,294.26169375,13,5320823.002581,3946898.748707,25.821649267557735,80.86625,7.835266,90.31083301129952,0.0,0.0,0.0,-7.0,-2.0,-8.0,0.0,0.0,0.0,3.0,0.0,0.0,0.0,0.0,-7.00344638,-15.06379458,254.94959614,0.0,0.0,0.0,2.64147265,7.28940918,10.59692012,0.0,0.0,-0.00344638,-13.06379458,262.94959614,0.0,0.0,0.0,-0.35852735,7.28940918,10.59692012
GN,coplanar,3,36,324,G0,run185_u0065064.log,208.16427723,11,7161353.246959,5367734.931785,25.045801447312254,45.69592,19.35307,57.648144517059734,0.0,0.0,0.0,-10.0,5.0,-19.0,0.0,0.0,0.0,10.0,0.0,0.0,0.0,0.0,-10.52620857,-4.5119496,163.79653313,0.0,0.0,0.0,7.19347688,3.07038794,9.45267487,0.0,0.0,-0.52620857,-9.5119496,182.79653313,0.0,0.0,0.0,-2.80652312,3.07038794,9.45267487
GN,coplanar,3,36,324,G1,run186_u0065065.log,254.69537027,11,8103747.085204,5972892.037073,26.29468844137006,67.65724,7.390386,89.07672556551228,0.0,0.0,0.0,-6.0,-6.0,-12.0,0.0,0.0,0.0,5.0,0.0,0.0,0.0,0.0,-8.33026364,-21.00652926,200.36824289,0.0,0.0,0.0,0.53588847,6.88439776,13.64182519,0.0,0.0,-2.33026364,-15.00652926,212.36824289,0.0,0.0,0.0,-4.46411153,6.88439776,13.64182519
GN,coplanar,3,36,324,G2,run187_u0065085.log,187.4539287,8,10175201.142753,7048136.988549,30.732209715885205,77.46249,46.27177,40.265578862750225,0.0,0.0,0.0,-15.0,-12.0,-22.0,0.0,0.0,0.0,15.0,0.0,0.0,0.0,0.0,-9.48906162,-16.76127497,126.44924651,0.0,0.0,0.0,8.91344961,4.99001292,17.65590553,0.0,0.0,5.51093838,-4.76127497,148.44924651,0.0,0.0,0.0,-6.08655039,4.99001292,17.65590553
GN,coplanar,3,36,324,G3,run188_u0065004.log,170.05951721,9,10513043.798553,6412973.876565,38.999836779452274,43.19077,7.826625,81.87894080147217,0.0,0.0,0.0,-18.0,-8.0,-25.0,0.0,0.0,0.0,25.0,0.0,0.0,0.0,0.0,-18.33629562,-17.20974204,111.58021245,0.0,0.0,0.0,20.97980322,3.00987705,16.90319327,0.0,0.0,-0.33629562,-9.20974204,136.58021245,0.0,0.0,0.0,-4.02019678,3.00987705,16.90319327
GN,coplanar,3,36,324,G4,run189_u0065092.log,325.23600314,12,7946410.190844,5664922.310797,28.710925125357512,61.049,18.9362,68.98196530655703,0.0,0.0,0.0,-7.0,-2.0,-8.0,0.0,0.0,0.0,3.0,0.0,0.0,0.0,0.0,-4.96729122,-15.16784186,274.84171109,0.0,0.0,0.0,7.67435227,7.73140381,14.78798533,0.0,0.0,2.03270878,-13.16784186,282.84171109,0.0,0.0,0.0,4.67435227,7.73140381,14.78798533
GN,coplanar,3,60,540,G0,run190_u0065064.log,223.08501939,11,11708774.487637,8848275.908612,24.430384085416698,38.65629,5.402136,86.02520831668016,0.0,0.0,0.0,-10.0,5.0,-19.0,0.0,0.0,0.0,10.0,0.0,0.0,0.0,0.0,-10.62766081,-7.42504868,174.99731603,0.0,0.0,0.0,8.15513686,2.88978055,11.30035018,0.0,0.0,-0.62766081,-12.42504868,193.99731603,0.0,0.0,0.0,-1.84486314,2.88978055,11.30035018
GN,coplanar,3,60,540,G1,run191_u0065065.log,120.5426611,8,12870635.374021,10547790.962401,18.04762814047698,67.94292,40.03457,41.07617099765509,0.0,0.0,0.0,-6.0,-6.0,-12.0,0.0,0.0,0.0,5.0,0.0,0.0,0.0,0.0,-5.43412603,-11.78907537,85.2028696,0.0,0.0,0.0,2.61797882,5.8372701,8.76555088,0.0,0.0,0.56587397,-5.78907537,97.2028696,0.0,0.0,0.0,-2.38202118,5.8372701,8.76555088
GN,coplanar,3,60,540,G2,run192_u0065085.log,318.99354135000004,12,17356307.348259,11110203.453751,35.98751606075091,81.40778,2.401004,97.05064552798271,0.0,0.0,0.0,-15.0,-12.0,-22.0,0.0,0.0,0.0,15.0,0.0,0.0,0.0,0.0,-9.16936406,-24.72225245,256.53097243,0.0,0.0,0.0,10.48485013,2.90836459,14.48616607,0.0,0.0,5.83063594,-12.72225245,278.53097243,0.0,0.0,0.0,-4.51514987,2.90836459,14.48616607
GN,coplanar,3,60,540,G3,run193_u0065004.log,141.23911717000001,8,17341020.000493,11634239.232603,32.90914126001676,39.77581,23.12572,41.859838932255556,0.0,0.0,0.0,-18.0,-8.0,-25.0,0.0,0.0,0.0,25.0,0.0,0.0,0.0,0.0,-13.72482115,-16.22238454,83.62279958,0.0,0.0,0.0,15.99207316,2.14454411,8.96628325,0.0,0.0,4.27517885,-8.22238454,108.62279958,0.0,0.0,0.0,-9.00792684,2.14454411,8.96628325
GN,coplanar,3,60,540,G4,run194_u0065080.log,347.20354683,14,13402522.693421,9552485.730253,28.726211111419328,44.97438,9.887884,78.01440731367504,0.0,0.0,0.0,-7.0,-2.0,-8.0,0.0,0.0,0.0,3.0,0.0,0.0,0.0,0.0,-3.35521065,-15.83026941,300.1743767,0.0,0.0,0.0,3.88293283,8.03251201,12.63866653,0.0,0.0,3.64478935,-13.83026941,308.1743767,0.0,0.0,0.0,0.88293283,8.03251201,12.63866653
GN,coplanar,3,90,810,G0,run195_u0065092.log,253.3976091,13,17409573.430268,13013135.728361,25.252989221800384,44.83662,7.247347,83.836098706816,0.0,0.0,0.0,-10.0,5.0,-19.0,0.0,0.0,0.0,10.0,0.0,0.0,0.0,0.0,-9.58596571,-7.92738199,197.48915314,0.0,0.0,0.0,8.03449804,7.82202733,13.77951039,0.0,0.0,0.41403429,-12.92738199,216.48915314,0.0,0.0,0.0,-1.96550196,7.82202733,13.77951039
GN,coplanar,3,90,810,G1,run196_u0065064.log,193.01435416,9,19483726.038722,15048724.126601,22.762596349932597,76.00574,10.26594,86.49320432904146,0.0,0.0,0.0,-6.0,-6.0,-12.0,0.0,0.0,0.0,5.0,0.0,0.0,0.0,0.0,-7.87749146,-16.92173605,150.66580478,0.0,0.0,0.0,3.52078443,4.2215814,11.8485249,0.0,0.0,-1.87749146,-10.92173605,162.66580478,0.0,0.0,0.0,-1.47921557,4.2215814,11.8485249
GN,coplanar,3,90,810,G2,run197_u0065065.log,163.38560458,8,26299355.998744,18419066.69092,29.96381093210171,78.29138,30.55008,60.97899922060385,0.0,0.0,0.0,-15.0,-12.0,-22.0,0.0,0.0,0.0,15.0,0.0,0.0,0.0,0.0,-11.03239811,-16.55635788,111.85671837,0.0,0.0,0.0,8.66066631,3.83821814,10.82737461,0.0,0.0,3.96760189,-4.55635788,133.85671837,0.0,0.0,0.0,-6.33933369,3.83821814,10.82737461
GN,coplanar,3,90,810,G3,run198_u0065085.log,129.26591122,8,26638067.99778,19446105.15666,26.998815536169406,34.71226,29.03449,16.356670525053683,0.0,0.0,0.0,-18.0,-8.0,-25.0,0.0,0.0,0.0,25.0,0.0,0.0,0.0,0.0,-15.53811186,-15.74535826,68.91772852,0.0,0.0,0.0,15.17779238,3.1403579,12.17837078,0.0,0.0,2.46188814,-7.74535826,93.91772852,0.0,0.0,0.0,-9.82220762,3.1403579,12.17837078
GN,coplanar,3,90,810,G4,run199_u0065004.log,380.43691255000005,19,19949335.671788,14253985.401806,28.54907232843981,57.02544,14.25765,74.99773785173775,0.0,0.0,0.0,-7.0,-2.0,-8.0,0.0,0.0,0.0,3.0,0.0,0.0,0.0,0.0,-5.31938489,-16.28474352,328.79015048,0.0,0.0,0.0,4.57205389,10.16697082,15.94237873,0.0,0.0,1.68061511,-14.28474352,336.79015048,0.0,0.0,0.0,1.57205389,10.16697082,15.94237873
GN,coplanar,3,180,1620,G0,run200_u0065083.log,286.39039794,15,35119428.100022,26015817.490535,25.92186462592567,41.10384,1.999201,95.13621841657616,0.0,0.0,0.0,-10.0,5.0,-19.0,0.0,0.0,0.0,10.0,0.0,0.0,0.0,0.0,-9.85450896,-7.86689924,233.3266862,0.0,0.0,0.0,8.30642183,6.27962812,13.07811517,0.0,0.0,0.14549104,-12.86689924,252.3266862,0.0,0.0,0.0,-1.69357817,6.27962812,13.07811517
GN,coplanar,3,180,1620,G1,run201_u0065046.log,283.21915645,14,39268527.741369,29044654.082963,26.03579570322228,69.19632,1.466051,97.88131652087858,0.0,0.0,0.0,-6.0,-6.0,-12.0,0.0,0.0,0.0,5.0,0.0,0.0,0.0,0.0,-10.1714595,-19.82980017,231.56122267,0.0,0.0,0.0,6.36450895,6.38343352,13.90873164,0.0,0.0,-4.1714595,-13.82980017,243.56122267,0.0,0.0,0.0,1.36450895,6.38343352,13.90873164
GN,coplanar,3,180,1620,G2,run202_u0065080.log,261.64483177,11,52543848.884586,34194256.721234,34.92243631344437,59.20767,22.84674,61.41253320726858,0.0,0.0,0.0,-15.0,-12.0,-22.0,0.0,0.0,0.0,15.0,0.0,0.0,0.0,0.0,-10.39897867,-22.30206318,205.45178399,0.0,0.0,0.0,13.63885767,5.77511563,12.15370531,0.0,0.0,4.60102133,-10.30206318,227.45178399,0.0,0.0,0.0,-1.36114233,5.77511563,12.15370531
GN,coplanar,3,180,1620,G3,run203_u0065092.log,137.17190716000002,9,52772834.437034,33318253.603205,36.8647639289515,33.93938,20.96374,38.23181213092283,0.0,0.0,0.0,-18.0,-8.0,-25.0,0.0,0.0,0.0,25.0,0.0,0.0,0.0,0.0,-18.43705587,-14.45630201,82.41971143,0.0,0.0,0.0,18.75541433,1.90736883,14.70688335,0.0,0.0,-0.43705587,-6.45630201,107.41971143,0.0,0.0,0.0,-6.24458567,1.90736883,14.70688335
GN,coplanar,3,180,1620,G4,run204_u0065064.log,277.36914748,13,39920455.289847,29679893.245471,25.65241796473321,56.29333,6.788103,87.94155009128079,0.0,0.0,0.0,-7.0,-2.0,-8.0,0.0,0.0,0.0,3.0,0.0,0.0,0.0,0.0,-4.32258412,-13.3715263,234.4785143,0.0,0.0,0.0,3.87813372,6.78185087,13.18170641,0.0,0.0,2.67741588,-11.3715263,242.4785143,0.0,0.0,0.0,0.87813372,6.78185087,13.18170641
GN,coplanar,3,360,3240,G0,run205_u0065065.log,299.0518472,18,70296367.214616,51760322.544058,26.36842472096337,40.44292,2.065095,94.89380341478805,0.0,0.0,0.0,-10.0,5.0,-19.0,0.0,0.0,0.0,10.0,0.0,0.0,0.0,0.0,-11.64023832,-9.23982377,243.21939592,0.0,0.0,0.0,9.99883901,7.04854831,13.90267989,0.0,0.0,-1.64023832,-14.23982377,262.21939592,0.0,0.0,0.0,-0.00116099,7.04854831,13.90267989
GN,coplanar,3,360,3240,G1,run206_u0065078.log,294.09460631999997,16,78368047.281125,57330771.315668,26.844200787587873,60.41371,8.694262,85.60879310341974,0.0,0.0,0.0,-6.0,-6.0,-12.0,0.0,0.0,0.0,5.0,0.0,0.0,0.0,0.0,-9.9635562,-21.34033226,244.0118015,0.0,0.0,0.0,5.53627143,5.09452055,13.14812438,0.0,0.0,-3.9635562,-15.34033226,256.0118015,0.0,0.0,0.0,0.53627143,5.09452055,13.14812438
GN,coplanar,3,360,3240,G2,run207_u0065085.log,196.77506747,10,105365949.652004,69975097.059007,33.588510054608406,55.23085,21.49518,61.08120733249624,0.0,0.0,0.0,-15.0,-12.0,-22.0,0.0,0.0,0.0,15.0,0.0,0.0,0.0,0.0,-10.99625706,-20.488037,147.2102405,0.0,0.0,0.0,11.5691664,2.86484177,8.77737166,0.0,0.0,4.00374294,-8.488037,169.2102405,0.0,0.0,0.0,-3.4308336,2.86484177,8.77737166
GN,coplanar,3,360,3240,G3,run208_u0065004.log,138.17215639,9,105210933.731297,67643225.581368,35.70703805925236,37.26814,25.52123,31.5199792637894,0.0,0.0,0.0,-18.0,-8.0,-25.0,0.0,0.0,0.0,25.0,0.0,0.0,0.0,0.0,-18.08441358,-18.03099815,83.51054801,0.0,0.0,0.0,18.97205803,1.36781618,12.1504385,0.0,0.0,-0.08441358,-10.03099815,108.51054801,0.0,0.0,0.0,-6.02794197,1.36781618,12.1504385
GN,coplanar,3,360,3240,G4,run209_u0065022.log,379.73303633,20,79655074.477267,57152951.176873,28.24945359484404,62.52095,4.011856,93.58318131762233,0.0,0.0,0.0,-7.0,-2.0,-8.0,0.0,0.0,0.0,3.0,0.0,0.0,0.0,0.0,-3.83034214,-16.79454223,326.6773457,0.0,0.0,0.0,2.03548566,10.25517948,15.87179672,0.0,0.0,3.16965786,-14.79454223,334.6773457,0.0,0.0,0.0,-0.96451434,10.25517948,15.87179672
GN,wide,3,3,27,G0,run70_u0065004.log,0.10451092,18,80574.909554,0.063805,99.99992081281835,20.10368,0.006976547,99.96529716449923,0.0,0.0,0.0,-10.0,5.0,-19.0,0.0,0.0,0.0,10.0,0.0,0.0,0.0,0.0,-9.9939261,5.00262357,-18.91028652,0.0,0.0,0.0,10.00004934,-0.00290911,-0.00314152,0.0,0.0,0.0060739,0.00262357,0.08971348,0.0,0.0,0.0,4.934e-05,-0.00290911,-0.00314152
GN,wide,3,3,27,G1,run71_u0065085.log,0.08297963,17,41997.791231,0.085197,99.99979713933162,10.43535,0.0126828,99.87846310856845,0.0,0.0,0.0,-6.0,-6.0,-12.0,0.0,0.0,0.0,5.0,0.0,0.0,0.0,0.0,-6.00175612,-5.99881953,-11.93191059,0.0,0.0,0.0,4.99745226,0.00179033,0.00761556,0.0,0.0,-0.00175612,0.00118047,0.06808941,0.0,0.0,0.0,-0.00254774,0.00179033,0.00761556
GN,wide,3,3,27,G2,run72_u0065004.log,170.12478513,8,1191480.391203,36488.45549,96.93755300050226,84.13041,4.689302,94.42615101958971,0.0,0.0,0.0,-15.0,-12.0,-22.0,0.0,0.0,0.0,15.0,0.0,0.0,0.0,0.0,21.1473683,-8.6588018,8.99341341,0.0,0.0,0.0,18.22203041,-36.82641834,-59.59435647,0.0,0.0,36.1473683,3.3411982,30.99341341,0.0,0.0,0.0,3.22203041,-36.82641834,-59.59435647
GN,wide,3,3,27,G3,run73_u0065085.log,76.0,6,651513.429252,651513.429252,0.0,33.15754,33.15754,0.0,0.0,0.0,0.0,-18.0,-8.0,-25.0,0.0,0.0,0.0,25.0,0.0,0.0,0.0,0.0,0.0,0.0,0.0,0.0,0.0,0.0,0.0,0.0,0.0,0.0,0.0,18.0,8.0,25.0,0.0,0.0,0.0,-25.0,0.0,0.0
GN,wide,3,3,27,G4,run74_u0065004.log,0.28962906000000005,17,20226.516522,0.657517,99.99674923262597,8.547962,0.06707534,99.21530605774804,0.0,0.0,0.0,-7.0,-2.0,-8.0,0.0,0.0,0.0,3.0,0.0,0.0,0.0,0.0,-7.00345126,-2.00475241,-8.25637932,0.0,0.0,0.0,3.00825527,-0.01645796,0.00033284,0.0,0.0,-0.00345126,-0.00475241,-0.25637932,0.0,0.0,0.0,0.00825527,-0.01645796,0.00033284
GN,wide,3,5,45,G0,run75_u0065080.log,0.12370931,19,132465.727258,0.297424,99.99977547097943,11.89715,0.0140901,99.88156743421743,0.0,0.0,0.0,-10.0,5.0,-19.0,0.0,0.0,0.0,10.0,0.0,0.0,0.0,0.0,-9.99942648,4.9915204,-18.89673175,0.0,0.0,0.0,9.99198654,0.00271311,-0.00066137,0.0,0.0,0.00057352,-0.0084796,0.10326825,0.0,0.0,0.0,-0.00801346,0.00271311,-0.00066137
GN,wide,3,5,45,G1,run76_u0065085.log,27.54137246,7,983900.600725,909776.580232,7.533689931521619,24.11209,25.28595,-4.868346128435989,0.0,0.0,0.0,-6.0,-6.0,-12.0,0.0,0.0,0.0,5.0,0.0,0.0,0.0,0.0,-1.89257589,-9.33433287,-19.04874565,0.0,0.0,0.0,7.30577077,-2.48088032,-8.26421874,0.0,0.0,4.10742411,-3.33433287,-7.04874565,0.0,0.0,0.0,2.30577077,-2.48088032,-8.26421874
GN,wide,3,5,45,G2,run77_u0065004.log,316.01553738999996,8,1987562.993147,600899.539986,69.7670191054137,172.9576,79.80024,53.86138568065237,0.0,0.0,0.0,-15.0,-12.0,-22.0,0.0,0.0,0.0,15.0,0.0,0.0,0.0,0.0,9.5662119,-25.18650625,192.75334832,0.0,0.0,0.0,7.49871679,9.55749002,46.45069769,0.0,0.0,24.5662119,-13.18650625,214.75334832,0.0,0.0,0.0,-7.50128321,9.55749002,46.45069769
GN,wide,3,5,45,G3,run78_u0065007.log,76.0,6,1972305.632667,1972305.632667,0.0,32.29162,32.29162,0.0,0.0,0.0,0.0,-18.0,-8.0,-25.0,0.0,0.0,0.0,25.0,0.0,0.0,0.0,0.0,0.0,0.0,0.0,0.0,0.0,0.0,0.0,0.0,0.0,0.0,0.0,18.0,8.0,25.0,0.0,0.0,0.0,-25.0,0.0,0.0
GN,wide,3,5,45,G4,run79_u0065009.log,0.03741502,17,35769.377485,0.448582,99.99874590492892,17.77106,0.07146388,99.59786371775235,0.0,0.0,0.0,-7.0,-2.0,-8.0,0.0,0.0,0.0,3.0,0.0,0.0,0.0,0.0,-7.00019014,-2.00050057,-8.02135238,0.0,0.0,0.0,2.99413853,-0.00623608,0.00327438,0.0,0.0,-0.00019014,-0.00050057,-0.02135238,0.0,0.0,0.0,-0.00586147,-0.00623608,0.00327438
GN,wide,3,6,54,G0,run80_u0065034.log,0.10585768,17,162365.549124,0.194343,99.99988030527346,15.3913,0.00899954,99.94152839591197,0.0,0.0,0.0,-10.0,5.0,-19.0,0.0,0.0,0.0,10.0,0.0,0.0,0.0,0.0,-9.99827927,5.00016828,-18.9048356,0.0,0.0,0.0,10.00010928,0.00787878,0.00081621,0.0,0.0,0.00172073,0.00016828,0.0951644,0.0,0.0,0.0,0.00010928,0.00787878,0.00081621
GN,wide,3,6,54,G1,run81_u0065080.log,0.00710341,17,84236.230156,0.13138,99.99984403385602,8.3287,0.002467848,99.97036934935824,0.0,0.0,0.0,-6.0,-6.0,-12.0,0.0,0.0,0.0,5.0,0.0,0.0,0.0,0.0,-6.00051841,-5.99634756,-11.99803967,0.0,0.0,0.0,4.99993354,-0.0005463,0.00035947,0.0,0.0,-0.00051841,0.00365244,0.00196033,0.0,0.0,0.0,-6.646e-05,-0.0005463,0.00035947
GN,wide,3,6,54,G2,run82_u0065085.log,461.97438617999995,11,2464054.914758,1357159.450588,44.92170436382951,216.6316,19.30065,91.0905657346389,0.0,0.0,0.0,-15.0,-12.0,-22.0,0.0,0.0,0.0,15.0,0.0,0.0,0.0,0.0,30.62103204,-28.64869732,361.98383798,0.0,0.0,0.0,15.1738434,4.87817578,-10.66879966,0.0,0.0,45.62103204,-16.64869732,383.98383798,0.0,0.0,0.0,0.1738434,4.87817578,-10.66879966
GN,wide,3,6,54,G3,run83_u0065004.log,60.70963063,7,1189141.849902,405829.623137,65.87205948807156,36.94381,13.18908,64.29962150628211,0.0,0.0,0.0,-18.0,-8.0,-25.0,0.0,0.0,0.0,25.0,0.0,0.0,0.0,0.0,-11.64888769,-15.56793506,15.8501488,0.0,0.0,0.0,26.95577028,1.28215178,2.7025124,0.0,0.0,6.35111231,-7.56793506,40.8501488,0.0,0.0,0.0,1.95577028,1.28215178,2.7025124
GN,wide,3,6,54,G4,run84_u0065007.log,0.25975454,17,41167.412244,1.185322,99.9971207274507,7.564939,0.0841776,98.88726663889821,0.0,0.0,0.0,-7.0,-2.0,-8.0,0.0,0.0,0.0,3.0,0.0,0.0,0.0,0.0,-7.00853728,-1.9948599,-8.21487487,0.0,0.0,0.0,3.00900217,-0.00605459,-0.01614553,0.0,0.0,-0.00853728,0.0051401,-0.21487487,0.0,0.0,0.0,0.00900217,-0.00605459,-0.01614553
GN,wide,3,9,81,G0,run85_u0065009.log,0.13364199,19,220376.818229,0.437516,99.99980146913659,12.45467,0.03384838,99.72822740385735,0.0,0.0,0.0,-10.0,5.0,-19.0,0.0,0.0,0.0,10.0,0.0,0.0,0.0,0.0,-9.99611041,4.99451729,-18.88399233,0.0,0.0,0.0,10.00287199,0.00373239,-0.00165764,0.0,0.0,0.00388959,-0.00548271,0.11600767,0.0,0.0,0.0,0.00287199,0.00373239,-0.00165764
GN,wide,3,9,81,G1,run86_u0065034.log,29.0,6,1472208.723294,1472208.723294,0.0,16.11619,16.11619,0.0,0.0,0.0,0.0,-6.0,-6.0,-12.0,0.0,0.0,0.0,5.0,0.0,0.0,0.0,0.0,0.0,0.0,0.0,0.0,0.0,0.0,0.0,0.0,0.0,0.0,0.0,6.0,6.0,12.0,0.0,0.0,0.0,-5.0,0.0,0.0
GN,wide,3,9,81,G2,run87_u0065080.log,237.43782743,7,4202069.618963,3470845.380837,17.401526020086603,149.7138,21.61141,85.5648510691733,0.0,0.0,0.0,-15.0,-12.0,-22.0,0.0,0.0,0.0,15.0,0.0,0.0,0.0,0.0,16.39823246,-12.39112585,147.19094353,0.0,0.0,0.0,3.22244182,-14.75498955,9.92497786,0.0,0.0,31.39823246,-0.39112585,169.19094353,0.0,0.0,0.0,-11.77755818,-14.75498955,9.92497786
GN,wide,3,9,81,G3,run88_u0065085.log,67.46166104000001,7,2218122.996478,1795146.372711,19.069123959249087,32.22278,34.99806,-8.612788840689731,0.0,0.0,0.0,-18.0,-8.0,-25.0,0.0,0.0,0.0,25.0,0.0,0.0,0.0,0.0,-9.6316007,-12.49231429,19.48237447,0.0,0.0,0.0,19.92387166,2.17122897,-2.87121567,0.0,0.0,8.3683993,-4.49231429,44.48237447,0.0,0.0,0.0,-5.07612834,2.17122897,-2.87121567
GN,wide,3,9,81,G4,run89_u0065004.log,0.04786497,16,62366.750314,1.382213,99.99778373413231,7.003228,0.01506789,99.78484364638706,0.0,0.0,0.0,-7.0,-2.0,-8.0,0.0,0.0,0.0,3.0,0.0,0.0,0.0,0.0,-7.00468687,-1.99789106,-7.96565061,0.0,0.0,0.0,2.99990378,-0.00300038,0.00362317,0.0,0.0,-0.00468687,0.00210894,0.03434939,0.0,0.0,0.0,-9.622e-05,-0.00300038,0.00362317
GN,wide,3,10,90,G0,run90_u0065007.log,0.09182687,13,261437.013836,0.523984,99.99979957543412,12.43367,0.02455429,99.80251776024296,0.0,0.0,0.0,-10.0,5.0,-19.0,0.0,0.0,0.0,10.0,0.0,0.0,0.0,0.0,-9.99959907,4.99389705,-18.92292002,0.0,0.0,0.0,9.99473977,-0.00102956,0.00195322,0.0,0.0,0.00040093,-0.00610295,0.07707998,0.0,0.0,0.0,-0.00526023,-0.00102956,0.00195322
GN,wide,3,10,90,G1,run91_u0065034.log,29.0,6,2363143.594857,2363143.594857,0.0,12.87759,12.87759,0.0,0.0,0.0,0.0,-6.0,-6.0,-12.0,0.0,0.0,0.0,5.0,0.0,0.0,0.0,0.0,0.0,0.0,0.0,0.0,0.0,0.0,0.0,0.0,0.0,0.0,0.0,6.0,6.0,12.0,0.0,0.0,0.0,-5.0,0.0,0.0
GN,wide,3,10,90,G2,run92_u0065080.log,266.17841184,9,4632531.576554,2846522.555418,38.55362865037518,124.701,8.541961,93.15004611029583,0.0,0.0,0.0,-15.0,-12.0,-22.0,0.0,0.0,0.0,15.0,0.0,0.0,0.0,0.0,14.34307126,-19.27452617,175.79536765,0.0,0.0,0.0,6.33517348,5.77469418,17.32592606,0.0,0.0,29.34307126,-7.27452617,197.79536765,0.0,0.0,0.0,-8.66482652,5.77469418,17.32592606
GN,wide,3,10,90,G3,run93_u0065085.log,75.62021183,9,3821699.215965,1195780.790683,68.71075605092959,27.55959,26.00669,5.63469920996648,0.0,0.0,0.0,-18.0,-8.0,-25.0,0.0,0.0,0.0,25.0,0.0,0.0,0.0,0.0,-15.41763775,-17.30365029,32.73274142,0.0,0.0,0.0,26.62100295,4.01163361,0.36882131,0.0,0.0,2.58236225,-9.30365029,57.73274142,0.0,0.0,0.0,1.62100295,4.01163361,0.36882131
GN,wide,3,10,90,G4,run94_u0065004.log,0.024305689999999998,14,71529.951654,0.968959,99.99864538004346,9.659607,0.01275088,99.86799794235935,0.0,0.0,0.0,-7.0,-2.0,-8.0,0.0,0.0,0.0,3.0,0.0,0.0,0.0,0.0,-7.00443935,-2.00008329,-7.98555772,0.0,0.0,0.0,2.99560325,-0.00092674,-1.728e-05,0.0,0.0,-0.00443935,-8.329e-05,0.01444228,0.0,0.0,0.0,-0.00439675,-0.00092674,-1.728e-05
GN,wide,3,12,108,G0,run95_u0065007.log,0.12608046,21,318805.223824,0.481294,99.99984903195931,12.32747,0.005300401,99.95700333482866,0.0,0.0,0.0,-10.0,5.0,-19.0,0.0,0.0,0.0,10.0,0.0,0.0,0.0,0.0,-9.99832069,4.99659091,-18.88216622,0.0,0.0,0.0,9.99871323,0.00035234,0.00151917,0.0,0.0,0.00167931,-0.00340909,0.11783378,0.0,0.0,0.0,-0.00128677,0.00035234,0.00151917
GN,wide,3,12,108,G1,run96_u0065009.log,29.0,6,2256175.346329,2256175.346329,0.0,14.31615,14.31615,0.0,0.0,0.0,0.0,-6.0,-6.0,-12.0,0.0,0.0,0.0,5.0,0.0,0.0,0.0,0.0,0.0,0.0,0.0,0.0,0.0,0.0,0.0,0.0,0.0,0.0,0.0,6.0,6.0,12.0,0.0,0.0,0.0,-5.0,0.0,0.0
GN,wide,3,12,108,G2,run97_u0065034.log,358.81338188999996,11,4974691.554085,2254786.066097,54.67485689146963,109.1975,13.34025,87.78337416149637,0.0,0.0,0.0,-15.0,-12.0,-22.0,0.0,0.0,0.0,15.0,0.0,0.0,0.0,0.0,11.02713596,-15.91666688,285.80301038,0.0,0.0,0.0,21.78204563,4.55205104,9.732472,0.0,0.0,26.02713596,-3.91666688,307.80301038,0.0,0.0,0.0,6.78204563,4.55205104,9.732472
GN,wide,3,12,108,G3,run98_u0065064.log,107.31680555999999,7,3926742.301436,3223356.488579,17.912706229786806,59.78002,12.79806,78.59140896908364,0.0,0.0,0.0,-18.0,-8.0,-25.0,0.0,0.0,0.0,25.0,0.0,0.0,0.0,0.0,-10.66938563,-20.06133075,52.05425084,0.0,0.0,0.0,18.38918573,-2.61875119,-1.64104414,0.0,0.0,7.33061437,-12.06133075,77.05425084,0.0,0.0,0.0,-6.61081427,-2.61875119,-1.64104414
GN,wide,3,12,108,G4,run99_u0065080.log,0.048881930000000004,16,84442.818907,1.89366,99.9977574647264,7.026806,0.01634312,99.76741751515554,0.0,0.0,0.0,-7.0,-2.0,-8.0,0.0,0.0,0.0,3.0,0.0,0.0,0.0,0.0,-6.9939558,-2.00055503,-7.96485008,0.0,0.0,0.0,3.00545552,-0.00028437,0.00139289,0.0,0.0,0.0060442,-0.00055503,0.03514992,0.0,0.0,0.0,0.00545552,-0.00028437,0.00139289
GN,wide,3,15,135,G0,run100_u0065085.log,0.08321393,23,397008.963172,0.643866,99.99983782079002,15.47936,0.01829668,99.88179950592271,0.0,0.0,0.0,-10.0,5.0,-19.0,0.0,0.0,0.0,10.0,0.0,0.0,0.0,0.0,-10.00102252,4.99919645,-18.92224254,0.0,0.0,0.0,9.99854364,-0.00089109,0.00128295,0.0,0.0,-0.00102252,-0.00080355,0.07775746,0.0,0.0,0.0,-0.00145636,-0.00089109,0.00128295
GN,wide,3,15,135,G1,run101_u0065092.log,46.7795689,7,3633750.158025,3294629.801878,9.332517135171363,16.87328,17.61246,-4.380772440213151,0.0,0.0,0.0,-6.0,-6.0,-12.0,0.0,0.0,0.0,5.0,0.0,0.0,0.0,0.0,5.40603816,-8.51330365,3.95817177,0.0,0.0,0.0,8.92108046,7.81342463,5.16755023,0.0,0.0,11.40603816,-2.51330365,15.95817177,0.0,0.0,0.0,3.92108046,7.81342463,5.16755023
GN,wide,3,15,135,G2,run102_u0065004.log,244.79416645999999,9,6321670.677676,2808690.119611,55.570445491103264,91.3413,33.86506,62.92470109359075,0.0,0.0,0.0,-15.0,-12.0,-22.0,0.0,0.0,0.0,15.0,0.0,0.0,0.0,0.0,10.05453011,-16.60099872,133.28083578,0.0,0.0,0.0,18.5887189,25.1642509,31.10483205,0.0,0.0,25.05453011,-4.60099872,155.28083578,0.0,0.0,0.0,3.5887189,25.1642509,31.10483205
GN,wide,3,15,135,G3,run103_u0065009.log,76.0,6,4523405.555154,4523405.555154,0.0,29.89376,29.89376,0.0,0.0,0.0,0.0,-18.0,-8.0,-25.0,0.0,0.0,0.0,25.0,0.0,0.0,0.0,0.0,0.0,0.0,0.0,0.0,0.0,0.0,0.0,0.0,0.0,0.0,0.0,18.0,8.0,25.0,0.0,0.0,0.0,-25.0,0.0,0.0
GN,wide,3,15,135,G4,run104_u0065034.log,92.20667898,7,950929.454767,804256.103023,15.424209546641764,71.03995,4.768649,93.28736999392596,0.0,0.0,0.0,-7.0,-2.0,-8.0,0.0,0.0,0.0,3.0,0.0,0.0,0.0,0.0,-3.80823548,-4.69142095,70.49998845,0.0,0.0,0.0,4.13109374,3.82274116,2.86967016,0.0,0.0,3.19176452,-2.69142095,78.49998845,0.0,0.0,0.0,1.13109374,3.82274116,2.86967016
GN,wide,3,18,162,G0,run105_u0065064.log,0.07960177,24,440811.423503,0.623922,99.9998584605646,11.62653,0.008449936,99.9273219438646,0.0,0.0,0.0,-10.0,5.0,-19.0,0.0,0.0,0.0,10.0,0.0,0.0,0.0,0.0,-9.99926873,4.99838559,-18.925228,0.0,0.0,0.0,10.00095522,8.843e-05,0.00144044,0.0,0.0,0.00073127,-0.00161441,0.074772,0.0,0.0,0.0,0.00095522,8.843e-05,0.00144044
GN,wide,3,18,162,G1,run106_u0065092.log,29.0,6,2535741.121877,2535741.121877,0.0,7.730403,7.730403,0.0,0.0,0.0,0.0,-6.0,-6.0,-12.0,0.0,0.0,0.0,5.0,0.0,0.0,0.0,0.0,0.0,0.0,0.0,0.0,0.0,0.0,0.0,0.0,0.0,0.0,0.0,6.0,6.0,12.0,0.0,0.0,0.0,-5.0,0.0,0.0
GN,wide,3,18,162,G2,run107_u0065004.log,262.74420649,9,8620718.41535,5976537.555327,30.672395647615478,105.3122,23.68161,77.5129472178912,0.0,0.0,0.0,-15.0,-12.0,-22.0,0.0,0.0,0.0,15.0,0.0,0.0,0.0,0.0,29.009709,-20.45159357,159.29947523,0.0,0.0,0.0,14.50477988,13.92429593,14.56391264,0.0,0.0,44.009709,-8.45159357,181.29947523,0.0,0.0,0.0,-0.49522012,13.92429593,14.56391264
GN,wide,3,18,162,G3,run108_u0065007.log,91.58575853,7,4412619.650739,1364233.615025,69.08336265065299,52.91363,26.88093,49.198476838576376,0.0,0.0,0.0,-18.0,-8.0,-25.0,0.0,0.0,0.0,25.0,0.0,0.0,0.0,0.0,-11.44636051,-14.46731795,44.72624358,0.0,0.0,0.0,20.96317993,4.41452159,-0.38721585,0.0,0.0,6.55363949,-6.46731795,69.72624358,0.0,0.0,0.0,-4.03682007,4.41452159,-0.38721585
GN,wide,3,18,162,G4,run109_u0065009.log,0.08147038999999999,21,125175.702984,2.702115,99.99784134226086,6.675184,0.03293429,99.50661599740172,0.0,0.0,0.0,-7.0,-2.0,-8.0,0.0,0.0,0.0,3.0,0.0,0.0,0.0,0.0,-6.99850912,-1.99605575,-8.06818727,0.0,0.0,0.0,3.00364594,0.00339251,0.00080954,0.0,0.0,0.00149088,0.00394425,-0.06818727,0.0,0.0,0.0,0.00364594,0.00339251,0.00080954
GN,wide,3,24,216,G0,run110_u0065034.log,0.101342,21,613546.470476,0.880625,99.99985646971463,11.95725,0.0008071702,99.99324953312843,0.0,0.0,0.0,-10.0,5.0,-19.0,0.0,0.0,0.0,10.0,0.0,0.0,0.0,0.0,-9.99985869,4.99439599,-18.90717968,0.0,0.0,0.0,10.00004379,0.00063513,0.00209744,0.0,0.0,0.00014131,-0.00560401,0.09282032,0.0,0.0,0.0,4.379e-05,0.00063513,0.00209744
GN,wide,3,24,216,G1,run111_u0065065.log,29.0,6,4788103.835265,4788103.835265,0.0,16.1338,16.1338,0.0,0.0,0.0,0.0,-6.0,-6.0,-12.0,0.0,0.0,0.0,5.0,0.0,0.0,0.0,0.0,0.0,0.0,0.0,0.0,0.0,0.0,0.0,0.0,0.0,0.0,0.0,6.0,6.0,12.0,0.0,0.0,0.0,-5.0,0.0,0.0
GN,wide,3,24,216,G2,run112_u0065078.log,84.84252671,7,11239296.968639,9545959.958416,15.066218242545919,31.94035,28.98033,9.267337396114947,0.0,0.0,0.0,-15.0,-12.0,-22.0,0.0,0.0,0.0,15.0,0.0,0.0,0.0,0.0,8.37865311,-14.67583878,23.17952038,0.0,0.0,0.0,11.8746592,4.41766091,6.06551273,0.0,0.0,23.37865311,-2.67583878,45.17952038,0.0,0.0,0.0,-3.1253408,4.41766091,6.06551273
GN,wide,3,24,216,G3,run113_u0065080.log,53.03922744,7,7190491.040545,4099065.282666,42.99324956317151,30.05452,30.17767,-0.4097553379658001,0.0,0.0,0.0,-18.0,-8.0,-25.0,0.0,0.0,0.0,25.0,0.0,0.0,0.0,0.0,-8.03831095,-15.28233335,6.13951128,0.0,0.0,0.0,23.64961654,0.50161388,-2.80369642,0.0,0.0,9.96168905,-7.28233335,31.13951128,0.0,0.0,0.0,-1.35038346,0.50161388,-2.80369642
GN,wide,3,24,216,G4,run114_u0065085.log,0.03081971,20,177275.053636,2.960861,99.99832979263621,6.429475,0.008283064,99.87117044548738,0.0,0.0,0.0,-7.0,-2.0,-8.0,0.0,0.0,0.0,3.0,0.0,0.0,0.0,0.0,-7.00130047,-1.99695018,-8.02370751,0.0,0.0,0.0,2.99971408,-0.00040373,0.00207226,0.0,0.0,-0.00130047,0.00304982,-0.02370751,0.0,0.0,0.0,-0.00028592,-0.00040373,0.00207226
GN,wide,3,36,324,G0,run115_u0065092.log,0.07088242,24,916650.103382,1.255296,99.99986305614374,11.83192,0.001626578,99.98625262848294,0.0,0.0,0.0,-10.0,5.0,-19.0,0.0,0.0,0.0,10.0,0.0,0.0,0.0,0.0,-10.00005412,4.99760784,-18.9340652,0.0,0.0,0.0,10.00000811,0.00113301,0.00136022,0.0,0.0,-5.412e-05,-0.00239216,0.0659348,0.0,0.0,0.0,8.11e-06,0.00113301,0.00136022
GN,wide,3,36,324,G1,run116_u0065004.log,50.3829431,7,7226813.190181,6114445.912182,15.392224051264574,26.37809,10.66555,59.56663276226596,0.0,0.0,0.0,-6.0,-6.0,-12.0,0.0,0.0,0.0,5.0,0.0,0.0,0.0,0.0,0.6616287,-4.97466921,24.87616697,0.0,0.0,0.0,5.95754368,3.9280426,0.93423036,0.0,0.0,6.6616287,1.02533079,36.87616697,0.0,0.0,0.0,0.95754368,3.9280426,0.93423036
GN,wide,3,36,324,G2,run117_u0065007.log,385.32015897,14,16986621.74116,10787575.317638,36.49369791111081,118.7167,23.60179,80.11923343556552,0.0,0.0,0.0,-15.0,-12.0,-22.0,0.0,0.0,0.0,15.0,0.0,0.0,0.0,0.0,23.68322015,-16.77800542,284.60555146,0.0,0.0,0.0,18.13876518,17.52545086,14.5891659,0.0,0.0,38.68322015,-4.77800542,306.60555146,0.0,0.0,0.0,3.13876518,17.52545086,14.5891659
GN,wide,3,36,324,G3,run118_u0065046.log,64.20917678,8,9626251.498276,2061135.539939,78.5883888416157,36.54943,10.57505,71.06644344385126,0.0,0.0,0.0,-18.0,-8.0,-25.0,0.0,0.0,0.0,25.0,0.0,0.0,0.0,0.0,-14.83750966,-11.39939165,28.14234564,0.0,0.0,0.0,27.21227496,2.2853204,0.00735379,0.0,0.0,3.16249034,-3.39939165,53.14234564,0.0,0.0,0.0,2.21227496,2.2853204,0.00735379
GN,wide,3,36,324,G4,run119_u0065065.log,40.20496147,9,2282907.444256,2067714.977465,9.426245787250103,13.30264,3.932661,70.43698844740594,0.0,0.0,0.0,-7.0,-2.0,-8.0,0.0,0.0,0.0,3.0,0.0,0.0,0.0,0.0,-4.29835448,-2.77911576,27.27307132,0.0,0.0,0.0,3.081664,-0.63809472,0.73137015,0.0,0.0,2.70164552,-0.77911576,35.27307132,0.0,0.0,0.0,0.081664,-0.63809472,0.73137015
GN,wide,3,60,540,G0,run120_u0065078.log,0.0701019,26,1555727.555997,2.313147,99.9998513141333,11.52308,0.0005208415,99.99548001489185,0.0,0.0,0.0,-10.0,5.0,-19.0,0.0,0.0,0.0,10.0,0.0,0.0,0.0,0.0,-9.99874955,4.99958971,-18.934216,0.0,0.0,0.0,9.99882075,-1.294e-05,0.00146497,0.0,0.0,0.00125045,-0.00041029,0.065784,0.0,0.0,0.0,-0.00117925,-1.294e-05,0.00146497
GN,wide,3,60,540,G1,run121_u0065080.log,42.8988554,7,14042692.067204,12638818.05203,9.99718578500113,16.7859,19.82832,-18.12485478884063,0.0,0.0,0.0,-6.0,-6.0,-12.0,0.0,0.0,0.0,5.0,0.0,0.0,0.0,0.0,1.96793809,-7.0213754,12.39520938,0.0,0.0,0.0,6.37775731,4.83480713,3.30176809,0.0,0.0,7.96793809,-1.0213754,24.39520938,0.0,0.0,0.0,1.37775731,4.83480713,3.30176809
GN,wide,3,60,540,G2,run122_u0065009.log,211.89090694,8,26824761.173951,19869287.821971,25.929302061165505,85.51228,16.32267,80.91189943713347,0.0,0.0,0.0,-15.0,-12.0,-22.0,0.0,0.0,0.0,15.0,0.0,0.0,0.0,0.0,21.76090799,-19.89866872,121.66524511,0.0,0.0,0.0,17.0470757,11.91452518,9.60448424,0.0,0.0,36.76090799,-7.89866872,143.66524511,0.0,0.0,0.0,2.0470757,11.91452518,9.60448424
GN,wide,3,60,540,G3,run123_u0065064.log,57.30518308,9,17659630.955681,8806034.738462,50.134661587426045,32.42808,9.651827,70.2362057821493,0.0,0.0,0.0,-18.0,-8.0,-25.0,0.0,0.0,0.0,25.0,0.0,0.0,0.0,0.0,-13.34038702,-13.67356321,15.32869653,0.0,0.0,0.0,24.92623061,2.18915179,4.38038918,0.0,0.0,4.65961298,-5.67356321,40.32869653,0.0,0.0,0.0,-0.07376939,2.18915179,4.38038918
GN,wide,3,60,540,G4,run124_u0065004.log,71.8078603,10,4460854.732963,3983804.648949,10.694140754884724,31.11598,2.894833,90.6966356193827,0.0,0.0,0.0,-7.0,-2.0,-8.0,0.0,0.0,0.0,3.0,0.0,0.0,0.0,0.0,-2.40875841,-3.16070778,56.34989572,0.0,0.0,0.0,3.14512286,0.21500962,-1.34588273,0.0,0.0,4.59124159,-1.16070778,64.34989572,0.0,0.0,0.0,0.14512286,0.21500962,-1.34588273
GN,wide,3,90,810,G0,run008_u0065040.log,0.09331493,22,2320879.753913,3.307286,99.9998574986061,11.54596,0.00632207,99.94524431056404,0.0,0.0,0.0,-10.0,5.0,-19.0,0.0,0.0,0.0,10.0,0.0,0.0,0.0,0.0,-10.00003465,4.99867868,-18.91098116,0.0,0.0,0.0,9.99966899,-0.0004135,0.00219561,0.0,0.0,-3.465e-05,-0.00132132,0.08901884,0.0,0.0,0.0,-0.00033101,-0.0004135,0.00219561
GN,wide,3,90,810,G1,run126_u0065046.log,29.0,6,21217298.795967,21217298.795967,0.0,10.82997,10.82997,0.0,0.0,0.0,0.0,-6.0,-6.0,-12.0,0.0,0.0,0.0,5.0,0.0,0.0,0.0,0.0,0.0,0.0,0.0,0.0,0.0,0.0,0.0,0.0,0.0,0.0,0.0,6.0,6.0,12.0,0.0,0.0,0.0,-5.0,0.0,0.0
GN,wide,3,90,810,G2,run127_u0065065.log,208.30843444,8,41357285.340683,29072778.542674,29.703368334779885,87.65635,26.39676,69.88608355241806,0.0,0.0,0.0,-15.0,-12.0,-22.0,0.0,0.0,0.0,15.0,0.0,0.0,0.0,0.0,19.29793437,-19.03216405,123.85889025,0.0,0.0,0.0,17.81778882,11.75724191,6.54441504,0.0,0.0,34.29793437,-7.03216405,145.85889025,0.0,0.0,0.0,2.81778882,11.75724191,6.54441504
GN,wide,3,90,810,G3,run128_u0065085.log,75.55553685,8,26088616.234074,15621154.863188,40.12271588868169,25.12174,7.56554,69.88449048513358,0.0,0.0,0.0,-18.0,-8.0,-25.0,0.0,0.0,0.0,25.0,0.0,0.0,0.0,0.0,-11.1380128,-10.65630194,31.66824566,0.0,0.0,0.0,23.98189205,4.0704698,4.2804243,0.0,0.0,6.8619872,-2.65630194,56.66824566,0.0,0.0,0.0,-1.01810795,4.0704698,4.2804243
GN,wide,3,90,810,G4,run129_u0065007.log,59.759515379999996,9,6656845.931201,6006833.815297,9.764566021535176,25.1858,3.579672,85.78694343638082,0.0,0.0,0.0,-7.0,-2.0,-8.0,0.0,0.0,0.0,3.0,0.0,0.0,0.0,0.0,-3.39403134,-2.67712946,43.30351476,0.0,0.0,0.0,2.60328707,-1.59799786,-2.17819171,0.0,0.0,3.60596866,-0.67712946,51.30351476,0.0,0.0,0.0,-0.39671293,-1.59799786,-2.17819171
GN,wide,3,180,1620,G0,run130_u0065080.log,0.08172238,23,4637758.920132,6.701877,99.99985549320016,11.94221,0.004462636,99.96263140574483,0.0,0.0,0.0,-10.0,5.0,-19.0,0.0,0.0,0.0,10.0,0.0,0.0,0.0,0.0,-9.9999937,4.99898471,-18.92097047,0.0,0.0,0.0,10.00014958,0.00038667,0.00113501,0.0,0.0,6.3e-06,-0.00101529,0.07902953,0.0,0.0,0.0,0.00014958,0.00038667,0.00113501
GN,wide,3,180,1620,G1,run131_u0065092.log,29.0,6,44466672.52666,44466672.52666,0.0,19.45341,19.45341,0.0,0.0,0.0,0.0,-6.0,-6.0,-12.0,0.0,0.0,0.0,5.0,0.0,0.0,0.0,0.0,0.0,0.0,0.0,0.0,0.0,0.0,0.0,0.0,0.0,0.0,0.0,6.0,6.0,12.0,0.0,0.0,0.0,-5.0,0.0,0.0
GN,wide,3,180,1620,G2,run009_u0065046.log,244.52888311,9,81764500.173313,58505670.849287,28.44612181903537,77.84431,38.7378,50.23682527342075,0.0,0.0,0.0,-15.0,-12.0,-22.0,0.0,0.0,0.0,15.0,0.0,0.0,0.0,0.0,20.3342551,-17.41128386,146.52133307,0.0,0.0,0.0,18.63391865,13.95336788,17.67472455,0.0,0.0,35.3342551,-5.41128386,168.52133307,0.0,0.0,0.0,3.63391865,13.95336788,17.67472455
GN,wide,3,180,1620,G3,run133_u0065064.log,69.466108,8,54737997.241062,25363254.641763,53.66426263265507,25.31331,9.109527,64.01289677248846,0.0,0.0,0.0,-18.0,-8.0,-25.0,0.0,0.0,0.0,25.0,0.0,0.0,0.0,0.0,-10.39648846,-12.96068947,22.99753152,0.0,0.0,0.0,23.65175169,2.30598289,5.25014427,0.0,0.0,7.60351154,-4.96068947,47.99753152,0.0,0.0,0.0,-1.34824831,2.30598289,5.25014427
GN,wide,3,180,1620,G4,run134_u0065004.log,67.33159884,8,15310202.157091,13718490.653808,10.396410752458879,26.80571,2.862977,89.319525578692,0.0,0.0,0.0,-7.0,-2.0,-8.0,0.0,0.0,0.0,3.0,0.0,0.0,0.0,0.0,-1.26912943,-2.58279633,52.24245651,0.0,0.0,0.0,2.8703628,-0.25398114,-0.39185709,0.0,0.0,5.73087057,-0.58279633,60.24245651,0.0,0.0,0.0,-0.1296372,-0.25398114,-0.39185709
GN,wide,3,360,3240,G0,run135_u0065046.log,0.57335499,16,9253022.291749,28518.578342,99.69179174714158,11.9578,0.2281209,98.09228369767014,0.0,0.0,0.0,-10.0,5.0,-19.0,0.0,0.0,0.0,10.0,0.0,0.0,0.0,0.0,-10.00317781,4.94726152,-18.51984628,0.0,0.0,0.0,10.00111476,-0.0139151,0.02225512,0.0,0.0,-0.00317781,-0.05273848,0.48015372,0.0,0.0,0.0,0.00111476,-0.0139151,0.02225512
GN,wide,3,360,3240,G1,run136_u0065065.log,55.42586692,7,89154563.223427,77427785.503004,13.153311840062463,25.9725,19.93582,23.24258350178073,0.0,0.0,0.0,-6.0,-6.0,-12.0,0.0,0.0,0.0,5.0,0.0,0.0,0.0,0.0,3.55261593,-7.31456523,23.14981914,0.0,0.0,0.0,6.29173577,4.02135771,4.09577314,0.0,0.0,9.55261593,-1.31456523,35.14981914,0.0,0.0,0.0,1.29173577,4.02135771,4.09577314
GN,wide,3,360,3240,G2,run137_u0065085.log,242.06643656999998,9,163157270.5203,115997556.93535,28.904451168225687,77.55434,29.58226,61.85608697076139,0.0,0.0,0.0,-15.0,-12.0,-22.0,0.0,0.0,0.0,15.0,0.0,0.0,0.0,0.0,18.89748293,-16.32386778,143.96174283,0.0,0.0,0.0,17.99728554,17.06556443,17.82049306,0.0,0.0,33.89748293,-4.32386778,165.96174283,0.0,0.0,0.0,2.99728554,17.06556443,17.82049306
GN,wide,3,360,3240,G3,run010_u0065047.log,29.8290018,11,108515265.433537,41124519.704909,62.102548852818515,24.74459,5.891185,76.19202823728338,0.0,0.0,0.0,-18.0,-8.0,-25.0,0.0,0.0,0.0,25.0,0.0,0.0,0.0,0.0,-13.45797212,-8.16766032,-2.17143978,0.0,0.0,0.0,25.91377165,0.11079289,1.26618884,0.0,0.0,4.54202788,-0.16766032,22.82856022,0.0,0.0,0.0,0.91377165,0.11079289,1.26618884
GN,wide,3,360,3240,G4,run139_u0065078.log,98.08847684999999,17,30563106.79718,27152736.035504,11.15845579543854,28.66001,8.314418,70.98947976640622,0.0,0.0,0.0,-7.0,-2.0,-8.0,0.0,0.0,0.0,3.0,0.0,0.0,0.0,0.0,-1.28235375,-3.73804445,81.75573858,0.0,0.0,0.0,2.76802086,-0.40000617,-0.24506226,0.0,0.0,5.71764625,-1.73804445,89.75573858,0.0,0.0,0.0,-0.23197914,-0.40000617,-0.24506226
GN,compact,3,3,27,G0,run00_u0065080.log,10.17967733,16,31154.830764,16.174322,99.94808406400112,11.79704,1.010752,91.43215586282662,0.0,0.0,0.0,-10.0,5.0,-19.0,0.0,0.0,0.0,10.0,0.0,0.0,0.0,0.0,-9.96792189,5.40605781,-27.96896794,0.0,0.0,0.0,9.25315162,0.0077573,-0.01796779,0.0,0.0,0.03207811,0.40605781,-8.96896794,0.0,0.0,0.0,-0.74684838,0.0077573,-0.01796779
GN,compact,3,3,27,G1,run01_u0065092.log,14.39121743,10,25612.1569,29.974887,99.88296617455129,24.53706,1.004594,95.90580941645005,0.0,0.0,0.0,-6.0,-6.0,-12.0,0.0,0.0,0.0,5.0,0.0,0.0,0.0,0.0,-6.14366823,-6.57280934,-0.11898932,0.0,0.0,0.0,6.62944277,0.09760198,0.06668443,0.0,0.0,-0.14366823,-0.57280934,11.88101068,0.0,0.0,0.0,1.62944277,0.09760198,0.06668443
GN,compact,3,3,27,G2,run02_u0065007.log,14.82404662,18,131673.167752,43.17016,99.9672141555208,61.73369,0.7219754,98.83050016935647,0.0,0.0,0.0,-15.0,-12.0,-22.0,0.0,0.0,0.0,15.0,0.0,0.0,0.0,0.0,-15.23100771,-11.41730316,-35.88398321,0.0,0.0,0.0,14.92369442,-0.02941714,-0.02063614,0.0,0.0,-0.23100771,0.58269684,-13.88398321,0.0,0.0,0.0,-0.07630558,-0.02941714,-0.02063614
GN,compact,3,3,27,G3,run03_u0065009.log,45.3385781,9,167338.743241,340.308437,99.7966349989196,36.55772,1.479869,95.95196582281389,0.0,0.0,0.0,-18.0,-8.0,-25.0,0.0,0.0,0.0,25.0,0.0,0.0,0.0,0.0,-18.3959587,-11.22748119,13.08758229,0.0,0.0,0.0,21.65802933,-0.17245263,-0.11313262,0.0,0.0,-0.3959587,-3.22748119,38.08758229,0.0,0.0,0.0,-3.34197067,-0.17245263,-0.11313262
GN,compact,3,3,27,G4,run000_u0065009.log,26.36986087,8,15385.886929,136.435328,99.113243658753,15.57249,1.736921,88.8462217667181,0.0,0.0,0.0,-7.0,-2.0,-8.0,0.0,0.0,0.0,3.0,0.0,0.0,0.0,0.0,-7.00829942,-2.73492775,12.20832306,0.0,0.0,0.0,-1.69529564,-0.20736752,0.51564748,0.0,0.0,-0.00829942,-0.73492775,20.20832306,0.0,0.0,0.0,-4.69529564,-0.20736752,0.51564748
GN,compact,3,5,45,G0,run05_u0065080.log,9.54328101,15,51903.120314,19.405128,99.96261279113355,10.57727,1.03686,90.19728152916585,0.0,0.0,0.0,-10.0,5.0,-19.0,0.0,0.0,0.0,10.0,0.0,0.0,0.0,0.0,-10.00910881,4.62639539,-10.29858974,0.0,0.0,0.0,10.36653878,0.03041235,0.0622062,0.0,0.0,-0.00910881,-0.37360461,8.70141026,0.0,0.0,0.0,0.36653878,0.03041235,0.0622062
GN,compact,3,5,45,G1,run06_u0065083.log,4.74185526,19,42672.653861,4.749174,99.98887068515714,8.87864,0.3208966,96.38574601515549,0.0,0.0,0.0,-6.0,-6.0,-12.0,0.0,0.0,0.0,5.0,0.0,0.0,0.0,0.0,-6.05611863,-6.19720913,-7.89329976,0.0,0.0,0.0,4.66738857,-0.00874407,0.04047176,0.0,0.0,-0.05611863,-0.19720913,4.10670024,0.0,0.0,0.0,-0.33261143,-0.00874407,0.04047176
GN,compact,3,5,45,G2,run07_u0065092.log,8.71867706,16,219340.843138,23.857677,99.98912301208537,21.32087,0.8561574,95.9844162081566,0.0,0.0,0.0,-15.0,-12.0,-22.0,0.0,0.0,0.0,15.0,0.0,0.0,0.0,0.0,-14.83272053,-12.3640366,-13.89480222,0.0,0.0,0.0,15.03968253,-0.03483876,-0.00764192,0.0,0.0,0.16727947,-0.3640366,8.10519778,0.0,0.0,0.0,0.03968253,-0.03483876,-0.00764192
GN,compact,3,5,45,G3,run08_u0065009.log,23.70908336,14,279069.998839,165.58413,99.94066573594839,26.73945,0.6355067,97.6233366804478,0.0,0.0,0.0,-18.0,-8.0,-25.0,0.0,0.0,0.0,25.0,0.0,0.0,0.0,0.0,-18.10746781,-9.66285883,-4.7186687,0.0,0.0,0.0,23.54459109,-0.03723359,0.16478292,0.0,0.0,-0.10746781,-1.66285883,20.2813313,0.0,0.0,0.0,-1.45540891,-0.03723359,0.16478292
GN,compact,3,5,45,G4,run09_u0065034.log,4.600451059999999,12,25642.088515,4.724338,99.98157584551963,6.646144,0.1796358,97.29714252354448,0.0,0.0,0.0,-7.0,-2.0,-8.0,0.0,0.0,0.0,3.0,0.0,0.0,0.0,0.0,-6.9667955,-2.12714839,-3.90187283,0.0,0.0,0.0,3.32158577,-0.01670267,-0.00368256,0.0,0.0,0.0332045,-0.12714839,4.09812717,0.0,0.0,0.0,0.32158577,-0.01670267,-0.00368256
GN,compact,3,6,54,G0,run10_u0065046.log,4.91436912,18,62298.217382,6.297257,99.98989175410688,12.38933,0.3571363,97.1173881073472,0.0,0.0,0.0,-10.0,5.0,-19.0,0.0,0.0,0.0,10.0,0.0,0.0,0.0,0.0,-9.9904578,4.79414879,-14.88412524,0.0,0.0,0.0,9.4359546,-0.00843697,-0.01061858,0.0,0.0,0.0095422,-0.20585121,4.11587476,0.0,0.0,0.0,-0.5640454,-0.00843697,-0.01061858
GN,compact,3,6,54,G1,run11_u0065064.log,5.77631618,12,51241.776033,10.064771,99.9803582705769,14.19266,0.2979527,97.90065639562985,0.0,0.0,0.0,-6.0,-6.0,-12.0,0.0,0.0,0.0,5.0,0.0,0.0,0.0,0.0,-6.05857194,-6.27077756,-6.88987417,0.0,0.0,0.0,5.30771461,0.01120304,0.0179232,0.0,0.0,-0.05857194,-0.27077756,5.11012583,0.0,0.0,0.0,0.30771461,0.01120304,0.0179232
GN,compact,3,6,54,G2,run12_u0065080.log,24.10966846,10,263317.541498,191.624098,99.92722699106567,22.88088,1.016382,95.55794182741224,0.0,0.0,0.0,-15.0,-12.0,-22.0,0.0,0.0,0.0,15.0,0.0,0.0,0.0,0.0,-14.55406535,-12.91896154,-0.09113712,0.0,0.0,0.0,14.41024618,0.1416373,0.10451827,0.0,0.0,0.44593465,-0.91896154,21.90886288,0.0,0.0,0.0,-0.58975382,0.1416373,0.10451827
GN,compact,3,6,54,G3,run13_u0065083.log,29.71399656,14,334722.387075,313.085783,99.90646404450688,30.9278,1.326795,95.71002463802792,0.0,0.0,0.0,-18.0,-8.0,-25.0,0.0,0.0,0.0,25.0,0.0,0.0,0.0,0.0,-18.29523969,-10.09575448,1.36498321,0.0,0.0,0.0,24.16172985,0.04613578,0.07361325,0.0,0.0,-0.29523969,-2.09575448,26.36498321,0.0,0.0,0.0,-0.83827015,0.04613578,0.07361325
GN,compact,3,6,54,G4,run14_u0065092.log,12.81515976,14,30756.081615,42.455782,99.86195971732857,9.282453,0.2813851,96.96863426079292,0.0,0.0,0.0,-7.0,-2.0,-8.0,0.0,0.0,0.0,3.0,0.0,0.0,0.0,0.0,-6.89050455,-2.44925034,3.8253279,0.0,0.0,0.0,2.68298459,0.043982,0.07008866,0.0,0.0,0.10949545,-0.44925034,11.8253279,0.0,0.0,0.0,-0.31701541,0.043982,0.07008866
GN,compact,3,9,81,G0,run15_u0065009.log,6.33213108,22,93435.024581,14.617158,99.98435580440469,9.181561,0.1933553,97.89409121172314,0.0,0.0,0.0,-10.0,5.0,-19.0,0.0,0.0,0.0,10.0,0.0,0.0,0.0,0.0,-10.00973576,4.74546044,-13.40187782,0.0,0.0,0.0,9.57922437,-0.01501964,0.03393831,0.0,0.0,-0.00973576,-0.25453956,5.59812218,0.0,0.0,0.0,-0.42077563,-0.01501964,0.03393831
GN,compact,3,9,81,G1,run16_u0065046.log,9.74212534,23,76837.634739,40.263141,99.9475997131656,7.993611,0.5397376,93.24788759422994,0.0,0.0,0.0,-6.0,-6.0,-12.0,0.0,0.0,0.0,5.0,0.0,0.0,0.0,0.0,-6.12399953,-6.45698815,-3.17971252,0.0,0.0,0.0,5.30440887,0.02999039,0.00645092,0.0,0.0,-0.12399953,-0.45698815,8.82028748,0.0,0.0,0.0,0.30440887,0.02999039,0.00645092
GN,compact,3,9,81,G2,run17_u0065064.log,6.71734057,16,394928.196482,23.029076,99.99416879417446,26.7437,0.06704822,99.74929340368013,0.0,0.0,0.0,-15.0,-12.0,-22.0,0.0,0.0,0.0,15.0,0.0,0.0,0.0,0.0,-14.87228365,-12.26165169,-16.14597598,0.0,0.0,0.0,14.54484538,0.00595159,0.0128423,0.0,0.0,0.12771635,-0.26165169,5.85402402,0.0,0.0,0.0,-0.45515462,0.00595159,0.0128423
GN,compact,3,9,81,G3,run18_u0065080.log,10.9770562,18,502262.564749,66.06577,99.98684636788867,19.37776,0.5386925,97.22004762160333,0.0,0.0,0.0,-18.0,-8.0,-25.0,0.0,0.0,0.0,25.0,0.0,0.0,0.0,0.0,-18.10021483,-8.73992457,-15.44171939,0.0,0.0,0.0,24.49914912,-0.03163173,0.04615358,0.0,0.0,-0.10021483,-0.73992457,9.55828061,0.0,0.0,0.0,-0.50085088,-0.03163173,0.04615358
GN,compact,3,9,81,G4,run19_u0065083.log,8.96658069,10,46186.385808,35.278365,99.92361739421082,6.671276,0.1189473,98.21702325012485,0.0,0.0,0.0,-7.0,-2.0,-8.0,0.0,0.0,0.0,3.0,0.0,0.0,0.0,0.0,-6.96182482,-2.23633684,-0.89139903,0.0,0.0,0.0,1.47423761,-0.02892951,0.0287758,0.0,0.0,0.03817518,-0.23633684,7.10860097,0.0,0.0,0.0,-1.52576239,-0.02892951,0.0287758
GN,compact,3,10,90,G0,run20_u0065092.log,9.416912040000001,22,103810.158736,37.723098,99.96366145812769,12.44812,0.5266068,95.7695876967767,0.0,0.0,0.0,-10.0,5.0,-19.0,0.0,0.0,0.0,10.0,0.0,0.0,0.0,0.0,-10.01359728,4.62824837,-10.1440779,0.0,0.0,0.0,10.15363932,0.01837929,0.00362242,0.0,0.0,-0.01359728,-0.37175163,8.8559221,0.0,0.0,0.0,0.15363932,0.01837929,0.00362242
GN,compact,3,10,90,G1,run21_u0065009.log,8.795871100000001,18,85367.932908,36.669821,99.95704497022373,6.970008,0.1579729,97.73353344788127,0.0,0.0,0.0,-6.0,-6.0,-12.0,0.0,0.0,0.0,5.0,0.0,0.0,0.0,0.0,-6.13274235,-6.38098748,-4.12648546,0.0,0.0,0.0,4.63126065,-0.01442079,0.02546659,0.0,0.0,-0.13274235,-0.38098748,7.87351454,0.0,0.0,0.0,-0.36873935,-0.01442079,0.02546659
GN,compact,3,10,90,G2,run22_u0065046.log,15.45918698,18,438731.236983,134.065011,99.96944256535689,36.65711,0.136461,99.62773661098763,0.0,0.0,0.0,-15.0,-12.0,-22.0,0.0,0.0,0.0,15.0,0.0,0.0,0.0,0.0,-14.76103052,-12.64411604,-7.95718619,0.0,0.0,0.0,15.48313556,0.0360363,-0.01411579,0.0,0.0,0.23896948,-0.64411604,14.04281381,0.0,0.0,0.0,0.48313556,0.0360363,-0.01411579
GN,compact,3,10,90,G3,run23_u0065064.log,27.530935,22,558054.830078,446.95333,99.91990870683127,26.1142,0.3746486,98.5653452910677,0.0,0.0,0.0,-18.0,-8.0,-25.0,0.0,0.0,0.0,25.0,0.0,0.0,0.0,0.0,-18.12007808,-10.01139761,-0.7880828,0.0,0.0,0.0,26.0315466,0.06281881,0.0931767,0.0,0.0,-0.12007808,-2.01139761,24.2119172,0.0,0.0,0.0,1.0315466,0.06281881,0.0931767
GN,compact,3,10,90,G4,run24_u0065080.log,4.16327568,19,51274.820416,7.568459,99.98523942368087,6.12055,0.10766,98.24100775257126,0.0,0.0,0.0,-7.0,-2.0,-8.0,0.0,0.0,0.0,3.0,0.0,0.0,0.0,0.0,-6.96374883,-2.14499701,-4.14220739,0.0,0.0,0.0,2.89002731,-0.0080439,-0.0062183,0.0,0.0,0.03625117,-0.14499701,3.85779261,0.0,0.0,0.0,-0.10997269,-0.0080439,-0.0062183
GN,compact,3,12,108,G0,run25_u0065083.log,16.82705094,20,124660.228793,140.716392,99.88712005957116,8.699147,0.1222612,98.59456105294002,0.0,0.0,0.0,-10.0,5.0,-19.0,0.0,0.0,0.0,10.0,0.0,0.0,0.0,0.0,-9.97430488,4.31866051,-3.61029696,0.0,0.0,0.0,9.40683079,0.0289759,0.10816818,0.0,0.0,0.02569512,-0.68133949,15.38970304,0.0,0.0,0.0,-0.59316921,0.0289759,0.10816818
GN,compact,3,12,108,G1,run26_u0065092.log,15.42519747,10,102500.317724,130.493965,99.87268920926529,8.707117,0.1609416,98.1516086208558,0.0,0.0,0.0,-6.0,-6.0,-12.0,0.0,0.0,0.0,5.0,0.0,0.0,0.0,0.0,-6.18028788,-6.68507232,1.62641436,0.0,0.0,0.0,5.85695719,0.03281795,0.04364777,0.0,0.0,-0.18028788,-0.68507232,13.62641436,0.0,0.0,0.0,0.85695719,0.03281795,0.04364777
GN,compact,3,12,108,G2,run27_u0065009.log,14.694032750000002,18,526599.138343,136.33432,99.97411041718962,15.7602,0.3681462,97.66407659801271,0.0,0.0,0.0,-15.0,-12.0,-22.0,0.0,0.0,0.0,15.0,0.0,0.0,0.0,0.0,-14.74912216,-12.5687495,-9.14026736,0.0,0.0,0.0,14.07653176,-0.05720257,0.03400196,0.0,0.0,0.25087784,-0.5687495,12.85973264,0.0,0.0,0.0,-0.92346824,-0.05720257,0.03400196
GN,compact,3,12,108,G3,run28_u0065046.log,30.57155401,16,669597.144037,689.287159,99.89705942369402,23.65591,0.7440729,96.85460039372825,0.0,0.0,0.0,-18.0,-8.0,-25.0,0.0,0.0,0.0,25.0,0.0,0.0,0.0,0.0,-18.24733706,-10.27307325,2.62531794,0.0,0.0,0.0,25.2089512,0.1192589,-0.09761566,0.0,0.0,-0.24733706,-2.27307325,27.62531794,0.0,0.0,0.0,0.2089512,0.1192589,-0.09761566
GN,compact,3,12,108,G4,run29_u0065064.log,4.19347081,18,61554.851868,9.439447,99.98466498299722,7.067243,0.1415933,97.99648462632457,0.0,0.0,0.0,-7.0,-2.0,-8.0,0.0,0.0,0.0,3.0,0.0,0.0,0.0,0.0,-6.97025079,-2.14229222,-4.05989368,0.0,0.0,0.0,3.06698003,0.00404412,0.01029891,0.0,0.0,0.02974921,-0.14229222,3.94010632,0.0,0.0,0.0,0.06698003,0.00404412,0.01029891
GN,compact,3,15,135,G0,run30_u0065080.log,9.883770100000001,23,155807.376982,61.68677,99.9604083123695,8.338929,0.1013177,98.78500344588616,0.0,0.0,0.0,-10.0,5.0,-19.0,0.0,0.0,0.0,10.0,0.0,0.0,0.0,0.0,-10.01179681,4.5830047,-9.82844724,0.0,0.0,0.0,9.72451769,-0.00779116,-0.00015176,0.0,0.0,-0.01179681,-0.4169953,9.17155276,0.0,0.0,0.0,-0.27548231,-0.00779116,-0.00015176
GN,compact,3,15,135,G1,run31_u0065083.log,7.66834999,19,128088.706068,42.47139,99.96684220544982,8.999228,0.108705,98.79206305251961,0.0,0.0,0.0,-6.0,-6.0,-12.0,0.0,0.0,0.0,5.0,0.0,0.0,0.0,0.0,-6.07673939,-6.35679032,-4.9428456,0.0,0.0,0.0,5.14853833,0.00096713,0.02816042,0.0,0.0,-0.07673939,-0.35679032,7.0571544,0.0,0.0,0.0,0.14853833,0.00096713,0.02816042
GN,compact,3,15,135,G2,run32_u0065092.log,10.37361141,25,658226.126356,95.35745,99.98551296489431,21.95818,0.1359456,99.38088858001892,0.0,0.0,0.0,-15.0,-12.0,-22.0,0.0,0.0,0.0,15.0,0.0,0.0,0.0,0.0,-14.83753229,-12.44992035,-12.35574086,0.0,0.0,0.0,15.04413476,0.02443354,0.04839591,0.0,0.0,0.16246771,-0.44992035,9.64425914,0.0,0.0,0.0,0.04413476,0.02443354,0.04839591
GN,compact,3,15,135,G3,run33_u0065009.log,22.934098799999997,14,837256.687757,458.356033,99.94525501680639,17.53479,0.232542,98.67382500731404,0.0,0.0,0.0,-18.0,-8.0,-25.0,0.0,0.0,0.0,25.0,0.0,0.0,0.0,0.0,-18.12791976,-9.63780668,-5.04463966,0.0,0.0,0.0,23.93865783,-0.05910666,0.09256319,0.0,0.0,-0.12791976,-1.63780668,19.95536034,0.0,0.0,0.0,-1.06134217,-0.05910666,0.09256319
GN,compact,3,15,135,G4,run34_u0065046.log,6.06328147,27,76930.178325,26.345551,99.96575394523498,7.861282,0.08845791,98.87476482843384,0.0,0.0,0.0,-7.0,-2.0,-8.0,0.0,0.0,0.0,3.0,0.0,0.0,0.0,0.0,-6.94553317,-2.20428341,-2.29549304,0.0,0.0,0.0,3.06357157,0.02496278,-0.01148992,0.0,0.0,0.05446683,-0.20428341,5.70450696,0.0,0.0,0.0,0.06357157,0.02496278,-0.01148992
GN,compact,3,18,162,G0,run35_u0065064.log,11.10776126,20,186899.511878,93.054558,99.95021144942274,7.700328,0.1669019,97.83253518551416,0.0,0.0,0.0,-10.0,5.0,-19.0,0.0,0.0,0.0,10.0,0.0,0.0,0.0,0.0,-9.99175655,4.56951263,-8.80616348,0.0,0.0,0.0,9.54087087,-0.00096448,0.01510031,0.0,0.0,0.00824345,-0.43048737,10.19383652,0.0,0.0,0.0,-0.45912913,-0.00096448,0.01510031
GN,compact,3,18,162,G1,run36_u0065083.log,11.385088569999999,15,153706.197408,113.663987,99.92605113592245,6.860795,0.2208383,96.78115582815113,0.0,0.0,0.0,-6.0,-6.0,-12.0,0.0,0.0,0.0,5.0,0.0,0.0,0.0,0.0,-6.14829601,-6.51842039,-1.40172536,0.0,0.0,0.0,4.90647941,0.0101907,0.01638624,0.0,0.0,-0.14829601,-0.51842039,10.59827464,0.0,0.0,0.0,-0.09352059,0.0101907,0.01638624
GN,compact,3,18,162,G2,run37_u0065009.log,4.83622853,31,789834.927191,25.071101,99.99682577964877,20.48987,0.05307497,99.74096970844617,0.0,0.0,0.0,-15.0,-12.0,-22.0,0.0,0.0,0.0,15.0,0.0,0.0,0.0,0.0,-14.91916413,-12.20170791,-17.49549645,0.0,0.0,0.0,15.02436059,0.01437006,0.01045055,0.0,0.0,0.08083587,-0.20170791,4.50450355,0.0,0.0,0.0,0.02436059,0.01437006,0.01045055
GN,compact,3,18,162,G3,run38_u0065080.log,17.14022362,18,1004575.673531,337.239299,99.96642967693865,18.87815,0.3741914,98.01785980088091,0.0,0.0,0.0,-18.0,-8.0,-25.0,0.0,0.0,0.0,25.0,0.0,0.0,0.0,0.0,-18.13216867,-9.21766857,-9.35963665,0.0,0.0,0.0,25.06618824,-0.03075237,0.05308242,0.0,0.0,-0.13216867,-1.21766857,15.64036335,0.0,0.0,0.0,0.06618824,-0.03075237,0.05308242
GN,compact,3,18,162,G4,run39_u0065083.log,4.70881356,17,92330.883626,17.939655,99.9805702552651,7.231551,0.1551618,97.85437729748432,0.0,0.0,0.0,-7.0,-2.0,-8.0,0.0,0.0,0.0,3.0,0.0,0.0,0.0,0.0,-6.9631925,-2.14255969,-3.80199723,0.0,0.0,0.0,2.68043781,0.00718208,0.00469933,0.0,0.0,0.0368075,-0.14255969,4.19800277,0.0,0.0,0.0,-0.31956219,0.00718208,0.00469933
GN,compact,3,24,216,G0,run40_u0065085.log,5.9275736,44,249299.876871,35.63124,99.98570747789883,8.308242,0.1570741,98.10941833422763,0.0,0.0,0.0,-10.0,5.0,-19.0,0.0,0.0,0.0,10.0,0.0,0.0,0.0,0.0,-10.0089013,4.75531108,-13.5185505,0.0,0.0,0.0,9.82722095,-0.00106763,0.0186872,0.0,0.0,-0.0089013,-0.24468892,5.4814495,0.0,0.0,0.0,-0.17277905,-0.00106763,0.0186872
GN,compact,3,24,216,G1,run41_u0065092.log,8.02026562,25,204993.485194,75.491954,99.96317348625564,7.924303,0.1017433,98.7160599487425,0.0,0.0,0.0,-6.0,-6.0,-12.0,0.0,0.0,0.0,5.0,0.0,0.0,0.0,0.0,-6.09698543,-6.3756411,-4.65440272,0.0,0.0,0.0,4.84200704,-0.01107555,0.0329733,0.0,0.0,-0.09698543,-0.3756411,7.34559728,0.0,0.0,0.0,-0.15799296,-0.01107555,0.0329733
GN,compact,3,24,216,G2,run42_u0065046.log,11.925065980000001,32,1053212.254102,191.872096,99.98178220057233,15.84481,0.07486162,99.52753223295198,0.0,0.0,0.0,-15.0,-12.0,-22.0,0.0,0.0,0.0,15.0,0.0,0.0,0.0,0.0,-14.78847272,-12.50248017,-10.88792904,0.0,0.0,0.0,14.91857664,0.00853237,0.00903184,0.0,0.0,0.21152728,-0.50248017,11.11207096,0.0,0.0,0.0,-0.08142336,0.00853237,0.00903184
GN,compact,3,24,216,G3,run43_u0065064.log,11.95376547,28,1339476.563615,216.476864,99.98383869715377,17.27978,0.1296161,99.2498972787848,0.0,0.0,0.0,-18.0,-8.0,-25.0,0.0,0.0,0.0,25.0,0.0,0.0,0.0,0.0,-18.09761036,-8.86532399,-14.09851774,0.0,0.0,0.0,25.03262789,-0.00259423,0.05412674,0.0,0.0,-0.09761036,-0.86532399,10.90148226,0.0,0.0,0.0,0.03262789,-0.00259423,0.05412674
GN,compact,3,24,216,G4,run44_u0065083.log,1.89481308,43,123136.177979,4.109719,99.99666246015796,6.633152,0.02288489,99.65499222692318,0.0,0.0,0.0,-7.0,-2.0,-8.0,0.0,0.0,0.0,3.0,0.0,0.0,0.0,0.0,-6.9880025,-2.060346,-6.20013447,0.0,0.0,0.0,3.00638819,-0.00216238,0.01405348,0.0,0.0,0.0119975,-0.060346,1.79986553,0.0,0.0,0.0,0.00638819,-0.00216238,0.01405348
GN,compact,3,36,324,G0,run45_u0065009.log,11.44415761,24,373857.456364,198.652517,99.94686410191413,8.902864,0.1445528,98.37633372811267,0.0,0.0,0.0,-10.0,5.0,-19.0,0.0,0.0,0.0,10.0,0.0,0.0,0.0,0.0,-10.00241515,4.55382415,-8.33024316,0.0,0.0,0.0,9.71026721,0.01606732,0.02000966,0.0,0.0,-0.00241515,-0.44617585,10.66975684,0.0,0.0,0.0,-0.28973279,0.01606732,0.02000966
GN,compact,3,36,324,G1,run46_u0065080.log,3.5481963999999997,38,307408.502295,24.240983,99.99211440711007,6.959627,0.05809898,99.16519980165604,0.0,0.0,0.0,-6.0,-6.0,-12.0,0.0,0.0,0.0,5.0,0.0,0.0,0.0,0.0,-6.04167006,-6.16192114,-8.67732128,0.0,0.0,0.0,4.99307964,-0.00319033,0.01181579,0.0,0.0,-0.04167006,-0.16192114,3.32267872,0.0,0.0,0.0,-0.00692036,-0.00319033,0.01181579
GN,compact,3,36,324,G2,run47_u0065092.log,3.6368718700000002,48,1579694.474993,28.617887,99.9981883910178,18.4261,0.07704691,99.58185991609727,0.0,0.0,0.0,-15.0,-12.0,-22.0,0.0,0.0,0.0,15.0,0.0,0.0,0.0,0.0,-14.93555128,-12.14920481,-18.61861009,0.0,0.0,0.0,14.98139506,0.01387782,0.00934567,0.0,0.0,0.06444872,-0.14920481,3.38138991,0.0,0.0,0.0,-0.01860494,0.01387782,0.00934567
GN,compact,3,36,324,G3,run48_u0065004.log,18.95312042,23,2009003.952498,803.896299,99.95998533014331,18.84857,0.2901058,98.4608604260164,0.0,0.0,0.0,-18.0,-8.0,-25.0,0.0,0.0,0.0,25.0,0.0,0.0,0.0,0.0,-18.13610643,-9.39356357,-7.81551767,0.0,0.0,0.0,24.79756723,0.00949019,0.02704513,0.0,0.0,-0.13610643,-1.39356357,17.18448233,0.0,0.0,0.0,-0.20243277,0.00949019,0.02704513
GN,compact,3,36,324,G4,run49_u0065007.log,1.37480028,59,184686.648772,3.698985,99.9979971562511,5.832103,0.01251736,99.7853714174801,0.0,0.0,0.0,-7.0,-2.0,-8.0,0.0,0.0,0.0,3.0,0.0,0.0,0.0,0.0,-6.98964548,-2.0430879,-6.6929382,0.0,0.0,0.0,3.00903965,0.00040754,0.00484887,0.0,0.0,0.01035452,-0.0430879,1.3070618,0.0,0.0,0.0,0.00903965,0.00040754,0.00484887
GN,compact,3,60,540,G0,run50_u0065031.log,3.10477109,72,623356.064617,25.411305,99.99592346871357,7.942912,0.02276122,99.71343985681825,0.0,0.0,0.0,-10.0,5.0,-19.0,0.0,0.0,0.0,10.0,0.0,0.0,0.0,0.0,-9.99928036,4.87236061,-16.05767338,0.0,0.0,0.0,9.98159535,-0.00378018,0.01190061,0.0,0.0,0.00071964,-0.12763939,2.94232662,0.0,0.0,0.0,-0.01840465,-0.00378018,0.01190061
GN,compact,3,60,540,G1,run51_u0065034.log,5.37331933,33,512474.132184,87.756862,99.98287584553273,7.661257,0.04248913,99.44540262779333,0.0,0.0,0.0,-6.0,-6.0,-12.0,0.0,0.0,0.0,5.0,0.0,0.0,0.0,0.0,-6.0643994,-6.24064682,-6.98997603,0.0,0.0,0.0,5.04531504,0.00747146,0.00546264,0.0,0.0,-0.0643994,-0.24064682,5.01002397,0.0,0.0,0.0,0.04531504,0.00747146,0.00546264
GN,compact,3,60,540,G2,run52_u0065046.log,1.92614891,78,2633041.186274,15.692952,99.99940399899242,20.0637,0.01273369,99.93653369019671,0.0,0.0,0.0,-15.0,-12.0,-22.0,0.0,0.0,0.0,15.0,0.0,0.0,0.0,0.0,-14.96713226,-12.08055555,-20.20221075,0.0,0.0,0.0,14.9947938,0.00302312,0.00670705,0.0,0.0,0.03286774,-0.08055555,1.79778925,0.0,0.0,0.0,-0.0052062,0.00302312,0.00670705
GN,compact,3,60,540,G3,run53_u0065064.log,0.62065514,142,3348738.323846,3.496718,99.99989558103196,18.50693,0.009657212,99.94781840099897,0.0,0.0,0.0,-18.0,-8.0,-25.0,0.0,0.0,0.0,25.0,0.0,0.0,0.0,0.0,-18.00506369,-8.04410665,-24.47437644,0.0,0.0,0.0,24.95538111,6.097e-05,0.00118138,0.0,0.0,-0.00506369,-0.04410665,0.52562356,0.0,0.0,0.0,-0.04461889,6.097e-05,0.00118138
GN,compact,3,60,540,G4,run54_u0065083.log,1.0620775800000002,65,307845.233264,4.60783,99.99850319917215,5.894077,0.01091369,99.81483631788319,0.0,0.0,0.0,-7.0,-2.0,-8.0,0.0,0.0,0.0,3.0,0.0,0.0,0.0,0.0,-6.98970021,-2.0328263,-6.98871604,0.0,0.0,0.0,3.00313521,-0.00032476,0.00420756,0.0,0.0,0.01029979,-0.0328263,1.01128396,0.0,0.0,0.0,0.00313521,-0.00032476,0.00420756
GN,compact,3,90,810,G0,run001_u0065009.log,1.18550998,102,934717.388331,7.709585,99.9991751961506,8.362545,0.003877056,99.95363784589499,0.0,0.0,0.0,-10.0,5.0,-19.0,0.0,0.0,0.0,10.0,0.0,0.0,0.0,0.0,-9.99909487,4.94987592,-17.87696073,0.0,0.0,0.0,10.00386222,0.00272583,0.00485345,0.0,0.0,0.00090513,-0.05012408,1.12303927,0.0,0.0,0.0,0.00386222,0.00272583,0.00485345
GN,compact,3,90,810,G1,run56_u0065009.log,1.01132488,91,768594.780122,6.505343,99.9991536056231,7.149217,0.006645682,99.90704321885879,0.0,0.0,0.0,-6.0,-6.0,-12.0,0.0,0.0,0.0,5.0,0.0,0.0,0.0,0.0,-6.01133173,-6.04359961,-11.06366157,0.0,0.0,0.0,4.98233896,0.00059243,0.00180164,0.0,0.0,-0.01133173,-0.04359961,0.93633843,0.0,0.0,0.0,-0.01766104,0.00059243,0.00180164
GN,compact,3,90,810,G2,run57_u0065004.log,11.45534109,26,3949904.722551,679.50928,99.98279681846196,17.22231,0.1049254,99.39075884710007,0.0,0.0,0.0,-15.0,-12.0,-22.0,0.0,0.0,0.0,15.0,0.0,0.0,0.0,0.0,-14.81361233,-12.49152817,-11.27237006,0.0,0.0,0.0,15.01704756,-0.00378563,0.02896212,0.0,0.0,0.18638767,-0.49152817,10.72762994,0.0,0.0,0.0,0.01704756,-0.00378563,0.02896212
GN,compact,3,90,810,G3,run58_u0065078.log,2.16489866,110,5023285.537668,29.555755,99.99941162502553,17.69319,0.009476574,99.94643942669468,0.0,0.0,0.0,-18.0,-8.0,-25.0,0.0,0.0,0.0,25.0,0.0,0.0,0.0,0.0,-18.01645315,-8.15504934,-23.07682353,0.0,0.0,0.0,24.93753966,0.00141959,0.00633977,0.0,0.0,-0.01645315,-0.15504934,1.92317647,0.0,0.0,0.0,-0.06246034,0.00141959,0.00633977
GN,compact,3,90,810,G4,run59_u0065080.log,0.46211496,89,461831.926449,3.342242,99.99927630771964,5.835732,0.0165113,99.71706548552949,0.0,0.0,0.0,-7.0,-2.0,-8.0,0.0,0.0,0.0,3.0,0.0,0.0,0.0,0.0,-6.99550559,-2.01571289,-7.56339394,0.0,0.0,0.0,2.99859851,-0.00033308,0.00356703,0.0,0.0,0.00449441,-0.01571289,0.43660606,0.0,0.0,0.0,-0.00140149,-0.00033308,0.00356703
GN,compact,3,180,1620,G0,run002_u0065022.log,0.44567139,137,1869525.196705,5.462695,99.99970780308232,8.234905,0.01374069,99.8331408801923,0.0,0.0,0.0,-10.0,5.0,-19.0,0.0,0.0,0.0,10.0,0.0,0.0,0.0,0.0,-9.99908635,4.98104864,-18.58691674,0.0,0.0,0.0,10.0107337,-0.00026825,0.00172117,0.0,0.0,0.00091365,-0.01895136,0.41308326,0.0,0.0,0.0,0.0107337,-0.00026825,0.00172117
GN,compact,3,180,1620,G1,run61_u0065007.log,0.52688167,124,1537343.392197,6.338797,99.99958767852178,7.109181,0.008112113,99.88589243964951,0.0,0.0,0.0,-6.0,-6.0,-12.0,0.0,0.0,0.0,5.0,0.0,0.0,0.0,0.0,-6.00551955,-6.02281359,-11.5128916,0.0,0.0,0.0,4.99063861,0.00024362,0.00183512,0.0,0.0,-0.00551955,-0.02281359,0.4871084,0.0,0.0,0.0,-0.00936139,0.00024362,0.00183512
GN,compact,3,180,1620,G2,run62_u0065065.log,0.16447383999999998,146,7899525.880117,6.922084,99.99991237342462,16.53003,0.00338286,99.97953506436468,0.0,0.0,0.0,-15.0,-12.0,-22.0,0.0,0.0,0.0,15.0,0.0,0.0,0.0,0.0,-14.99811792,-12.00792085,-21.85206907,0.0,0.0,0.0,15.00609591,0.00052866,0.00011541,0.0,0.0,0.00188208,-0.00792085,0.14793093,0.0,0.0,0.0,0.00609591,0.00052866,0.00011541
GN,compact,3,180,1620,G3,run63_u0065034.log,0.79558754,164,10046463.265223,14.499847,99.99985567212443,17.32176,0.001194655,99.9931031546448,0.0,0.0,0.0,-18.0,-8.0,-25.0,0.0,0.0,0.0,25.0,0.0,0.0,0.0,0.0,-18.00615451,-8.05965784,-24.28025247,0.0,0.0,0.0,24.99168288,0.00077112,0.00093942,0.0,0.0,-0.00615451,-0.05965784,0.71974753,0.0,0.0,0.0,-0.00831712,0.00077112,0.00093942
GN,compact,3,180,1620,G4,run64_u0065004.log,0.87760196,77,923767.162201,11.455832,99.99875987884516,5.791521,0.002157496,99.96274733355884,0.0,0.0,0.0,-7.0,-2.0,-8.0,0.0,0.0,0.0,3.0,0.0,0.0,0.0,0.0,-6.99238855,-2.02868782,-7.17320757,0.0,0.0,0.0,3.00936716,0.00096274,0.00418036,0.0,0.0,0.00761145,-0.02868782,0.82679243,0.0,0.0,0.0,0.00936716,0.00096274,0.00418036
GN,compact,3,360,3240,G0,run001_u0065037.log,0.38305306,153,3739234.268663,10.364369,99.99972282108435,8.472675,0.005501802,99.93506416804611,0.0,0.0,0.0,-10.0,5.0,-19.0,0.0,0.0,0.0,10.0,0.0,0.0,0.0,0.0,-9.99960661,4.98347423,-18.64462229,0.0,0.0,0.0,9.99076379,-0.00023772,0.00128226,0.0,0.0,0.00039339,-0.01652577,0.35537771,0.0,0.0,0.0,-0.00923621,-0.00023772,0.00128226
GN,compact,3,360,3240,G1,run66_u0065022.log,0.29785713,142,3074770.336584,10.84171,99.99964739773013,6.877625,0.008075617,99.88258131258974,0.0,0.0,0.0,-6.0,-6.0,-12.0,0.0,0.0,0.0,5.0,0.0,0.0,0.0,0.0,-6.00336307,-6.01258072,-11.72886803,0.0,0.0,0.0,4.99063422,0.00018006,0.00123553,0.0,0.0,-0.00336307,-0.01258072,0.27113197,0.0,0.0,0.0,-0.00936578,0.00018006,0.00123553
GN,compact,3,360,3240,G2,run67_u0065031.log,0.21084261,139,15798872.824931,13.966747,99.99991159656037,16.35167,0.006038367,99.96307186360782,0.0,0.0,0.0,-15.0,-12.0,-22.0,0.0,0.0,0.0,15.0,0.0,0.0,0.0,0.0,-14.99734369,-12.00962945,-21.80597765,0.0,0.0,0.0,15.00350569,0.00037726,0.00065155,0.0,0.0,0.00265631,-0.00962945,0.19402235,0.0,0.0,0.0,0.00350569,0.00037726,0.00065155
GN,compact,3,360,3240,G3,run68_u0065046.log,0.37473454,174,20093106.313526,18.488261,99.99990798704437,16.90122,0.0049104,99.97094647605321,0.0,0.0,0.0,-18.0,-8.0,-25.0,0.0,0.0,0.0,25.0,0.0,0.0,0.0,0.0,-18.00300659,-8.02829303,-24.66494386,0.0,0.0,0.0,24.99280954,-0.00064157,0.00054675,0.0,0.0,-0.00300659,-0.02829303,0.33505614,0.0,0.0,0.0,-0.00719046,-0.00064157,0.00054675
GN,compact,3,360,3240,G4,run69_u0065009.log,0.27599843,118,1847546.762051,10.808543,99.9994149786505,5.888595,0.004463075,99.92420815152,0.0,0.0,0.0,-7.0,-2.0,-8.0,0.0,0.0,0.0,3.0,0.0,0.0,0.0,0.0,-6.99794888,-2.00968364,-7.73794882,0.0,0.0,0.0,3.00120141,-9.833e-05,0.00091275,0.0,0.0,0.00205112,-0.00968364,0.26205118,0.0,0.0,0.0,0.00120141,-9.833e-05,0.00091275
GN,tall,3,3,27,G0,run00_u0065004.log,44.0,6,341993.607833,341993.607833,0.0,71.14039,71.14039,0.0,0.0,0.0,0.0,-10.0,5.0,-19.0,0.0,0.0,0.0,10.0,0.0,0.0,0.0,0.0,0.0,0.0,0.0,0.0,0.0,0.0,0.0,0.0,0.0,0.0,0.0,10.0,-5.0,19.0,0.0,0.0,0.0,-10.0,0.0,0.0
GN,tall,3,3,27,G1,run01_u0065007.log,123.02115122,8,312312.435919,224492.977588,28.119103894337552,42.49968,109.6407,-157.9800600851583,0.0,0.0,0.0,-6.0,-6.0,-12.0,0.0,0.0,0.0,5.0,0.0,0.0,0.0,0.0,-4.62473799,3.58736085,7.60074962,0.0,0.0,0.0,92.90211389,0.64853075,3.9071341,0.0,0.0,1.37526201,9.58736085,19.60074962,0.0,0.0,0.0,87.90211389,0.64853075,3.9071341
GN,tall,3,3,27,G2,run02_u0065009.log,64.0,6,284450.203297,284450.203297,0.0,219.6287,219.6287,0.0,0.0,0.0,0.0,-15.0,-12.0,-22.0,0.0,0.0,0.0,15.0,0.0,0.0,0.0,0.0,0.0,0.0,0.0,0.0,0.0,0.0,0.0,0.0,0.0,0.0,0.0,15.0,12.0,22.0,0.0,0.0,0.0,-15.0,0.0,0.0
GN,tall,3,3,27,G3,run03_u0065022.log,197.42536402,7,421343.795006,365232.74823,13.317164614991166,123.3109,21.0213,82.95260191921396,0.0,0.0,0.0,-18.0,-8.0,-25.0,0.0,0.0,0.0,25.0,0.0,0.0,0.0,0.0,-13.91077703,21.42055596,-109.28887046,0.0,0.0,0.0,-51.01416229,-1.48623767,2.12631467,0.0,0.0,4.08922297,29.42055596,-84.28887046,0.0,0.0,0.0,-76.01416229,-1.48623767,2.12631467
GN,tall,3,3,27,G4,run04_u0065031.log,62.39290212,7,133702.474236,53167.790662,60.2342507378339,36.31312,58.56658,-61.2821481602242,0.0,0.0,0.0,-7.0,-2.0,-8.0,0.0,0.0,0.0,3.0,0.0,0.0,0.0,0.0,-3.87348417,9.5996438,-31.17744587,0.0,0.0,0.0,-14.47635605,5.13383626,-1.87910431,0.0,0.0,3.12651583,11.5996438,-23.17744587,0.0,0.0,0.0,-17.47635605,5.13383626,-1.87910431
GN,tall,3,5,45,G0,run05_u0065034.log,44.0,6,569870.003911,569870.003911,0.0,67.4461,67.4461,0.0,0.0,0.0,0.0,-10.0,5.0,-19.0,0.0,0.0,0.0,10.0,0.0,0.0,0.0,0.0,0.0,0.0,0.0,0.0,0.0,0.0,0.0,0.0,0.0,0.0,0.0,10.0,-5.0,19.0,0.0,0.0,0.0,-10.0,0.0,0.0
GN,tall,3,5,45,G1,run06_u0065046.log,29.0,6,520831.299813,520831.299813,0.0,80.1566,80.1566,0.0,0.0,0.0,0.0,-6.0,-6.0,-12.0,0.0,0.0,0.0,5.0,0.0,0.0,0.0,0.0,0.0,0.0,0.0,0.0,0.0,0.0,0.0,0.0,0.0,0.0,0.0,6.0,6.0,12.0,0.0,0.0,0.0,-5.0,0.0,0.0
GN,tall,3,5,45,G2,run07_u0065064.log,64.0,6,474085.972245,474085.972245,0.0,105.2095,105.2095,0.0,0.0,0.0,0.0,-15.0,-12.0,-22.0,0.0,0.0,0.0,15.0,0.0,0.0,0.0,0.0,0.0,0.0,0.0,0.0,0.0,0.0,0.0,0.0,0.0,0.0,0.0,15.0,12.0,22.0,0.0,0.0,0.0,-15.0,0.0,0.0
GN,tall,3,5,45,G3,run08_u0065065.log,89.83032977,8,702217.597733,328293.794894,53.248993480960124,42.71075,20.60933,51.746738233348744,0.0,0.0,0.0,-18.0,-8.0,-25.0,0.0,0.0,0.0,25.0,0.0,0.0,0.0,0.0,-12.93911168,6.19657693,0.97254035,0.0,0.0,0.0,-11.83748481,1.76338939,5.99944997,0.0,0.0,5.06088832,14.19657693,25.97254035,0.0,0.0,0.0,-36.83748481,1.76338939,5.99944997
GN,tall,3,5,45,G4,run09_u0065078.log,20.0,6,144249.575211,144249.575211,0.0,28.56658,28.56658,0.0,0.0,0.0,0.0,-7.0,-2.0,-8.0,0.0,0.0,0.0,3.0,0.0,0.0,0.0,0.0,0.0,0.0,0.0,0.0,0.0,0.0,0.0,0.0,0.0,0.0,0.0,7.0,2.0,8.0,0.0,0.0,0.0,-3.0,0.0,0.0
GN,tall,3,6,54,G0,run10_u0065080.log,139.39061414,10,683927.286321,22997.638376,96.6374147024153,43.50613,2.315907,94.67682600130142,0.0,0.0,0.0,-10.0,5.0,-19.0,0.0,0.0,0.0,10.0,0.0,0.0,0.0,0.0,-9.92735198,-34.17187528,8.41105468,0.0,0.0,0.0,-57.5819522,2.7634064,2.38967756,0.0,0.0,0.07264802,-39.17187528,27.41105468,0.0,0.0,0.0,-67.5819522,2.7634064,2.38967756
GN,tall,3,6,54,G1,run11_u0065083.log,44.30213002,7,624823.458666,378865.954856,39.36431969681804,25.01525,97.35583,-289.1859165908795,0.0,0.0,0.0,-6.0,-6.0,-12.0,0.0,0.0,0.0,5.0,0.0,0.0,0.0,0.0,-4.6785967,17.72870635,-14.07531546,0.0,0.0,0.0,-9.157566,2.74105437,0.27808454,0.0,0.0,1.3214033,23.72870635,-2.07531546,0.0,0.0,0.0,-14.157566,2.74105437,0.27808454
GN,tall,3,6,54,G2,run12_u0065085.log,64.0,6,568878.75067,568878.75067,0.0,83.01624,83.01624,0.0,0.0,0.0,0.0,-15.0,-12.0,-22.0,0.0,0.0,0.0,15.0,0.0,0.0,0.0,0.0,0.0,0.0,0.0,0.0,0.0,0.0,0.0,0.0,0.0,0.0,0.0,15.0,12.0,22.0,0.0,0.0,0.0,-15.0,0.0,0.0
GN,tall,3,6,54,G3,run13_u0065092.log,155.64165372,8,842509.869627,505021.450155,40.05750337635978,61.4496,63.57724,-3.462414726865605,0.0,0.0,0.0,-18.0,-8.0,-25.0,0.0,0.0,0.0,25.0,0.0,0.0,0.0,0.0,-16.80971749,-4.40861394,67.24349566,0.0,0.0,0.0,-27.05313414,-5.27258569,1.29076966,0.0,0.0,1.19028251,3.59138606,92.24349566,0.0,0.0,0.0,-52.05313414,-5.27258569,1.29076966
GN,tall,3,6,54,G4,run14_u0065004.log,0.68768384,28,268541.778132,1.193266,99.99955564977327,25.63217,0.1022574,99.60105835752493,0.0,0.0,0.0,-7.0,-2.0,-8.0,0.0,0.0,0.0,3.0,0.0,0.0,0.0,0.0,-7.00367351,-1.97254582,-8.41603567,0.0,0.0,0.0,3.23339835,0.0063878,-0.00073433,0.0,0.0,-0.00367351,0.02745418,-0.41603567,0.0,0.0,0.0,0.23339835,0.0063878,-0.00073433
GN,tall,3,9,81,G0,run15_u0065007.log,44.0,6,1025984.750371,1025984.750371,0.0,39.20725,39.20725,0.0,0.0,0.0,0.0,-10.0,5.0,-19.0,0.0,0.0,0.0,10.0,0.0,0.0,0.0,0.0,0.0,0.0,0.0,0.0,0.0,0.0,0.0,0.0,0.0,0.0,0.0,10.0,-5.0,19.0,0.0,0.0,0.0,-10.0,0.0,0.0
GN,tall,3,9,81,G1,run16_u0065009.log,42.57094634,7,937150.499653,699818.923476,25.324809223798862,22.70753,27.77639,-22.322375000715628,0.0,0.0,0.0,-6.0,-6.0,-12.0,0.0,0.0,0.0,5.0,0.0,0.0,0.0,0.0,-4.08273071,19.96942167,-6.62383105,0.0,0.0,0.0,3.26833036,6.69743426,-0.87898253,0.0,0.0,1.91726929,25.96942167,5.37616895,0.0,0.0,0.0,-1.73166964,6.69743426,-0.87898253
GN,tall,3,9,81,G2,run17_u0065022.log,138.10544918,7,853407.067513,606469.857847,28.935454024961935,59.91659,20.00248,66.61612418196697,0.0,0.0,0.0,-15.0,-12.0,-22.0,0.0,0.0,0.0,15.0,0.0,0.0,0.0,0.0,-6.22136505,9.03761176,12.58861101,0.0,0.0,0.0,-57.53662529,-0.57707318,0.58689299,0.0,0.0,8.77863495,21.03761176,34.58861101,0.0,0.0,0.0,-72.53662529,-0.57707318,0.58689299
GN,tall,3,9,81,G3,run18_u0065031.log,117.77226393000001,7,1263940.107769,657023.105639,48.01786084637179,34.56739,25.14451,27.259448862063355,0.0,0.0,0.0,-18.0,-8.0,-25.0,0.0,0.0,0.0,25.0,0.0,0.0,0.0,0.0,-13.84361481,12.03294932,15.67372995,0.0,0.0,0.0,-24.62811682,2.30164771,0.97943494,0.0,0.0,4.15638519,20.03294932,40.67372995,0.0,0.0,0.0,-49.62811682,2.30164771,0.97943494
GN,tall,3,9,81,G4,run19_u0065034.log,0.49668414,21,283075.753956,1.903691,99.99932749768448,14.4106,0.07852759,99.45507064244376,0.0,0.0,0.0,-7.0,-2.0,-8.0,0.0,0.0,0.0,3.0,0.0,0.0,0.0,0.0,-7.006229,-1.97308953,-8.41573834,0.0,0.0,0.0,2.95799974,-0.00220205,-0.00360402,0.0,0.0,-0.006229,0.02691047,-0.41573834,0.0,0.0,0.0,-0.04200026,-0.00220205,-0.00360402
GN,tall,3,10,90,G0,run20_u0065046.log,44.0,6,1139860.05055,1139860.05055,0.0,48.12473,48.12473,0.0,0.0,0.0,0.0,-10.0,5.0,-19.0,0.0,0.0,0.0,10.0,0.0,0.0,0.0,0.0,0.0,0.0,0.0,0.0,0.0,0.0,0.0,0.0,0.0,0.0,0.0,10.0,-5.0,19.0,0.0,0.0,0.0,-10.0,0.0,0.0
GN,tall,3,10,90,G1,run21_u0065064.log,72.3041041,7,1041562.783444,463541.576146,55.4955703569527,32.5248,20.3463,37.4437352420307,0.0,0.0,0.0,-6.0,-6.0,-12.0,0.0,0.0,0.0,5.0,0.0,0.0,0.0,0.0,-4.80881614,13.71408611,3.6749641,0.0,0.0,0.0,-28.80451339,-0.06118773,-1.85816891,0.0,0.0,1.19118386,19.71408611,15.6749641,0.0,0.0,0.0,-33.80451339,-0.06118773,-1.85816891
GN,tall,3,10,90,G2,run22_u0065065.log,131.07009725,9,948205.027068,598010.480528,36.932365526773985,27.86727,27.03838,2.9744212475782565,0.0,0.0,0.0,-15.0,-12.0,-22.0,0.0,0.0,0.0,15.0,0.0,0.0,0.0,0.0,-14.46647006,7.55141877,38.57418083,0.0,0.0,0.0,56.10732583,-4.37326956,-4.93037232,0.0,0.0,0.53352994,19.55141877,60.57418083,0.0,0.0,0.0,41.10732583,-4.37326956,-4.93037232
GN,tall,3,10,90,G3,run23_u0065078.log,136.27978699,7,1404437.671464,883410.316559,37.09864563529371,47.59013,27.96192,41.24428741842059,0.0,0.0,0.0,-18.0,-8.0,-25.0,0.0,0.0,0.0,25.0,0.0,0.0,0.0,0.0,-15.411678,14.54190399,14.63736263,0.0,0.0,0.0,-39.72860725,3.71650944,-3.06708168,0.0,0.0,2.588322,22.54190399,39.63736263,0.0,0.0,0.0,-64.72860725,3.71650944,-3.06708168
GN,tall,3,10,90,G4,run24_u0065080.log,20.0,6,288051.110538,288051.110538,0.0,8.974329,8.974329,0.0,0.0,0.0,0.0,-7.0,-2.0,-8.0,0.0,0.0,0.0,3.0,0.0,0.0,0.0,0.0,0.0,0.0,0.0,0.0,0.0,0.0,0.0,0.0,0.0,0.0,0.0,7.0,2.0,8.0,0.0,0.0,0.0,-3.0,0.0,0.0
GN,tall,3,12,108,G0,run25_u0065083.log,44.0,6,1367862.747326,1367862.747326,0.0,37.15253,37.15253,0.0,0.0,0.0,0.0,-10.0,5.0,-19.0,0.0,0.0,0.0,10.0,0.0,0.0,0.0,0.0,0.0,0.0,0.0,0.0,0.0,0.0,0.0,0.0,0.0,0.0,0.0,10.0,-5.0,19.0,0.0,0.0,0.0,-10.0,0.0,0.0
GN,tall,3,12,108,G1,run26_u0065085.log,0.09939923,30,1249618.694794,0.438971,99.99996487160429,18.80936,0.002465506,99.98689213242768,0.0,0.0,0.0,-6.0,-6.0,-12.0,0.0,0.0,0.0,5.0,0.0,0.0,0.0,0.0,-5.9976624,-6.0003443,-12.00460417,0.0,0.0,0.0,4.91499517,-0.00442297,-0.00268536,0.0,0.0,0.0023376,-0.0003443,-0.00460417,0.0,0.0,0.0,-0.08500483,-0.00442297,-0.00268536
GN,tall,3,12,108,G2,run27_u0065092.log,64.0,6,1137899.57763,1137899.57763,0.0,51.89654,51.89654,0.0,0.0,0.0,0.0,-15.0,-12.0,-22.0,0.0,0.0,0.0,15.0,0.0,0.0,0.0,0.0,0.0,0.0,0.0,0.0,0.0,0.0,0.0,0.0,0.0,0.0,0.0,15.0,12.0,22.0,0.0,0.0,0.0,-15.0,0.0,0.0
GN,tall,3,12,108,G3,run28_u0065004.log,0.16911129,44,1685126.807998,0.892375,99.99994704404466,65.96556,0.03883385,99.94113011395643,0.0,0.0,0.0,-18.0,-8.0,-25.0,0.0,0.0,0.0,25.0,0.0,0.0,0.0,0.0,-18.00026419,-7.99976589,-24.98921433,0.0,0.0,0.0,24.84871017,-0.00434419,-0.0021933,0.0,0.0,-0.00026419,0.00023411,0.01078567,0.0,0.0,0.0,-0.15128983,-0.00434419,-0.0021933
GN,tall,3,12,108,G4,run29_u0065007.log,0.64750759,30,537673.231144,2.232205,99.99958483984868,28.27828,0.02567204,99.90921640212913,0.0,0.0,0.0,-7.0,-2.0,-8.0,0.0,0.0,0.0,3.0,0.0,0.0,0.0,0.0,-7.00502575,-1.9615827,-8.58648829,0.0,0.0,0.0,2.99492922,-0.00796921,-0.00453626,0.0,0.0,-0.00502575,0.0384173,-0.58648829,0.0,0.0,0.0,-0.00507078,-0.00796921,-0.00453626
GN,tall,3,15,135,G0,run30_u0065009.log,44.0,6,1709973.52955,1709973.52955,0.0,34.47704,34.47704,0.0,0.0,0.0,0.0,-10.0,5.0,-19.0,0.0,0.0,0.0,10.0,0.0,0.0,0.0,0.0,0.0,0.0,0.0,0.0,0.0,0.0,0.0,0.0,0.0,0.0,0.0,10.0,-5.0,19.0,0.0,0.0,0.0,-10.0,0.0,0.0
GN,tall,3,15,135,G1,run31_u0065022.log,0.41312974999999996,30,1562285.091298,1.450543,99.99990715247762,19.17678,0.03109565,99.83784738626609,0.0,0.0,0.0,-6.0,-6.0,-12.0,0.0,0.0,0.0,5.0,0.0,0.0,0.0,0.0,-5.99922373,-6.00194114,-12.03208959,0.0,0.0,0.0,5.36555002,0.01090016,-0.00187257,0.0,0.0,0.00077627,-0.00194114,-0.03208959,0.0,0.0,0.0,0.36555002,0.01090016,-0.00187257
GN,tall,3,15,135,G2,run32_u0065031.log,64.0,6,1422463.753489,1422463.753489,0.0,37.58824,37.58824,0.0,0.0,0.0,0.0,-15.0,-12.0,-22.0,0.0,0.0,0.0,15.0,0.0,0.0,0.0,0.0,0.0,0.0,0.0,0.0,0.0,0.0,0.0,0.0,0.0,0.0,0.0,15.0,12.0,22.0,0.0,0.0,0.0,-15.0,0.0,0.0
GN,tall,3,15,135,G3,run33_u0065034.log,144.41123481,7,2106973.258722,1366561.954596,35.14099199223353,59.6968,44.31416,25.76794736066255,0.0,0.0,0.0,-18.0,-8.0,-25.0,0.0,0.0,0.0,25.0,0.0,0.0,0.0,0.0,-15.38443317,15.3104146,13.18431307,0.0,0.0,0.0,-54.0171174,0.39812017,0.88570274,0.0,0.0,2.61556683,23.3104146,38.18431307,0.0,0.0,0.0,-79.0171174,0.39812017,0.88570274
GN,tall,3,15,135,G4,run34_u0065046.log,0.58314991,23,552073.322877,3.826466,99.99930689170414,16.23299,0.04973843,99.69359662021598,0.0,0.0,0.0,-7.0,-2.0,-8.0,0.0,0.0,0.0,3.0,0.0,0.0,0.0,0.0,-7.00143024,-1.97798591,-8.3501593,0.0,0.0,0.0,2.80008766,-0.00212082,-0.00751312,0.0,0.0,-0.00143024,0.02201409,-0.3501593,0.0,0.0,0.0,-0.19991234,-0.00212082,-0.00751312
GN,tall,3,18,162,G0,run35_u0065064.log,44.0,6,2051848.757933,2051848.757933,0.0,33.06379,33.06379,0.0,0.0,0.0,0.0,-10.0,5.0,-19.0,0.0,0.0,0.0,10.0,0.0,0.0,0.0,0.0,0.0,0.0,0.0,0.0,0.0,0.0,0.0,0.0,0.0,0.0,0.0,10.0,-5.0,19.0,0.0,0.0,0.0,-10.0,0.0,0.0
GN,tall,3,18,162,G1,run36_u0065065.log,52.46203224,7,1874612.778777,1236754.815551,34.02611837747844,20.97461,18.58578,11.389150978254179,0.0,0.0,0.0,-6.0,-6.0,-12.0,0.0,0.0,0.0,5.0,0.0,0.0,0.0,0.0,-4.86120715,18.51873635,-2.64977995,0.0,0.0,0.0,-6.85699971,4.15047713,-1.44680615,0.0,0.0,1.13879285,24.51873635,9.35022005,0.0,0.0,0.0,-11.85699971,4.15047713,-1.44680615
GN,tall,3,18,162,G2,run37_u0065078.log,96.25645349,7,1706784.41623,1271608.155234,25.496849916009392,29.48679,16.17406,45.148115478151404,0.0,0.0,0.0,-15.0,-12.0,-22.0,0.0,0.0,0.0,15.0,0.0,0.0,0.0,0.0,-8.14651544,10.38582821,1.97486211,0.0,0.0,0.0,-26.25136562,-1.44388365,-0.34702934,0.0,0.0,6.85348456,22.38582821,23.97486211,0.0,0.0,0.0,-41.25136562,-1.44388365,-0.34702934
GN,tall,3,18,162,G3,run38_u0065080.log,0.15994621,34,2527832.120333,1.454073,99.99994247746962,41.03765,0.02265191,99.94480212682744,0.0,0.0,0.0,-18.0,-8.0,-25.0,0.0,0.0,0.0,25.0,0.0,0.0,0.0,0.0,-17.99870571,-7.99939172,-24.99433599,0.0,0.0,0.0,24.8503887,-0.00251892,-0.00024941,0.0,0.0,0.00129429,0.00060828,0.00566401,0.0,0.0,0.0,-0.1496113,-0.00251892,-0.00024941
GN,tall,3,18,162,G4,run39_u0065083.log,0.54491262,28,686387.959167,3.242695,99.99952757111242,24.56294,0.04513306,99.81625546453316,0.0,0.0,0.0,-7.0,-2.0,-8.0,0.0,0.0,0.0,3.0,0.0,0.0,0.0,0.0,-7.0072264,-1.97176454,-8.47281375,0.0,0.0,0.0,2.96552996,-0.00135782,-0.00080915,0.0,0.0,-0.0072264,0.02823546,-0.47281375,0.0,0.0,0.0,-0.03447004,-0.00135782,-0.00080915
GN,tall,3,24,216,G0,run40_u0065092.log,44.0,6,2735577.256443,2735577.256443,0.0,31.75474,31.75474,0.0,0.0,0.0,0.0,-10.0,5.0,-19.0,0.0,0.0,0.0,10.0,0.0,0.0,0.0,0.0,0.0,0.0,0.0,0.0,0.0,0.0,0.0,0.0,0.0,0.0,0.0,10.0,-5.0,19.0,0.0,0.0,0.0,-10.0,0.0,0.0
GN,tall,3,24,216,G1,run41_u0065009.log,56.62820146,7,2499191.485751,1679340.348683,32.80465469502177,22.74992,14.48867,36.31331450835871,0.0,0.0,0.0,-6.0,-6.0,-12.0,0.0,0.0,0.0,5.0,0.0,0.0,0.0,0.0,-3.54280373,18.67140313,-2.45359106,0.0,0.0,0.0,-11.937563,-2.79496045,0.22066967,0.0,0.0,2.45719627,24.67140313,9.54640894,0.0,0.0,0.0,-16.937563,-2.79496045,0.22066967
GN,tall,3,24,216,G2,run42_u0065031.log,64.0,6,2275970.504119,2275970.504119,0.0,33.86171,33.86171,0.0,0.0,0.0,0.0,-15.0,-12.0,-22.0,0.0,0.0,0.0,15.0,0.0,0.0,0.0,0.0,0.0,0.0,0.0,0.0,0.0,0.0,0.0,0.0,0.0,0.0,0.0,15.0,12.0,22.0,0.0,0.0,0.0,-15.0,0.0,0.0
GN,tall,3,24,216,G3,run43_u0065034.log,102.42026969,8,3370622.80577,1776734.590719,47.28764702839199,26.77351,22.25778,16.866410119554743,0.0,0.0,0.0,-18.0,-8.0,-25.0,0.0,0.0,0.0,25.0,0.0,0.0,0.0,0.0,-16.8635884,3.45588234,3.17336582,0.0,0.0,0.0,-31.55197677,-1.64788866,3.4547445,0.0,0.0,1.1364116,11.45588234,28.17336582,0.0,0.0,0.0,-56.55197677,-1.64788866,3.4547445
GN,tall,3,24,216,G4,run44_u0065064.log,0.68853723,32,1075482.752957,4.379294,99.99959280667328,16.77433,0.03171312,99.81094255329424,0.0,0.0,0.0,-7.0,-2.0,-8.0,0.0,0.0,0.0,3.0,0.0,0.0,0.0,0.0,-7.00439743,-1.96379389,-8.54231041,0.0,0.0,0.0,3.09697089,-0.00224289,-0.0064095,0.0,0.0,-0.00439743,0.03620611,-0.54231041,0.0,0.0,0.0,0.09697089,-0.00224289,-0.0064095
GN,tall,3,36,324,G0,run45_u0065065.log,44.0,6,4103765.907543,4103765.907543,0.0,35.20406,35.20406,0.0,0.0,0.0,0.0,-10.0,5.0,-19.0,0.0,0.0,0.0,10.0,0.0,0.0,0.0,0.0,0.0,0.0,0.0,0.0,0.0,0.0,0.0,0.0,0.0,0.0,0.0,10.0,-5.0,19.0,0.0,0.0,0.0,-10.0,0.0,0.0
GN,tall,3,36,324,G1,run46_u0065078.log,50.3825019,7,3749426.4726,2227596.066215,40.58835177876425,20.22818,24.17635,-19.518167230072116,0.0,0.0,0.0,-6.0,-6.0,-12.0,0.0,0.0,0.0,5.0,0.0,0.0,0.0,0.0,-4.03326812,17.02814926,9.5568419,0.0,0.0,0.0,3.08969247,0.62055843,-1.2999129,0.0,0.0,1.96673188,23.02814926,21.5568419,0.0,0.0,0.0,-1.91030753,0.62055843,-1.2999129
GN,tall,3,36,324,G2,run47_u0065085.log,0.12608359,37,3413759.112685,1.833531,99.99994628997126,18.783,0.008408102,99.95523557472183,0.0,0.0,0.0,-15.0,-12.0,-22.0,0.0,0.0,0.0,15.0,0.0,0.0,0.0,0.0,-15.00137161,-11.99948799,-21.99816968,0.0,0.0,0.0,14.87964289,-0.00182099,-0.00019155,0.0,0.0,-0.00137161,0.00051201,0.00183032,0.0,0.0,0.0,-0.12035711,-0.00182099,-0.00019155
GN,tall,3,36,324,G3,run48_u0065092.log,82.40328719,7,5055785.290361,2712205.28846,46.354421070236164,20.19991,27.91294,-38.183486956130004,0.0,0.0,0.0,-18.0,-8.0,-25.0,0.0,0.0,0.0,25.0,0.0,0.0,0.0,0.0,-14.38129895,13.10508164,5.22254204,0.0,0.0,0.0,-1.15362674,0.74175759,-0.56157813,0.0,0.0,3.61870105,21.10508164,30.22254204,0.0,0.0,0.0,-26.15362674,0.74175759,-0.56157813
GN,tall,3,36,324,G4,run49_u0065004.log,0.52902629,29,1492966.151129,6.783688,99.99954562345604,18.13728,0.02594775,99.85693692769809,0.0,0.0,0.0,-7.0,-2.0,-8.0,0.0,0.0,0.0,3.0,0.0,0.0,0.0,0.0,-7.00639155,-1.97135581,-8.46758331,0.0,0.0,0.0,2.97550021,-0.00144761,-0.00045984,0.0,0.0,-0.00639155,0.02864419,-0.46758331,0.0,0.0,0.0,-0.02449979,-0.00144761,-0.00045984
GN,tall,3,60,540,G0,run50_u0065007.log,44.0,6,6839446.182872,6839446.182872,0.0,28.80367,28.80367,0.0,0.0,0.0,0.0,-10.0,5.0,-19.0,0.0,0.0,0.0,10.0,0.0,0.0,0.0,0.0,0.0,0.0,0.0,0.0,0.0,0.0,0.0,0.0,0.0,0.0,0.0,10.0,-5.0,19.0,0.0,0.0,0.0,-10.0,0.0,0.0
GN,tall,3,60,540,G1,run51_u0065009.log,51.8666373,7,6249010.007073,3130048.477429,49.911290366214395,17.45789,14.02897,19.64109064726608,0.0,0.0,0.0,-6.0,-6.0,-12.0,0.0,0.0,0.0,5.0,0.0,0.0,0.0,0.0,-4.28059299,14.84696683,7.55851798,0.0,0.0,0.0,-0.8196564,-2.47467053,-1.44741855,0.0,0.0,1.71940701,20.84696683,19.55851798,0.0,0.0,0.0,-5.8196564,-2.47467053,-1.44741855
GN,tall,3,60,540,G2,run52_u0065022.log,73.8176946,8,5689642.541136,4217793.92072,25.86891197073568,19.6475,14.24433,27.500547143402475,0.0,0.0,0.0,-15.0,-12.0,-22.0,0.0,0.0,0.0,15.0,0.0,0.0,0.0,0.0,-13.81643644,-0.94290213,13.55689758,0.0,0.0,0.0,-9.42921309,0.90959024,-0.68133226,0.0,0.0,1.18356356,11.05709787,35.55689758,0.0,0.0,0.0,-24.42921309,0.90959024,-0.68133226
GN,tall,3,60,540,G3,run53_u0065031.log,85.86754917,8,8427137.53968,4601942.771364,45.391388835232576,31.32749,16.8345,46.262850933796486,0.0,0.0,0.0,-18.0,-8.0,-25.0,0.0,0.0,0.0,25.0,0.0,0.0,0.0,0.0,-16.66070581,2.96048388,3.33614502,0.0,0.0,0.0,-19.16959879,-0.32705824,0.73496905,0.0,0.0,1.33929419,10.96048388,28.33614502,0.0,0.0,0.0,-44.16959879,-0.32705824,0.73496905
GN,tall,3,60,540,G4,run54_u0065034.log,0.58214928,30,2328115.629707,11.864635,99.99949037604281,20.41924,0.02350325,99.88489654854929,0.0,0.0,0.0,-7.0,-2.0,-8.0,0.0,0.0,0.0,3.0,0.0,0.0,0.0,0.0,-7.00049427,-1.96888302,-8.52498778,0.0,0.0,0.0,3.01821272,-0.00188602,-0.00545151,0.0,0.0,-0.00049427,0.03111698,-0.52498778,0.0,0.0,0.0,0.01821272,-0.00188602,-0.00545151
GN,tall,3,90,810,G0,run55_u0065046.log,44.0,6,10259431.141608,10259431.141608,0.0,29.11318,29.11318,0.0,0.0,0.0,0.0,-10.0,5.0,-19.0,0.0,0.0,0.0,10.0,0.0,0.0,0.0,0.0,0.0,0.0,0.0,0.0,0.0,0.0,0.0,0.0,0.0,0.0,0.0,10.0,-5.0,19.0,0.0,0.0,0.0,-10.0,0.0,0.0
GN,tall,3,90,810,G1,run56_u0065065.log,46.5728109,7,9373005.362652,4995016.250421,46.70848828995325,16.64652,17.24814,-3.6140887104331747,0.0,0.0,0.0,-6.0,-6.0,-12.0,0.0,0.0,0.0,5.0,0.0,0.0,0.0,0.0,-3.90361469,15.83888821,2.47758625,0.0,0.0,0.0,-0.2771009,2.00151041,-0.88133982,0.0,0.0,2.09638531,21.83888821,14.47758625,0.0,0.0,0.0,-5.2771009,2.00151041,-0.88133982
GN,tall,3,90,810,G2,run57_u0065078.log,73.41912177,7,8535003.126942,7684300.861533,9.967216798358654,18.86188,27.34705,-44.985812654942144,0.0,0.0,0.0,-15.0,-12.0,-22.0,0.0,0.0,0.0,15.0,0.0,0.0,0.0,0.0,-10.79717037,13.65803734,6.94149012,0.0,0.0,0.0,1.84040449,0.81987737,0.6372918,0.0,0.0,4.20282963,25.65803734,28.94149012,0.0,0.0,0.0,-13.15959551,0.81987737,0.6372918
GN,tall,3,90,810,G3,run58_u0065083.log,100.66845662,7,12640254.03141,7476499.50926,40.85166729496489,26.30653,18.54274,29.512786369011803,0.0,0.0,0.0,-18.0,-8.0,-25.0,0.0,0.0,0.0,25.0,0.0,0.0,0.0,0.0,-14.08133607,13.8859581,13.5268303,0.0,0.0,0.0,-10.85355627,-0.37942242,-0.1040256,0.0,0.0,3.91866393,21.8859581,38.5268303,0.0,0.0,0.0,-35.85355627,-0.37942242,-0.1040256
GN,tall,3,90,810,G4,run59_u0065092.log,0.58748848,33,3432092.896008,17.751923,99.99948276682659,17.15167,0.007445919,99.95658778999363,0.0,0.0,0.0,-7.0,-2.0,-8.0,0.0,0.0,0.0,3.0,0.0,0.0,0.0,0.0,-7.00344319,-1.96717348,-8.53430651,0.0,0.0,0.0,3.01426653,0.00012769,-0.00251804,0.0,0.0,-0.00344319,0.03282652,-0.53430651,0.0,0.0,0.0,0.01426653,0.00012769,-0.00251804
GN,tall,3,180,1620,G0,run60_u0065080.log,44.0,6,20518365.734152,20518365.734152,0.0,28.95069,28.95069,0.0,0.0,0.0,0.0,-10.0,5.0,-19.0,0.0,0.0,0.0,10.0,0.0,0.0,0.0,0.0,0.0,0.0,0.0,0.0,0.0,0.0,0.0,0.0,0.0,0.0,0.0,10.0,-5.0,19.0,0.0,0.0,0.0,-10.0,0.0,0.0
GN,tall,3,180,1620,G1,run61_u0065007.log,43.64140688,7,18746539.147146,9875094.902565,47.323104147101205,17.00044,14.30229,15.871059807863805,0.0,0.0,0.0,-6.0,-6.0,-12.0,0.0,0.0,0.0,5.0,0.0,0.0,0.0,0.0,-3.98007748,15.72645733,4.64417953,0.0,0.0,0.0,2.04944508,-0.2896407,0.01065188,0.0,0.0,2.01992252,21.72645733,16.64417953,0.0,0.0,0.0,-2.95055492,-0.2896407,0.01065188
GN,tall,3,180,1620,G2,run62_u0065009.log,71.37903673,7,17069814.901469,15188799.311662,11.019542980780201,17.99022,18.27271,-1.5702420537380823,0.0,0.0,0.0,-15.0,-12.0,-22.0,0.0,0.0,0.0,15.0,0.0,0.0,0.0,0.0,-10.5190345,13.3717757,5.3336839,0.0,0.0,0.0,2.18615328,0.60142643,-0.77733848,0.0,0.0,4.4809655,25.3717757,27.3336839,0.0,0.0,0.0,-12.81384672,0.60142643,-0.77733848
GN,tall,3,180,1620,G3,run63_u0065022.log,86.81774504,7,25280882.245725,14123994.647725,44.131717752400164,20.90728,17.34573,17.03497537699787,0.0,0.0,0.0,-18.0,-8.0,-25.0,0.0,0.0,0.0,25.0,0.0,0.0,0.0,0.0,-13.89791177,13.73532181,3.14523299,0.0,0.0,0.0,-6.67924508,0.32254136,0.83331557,0.0,0.0,4.10208823,21.73532181,28.14523299,0.0,0.0,0.0,-31.67924508,0.32254136,0.83331557
GN,tall,3,180,1620,G4,run007_u0065037.log,0.6058610200000001,33,6984352.451076,35.068247,99.9994979026725,18.03702,0.0107611,99.94033881428307,0.0,0.0,0.0,-7.0,-2.0,-8.0,0.0,0.0,0.0,3.0,0.0,0.0,0.0,0.0,-7.0038166,-1.96892852,-8.53169043,0.0,0.0,0.0,3.03701086,-0.00030279,-0.00196886,0.0,0.0,-0.0038166,0.03107148,-0.53169043,0.0,0.0,0.0,0.03701086,-0.00030279,-0.00196886
GN,tall,3,360,3240,G0,run65_u0065064.log,44.0,6,41036373.2164,41036373.2164,0.0,27.44938,27.44938,0.0,0.0,0.0,0.0,-10.0,5.0,-19.0,0.0,0.0,0.0,10.0,0.0,0.0,0.0,0.0,0.0,0.0,0.0,0.0,0.0,0.0,0.0,0.0,0.0,0.0,0.0,10.0,-5.0,19.0,0.0,0.0,0.0,-10.0,0.0,0.0
GN,tall,3,360,3240,G1,run66_u0065046.log,48.81930358,7,37493583.380199,20305407.947936,45.842978671759525,17.42172,17.27052,0.8678821608888176,0.0,0.0,0.0,-6.0,-6.0,-12.0,0.0,0.0,0.0,5.0,0.0,0.0,0.0,0.0,-3.95308251,16.03179489,5.17352075,0.0,0.0,0.0,-1.94450495,-0.56693929,0.05562621,0.0,0.0,2.04691749,22.03179489,17.17352075,0.0,0.0,0.0,-6.94450495,-0.56693929,0.05562621
GN,tall,3,360,3240,G2,run67_u0065065.log,76.84057322000001,7,34140001.845808,30094010.710607,11.851174330553826,20.07463,18.25001,9.089183710982466,0.0,0.0,0.0,-15.0,-12.0,-22.0,0.0,0.0,0.0,15.0,0.0,0.0,0.0,0.0,-10.54874009,13.2105035,10.63084572,0.0,0.0,0.0,1.80359894,0.5851373,-0.76642573,0.0,0.0,4.45125991,25.2105035,32.63084572,0.0,0.0,0.0,-13.19640106,0.5851373,-0.76642573
GN,tall,3,360,3240,G3,run68_u0065078.log,83.51151202,7,50562124.363676,27626020.829062,45.36222285607005,20.04405,12.901,35.63676003602066,0.0,0.0,0.0,-18.0,-8.0,-25.0,0.0,0.0,0.0,25.0,0.0,0.0,0.0,0.0,-13.9159858,13.32618679,4.74953733,0.0,0.0,0.0,-2.76110525,0.58337011,-0.00729834,0.0,0.0,4.0840142,21.32618679,29.74953733,0.0,0.0,0.0,-27.76110525,0.58337011,-0.00729834
GN,tall,3,360,3240,G4,run69_u0065083.log,0.59798823,36,14209053.159822,70.439257,99.9995042649485,19.04497,0.009194477,99.95172228152629,0.0,0.0,0.0,-7.0,-2.0,-8.0,0.0,0.0,0.0,3.0,0.0,0.0,0.0,0.0,-7.00467404,-1.96865261,-8.52833787,0.0,0.0,0.0,2.97035915,-0.00219658,-0.0017915,0.0,0.0,-0.00467404,0.03134739,-0.52833787,0.0,0.0,0.0,-0.02964085,-0.00219658,-0.0017915
GN,square,3,3,27,G0,run140_u0065004.log,0.44179091,25,34863.556947,0.140285,99.99959761707557,11.1256,0.01901967,99.829045894154,0.0,0.0,0.0,-10.0,5.0,-19.0,0.0,0.0,0.0,10.0,0.0,0.0,0.0,0.0,-9.99280066,4.97983339,-18.60523608,0.0,0.0,0.0,9.9917352,0.00987582,-0.00152042,0.0,0.0,0.00719934,-0.02016661,0.39476392,0.0,0.0,0.0,-0.0082648,0.00987582,-0.00152042
GN,square,3,3,27,G1,run141_u0065004.log,4.02299326,15,26837.864985,17.402242,99.93515787485434,16.26772,1.593765,90.2028987467205,0.0,0.0,0.0,-6.0,-6.0,-12.0,0.0,0.0,0.0,5.0,0.0,0.0,0.0,0.0,-6.17191375,-6.16204725,-8.53080853,0.0,0.0,0.0,5.09756383,-0.00727877,0.11499819,0.0,0.0,-0.17191375,-0.16204725,3.46919147,0.0,0.0,0.0,0.09756383,-0.00727877,0.11499819
GN,square,3,3,27,G2,run142_u0065004.log,2.81306338,15,142395.564358,7.958313,99.99441112296167,41.9054,0.2189881,99.47742271879042,0.0,0.0,0.0,-15.0,-12.0,-22.0,0.0,0.0,0.0,15.0,0.0,0.0,0.0,0.0,-15.0419973,-11.90218643,-24.45872357,0.0,0.0,0.0,14.91469554,-0.08217129,-0.04705319,0.0,0.0,-0.0419973,0.09781357,-2.45872357,0.0,0.0,0.0,-0.08530446,-0.08217129,-0.04705319
GN,square,3,3,27,G3,run143_u0065004.log,1.95840982,28,199446.749189,3.736625,99.99812650493669,35.33551,0.1851115,99.47613180055984,0.0,0.0,0.0,-18.0,-8.0,-25.0,0.0,0.0,0.0,25.0,0.0,0.0,0.0,0.0,-17.99151264,-8.14078971,-23.3045673,0.0,0.0,0.0,25.09994704,-0.00850401,0.005249,0.0,0.0,0.00848736,-0.14078971,1.6954327,0.0,0.0,0.0,0.09994704,-0.00850401,0.005249
GN,square,3,3,27,G4,run001_u0065022.log,1.69867631,17,15839.756321,2.367746,99.98505187862733,11.21203,0.2286049,97.96107484550076,0.0,0.0,0.0,-7.0,-2.0,-8.0,0.0,0.0,0.0,3.0,0.0,0.0,0.0,0.0,-6.97359081,-2.07364466,-6.4226332,0.0,0.0,0.0,3.00342174,-0.01138505,0.00644887,0.0,0.0,0.02640919,-0.07364466,1.5773668,0.0,0.0,0.0,0.00342174,-0.01138505,0.00644887
GN,square,3,5,45,G0,run145_u0065004.log,0.79827076,20,57294.256736,0.641961,99.99887953690897,14.55445,0.06891557,99.52649828746536,0.0,0.0,0.0,-10.0,5.0,-19.0,0.0,0.0,0.0,10.0,0.0,0.0,0.0,0.0,-9.99423355,4.96561469,-18.27387629,0.0,0.0,0.0,9.97446294,0.00499459,-0.00146364,0.0,0.0,0.00576645,-0.03438531,0.72612371,0.0,0.0,0.0,-0.02553706,0.00499459,-0.00146364
GN,square,3,5,45,G1,run146_u0065004.log,0.12818965,14,44511.220556,0.140179,99.99968507041989,14.55845,0.01815564,99.87529139434487,0.0,0.0,0.0,-6.0,-6.0,-12.0,0.0,0.0,0.0,5.0,0.0,0.0,0.0,0.0,-5.9983987,-5.99604041,-12.1114647,0.0,0.0,0.0,5.00300013,-0.0027327,0.00543123,0.0,0.0,0.0016013,0.00395959,-0.1114647,0.0,0.0,0.0,0.00300013,-0.0027327,0.00543123
GN,square,3,5,45,G2,run147_u0065004.log,0.10296242,17,234609.448724,0.133913,99.99994292088374,35.70481,0.04654691,99.86963406330969,0.0,0.0,0.0,-15.0,-12.0,-22.0,0.0,0.0,0.0,15.0,0.0,0.0,0.0,0.0,-14.99915672,-11.9987154,-21.91408556,0.0,0.0,0.0,15.01205275,-0.00221631,-0.00065104,0.0,0.0,0.00084328,0.0012846,0.08591444,0.0,0.0,0.0,0.01205275,-0.00221631,-0.00065104
GN,square,3,5,45,G3,run148_u0065007.log,2.03885429,12,321907.459866,5.813362,99.9981940890707,33.7387,0.1151954,99.65856597912784,0.0,0.0,0.0,-18.0,-8.0,-25.0,0.0,0.0,0.0,25.0,0.0,0.0,0.0,0.0,-18.02590975,-8.14939203,-23.21390642,0.0,0.0,0.0,24.96133698,-0.00397175,0.03482416,0.0,0.0,-0.02590975,-0.14939203,1.78609358,0.0,0.0,0.0,-0.03866302,-0.00397175,0.03482416
GN,square,3,5,45,G4,run149_u0065004.log,1.03168427,19,26397.471506,1.403469,99.9946833203336,9.703664,0.07307175,99.24696743415683,0.0,0.0,0.0,-7.0,-2.0,-8.0,0.0,0.0,0.0,3.0,0.0,0.0,0.0,0.0,-6.99188651,-2.04104614,-7.05738625,0.0,0.0,0.0,3.01160344,0.00201164,0.02629581,0.0,0.0,0.00811349,-0.04104614,0.94261375,0.0,0.0,0.0,0.01160344,0.00201164,0.02629581
GN,square,3,6,54,G0,run150_u0065007.log,0.14323043,33,69782.470554,0.113862,99.99983683294803,12.24997,0.002796856,99.97716846653502,0.0,0.0,0.0,-10.0,5.0,-19.0,0.0,0.0,0.0,10.0,0.0,0.0,0.0,0.0,-9.99650011,4.99044781,-18.88128229,0.0,0.0,0.0,9.98927793,0.00046729,0.00027128,0.0,0.0,0.00349989,-0.00955219,0.11871771,0.0,0.0,0.0,-0.01072207,0.00046729,0.00027128
GN,square,3,6,54,G1,run151_u0065004.log,4.30180512,11,53674.265273,29.971678,99.94416005911295,8.381042,0.1022659,98.77979492287474,0.0,0.0,0.0,-6.0,-6.0,-12.0,0.0,0.0,0.0,5.0,0.0,0.0,0.0,0.0,-6.01165071,-6.17953965,-7.93651063,0.0,0.0,0.0,4.98106313,0.01205883,0.01612969,0.0,0.0,-0.01165071,-0.17953965,4.06348937,0.0,0.0,0.0,-0.01893687,0.01205883,0.01612969
GN,square,3,6,54,G2,run152_u0065007.log,0.17947591000000002,34,284946.267083,0.17293,99.99993931136498,24.6677,0.01295946,99.94746384948738,0.0,0.0,0.0,-15.0,-12.0,-22.0,0.0,0.0,0.0,15.0,0.0,0.0,0.0,0.0,-14.99827453,-12.00173153,-21.84345204,0.0,0.0,0.0,15.01418347,0.00210197,0.00318551,0.0,0.0,0.00172547,-0.00173153,0.15654796,0.0,0.0,0.0,0.01418347,0.00210197,0.00318551
GN,square,3,6,54,G3,run153_u0065004.log,1.5405891900000002,25,399024.588654,4.261123,99.99893211518258,36.31822,0.07940975,99.78135010471327,0.0,0.0,0.0,-18.0,-8.0,-25.0,0.0,0.0,0.0,25.0,0.0,0.0,0.0,0.0,-18.012803,-8.10928136,-23.62414307,0.0,0.0,0.0,24.96194741,-0.00292411,-0.0016712,0.0,0.0,-0.012803,-0.10928136,1.37585693,0.0,0.0,0.0,-0.03805259,-0.00292411,-0.0016712
GN,square,3,6,54,G4,run154_u0065007.log,0.3342195,29,31708.196343,0.18859,99.99940523264723,8.131037,0.009116035,99.88788594861886,0.0,0.0,0.0,-7.0,-2.0,-8.0,0.0,0.0,0.0,3.0,0.0,0.0,0.0,0.0,-6.99544217,-2.01340192,-7.69202331,0.0,0.0,0.0,2.99409553,0.00016494,0.00221365,0.0,0.0,0.00455783,-0.01340192,0.30797669,0.0,0.0,0.0,-0.00590447,0.00016494,0.00221365
GN,square,3,9,81,G0,run155_u0065004.log,0.38053249,28,103513.204817,0.482391,99.99953398119511,11.45076,0.04495019,99.60744797725216,0.0,0.0,0.0,-10.0,5.0,-19.0,0.0,0.0,0.0,10.0,0.0,0.0,0.0,0.0,-9.99691985,4.98494773,-18.66215334,0.0,0.0,0.0,10.01478543,0.00690841,0.00285957,0.0,0.0,0.00308015,-0.01505227,0.33784666,0.0,0.0,0.0,0.01478543,0.00690841,0.00285957
GN,square,3,9,81,G1,run156_u0065007.log,9.6590734,11,80265.188865,212.720112,99.73497836981636,11.4825,0.4140261,96.3942860875245,0.0,0.0,0.0,-6.0,-6.0,-12.0,0.0,0.0,0.0,5.0,0.0,0.0,0.0,0.0,-6.12846075,-6.49658414,-3.44202387,0.0,0.0,0.0,5.31566279,0.08060734,0.07978225,0.0,0.0,-0.12846075,-0.49658414,8.55797613,0.0,0.0,0.0,0.31566279,0.08060734,0.07978225
GN,square,3,9,81,G2,run157_u0065004.log,1.35868256,19,423820.045303,4.783179,99.99887141274863,26.16691,0.08962822,99.65747495596537,0.0,0.0,0.0,-15.0,-12.0,-22.0,0.0,0.0,0.0,15.0,0.0,0.0,0.0,0.0,-14.97806,-12.05598369,-20.78320495,0.0,0.0,0.0,14.96246876,0.00401415,0.02241843,0.0,0.0,0.02194,-0.05598369,1.21679505,0.0,0.0,0.0,-0.03753124,0.00401415,0.02241843
GN,square,3,9,81,G3,run158_u0065007.log,0.79099417,32,583257.689086,1.440837,99.99975296733726,28.00238,0.03275173,99.88303947735871,0.0,0.0,0.0,-18.0,-8.0,-25.0,0.0,0.0,0.0,25.0,0.0,0.0,0.0,0.0,-18.00512692,-8.05236856,-24.29855932,0.0,0.0,0.0,25.01798863,-0.00194734,0.01212204,0.0,0.0,-0.00512692,-0.05236856,0.70144068,0.0,0.0,0.0,0.01798863,-0.00194734,0.01212204
GN,square,3,9,81,G4,run159_u0065004.log,0.20684517,26,47515.944138,0.192985,99.99959385211953,9.404129,0.0040167,99.9572879104487,0.0,0.0,0.0,-7.0,-2.0,-8.0,0.0,0.0,0.0,3.0,0.0,0.0,0.0,0.0,-7.00065693,-2.00157895,-7.80140769,0.0,0.0,0.0,3.00177856,0.00062671,0.00361171,0.0,0.0,-0.00065693,-0.00157895,0.19859231,0.0,0.0,0.0,0.00177856,0.00062671,0.00361171
GN,square,3,10,90,G0,run160_u0065007.log,0.49373143999999997,30,114682.475796,0.709615,99.99938123501863,14.41461,0.05320888,99.63086840365435,0.0,0.0,0.0,-10.0,5.0,-19.0,0.0,0.0,0.0,10.0,0.0,0.0,0.0,0.0,-9.99202421,4.97287843,-18.57179982,0.0,0.0,0.0,9.9769945,0.0072758,0.0001526,0.0,0.0,0.00797579,-0.02712157,0.42820018,0.0,0.0,0.0,-0.0230055,0.0072758,0.0001526
GN,square,3,10,90,G1,run161_u0065004.log,0.25150113,35,89045.431768,0.241977,99.9997282544481,7.611013,0.01859214,99.75572055914239,0.0,0.0,0.0,-6.0,-6.0,-12.0,0.0,0.0,0.0,5.0,0.0,0.0,0.0,0.0,-6.00475623,-6.0118409,-11.77348236,0.0,0.0,0.0,4.99265511,0.00066458,0.00037689,0.0,0.0,-0.00475623,-0.0118409,0.22651764,0.0,0.0,0.0,-0.00734489,0.00066458,0.00037689
GN,square,3,10,90,G2,run162_u0065007.log,0.11210071,32,469488.35576,0.332037,99.99992927684022,23.8595,0.005329103,99.9776646493011,0.0,0.0,0.0,-15.0,-12.0,-22.0,0.0,0.0,0.0,15.0,0.0,0.0,0.0,0.0,-14.99817258,-12.0037981,-21.90816537,0.0,0.0,0.0,15.01248589,-0.0016825,0.00047217,0.0,0.0,0.00182742,-0.0037981,0.09183463,0.0,0.0,0.0,0.01248589,-0.0016825,0.00047217
GN,square,3,10,90,G3,run163_u0065007.log,0.41650998,29,644606.937333,0.476742,99.99992604144133,31.07804,0.03191369,99.89731112386752,0.0,0.0,0.0,-18.0,-8.0,-25.0,0.0,0.0,0.0,25.0,0.0,0.0,0.0,0.0,-18.00444056,-8.02894428,-24.62186589,0.0,0.0,0.0,25.00136419,0.00283745,-0.00078939,0.0,0.0,-0.00444056,-0.02894428,0.37813411,0.0,0.0,0.0,0.00136419,0.00283745,-0.00078939
GN,square,3,10,90,G4,run164_u0065004.log,2.37941068,12,52795.651549,14.488724,99.97255697472252,7.184748,0.1327709,98.15204513783922,0.0,0.0,0.0,-7.0,-2.0,-8.0,0.0,0.0,0.0,3.0,0.0,0.0,0.0,0.0,-6.99444884,-2.08055539,-5.82854633,0.0,0.0,0.0,2.94114161,-0.01556013,0.04743194,0.0,0.0,0.00555116,-0.08055539,2.17145367,0.0,0.0,0.0,-0.05885839,-0.01556013,0.04743194
GN,square,3,12,108,G0,run165_u0065007.log,0.17529012000000002,39,138287.452319,0.293768,99.99978756713276,10.07641,0.002564542,99.97454905070357,0.0,0.0,0.0,-10.0,5.0,-19.0,0.0,0.0,0.0,10.0,0.0,0.0,0.0,0.0,-10.00083034,4.99201728,-18.84160078,0.0,0.0,0.0,9.99372518,-0.00064072,-0.0011623,0.0,0.0,-0.00083034,-0.00798272,0.15839922,0.0,0.0,0.0,-0.00627482,-0.00064072,-0.0011623
GN,square,3,12,108,G1,run166_u0065004.log,0.24955923000000002,32,107056.04967,0.300564,99.99971924613234,11.38053,0.004334482,99.96191317979039,0.0,0.0,0.0,-6.0,-6.0,-12.0,0.0,0.0,0.0,5.0,0.0,0.0,0.0,0.0,-6.00361361,-6.01246768,-11.77922982,0.0,0.0,0.0,4.98913762,0.00133914,0.00050624,0.0,0.0,-0.00361361,-0.01246768,0.22077018,0.0,0.0,0.0,-0.01086238,0.00133914,0.00050624
GN,square,3,12,108,G2,run167_u0065007.log,0.24961169,30,565336.5246,0.461779,99.99991831785496,26.54346,0.02420677,99.90880326076555,0.0,0.0,0.0,-15.0,-12.0,-22.0,0.0,0.0,0.0,15.0,0.0,0.0,0.0,0.0,-14.99686934,-12.00887896,-21.76834029,0.0,0.0,0.0,14.99961368,0.00236741,0.00318863,0.0,0.0,0.00313066,-0.00887896,0.23165971,0.0,0.0,0.0,-0.00038632,0.00236741,0.00318863
GN,square,3,12,108,G3,run168_u0065004.log,15.09696171,12,776029.407074,863.995321,99.88866461591222,23.55662,0.6128309,97.39847694618328,0.0,0.0,0.0,-18.0,-8.0,-25.0,0.0,0.0,0.0,25.0,0.0,0.0,0.0,0.0,-18.12557734,-9.17977289,-11.57802401,0.0,0.0,0.0,25.25469399,0.05192355,0.06301795,0.0,0.0,-0.12557734,-1.17977289,13.42197599,0.0,0.0,0.0,0.25469399,0.05192355,0.06301795
GN,square,3,12,108,G4,run169_u0065004.log,0.22228334,33,63366.972805,0.37448,99.9994090296831,10.8995,0.01830062,99.83209670168357,0.0,0.0,0.0,-7.0,-2.0,-8.0,0.0,0.0,0.0,3.0,0.0,0.0,0.0,0.0,-6.99776142,-2.0076813,-7.79434949,0.0,0.0,0.0,3.0010859,-0.00177576,0.00385129,0.0,0.0,0.00223858,-0.0076813,0.20565051,0.0,0.0,0.0,0.0010859,-0.00177576,0.00385129
GN,square,3,15,135,G0,run170_u0065007.log,0.34339866,31,172641.230864,0.756853,99.99956160356585,11.38706,0.02434059,99.78624342016289,0.0,0.0,0.0,-10.0,5.0,-19.0,0.0,0.0,0.0,10.0,0.0,0.0,0.0,0.0,-9.99917372,4.98607991,-18.68213699,0.0,0.0,0.0,9.99982473,0.00520134,0.00541267,0.0,0.0,0.00082628,-0.01392009,0.31786301,0.0,0.0,0.0,-0.00017527,0.00520134,0.00541267
GN,square,3,15,135,G1,run171_u0065004.log,0.17543884,28,133722.089261,0.348008,99.99973975279482,10.26886,0.01377079,99.86589757772526,0.0,0.0,0.0,-6.0,-6.0,-12.0,0.0,0.0,0.0,5.0,0.0,0.0,0.0,0.0,-6.00260987,-6.01197823,-11.84718648,0.0,0.0,0.0,5.00440051,0.00205066,-0.00158605,0.0,0.0,-0.00260987,-0.01197823,0.15281352,0.0,0.0,0.0,0.00440051,0.00205066,-0.00158605
GN,square,3,15,135,G2,run172_u0065007.log,0.12289621999999999,32,706360.844177,0.580561,99.99991780957214,21.96576,0.01546298,99.92960416575617,0.0,0.0,0.0,-15.0,-12.0,-22.0,0.0,0.0,0.0,15.0,0.0,0.0,0.0,0.0,-14.99999235,-12.00255703,-21.88946782,0.0,0.0,0.0,15.00871399,7.021e-05,0.00101516,0.0,0.0,7.65e-06,-0.00255703,0.11053218,0.0,0.0,0.0,0.00871399,7.021e-05,0.00101516
GN,square,3,15,135,G3,run173_u0065004.log,0.43786586,40,971617.317958,1.008282,99.9998962264277,29.55284,0.01650839,99.94413941265883,0.0,0.0,0.0,-18.0,-8.0,-25.0,0.0,0.0,0.0,25.0,0.0,0.0,0.0,0.0,-18.00133054,-8.02916197,-24.60073887,0.0,0.0,0.0,25.00178449,0.00433996,0.00198777,0.0,0.0,-0.00133054,-0.02916197,0.39926113,0.0,0.0,0.0,0.00178449,0.00433996,0.00198777
GN,square,3,15,135,G4,run174_u0065007.log,0.20642493,30,79170.580159,0.429225,99.99945784785317,7.094722,0.01230273,99.8265932054843,0.0,0.0,0.0,-7.0,-2.0,-8.0,0.0,0.0,0.0,3.0,0.0,0.0,0.0,0.0,-6.99773658,-2.00929419,-7.8113581,0.0,0.0,0.0,2.99773706,-0.0020451,0.00191738,0.0,0.0,0.00226342,-0.00929419,0.1886419,0.0,0.0,0.0,-0.00226294,-0.0020451,0.00191738
GN,square,3,18,162,G0,run175_u0065065.log,0.18560327000000001,42,206971.738518,0.443145,99.99978589105781,11.12684,0.002960964,99.97338899453933,0.0,0.0,0.0,-10.0,5.0,-19.0,0.0,0.0,0.0,10.0,0.0,0.0,0.0,0.0,-9.99983916,4.99155343,-18.83354398,0.0,0.0,0.0,9.99208766,-0.00146658,0.00116092,0.0,0.0,0.00016084,-0.00844657,0.16645602,0.0,0.0,0.0,-0.00791234,-0.00146658,0.00116092
GN,square,3,18,162,G1,run176_u0065004.log,0.10213067,37,160461.004519,0.453537,99.99971735375748,9.922452,0.006061111,99.93891518951163,0.0,0.0,0.0,-6.0,-6.0,-12.0,0.0,0.0,0.0,5.0,0.0,0.0,0.0,0.0,-6.0017676,-6.0038658,-11.90510541,0.0,0.0,0.0,4.99943579,0.0003906,0.00064787,0.0,0.0,-0.0017676,-0.0038658,0.09489459,0.0,0.0,0.0,-0.00056421,0.0003906,0.00064787
GN,square,3,18,162,G2,run177_u0065007.log,0.08193679999999999,41,847435.869099,0.513472,99.99993940874836,22.84776,0.002139401,99.99063627681663,0.0,0.0,0.0,-15.0,-12.0,-22.0,0.0,0.0,0.0,15.0,0.0,0.0,0.0,0.0,-14.99946076,-11.9999313,-21.93800242,0.0,0.0,0.0,15.01447001,0.00126659,0.00359468,0.0,0.0,0.00053924,6.87e-05,0.06199758,0.0,0.0,0.0,0.01447001,0.00126659,0.00359468
GN,square,3,18,162,G3,run178_u0065065.log,0.11921117,47,1166143.329713,0.649106,99.999944337374,25.22496,0.01237691,99.95093387660475,0.0,0.0,0.0,-18.0,-8.0,-25.0,0.0,0.0,0.0,25.0,0.0,0.0,0.0,0.0,-18.00098904,-8.00748822,-24.89422776,0.0,0.0,0.0,25.00177462,0.00101621,0.00217084,0.0,0.0,-0.00098904,-0.00748822,0.10577224,0.0,0.0,0.0,0.00177462,0.00101621,0.00217084
GN,square,3,18,162,G4,run179_u0065004.log,0.11229066,26,95047.851543,0.364764,99.99961623119925,9.246619,0.004883719,99.94718373277843,0.0,0.0,0.0,-7.0,-2.0,-8.0,0.0,0.0,0.0,3.0,0.0,0.0,0.0,0.0,-6.99977762,-2.00257328,-7.8943724,0.0,0.0,0.0,3.00117269,-0.00022927,0.00246544,0.0,0.0,0.00022238,-0.00257328,0.1056276,0.0,0.0,0.0,0.00117269,-0.00022927,0.00246544
GN,square,3,24,216,G0,run180_u0065007.log,0.17879526,44,276159.855584,0.705131,99.99974466563994,10.95862,0.01117199,99.89805294827269,0.0,0.0,0.0,-10.0,5.0,-19.0,0.0,0.0,0.0,10.0,0.0,0.0,0.0,0.0,-9.99767141,4.99263768,-18.83211053,0.0,0.0,0.0,10.00094917,0.00014946,0.00011625,0.0,0.0,0.00232859,-0.00736232,0.16788947,0.0,0.0,0.0,0.00094917,0.00014946,0.00011625
GN,square,3,24,216,G1,run181_u0065004.log,0.29205374,28,213924.385738,1.165618,99.99945512616713,8.701011,0.007592777,99.91273684173024,0.0,0.0,0.0,-6.0,-6.0,-12.0,0.0,0.0,0.0,5.0,0.0,0.0,0.0,0.0,-6.00398042,-6.01473432,-11.73424941,0.0,0.0,0.0,4.99768477,0.00440729,0.00086589,0.0,0.0,-0.00398042,-0.01473432,0.26575059,0.0,0.0,0.0,-0.00231523,0.00440729,0.00086589
GN,square,3,24,216,G2,run182_u0065065.log,0.21690747,34,1130111.19036,0.925086,99.999918142037,24.76629,0.007752357,99.9686979478961,0.0,0.0,0.0,-15.0,-12.0,-22.0,0.0,0.0,0.0,15.0,0.0,0.0,0.0,0.0,-14.99653335,-12.00466625,-21.7942902,0.0,0.0,0.0,15.00160453,0.00057726,0.00088298,0.0,0.0,0.00346665,-0.00466625,0.2057098,0.0,0.0,0.0,0.00160453,0.00057726,0.00088298
GN,square,3,24,216,G3,run183_u0065007.log,0.18388474000000002,52,1554605.645641,0.965001,99.99993792631572,23.08472,0.01496403,99.93517777127035,0.0,0.0,0.0,-18.0,-8.0,-25.0,0.0,0.0,0.0,25.0,0.0,0.0,0.0,0.0,-18.00137625,-8.0125016,-24.84505818,0.0,0.0,0.0,24.98925195,0.00021197,0.00410505,0.0,0.0,-0.00137625,-0.0125016,0.15494182,0.0,0.0,0.0,-0.01074805,0.00021197,0.00410505
GN,square,3,24,216,G4,run184_u0065064.log,0.23220731,28,126663.089028,0.660494,99.99947854264012,7.552944,0.01696916,99.77533052012566,0.0,0.0,0.0,-7.0,-2.0,-8.0,0.0,0.0,0.0,3.0,0.0,0.0,0.0,0.0,-6.99890869,-2.00767586,-7.79347483,0.0,0.0,0.0,3.01584404,0.00051324,-0.00055769,0.0,0.0,0.00109131,-0.00767586,0.20652517,0.0,0.0,0.0,0.01584404,0.00051324,-0.00055769
GN,square,3,36,324,G0,run185_u0065004.log,0.20138045,39,414103.093317,0.93563,99.99977405867884,10.93872,0.001901995,99.98261227090555,0.0,0.0,0.0,-10.0,5.0,-19.0,0.0,0.0,0.0,10.0,0.0,0.0,0.0,0.0,-9.99978439,4.99002164,-18.81254803,0.0,0.0,0.0,9.99911042,0.0010865,0.00175843,0.0,0.0,0.00021561,-0.00997836,0.18745197,0.0,0.0,0.0,-0.00088958,0.0010865,0.00175843
GN,square,3,36,324,G1,run186_u0065080.log,0.18171383000000002,33,320889.961294,1.117756,99.99965167000067,9.217708,0.00608276,99.93401005976756,0.0,0.0,0.0,-6.0,-6.0,-12.0,0.0,0.0,0.0,5.0,0.0,0.0,0.0,0.0,-6.00165613,-6.00889849,-11.82984866,0.0,0.0,0.0,5.00088351,1.776e-05,-0.0001066,0.0,0.0,-0.00165613,-0.00889849,0.17015134,0.0,0.0,0.0,0.00088351,1.776e-05,-0.0001066
GN,square,3,36,324,G2,run187_u0065064.log,0.13289568,37,1695098.992669,1.401148,99.99991734122868,21.08857,0.004494828,99.97868595167904,0.0,0.0,0.0,-15.0,-12.0,-22.0,0.0,0.0,0.0,15.0,0.0,0.0,0.0,0.0,-14.99826241,-12.0054284,-21.87748819,0.0,0.0,0.0,15.00045518,0.00023008,0.00253262,0.0,0.0,0.00173759,-0.0054284,0.12251181,0.0,0.0,0.0,0.00045518,0.00023008,0.00253262
GN,square,3,36,324,G3,run188_u0065065.log,0.26783578,43,2332079.515931,1.842244,99.99992100423731,24.24333,0.002063224,99.99148951897284,0.0,0.0,0.0,-18.0,-8.0,-25.0,0.0,0.0,0.0,25.0,0.0,0.0,0.0,0.0,-18.0000531,-8.01959897,-24.75738374,0.0,0.0,0.0,25.00339066,-0.00064238,0.00153441,0.0,0.0,-5.31e-05,-0.01959897,0.24261626,0.0,0.0,0.0,0.00339066,-0.00064238,0.00153441
GN,square,3,36,324,G4,run189_u0065034.log,0.14637112,34,190056.607294,0.837463,99.99955936128086,7.685878,0.00371529,99.95166082521737,0.0,0.0,0.0,-7.0,-2.0,-8.0,0.0,0.0,0.0,3.0,0.0,0.0,0.0,0.0,-6.99968715,-2.00493162,-7.86934927,0.0,0.0,0.0,3.00765758,0.00071144,0.0021069,0.0,0.0,0.00031285,-0.00493162,0.13065073,0.0,0.0,0.0,0.00765758,0.00071144,0.0021069
GN,square,3,60,540,G0,run190_u0065007.log,0.058812659999999996,47,690632.074276,1.45113,99.99978988378125,11.15291,0.004747374,99.95743376392348,0.0,0.0,0.0,-10.0,5.0,-19.0,0.0,0.0,0.0,10.0,0.0,0.0,0.0,0.0,-10.00174273,4.99783242,-18.9517974,0.0,0.0,0.0,10.0039986,0.0022927,0.00040845,0.0,0.0,-0.00174273,-0.00216758,0.0482026,0.0,0.0,0.0,0.0039986,0.0022927,0.00040845
GN,square,3,60,540,G1,run191_u0065004.log,0.11938085999999999,40,534721.817106,1.602702,99.99970027368462,7.984622,0.01524549,99.80906434894476,0.0,0.0,0.0,-6.0,-6.0,-12.0,0.0,0.0,0.0,5.0,0.0,0.0,0.0,0.0,-6.0018299,-6.00581599,-11.89952287,0.0,0.0,0.0,5.00969474,0.0014127,-0.0001504,0.0,0.0,-0.0018299,-0.00581599,0.10047713,0.0,0.0,0.0,0.00969474,0.0014127,-0.0001504
GN,square,3,60,540,G2,run192_u0065009.log,0.01481045,42,2825328.884924,2.023484,99.99992838058567,19.9431,0.002325357,99.98834004242069,0.0,0.0,0.0,-15.0,-12.0,-22.0,0.0,0.0,0.0,15.0,0.0,0.0,0.0,0.0,-15.00161116,-11.99957181,-21.98954491,0.0,0.0,0.0,14.99919913,0.00113235,-0.00038279,0.0,0.0,-0.00161116,0.00042819,0.01045509,0.0,0.0,0.0,-0.00080087,0.00113235,-0.00038279
GN,square,3,60,540,G3,run193_u0065080.log,0.12618436,52,3886727.40765,2.238419,99.99994240864447,23.37036,0.005571201,99.97616125297172,0.0,0.0,0.0,-18.0,-8.0,-25.0,0.0,0.0,0.0,25.0,0.0,0.0,0.0,0.0,-18.00133677,-8.00944591,-24.88924749,0.0,0.0,0.0,25.00297416,0.00154023,0.00013478,0.0,0.0,-0.00133677,-0.00944591,0.11075251,0.0,0.0,0.0,0.00297416,0.00154023,0.00013478
GN,square,3,60,540,G4,run194_u0065064.log,0.15426062,33,316664.509534,1.473392,99.99953471514627,6.605497,0.001260307,99.980920330446,0.0,0.0,0.0,-7.0,-2.0,-8.0,0.0,0.0,0.0,3.0,0.0,0.0,0.0,0.0,-6.99799563,-2.00536576,-7.8558397,0.0,0.0,0.0,3.00168005,3.691e-05,0.00101323,0.0,0.0,0.00200437,-0.00536576,0.1441603,0.0,0.0,0.0,0.00168005,3.691e-05,0.00101323
GN,square,3,90,810,G0,run195_u0065034.log,0.13766867000000002,43,1035506.735427,2.401263,99.99976810744751,10.15881,0.001774922,99.98252824887955,0.0,0.0,0.0,-10.0,5.0,-19.0,0.0,0.0,0.0,10.0,0.0,0.0,0.0,0.0,-10.00064843,4.99383197,-18.87310163,0.0,0.0,0.0,10.00141539,0.00236696,0.00017149,0.0,0.0,-0.00064843,-0.00616803,0.12689837,0.0,0.0,0.0,0.00141539,0.00236696,0.00017149
GN,square,3,90,810,G1,run196_u0065065.log,0.08481865,42,802156.60622,2.448141,99.99969480510651,7.381067,0.004712595,99.93615293019288,0.0,0.0,0.0,-6.0,-6.0,-12.0,0.0,0.0,0.0,5.0,0.0,0.0,0.0,0.0,-6.00057223,-6.00486592,-11.92331923,0.0,0.0,0.0,5.00175797,4.714e-05,-0.00089462,0.0,0.0,-0.00057223,-0.00486592,0.07668077,0.0,0.0,0.0,0.00175797,4.714e-05,-0.00089462
GN,square,3,90,810,G2,run197_u0065004.log,0.03172995,41,4237942.609133,2.990158,99.99992944316911,19.58634,0.004922513,99.97486762202637,0.0,0.0,0.0,-15.0,-12.0,-22.0,0.0,0.0,0.0,15.0,0.0,0.0,0.0,0.0,-15.0002705,-12.00042366,-21.97060767,0.0,0.0,0.0,15.00081595,0.00041897,0.00040854,0.0,0.0,-0.0002705,-0.00042366,0.02939233,0.0,0.0,0.0,0.00081595,0.00041897,0.00040854
GN,square,3,90,810,G3,run198_u0065064.log,0.20137953,51,5830116.122573,3.239622,99.99994443297643,23.21756,0.007099523,99.96942175232883,0.0,0.0,0.0,-18.0,-8.0,-25.0,0.0,0.0,0.0,25.0,0.0,0.0,0.0,0.0,-18.00200036,-8.01422242,-24.81844501,0.0,0.0,0.0,25.0031118,0.00027634,0.00021362,0.0,0.0,-0.00200036,-0.01422242,0.18155499,0.0,0.0,0.0,0.0031118,0.00027634,0.00021362
GN,square,3,90,810,G4,run199_u0065007.log,0.10431750000000001,35,475094.303455,2.102303,99.9995574977463,6.898711,0.0004722818,99.99315405733043,0.0,0.0,0.0,-7.0,-2.0,-8.0,0.0,0.0,0.0,3.0,0.0,0.0,0.0,0.0,-6.99901591,-2.00343919,-7.90512013,0.0,0.0,0.0,3.00134981,0.00188427,0.00178027,0.0,0.0,0.00098409,-0.00343919,0.09487987,0.0,0.0,0.0,0.00134981,0.00188427,0.00178027
GN,square,3,180,1620,G0,run200_u0065009.log,0.14384975,41,2071152.251636,4.87625,99.99976456342135,10.95215,0.008275862,99.92443618832833,0.0,0.0,0.0,-10.0,5.0,-19.0,0.0,0.0,0.0,10.0,0.0,0.0,0.0,0.0,-10.00002383,4.99370467,-18.86525423,0.0,0.0,0.0,10.00052521,0.00117225,0.00108736,0.0,0.0,-2.383e-05,-0.00629533,0.13474577,0.0,0.0,0.0,0.00052521,0.00117225,0.00108736
GN,square,3,180,1620,G1,run201_u0065022.log,0.08382938999999999,46,1604241.702968,4.95299,99.99969125662356,7.84436,0.005356755,99.9317120198461,0.0,0.0,0.0,-6.0,-6.0,-12.0,0.0,0.0,0.0,5.0,0.0,0.0,0.0,0.0,-6.00114784,-6.00456063,-11.92584394,0.0,0.0,0.0,5.00319654,4.887e-05,-0.00071945,0.0,0.0,-0.00114784,-0.00456063,0.07415606,0.0,0.0,0.0,0.00319654,4.887e-05,-0.00071945
GN,square,3,180,1620,G2,run202_u0065080.log,0.04017098,44,8475659.959698,6.201339,99.99992683355597,19.34996,0.002661154,99.98624723772039,0.0,0.0,0.0,-15.0,-12.0,-22.0,0.0,0.0,0.0,15.0,0.0,0.0,0.0,0.0,-15.00014733,-12.00063469,-21.96364259,0.0,0.0,0.0,14.99759499,0.00037501,0.00025153,0.0,0.0,-0.00014733,-0.00063469,0.03635741,0.0,0.0,0.0,-0.00240501,0.00037501,0.00025153
GN,square,3,180,1620,G3,run203_u0065065.log,0.14192393,52,11660677.249339,6.626376,99.99994317331782,23.66721,0.005364188,99.97733493724017,0.0,0.0,0.0,-18.0,-8.0,-25.0,0.0,0.0,0.0,25.0,0.0,0.0,0.0,0.0,-18.0013802,-8.01067493,-24.8712962,0.0,0.0,0.0,24.99915515,-0.00017316,0.00014699,0.0,0.0,-0.0013802,-0.01067493,0.1287038,0.0,0.0,0.0,-0.00084485,-0.00017316,0.00014699
GN,square,3,180,1620,G4,run204_u0065034.log,0.10315292,34,950116.296891,4.159651,99.99956219559503,6.591778,0.006793536,99.89693924765062,0.0,0.0,0.0,-7.0,-2.0,-8.0,0.0,0.0,0.0,3.0,0.0,0.0,0.0,0.0,-6.99900638,-2.00365711,-7.90642672,0.0,0.0,0.0,3.00218256,0.00124569,0.00150066,0.0,0.0,0.00099362,-0.00365711,0.09357328,0.0,0.0,0.0,0.00218256,0.00124569,0.00150066
GN,square,3,360,3240,G0,run205_u0065031.log,0.05669562,50,4142357.763087,9.167952,99.99977867792875,10.46973,0.003899035,99.96275897277198,0.0,0.0,0.0,-10.0,5.0,-19.0,0.0,0.0,0.0,10.0,0.0,0.0,0.0,0.0,-9.99999912,4.99773881,-18.94710246,0.0,0.0,0.0,10.00034898,0.00064772,0.00053931,0.0,0.0,8.8e-07,-0.00226119,0.05289754,0.0,0.0,0.0,0.00034898,0.00064772,0.00053931
GN,square,3,360,3240,G1,run206_u0065078.log,0.056450690000000005,45,3208330.306943,10.457201,99.99967406096009,7.79766,0.005089943,99.9347247379342,0.0,0.0,0.0,-6.0,-6.0,-12.0,0.0,0.0,0.0,5.0,0.0,0.0,0.0,0.0,-6.00076675,-6.00303628,-11.94909287,0.0,0.0,0.0,5.00093367,0.00059599,0.00021087,0.0,0.0,-0.00076675,-0.00303628,0.05090713,0.0,0.0,0.0,0.00093367,0.00059599,0.00021087
GN,square,3,360,3240,G2,run207_u0065083.log,0.04212171,46,16951352.97539,12.701496,99.99992507090131,19.19959,0.0002895774,99.99849175216762,0.0,0.0,0.0,-15.0,-12.0,-22.0,0.0,0.0,0.0,15.0,0.0,0.0,0.0,0.0,-14.9993229,-12.00104794,-21.95998659,0.0,0.0,0.0,15.00004775,7.05e-05,0.00026501,0.0,0.0,0.0006771,-0.00104794,0.04001341,0.0,0.0,0.0,4.775e-05,7.05e-05,0.00026501
GN,square,3,360,3240,G3,run208_u0065085.log,0.12402621000000001,56,23321520.619791,13.678131,99.99994134974635,22.9547,0.004445849,99.98063207534841,0.0,0.0,0.0,-18.0,-8.0,-25.0,0.0,0.0,0.0,25.0,0.0,0.0,0.0,0.0,-18.00139708,-8.00883959,-24.8881297,0.0,0.0,0.0,25.00108347,0.00041005,-0.00042572,0.0,0.0,-0.00139708,-0.00883959,0.1118703,0.0,0.0,0.0,0.00108347,0.00041005,-0.00042572
GN,square,3,360,3240,G4,run209_u0065092.log,0.05570906,41,1900080.909479,8.171107,99.99956996004963,6.580748,0.006479861,99.90153306280683,0.0,0.0,0.0,-7.0,-2.0,-8.0,0.0,0.0,0.0,3.0,0.0,0.0,0.0,0.0,-6.99963452,-2.00205427,-7.94763565,0.0,0.0,0.0,2.99971115,-6.157e-05,0.00057454,0.0,0.0,0.00036548,-0.00205427,0.05236435,0.0,0.0,0.0,-0.00028885,-6.157e-05,0.00057454
GN,small,3,3,27,G0,run70_u0065064.log,0.67442557,16,32187.23951,0.404236,99.99874411100127,14.30189,0.02599422,99.81824625976007,0.0,0.0,0.0,-10.0,5.0,-19.0,0.0,0.0,0.0,10.0,0.0,0.0,0.0,0.0,-10.00367548,4.97595118,-18.36483725,0.0,0.0,0.0,10.00394168,0.00562739,0.00196945,0.0,0.0,-0.00367548,-0.02404882,0.63516275,0.0,0.0,0.0,0.00394168,0.00562739,0.00196945
GN,small,3,3,27,G1,run71_u0065064.log,0.26902258,17,25973.684832,0.106302,99.9995907319247,21.00834,0.05987376,99.71500004284015,0.0,0.0,0.0,-6.0,-6.0,-12.0,0.0,0.0,0.0,5.0,0.0,0.0,0.0,0.0,-5.99419858,-5.98372831,-12.24204891,0.0,0.0,0.0,4.99943333,0.00034618,-0.00398771,0.0,0.0,0.00580142,0.01627169,-0.24204891,0.0,0.0,0.0,-0.00056667,0.00034618,-0.00398771
GN,small,3,3,27,G2,run72_u0065064.log,0.91816537,29,134218.196589,0.580277,99.99956766145371,82.74114,0.05419934,99.93449529460193,0.0,0.0,0.0,-15.0,-12.0,-22.0,0.0,0.0,0.0,15.0,0.0,0.0,0.0,0.0,-14.97415427,-12.02775352,-21.16624276,0.0,0.0,0.0,15.01333682,0.00877551,0.00869655,0.0,0.0,0.02584573,-0.02775352,0.83375724,0.0,0.0,0.0,0.01333682,0.00877551,0.00869655
GN,small,3,3,27,G3,run73_u0065080.log,1.9128797800000001,20,174715.792113,5.557263,99.99681925547038,27.67388,0.5422716,98.04049305699093,0.0,0.0,0.0,-18.0,-8.0,-25.0,0.0,0.0,0.0,25.0,0.0,0.0,0.0,0.0,-18.0106095,-8.13837126,-23.37196032,0.0,0.0,0.0,25.01888086,0.01355204,0.10342644,0.0,0.0,-0.0106095,-0.13837126,1.62803968,0.0,0.0,0.0,0.01888086,0.01355204,0.10342644
GN,small,3,3,27,G4,run74_u0065064.log,0.04529119,24,15520.320297,0.061864,99.99960139997877,8.228011,0.01775255,99.7842425101279,0.0,0.0,0.0,-7.0,-2.0,-8.0,0.0,0.0,0.0,3.0,0.0,0.0,0.0,0.0,-7.00295818,-2.00137054,-7.98265969,0.0,0.0,0.0,2.97693485,-0.00048464,7.237e-05,0.0,0.0,-0.00295818,-0.00137054,0.01734031,0.0,0.0,0.0,-0.02306515,-0.00048464,7.237e-05
GN,small,3,5,45,G0,run75_u0065080.log,5.35614301,14,53537.468912,33.315871,99.93777092627452,14.5866,0.4439071,96.95674728860735,0.0,0.0,0.0,-10.0,5.0,-19.0,0.0,0.0,0.0,10.0,0.0,0.0,0.0,0.0,-10.02076964,4.79283146,-14.37177332,0.0,0.0,0.0,9.55535761,0.03845366,0.0168821,0.0,0.0,-0.02076964,-0.20716854,4.62822668,0.0,0.0,0.0,-0.44464239,0.03845366,0.0168821
GN,small,3,5,45,G1,run76_u0065064.log,0.11154791,21,43290.402428,0.094035,99.99978278095207,11.1457,0.02333792,99.79061054935985,0.0,0.0,0.0,-6.0,-6.0,-12.0,0.0,0.0,0.0,5.0,0.0,0.0,0.0,0.0,-6.00034997,-6.00156309,-11.91279443,0.0,0.0,0.0,5.01926705,-0.00037295,-0.00278928,0.0,0.0,-0.00034997,-0.00156309,0.08720557,0.0,0.0,0.0,0.01926705,-0.00037295,-0.00278928
GN,small,3,5,45,G2,run77_u0065078.log,0.30668159,26,223580.228144,0.148642,99.99993351737707,16.86654,0.03133901,99.81419419750583,0.0,0.0,0.0,-15.0,-12.0,-22.0,0.0,0.0,0.0,15.0,0.0,0.0,0.0,0.0,-14.99564422,-12.01373321,-21.74615046,0.0,0.0,0.0,14.96824023,-0.00222129,0.000762,0.0,0.0,0.00435578,-0.01373321,0.25384954,0.0,0.0,0.0,-0.03175977,-0.00222129,0.000762
GN,small,3,5,45,G3,run78_u0065080.log,0.08328893,33,290146.931635,0.099711,99.99996563430831,35.01733,0.03106719,99.91128052881244,0.0,0.0,0.0,-18.0,-8.0,-25.0,0.0,0.0,0.0,25.0,0.0,0.0,0.0,0.0,-17.99707083,-7.99457931,-25.05703355,0.0,0.0,0.0,24.98767599,-0.00272003,-0.00286148,0.0,0.0,0.00292917,0.00542069,-0.05703355,0.0,0.0,0.0,-0.01232401,-0.00272003,-0.00286148
GN,small,3,5,45,G4,run79_u0065064.log,0.02310691,21,25881.232549,0.131785,99.99949080863999,5.207135,0.01771921,99.65971287473823,0.0,0.0,0.0,-7.0,-2.0,-8.0,0.0,0.0,0.0,3.0,0.0,0.0,0.0,0.0,-7.00159169,-1.99832889,-7.99962775,0.0,0.0,0.0,3.01450208,0.00353637,-0.00143341,0.0,0.0,-0.00159169,0.00167111,0.00037225,0.0,0.0,0.0,0.01450208,0.00353637,-0.00143341
GN,small,3,6,54,G0,run80_u0065078.log,0.17599809,33,64380.268617,0.175705,99.99972708253044,13.75511,0.01252685,99.90892948147997,0.0,0.0,0.0,-10.0,5.0,-19.0,0.0,0.0,0.0,10.0,0.0,0.0,0.0,0.0,-10.0023331,4.99308071,-18.85573312,0.0,0.0,0.0,10.01367322,0.00290035,0.00590525,0.0,0.0,-0.0023331,-0.00691929,0.14426688,0.0,0.0,0.0,0.01367322,0.00290035,0.00590525
GN,small,3,6,54,G1,run81_u0065080.log,0.09326651,16,51972.761866,0.119562,99.99976995257572,16.25325,0.05080694,99.68740442680694,0.0,0.0,0.0,-6.0,-6.0,-12.0,0.0,0.0,0.0,5.0,0.0,0.0,0.0,0.0,-5.99891632,-5.99826414,-12.05669191,0.0,0.0,0.0,4.96847164,-0.0002894,-0.0019373,0.0,0.0,0.00108368,0.00173586,-0.05669191,0.0,0.0,0.0,-0.03152836,-0.0002894,-0.0019373
GN,small,3,6,54,G2,run82_u0065064.log,10.742549579999999,16,268585.470152,217.789728,99.91891231946511,54.64713,0.9950997,98.17904490135163,0.0,0.0,0.0,-15.0,-12.0,-22.0,0.0,0.0,0.0,15.0,0.0,0.0,0.0,0.0,-14.85510628,-12.39352431,-13.11154149,0.0,0.0,0.0,13.7858655,-0.02145838,-0.08008016,0.0,0.0,0.14489372,-0.39352431,8.88845851,0.0,0.0,0.0,-1.2141345,-0.02145838,-0.08008016
GN,small,3,6,54,G3,run83_u0065078.log,0.39175897,24,349549.934941,0.499494,99.99985710367818,39.01699,0.007507637,99.98075803130892,0.0,0.0,0.0,-18.0,-8.0,-25.0,0.0,0.0,0.0,25.0,0.0,0.0,0.0,0.0,-17.99585367,-7.9671724,-25.33804101,0.0,0.0,0.0,25.00754399,-0.00515448,0.00404556,0.0,0.0,0.00414633,0.0328276,-0.33804101,0.0,0.0,0.0,0.00754399,-0.00515448,0.00404556
GN,small,3,6,54,G4,run84_u0065080.log,0.25550761,19,31045.249117,0.254917,99.99917888563549,8.849866,0.03852786,99.56465035741783,0.0,0.0,0.0,-7.0,-2.0,-8.0,0.0,0.0,0.0,3.0,0.0,0.0,0.0,0.0,-6.99922511,-2.01086213,-7.77955651,0.0,0.0,0.0,2.98648656,0.00328225,0.00663141,0.0,0.0,0.00077489,-0.01086213,0.22044349,0.0,0.0,0.0,-0.01351344,0.00328225,0.00663141
GN,small,3,9,81,G0,run85_u0065064.log,0.19558427,30,96330.691947,0.417159,99.9995669511019,15.61724,0.0631823,99.59543235552505,0.0,0.0,0.0,-10.0,5.0,-19.0,0.0,0.0,0.0,10.0,0.0,0.0,0.0,0.0,-9.99881689,4.99446312,-18.81800812,0.0,0.0,0.0,10.00569179,-0.001121,-5.961e-05,0.0,0.0,0.00118311,-0.00553688,0.18199188,0.0,0.0,0.0,0.00569179,-0.001121,-5.961e-05
GN,small,3,9,81,G1,run86_u0065078.log,0.28539926,26,77912.117918,0.257818,99.9996690912699,8.403104,0.01592183,99.81052442049986,0.0,0.0,0.0,-6.0,-6.0,-12.0,0.0,0.0,0.0,5.0,0.0,0.0,0.0,0.0,-6.0029728,-6.0093451,-11.7474952,0.0,0.0,0.0,5.01086121,0.00401672,0.00569863,0.0,0.0,-0.0029728,-0.0093451,0.2525048,0.0,0.0,0.0,0.01086121,0.00401672,0.00569863
GN,small,3,9,81,G2,run87_u0065080.log,0.7193784599999999,23,402437.345963,1.456307,99.99963812826651,21.77789,0.04275397,99.8036817616399,0.0,0.0,0.0,-15.0,-12.0,-22.0,0.0,0.0,0.0,15.0,0.0,0.0,0.0,0.0,-14.99061874,-12.0341001,-21.35561598,0.0,0.0,0.0,15.01899521,0.00531082,-0.00720705,0.0,0.0,0.00938126,-0.0341001,0.64438402,0.0,0.0,0.0,0.01899521,0.00531082,-0.00720705
GN,small,3,9,81,G3,run88_u0065080.log,3.54981552,19,522425.241537,38.079134,99.99271108457778,25.03353,0.1829179,99.26930840356913,0.0,0.0,0.0,-18.0,-8.0,-25.0,0.0,0.0,0.0,25.0,0.0,0.0,0.0,0.0,-18.03606756,-8.26365438,-21.87581989,0.0,0.0,0.0,24.91850117,0.0226759,0.02173874,0.0,0.0,-0.03606756,-0.26365438,3.12418011,0.0,0.0,0.0,-0.08149883,0.0226759,0.02173874
GN,small,3,9,81,G4,run89_u0065064.log,0.09267036000000001,30,46615.83633,0.270025,99.99942074406198,6.271725,0.02845828,99.54624477316847,0.0,0.0,0.0,-7.0,-2.0,-8.0,0.0,0.0,0.0,3.0,0.0,0.0,0.0,0.0,-7.00195283,-2.00012605,-7.91663246,0.0,0.0,0.0,2.99842199,0.0025055,-0.00314043,0.0,0.0,-0.00195283,-0.00012605,0.08336754,0.0,0.0,0.0,-0.00157801,0.0025055,-0.00314043
GN,small,3,10,90,G0,run90_u0065078.log,0.12945792,29,107055.415848,0.278128,99.99974020184051,15.29935,0.01380324,99.90977891217601,0.0,0.0,0.0,-10.0,5.0,-19.0,0.0,0.0,0.0,10.0,0.0,0.0,0.0,0.0,-10.00036426,4.99904685,-18.91522231,0.0,0.0,0.0,10.03663111,0.00355501,0.0031767,0.0,0.0,-0.00036426,-0.00095315,0.08477769,0.0,0.0,0.0,0.03663111,0.00355501,0.0031767
GN,small,3,10,90,G1,run91_u0065080.log,0.21737847999999999,28,86572.536023,0.220451,99.99974535688784,9.530556,0.01536815,99.83874865222973,0.0,0.0,0.0,-6.0,-6.0,-12.0,0.0,0.0,0.0,5.0,0.0,0.0,0.0,0.0,-6.00200096,-6.00911619,-11.8091682,0.0,0.0,0.0,5.01366671,0.00078202,-0.0009808,0.0,0.0,-0.00200096,-0.00911619,0.1908318,0.0,0.0,0.0,0.01366671,0.00078202,-0.0009808
GN,small,3,10,90,G2,run92_u0065064.log,0.15323652000000001,33,447256.937488,0.157446,99.99996479741579,17.9457,0.005875903,99.96725732069521,0.0,0.0,0.0,-15.0,-12.0,-22.0,0.0,0.0,0.0,15.0,0.0,0.0,0.0,0.0,-14.99980908,-12.00511493,-21.87805129,0.0,0.0,0.0,14.97481005,-0.00051925,-0.00027276,0.0,0.0,0.00019092,-0.00511493,0.12194871,0.0,0.0,0.0,-0.02518995,-0.00051925,-0.00027276
GN,small,3,10,90,G3,run93_u0065078.log,0.37687297,24,580590.481302,0.704971,99.99987857689324,31.6424,0.007745698,99.97552114251764,0.0,0.0,0.0,-18.0,-8.0,-25.0,0.0,0.0,0.0,25.0,0.0,0.0,0.0,0.0,-17.99784007,-7.97217827,-25.33028831,0.0,0.0,0.0,24.99067722,-0.00253756,-0.00474266,0.0,0.0,0.00215993,0.02782173,-0.33028831,0.0,0.0,0.0,-0.00932278,-0.00253756,-0.00474266
GN,small,3,10,90,G4,run94_u0065080.log,0.0777023,24,51763.977353,0.266508,99.99948514775403,5.630712,0.02431232,99.56821943654727,0.0,0.0,0.0,-7.0,-2.0,-8.0,0.0,0.0,0.0,3.0,0.0,0.0,0.0,0.0,-7.00301808,-2.00066487,-7.93787229,0.0,0.0,0.0,2.9931243,-0.00137537,0.00364057,0.0,0.0,-0.00301808,-0.00066487,0.06212771,0.0,0.0,0.0,-0.0068757,-0.00137537,0.00364057
GN,small,3,12,108,G0,run95_u0065064.log,0.0639154,39,128438.732985,0.274903,99.99978596565568,9.985837,0.01002294,99.8996284437649,0.0,0.0,0.0,-10.0,5.0,-19.0,0.0,0.0,0.0,10.0,0.0,0.0,0.0,0.0,-10.00270106,4.99601606,-18.94726766,0.0,0.0,0.0,9.99822068,0.00037308,0.00234566,0.0,0.0,-0.00270106,-0.00398394,0.05273234,0.0,0.0,0.0,-0.00177932,0.00037308,0.00234566
GN,small,3,12,108,G1,run96_u0065078.log,0.1974288,30,103891.114887,0.259854,99.99974987851436,15.9712,0.01105522,99.93078027950311,0.0,0.0,0.0,-6.0,-6.0,-12.0,0.0,0.0,0.0,5.0,0.0,0.0,0.0,0.0,-6.00281525,-6.00835406,-11.83671502,0.0,0.0,0.0,5.02142126,0.00043425,0.001119,0.0,0.0,-0.00281525,-0.00835406,0.16328498,0.0,0.0,0.0,0.02142126,0.00043425,0.001119
GN,small,3,12,108,G2,run97_u0065080.log,0.06348012,33,536654.569165,0.212906,99.99996032718023,26.81327,0.007811353,99.97086758534114,0.0,0.0,0.0,-15.0,-12.0,-22.0,0.0,0.0,0.0,15.0,0.0,0.0,0.0,0.0,-14.99815382,-12.00151859,-21.94456306,0.0,0.0,0.0,14.99674457,0.00126039,0.00016259,0.0,0.0,0.00184618,-0.00151859,0.05543694,0.0,0.0,0.0,-0.00325543,0.00126039,0.00016259
GN,small,3,12,108,G3,run98_u0065064.log,0.5333429199999999,26,696704.919159,1.677305,99.99975925173572,29.84798,0.02286975,99.9233792370539,0.0,0.0,0.0,-18.0,-8.0,-25.0,0.0,0.0,0.0,25.0,0.0,0.0,0.0,0.0,-18.00383163,-8.03271026,-24.52679363,0.0,0.0,0.0,25.01798,-0.00433507,0.00127959,0.0,0.0,-0.00383163,-0.03271026,0.47320637,0.0,0.0,0.0,0.01798,-0.00433507,0.00127959
GN,small,3,12,108,G4,run99_u0065078.log,0.13029631,28,62084.863494,0.321245,99.99948257114227,8.287848,0.02774381,99.6652471184317,0.0,0.0,0.0,-7.0,-2.0,-8.0,0.0,0.0,0.0,3.0,0.0,0.0,0.0,0.0,-6.99700471,-2.00583515,-7.89403597,0.0,0.0,0.0,2.98710625,0.00045323,0.00215486,0.0,0.0,0.00299529,-0.00583515,0.10596403,0.0,0.0,0.0,-0.01289375,0.00045323,0.00215486
GN,small,3,15,135,G0,run100_u0065080.log,0.08085002,36,160611.297971,0.63193,99.99960654698144,13.36988,0.03009713,99.77488855546947,0.0,0.0,0.0,-10.0,5.0,-19.0,0.0,0.0,0.0,10.0,0.0,0.0,0.0,0.0,-10.00178333,4.99874283,-18.95746308,0.0,0.0,0.0,10.02606554,0.0047842,0.00442286,0.0,0.0,-0.00178333,-0.00125717,0.04253692,0.0,0.0,0.0,0.02606554,0.0047842,0.00442286
GN,small,3,15,135,G1,run101_u0065064.log,0.02662941,18,129841.407504,0.331317,99.99974482947592,11.84039,0.003326534,99.97190519906862,0.0,0.0,0.0,-6.0,-6.0,-12.0,0.0,0.0,0.0,5.0,0.0,0.0,0.0,0.0,-6.00152017,-5.99759407,-12.01296958,0.0,0.0,0.0,5.00487004,-0.00201254,-0.00285115,0.0,0.0,-0.00152017,0.00240593,-0.01296958,0.0,0.0,0.0,0.00487004,-0.00201254,-0.00285115
GN,small,3,15,135,G2,run102_u0065078.log,0.07509425,35,670868.962466,0.242387,99.99996386969534,18.48026,0.009691342,99.94755841097474,0.0,0.0,0.0,-15.0,-12.0,-22.0,0.0,0.0,0.0,15.0,0.0,0.0,0.0,0.0,-14.99817803,-12.00335365,-21.94020642,0.0,0.0,0.0,14.99064538,0.0001235,-0.00064693,0.0,0.0,0.00182197,-0.00335365,0.05979358,0.0,0.0,0.0,-0.00935462,0.0001235,-0.00064693
GN,small,3,15,135,G3,run103_u0065080.log,0.12965629,36,870637.677878,0.650243,99.99992531416724,23.69552,0.009606332,99.95945929019494,0.0,0.0,0.0,-18.0,-8.0,-25.0,0.0,0.0,0.0,25.0,0.0,0.0,0.0,0.0,-17.99971439,-8.00751918,-24.88703289,0.0,0.0,0.0,25.00588713,-0.00213275,-0.00086451,0.0,0.0,0.00028561,-0.00751918,0.11296711,0.0,0.0,0.0,0.00588713,-0.00213275,-0.00086451
GN,small,3,15,135,G4,run104_u0065064.log,0.01790355,29,77646.012768,0.388812,99.99949925052665,7.955678,0.02154318,99.72921000573426,0.0,0.0,0.0,-7.0,-2.0,-8.0,0.0,0.0,0.0,3.0,0.0,0.0,0.0,0.0,-6.99951253,-1.99874901,-7.99275043,0.0,0.0,0.0,2.99353363,-0.00183303,0.00061612,0.0,0.0,0.00048747,0.00125099,0.00724957,0.0,0.0,0.0,-0.00646637,-0.00183303,0.00061612
GN,small,3,18,162,G0,run105_u0065078.log,0.01714941,36,192673.566264,0.648054,99.99966365183737,12.87381,0.01770253,99.8624919118738,0.0,0.0,0.0,-10.0,5.0,-19.0,0.0,0.0,0.0,10.0,0.0,0.0,0.0,0.0,-10.00096547,4.99866264,-18.99720039,0.0,0.0,0.0,10.00933238,-0.00267021,4.438e-05,0.0,0.0,-0.00096547,-0.00133736,0.00279961,0.0,0.0,0.0,0.00933238,-0.00267021,4.438e-05
GN,small,3,18,162,G1,run106_u0065064.log,0.10968717,29,155842.784723,0.342143,99.99978045631012,8.063633,0.002312269,99.97132472422788,0.0,0.0,0.0,-6.0,-6.0,-12.0,0.0,0.0,0.0,5.0,0.0,0.0,0.0,0.0,-6.00161184,-6.00207802,-11.9043286,0.0,0.0,0.0,5.00883312,-0.0002967,-0.00119609,0.0,0.0,-0.00161184,-0.00207802,0.0956714,0.0,0.0,0.0,0.00883312,-0.0002967,-0.00119609
GN,small,3,18,162,G2,run107_u0065080.log,0.06275597000000001,39,804995.773103,0.287688,99.9999642621726,18.26227,0.001786951,99.9902150663636,0.0,0.0,0.0,-15.0,-12.0,-22.0,0.0,0.0,0.0,15.0,0.0,0.0,0.0,0.0,-14.9964164,-12.00149435,-21.94652823,0.0,0.0,0.0,14.99677545,-0.00042747,-0.00055423,0.0,0.0,0.0035836,-0.00149435,0.05347177,0.0,0.0,0.0,-0.00322455,-0.00042747,-0.00055423
GN,small,3,18,162,G3,run108_u0065078.log,9.0589803,13,1044860.60528,521.731005,99.95006692736203,24.20031,0.195576,99.19184506314176,0.0,0.0,0.0,-18.0,-8.0,-25.0,0.0,0.0,0.0,25.0,0.0,0.0,0.0,0.0,-18.12063634,-8.65411566,-16.85782159,0.0,0.0,0.0,24.93888942,-0.03481217,0.04612714,0.0,0.0,-0.12063634,-0.65411566,8.14217841,0.0,0.0,0.0,-0.06111058,-0.03481217,0.04612714
GN,small,3,18,162,G4,run109_u0065064.log,0.10849786,29,93207.744423,0.592904,99.99936388976724,6.147418,0.03442172,99.44006215292339,0.0,0.0,0.0,-7.0,-2.0,-8.0,0.0,0.0,0.0,3.0,0.0,0.0,0.0,0.0,-7.00070549,-1.99731081,-7.92483131,0.0,0.0,0.0,2.97272459,-0.00075525,0.00190383,0.0,0.0,-0.00070549,0.00268919,0.07516869,0.0,0.0,0.0,-0.02727541,-0.00075525,0.00190383
GN,small,3,24,216,G0,run110_u0065080.log,0.15577347,37,256901.060915,0.841717,99.99967235752278,10.13447,0.0123627,99.87801335442308,0.0,0.0,0.0,-10.0,5.0,-19.0,0.0,0.0,0.0,10.0,0.0,0.0,0.0,0.0,-10.00162724,4.99493787,-18.88036848,0.0,0.0,0.0,10.02484202,0.00186571,0.00274485,0.0,0.0,-0.00162724,-0.00506213,0.11963152,0.0,0.0,0.0,0.02484202,0.00186571,0.00274485
GN,small,3,24,216,G1,run111_u0065078.log,0.09709712000000001,21,207826.750565,0.485175,99.99976654833957,12.38186,0.007424991,99.94003331486545,0.0,0.0,0.0,-6.0,-6.0,-12.0,0.0,0.0,0.0,5.0,0.0,0.0,0.0,0.0,-6.00303934,-6.00463771,-11.9166443,0.0,0.0,0.0,5.00248455,-0.00299221,0.00058761,0.0,0.0,-0.00303934,-0.00463771,0.0833557,0.0,0.0,0.0,0.00248455,-0.00299221,0.00058761
GN,small,3,24,216,G2,run112_u0065004.log,0.08665573,38,1073512.252617,0.35676,99.99996676703044,23.4758,0.009342618,99.96020319648318,0.0,0.0,0.0,-15.0,-12.0,-22.0,0.0,0.0,0.0,15.0,0.0,0.0,0.0,0.0,-14.99689432,-12.00340707,-21.92774115,0.0,0.0,0.0,14.99497204,0.00178636,-0.00106981,0.0,0.0,0.00310568,-0.00340707,0.07225885,0.0,0.0,0.0,-0.00502796,0.00178636,-0.00106981
GN,small,3,24,216,G3,run113_u0065064.log,0.10799447,43,1393213.07624,0.753052,99.99994594854061,22.06601,0.009719762,99.95595142937032,0.0,0.0,0.0,-18.0,-8.0,-25.0,0.0,0.0,0.0,25.0,0.0,0.0,0.0,0.0,-17.99985572,-8.00712881,-24.90649973,0.0,0.0,0.0,25.00192949,0.00212176,0.00316986,0.0,0.0,0.00014428,-0.00712881,0.09350027,0.0,0.0,0.0,0.00192949,0.00212176,0.00316986
GN,small,3,24,216,G4,run114_u0065078.log,0.0648806,34,124228.219533,0.691369,99.99944346863974,7.551178,0.01171817,99.84481666304252,0.0,0.0,0.0,-7.0,-2.0,-8.0,0.0,0.0,0.0,3.0,0.0,0.0,0.0,0.0,-6.99905219,-2.004113,-7.94637089,0.0,0.0,0.0,3.00391743,-0.00039325,0.00188,0.0,0.0,0.00094781,-0.004113,0.05362911,0.0,0.0,0.0,0.00391743,-0.00039325,0.00188
GN,small,3,36,324,G0,run115_u0065080.log,0.08661347,41,385273.786558,1.156236,99.99969989237775,10.23129,0.003403504,99.96673436096523,0.0,0.0,0.0,-10.0,5.0,-19.0,0.0,0.0,0.0,10.0,0.0,0.0,0.0,0.0,-10.00031408,4.99501927,-18.93272929,0.0,0.0,0.0,10.01226089,-0.00037546,0.0014116,0.0,0.0,-0.00031408,-0.00498073,0.06727071,0.0,0.0,0.0,0.01226089,-0.00037546,0.0014116
GN,small,3,36,324,G1,run116_u0065004.log,0.02102374,44,311644.975745,0.501046,99.99983922538819,8.148161,0.003234795,99.96030030579907,0.0,0.0,0.0,-6.0,-6.0,-12.0,0.0,0.0,0.0,5.0,0.0,0.0,0.0,0.0,-6.0001258,-5.99836842,-12.00986694,0.0,0.0,0.0,5.00767504,0.00080377,-0.00092061,0.0,0.0,-0.0001258,0.00163158,-0.00986694,0.0,0.0,0.0,0.00767504,0.00080377,-0.00092061
GN,small,3,36,324,G2,run117_u0065064.log,0.06263600999999999,39,1610199.716703,0.6199,99.99996150167003,17.8248,0.01496645,99.91603580404829,0.0,0.0,0.0,-15.0,-12.0,-22.0,0.0,0.0,0.0,15.0,0.0,0.0,0.0,0.0,-14.99767186,-12.0026301,-21.94722449,0.0,0.0,0.0,14.99570466,-8e-07,-0.00060612,0.0,0.0,0.00232814,-0.0026301,0.05277551,0.0,0.0,0.0,-0.00429534,-8e-07,-0.00060612
GN,small,3,36,324,G3,run118_u0065078.log,0.12096739000000001,49,2089627.862948,1.004265,99.99995194048577,22.20627,0.01133827,99.94894113239188,0.0,0.0,0.0,-18.0,-8.0,-25.0,0.0,0.0,0.0,25.0,0.0,0.0,0.0,0.0,-18.00009803,-8.00790757,-24.89224429,0.0,0.0,0.0,25.00371713,0.00103521,0.00045374,0.0,0.0,-9.803e-05,-0.00790757,0.10775571,0.0,0.0,0.0,0.00371713,0.00103521,0.00045374
GN,small,3,36,324,G4,run119_u0065080.log,0.017188270000000002,32,186420.137695,0.919616,99.99950669707073,7.284691,0.003977444,99.94539996274379,0.0,0.0,0.0,-7.0,-2.0,-8.0,0.0,0.0,0.0,3.0,0.0,0.0,0.0,0.0,-7.00060197,-1.99882977,-8.00292565,0.0,0.0,0.0,2.98831613,-0.00023441,0.00057214,0.0,0.0,-0.00060197,0.00117023,-0.00292565,0.0,0.0,0.0,-0.01168387,-0.00023441,0.00057214
GN,small,3,60,540,G0,run120_u0065004.log,0.08361009,39,642139.596306,2.089223,99.99967464660145,11.10786,0.009566836,99.91387327532037,0.0,0.0,0.0,-10.0,5.0,-19.0,0.0,0.0,0.0,10.0,0.0,0.0,0.0,0.0,-10.00120497,4.99772962,-18.94910602,0.0,0.0,0.0,10.02783288,0.00138773,-2.015e-05,0.0,0.0,-0.00120497,-0.00227038,0.05089398,0.0,0.0,0.0,0.02783288,0.00138773,-2.015e-05
GN,small,3,60,540,G1,run121_u0065064.log,0.10739685,32,519466.503281,1.245221,99.9997602884898,8.682209,0.002759621,99.96821522034313,0.0,0.0,0.0,-6.0,-6.0,-12.0,0.0,0.0,0.0,5.0,0.0,0.0,0.0,0.0,-6.00283676,-6.00467164,-11.90342349,0.0,0.0,0.0,4.99757256,8.967e-05,0.00079483,0.0,0.0,-0.00283676,-0.00467164,0.09657651,0.0,0.0,0.0,-0.00242744,8.967e-05,0.00079483
GN,small,3,60,540,G2,run122_u0065078.log,0.08655847,38,2683667.259836,1.090758,99.9999593556915,18.05534,0.006146991,99.96595472032097,0.0,0.0,0.0,-15.0,-12.0,-22.0,0.0,0.0,0.0,15.0,0.0,0.0,0.0,0.0,-14.99795918,-12.00346918,-21.93350314,0.0,0.0,0.0,14.98569749,-8.784e-05,-0.00016126,0.0,0.0,0.00204082,-0.00346918,0.06649686,0.0,0.0,0.0,-0.01430251,-8.784e-05,-0.00016126
GN,small,3,60,540,G3,run123_u0065080.log,0.10683733,45,3482939.510366,2.072025,99.99994050930273,22.80276,0.003542616,99.98446409118895,0.0,0.0,0.0,-18.0,-8.0,-25.0,0.0,0.0,0.0,25.0,0.0,0.0,0.0,0.0,-18.00111188,-8.00713725,-24.9056198,0.0,0.0,0.0,24.99719893,-0.00075099,0.00065594,0.0,0.0,-0.00111188,-0.00713725,0.0943802,0.0,0.0,0.0,-0.00280107,-0.00075099,0.00065594
GN,small,3,60,540,G4,run124_u0065004.log,0.02515891,31,310607.718838,1.531362,99.9995069787687,6.242762,0.01744406,99.7205714393725,0.0,0.0,0.0,-7.0,-2.0,-8.0,0.0,0.0,0.0,3.0,0.0,0.0,0.0,0.0,-6.99944235,-2.00054029,-7.98024913,0.0,0.0,0.0,2.99689609,-0.0009013,0.00030489,0.0,0.0,0.00055765,-0.00054029,0.01975087,0.0,0.0,0.0,-0.00310391,-0.0009013,0.00030489
GN,small,3,90,810,G0,run125_u0065064.log,0.04675952,40,963275.474011,2.944756,99.9996942976252,11.36844,0.008154781,99.92826824964551,0.0,0.0,0.0,-10.0,5.0,-19.0,0.0,0.0,0.0,10.0,0.0,0.0,0.0,0.0,-10.00074563,4.99844307,-18.97331312,0.0,0.0,0.0,10.01694024,0.00053297,0.00029687,0.0,0.0,-0.00074563,-0.00155693,0.02668688,0.0,0.0,0.0,0.01694024,0.00053297,0.00029687
GN,small,3,90,810,G1,run126_u0065078.log,0.023322319999999997,42,779092.284373,1.638932,99.99978963570389,7.36218,0.002162418,99.97062802050479,0.0,0.0,0.0,-6.0,-6.0,-12.0,0.0,0.0,0.0,5.0,0.0,0.0,0.0,0.0,-6.00039866,-6.00094356,-11.98008997,0.0,0.0,0.0,5.00152325,-0.00021706,-0.00032976,0.0,0.0,-0.00039866,-0.00094356,0.01991003,0.0,0.0,0.0,0.00152325,-0.00021706,-0.00032976
GN,small,3,90,810,G2,run127_u0065007.log,0.0348726,45,4025637.132287,1.521769,99.99996219805834,16.71021,0.0006780582,99.99594225207224,0.0,0.0,0.0,-15.0,-12.0,-22.0,0.0,0.0,0.0,15.0,0.0,0.0,0.0,0.0,-14.99915039,-12.00195506,-21.97065894,0.0,0.0,0.0,14.99832344,0.00035088,-0.00069943,0.0,0.0,0.00084961,-0.00195506,0.02934106,0.0,0.0,0.0,-0.00167656,0.00035088,-0.00069943
GN,small,3,90,810,G3,run128_u0065080.log,0.15873906,45,5224030.097388,3.222029,99.99993832292427,23.53951,0.003921264,99.98334177729274,0.0,0.0,0.0,-18.0,-8.0,-25.0,0.0,0.0,0.0,25.0,0.0,0.0,0.0,0.0,-18.00043194,-8.01076293,-24.86827545,0.0,0.0,0.0,25.01476527,0.00032223,0.00073214,0.0,0.0,-0.00043194,-0.01076293,0.13172455,0.0,0.0,0.0,0.01476527,0.00032223,0.00073214
GN,small,3,90,810,G4,run129_u0065004.log,0.03443837,37,465870.634263,2.633702,99.99943467095663,6.489942,0.001234769,99.98097411348208,0.0,0.0,0.0,-7.0,-2.0,-8.0,0.0,0.0,0.0,3.0,0.0,0.0,0.0,0.0,-7.00011315,-1.99783705,-8.01714952,0.0,0.0,0.0,2.98744021,-0.00142064,0.00103232,0.0,0.0,-0.00011315,0.00216295,-0.01714952,0.0,0.0,0.0,-0.01255979,-0.00142064,0.00103232
GN,small,3,180,1620,G0,run130_u0065064.log,0.0654085,43,1926358.979973,6.01135,99.99968794237925,10.64528,0.004442913,99.95826400996498,0.0,0.0,0.0,-10.0,5.0,-19.0,0.0,0.0,0.0,10.0,0.0,0.0,0.0,0.0,-9.99964938,4.99719103,-18.95301404,0.0,0.0,0.0,10.01486988,0.00017012,-0.00022295,0.0,0.0,0.00035062,-0.00280897,0.04698596,0.0,0.0,0.0,0.01486988,0.00017012,-0.00022295
GN,small,3,180,1620,G1,run131_u0065078.log,0.01855895,43,1558234.813149,3.21438,99.99979371658412,7.501113,0.003255543,99.95659920067862,0.0,0.0,0.0,-6.0,-6.0,-12.0,0.0,0.0,0.0,5.0,0.0,0.0,0.0,0.0,-5.99976468,-5.99879963,-12.01520763,0.0,0.0,0.0,4.99818789,5.182e-05,-5.17e-05,0.0,0.0,0.00023532,0.00120037,-0.01520763,0.0,0.0,0.0,-0.00181211,5.182e-05,-5.17e-05
GN,small,3,180,1620,G2,run132_u0065004.log,0.05413636,43,8051198.786123,3.393007,99.99995785712053,16.60992,0.002304507,99.98612571884753,0.0,0.0,0.0,-15.0,-12.0,-22.0,0.0,0.0,0.0,15.0,0.0,0.0,0.0,0.0,-14.9988391,-12.00269696,-21.95820531,0.0,0.0,0.0,14.99244985,-0.00033475,-0.00059891,0.0,0.0,0.0011609,-0.00269696,0.04179469,0.0,0.0,0.0,-0.00755015,-0.00033475,-0.00059891
GN,small,3,180,1620,G3,run133_u0065007.log,0.06283186,59,10447864.936499,5.609526,99.99994630935569,21.82755,0.004508739,99.97934381549922,0.0,0.0,0.0,-18.0,-8.0,-25.0,0.0,0.0,0.0,25.0,0.0,0.0,0.0,0.0,-18.00033444,-8.00406649,-24.94387939,0.0,0.0,0.0,24.99790803,5.576e-05,0.00016259,0.0,0.0,-0.00033444,-0.00406649,0.05612061,0.0,0.0,0.0,-0.00209197,5.576e-05,0.00016259
GN,small,3,180,1620,G4,run134_u0065080.log,0.04156413,36,931710.824932,4.829206,99.99948168402999,5.79739,0.006872089,99.8814623649608,0.0,0.0,0.0,-7.0,-2.0,-8.0,0.0,0.0,0.0,3.0,0.0,0.0,0.0,0.0,-6.99971782,-1.99769336,-8.0305811,0.0,0.0,0.0,2.99282358,-0.00099314,-0.00022465,0.0,0.0,0.00028218,0.00230664,-0.0305811,0.0,0.0,0.0,-0.00717642,-0.00099314,-0.00022465
GN,small,3,360,3240,G0,run135_u0065065.log,0.07430955,46,3852601.59799,12.542292,99.99967444617148,10.16908,0.006230845,99.93872754467465,0.0,0.0,0.0,-10.0,5.0,-19.0,0.0,0.0,0.0,10.0,0.0,0.0,0.0,0.0,-9.9995112,4.99707015,-18.94693563,0.0,0.0,0.0,10.01724991,0.00054746,-2.916e-05,0.0,0.0,0.0004888,-0.00292985,0.05306437,0.0,0.0,0.0,0.01724991,0.00054746,-2.916e-05
GN,small,3,360,3240,G1,run136_u0065034.log,0.013201590000000001,45,3116577.519999,6.80292,99.99978171824843,7.476574,0.001692127,99.97736761516705,0.0,0.0,0.0,-6.0,-6.0,-12.0,0.0,0.0,0.0,5.0,0.0,0.0,0.0,0.0,-5.99995175,-5.99897663,-12.00967929,0.0,0.0,0.0,5.00202213,0.00017085,0.0002577,0.0,0.0,4.825e-05,0.00102337,-0.00967929,0.0,0.0,0.0,0.00202213,0.00017085,0.0002577
GN,small,3,360,3240,G2,run137_u0065064.log,0.03322702,41,16102620.889768,7.099879,99.99995590855023,17.22889,0.004705705,99.97268712610041,0.0,0.0,0.0,-15.0,-12.0,-22.0,0.0,0.0,0.0,15.0,0.0,0.0,0.0,0.0,-14.99927651,-12.00178659,-21.97319452,0.0,0.0,0.0,14.99692092,-0.00050529,-0.00032709,0.0,0.0,0.00072349,-0.00178659,0.02680548,0.0,0.0,0.0,-0.00307908,-0.00050529,-0.00032709
GN,small,3,360,3240,G3,run138_u0065078.log,0.04625885,63,20895107.539409,11.462452,99.99994514289061,20.81479,0.00311342,99.98504227042406,0.0,0.0,0.0,-18.0,-8.0,-25.0,0.0,0.0,0.0,25.0,0.0,0.0,0.0,0.0,-18.00039991,-8.00312063,-24.95811004,0.0,0.0,0.0,25.00043973,0.00010602,0.0003026,0.0,0.0,-0.00039991,-0.00312063,0.04188996,0.0,0.0,0.0,0.00043973,0.00010602,0.0003026
GN,small,3,360,3240,G4,run139_u0065080.log,0.043732110000000005,35,1863514.987812,10.113647,99.99945728115597,5.662015,0.007216574,99.8725440677921,0.0,0.0,0.0,-7.0,-2.0,-8.0,0.0,0.0,0.0,3.0,0.0,0.0,0.0,0.0,-7.00014606,-1.99749184,-8.03493075,0.0,0.0,0.0,2.99529407,-0.00075768,-0.00068353,0.0,0.0,-0.00014606,0.00250816,-0.03493075,0.0,0.0,0.0,-0.00470593,-0.00075768,-0.00068353
GN,normal,3,3,27,G0,run210_u0065004.log,0.02629793,15,34626.358554,0.030997,99.9999104814907,22.00731,0.008114955,99.9631260931027,0.0,0.0,0.0,-10.0,5.0,-19.0,0.0,0.0,0.0,10.0,0.0,0.0,0.0,0.0,-10.00371248,5.0003923,-19.00759656,0.0,0.0,0.0,10.00724694,-0.00438667,-0.00296298,0.0,0.0,-0.00371248,0.0003923,-0.00759656,0.0,0.0,0.0,0.00724694,-0.00438667,-0.00296298
GN,normal,3,3,27,G1,run211_u0065007.log,0.04282312,18,26878.067804,0.02752,99.99989761168771,10.7546,0.005693193,99.94706271734884,0.0,0.0,0.0,-6.0,-6.0,-12.0,0.0,0.0,0.0,5.0,0.0,0.0,0.0,0.0,-6.00180489,-6.00382906,-11.97909622,0.0,0.0,0.0,5.00881217,-0.0047068,0.00276642,0.0,0.0,-0.00180489,-0.00382906,0.02090378,0.0,0.0,0.0,0.00881217,-0.0047068,0.00276642
GN,normal,3,3,27,G2,run212_u0065004.log,0.014276829999999999,16,141052.380752,0.106851,99.99992424729066,25.16358,0.01793144,99.92874050512685,0.0,0.0,0.0,-15.0,-12.0,-22.0,0.0,0.0,0.0,15.0,0.0,0.0,0.0,0.0,-15.0005764,-11.99928362,-21.99545185,0.0,0.0,0.0,14.99906952,-0.00559377,0.00191165,0.0,0.0,-0.0005764,0.00071638,0.00454815,0.0,0.0,0.0,-0.00093048,-0.00559377,0.00191165
GN,normal,3,3,27,G3,run213_u0065007.log,0.22932983,26,191620.801334,0.200943,99.99989513508001,40.27351,0.03333526,99.91722782543663,0.0,0.0,0.0,-18.0,-8.0,-25.0,0.0,0.0,0.0,25.0,0.0,0.0,0.0,0.0,-18.0026819,-8.02085823,-24.81439783,0.0,0.0,0.0,25.00560913,-0.00420004,0.01037836,0.0,0.0,-0.0026819,-0.02085823,0.18560217,0.0,0.0,0.0,0.00560913,-0.00420004,0.01037836
GN,normal,3,3,27,G4,run214_u0065004.log,0.83047663,13,15891.899892,1.492619,99.990607674286,5.495296,0.1332857,97.57454921445542,0.0,0.0,0.0,-7.0,-2.0,-8.0,0.0,0.0,0.0,3.0,0.0,0.0,0.0,0.0,-6.98233209,-2.01382842,-7.23712086,0.0,0.0,0.0,3.00234561,-0.00897857,0.02477698,0.0,0.0,0.01766791,-0.01382842,0.76287914,0.0,0.0,0.0,0.00234561,-0.00897857,0.02477698
GN,normal,3,5,45,G0,run215_u0065007.log,0.14256899,22,57571.284605,0.129632,99.99977483219129,23.35587,0.01899048,99.91869076168005,0.0,0.0,0.0,-10.0,5.0,-19.0,0.0,0.0,0.0,10.0,0.0,0.0,0.0,0.0,-9.99831743,4.9945529,-18.87794406,0.0,0.0,0.0,9.99512316,0.00292025,-0.00558629,0.0,0.0,0.00168257,-0.0054471,0.12205594,0.0,0.0,0.0,-0.00487684,0.00292025,-0.00558629
GN,normal,3,5,45,G1,run216_u0065004.log,0.01839414,19,44729.405349,0.140118,99.99968674298505,8.405577,0.003150888,99.96251431638778,0.0,0.0,0.0,-6.0,-6.0,-12.0,0.0,0.0,0.0,5.0,0.0,0.0,0.0,0.0,-6.0041741,-5.99892982,-11.99744312,0.0,0.0,0.0,4.99850121,-0.00674455,0.00234964,0.0,0.0,-0.0041741,0.00107018,0.00255688,0.0,0.0,0.0,-0.00149879,-0.00674455,0.00234964
GN,normal,3,5,45,G2,run217_u0065007.log,0.02087323,24,234716.467655,0.216031,99.99990796086779,54.80785,0.03007914,99.94511892000872,0.0,0.0,0.0,-15.0,-12.0,-22.0,0.0,0.0,0.0,15.0,0.0,0.0,0.0,0.0,-15.00347515,-11.99862322,-22.0059383,0.0,0.0,0.0,15.00891055,0.00085212,0.00032033,0.0,0.0,-0.00347515,0.00137678,-0.0059383,0.0,0.0,0.0,0.00891055,0.00085212,0.00032033
GN,normal,3,5,45,G3,run218_u0065064.log,0.14265983,24,320227.303754,0.15185,99.99995258055817,23.31909,0.03321919,99.85754508430645,0.0,0.0,0.0,-18.0,-8.0,-25.0,0.0,0.0,0.0,25.0,0.0,0.0,0.0,0.0,-18.00004378,-8.00765896,-24.87357929,0.0,0.0,0.0,24.99698435,0.00019935,0.00532138,0.0,0.0,-4.378e-05,-0.00765896,0.12642071,0.0,0.0,0.0,-0.00301565,0.00019935,0.00532138
GN,normal,3,5,45,G4,run219_u0065004.log,0.07832475,24,26448.779023,0.123709,99.99953226952407,7.743895,0.007486333,99.90332600067538,0.0,0.0,0.0,-7.0,-2.0,-8.0,0.0,0.0,0.0,3.0,0.0,0.0,0.0,0.0,-7.00390275,-1.99893501,-7.94509781,0.0,0.0,0.0,3.0149543,0.00081125,0.00268927,0.0,0.0,-0.00390275,0.00106499,0.05490219,0.0,0.0,0.0,0.0149543,0.00081125,0.00268927
GN,normal,3,6,54,G0,run220_u0065007.log,0.01761526,23,69186.211537,0.07777,99.99988759320928,18.48777,0.007236394,99.96085848103908,0.0,0.0,0.0,-10.0,5.0,-19.0,0.0,0.0,0.0,10.0,0.0,0.0,0.0,0.0,-10.00218164,4.99994362,-18.9908126,0.0,0.0,0.0,10.00060432,-0.00274051,-0.00284501,0.0,0.0,-0.00218164,-5.638e-05,0.0091874,0.0,0.0,0.0,0.00060432,-0.00274051,-0.00284501
GN,normal,3,6,54,G1,run221_u0065064.log,0.049661949999999996,20,53748.609634,0.092196,99.99982846812108,11.58487,0.02837586,99.75506104082307,0.0,0.0,0.0,-6.0,-6.0,-12.0,0.0,0.0,0.0,5.0,0.0,0.0,0.0,0.0,-6.00305333,-6.00300714,-11.97109035,0.0,0.0,0.0,5.01095056,-0.00134734,0.00239393,0.0,0.0,-0.00305333,-0.00300714,0.02890965,0.0,0.0,0.0,0.01095056,-0.00134734,0.00239393
GN,normal,3,6,54,G2,run222_u0065004.log,0.02422498,17,281888.198089,0.143305,99.99994916246904,29.35297,0.001668931,99.99431426870943,0.0,0.0,0.0,-15.0,-12.0,-22.0,0.0,0.0,0.0,15.0,0.0,0.0,0.0,0.0,-15.00168714,-12.00256821,-21.98241381,0.0,0.0,0.0,15.00124036,0.00039794,0.00074514,0.0,0.0,-0.00168714,-0.00256821,0.01758619,0.0,0.0,0.0,0.00124036,0.00039794,0.00074514
GN,normal,3,6,54,G3,run223_u0065007.log,0.014163180000000001,28,381928.088151,0.166798,99.99995632738067,32.60542,0.01286193,99.9605527853958,0.0,0.0,0.0,-18.0,-8.0,-25.0,0.0,0.0,0.0,25.0,0.0,0.0,0.0,0.0,-17.99532485,-8.00016014,-25.00480664,0.0,0.0,0.0,24.997619,0.00016647,-0.00197378,0.0,0.0,0.00467515,-0.00016014,-0.00480664,0.0,0.0,0.0,-0.002381,0.00016647,-0.00197378
GN,normal,3,6,54,G4,run224_u0065064.log,0.10831568,22,31806.675379,0.216859,99.99931819658164,6.172211,0.005530739,99.91039290458477,0.0,0.0,0.0,-7.0,-2.0,-8.0,0.0,0.0,0.0,3.0,0.0,0.0,0.0,0.0,-6.99572712,-2.00254638,-7.91397143,0.0,0.0,0.0,3.00583076,-0.00241887,-0.00721822,0.0,0.0,0.00427288,-0.00254638,0.08602857,0.0,0.0,0.0,0.00583076,-0.00241887,-0.00721822
GN,normal,3,9,81,G0,run225_u0065004.log,0.09668378,25,103579.458628,0.190588,99.99981599826594,16.9356,0.008792532,99.94808254800537,0.0,0.0,0.0,-10.0,5.0,-19.0,0.0,0.0,0.0,10.0,0.0,0.0,0.0,0.0,-10.00315898,4.99872349,-18.9172691,0.0,0.0,0.0,9.99912368,0.00147817,0.0071629,0.0,0.0,-0.00315898,-0.00127651,0.0827309,0.0,0.0,0.0,-0.00087632,0.00147817,0.0071629
GN,normal,3,9,81,G1,run226_u0065007.log,0.01142489,21,80461.670422,0.149461,99.99981424571575,11.35064,0.02757406,99.7570704383189,0.0,0.0,0.0,-6.0,-6.0,-12.0,0.0,0.0,0.0,5.0,0.0,0.0,0.0,0.0,-5.99937527,-6.00082513,-11.99674136,0.0,0.0,0.0,5.00468938,-0.00030294,0.00172407,0.0,0.0,0.00062473,-0.00082513,0.00325864,0.0,0.0,0.0,0.00468938,-0.00030294,0.00172407
GN,normal,3,9,81,G2,run227_u0065064.log,0.10900768000000001,23,422408.686348,0.277558,99.99993429159746,20.08192,0.00135406,99.99325731802536,0.0,0.0,0.0,-15.0,-12.0,-22.0,0.0,0.0,0.0,15.0,0.0,0.0,0.0,0.0,-14.99842583,-12.00763873,-21.90897386,0.0,0.0,0.0,15.00699956,-0.00142334,-0.00034574,0.0,0.0,0.00157417,-0.00763873,0.09102614,0.0,0.0,0.0,0.00699956,-0.00142334,-0.00034574
GN,normal,3,9,81,G3,run228_u0065004.log,0.12882734,22,575875.772706,0.532461,99.99990753891285,27.59666,0.01069348,99.96125081803379,0.0,0.0,0.0,-18.0,-8.0,-25.0,0.0,0.0,0.0,25.0,0.0,0.0,0.0,0.0,-17.99881734,-8.00987685,-24.90079004,0.0,0.0,0.0,25.01110663,-0.00365787,0.00379337,0.0,0.0,0.00118266,-0.00987685,0.09920996,0.0,0.0,0.0,0.01110663,-0.00365787,0.00379337
GN,normal,3,9,81,G4,run229_u0065007.log,0.09523936999999999,19,47619.009608,0.208613,99.99956191235029,5.636833,0.01773943,99.6852943842757,0.0,0.0,0.0,-7.0,-2.0,-8.0,0.0,0.0,0.0,3.0,0.0,0.0,0.0,0.0,-6.99948206,-2.00224051,-7.92394734,0.0,0.0,0.0,3.01313793,2.529e-05,-0.00326504,0.0,0.0,0.00051794,-0.00224051,0.07605266,0.0,0.0,0.0,0.01313793,2.529e-05,-0.00326504
GN,normal,3,10,90,G0,run230_u0065064.log,0.051285670000000005,25,115162.126589,0.159567,99.99986144142635,15.53115,0.00955018,99.93850951153006,0.0,0.0,0.0,-10.0,5.0,-19.0,0.0,0.0,0.0,10.0,0.0,0.0,0.0,0.0,-9.99975454,4.99686824,-18.96274964,0.0,0.0,0.0,10.00865235,-0.001498,-0.00050774,0.0,0.0,0.00024546,-0.00313176,0.03725036,0.0,0.0,0.0,0.00865235,-0.001498,-0.00050774
GN,normal,3,10,90,G1,run231_u0065004.log,0.02343051,25,89454.187856,0.235951,99.99973623258379,9.632227,0.007317737,99.92402860729923,0.0,0.0,0.0,-6.0,-6.0,-12.0,0.0,0.0,0.0,5.0,0.0,0.0,0.0,0.0,-6.00016858,-5.9973868,-12.00052621,0.0,0.0,0.0,5.01423451,0.00225756,0.00363045,0.0,0.0,-0.00016858,0.0026132,-0.00052621,0.0,0.0,0.0,0.01423451,0.00225756,0.00363045
GN,normal,3,10,90,G2,run232_u0065007.log,0.051887680000000005,23,469493.419422,0.308971,99.9999341905579,18.67079,0.0140475,99.92476215521678,0.0,0.0,0.0,-15.0,-12.0,-22.0,0.0,0.0,0.0,15.0,0.0,0.0,0.0,0.0,-15.00334366,-12.0021616,-21.96221382,0.0,0.0,0.0,15.00484077,0.00098968,0.00276579,0.0,0.0,-0.00334366,-0.0021616,0.03778618,0.0,0.0,0.0,0.00484077,0.00098968,0.00276579
GN,normal,3,10,90,G3,run233_u0065064.log,0.08920109,26,639869.477028,0.230156,99.99996403078936,19.44129,0.003678046,99.9810812656979,0.0,0.0,0.0,-18.0,-8.0,-25.0,0.0,0.0,0.0,25.0,0.0,0.0,0.0,0.0,-18.0029168,-8.00390734,-24.92478501,0.0,0.0,0.0,25.00597564,-0.000908,-0.00027832,0.0,0.0,-0.0029168,-0.00390734,0.07521499,0.0,0.0,0.0,0.00597564,-0.000908,-0.00027832
GN,normal,3,10,90,G4,run234_u0065004.log,0.08385858,20,52931.738233,0.250501,99.99952674707394,6.753772,0.008524794,99.87377729067548,0.0,0.0,0.0,-7.0,-2.0,-8.0,0.0,0.0,0.0,3.0,0.0,0.0,0.0,0.0,-7.00416525,-1.99925038,-7.93106666,0.0,0.0,0.0,3.00537675,0.00067483,0.00395879,0.0,0.0,-0.00416525,0.00074962,0.06893334,0.0,0.0,0.0,0.00537675,0.00067483,0.00395879
GN,normal,3,12,108,G0,run235_u0065007.log,0.08490855,22,138125.388434,0.204237,99.99985213652442,16.09939,0.01831091,99.88626333047401,0.0,0.0,0.0,-10.0,5.0,-19.0,0.0,0.0,0.0,10.0,0.0,0.0,0.0,0.0,-10.00158547,4.99812671,-18.92905788,0.0,0.0,0.0,10.00553234,-0.00127237,-0.00370296,0.0,0.0,-0.00158547,-0.00187329,0.07094212,0.0,0.0,0.0,0.00553234,-0.00127237,-0.00370296
GN,normal,3,12,108,G1,run236_u0065064.log,0.01074351,22,107298.331028,0.39935,99.99962781340942,10.06734,0.02413193,99.76029487431636,0.0,0.0,0.0,-6.0,-6.0,-12.0,0.0,0.0,0.0,5.0,0.0,0.0,0.0,0.0,-5.99895991,-6.00043086,-11.99683649,0.0,0.0,0.0,5.00476655,0.00037857,-0.00096393,0.0,0.0,0.00104009,-0.00043086,0.00316351,0.0,0.0,0.0,0.00476655,0.00037857,-0.00096393
GN,normal,3,12,108,G2,run237_u0065004.log,0.02471024,24,563208.108133,0.313702,99.99994430087291,21.32462,0.0007400329,99.99652967837174,0.0,0.0,0.0,-15.0,-12.0,-22.0,0.0,0.0,0.0,15.0,0.0,0.0,0.0,0.0,-15.00010982,-12.0028511,-21.98615237,0.0,0.0,0.0,15.00744937,-0.0004087,4.362e-05,0.0,0.0,-0.00010982,-0.0028511,0.01384763,0.0,0.0,0.0,0.00744937,-0.0004087,4.362e-05
GN,normal,3,12,108,G3,run238_u0065007.log,0.07008784,26,768082.203627,0.517125,99.999932673222,20.55672,0.04058774,99.80255731459104,0.0,0.0,0.0,-18.0,-8.0,-25.0,0.0,0.0,0.0,25.0,0.0,0.0,0.0,0.0,-17.99864534,-8.00535991,-24.94208009,0.0,0.0,0.0,25.00433725,0.00015166,0.00096445,0.0,0.0,0.00135466,-0.00535991,0.05791991,0.0,0.0,0.0,0.00433725,0.00015166,0.00096445
GN,normal,3,12,108,G4,run239_u0065064.log,0.12486125,23,63505.716963,0.400612,99.99936917175468,6.906218,0.001117266,99.98382231780114,0.0,0.0,0.0,-7.0,-2.0,-8.0,0.0,0.0,0.0,3.0,0.0,0.0,0.0,0.0,-7.00169735,-2.00493675,-7.89470283,0.0,0.0,0.0,3.00212776,0.00250173,-0.00830049,0.0,0.0,-0.00169735,-0.00493675,0.10529717,0.0,0.0,0.0,0.00212776,0.00250173,-0.00830049
GN,normal,3,15,135,G0,run240_u0065004.log,0.07042058,21,172650.239545,0.383133,99.99977808718887,13.33059,0.009228246,99.93077391173235,0.0,0.0,0.0,-10.0,5.0,-19.0,0.0,0.0,0.0,10.0,0.0,0.0,0.0,0.0,-9.99930982,4.99834941,-18.93534456,0.0,0.0,0.0,9.99964484,-0.001921,0.00114821,0.0,0.0,0.00069018,-0.00165059,0.06465544,0.0,0.0,0.0,-0.00035516,-0.001921,0.00114821
GN,normal,3,15,135,G1,run241_u0065009.log,0.01699687,23,134182.140214,0.409548,99.99969478203333,8.314652,0.004776034,99.94255882266629,0.0,0.0,0.0,-6.0,-6.0,-12.0,0.0,0.0,0.0,5.0,0.0,0.0,0.0,0.0,-6.00100457,-5.99851077,-11.99352788,0.0,0.0,0.0,4.99772596,-0.0038257,0.00193121,0.0,0.0,-0.00100457,0.00148923,0.00647212,0.0,0.0,0.0,-0.00227404,-0.0038257,0.00193121
GN,normal,3,15,135,G2,run242_u0065064.log,0.08717587,20,703956.026159,0.447595,99.99993641719321,21.38354,0.01470553,99.93122967478725,0.0,0.0,0.0,-15.0,-12.0,-22.0,0.0,0.0,0.0,15.0,0.0,0.0,0.0,0.0,-14.99731455,-12.00357694,-21.92170052,0.0,0.0,0.0,15.00040627,-0.00146001,-0.00074772,0.0,0.0,0.00268545,-0.00357694,0.07829948,0.0,0.0,0.0,0.00040627,-0.00146001,-0.00074772
GN,normal,3,15,135,G3,run243_u0065004.log,0.05007296,27,959738.421659,0.571653,99.9999404365828,22.4655,0.007255631,99.9677032293962,0.0,0.0,0.0,-18.0,-8.0,-25.0,0.0,0.0,0.0,25.0,0.0,0.0,0.0,0.0,-18.0001032,-7.99950129,-24.95687239,0.0,0.0,0.0,25.00291424,-0.00157719,0.00185201,0.0,0.0,-0.0001032,0.00049871,0.04312761,0.0,0.0,0.0,0.00291424,-0.00157719,0.00185201
GN,normal,3,15,135,G4,run244_u0065007.log,0.053212850000000006,23,79351.062732,0.331107,99.99958273148637,7.227414,0.004779512,99.93386968008198,0.0,0.0,0.0,-7.0,-2.0,-8.0,0.0,0.0,0.0,3.0,0.0,0.0,0.0,0.0,-7.00259022,-2.00036913,-7.961441,0.0,0.0,0.0,3.00670529,0.00147113,0.00351808,0.0,0.0,-0.00259022,-0.00036913,0.038559,0.0,0.0,0.0,0.00670529,0.00147113,0.00351808
GN,normal,3,18,162,G0,run245_u0065064.log,0.05786894,23,207139.351219,0.420975,99.99979676724992,15.98343,0.01699494,99.89367150855605,0.0,0.0,0.0,-10.0,5.0,-19.0,0.0,0.0,0.0,10.0,0.0,0.0,0.0,0.0,-10.00167556,4.99957972,-18.94876191,0.0,0.0,0.0,9.99813915,-0.00130941,-0.00136475,0.0,0.0,-0.00167556,-0.00042028,0.05123809,0.0,0.0,0.0,-0.00186085,-0.00130941,-0.00136475
GN,normal,3,18,162,G1,run246_u0065009.log,0.03543384,21,160948.790025,0.37315,99.99976815607005,11.00373,0.006861374,99.93764501673525,0.0,0.0,0.0,-6.0,-6.0,-12.0,0.0,0.0,0.0,5.0,0.0,0.0,0.0,0.0,-5.99984974,-6.00124867,-11.97225381,0.0,0.0,0.0,5.00318859,0.00040364,-0.00269649,0.0,0.0,0.00015026,-0.00124867,0.02774619,0.0,0.0,0.0,0.00318859,0.00040364,-0.00269649
GN,normal,3,18,162,G2,run247_u0065004.log,0.04749983,26,844949.472547,0.486707,99.9999423980941,21.61456,0.002510127,99.98838686977668,0.0,0.0,0.0,-15.0,-12.0,-22.0,0.0,0.0,0.0,15.0,0.0,0.0,0.0,0.0,-15.00034755,-12.0052726,-21.9686189,0.0,0.0,0.0,15.00932091,0.0006529,0.00052477,0.0,0.0,-0.00034755,-0.0052726,0.0313811,0.0,0.0,0.0,0.00932091,0.0006529,0.00052477
GN,normal,3,18,162,G3,run248_u0065007.log,0.017221300000000002,28,1151712.3333,0.754066,99.99993452653251,23.94427,0.004452423,99.98140505849625,0.0,0.0,0.0,-18.0,-8.0,-25.0,0.0,0.0,0.0,25.0,0.0,0.0,0.0,0.0,-18.0012177,-7.99593753,-24.99507666,0.0,0.0,0.0,25.00209936,-0.00046082,0.00445761,0.0,0.0,-0.0012177,0.00406247,0.00492334,0.0,0.0,0.0,0.00209936,-0.00046082,0.00445761
GN,normal,3,18,162,G4,run249_u0065022.log,0.09806295,21,95255.403246,0.463901,99.99951299245588,6.225618,0.0263886,99.5761288276923,0.0,0.0,0.0,-7.0,-2.0,-8.0,0.0,0.0,0.0,3.0,0.0,0.0,0.0,0.0,-6.99903485,-2.0027715,-7.93041561,0.0,0.0,0.0,3.02332248,-0.00064132,0.00077811,0.0,0.0,0.00096515,-0.0027715,0.06958439,0.0,0.0,0.0,0.02332248,-0.00064132,0.00077811
GN,normal,3,24,216,G0,run250_u0065034.log,0.04910208,22,276203.561955,0.599837,99.99978282792743,13.09636,0.006604824,99.9495674828731,0.0,0.0,0.0,-10.0,5.0,-19.0,0.0,0.0,0.0,10.0,0.0,0.0,0.0,0.0,-10.00005175,4.99842144,-18.95569037,0.0,0.0,0.0,10.00031768,0.00081085,-0.00203361,0.0,0.0,-5.175e-05,-0.00157856,0.04430963,0.0,0.0,0.0,0.00031768,0.00081085,-0.00203361
GN,normal,3,24,216,G1,run251_u0065064.log,0.06100948,20,214553.278352,0.75556,99.99964784504539,8.954262,0.006241009,99.93030124649022,0.0,0.0,0.0,-6.0,-6.0,-12.0,0.0,0.0,0.0,5.0,0.0,0.0,0.0,0.0,-5.99811505,-6.0026347,-11.95050504,0.0,0.0,0.0,5.00451391,-0.00237094,0.00011002,0.0,0.0,0.00188495,-0.0026347,0.04949496,0.0,0.0,0.0,0.00451391,-0.00237094,0.00011002
GN,normal,3,24,216,G2,run252_u0065009.log,0.06858771,22,1126402.808279,0.740556,99.99993425478038,20.12581,0.01139011,99.94340545796666,0.0,0.0,0.0,-15.0,-12.0,-22.0,0.0,0.0,0.0,15.0,0.0,0.0,0.0,0.0,-14.99876428,-12.0060056,-21.95692087,0.0,0.0,0.0,15.01705414,-0.00081481,0.00039831,0.0,0.0,0.00123572,-0.0060056,0.04307913,0.0,0.0,0.0,0.01705414,-0.00081481,0.00039831
GN,normal,3,24,216,G3,run253_u0065080.log,0.08643003,26,1535928.87949,0.988231,99.99993565906513,17.98718,0.008140321,99.95474376194602,0.0,0.0,0.0,-18.0,-8.0,-25.0,0.0,0.0,0.0,25.0,0.0,0.0,0.0,0.0,-17.99848443,-8.00409284,-24.92913325,0.0,0.0,0.0,25.00756367,0.00080372,0.00158748,0.0,0.0,0.00151557,-0.00409284,0.07086675,0.0,0.0,0.0,0.00756367,0.00080372,0.00158748
GN,normal,3,24,216,G4,run254_u0065004.log,0.04733156,27,126984.86742,0.633625,99.999501023222,6.040353,0.01063148,99.82399240574185,0.0,0.0,0.0,-7.0,-2.0,-8.0,0.0,0.0,0.0,3.0,0.0,0.0,0.0,0.0,-6.99776635,-2.00188534,-7.96777419,0.0,0.0,0.0,3.0088833,-0.00094768,-0.00115578,0.0,0.0,0.00223365,-0.00188534,0.03222581,0.0,0.0,0.0,0.0088833,-0.00094768,-0.00115578
GN,normal,3,36,324,G0,run255_u0065007.log,0.042820939999999995,25,414302.569598,0.776088,99.9998126760351,14.01618,0.002213446,99.98420792255806,0.0,0.0,0.0,-10.0,5.0,-19.0,0.0,0.0,0.0,10.0,0.0,0.0,0.0,0.0,-10.00211425,4.99914143,-18.96397863,0.0,0.0,0.0,9.99960489,0.00071391,-0.00271773,0.0,0.0,-0.00211425,-0.00085857,0.03602137,0.0,0.0,0.0,-0.00039511,0.00071391,-0.00271773
GN,normal,3,36,324,G1,run256_u0065022.log,0.019571909999999998,25,321849.765848,0.925384,99.9997124795174,10.30028,0.00188627,99.9816871968529,0.0,0.0,0.0,-6.0,-6.0,-12.0,0.0,0.0,0.0,5.0,0.0,0.0,0.0,0.0,-5.99972989,-6.00027198,-11.98390856,0.0,0.0,0.0,4.99875571,0.00028191,-0.00141218,0.0,0.0,0.00027011,-0.00027198,0.01609144,0.0,0.0,0.0,-0.00124429,0.00028191,-0.00141218
GN,normal,3,36,324,G2,run257_u0065034.log,0.09784553,27,1689746.488003,1.276522,99.99992445482152,18.63431,0.01940969,99.89583896586458,0.0,0.0,0.0,-15.0,-12.0,-22.0,0.0,0.0,0.0,15.0,0.0,0.0,0.0,0.0,-14.99908765,-12.005385,-21.92295629,0.0,0.0,0.0,15.01312873,0.00093842,-0.00043732,0.0,0.0,0.00091235,-0.005385,0.07704371,0.0,0.0,0.0,0.01312873,0.00093842,-0.00043732
GN,normal,3,36,324,G3,run258_u0065064.log,0.12670478000000002,25,2303410.945835,1.695102,99.99992640904988,20.80257,0.02429963,99.88318928863114,0.0,0.0,0.0,-18.0,-8.0,-25.0,0.0,0.0,0.0,25.0,0.0,0.0,0.0,0.0,-18.00065154,-8.00700601,-24.89381975,0.0,0.0,0.0,25.00928386,-0.0007802,0.00280292,0.0,0.0,-0.00065154,-0.00700601,0.10618025,0.0,0.0,0.0,0.00928386,-0.0007802,0.00280292
GN,normal,3,36,324,G4,run259_u0065009.log,0.05705396,21,190421.283599,0.900612,99.9995270423647,6.307053,0.01074071,99.82970319101489,0.0,0.0,0.0,-7.0,-2.0,-8.0,0.0,0.0,0.0,3.0,0.0,0.0,0.0,0.0,-7.00005782,-2.00185635,-7.95551148,0.0,0.0,0.0,3.00959653,0.00029677,-0.00075797,0.0,0.0,-5.782e-05,-0.00185635,0.04448852,0.0,0.0,0.0,0.00959653,0.00029677,-0.00075797
GN,normal,3,60,540,G0,run260_u0065080.log,0.0667046,26,690661.516275,1.403311,99.99979681639024,11.59866,0.005551822,99.9521339361616,0.0,0.0,0.0,-10.0,5.0,-19.0,0.0,0.0,0.0,10.0,0.0,0.0,0.0,0.0,-9.999751,4.99771877,-18.94348069,0.0,0.0,0.0,10.00575125,-0.00166868,-0.00023513,0.0,0.0,0.000249,-0.00228123,0.05651931,0.0,0.0,0.0,0.00575125,-0.00166868,-0.00023513
GN,normal,3,60,540,G1,run261_u0065004.log,0.01442646,24,536660.103161,1.632335,99.99969583447877,8.374095,0.004701095,99.94386145607376,0.0,0.0,0.0,-6.0,-6.0,-12.0,0.0,0.0,0.0,5.0,0.0,0.0,0.0,0.0,-5.99988102,-6.00020518,-11.98993418,0.0,0.0,0.0,5.00243327,-0.0001784,0.00142481,0.0,0.0,0.00011898,-0.00020518,0.01006582,0.0,0.0,0.0,0.00243327,-0.0001784,0.00142481
GN,normal,3,60,540,G2,run262_u0065007.log,0.10515982,22,2815813.749663,2.017942,99.99992833538795,19.16234,0.001122963,99.99413973971863,0.0,0.0,0.0,-15.0,-12.0,-22.0,0.0,0.0,0.0,15.0,0.0,0.0,0.0,0.0,-14.99801839,-12.00322681,-21.91058988,0.0,0.0,0.0,15.00880894,0.00125487,0.00047747,0.0,0.0,0.00198161,-0.00322681,0.08941012,0.0,0.0,0.0,0.00880894,0.00125487,0.00047747
GN,normal,3,60,540,G3,run263_u0065022.log,0.03313697,31,3839482.185979,2.55546,99.9999334425874,19.8525,0.003569899,99.98201788691601,0.0,0.0,0.0,-18.0,-8.0,-25.0,0.0,0.0,0.0,25.0,0.0,0.0,0.0,0.0,-18.00016111,-8.00185016,-24.97846681,0.0,0.0,0.0,25.00784478,0.00145346,0.00029427,0.0,0.0,-0.00016111,-0.00185016,0.02153319,0.0,0.0,0.0,0.00784478,0.00145346,0.00029427
GN,normal,3,60,540,G4,run264_u0065034.log,0.0107912,25,317470.927179,1.754103,99.99944747602069,5.892977,0.004959344,99.91584314685089,0.0,0.0,0.0,-7.0,-2.0,-8.0,0.0,0.0,0.0,3.0,0.0,0.0,0.0,0.0,-7.00173307,-2.00053892,-7.99482579,0.0,0.0,0.0,3.0009759,0.00035737,0.00201173,0.0,0.0,-0.00173307,-0.00053892,0.00517421,0.0,0.0,0.0,0.0009759,0.00035737,0.00201173
GN,normal,3,90,810,G0,run265_u0065064.log,0.02527969,28,1035855.81748,2.233336,99.99978439702106,11.58747,0.0005105839,99.9955936550429,0.0,0.0,0.0,-10.0,5.0,-19.0,0.0,0.0,0.0,10.0,0.0,0.0,0.0,0.0,-9.99933081,4.99852604,-18.98325747,0.0,0.0,0.0,10.00477186,0.00024754,-0.00137461,0.0,0.0,0.00066919,-0.00147396,0.01674253,0.0,0.0,0.0,0.00477186,0.00024754,-0.00137461
GN,normal,3,90,810,G1,run266_u0065009.log,0.028348750000000002,25,804878.063748,2.32595,99.99971101833872,10.24461,0.0008290494,99.99190745767775,0.0,0.0,0.0,-6.0,-6.0,-12.0,0.0,0.0,0.0,5.0,0.0,0.0,0.0,0.0,-6.00061203,-6.00069821,-11.9810371,0.0,0.0,0.0,5.00647706,0.00079062,0.00080793,0.0,0.0,-0.00061203,-0.00069821,0.0189629,0.0,0.0,0.0,0.00647706,0.00079062,0.00080793
GN,normal,3,90,810,G2,run004_u0065031.log,0.05529338,29,4223820.18629,2.925659,99.99993073429098,20.88724,0.003357521,99.98392549231014,0.0,0.0,0.0,-15.0,-12.0,-22.0,0.0,0.0,0.0,15.0,0.0,0.0,0.0,0.0,-14.99935365,-12.0032897,-21.95300761,0.0,0.0,0.0,15.00398992,4.838e-05,0.00032664,0.0,0.0,0.00064635,-0.0032897,0.04699239,0.0,0.0,0.0,0.00398992,4.838e-05,0.00032664
GN,normal,3,90,810,G3,run268_u0065080.log,0.04272526,33,5758595.165654,3.84471,99.99993323527895,22.8184,0.001087882,99.9952324352277,0.0,0.0,0.0,-18.0,-8.0,-25.0,0.0,0.0,0.0,25.0,0.0,0.0,0.0,0.0,-18.00028596,-8.00146352,-24.96606403,0.0,0.0,0.0,25.00585364,0.0008052,0.00038097,0.0,0.0,-0.00028596,-0.00146352,0.03393597,0.0,0.0,0.0,0.00585364,0.0008052,0.00038097
GN,normal,3,90,810,G4,run269_u0065004.log,0.03629654,23,476203.260511,2.240256,99.99952955886997,5.765527,0.001466215,99.97456928048382,0.0,0.0,0.0,-7.0,-2.0,-8.0,0.0,0.0,0.0,3.0,0.0,0.0,0.0,0.0,-7.00171153,-2.00131929,-7.96905775,0.0,0.0,0.0,3.00144724,0.00022046,0.00065577,0.0,0.0,-0.00171153,-0.00131929,0.03094225,0.0,0.0,0.0,0.00144724,0.00022046,0.00065577
GN,normal,3,180,1620,G0,run270_u0065007.log,0.04272277,25,2071698.437593,4.46164,99.99978463854009,11.46784,0.007667544,99.93313872533973,0.0,0.0,0.0,-10.0,5.0,-19.0,0.0,0.0,0.0,10.0,0.0,0.0,0.0,0.0,-10.00055319,4.99823482,-18.96576054,0.0,0.0,0.0,10.00482115,-0.00047675,-0.00086704,0.0,0.0,-0.00055319,-0.00176518,0.03423946,0.0,0.0,0.0,0.00482115,-0.00047675,-0.00086704
GN,normal,3,180,1620,G1,run271_u0065034.log,0.03050429,22,1609672.161651,4.984742,99.99969032563781,9.657501,0.005048782,99.94772165180207,0.0,0.0,0.0,-6.0,-6.0,-12.0,0.0,0.0,0.0,5.0,0.0,0.0,0.0,0.0,-5.99997352,-6.00099082,-11.97609937,0.0,0.0,0.0,5.00533705,0.0001061,0.00014321,0.0,0.0,2.648e-05,-0.00099082,0.02390063,0.0,0.0,0.0,0.00533705,0.0001061,0.00014321
GN,normal,3,180,1620,G2,run272_u0065022.log,0.0617316,26,8447461.1455,5.978126,99.99992923168396,19.64084,0.001228926,99.99374300691824,0.0,0.0,0.0,-15.0,-12.0,-22.0,0.0,0.0,0.0,15.0,0.0,0.0,0.0,0.0,-14.99929496,-12.0035268,-21.94994814,0.0,0.0,0.0,15.00690313,-1.274e-05,0.00053203,0.0,0.0,0.00070504,-0.0035268,0.05005186,0.0,0.0,0.0,0.00690313,-1.274e-05,0.00053203
GN,normal,3,180,1620,G3,run273_u0065064.log,0.04832544,30,11517278.11536,7.328028,99.99993637361251,21.57375,0.007630466,99.96463078509764,0.0,0.0,0.0,-18.0,-8.0,-25.0,0.0,0.0,0.0,25.0,0.0,0.0,0.0,0.0,-17.9998249,-8.0025172,-24.96284646,0.0,0.0,0.0,25.00686606,0.00126049,0.00035305,0.0,0.0,0.0001751,-0.0025172,0.03715354,0.0,0.0,0.0,0.00686606,0.00126049,0.00035305
GN,normal,3,180,1620,G4,run274_u0065009.log,0.03234359,23,952297.285684,4.741768,99.9995020706169,5.850906,0.002906137,99.9503301369053,0.0,0.0,0.0,-7.0,-2.0,-8.0,0.0,0.0,0.0,3.0,0.0,0.0,0.0,0.0,-7.00109653,-2.00115942,-7.97414691,0.0,0.0,0.0,3.00232345,0.00084707,0.00106403,0.0,0.0,-0.00109653,-0.00115942,0.02585309,0.0,0.0,0.0,0.00232345,0.00084707,0.00106403
GN,normal,3,360,3240,G0,run275_u0065004.log,0.02990859,27,4143042.042093,8.714201,99.9997896666046,11.02734,0.001469195,99.98667679603602,0.0,0.0,0.0,-10.0,5.0,-19.0,0.0,0.0,0.0,10.0,0.0,0.0,0.0,0.0,-10.00032166,4.99854311,-18.97741084,0.0,0.0,0.0,10.0045685,-0.00021507,-0.00075731,0.0,0.0,-0.00032166,-0.00145689,0.02258916,0.0,0.0,0.0,0.0045685,-0.00021507,-0.00075731
GN,normal,3,360,3240,G1,run276_u0065080.log,0.01694387,23,3219520.502745,9.868423,99.99969348159169,9.048435,0.007113889,99.92137989608148,0.0,0.0,0.0,-6.0,-6.0,-12.0,0.0,0.0,0.0,5.0,0.0,0.0,0.0,0.0,-6.00023626,-6.00028639,-11.98876255,0.0,0.0,0.0,5.00483497,9.679e-05,0.00025201,0.0,0.0,-0.00023626,-0.00028639,0.01123745,0.0,0.0,0.0,0.00483497,9.679e-05,0.00025201
GN,normal,3,360,3240,G2,run277_u0065007.log,0.06212022,25,16894784.363304,11.77672,99.9999302937537,18.37457,0.001129816,99.99385119760626,0.0,0.0,0.0,-15.0,-12.0,-22.0,0.0,0.0,0.0,15.0,0.0,0.0,0.0,0.0,-14.99961542,-12.00369882,-21.9488679,0.0,0.0,0.0,15.00637567,4.564e-05,0.00048341,0.0,0.0,0.00038458,-0.00369882,0.0511321,0.0,0.0,0.0,0.00637567,4.564e-05,0.00048341
GN,normal,3,360,3240,G3,run005_u0065034.log,0.03918403,31,23035440.79188,14.746626,99.99993598287902,21.66076,0.0004145336,99.99808624628129,0.0,0.0,0.0,-18.0,-8.0,-25.0,0.0,0.0,0.0,25.0,0.0,0.0,0.0,0.0,-18.00016696,-8.00174023,-24.97034714,0.0,0.0,0.0,25.00711029,0.00031921,0.00019448,0.0,0.0,-0.00016696,-0.00174023,0.02965286,0.0,0.0,0.0,0.00711029,0.00031921,0.00019448
GN,normal,3,360,3240,G4,run279_u0065046.log,0.015829779999999998,29,1904532.95258,9.522707,99.9994999977823,5.95372,0.0008437504,99.98582818137233,0.0,0.0,0.0,-7.0,-2.0,-8.0,0.0,0.0,0.0,3.0,0.0,0.0,0.0,0.0,-7.0003501,-2.00053678,-7.9888741,0.0,0.0,0.0,3.00262359,0.00034516,0.00084825,0.0,0.0,-0.0003501,-0.00053678,0.0111259,0.0,0.0,0.0,0.00262359,0.00034516,0.00084825
